edition,page,hit_type,context
AJCC7,7,stage_group,judicious addition of nonanatomic factors to the classiﬁ cations that modiﬁ ed stage groups. This shift away from purely anatomic information has been extended in the current edition. Relevant markers that are of such importance that they are required for clini- cians to make clear treatment dec
AJCC7,13,stage_group,"League of Nations Health Organiza- tion (1929), the International Commission on Stage Group- ing and Presentation of Results (ICPR) of the International Congress of Radiology (1953), and the International Union Against Cancer (UICC). The latter organization became most active in the ﬁ eld through"
AJCC7,14,stage_group,"the AJCC and the UICC has resulted in uniform and identical deﬁ ni- tions and stage groupings of cancers for all anatomic sites so that a universal system is now available. This worldwide system was espoused by Robert V. P. Hutter, M.D., in his Presidential Address at the combined meeting of th"
AJCC7,19,stage_group,"the revised AJCC staging algorithms, nonanatomic factors are incorporated into stage grouping where needed. This practice started in a limited fashion in prior editions. However, anatomic extent of disease remains central to deﬁ ning cancer prognosis. Most proposed nonanatomic prognostic factor"
AJCC7,19,definitions_tnm,"ntrol (UICC). The TNM system classiﬁ es cancers by the size and extent of the primary tumor (T), involvement of regional lymph node (N), and the presence or absence of distant metasta- ses (M), supplemented in recent years by carefully selected nonanatomic prognostic factors. There is a TNM stag"
AJCC7,20,stage_group,"iteria are used in place of T, N, and M, and in the case of lymphoma only the stage group is deﬁ ned. The general rules for deﬁ ning elements of staging are presented later, and the speciﬁ cs for each type of disease are in the respective chapters. Beginning with the sixth edition of the AJCC"
AJCC7,21,stage_group,"of patients with a similar prognosis, T, N, and M are grouped into so-called anatomic stage/prognostic groups , commonly referred to as stage groups. Groups are classiﬁ ed by Roman numerals from I to IV with increasing severity of disease. Stage I generally denotes cancers that are smaller or"
AJCC7,22,stage_group,"two types of site-speciﬁ c factors: those that are required for deriving the “Anatomic Stage/Prognos- tic Group” (e.g., Gleason’s Score in prostate cancer) and those that are key prognostic or predictive factors for a given disease (e.g., estrogen receptor and HER2/neu status in breast cancer)."
AJCC7,23,definitions_tnm,"p, r, or a may be applied to denote the classification of stage (see later): Primary Tumor (T) T0 No evidence of primary tumor Tis Carcinoma in situ T1, T2, T3, T4 Increasing size and/or local extension of the primary tumor TX Primary tumor cannot be assessed (use of TX should be minimized) Reg"
AJCC7,24,stage_group,"ng. In some cancer types, nonanatomic factors are required for assigning the anatomic stage/prognostic group. These are clearly deﬁ ned in each chapter. These factors are collected separately from T, N, and M, which remain purely anatomic, and are used to assign stage groups. Where nonan- atom"
AJCC7,25,stage_group,"clinical situations where it is unclear if the lymph nodes are N2 or N1), or anatomic stage/prognostic group, default to the lower (lesser) of the two categories in the uncertain range. 6. Nonanatomic factor not available: If a nonanatomic factor required for grouping is not available, the"
AJCC7,27,stage_group,"te the uncertain prognostic signiﬁ cance of these ﬁ ndings and to classify the stage group according to the T and N and M0. Pathologic staging depends on the proven anatomic extent of disease, whether or not the primary lesion has been com- pletely removed. If a primary tumor cannot be technica"
AJCC7,28,stage_group,"inical and pathologic information obtained at the time of death and autopsy. Stage Groupings. Cases of cancers with similar prognosis are grouped based on the assigned cT, cN, and cM and/or pT, pN and c/pM categories, and disease-speciﬁ c groups of T, N, and M are deﬁ ned. In select disease"
AJCC7,30,stage_group,"e speciﬁ c deﬁ nitions of T, N, M, site-speciﬁ c factors, and ana- tomic stage/prognostic groups (Table 1.10 ). Cancer Staging Data Form. Each site chapter includes a staging data form that may be used by providers and reg- istrars to record the TNM classiﬁ cations and the stage of the cance"
AJCC7,37,definitions_tnm,"may be utilized and, in advanced tumor stages, have added to the accuracy of primary tumor (T) and nodal (N) staging, especially in the nasopharyngeal and paranasal sinuses, primary sites, and regional lymph nodes. Endoscopic evalu- ation of the primary tumor, when appropriate, is desirable for"
AJCC7,37,chapter_summary,Head and Neck 21 PART II Head and Neck General Rules SUMMARY OF CHANGES ● The terms “resectable” and “unresectable” are replaced with “moderately advanced” and “very advanced” ● No major changes have been made in the N staging for any sites except that a descriptor
AJCC7,38,stage_group,"In reviewing the staging systems, no major changes in the T classiﬁ cations or stage groupings are made, since they reﬂ ect current practices of treatment, clini- cal relevance, and contemporary data. Uniform T classiﬁ cation for oral cavity, oropharynx, and salivary and thyroid cancers has greatl"
AJCC7,45,stage_group,"advanced local/regional disease), and Stage IVC (distant metastatic disease) ANATOMIC STAGE/PROGNOSTIC GROUPS Stage 0 Tis N0 M0 Stage I T1 N0 M0 Stage II T2 N0 M0 Stage III T3 N0 M0 T1 N1 M0 T2 N1 M0 T3 N1 M0 Stage IVA T4a N0 M0"
AJCC7,45,chapter_summary,"a of the lip and oral cavity is not included in this chapter – see Chap. 9.) At-A-Glance SUMMARY OF CHANGES ● T4 lesions have been divided into T4a (moderately advanced local disease) and T4b (very advanced local disease), leading to the stratiﬁ cation of Stage IV into Stage IVA (moderately"
AJCC7,49,stage_group,ension Distant Metastasis (M) M0 No distant metastasis M1 Distant metastasis ANATOMIC STAGE/PROGNOSTIC GROUPS Stage 0 Tis N0 M0 Stage I T1 N0 M0 Stage II T2 N0 M0 Stage III T3 N0 M0 T1 N1 M0 T2 N1 M0 T3 N1 M0 Stage IVA T4a N0 M0 T4a N1
AJCC7,49,definitions_tnm,Lip and Oral Cavity 33 3 DEFINITIONS OF TNM Primary Tumor (T) TX Primary tumor cannot be assessed T0 No evidence of primary tumor Tis Carcinoma in situ T1 Tumor 2 cm or less in greatest dimension T2 Tumor more than 2 cm but not more than 4 cm
AJCC7,50,stage_group,34 American Joint Committee on Cancer • 2010 ANATOMIC STAGE/PROGNOSTIC GROUPS (CONTINUED) Stage IVB Any T N3 M0 T4b Any N M0 Stage IVC Any T Any N M1 PROGNOSTIC FACTORS (SITE-SPECIFIC FACTORS) (Recommended for Collection) Required for stag
AJCC7,53,stage_group,ASTASIS (M) No distant metastasis (no pathologic M0; use clinical M to complete stage group) Distant metastasis y clinical– staging completed after neoadjuvant therapy but before subsequent surgery y pathologic – staging completed after neoadjuvant therapy AND subsequent surgery CLINICAL Exten
AJCC7,53,definitions_tnm,Lip and Oral Cavity 37 PRIMARY TUMOR (T) Primary tumor cannot be assessed No evidence of primary tumor Carcinoma in situ Tumor 2 cm or less in greatest dimension Tumor more than 2 cm but not more than 4 cm in greatest dimension Tumor more than
AJCC7,54,stage_group,"ffix and ""y,"" ""r,"" and ""a"" prefixes are used. Although they do not affect the stage grouping, they indicate cases needing separate analysis. m suffix indicates the presence of multiple primary tumors in a single site and is recorded in parentheses: pT(m)NM. y prefix indicates those cases in w"
AJCC7,57,stage_group,"advanced local/regional disease), and Stage IVC (distant metastatic disease) ANATOMIC STAGE/PROGNOSTIC GROUPS Nasopharynx Stage 0 Tis N0 M0 Stage I T1 N0 M0 Stage II T1 N1 M0 T2 N0 M0 T2 N1 M0 Stage III T1 N2 M0 T2 N2 M0 T3 N0 M0"
AJCC7,57,chapter_summary,". Staging of mucosal melanoma of the pharynx is not included – see Chap. 9.) At-A-Glance SUMMARY OF CHANGES ● For nasopharynx, T2a lesions will now be designated T1. Stage IIA will therefore be Stage I. Lesions previously staged T2b will be T2 and therefore Stage IIB will now be designated"
AJCC7,58,stage_group,"and neck depicting the subdivisions of the pharynx as described in the text. ANATOMIC STAGE/PROGNOSTIC GROUPS (CONTINUED) Oropharynx, hypopharynx Stage 0 Tis N0 M0 Stage I T1 N0 M0 Stage II T2 N0 M0 Stage III T3 N0 M0 T1 N1 M0 T2 N1 M0 T3 N1"
AJCC7,60,definitions_tnm,"nd neck sites is staged using a uniform classiﬁ cation discussed in Chap. 9. DEFINITIONS OF TNM Primary Tumor (T) TX Primary tumor cannot be assessed T0 No evidence of primary tumor Tis Carcinoma in situ Nasopharynx T1 Tumor conﬁ ned to the nasopharynx, or tumor extends to oropharynx and/or nas"
AJCC7,62,stage_group,46 American Joint Committee on Cancer • 2010 ANATOMIC STAGE/PROGNOSTIC GROUPS Nasopharynx Stage 0 Tis N0 M0 Stage I T1 N0 M0 Stage II T1 N1 M0 T2 N0 M0 T2 N1 M0 Stage III T1 N2 M0 T2 N2 M0 T3 N0 M0 T3 N1
AJCC7,67,definitions_tnm,"AND subsequent surgery TX T0 Tis T1 T2 T3 T4 T1 T2 T3 T4a T4b T1 T2 T3 T4a T4b PRIMARY TUMOR (T) TX Primary tumor cannot be assessed T0 No evidence of primary tumor Tis Carcinoma in situ Nasopharynx Tumor confined to the nasopharynx, or extends to oropharynx and/or nasal cavity without paraph"
AJCC7,68,stage_group,"STASIS (M) No distant metastasis (no pathologic M0; use clinical M to complete stage group) Distant metastasis M1 P HARYNX S TAGING F ORM HOSPITAL NAME/ADDRESS PATIENT NAME/ INFORMATION N2 N3 N3a N3b (continued from previous page) In order to view this proof accurately, the Overprint Preview Optio"
AJCC7,70,stage_group,"uffix and ""y,"" ""r,"" and ""a"" prefixes are used. Although they do not affect the stage grouping, they indicate cases needing separate analysis. m suffix indicates the presence of multiple primary tumors in a single site and is recorded in parentheses: pT(m)NM. y prefix indicates those cases in w"
AJCC7,73,stage_group,up of the plane passing through the inferior edge of the cricoid cartilage. ANATOMIC STAGE/PROGNOSTIC GROUPS Stage 0 Tis N0 M0 Stage I T1 N0 M0 Stage II T2 N0 M0 Stage III T3 N0 M0 T1 N1 M0 T2 N1 M0 T3 N1 M0 Stage IVA T4a N0 M0
AJCC7,73,chapter_summary,"those of lymphoid tissue, soft tissue, bone, and cartilage are not included) At-A-Glance SUMMARY OF CHANGES ● T4 lesions have been divided into T4a (moderately advanced local disease) and T4b (very advanced local disease), leading to the stratiﬁ cation of Stage IV into Stage IVA (moderately"
AJCC7,75,definitions_tnm,nd neck sites is staged using a uniform classiﬁ cation discussed in Chap. 9. DEFINITIONS OF TNM Primary Tumor (T) TX Primary tumor cannot be assessed T0 No evidence of primary tumor Tis Carcinoma in situ Supraglottis T1 Tumor limited to one subsite of supraglottis with normal vocal cord mobilit
AJCC7,76,stage_group,r • 2010 Distant Metastasis (M) M0 No distant metastasis M1 Distant metastasis ANATOMIC STAGE/PROGNOSTIC GROUPS Stage 0 Tis N0 M0 Stage I T1 N0 M0 Stage II T2 N0 M0 Stage III T3 N0 M0 T1 N1 M0 T2 N1 M0 T3 N1 M0 Stage IVA T4a N0 M0 T4a N1
AJCC7,79,definitions_tnm,nt surgery TX T0 Tis T1 T2 T3 T4a T4b T1 T1a T1b T2 T3 T4a T4b T1 T2 T3 T4a T4b PRIMARY TUMOR (T) Primary tumor cannot be assessed No evidence of primary tumor Carcinoma in situ Supraglottis Tumor limited to one subsite of supraglottis with normal vocal cord mobility Tumor invades mucosa of more t
AJCC7,80,stage_group,STASIS (M) No distant metastasis (no pathologic M0; use clinical M to complete stage group) Distant metastasis M1 CLINICAL GROUP T N M 0 Tis N0 M0 I T1 N0 M0 II T2 N0 M0 III T3 N0 M0 T1 N1 M0 T2 N1 M0 T3 N1 M0 IVA T4a N0 M0 T4a N1 M0 T1 N2 M0 T2 N2 M0 T3 N2 M0 T4a N2 M0 IVB T4b Any N M0 Any T
AJCC7,81,stage_group,"ffix and ""y,"" ""r,"" and ""a"" prefixes are used. Although they do not affect the stage grouping, they indicate cases needing separate analysis. m suffix indicates the presence of multiple primary tumors in a single site and is recorded in parentheses: pT(m)NM. y prefix indicates those cases in w"
AJCC7,85,stage_group,"advanced local/regional disease), and Stage IVC (distant metastatic disease) ANATOMIC STAGE/PROGNOSTIC GROUPS Stage 0 Tis N0 M0 Stage I T1 N0 M0 Stage II T2 N0 M0 Stage III T3 N0 M0 T1 N1 M0 T2 N1 M0 T3 N1 M0 Stage IVA T4a N0 M0"
AJCC7,85,chapter_summary,"cavity and paranasal sinuses is not included in this chapter – see Chap. 9.) At-A-Glance SUMMARY OF CHANGES ● T4 lesions have been divided into T4a (moderately advanced local disease) and T4b (very advanced local disease), leading to the stratiﬁ cation of Stage IV into Stage IVA (moderatel"
AJCC7,87,definitions_tnm,eck sites is staged using a uniform classiﬁ cation as discussed in Chap. 9. DEFINITIONS OF TNM Primary Tumor (T) TX Primary tumor cannot be assessed T0 No evidence of primary tumor Tis Carcinoma in situ Maxillary Sinus T1 Tumor limited to maxillary sinus mucosa with no erosion or destruction o
AJCC7,88,stage_group,imension Distant Metastasis (M) M0 No distant metastasis M1 Distant metastasis ANATOMIC STAGE/PROGNOSTIC GROUPS Stage 0 Tis N0 M0 Stage I T1 N0 M0 Stage II T2 N0 M0 Stage III T3 N0 M0 T1 N1 M0 T2 N1 M0 T3 N1 M0 Stage IVA T4a N0 M0 T4a N1
AJCC7,88,definitions_tnm,"72 American Joint Committee on Cancer • 2010 Primary Tumor (T) (continued) T4b Very advanced local disease Tumor invades any of the following: orbital apex, dura, brain, middle cranial fossa, cranial nerves other than maxillary division of trigeminal nerve (V2),"
AJCC7,91,definitions_tnm,ant therapy AND subsequent surgery TX T0 Tis T1 T2 T3 T4a T4b T1 T2 T3 T4a T4b PRIMARY TUMOR (T) Primary tumor cannot be assessed No evidence of primary tumor Tis Carcinoma in situ Maxillary Sinus Tumor limited to maxillary sinus mucosa with no erosion or destruction of bone Tumor causing bone eros
AJCC7,92,stage_group,ASTASIS (M) No distant metastasis (no pathologic M0; use clinical M to complete stage group) Distant metastasis M1 CLINICAL GROUP T N M 0 Tis N0 M0 I T1 N0 M0 II T2 N0 M0 III T3 N0 M0 T1 N1 M0 T2 N1 M0 T3 N1 M0 IVA T4a N0 M0 T4a N1 M0 T1 N2 M0 T2 N2 M0 T3 N2 M0 T4a N2 M0 IVB T4b Any N M0 Any T
AJCC7,95,stage_group,"advanced local/regional disease), and Stage IVC (distant metastatic disease) ANATOMIC STAGE/PROGNOSTIC GROUPS Stage I T1 N0 M0 Stage II T2 N0 M0 Stage III T3 N0 M0 T1 N1 M0 T2 N1 M0 T3 N1 M0 Stage IVA T4a N0 M0 T4a N1 M0 T1 N2"
AJCC7,95,chapter_summary,"s 79 7 7 Major Salivary Glands (Parotid, submandibular, and sublingual) At-A-Glance SUMMAR Y OF CHANGES ● T4 lesions have been divided into T4a (moderately advanced local disease) and T4b (very advanced local disease), leading to the stratiﬁ cation of Stage IV into Stage IVA (moderatel"
AJCC7,96,stage_group,imension Distant Metastasis (M) M0 No distant metastasis M1 Distant metastasis ANATOMIC STAGE/PROGNOSTIC GROUPS Stage I T1 N0 M0 Stage II T2 N0 M0 Stage III T3 N0 M0 T1 N1 M0 T2 N1 M0 T3 N1 M0 Stage IVA T4a N0 M0 T4a N1 M0 T1 N2 M0 T2
AJCC7,96,definitions_tnm,thologic clas- siﬁ cation to those patients who have resection of the cancer. DEFINITIONS OF TNM Primary Tumor (T) TX Primary tumor cannot be assessed T0 No evidence of primary tumor T1 Tumor 2 cm or less in greatest dimension without extraparenchymal extension* T2 Tumor more than 2 cm but not m
AJCC7,99,stage_group,ASTASIS (M) No distant metastasis (no pathologic M0; use clinical M to complete stage group) Distant metastasis M1 STAGE CATEGORY DEFINITIONS CLINICAL Extent of disease before any treatment PATHOLOGIC Extent of disease through completion of definitive surgery M AJOR S ALIVARY G LANDS S TAGING F ORM
AJCC7,99,definitions_tnm,mpleted after neoadjuvant therapy AND subsequent surgery TX T0 T1 T2 T3 T4a T4b PRIMARY TUMOR (T) Primary tumor cannot be assessed No evidence of primary tumor Tumor 2 cm or less in greatest dimension without extraparenchymal extension* Tumor more than 2 cm but not more than 4 cm in greatest dimens
AJCC7,100,stage_group,"ffix and ""y,"" ""r,"" and ""a"" prefixes are used. Although they do not affect the stage grouping, they indicate cases needing separate analysis. m suffix indicates the presence of multiple primary tumors in a single site and is recorded in parentheses: pT(m)NM. y prefix indicates those cases in w"
AJCC7,103,stage_group,"d “unresectable” are replaced with “moderately advanced” and “very advanced” ANATOMIC STAGE/PROGNOSTIC GROUPS Separate stage groupings are recommended for papillary or follicular (differentiated), medullary, and anaplastic (undifferentiated) carcinoma Papillary or follicular (differentiat"
AJCC7,103,chapter_summary,Thyroid 87 8 8 Thyroid At-A-Glance SUMMARY OF CHANGES ● Tumor staging (T1) has been subdivided into T1a ( ≤ 1 cm) and T1b (  1–2 cm) limited to thyroid ● The descriptors to subdivide T categories have been changed to solitary tumor (s
AJCC7,104,stage_group,the tumor. Further information for clinical staging may be obtained by biopsy ANATOMIC STAGE/PROGNOSTIC GROUPS (CONTINUED) Stage IVA T4a N0 M0 T4a N1a M0 T1 N1b M0 T2 N1b M0 T3 N1b M0 T4a N1b M0 Stage IVB T4b Any N M0 Stage IVC Any T Any
AJCC7,105,stage_group,"l VII) Distant Metastasis (M) M0 No distant metastasis M1 Distant metastasis ANATOMIC STAGE/PROGNOSTIC GROUPS Separate stage groupings are recommended for papillary or follicular (differentiated), medullary, and anaplastic (undifferentiated) carcinoma Papillary or follicular (differentiated"
AJCC7,105,definitions_tnm,eon’s descrip- tion of gross unresected residual tumor must also be included. DEFINITIONS OF TNM Primary Tumor (T) Note: All categories may be subdivided: (s) solitary tumor and (m) multifocal tumor (the largest determines the classiﬁ cation). TX Primary tumor cannot be assessed T0 No evidence o
AJCC7,109,stage_group,ASTASIS (M) No distant metastasis (no pathologic M0; use clinical M to complete stage group) Distant metastasis M1 STAGE CATEGORY DEFINITIONS CLINICAL Extent of disease before any treatment PATHOLOGIC Extent of disease through completion of definitive surgery T HYROID S TAGING F ORM left right
AJCC7,109,definitions_tnm,adjuvant therapy AND subsequent surgery TX T0 T1 T1a T1b T2 T3 T4a T4b T4a T4b PRIMARY TUMOR (T) All categories may be subdivided: (s) solitary tumor and (m) multifocal tumor (the largest determines the classification). Primary tumor cannot be assessed No evidence of primary tumor Tumor 2 cm or le
AJCC7,110,stage_group,"94 American Joint Committee on Cancer • 2010 CLINICAL Separate stage groupings are recommended for papillary or follicular (differentiated), medullary, and anaplastic (undifferentiated) carcinoma. Papillary or Follicular (Differentiated) UNDER 45 YEARS GROUP T N M I Any T Any N"
AJCC7,111,stage_group,"ffix and ""y,"" ""r,"" and ""a"" prefixes are used. Although they do not affect the stage grouping, they indicate cases needing separate analysis. m suffix indicates the presence of multiple primary tumors in a single site and is recorded in parentheses: pT(m)NM. y prefix indicates those cases in w"
AJCC7,113,stage_group,Y OF CHANG ES ● This is a new chapter for classiﬁ cation of this rare tumor ANATOMIC STAGE/PROGNOSTIC GROUPS Stage III T3 N0 M0 Stage IVA T4a N0 M0 T3–T4a N1 M0 Stage IVB T4b Any N M0 Stage IVC Any T Any N M1 ICD-O-3 TOPOGRAPHY CODES For a complete de
AJCC7,113,chapter_summary,elanoma of the Head and Neck 97 9 9 Mucosal Melanoma of the Head and Neck At-A-Glance SUMMARY OF CHANG ES ● This is a new chapter for classiﬁ cation of this rare tumor ANATOMIC STAGE/PROGNOSTIC GROUPS Stage III T3 N0 M0 Stage IVA T4a N0 M0 T3–T4a N1 M0 Stage IVB
AJCC7,114,stage_group,sent Distant Metastasis M0 No distant metastasis M1 Distant metastasis present ANATOMIC STAGE/PROGNOSTIC GROUPS Stage III T3 N0 M0 Stage IVA T4a N0 M0 T3–T4a N1 M0 Stage IVB T4b Any N M0 Stage IVC Any T Any N M1 PROGNOSTIC FACTORS (SITE-SPECIFIC FACTORS) (Rec
AJCC7,114,definitions_tnm,"priate anatomic site chapter based on the loca- tion of the mucosal melanoma. DEFINITIONS OF TNM Primary Tumor T3 Mucosal disease T4a Moderately advanced disease Tumor involving deep soft tissue, cartilage, bone, or overlying skin T4b Very advanced disease Tumor involving brain, dura, skull base"
AJCC7,115,stage_group,ASTASIS (M) No distant metastasis (no pathologic M0; use clinical M to complete stage group) Distant metastasis M1 CLINICAL GROUP T N M III T3 N0 M0 IVA T4a N0 M0 T3-T4a N1 M0 IVB T4b Any N M0 IVC Any T Any N M1 PATHOLOGIC GROUP T N M III T3 N0 M0 IVA T4a N0 M0 T3-T4a N1 M0 IVB T4b Any N M0 IVC An
AJCC7,115,definitions_tnm,"staging completed after neoadjuvant therapy AND subsequent surgery T3 T4a T4b PRIMARY TUMOR (T) Mucosal disease Moderately advanced disease Tumor involving deep soft tissue, cartilage, bone, or overlying skin. Very advanced disease Tumor involving brain, dura, skull base, lower cranial nerves (I"
AJCC7,119,stage_group,"of regional lymph nodes containing metastasis ● M is redeﬁ ned ● Separate stage groupings for squamous cell carcinoma and adenocarcinoma ● Stage groupings are reassigned using T, N, M, and G classiﬁ cations ANATOMIC STAGE/PROGNOSTIC GROUPS Squamous Cell Carcinoma * Stage T N M G"
AJCC7,119,chapter_summary,"sophagus and Esophagogastric Junction (Nonmucosal cancers are not included) At-A-Glance SUMMARY OF CHANGES ● Tumor location is simpliﬁ ed, and esophagogastric junction and proximal 5 cm of stomach are included ● Tis is redeﬁ ned and T4 is subclassiﬁ ed ● Regional lymph nodes are redeﬁ n"
AJCC7,120,stage_group,"104 American Joint Committee on Cancer • 2010 INTRODUCTION Previous stage groupings of esophageal cancer were based on a simple, orderly arrangement of increasing pathologic anatomic T, then N, and then M classiﬁ cations. In contrast, this revision is data driven, based on a risk-adju"
AJCC7,121,stage_group,"the stomach (cardia) that extend into the EGJ or esopha- gus (Siewert III) are stage grouped similar to adenocarcinoma of the esophagus. Although Siewert and colleagues subtype EGJ cancers (types I, II, III), not only do their data support a single-stage grouping scheme across this area, but als"
AJCC7,122,stage_group,"106 American Joint Committee on Cancer • 2010 EGJ or esophagus, are stage grouped using the gastric (non- EGJ) cancer staging system (see Chap. 11). Esophageal Wall. The esophageal wall has three layers: mucosa, submucosa, and muscularis propria (Figure 10.2 ). The mucosa is comp"
AJCC7,124,stage_group,"hest histologic grade on biopsy or resection specimen is the required data for stage grouping. Because the data indi- cate that squamous cell carcinoma has a poorer prognosis than adenocarcinoma, if a tumor is of mixed histopatho- logic type or is not otherwise speciﬁ ed, it shall be recorded as"
AJCC7,124,definitions_tnm,"FIGURE 10.4. Celiac lymph node. FIGURE 10.5. T, N, and M classiﬁ cations. Primary tumor (T) is classiﬁ ed by depth of tumor invasion. Regional lymph node classiﬁ cations are determined by metastatic burden. Distant metastatic sites are designated M1. In order to view this proof accurately, t"
AJCC7,125,stage_group,"tasis. Distant Metastasis (M) M0 No distant metastasis M1 Distant metastasis ANATOMIC STAGE/PROGNOSTIC GROUPS Squamous Cell Carcinoma (Figure 10.6 ) * Stage T N M Grade Tumor Location ** 0 Tis (HGD) N0 M0 1, X Any IA T1 N0 M0 1, X Any IB T1 N0 M0 2–3 A"
AJCC7,125,definitions_tnm,"preceded by chemotherapy and/or radiotherapy is designated by the preﬁ x yp. DEFINITIONS OF TNM * Primary Tumor (T)** TX Primary tumor cannot be assessed T0 No evidence of primary tumor Tis High-grade dysplasia*** T1 Tumor invades lamina propria, muscularis mucosae, or submucosa T1a Tumor invad"
AJCC7,126,stage_group,".7. ( A ) Survival after esophagectomy only for adeno- carcinoma stratiﬁ ed by stage groupings, based on worldwide esophageal cancer collaboration (WECC) data. Condensed stage groupings. ( B ) Survival after esophagectomy only for adenocarcinoma stratiﬁ ed by stage groupings, based on world- wid"
AJCC7,127,stage_group,h extracapsular tumor HISTOLOGIC GRADE (G) GX Grade cannot be assessed – stage grouping as G1 G1 Well differentiated G2 Moderately differentiated G3 Poorly differentiated G4 Undifferentiated – stage grouping as G3 squamous HISTOPATHOLOGIC TYPE Squamous cell carcinoma Ade
AJCC7,129,stage_group,"ASTASIS (M) No distant metastasis (no pathologic M0; use clinical M to complete stage group) Distant metastasis M1 CLINICAL Squamous Cell Carcinoma* GROUP T N M Grade Tumor Location** Tumor Location** 0 Tis (HGD) N0 M0 1 Any IA T1 N0 M0 1, X Any IB T1 N0 M0 2-3 Any T2-3 N0 M0 1, X Lower, X IIA T2-3"
AJCC7,129,definitions_tnm,"oadjuvant therapy AND subsequent surgery TX T0 Tis T1 T1a T1b T2 T3 T4 T4a T4b PRIMARY TUMOR (T) Primary tumor cannot be assessed No evidence of primary tumor High-grade dysplasia * Tumor invades lamina propria, muscularis mucosae, or submucosa Tumor invades lamina propria or muscularis mucosae Tum"
AJCC7,130,stage_group,"ffix and ""y,"" ""r,"" and ""a"" prefixes are used. Although they do not affect the stage grouping, they indicate cases needing separate analysis. m suffix indicates the presence of multiple primary tumors in a single site and is recorded in parentheses: pT(m)NM. y prefix indicates those cases in w"
AJCC7,133,stage_group,positive lymph nodes ● Positive peritoneal cytology is classiﬁ ed as M1 ● Stage groupings have been changed ANATOMIC STAGE/PROGNOSTIC GROUPS Stage 0 Tis N0 M0 Stage IA T1 N0 M0 Stage IB T2 N0 M0 T1 N1 M0 Stage IIA T3 N0 M0 T2 N1 M0 T1 N2
AJCC7,133,chapter_summary,"as, and carcinoid tumors [low-grade neuroendocrine tumors] are not included) At-A-Glance SUMMARY OF CHANGES ● Tumors arising at the esophagogastric junction, or arising in the stomach ≤5 cm from the esophagogastric junction and crossing the esophagogastric junction are staged using the TNM"
AJCC7,134,stage_group,"Stage IIIA, 1,031; Stage IIIB, 1,660; Stage IIIC, 1,053; and Stage IV, 6,148. ANATOMIC STAGE/PROGNOSTIC GROUPS (CONTINUED) Stage IIIB T4b N0 M0 T4b N1 M0 T4a N2 M0 T3 N3 M0 Stage IIIC T4b N2 M0 T4b N3 M0 T4a N3 M0 Stage IV Any T Any N"
AJCC7,136,stage_group,xamined. Distant Metastasis (M) M0 No distant metastasis M1 Distant metastasis ANATOMIC STAGE/PROGNOSTIC GROUPS Stage 0 Tis N0 M0 Stage IA T1 N0 M0 Stage IB T2 N0 M0 T1 N1 M0 Stage IIA T3 N0 M0 T2 N1 M0 T1 N2 M0 Stage IIB T4a N0 M0 T3 N1
AJCC7,136,definitions_tnm,120 American Joint Committee on Cancer • 2010 DEFINITIONS OF TNM Primary Tumor (T) TX Primary tumor cannot be assessed T0 No evidence of primary tumor Tis Carcinoma in situ: intraepithelial tumor without invasion of the lamina propria T1 Tumor invades lamina propr
AJCC7,139,stage_group,"ASTASIS (M) No distant metastasis (no pathologic M0; use clinical M to complete stage group) Distant metastasis M1 S TOMACH S TAGING F ORM TUMOR SIZE: HOSPITAL NAME/ADDRESS PATIENT NAME/INFORMATION (continued on next page) In order to view this proof accurately, the Overprint Preview Option must be"
AJCC7,139,definitions_tnm,"oadjuvant therapy AND subsequent surgery TX T0 Tis T1 T1a T1b T2 T3 T4 T4a T4b PRIMARY TUMOR (T) Primary tumor cannot be assessed No evidence of primary tumor Carcinoma in situ: intraepithelial tumor without invasion of the lamina propria Tumor invades lamina propria, muscularis mucosae, or submuco"
AJCC7,140,stage_group,"ffix and ""y,"" ""r,"" and ""a"" prefixes are used. Although they do not affect the stage grouping, they indicate cases needing separate analysis. m suffix indicates the presence of multiple primary tumors in a single site and is recorded in parentheses: pT(m)NM. y prefix indicates those cases in w"
AJCC7,143,stage_group,"nodes), leading to the division of Stage III into Stage IIIA and Stage IIIB ANATOMIC STAGE/PROGNOSTIC GROUPS Stage 0 Tis N0 M0 Stage I T1 N0 M0 T2 N0 M0 Stage IIA T3 N0 M0 Stage IIB T4 N0 M0 Stage IIIA Any T N1 M0 Stage IIIB Any T N2 M0 S"
AJCC7,143,chapter_summary,"tine (Lymphomas, carcinoid tumors, and visceral sarcomas are not included) At-A-Glance SUMMARY OF CHANGES ● T1 lesions have been divided into T1a (invasion of lamina propria) and T1b (invasion of submucosa) to facilitate comparison with tumors of other gastrointestinal sites ● Stage II h"
AJCC7,145,stage_group,ph nodes Distant Metastasis (M) M0 No distant metastasis M1 Distant metastasis ANATOMIC STAGE/PROGNOSTIC GROUPS Stage 0 Tis N0 M0 Stage I T1 N0 M0 T2 N0 M0 Stage IIA T3 N0 M0 Stage IIB T4 N0 M0 Stage IIIA Any T N1 M0 Stage IIIB Any T N2 M0 Sta
AJCC7,145,definitions_tnm,t of those factors would be similar to that observed with colorectal cancer. DEFINITIONS OF TNM Primary Tumor (T) TX Primary tumor cannot be assessed T0 No evidence of primary tumor Tis Carcinoma in situ T1a Tumor invades lamina propria T1b Tumor invades submucosa* T2 Tumor invades muscularis pr
AJCC7,147,stage_group,STASIS (M) No distant metastasis (no pathologic M0; use clinical M to complete stage group) Distant metastasis M1 CLINICAL GROUP T N M 0 Tis N0 M0 I T1 N0 M0 T2 N0 M0 IIA T3 N0 M0 IIB T4 N0 M0 IIIA Any T N1 M0 IIIB Any T N2 M0 IV Any T Any N M1 PATHOLOGIC GROUP T N M 0 Tis N0 M0 I T1 N0 M0
AJCC7,147,definitions_tnm,ed after neoadjuvant therapy AND subsequent surgery TX T0 Tis T1a T1b T2 T3 T4 PRIMARY TUMOR (T) Primary tumor cannot be assessed No evidence of primary tumor Carcinoma in situ Tumor invades lamina propria Tumor invades submucosa Tumor invades muscularis propria Tumor invades through the musculari
AJCC7,148,stage_group,"ffix and ""y,"" ""r,"" and ""a"" prefixes are used. Although they do not affect the stage grouping, they indicate cases needing separate analysis. m suffix indicates the presence of multiple primary tumors in a single site and is recorded in parentheses: pT(m)NM. y prefix indicates those cases in w"
AJCC7,149,chapter_summary,"d carcinoid tumors of the appendix are included, but separately categorized) At-A-Glance SUMMARY OF CHANGES Appendiceal Carcinomas ● In the seventh edition, appendiceal carcinomas are separately classiﬁ ed. In the sixth edition, appendiceal carcinomas were classiﬁ ed according to the deﬁ ni"
AJCC7,150,stage_group,gth varies but is about 10 mm. It is connected to the ileal mesentery by the ANATOMIC STAGE/PROGNOSTIC GROUPS Carcinoma Stage 0 Tis N0 M0 Stage I T1 N0 M0 T2 N0 M0 Stage IIA T3 N0 M0 Stage IIB T4a N0 M0 Stage IIC T4b N0 M0 Stage IIIA T1 N1
AJCC7,152,definitions_tnm,nsidered a poor prognostic indicator for patients with metastatic carcinoid. DEFINITIONS OF TNM Carcinoma Primary Tumor (T) TX Primary tumor cannot be assessed T0 No evidence of primary tumor Tis Carcinoma in situ: intraepithelial or invasion of lamina propria* T1 Tumor invades submucosa T2 T
AJCC7,153,stage_group,"e negative, but the number ordi- narily examined is not met, classify as pN0. ANATOMIC STAGE/PROGNOSTIC GROUPS Carcinoma Stage 0 Tis N0 M0 Stage I T1 N0 M0 T2 N0 M0 Stage IIA T3 N0 M0 Stage IIB T4a N0 M0 Stage IIC T4b N0 M0 Stage IIIA T1 N1 M"
AJCC7,155,definitions_tnm,AND subsequent surgery TX T0 Tis T1 T2 T3 T4 T4a T4b TX T0 T1 T1a T1b T2 T3 T4 PRIMARY TUMOR (T) Carcinoma Primary tumor cannot be assessed No evidence of primary tumor Carcinoma in situ: intraepithelial or invasion of lamina propria * Tumor invades submucosa Tumor invades muscularis propria Tumor
AJCC7,156,stage_group,") Carcinoma No distant metastasis (no pathologic M0; use clinical M to complete stage group) Distant metastasis Intraperitoneal metastasis beyond the right lower quadrant, including pseudomyxoma peritonei Non-peritoneal metastasis Carcinoid No distant metastasis (no pathologic M0; use clinical M t"
AJCC7,157,stage_group,"ffix and ""y,"" ""r,"" and ""a"" prefixes are used. Although they do not affect the stage grouping, they indicate cases needing separate analysis. m suffix indicates the presence of multiple primary tumors in a single site and is recorded in parentheses: pT(m)NM. y prefix indicates those cases in w"
AJCC7,159,stage_group,"d as N2a (metastasis in 4–6 nodes) and N2b (metastasis in 7 or more nodes) ● Stage Group II is subdivided into IIA (T3N0), IIB (T4aN0) and IIC (T4bN0) ● Stage Group III: ● A category of N1 lesions, T4bN1, that was formerly classiﬁ ed as IIIB was found to have outcomes more akin to IIIC and h"
AJCC7,159,chapter_summary,"as, lymphomas, and carcinoid tumors of the large intestine are not included) At-A-Glance SUMMARY OF CHANGES ● In the sixth edition, Stage II was subdivided into IIA and IIB on the basis of whether the primary tumor was T3N0 or T4N0, respectively, and Stage III was subdivided into IIIA (T1-2"
AJCC7,160,stage_group,lon Hepatic ﬂ exure Transverse colon Splenic ﬂ exure Descending colon ANATOMIC STAGE/PROGNOSTIC GROUPS Stage T N M Dukes * MAC * 0 Tis N0 M0 – – I T1 N0 M0 A A T2 N0 M0 A B1 IIA T3 N0 M0 B B2 IIB T4a N0 M0 B B2 IIC
AJCC7,170,stage_group,"154 American Joint Committee on Cancer • 2010 Stage Group II has been further subdivided into IIA (T3N0), IIB (T4aN0), and IIC (T4bN0), based on differential survival prognosis. These differences are shown in the SEER analyses for both rectal cancer (Tables 14.4"
AJCC7,171,stage_group,onregional node) M1b Metastases in more than one organ/site or the peritoneum ANATOMIC STAGE/PROGNOSTIC GROUPS Stage T N M Dukes * MAC * 0 Tis N0 M0 – – I T1 N0 M0 A A T2 N0 M0 A B1 IIA T3 N0 M0 B B2 IIB T4a N0 M0 B B2 IIC T4
AJCC7,171,definitions_tnm,Colon and Rectum 155 14 DEFINITIONS OF TNM The same classiﬁ cation is used for both clinical and patho- logic staging. Primary Tumor (T) TX Primary tumor cannot be assessed T0 No evidence of primary tumor Tis Carcinoma in situ: intraepithelia
AJCC7,172,stage_group,"that low and high grade may be associated with outcome indepen- dently of TNM stage group for both colon and rectum adeno- carcinoma. Some authors suggest that G4 lesions be identiﬁ ed separately because they may represent a small subgroup of car- cinomas that are very aggressive. However, these"
AJCC7,177,definitions_tnm,d after neoadjuvant therapy AND subsequent surgery TX T0 Tis T1 T2 T3 T4a T4b PRIMARY TUMOR (T) Primary tumor cannot be assessed No evidence of primary tumor Carcinoma in situ: intraepithelial or invasion of lamina propria* Tumor invades submucosa Tumor invades muscularis propria Tumor invades thr
AJCC7,178,stage_group,"STASIS (M) No distant metastasis (no pathologic M0; use clinical M to complete stage group) Distant metastasis Metastasis confined to one organ or site (e.g., liver, lung, ovary, non-regional node). Metastases in more than one organ/site or the peritoneum. M1 M1a M1b A NATOMIC S TAGE • P ROGNOST"
AJCC7,181,stage_group,ncluded.) At-A-Glance SUMMARY OF CHANGES ● The deﬁ nitions of TNM and the stage groupings for this chapter have not changed from the sixth edition ● The descriptions of both the boundaries of the anal canal and anal carcinomas have been clariﬁ ed ● The collection of the reported status o
AJCC7,181,chapter_summary,"arcinomas only; melanomas, carcinoid tumors, and sarcomas are not included.) At-A-Glance SUMMARY OF CHANGES ● The deﬁ nitions of TNM and the stage groupings for this chapter have not changed from the sixth edition ● The descriptions of both the boundaries of the anal canal and anal carcino"
AJCC7,183,stage_group,"rcinoma of the anal canal, the 5-year observed sur- vival rates for each of the stage groups are as follows: Stage I, n = 637, 69.5%; Stage II, n = 1,711, 61.8%; Stage IIIA, n = 453, 45.6%; Stage IIIB, n = 495, 39.6%; Stage IV, n = 285, 15.3%. Stage-related survival is shown in Figure 15.3"
AJCC7,183,definitions_tnm,"re reported, it is of value to record the HPV status in the cancer registry. DEFINITIONS OF TNM Primary Tumor (T) TX Primary tumor cannot be assessed T0 No evidence of primary tumor Tis Carcinoma in situ (Bowen’s disease, high-grade squamous intraepithelial lesion (HSIL), anal intraepithelial"
AJCC7,185,stage_group,Anus 169 15 ANATOMIC STAGE/PROGNOSTIC GROUPS 0 Tis N0 M0 I T1 N0 M0 II T2 N0 M0 T3 N0 M0 IIIA T1 N1 M0 T2 N1 M0 T3 N1 M0 T4 N0 M0 IIIB T4 N1 M0 Any T N2 M0 Any
AJCC7,187,stage_group,ASTASIS (M) No distant metastasis (no pathologic M0; use clinical M to complete stage group) Distant metastasis M1 A NATOMIC S TAGE • P ROGNOSTIC G ROUPS CLINICAL GROUP T N M 0 Tis N0 M0 I T1 N0 M0 II T2 N0 M0 T3 N0 M0 IIIA T1 N1 M0 T2 N1 M0 T3 N1 M0 T4 N0 M0 IIIB T4 N1 M0 Any T N2 M0 Any T N3 M0 IV
AJCC7,187,definitions_tnm,"pleted after neoadjuvant therapy AND subsequent surgery TX T0 Tis T1 T2 T3 T4 PRIMARY TUMOR (T) Primary tumor cannot be assessed No evidence of primary tumor Carcinoma in situ (Bowen’s disease, High-grade Squamous Intraepithelial Lesion (HSIL), Anal Intraepithelial Neoplasia II-III (AIN II-III) T"
AJCC7,188,stage_group,"oscopic residual tumor R2 Macroscopic residual tumor General Notes (continued): stage grouping, they indicate cases needing separate analysis. m suffix indicates the presence of multiple primary tumors in a single site and is recorded in parentheses: pT(m)NM. y prefix indicates those cases in w"
AJCC7,191,stage_group,e SUMMARY OF CHANGES ● This staging system is new for the seventh edition ANATOMIC STAGE/PROGNOSTIC GROUPS Gastric GIST* Group T N M Mitotic rate Stage IA T1 or T2 N0 M0 Low Stage IB T3 N0 M0 Low Stage II T1 N0 M0 High T2 N0 M0 High T4
AJCC7,191,chapter_summary,Gastrointestinal Stromal Tumor 175 16 16 Gastrointestinal Stromal Tumor At-A-Glance SUMMARY OF CHANGES ● This staging system is new for the seventh edition ANATOMIC STAGE/PROGNOSTIC GROUPS Gastric GIST* Group T N M Mitotic rate Stage IA T1 or T2 N0 M0 Low Stage
AJCC7,192,stage_group,"udies. Although T, N, and M deﬁ nitions are identical for all GISTs, separate stage grouping schemes are provided for gastric and small intestinal tumors. Staging criteria for gastric tumors should be applied in primary, solitary omental GISTs. Primary, solitary, mesenteric, and duodenal GISTs"
AJCC7,193,stage_group,ow mitotic rate: 5 or fewer per 50 HPF High mitotic rate: over 5 per 50 HPF ANATOMIC STAGE/PROGNOSTIC GROUPS Gastric GIST* Group T N M Mitotic rate Stage IA T1 or T2 N0 M0 Low Stage IB T3 N0 M0 Low Stage II T1 N0 M0 High T2 N0 M0 High T4 N0
AJCC7,193,definitions_tnm,d 16.2 show the disease progression of gas- tric and small intestinal GISTs. DEFINITIONS OF TNM (FOR GISTS AT ALL SITES) Primary Tumor (T) TX Primary tumor cannot be assessed T0 No evidence for primary tumor T1 Tumor 2 cm or less T2 Tumor more than 2 cm but not more than 5 cm T3 Tumor more than
AJCC7,195,stage_group,ASTASIS (M) No distant metastasis (no pathologic M0; use clinical M to complete stage group) Distant metastasis M1 A NATOMIC S TAGE • P ROGNOSTIC G ROUPS – G ASTRIC GIST (also to be used for omentum) CLINICAL GROUP T N M Mitotic Rate Mitotic Rate IA T1 or T2 N0 M0 Low IB T3 N0 M0 Low II T1 N0 M0 Hi
AJCC7,195,definitions_tnm,completed after neoadjuvant therapy AND subsequent surgery TX T0 T1 T2 T3 T4 PRIMARY TUMOR (T) Primary tumor cannot be assessed No evidence of primary tumor Tumor 2 cm or less Tumor more than 2 cm but not more than 5 cm Tumor more than 5 cm but not more than 10 cm Tumor more than 10 cm in greate
AJCC7,196,stage_group,"ffix and ""y,"" ""r,"" and ""a"" prefixes are used. Although they do not affect the stage grouping, they indicate cases needing separate analysis. m suffix indicates the presence of multiple primary tumors in a single site and is recorded in parentheses: pT(m)NM. y prefix indicates those cases in w"
AJCC7,197,stage_group,lance SUMMARY OF CHANGES ● This staging system is new for the 7th edition ANATOMIC STAGE/PROGNOSTIC GROUPS Stage 0 Tis* N0 M0 Stage I T1 N0 M0 Stage IIA T2 N0 M0 Stage IIB T3 N0 M0 Stage IIIA T4 N0 M0 Stage IIIB Any T N1 M0 Stage IV Any T A
AJCC7,197,chapter_summary,and neuroendocrine tumors of the pancreas [see Chap. 24] are not included.) At-A-Glance SUMMARY OF CHANGES ● This staging system is new for the 7th edition ANATOMIC STAGE/PROGNOSTIC GROUPS Stage 0 Tis* N0 M0 Stage I T1 N0 M0 Stage IIA T2 N0 M0 Stage IIB T3 N0
AJCC7,199,definitions_tnm,"d survival rates for 2,997 patients with GI NETs are shown in Figure 17.1 . DEFINITIONS OF TNM Stomach Primary Tumor (T) TX Primary tumor cannot be assessed T0 No evidence of primary tumor Tis Carcinoma in situ/dysplasia (tumor size less than 0.5 mm), conﬁ ned to mucosa T1 Tumor invades lami"
AJCC7,200,stage_group,tastasis Distant Metastases (M) M0 No distant metastases M1 Distant metastasis ANATOMIC STAGE/PROGNOSTIC GROUPS Stage 0 Tis N0 M0 Stage I T1 N0 M0 Stage IIA T2 N0 M0 Stage IIB T3 N0 M0 Stage IIIA T4 N0 M0 Stage IIIB Any T N1 M0 Stage IV Any T An
AJCC7,200,definitions_tnm,M0 No distant metastases M1 Distant metastasis Duodenum/Ampulla/Jejunum/Ileum Primary Tumor (T) TX Primary tumor cannot be assessed T0 No evidence of primary tumor T1 Tumor invades lamina propria or submucosa and size 1 cm or less* (small intestinal tumors); tumor 1 cm or less (ampullary tumors)
AJCC7,203,definitions_tnm,"quent surgery TX T0 Tis T1 T2 T3 T4 TX T0 T1 T2 T3 T4 TX T0 T1 T1a T1b T2 T3 T4 PRIMARY TUMOR (T) Stomach Primary tumor cannot be assessed No evidence of primary tumor Carcinoma in situ/dysplasia (tumor size <0.5mm), confined to mucosa Tumor invades lamina propria or submucosa and £1cm in size Tumor"
AJCC7,204,stage_group,(M) Stomach No distant metastasis (no pathologic M0; use clinical M to complete stage group) Distant metastasis Duodenum/Ampulla/Jejunum/Ileum No distant metastasis (no pathologic M0; use clinical M to complete stage group) Distant metastasis Colon or Rectum No distant metastasis (no pathologic M0;
AJCC7,207,stage_group,mph nodes were reclassiﬁ ed to regional lymph nodes from distant lymph nodes Stage Grouping Changes ● Changes in T3 classiﬁ cation led to changes in Stage III groupings ● Stage IIIA now includes only T3a; patients with major vessel invasion are removed from the IIIA stage grouping ● Stage I
AJCC7,207,chapter_summary,c bile ducts; Sarcomas and tumors metastatic to the liver are not included.) At-A-Glance SUMMARY OF CHANGES Intrahepatic bile ducts are no longer included in this staging chapter. The staging of liver cancer now includes only hepatocellular carcinoma T Category Changes ● In the T3 catego
AJCC7,208,stage_group,mination cannot be differentiated from satellitosis or multifocal tumors and ANATOMIC STAGE/PROGNOSTIC GROUPS Stage I T1 N0 M0 Stage II T2 N0 M0 Stage IIIA T3a N0 M0 Stage IIIB T3b N0 M0 Stage IIIC T4 N0 M0 Stage IVA Any T N1 M0 Stage IVB Any T
AJCC7,209,stage_group,"Clin Oncol. 2002;20:1527–36). FIGURE 18.4. Survival stratiﬁ ed according to stage grouping (Data from Vauthey JN, Lauwers GY, Esnaola N, et al. A simpliﬁ ed staging for hepatocellular carcinoma. J Clin Oncol. 2002;20:1527–36). In order to view this proof accurately, the Overprint Preview Opti"
AJCC7,210,stage_group,tastasis Distant Metastasis (M) M0 No distant metastasis M1 Distant metastasis ANATOMIC STAGE/PROGNOSTIC GROUPS Stage I T1 N0 M0 Stage II T2 N0 M0 Stage IIIA T3a N0 M0 Stage IIIB T3b N0 M0 Stage IIIC T4 N0 M0 Stage IVA Any T N1 M0 Stage IVB Any T
AJCC7,210,definitions_tnm,o moderate ﬁ brosis) F1 Fibrosis score 5–6 (severe ﬁ brosis or cirrhosis) DEFINITIONS OF TNM Primary Tumor (T) TX Primary tumor cannot be assessed T0 No evidence of primary tumor T1 Solitary tumor without vascular invasion T2 Solitary tumor with vascular invasion or multiple tumors none more
AJCC7,213,stage_group,STASIS (M) No distant metastasis (no pathologic M0; use clinical M to complete stage group) Distant metastasis M1 A NATOMIC S TAGE • P ROGNOSTIC G ROUPS CLINICAL GROUP T N M I T1 N0 M0 II T2 N0 M0 IIIA T3a N0 M0 IIIB T3b N0 M0 IIIC T4 N0 M0 IVA any T N1 M0 IVB any T any N M1 PATHOLOGIC GROUP T
AJCC7,213,definitions_tnm,leted after neoadjuvant therapy AND subsequent surgery TX T0 T1 T2 T3a T3b T4 PRIMARY TUMOR (T) Primary tumor cannot be assessed No evidence of primary tumor Solitary tumor without vascular invasion Solitary tumor with vascular invasion or multiple tumors none more than 5 cm Multiple tumors more t
AJCC7,217,stage_group,disease ● Recommend collection of preoperative or pretreatment serum CA19–9 ANATOMIC STAGE/PROGNOSTIC GROUPS Stage 0 Tis N0 M0 Stage I T1 N0 M0 Stage II T2 N0 M0 Stage III T3 N0 M0 Stage IVA T4 N0 M0 Any T N1 M0 Stage IVB Any T Any N M1 I
AJCC7,217,chapter_summary,"Intrahepatic Bile Ducts 201 19 19 Intrahepatic Bile Ducts At-A-Glance SUMMARY OF CHANGES ● This is a novel staging system that is independent of the staging system for hepatocellular carcinoma and independent of the staging system for extrahepatic bile duct malignancy, in"
AJCC7,219,definitions_tnm,iocarcinoma based on new T category classiﬁ cation using SEER registry data. DEFINITIONS OF TNM Primary Tumor (T) TX Primary tumor cannot be assessed T0 No evidence of primary tumor Tis Carcinoma in situ (intraductal tumor) T1 Solitary tumor without vascular invasion T2a Solitary tumor with vasc
AJCC7,220,stage_group,204 American Joint Committee on Cancer • 2010 ANATOMIC STAGE/PROGNOSTIC GROUPS Stage 0 Tis N0 M0 Stage I T1 N0 M0 Stage II T2 N0 M0 Stage III T3 N0 M0 Stage IVA T4 N0 M0 Any T N1 M0 Stage IVB Any T Any N M1 PRO
AJCC7,223,stage_group,ASTASIS (M) No distant metastasis (no pathologic M0; use clinical M to complete stage group) Distant metastasis M1 A NATOMIC S TAGE • P ROGNOSTIC G ROUPS CLINICAL GROUP T N M 0 Tis N0 M0 I T1 N0 M0 II T2 N0 M0 III T3 N0 M0 IVA T4 N0 M0 Any T N1 M0 IVB Any T Any N M1 PATHOLOGIC GROUP T N M 0 Tis N0 M
AJCC7,223,definitions_tnm,"d after neoadjuvant therapy AND subsequent surgery TX T0 Tis T1 T2a T2b T3 T4 PRIMARY TUMOR (T) Primary tumor cannot be assessed No evidence of primary tumor Carcinoma in situ (intraductal tumor) Solitary tumor without vascular invasion Solitary tumor with vascular invasion Multiple tumors, with o"
AJCC7,227,stage_group,peripancreatic lymph nodes and those along the superior mesenteric artery) ● Stage groupings have been changed to better correlate with surgical resectability and patient outcome; locally unresectable T4 tumors have been reclassiﬁ ed as Stage IV ● Lymph node metastasis is now classiﬁ ed as Sta
AJCC7,227,definitions_tnm,". The liver is a common site of involvement; thus, liver invasion impacts the primary tumor (T) classiﬁ cation. Other sur- rounding structures, such as the duodenum and transverse colon, are at risk of direct tumor extension. Invasion of hilar structures (common bile duct, hepatic artery, portal"
AJCC7,227,chapter_summary,"211 20 20 Gallbladder (Carcinoid tumors and sarcomas are not included) At-A-Glance SUMMARY OF CHANGES ● The cystic duct is now included in this classiﬁ cation scheme ● The N classification now distinguishes hilar nodes (N1: lymph nodes adjacent to the cystic duct, bile duct, hepatic"
AJCC7,228,stage_group,"re considered to be conﬁ ned to the gallbladder. Validation. Validation of stage grouping is based on multi- variate analyses of outcome and survival data of the National Cancer Database (totaling 10,705 patients nationwide, Figure 20.2 ). Clinical Staging. Clinical evaluation usually de"
AJCC7,229,definitions_tnm,r was located on the free peritoneal or the hepatic side of the gallbladder. DEFINITIONS OF TNM Primary Tumor (T) TX Primary tumor cannot be assessed T0 No evidence of primary tumor Tis Carcinoma in situ T1 Tumor invades lamina propria or muscular layer (Figure 20.3) T1a Tumor invades lamina pr
AJCC7,230,stage_group,214 American Joint Committee on Cancer • 2010 ANATOMIC STAGE/PROGNOSTIC GROUPS Stage 0 Tis N0 M0 Stage I T1 N0 M0 Stage II T2 N0 M0 Stage IIIA T3 N0 M0 Stage IIIB T1-3 N1 M0 Stage IVA T4 N0-1 M0 Stage IVB Any T N
AJCC7,231,stage_group,ASTASIS (M) No distant metastasis (no pathologic M0; use clinical M to complete stage group) Distant metastasis M1 CLINICAL GROUP T N M 0 Tis N0 M0 I T1 N0 M0 II T2 N0 M0 IIIA T3 N0 M0 IIIB T1-3 N1 M0 IVA T4 N0-1 M0 IVB Any T N 2 M0 Any T Any N M1 PATHOLOGIC GROUP T N M 0 Tis N0 M0 I T1 N0 M0 II T2
AJCC7,231,definitions_tnm,after neoadjuvant therapy AND subsequent surgery TX T0 Tis T1 T1a T1b T2 T3 T4 PRIMARY TUMOR (T) Primary tumor cannot be assessed No evidence of primary tumor Carcinoma in situ Tumor invades lamina propria or muscular layer Tumor invades lamina propria Tumor invades muscular layer Tumor invades per
AJCC7,232,stage_group,"ffix and ""y,"" ""r,"" and ""a"" prefixes are used. Although they do not affect the stage grouping, they indicate cases needing separate analysis. m suffix indicates the presence of multiple primary tumors in a single site and is recorded in parentheses: pT(m)NM. General Notes (continued): y prefix"
AJCC7,235,stage_group,ﬁ nes unresectability based on local invasion (IVA) or distant disease (IVB) ANATOMIC STAGE/PROGNOSTIC GROUPS Stage 0 Tis N0 M0 Stage I T1 N0 M0 Stage II T2a-b N0 M0 Stage IIIA T3 N0 M0 Stage IIIB T1-3 N1 M0 Stage IVA T4 N0-1 M0 Stage IVB Any T
AJCC7,235,chapter_summary,21 Perihilar Bile Ducts (Sarcoma and carcinoid tumors are not included.) At-A-Glance SUMMARY OF CHANGES ● Extrahepatic bile duct tumors have been separated into perihilar (proximal) and distal groups and separate staging classiﬁ cations deﬁ ned for each ● T1 (conﬁ ned to bile duct) and
AJCC7,237,stage_group,ph nodes Distant Metastasis (M) M0 No distant metastasis M1 Distant metastasis ANATOMIC STAGE/PROGNOSTIC GROUPS Stage 0 Tis N0 M0 Stage I T1 N0 M0 Stage II T2a-b N0 M0 Stage IIIA T3 N0 M0 Stage IIIB T1-3 N1 M0 Stage IVA T4 N0-1 M0 Stage IVB Any T
AJCC7,237,definitions_tnm,"hology carries a more favorable prognosis than nodular or sclerosing tumors. DEFINITIONS OF TNM Primary Tumor (T) TX Primary tumor cannot be assessed T0 No evidence of primary tumor Tis Carcinoma in situ T1 Tumor conﬁ ned to the bile duct, with extension up to the muscle layer or ﬁ brous tissue"
AJCC7,239,stage_group,STASIS (M) No distant metastasis (no pathologic M0; use clinical M to complete stage group) Distant metastasis M1 CLINICAL GROUP T N M 0 Tis N0 M0 I T1 N0 M0 II T2a-b N0 M0 IIIA T3 N0 M0 IIIB T1-3 N1 M0 IVA T4 N0-1 M0 IVB Any T N2 M0 Any T Any N M1 PATHOLOGIC GROUP T N M 0 Tis N0 M0 I T1 N0 M0 II
AJCC7,239,definitions_tnm,"d after neoadjuvant therapy AND subsequent surgery TX T0 Tis T1 T2a T2b T3 T4 PRIMARY TUMOR (T) Primary tumor cannot be assessed No evidence of primary tumor Carcinoma in situ Tumor confined to the bile duct, with extension up to the muscle layer or fibrous tissue Tumor invades beyond the wall of"
AJCC7,240,stage_group,"ffix and ""y,"" ""r,"" and ""a"" prefixes are used. Although they do not affect the stage grouping, they indicate cases needing separate analysis. m suffix indicates the presence of multiple primary tumors in a single site and is recorded in parentheses: pT(m)NM. y prefix indicates those cases in w"
AJCC7,243,stage_group,"t serum carcinoembry- onic antigen and CA19.9, are recommended for collection ANATOMIC STAGE/PROGNOSTIC GROUPS Stage 0 Tis N0 M0 Stage IA T1 N0 M0 Stage IB T2 N0 M0 Stage IIA T3 N0 M0 Stage IIB T1 N1 M0 T2 N1 M0 T3 N1 M0 Stage III T4 Any"
AJCC7,243,chapter_summary,"22 22 Distal Bile Duct (Sarcoma and carcinoid tumors are not included.) At-A-Glance SUMMARY OF CHANGES ● Extrahepatic bile duct was a single chapter in the sixth edition, this has been divided into two chapters for the seventh edition [Perihilar Bile Ducts (see Chap. 21) and Distal Bil"
AJCC7,245,stage_group,tastasis Distant Metastasis (M) M0 No distant metastasis M1 Distant metastasis ANATOMIC STAGE/PROGNOSTIC GROUPS Stage 0 Tis N0 M0 Stage IA T1 N0 M0 Stage IB T2 N0 M0 Stage IIA T3 N0 M0 Stage IIB T1 N1 M0 T2 N1 M0 T3 N1 M0 Stage III T4 Any N
AJCC7,245,definitions_tnm,"A19-9, may have prognostic signiﬁ cance and their collection is recommended. DEFINITIONS OF TNM Primary Tumor (T) TX Primary tumor cannot be assessed T0 No evidence of primary tumor Tis Carcinoma in situ T1 Tumor conﬁ ned to the bile duct histologically T2 Tumor invades beyond the wall of the bi"
AJCC7,247,stage_group,ASTASIS (M) No distant metastasis (no pathologic M0; use clinical M to complete stage group) Distant metastasis M1 CLINICAL GROUP T N M 0 Tis N0 M0 IA T1 N0 M0 IB T2 N0 M0 IIA T3 N0 M0 IIB T1 N1 M0 T2 N1 M0 T3 N1 M0 III T4 Any N M0 IV Any T Any N M1 PATHOLOGIC GROUP T N M 0 Tis N0 M0 IA T1 N0
AJCC7,247,definitions_tnm,pleted after neoadjuvant therapy AND subsequent surgery TX T0 Tis T1 T2 T3 T4 PRIMARY TUMOR (T) Primary tumor cannot be assessed No evidence of primary tumor Carcinoma in situ Tumor confined to the bile duct histologically Tumor invades beyond the wall of the bile duct Tumor invades the gallblad
AJCC7,251,stage_group,of Vater At-A-Glance SUMMARY OF CHANGES ● The deﬁ nitions of TNM and the Stage Grouping for this chapter have not changed from the Sixth Edition ANATOMIC STAGE/PROGNOSTIC GROUPS Stage 0 Tis N0 M0 Stage IA T1 N0 M0 Stage IB T2 N0 M0 Stage IIA T3 N0 M0 Stage
AJCC7,251,chapter_summary,Ampulla of Vater 235 23 23 Ampulla of Vater At-A-Glance SUMMARY OF CHANGES ● The deﬁ nitions of TNM and the Stage Grouping for this chapter have not changed from the Sixth Edition ANATOMIC STAGE/PROGNOSTIC GROUPS Stage 0 Tis N0 M0 Stage IA T1
AJCC7,253,stage_group,tastasis Distant Metastasis (M) M0 No distant metastasis M1 Distant metastasis ANATOMIC STAGE/PROGNOSTIC GROUPS Stage 0 Tis N0 M0 Stage IA T1 N0 M0 Stage IB T2 N0 M0 Stage IIA T3 N0 M0 Stage IIB T1 N1 M0 T2 N1 M0 T3 N1 M0 Stage III T4 Any N
AJCC7,253,definitions_tnm,ss treatment response. These are carci- noembryonic antigen (CEA) and CA19-9. DEFINITIONS OF TNM Primary Tumor (T) TX Primary tumor cannot be assessed T0 No evidence of primary tumor Tis Carcinoma in situ T1 Tumor limited to ampulla of Vater or sphincter of Oddi T2 Tumor invades duodenal wall T3
AJCC7,255,stage_group,ASTASIS (M) No distant metastasis (no pathologic M0; use clinical M to complete stage group) Distant metastasis M1 CLINICAL GROUP T N M 0 Tis N0 M0 IA T1 N0 M0 IB T2 N0 M0 IIA T3 N0 M0 IIB T1 N1 M0 T2 N1 M0 T3 N1 M0 III T4 Any N M0 IV Any T Any N M1 PATHOLOGIC GROUP T N M 0 Tis N0 M0 IA
AJCC7,255,definitions_tnm,pleted after neoadjuvant therapy AND subsequent surgery TX T0 Tis T1 T2 T3 T4 PRIMARY TUMOR (T) TX Primary tumor cannot be assessed T0 No evidence of primary tumor Tis Carcinoma in situ T1 Tumor limited to ampulla of Vater or sphincter of Oddi T2 Tumor invades duodenal wall T3 Tumor invades pancre
AJCC7,257,stage_group,for adenocarcinoma and neuroendocrine tumors ● The deﬁ nition of TNM and the Anatomic Stage/Prognostic Groupings for this chapter have not changed from the sixth edition for exocrine tumors ANATOMIC STAGE/PROGNOSTIC GROUPS Stage 0 Tis N0 M0 Stage IA T1 N0 M0 Stage IB T2 N
AJCC7,257,chapter_summary,Exocrine and Endocrine Pancreas 241 24 24 Exocrine and Endocrine Pancreas At-A-Glance SUMMARY OF CHANGES ● Pancreatic neuroendocrine tumors (including carcinoid tumors) are now staged by a single pancreatic staging system ● Survival tables and ﬁ gures have been added for adenocarcinoma
AJCC7,260,stage_group,"rine tumors. J Am Coll Surg. 2007; 205(4):558–63. a Comparisons between each stage group are signiﬁ cant to P < 0.0001. b Survival adjusted for patient age by matching against 1990 United States Census Bureau data. In order to view this proof accurately, the Overprint Preview Option must be"
AJCC7,261,stage_group,tastasis Distant Metastasis (M) M0 No distant metastasis M1 Distant metastasis ANATOMIC STAGE/PROGNOSTIC GROUPS Stage 0 Tis N0 M0 Stage IA T1 N0 M0 Stage IB T2 N0 M0 Stage IIA T3 N0 M0 Stage IIB T1 N1 M0 T2 N1 M0 T3 N1 M0 Stage III T4 Any N
AJCC7,261,definitions_tnm,"malignant should be staged by this system and reported to cancer registries. DEFINITIONS OF TNM Primary Tumor (T) TX Primary tumor cannot be assessed T0 No evidence of primary tumor Tis Carcinoma in situ* T1 Tumor limited to the pancreas, 2 cm or less in greatest dimension T2 Tumor limited to t"
AJCC7,263,stage_group,ASTASIS (M) No distant metastasis (no pathologic M0; use clinical M to complete stage group) Distant metastasis M1 CLINICAL GROUP T N M 0 Tis N0 M0 IA T1 N0 M0 IB T2 N0 M0 IIA T3 N0 M0 IIB T1 N1 M0 T2 N1 M0 T3 N1 M0 III T4 Any N M0 IV Any T Any N M1 PATHOLOGIC GROUP T N M 0 Tis N0 M0
AJCC7,263,definitions_tnm,"pleted after neoadjuvant therapy AND subsequent surgery TX T0 Tis T1 T2 T3 T4 PRIMARY TUMOR (T) Primary tumor cannot be assessed No evidence of primary tumor Carcinoma in situ* Tumor limited to the pancreas, 2 cm or less in greatest dimension Tumor limited to the pancreas, more than 2 cm in greate"
AJCC7,264,stage_group,"ffix and ""y,"" ""r,"" and ""a"" prefixes are used. Although they do not affect the stage grouping, they indicate cases needing separate analysis. m suffix indicates the presence of multiple primary tumors in a single site and is recorded in parentheses: pT(m)NM. y prefix indicates those cases in w"
AJCC7,269,stage_group,e contralateral lung are considered M1a ● M1b designates distant metastases ANATOMIC STAGE/PROGNOSTIC GROUPS Occult Carcinoma TX N0 M0 Stage 0 Tis N0 M0 Stage IA T1a N0 M0 T1b N0 M0 Stage IB T2a N0 M0 Stage IIA T2b N0 M0 T1a N1 M0 T1b
AJCC7,269,chapter_summary,inoid tumors are included. Sarcomas and other rare tumors are not included.) At-A-Glance SUMMARY OF CHANGES ● This staging system is now recommended for the classiﬁ cation of both non-small cell and small cell lung carcinomas and for carcinoid tumors of the lung ● The T classiﬁ cations hav
AJCC7,270,stage_group,ions in all three maps. The IASLC lymph node map is now the recommended means ANATOMIC STAGE/PROGNOSTIC GROUPS (CONTINUED) Stage IIIA T1a N2 M0 T1b N2 M0 T2a N2 M0 T2b N2 M0 T3 N1 M0 T3 N2 M0 T4 N0 M0 T4 N1 M0 Stage IIIB T1a N3
AJCC7,277,stage_group,"ittle internal validation and no external validation of the descriptors or the stage groupings. Increasingly reports from other databases challenged some of the descriptors and stage groupings. In preparation for this 7th edition of the staging manual, the IASLC established a Lung Cancer Staging"
AJCC7,278,stage_group,"treatment, none is yet routinely used for lung cancer staging. TABLE 25.2. Stage grouping comparisons: 6th edition vs. 7th edition descriptors, T and M categories, and stage groupings Sixth edition T/M descriptor 7th edition T/M N0 N1 N2 N3 T1 ( ≤ 2 cm) T1a IA IIA IIIA"
AJCC7,279,stage_group,"The IASLC Lung Cancer Staging Project: Proposals for the revision of the TNM stage groupings in the forthcoming (seventh) edition of the TNM classiﬁ cation of malignant tumours. J Thorac Oncol 2:706–714, 2007, with permission. * Most pleural (and pericardial) effusions with lung cancer are"
AJCC7,279,definitions_tnm,"Lung 263 25 DEFINITIONS OF TNM Primary Tumor (T) TX Primary tumor cannot be assessed, or tumor proven by the presence of malignant cells in spu- tum or bronchial washings but not visualized by imaging or bronchoscopy T0 No eviden"
AJCC7,281,stage_group,"The IASLC Lung Can- cer Staging Project: Proposals for the revision of the TNM stage groupings in the forthcoming (seventh) edition of the TNM classiﬁ cation of malignant tumours. J Thorac Oncol. 2007;2:706–14. Groome PA, Bolejack V, Crowley JJ, et al. The IASLC Lung Cancer Staging Project: Va"
AJCC7,283,stage_group,ASTASIS (M) No distant metastasis (no pathologic M0; use clinical M to complete stage group) Distant metastasis Separate tumor nodule(s) in a contralateral lobe; tumor with pleural nodules or malignant pleural (or pericardial) effusion** Distant metastasis (in extrathoracic organs) **Most pleural (
AJCC7,283,definitions_tnm,"urgery TX T0 Tis T1 TX T0 Tis T1 T1a T1b T2 T1a T1b T2 T2a T2b T3 T2a T2b T3 T4 PRIMARY TUMOR (T) Primary tumor cannot be assessed No evidence of primary tumor Tis Carcinoma in situ Tumor £3 cm in greatest dimension, surrounded by lung or visceral pleura, without bronchoscopic evidence of invasion"
AJCC7,284,stage_group,"ffix and ""y,"" ""r,"" and ""a"" prefixes are used. Although they do not affect the stage grouping, they indicate cases needing separate analysis. L UNG S TAGING F ORM HOSPITAL NAME/ADDRESS PATIENT NAME/ INFORMATION A NATOMIC S TAGE • P ROGNOSTIC G ROUPS In order to view this proof accurately, the Ove"
AJCC7,287,stage_group,"CHANGES ● Peridiaphragmatic lymph nodes have been added to the N2 category ANATOMIC STAGE/PROGNOSTIC GROUPS Stage I T1 N0 M0 Stage IA T1a N0 M0 Stage IB T1b N0 M0 Stage II T2 N0 M0 Stage III T1, T2 N1 M0 T1, T2 N2 M0 T3 N0, N1, N2 M0 Sta"
AJCC7,287,chapter_summary,Pleural Mesothelioma 271 26 26 Pleural Mesothelioma At-A-Glance SUMMARY OF CHANGES ● Peridiaphragmatic lymph nodes have been added to the N2 category ANATOMIC STAGE/PROGNOSTIC GROUPS Stage I T1 N0 M0 Stage IA T1a N0 M0 Stage IB T1b N0 M0 St
AJCC7,288,definitions_tnm,multicenter database is needed to determine their true prognostic validity. DEFINITIONS OF TNM IMIG Staging System for Diffuse Malignant Pleural Mesothelioma Primary Tumor (T) TX Primary tumor cannot be assessed T0 No evidence of primary tumor T1 Tumor limited to the ipsilateral parietal ple
AJCC7,289,stage_group,"Distant Metastasis (M) M0 No distant metastasis M1 Distant metastasis present ANATOMIC STAGE/PROGNOSTIC GROUPS Stage I T1 N0 M0 Stage IA T1a N0 M0 Stage IB T1b N0 M0 Stage II T2 N0 M0 Stage III T1, T2 N1 M0 T1, T2 N2 M0 T3 N0, N1, N2 M0 Stage I"
AJCC7,291,stage_group,ASTASIS (M) No distant metastasis (no pathologic M0; use clinical M to complete stage group) Distant metastasis M1 STAGE CATEGORY DEFINITIONS P LEURAL M ESOTHELIOMA S TAGING F ORM left right bilateral LATERALITY: TUMOR SIZE: HOSPITAL NAME/ADDRESS PATIENT NAME/ INFORMATION In order to view th
AJCC7,291,definitions_tnm,ompleted after neoadjuvant therapy AND subsequent surgery T1 T1a T1b T2 T3 T4 PRIMARY TUMOR (T) IMIG Staging System for Diffuse Malignant Pleural Mesothelioma (MPM) Tumor limited to the ipsilateral parietal pleura with or without mediastinal pleura and with or without diaphragmatic pleural involv
AJCC7,292,stage_group,"ffix and ""y,"" ""r,"" and ""a"" prefixes are used. Although they do not affect the stage grouping, they indicate cases needing separate analysis. m suffix indicates the presence of multiple primary tumors in a single site and is recorded in parentheses: pT(m)NM. y prefix indicates those cases in w"
AJCC7,297,stage_group,"ed.) At-A-Glance SUMMARY OF CHANGES ● Stage III is reserved for G3, G4 ANATOMIC STAGE/PROGNOSTIC GROUPS Stage IA T1 N0 M0 G1,2 Low grade, GX Stage IB T2 N0 M0 G1,2 Low grade, GX T3 N0 M0 G1,2 Low grade, GX Stage IIA T1 N0 M0 G3, 4 High grade Stage II"
AJCC7,297,chapter_summary,"Bone (Primary malignant lymphoma and multiple myeloma are not included.) At-A-Glance SUMMARY OF CHANGES ● Stage III is reserved for G3, G4 ANATOMIC STAGE/PROGNOSTIC GROUPS Stage IA T1 N0 M0 G1,2 Low grade, GX Stage IB T2 N0 M0 G1,2 Low grade, GX T3 N0 M0 G"
AJCC7,298,stage_group,"cause regional lymph node involvement from bone tumors is rare, the pathologic stage grouping includes any of the following combinations: pT pG pN pM, or pT pG cN cM, or cT cN pM. Grade should be assigned to all bone sarcomas. Based upon published outcomes data, the current staging system accom"
AJCC7,300,stage_group,"0 No distant metastasis M1 Distant metastasis M1a Lung M1b Other distant sites ANATOMIC STAGE/PROGNOSTIC GROUPS Stage IA T1 N0 M0 G1,2 Low grade, GX Stage IB T2 N0 M0 G1,2 Low grade, GX T3 N0 M0 G1,2 Low grade, GX Stage IIA T1 N0 M0 G3, 4 High grade Stage IIB"
AJCC7,300,definitions_tnm,"the progression of peripheral chon- drosarcoma and enchondroma, respectively. DEFINITIONS OF TNM Primary Tumor (T) TX Primary tumor cannot be assessed T0 No evidence of primary tumor T1 Tumor 8 cm or less in greatest dimension T2 Tumor more than 8 cm in greatest dimension T3 Discontinuous tumors"
AJCC7,305,stage_group,"STASIS (M) No distant metastasis (no pathologic M0; use clinical M to complete stage group) Distant metastasis Lung Other distant sites M1 M1a M1b CLINICAL GROUP T N M IA T1 N0 M0 G1,2 Low grade GX IB T2 N0 M0 G1,2 Low grade GX IB T3 N0 M0 G1,2 Low grade GX IIA T1 N0 M0 G3,4 High grade IIB T2 N0 M"
AJCC7,305,definitions_tnm,ing completed after neoadjuvant therapy AND subsequent surgery TX T0 T1 T2 T3 PRIMARY TUMOR (T) Primary tumor cannot be assessed No evidence of primary tumor Tumor 8 cm or less in greatest dimension Tumor more than 8 cm in greatest dimension Discontinuous tumors in the primary bone site TX T0 T1 T
AJCC7,307,stage_group,"stem as per the criteria recommended by the College of American Pathologists ANATOMIC STAGE/PROGNOSTIC GROUPS Stage IA T1a N0 M0 G1, GX T1b N0 M0 G1, GX Stage IB T2a N0 M0 G1, GX T2b N0 M0 G1, GX Stage IIA T1a N0 M0 G2, G3 T1b N0 M0 G2,"
AJCC7,307,chapter_summary,"ra mater, brain, parenchymatous organs, or hollow viscera are not included.) At-A-Glance SUMMARY OF CHANGES ● Gastrointestinal stromal tumor (GIST) is now included in Chap. 16; ﬁ bromatosis (desmoid tumor), Kaposi’s sarcoma, and infantile ﬁ brosarcoma are no longer included in the histolog"
AJCC7,309,stage_group,"Nodal involvement is rare in adult soft tis- sue sarcomas. In the assigning of stage group, patients whose nodal status is not determined to be positive for tumor, either clinically or pathologically, should be designated as N0. Grade. Grade should be assigned to all sarcomas. Histori- cally"
AJCC7,311,stage_group,"ge III. Distant Metastasis (M) M0 No distant metastasis M1 Distant metastasis ANATOMIC STAGE/PROGNOSTIC GROUPS Stage IA T1a N0 M0 G1, GX T1b N0 M0 G1, GX Stage IB T2a N0 M0 G1, GX T2b N0 M0 G1, GX Stage IIA T1a N0 M0 G2, G3 T1b N0 M0 G2, G3 S"
AJCC7,311,definitions_tnm,Soft Tissue Sarcoma 295 28 DEFINITION OF TNM Primary Tumor (T) TX Primary tumor cannot be assessed T0 No evidence of primary tumor T1 Tumor 5 cm or less in greatest dimension* T1a Superﬁ cial tumor T1b Deep tumor T2 Tumor more than 5 cm in greatest dimension* T2a S
AJCC7,313,stage_group,"ASTASIS (M) No distant metastasis (no pathologic M0; use clinical M to complete stage group) Distant metastasis M1 CLINICAL GROUP Grade Grade T N M IA T1a N0 M0 G1, GX T1b N0 M0 G1, GX IB T2a N0 M0 G1, GX T2b N0 M0 G1, GX IIA T1a N0 M0 G2, G3 T1b N0 M0 G2, G3 IIB T2a"
AJCC7,313,definitions_tnm,after neoadjuvant therapy AND subsequent surgery TX T0 T1 T1a T1b T2 T2a T2b PRIMARY TUMOR (T) Primary tumor cannot be assessed No evidence of primary tumor Tumor 5 cm or less in greatest dimension Superficial tumor Deep tumor Tumor more than 5 cm in greatest dimension Superficial tumor Deep tu
AJCC7,314,stage_group,"ffix and ""y,"" ""r,"" and ""a"" prefixes are used. Although they do not affect the stage grouping, they indicate cases needing separate analysis. m suffix indicates the presence of multiple primary tumors in a single site and is recorded in parentheses: pT(m)NM. y prefix indicates those cases in wh"
AJCC7,317,stage_group,"high-risk features” within the T category and now contributes toward the ﬁ nal stage grouping. Other “high-risk features” include primary anatomic site ear or hair-bearing lip, >2 mm depth, Clark level ≥IV, or perineu- ral invasion ● Advanced T stage is reserved for bony extension or involvement"
AJCC7,317,chapter_summary,"01 29 29 Cutaneous Squamous Cell Carcinoma and Other Cutaneous Carcinomas At-A-Glance SUMMARY OF CHANGES ● The previous edition chapter, entitled “Carcinoma of the Skin,” has been eliminated and two chapters have been created in its place: ● Merkel Cell Carcinoma: An entirely new chapter"
AJCC7,318,stage_group,ed herein for all cSCC and the Ophthalmic Task Force used a different system ANATOMIC STAGE/PROGNOSTIC GROUPS Stage 0 Tis N0 M0 Stage I T1 N0 M0 Stage II T2 N0 M0 Stage III T3 N0 M0 T1 N1 M0 T2 N1 M0 T3 N1 M0 Stage IV T1 N2 M0 T2
AJCC7,319,stage_group,o support 5-cm threshold Histopathologic grade Not included in the ﬁ nal stage grouping Included as part of the T staging and therefore contributes to ﬁ nal staging Degree of differentiation has been reported as a risk factor for cSCC High-risk features Not used for T or ﬁ nal sta
AJCC7,320,definitions_tnm,"JCC staging system, 2- and 5-cm tumor size thresholds were used to deﬁ ne the primary tumor (T) and were the sole criteria for T1, T2, and T3. Multiple studies corroborate a correlation between tumor size and more biologically aggressive disease, including local recurrence and metastasis in uni"
AJCC7,321,stage_group,"enote histopathologic grade, however, grade did not con- tribute toward overall stage grouping (Table 29.1 ). For the seventh edition AJCC cSCC staging, histopathologic grade includes poorly differentiated tumors as one of the several high-risk features. Extension to Bony Structures. In the"
AJCC7,323,definitions_tnm,gests that prognosis is inversely cor- related with increasing nodal disease. DEFINITIONS OF TNM Deﬁ nitions for clinical (cTNM) and pathologic (pTNM) classiﬁ cations are the same. Patients with cSCC in situ are categorized as Tis. Carcinomas that are indeterminate or can- not be staged should
AJCC7,324,stage_group,"r • 2010 Distant Metastasis (M) M0 No distant metastases M1 Distant metastases ANATOMIC STAGE/PROGNOSTIC GROUPS Patients with primary cSCC or other cutaneous carci- nomas with no evidence (clinical, radiologic, or patho- logic) of regional or distant metastases are divided into two stages: Stage"
AJCC7,327,stage_group,ASTASIS (M) No distant metastasis (no pathologic M0; use clinical M to complete stage group) Distant metastasis M1 STAGE CATEGORY DEFINITIONS HOSPITAL NAME/ADDRESS PATIENT NAME/ INFORMATION CUTANEOUS SQUAMOUS CELL/OTHER CUTANEOUS CARCINOMA STAGING FORM left right bilateral LATERALITY: midl
AJCC7,327,definitions_tnm,pleted after neoadjuvant therapy AND subsequent surgery TX T0 Tis T1 T2 T3 T4 PRIMARY TUMOR (T)* Primary tumor cannot be assessed No evidence of primary tumor Tis Carcinoma in situ Tumor 2 cm or less in greatest dimension with less than two high risk features** Tumor greater than 2 cm in greatest
AJCC7,328,stage_group,"ffix and ""y,"" ""r,"" and ""a"" prefixes are used. Although they do not affect the stage grouping, they indicate cases needing separate analysis. m suffix indicates the presence of multiple primary tumors in a single site and is recorded in parentheses: pT(m)NM. y prefix indicates those cases in w"
AJCC7,331,stage_group,ell carcinoma was previously included in the “Carcinoma of the Skin” chapter ANATOMIC STAGE/PROGNOSTIC GROUPS Patients with primary Merkel cell carcinoma with no evi- dence of regional or distant metastases (either clinically or pathologically) are divided into two stages: Stage I for primary
AJCC7,331,chapter_summary,"] is not included in this chapter – see Chap. 48, “Carcinoma of the Eyelid”) At-A-Glance SUMMARY OF CHANGES ● This is the ﬁ rst staging chapter speciﬁ c for Merkel cell carcinoma. Merkel cell carcinoma was previously included in the “Carcinoma of the Skin” chapter ANATOMIC STAGE/PROGNOSTI"
AJCC7,333,definitions_tnm,", immunosuppressed patients frequently present with more advanced disease. 4 DEFINITIONS OF TNM Those patients with MCC presentations where the primary tumor cannot be assessed should be categorized as TX. Patients with Merkel cell carcinoma in situ are categorized as Tis. The T category of"
AJCC7,334,stage_group,"as N1b and the pathologic classiﬁ cation would be NX. Then in determining the stage grouping, it would be Stage IIIB defaulting to the higher N category. Distant metastases are deﬁ ned as metastases that have spread beyond the draining lymph node basin, including cutaneous, nodal, and viscera"
AJCC7,334,definitions_tnm,"he draining lymph node basin, including cutaneous, nodal, and visceral sites. Primary Tumor (T) TX Primary tumor cannot be assessed T0 No evidence of primary tumor (e.g., nodal/meta- static presentation without associated primary) Tis In situ primary tumor T1 Less than or equal to 2 cm maximum tum"
AJCC7,337,stage_group,"ASTASIS (M) No distant metastasis (no pathologic M0; use clinical M to complete stage group) Note: Isolated tumor nodes should be considered positive nodes. Note: Isolated tumor nodes should be considered positive nodes. Metastasis beyond regional lymph nodes Metastasis to skin, subcutaneous tiss"
AJCC7,337,definitions_tnm,pleted after neoadjuvant therapy AND subsequent surgery TX T0 Tis T1 T2 T3 T4 PRIMARY TUMOR (T) Primary tumor cannot be assessed No evidence of primary tumor In situ primary tumor Less than or equal to 2 cm maximum tumor dimension Greater than 2 cm but not more than 5 cm maximum tumor dimension Ov
AJCC7,338,stage_group,"ffix and ""y,"" ""r,"" and ""a"" prefixes are used. Although they do not affect the stage grouping, they indicate cases needing separate analysis. m suffix indicates the presence of multiple primary tumors in a single site and is recorded in parentheses: pT(m)NM. General Notes (continued): y prefix"
AJCC7,341,chapter_summary,"Melanoma of the Skin 325 31 31 Melanoma of the Skin At-A-Glance SUMMARY OF CHANGES ● Mitotic rate (histologically deﬁ ned as mitoses/mm 2 , not mitoses/10 HPF) is an impor- tant primary tumor prognostic factor. A mitotic rate equal to or greater than 1/mm 2 denotes"
AJCC7,342,stage_group,categories and groupings for the seventh edition. The TNM categories and the stage groupings are deﬁ ned in the following chap- ter. Twenty-year survival rates for patients with Stages I–IV melanoma are shown in Figure 31.1 . Differences between the sixth edition version and the seventh editio
AJCC7,343,stage_group,tract. RULES FOR CLASSIFICATION The deﬁ nitions of clinical vs. pathologic stage grouping differ according to whether the regional lymph nodes are staged by clinical/radiographic exam or by pathologic evaluation of the nodal status. Clinical Staging. Clinical Stages I and II are conﬁ ned
AJCC7,344,stage_group,"T3b 68% T4b 53% N1a N2a 55% N1b N2b N3 38% Note that the stage groupings involve upstaging to account for melanoma ulceration, where thinner melanomas with ulceration are grouped with the next greatest T substage for nonulcerated melanomas. a The presence of tumor ulcerati"
AJCC7,345,stage_group,mela- noma staging database comparing the different T categories ( A ) and the stage groupings ( B ) for stages I and II melanoma. TABLE 31.3. 2008 AJCC Melanoma Staging Database: Stage I/II survival by current T classiﬁ cation T classiﬁ cation N a Survival rate ± SE 5-Year 10-Year
AJCC7,347,stage_group,"hese patients (Table 31.7 ). These characteristics were incorporated into the stage grouping criteria. For exam- ple, the presence of tumor ulceration was used as a criterion for a higher assigned substage due to lower observed survival rates, such that, there was a uniform 5-year survival proba"
AJCC7,348,stage_group,"melanoma staging database comparing the different N categories ( A ) and the stage groupings ( B ) for stage III melanoma. ( C ) This ﬁ gure shows the more favorable survival for the subgroup of stage III patients with satellites or in transit lesions. In order to view this proof accurately, t"
AJCC7,350,stage_group,n criteria described above reﬂ ecting metastatic site and serum LDH status. Stage Groups Localized Melanoma (Stages I and II). Patients with pri- mary melanomas with no evidence of regional or distant metastases (either clinically or pathologically) are divided into two stages: Stage I for
AJCC7,351,stage_group,tage IIC are T4 melanomas with ulceration (T4bN0M0). Survival rates for these stage groupings are shown in Figure 31.2 . Regional Metastases (Stage III). There are no substages assigned for clinical Stage III melanoma. The major deter- minants of outcome for pathologic Stage III melanoma are
AJCC7,351,definitions_tnm,"e M categories are small, there are no stage subgroups of Stage IV melanoma. DEFINITIONS OF TNM Primary Tumor (T) TX Primary tumor cannot be assessed (e.g., curettaged or severely regressed melanoma) T0 No evidence of primary tumor Tis Melanoma in situ T1 Melanomas 1.0 mm or less in thickness T"
AJCC7,352,stage_group,All other visceral metastases Any distant metastasis Normal Elevated ANATOMIC STAGE/PROGNOSTIC GROUPS Clinical Staging * Pathologic Staging ** Stage 0 Tis N0 M0 0 Tis N0 M0 Stage IA T1a N0 M0 IA T1a N0 M0 Stage IB T1b N0 M0 IB T1b N0 M0
AJCC7,353,stage_group,". When entering melanoma TNM data into cancer registries for the purposes of stage grouping, the elec- tronic data ﬁ elds must record the measured tumor thickness (in hundredths of a millimeter), the presence or absence of ulceration (based upon histopathologic examination), and mitotic rate i"
AJCC7,357,stage_group,"ASTASIS (M) No distant metastasis (no pathologic M0; use clinical M to complete stage group) Metastases to skin, subcutaneous tissues, or distant lymph nodes Metastases to lung Metastases to all other visceral sites or distant metastases to any site combined with an elevated serum LDH M1a M1b M1c S"
AJCC7,357,definitions_tnm,y AND subsequent surgery TX T0 Tis T1 T1a T1b T2 T2a T2b T3 T3a T3b T4 T4a T4b PRIMARY TUMOR (T) Primary tumor cannot be assessed No evidence of primary tumor Melanoma in situ Melanomas <1.0 mm in thickness without ulceration and mitosis <1/mm2 Melanomas 1.01 – 2.0 mm without ulceration with ulcera
AJCC7,358,stage_group,"ffix and ""y,"" ""r,"" and ""a"" prefixes are used. Although they do not affect the stage grouping, they indicate cases needing separate analysis. m suffix indicates the presence of multiple primary tumors in a single site and is recorded in parentheses: pT(m)NM. y prefix indicates those cases in w"
AJCC7,363,chapter_summary,"Breast 347 32 32 Breast At-A-Glance SUMMARY OF CHANGES Tumor (T) ● Identiﬁ ed speciﬁ c imaging modalities that can be used to estimate clinical tumor size, including mammography, ultrasound, and magnetic resonance imaging (MRI) ● Made s"
AJCC7,364,stage_group,"actically) if not exceeding 0.2 mm. However, this category does not change the Stage Grouping. Assuming that they do not have clinically and/or radiographi- cally detectable metastases, patients with M0(i+) are staged according to T and N Postneoadjuvant Therapy (yc or ypTNM) ● In the setting of"
AJCC7,364,chapter_summary,348 American Joint Committee on Cancer • 2010 SUMMARY OF CHANGES (CONTINUED) ● Maintained that the term “inﬂ ammatory carcinoma” be restricted to cases with typical skin changes involving a third or more of the skin of the breast. While the histologic presence of
AJCC7,365,stage_group,", the status of the surrounding lymph nodes (N), and the presence of distant ANATOMIC STAGE/PROGNOSTIC GROUPS Stage 0 Tis N0 M0 Stage IA T1 * N0 M0 Stage IB T0 N1mi M0 T1 * N1mi M0 Stage IIA T0 N1 ** M0 T1 * N1 ** M0 T2 N0 M0 Stage IIB T"
AJCC7,365,definitions_tnm,"e AJCC Staging Manual have been published, in which careful deﬁ nitions of the primary tumor (T), the status of the surrounding lymph nodes (N), and the presence of distant ANATOMIC STAGE/PROGNOSTIC GROUPS Stage 0 Tis N0 M0 Stage IA T1 * N0 M0 Stage IB T0 N1mi M0 T1 *"
AJCC7,367,stage_group,"ultigene expression proﬁ les would be incorporated and ultimately added to the Stage Grouping. However, for the reasons above, the Breast Cancer Task Force decided such a step would add little, since they are already used to care for individual patients. Such a change would, by deﬁ ni- tion, com"
AJCC7,369,stage_group,"ection by pathologic examination. A cancer can be classiﬁ ed pT for pathologic stage grouping if there is only microscopic, but not macroscopic, involvement at the margin. If there is transected tumor in the margin of resection by macroscopic examination, the pathologic size of the tumor may be"
AJCC7,369,definitions_tnm,"preﬁ x “yp” should be used with the TNM classiﬁ cation, for example, ypTNM. Primary Tumor (T) Determining Tumor Size. The original size of a primary tumor (T) can be measured based on clinical ﬁ ndings (physi- cal examination and imaging modalities such as mammog- raphy, ultrasound, and MRI)"
AJCC7,374,definitions_tnm,358 American Joint Committee on Cancer • 2010 DEFINITIONS OF TNM The increasing use of neoadjuvant therapy in breast can- cer and the documented prognostic impact of postneoad- juvant extent of disease and response to therapy warrant clear definitions of the use
AJCC7,376,stage_group,"(M1) before chemother- apy, the patient will be designated as M1 throughout. ANATOMIC STAGE/PROGNOSTIC GROUPS Stage 0 Tis N0 M0 Stage IA T1 * N0 M0 Stage IB T0 N1mi M0 T1 * N1mi M0 Stage IIA T0 N1 ** M0 T1 * N1 ** M0 T2 N0 M0 Stage IIB T2 N1 M0"
AJCC7,377,stage_group,"● Postneoadjuvant therapy is designated with “yc” or “yp” preﬁ x. Of note, no stage group is assigned if there is a complete pathologic response (CR) to neoadjuvant therapy, for example, ypT0ypN0cM0. PROGNOSTIC FACTORS (SITE-SPECIFIC FACTORS) (Recommended for Collection) Required for staging"
AJCC7,379,definitions_tnm,"he design, conduct, analysis, and reporting of tumor marker studies. 24 – 30 Primary Tumor (T) Should histologic grade (Nottingham combined histologic grade recommended) be incorporated into the TNM classi- ﬁ cation system? As noted, the issue of inclusion of histologic grade was very serio"
AJCC7,380,stage_group,ses be considered different from nodal macrometastases for purposes of overall stage grouping? The AJCC Cancer Staging Manual has traditionally grouped breast cancer cases with exclusively nodal micrometastases (pN1mi) as having the same prognostic signiﬁ cance as mac- rometastases with respec
AJCC7,387,definitions_tnm,s (DCIS) Tis (LCIS) Tis (Paget’s) T1 T1mi T1a T1b T1c T2 T3 T4 T4a T4b T4c T4d PRIMARY TUMOR (T) Primary tumor cannot be assessed No evidence of primary tumor Carcinoma in situ Ductal carcinoma in situ Lobular carcinoma in situ Paget’s disease of the nipple is NOT associated with invasive carcinoma
AJCC7,389,stage_group,"c evidence of distant metastases (no pathologic M0; use clinical M to complete stage group) No clinical or radiographic evidence of distant metastases, but deposits of molecularly or microscopically detected tumor cells in circulating blood, bone marrow or other non-regional nodal tissue that are"
AJCC7,390,stage_group,"ffix and ""y,"" ""r,"" and ""a"" prefixes are used. Although they do not affect the stage grouping, they indicate cases needing separate analysis. m suffix indicates the presence of multiple primary tumors in a single site and is recorded in parentheses: pT(m)NM. y prefix indicates those cases in w"
AJCC7,395,stage_group,included) At-A-Glance SUMMARY OF CHANGES ● The deﬁ nition of TNM and the Stage Grouping for this chapter have changed from the Sixth Edition and reﬂ ect new staging adopted by the International Federation of Gyne- cology and Obstetrics (FIGO) (2008) ANATOMIC STAGE/PROGNOSTIC GROUPS Stage
AJCC7,395,chapter_summary,Vulva 379 33 33 Vulva (Mucosal malignant melanoma is not included) At-A-Glance SUMMARY OF CHANGES ● The deﬁ nition of TNM and the Stage Grouping for this chapter have changed from the Sixth Edition and reﬂ ect new staging adopted by the International Federation of Gyne- cology and
AJCC7,396,definitions_tnm,e not uniformly identiﬁ ed as important prognostic factors in vulvar cancer. DEFINITIONS OF TNM The deﬁ nitions of the T categories correspond to the stages accepted by the Fédération Internationale de Gynécologie et d’Obstétrique (FIGO). Both systems are included for com- parison. Primary
AJCC7,397,stage_group,"Vulva 381 33 ANATOMIC STAGE/PROGNOSTIC GROUPS Stage 0 * Tis N0 M0 Stage I T1 N0 M0 Stage IA T1a N0 M0 Stage IB T1b N0 M0 Stage II T2 N0 M0 Stage IIIA T1, T2 N1a, N1b M0 Stage IIIB T"
AJCC7,399,stage_group,ASTASIS (M) No distant metastasis (no pathologic M0; use clinical M to complete stage group) Distant metastasis (including pelvic lymph node metastasis) TNM FIGO CATEGORY STAGE M1 IVB STAGE CATEGORY DEFINITIONS VULVA STAGING FORM left right bilateral LATERALITY: TUMOR SIZE: HOSPITAL
AJCC7,399,definitions_tnm,"t surgery TNM FIGO CATEGORY STAGE TX T0 Tis * T1a IA T1b IB T2*** II T3**** IVA PRIMARY TUMOR (T) Primary tumor cannot be assessed No evidence of primary tumor Carcinoma in situ (preinvasive carcinoma) Lesions >2 cm in size or any size with stromal invasion >1.0 mm, confined to the vulva or perineu"
AJCC7,400,stage_group,"ffix and ""y,"" ""r,"" and ""a"" prefixes are used. Although they do not affect the stage grouping, they indicate cases needing separate analysis. m suffix indicates the presence of multiple primary tumors in a single site and is recorded in parentheses: pT(m)NM. y prefix indicates those cases in w"
AJCC7,403,stage_group,4 Vagina At-A-Glance SUMMARY OF CHANGES ● The deﬁ nition of TNM and the Stage Grouping for this chapter have not changed from the Sixth Edition ANATOMIC STAGE/PROGNOSTIC GROUPS Stage 0 * Tis N0 M0 Stage I T1 N0 M0 Stage II T2 N0 M0 Stage III T1–T3 N1 M0
AJCC7,403,chapter_summary,Vagina 387 34 34 Vagina At-A-Glance SUMMARY OF CHANGES ● The deﬁ nition of TNM and the Stage Grouping for this chapter have not changed from the Sixth Edition ANATOMIC STAGE/PROGNOSTIC GROUPS Stage 0 * Tis N0 M0 Stage I T1
AJCC7,404,stage_group,egories Stages M0 No distant metastasis M1 IVB Distant metastasis ANATOMIC STAGE/PROGNOSTIC GROUPS Stage 0 * Tis N0 M0 Stage I T1 N0 M0 Stage II T2 N0 M0 Stage III T1–T3 N1 M0 T3 N0 M0 Stage IVA T4 Any N M0 Stage IVB Any T Any N M1
AJCC7,404,definitions_tnm,the extent of invasion into the surrounding tis- sue or of metastatic spread. DEFINITIONS OF TNM The deﬁ nitions of the T categories correspond to the stages accepted by the Fédération Internationale de Gynécologie et d’Obstétrique (FIGO). Both systems are included for com- parison. Primary
AJCC7,407,stage_group,STASIS (M) No distant metastasis (no pathologic M0; use clinical M to complete stage group) Distant metastasis TNM FIGO CATEGORY STAGE M1 IVB CLINICAL GROUP T N M 0 Tis N0 M0 I T1 N0 M0 II T2 N0 M0 III T1–T3 N1 M0 T3 N0 M0 IVA T4 Any N M0 IVB Any T Any N M1 *FIGO no longer include
AJCC7,407,definitions_tnm,subsequent surgery TNM FIGO CATEGORY STAGE TX T0 Tis * T1 I T2 II T3 III T4 IVA PRIMARY TUMOR (T) Primary tumor cannot be assessed No evidence of primary tumor Carcinoma in situ Tumor confined to vagina Tumor invades paravaginal tissues but not to pelvic wall Tumor extends to pelvic wall** Tumor in
AJCC7,408,stage_group,"ffix and ""y,"" ""r,"" and ""a"" prefixes are used. Although they do not affect the stage grouping, they indicate cases needing separate analysis. m suffix indicates the presence of multiple primary tumors in a single site and is recorded in parentheses: pT(m)NM. y prefix indicates those cases in w"
AJCC7,411,stage_group,rvix Uteri At-A-Glance SUMMARY OF CHANGES ● The deﬁ nition of TNM and the Stage Grouping for this chapter have changed from the Sixth Edition and reﬂ ect new staging adopted by the International Federation of Gynecology and Obstetrics (FIGO) (2008) ANATOMIC STAGE/PROGNOSTIC GROUPS (FIGO 2
AJCC7,411,chapter_summary,Cervix Uteri 395 35 35 Cervix Uteri At-A-Glance SUMMARY OF CHANGES ● The deﬁ nition of TNM and the Stage Grouping for this chapter have changed from the Sixth Edition and reﬂ ect new staging adopted by the International Federation of Gynecology and O
AJCC7,412,definitions_tnm,"and they have a very poor prognosis, often with rapidly progressive cancer. DEFINITIONS OF TNM The deﬁ nitions of the T categories correspond to the stages accepted by the Fédération Internationale de Gynécologie et d’Obstétrique (FIGO). Both systems are included for com- parison. In order"
AJCC7,413,stage_group,"ra- clavicular, mediastinal, or paraaortic lymph nodes, lung, liver, or bone) ANATOMIC STAGE/PROGNOSTIC GROUPS (FIGO 2008) Stage 0 * Tis N0 M0 Stage I T1 N0 M0 Stage IA T1a N0 M0 Stage IA1 T1a1 N0 M0 Stage IA2 T1a2 N0 M0 Stage IB T1b N0 M0 Stage IB"
AJCC7,413,definitions_tnm,Cervix Uteri 397 35 Primary Tumor (T) TNM FIGO Categories Stages TX Primary tumor cannot be assessed T0 No evidence of primary tumor Tis * Carcinoma in situ (preinvasive carcinoma) T1 I Cervical carcinoma conﬁ ned
AJCC7,414,stage_group,"ould be included. Grading is encouraged but is not a basis for modi- fying the stage groupings. When surgery is the primary treatment, the histologic ﬁ ndings permit the case to have pathologic staging, and the pTNM nomenclature is to be used. The histopathologic types are as follows: Cervical"
AJCC7,415,definitions_tnm,2 IB2 T2 II T2a IIA T2a1 IIA1 T2a2 IIA2 T2b IIB T3 III T3a IIIA T3b IIIB T4 IVA PRIMARY TUMOR (T) Primary tumor cannot be assessed No evidence of primary tumor Carcinoma in situ (preinvasive carcinoma) Cervical carcinoma confined to uterus (extension to corpus should be disre- garded) Invasive carci
AJCC7,416,stage_group,"ASTASIS (M) No distant metastasis (no pathologic M0; use clinical M to complete stage group) Distant metastasis (including peritoneal spread, involvement of supraclavicular, mediastinal, or paraaortic lymph nodes, lung, liver, or bone) TNM FIGO CATEGORY STAGE M1 CLINICAL GROUP T N M Stage 0* Tis N0"
AJCC7,419,stage_group,rpus Uteri At-A-Glance SUMMARY OF CHANGES ● The deﬁ nition of TNM and the Stage Grouping for this chapter have changed from the Sixth Edition and reﬂ ect new staging adopted by the International Federation of Gynecology and Obstetrics (FIGO) (2008) ● A separate staging schema adopted by FI
AJCC7,419,chapter_summary,Corpus Uteri 403 36 36 Corpus Uteri At-A-Glance SUMMARY OF CHANGES ● The deﬁ nition of TNM and the Stage Grouping for this chapter have changed from the Sixth Edition and reﬂ ect new staging adopted by the International Federation of Gynecology and O
AJCC7,420,stage_group,"six or more lymph nodes. For TNM staging, cases with fewer than six resected ANATOMIC STAGE/PROGNOSTIC GROUPS (CONTINUED) Sarcomas Stage I T1 N0 M0 Stage IA* T1a N0 M0 Stage IB* T1b N0 M0 Stage IC** T1c N0 M0 Stage II T2 N0 M0 Stage IIIA T3a N0 M0"
AJCC7,421,stage_group,"esignate cases where ade- quate pathologic specimens are available for accurate stage groupings. When there are insufﬁ cient surgical-pathologic ﬁ ndings, the clinical cT, cN, cM categories should be used on the basis of clinical evaluation. PROGNOSTIC FEATURES The presence or absence of meta"
AJCC7,422,stage_group,"es metastasis to para-aortic lymph nodes, vagina, pelvic serosa, or adnexa) ANATOMIC STAGE/PROGNOSTIC GROUPS Carcinomas * Stage 0 ** Tis N0 M0 Stage I T1 N0 M0 Stage IA T1a N0 M0 Stage IB T1b N0 M0 Stage II T2 N0 M0 Stage III T3 N0 M0 Stage IIIA"
AJCC7,422,definitions_tnm,406 American Joint Committee on Cancer • 2010 DEFINITIONS OF TNM The deﬁ nitions of the T categories correspond to the stages accepted by FIGO. Uterine Carcinomas Carcinosarcomas should be staged as carcinoma. FIGO stages are further subdivided by histologi
AJCC7,423,stage_group,"t metastasis (excluding adnexa, pelvic and abdominal tissues) Uterine Sarcomas ANATOMIC STAGE/PROGNOSTIC GROUPS Stage I T1 N0 M0 Stage IA* T1a N0 M0 Stage IB* T1b N0 M0 Stage IC** T1c N0 M0 In order to view this proof accurately, the Overprint Preview Option must be"
AJCC7,423,definitions_tnm,"l Stromal Sarcoma, Adenosarcoma) Leiomyosarcoma and Endometrial Stromal Sarcoma Primary Tumor (T) TNM FIGO Deﬁ nition Categories Stages TX Primary tumor cannot be assessed T0 No evidence of primary tumor T1 I Tumor limited to the uterus T1a IA Tumor 5 cm or less in greatest dimension T1b IB Tumor"
AJCC7,424,stage_group,"408 American Joint Committee on Cancer • 2010 ANATOMIC STAGE/PROGNOSTIC GROUPS (CONTINUED) Stage II T2 N0 M0 Stage IIIA T3a N0 M0 Stage IIIB T3b N0 M0 Stage IIIC T1, T2, T3 N1 M0 Stage IVA T4 Any N M0 Stage IVB Any T An"
AJCC7,427,stage_group,"ASTASIS (M) No distant metastasis (no pathologic M0; use clinical M to complete stage group) Distant metastasis (includes metastasis to inguinal lymph nodes intraperitoneal disease, or lung, liver, or bone. It excludes metastasis to para-aortic lymph nodes, vagina, pelvic serosa, or adnexa) TNM F"
AJCC7,427,definitions_tnm,GO CATEGORY STAGE TX T0 Tis * T1 I T1a IA T1b IB T2 II T3a IIIA T3b IIIB T4 IVA PRIMARY TUMOR (T) Primary tumor cannot be assessed No evidence of primary tumor Carcinoma in situ (preinvasive carcinoma) Tumor confined to corpus uteri Tumor limited to endometrium or invades less than one-half of the
AJCC7,428,stage_group,"ffix and ""y,"" ""r,"" and ""a"" prefixes are used. Although they do not affect the stage grouping, they indicate cases needing separate analysis. m suffix indicates the presence of multiple primary tumors in a single site and is recorded in parentheses: pT(m)NM. y prefix indicates those cases in w"
AJCC7,431,definitions_tnm,"1 I T1a IA T1b IB T1c IC T2 II T2a IIA T2b IIB T3 III* T3a IIIA T3b IIIB T4 IVA PRIMARY TUMOR (T) Leiomyosarcoma, Endometrial Stromal Sarcoma Primary tumor cannot be assessed No evidence of primary tumor Tumor limited to the uterus Tumor 5 cm or less in greatest dimension Tumor more than 5 cm Tumor"
AJCC7,432,stage_group,"ASTASIS (M) No distant metastasis (no pathologic M0; use clinical M to complete stage group) Distant metastasis (excluding adexa, pelvic, and abdominal tissue) TNM FIGO CATEGORY STAGE M1 IVB CLINICAL GROUP T N M I T1 N0 M0 IA* T1a N0 M0 IB* T1b N0 M0 IC** T1c N0 M0 II T2 N0 M0 IIIA T3a N0 M0 IIIB T"
AJCC7,435,stage_group,Carcinoma At-A-Glance SUMMARY OF CHANGES ● The deﬁ nition of TNM and the Stage Grouping for this chapter have not changed from the Sixth Edition ● Primary peritoneal carcinoma has been included in this chapter ANATOMIC STAGE/PROGNOSTIC GROUPS Stage I T1 N0 M0 Stage IA T1a
AJCC7,435,chapter_summary,ary Peritoneal Carcinoma 419 37 37 Ovary and Primary Peritoneal Carcinoma At-A-Glance SUMMARY OF CHANGES ● The deﬁ nition of TNM and the Stage Grouping for this chapter have not changed from the Sixth Edition ● Primary peritoneal carcinoma has been included in this chapter ANATOMIC S
AJCC7,437,stage_group,"n. The pT, pN, and pM categories correspond to the T, N, and M categories. ANATOMIC STAGE/PROGNOSTIC GROUPS Stage I T1 N0 M0 Stage IA T1a N0 M0 Stage IB T1b N0 M0 Stage IC T1c N0 M0 Stage II T2 N0 M0 Stage IIA T2a N0 M0 Stage IIB T2b N0 M0"
AJCC7,437,definitions_tnm,Ovary and Primary Peritoneal Carcinoma 421 37 DEFINITIONS OF TNM The deﬁ nitions of the T categories correspond to the stages accepted by the Fédération Internationale de Gynécologie et d’Obstétrique (FIGO). Both systems are included for com- parison. Primary
AJCC7,441,stage_group,STASIS (M) No distant metastasis (no pathologic M0; use clinical M to complete stage group) Distant metastasis (excludes peritoneal metastasis) TNM FIGO CATEGORY STAGE M1 IV STAGE CATEGORY DEFINITIONS OVARY STAGING FORM left right bilateral LATERALITY: TUMOR SIZE: HOSPITAL NAME/ADD
AJCC7,441,definitions_tnm,"A T1b IB T1c IC T2 II T2a IIA T2b IIB T2c IIC T3 III T3a IIIA T3b IIIB T3c IIIC PRIMARY TUMOR (T) Primary tumor cannot be assessed No evidence of primary tumor Tumor limited to ovaries (one or both) Tumor limited to one ovary; capsule intact, no tumor on ovarian surface. No malignant cells in ascit"
AJCC7,442,stage_group,"ffix and ""y,"" ""r,"" and ""a"" prefixes are used. Although they do not affect the stage grouping, they indicate cases needing separate analysis. m suffix indicates the presence of multiple primary tumors in a single site and is recorded in parentheses: pT(m)NM. y prefix indicates those cases in w"
AJCC7,445,stage_group,opian Tube At-A-Glance SUMMARY OF CHANGES ● The deﬁ nition of TNM and the Stage Grouping for this chapter have not changed from the Sixth Edition ANATOMIC STAGE/PROGNOSTIC GROUPS Stage 0 * Tis N0 M0 Stage I T1 N0 M0 Stage IA T1a N0 M0 Stage IB T1b N0 M0 Sta
AJCC7,445,chapter_summary,Fallopian Tube 429 38 38 Fallopian Tube At-A-Glance SUMMARY OF CHANGES ● The deﬁ nition of TNM and the Stage Grouping for this chapter have not changed from the Sixth Edition ANATOMIC STAGE/PROGNOSTIC GROUPS Stage 0 * Tis N0 M0 Stage I T1
AJCC7,446,definitions_tnm,residual tumor after surgical debulking appears to be related to prognosis. DEFINITIONS OF TNM Primary Tumor (T) TNM FIGO Categories Stages TX Primary tumor cannot be assessed T0 No evidence of primary tumor Tis * Carcinoma in situ (limited to tubal mucosa) T1 I Tumo
AJCC7,447,stage_group,IV Distant metastasis (excludes metas- tasis within the peritoneal cavity) ANATOMIC STAGE/PROGNOSTIC GROUPS Stage 0 * Tis N0 M0 Stage I T1 N0 M0 Stage IA T1a N0 M0 Stage IB T1b N0 M0 Stage IC T1c N0 M0 Stage II T2 N0 M0 Stage IIA T2a N0 M0
AJCC7,449,stage_group,STASIS (M) No distant metastasis (no pathologic M0; use clinical M to complete stage group) Distant metastasis (excludes metastasis within the peritoneal cavity) TNM FIGO CATEGORY STAGE M1 IV STAGE CATEGORY DEFINITIONS FALLOPIAN TUBE STAGING FORM left right bilateral LATERALITY: TU
AJCC7,449,definitions_tnm,"IIC T2c IIC T3 III T3 III T3a IIIA T3a IIIA T3b IIIB T3b IIIB T3c IIIC T3c IIIC PRIMARY TUMOR (T) Primary tumor cannot be assessed No evidence of primary tumor Carcinoma in situ (limited to tubal mucosa) Tumor limited to the fallopian tube(s) Tumor limited to one tube, without penetrating the serosa"
AJCC7,450,stage_group,"ffix and ""y,"" ""r,"" and ""a"" prefixes are used. Although they do not affect the stage grouping, they indicate cases needing separate analysis. m suffix indicates the presence of multiple primary tumors in a single site and is recorded in parentheses: pT(m)NM. y prefix indicates those cases in w"
AJCC7,453,stage_group,tic Tumors At-A-Glance SUMMARY OF CHANGES ● The deﬁ nition of TNM and the Stage Grouping for this chapter have not changed from the Sixth Edition ANATOMIC STAGE/PROGNOSTIC GROUPS Group T M Risk Factors Stage I T1 M0 Unknown Stage IA T1 M0 Low risk Stage IB T1 M
AJCC7,453,chapter_summary,stational Trophoblastic Tumors 437 39 39 Gestational Trophoblastic Tumors At-A-Glance SUMMARY OF CHANGES ● The deﬁ nition of TNM and the Stage Grouping for this chapter have not changed from the Sixth Edition ANATOMIC STAGE/PROGNOSTIC GROUPS Group T M Risk Factors Stage I T1
AJCC7,455,stage_group,tasis M1a III Lung metastasis M1b IV All other distant metastasis ANATOMIC STAGE/PROGNOSTIC GROUPS Group T M Risk Factors Stage I T1 M0 Unknown Stage IA T1 M0 Low risk Stage IB T1 M0 High risk Stage II T2 M0 Unknown Stage IIA T2 M0 Low ri
AJCC7,455,definitions_tnm,ltiple-agent che- motherapy usually results in a cure for high-risk patients. DEFINITIONS OF TNM Primary Tumor (T) TNM FIGO Categories Stages TX Primary tumor cannot be assessed T0 No evidence of primary tumor T1 I Tumor conﬁ ned to uterus T2 II Tumor extends to other
AJCC7,457,stage_group,STASIS (M) No distant metastasis (no pathologic M0; use clinical M to complete stage group) Distant metastasis Lung metastasis All other distant metastasis TNM FIGO CATEGORY STAGE M1 M1a III M1b IV CLINICAL GROUP T N M RISK SCORE RISK SCORE I T1 M0 Unknown IA T1 M0 Low risk IB T1 M0 High risk II
AJCC7,457,definitions_tnm,"juvant therapy AND subsequent surgery TNM FIGO CATEGORY STAGE TX T0 T1 I T2 II PRIMARY TUMOR (T) Primary tumor cannot be assessed No evidence of primary tumor Tumor confined to uterus Tumor extends to other genital structures (ovary, tube, vagina, broad ligaments) by metastasis or direct extension"
AJCC7,458,stage_group,"ffix and ""y,"" ""r,"" and ""a"" prefixes are used. Although they do not affect the stage grouping, they indicate cases needing separate analysis. m suffix indicates the presence of multiple primary tumors in a single site and is recorded in parentheses: pT(m)NM. y prefix indicates those cases in w"
AJCC7,463,stage_group,e SUMMARY OF CHANGES The following changes in the deﬁ nition of TNM and the Stage Grouping for this chapter have been made since the Sixth Edition ● T1 has been subdivided into T1a and T1b based on the presence or absence of lympho- vascular invasion or poorly differentiated cancers ● T3 cat
AJCC7,463,chapter_summary,40 40 Penis (Primary urethral carcinomas and melanomas are not included) At-A-Glance SUMMARY OF CHANGES The following changes in the deﬁ nition of TNM and the Stage Grouping for this chapter have been made since the Sixth Edition ● T1 has been subdivided into T1a and T1b based on the pr
AJCC7,464,stage_group,rs of node involvement (Table 40.1 ). The multiple variables in addition to anatomic stage that have been proposed as prognostic in penile carcinoma have been recently evaluated using an outcomes prediction nomogram tool to deﬁ ne lymph node involvement by Ficarra et al. Their group has prop
AJCC7,465,definitions_tnm,"ia lymph node biopsy of clinically suspi- cious lymph nodes. The deﬁ nitions of primary tumor (T) for Ta, T1, T2, T3, and T4 are illustrated in Figures 40.1 – 40.5 . DEFINITIONS OF TNM Primary Tumor (T) TX Primary tumor cannot be assessed T0 No evidence of primary tumor Tis Carcinoma in situ Ta"
AJCC7,466,stage_group,"multiple primary tumors and is recorded in parentheses – e.g., pTa (m) N0M0. ANATOMIC STAGE/PROGNOSTIC GROUPS Stage 0 Tis N0 M0 Ta N0 M0 Stage I T1a N0 M0 Stage II T1b N0 M0 T2 N0 M0 T3 N0 M0 Stage IIIA T1-3 N1 M0 Stage IIIB T1-3 N2 M0 S"
AJCC7,469,stage_group,STASIS (M) No distant metastasis (no pathologic M0; use clinical M to complete stage group) Distant metastasis* *Note: Lymph node metastasis outside of the true pelvis in addition to visceral or bone sites. M1 P ENIS S TAGING F ORM STAGE CATEGORY DEFINITIONS left right bilateral LATERALITY:
AJCC7,469,definitions_tnm,after neoadjuvant therapy AND subsequent surgery TX T0 Tis Ta T1a T1b T2 T3 T4 PRIMARY TUMOR (T) Primary tumor cannot be assessed No evidence of primary tumor Carcinoma in situ Noninvasive verrucous carcinoma* Tumor invades subepithelial connective tissue without lymph vascular invasion and is not
AJCC7,470,stage_group,"ffix and ""y,"" ""r,"" and ""a"" prefixes are used. Although they do not affect the stage grouping, they indicate cases needing separate analysis. m suffix indicates the presence of multiple primary tumors in a single site and is recorded in parentheses: pT(m)NM. y prefix indicates those cases in w"
AJCC7,473,stage_group,e preferred grading system ● Prognostic factors have been incorporated in the Anatomic Stage/Prognostic Groups ● Gleason Score ● Preoperative prostate-speciﬁ c antigen (PSA) ANATOMIC STAGE/PROGNOSTIC GROUPS * Group T N M PSA Gleason I T1a – c N0 M0 PSA < 10 Gleason ≤
AJCC7,473,chapter_summary,41 Prostate (Sarcomas and transitional cell carcinomas are not included) At-A-Glance SUMMARY OF CHANGES ● Extraprostatic invasion with microscopic bladder neck invasion (T4) is included with T3a ● Gleason Score now recognized as the preferred grading system ● Prognostic factors have b
AJCC7,474,stage_group,"larly for organ-conﬁ ned prostate can- cers, had limitations. The sixth edition Stage Groups encom- passed a wide variety of patients in this heterogenous disease process. Several prognostic parameters including preoperative PSA levels, tumor volume (number of positive biopsy cores and length or"
AJCC7,476,stage_group,"py. In an attempt to better stratify these patients compared to the pre- vious stage groups and avoid the large number of patients pre- viously placed in stage group 1, the seventh edition includes a new prognostic staging for clinically localized (T1 and T2) disease that include these clinically"
AJCC7,477,stage_group,"tasis is present, the most advanced category is used. pM1c is most advanced. ANATOMIC STAGE/PROGNOSTIC GROUPS * Group T N M PSA Gleason I T1a – c N0 M0 PSA < 10 Gleason ≤ 6 T2a N0 M0 PSA < 10 Gleason ≤ 6 T1 – 2a N0 M0 PSA X Gleason X IIA T1a – c"
AJCC7,477,definitions_tnm,Prostate 461 41 DEFINITIONS OF TNM Primary Tumor (T) Clinical TX Primary tumor cannot be assessed T0 No evidence of primary tumor T1 Clinically inapparent tumor neither palpable nor visible by imaging T1a Tumor incidental histologic
AJCC7,478,stage_group,462 American Joint Committee on Cancer • 2010 ANATOMIC STAGE/PROGNOSTIC GROUPS * (CONTINUED) Group T N M PSA Gleason IIB T2c N0 M0 Any PSA Any Gleason T1 – 2 N0 M0 PSA ≥ 20 Any Gleason T1 – 2 N0 M0 Any PSA Gleason ≥ 8
AJCC7,481,definitions_tnm,1 T1a T1b T1c T2 pT2 T2a pT2a T2b pT2b T2c pT2c T3 pT3 T3a pT3a T3b pT3b T4 pT4 PRIMARY TUMOR (T) Primary tumor cannot be assessed No evidence of primary tumor Clinically inapparent tumor neither palpable nor visible by imaging Tumor incidental histologic finding in 5% or less of tissue resected Tum
AJCC7,482,stage_group,"ffix and ""y,"" ""r,"" and ""a"" prefixes are used. Although they do not affect the stage grouping, they indicate cases needing separate analysis. m suffix indicates the presence of multiple primary tumors in a single site and is recorded in parentheses: pT(m)NM. A NATOMIC S TAGE • P ROGNOSTIC G ROU"
AJCC7,485,stage_group,Testis At-A-Glance SUMMARY OF CHANGES ● The deﬁ nition of TNM and the Stage Grouping for this chapter have not changed from the Sixth Edition ANATOMIC STAGE/PROGNOSTIC GROUPS Group T N M S (Serum Tumor Markers) Stage 0 pTis N0 M0 S0 Stage I pT1–
AJCC7,485,chapter_summary,Testis 469 42 42 Testis At-A-Glance SUMMARY OF CHANGES ● The deﬁ nition of TNM and the Stage Grouping for this chapter have not changed from the Sixth Edition ANATOMIC STAGE/PROGNOSTIC GROUPS Group T N M S (Serum Tumo
AJCC7,486,stage_group,"the serum tumor markers (S), taking into account the half life of AFP and hCG. Stage grouping classiﬁ cation of Stage IS requires persistent elevation of serum tumor markers following orchiectomy. Pathologic Staging. Histologic evaluation of the radi- cal orchiectomy specimen must be used for"
AJCC7,487,definitions_tnm,"may be difﬁ cult to distinguish individual lymph nodes. The deﬁ ni- tions for primary tumor (T) for pT2 and pT3 are illustrated in Figures 42.1 and 42.2 . DEFINITIONS OF TNM Primary Tumor (T)* The extent of primary tumor is usually classiﬁ ed after radical orchiectomy, and for this reason,"
AJCC7,488,stage_group,astasis M1b Distant metastasis other than to nonregional lymph nodes and lung ANATOMIC STAGE/PROGNOSTIC GROUPS Group T N M S (Serum Tumor Markers) Stage 0 pTis N0 M0 S0 Stage I pT1–4 N0 M0 SX Stage IA pT1 N0 M0 S0 Stage IB pT2 N0 M0 S0 pT3 N0
AJCC7,491,definitions_tnm,"after neoadjuvant therapy AND subsequent surgery pTX pT0 pTis pT1 pT2 pT3 pT4 PRIMARY TUMOR (T) The extent of primary tumor is usually classified after radical orchiectomy and, for this reason, a pathologic stage is assigned. Primary tumor cannot be assessed No evidence of primary tumor (e.g., his"
AJCC7,492,stage_group,"for assignment of S category, taking into account the half life of AFP and hCG. Stage grouping classification of Stage IS requires persistent elevation of serum tumor markers following orchiectomy. The Serum Tumor Markers (S) category is comprised of the following: Alpha Fetoprotein (AFP) — half lif"
AJCC7,495,stage_group,e SUMMARY OF CHANGES The following changes in the deﬁ nition of TNM and the Stage Grouping for this chapter have been made since the Sixth Edition ● T2 lesions have been divided into T2a (greater than 7 cm but less than or equal to 10 cm) and T2b (>10 cm) ● Ipsilateral adrenal involvement i
AJCC7,495,chapter_summary,Kidney 479 43 43 Kidney At-A-Glance SUMMARY OF CHANGES The following changes in the deﬁ nition of TNM and the Stage Grouping for this chapter have been made since the Sixth Edition ● T2 lesions have been divided into T2a (greater than 7 c
AJCC7,498,definitions_tnm,"482 American Joint Committee on Cancer • 2010 DEFINITIONS OF TNM Primary Tumor (T) TX Primary tumor cannot be assessed T0 No evidence of primary tumor T1 Tumor 7 cm or less in greatest dimension, limited to the kidney T1a Tumor 4 cm or less in greatest dimension,"
AJCC7,501,stage_group,Kidney 485 43 ANATOMIC STAGE/PROGNOSTIC GROUPS Stage I T1 N0 M0 Stage II T2 N0 M0 Stage III T1 or T2 N1 M0 T3 N0 or N1 M0 StageIV T4 Any N M0 Any T Any N M1 PROGNOSTIC FACTORS (SITE-SPECIF
AJCC7,503,stage_group,STASIS (M) No distant metastasis (no pathologic M0; use clinical M to complete stage group) Distant metastasis M1 CLINICAL GROUP T N M I T1 N0 M0 II T2 N0 M0 III T1 or T2 N1 M0 T3 N0 or N1 M0 IV T4 Any N M0 Any T Any N M1 Stage unknown PATHOLOGIC GROUP T N M I T1 N0 M0 II T2 N0 M0 III T1
AJCC7,503,definitions_tnm,"t therapy AND subsequent surgery TX T0 T1 T1a T1b T2 T2a T2b T3 T3a T3b T3c T4 PRIMARY TUMOR (T) Primary tumor cannot be assessed No evidence of primary tumor Tumor 7 cm or less in greatest dimension, limited to the kidney Tumor 4 cm or less in greatest dimension, limited to the kidney Tumor more t"
AJCC7,504,stage_group,"ffix and ""y,"" ""r,"" and ""a"" prefixes are used. Although they do not affect the stage grouping, they indicate cases needing separate analysis. m suffix indicates the presence of multiple primary tumors in a single site and is recorded in parentheses: pT(m)NM. y prefix indicates those cases in w"
AJCC7,507,stage_group,and Ureter At-A-Glance SUMMARY OF CHANGES ● The deﬁ nition of TNM and the Stage Grouping for this chapter have not changed from the Sixth Edition ● Grading: a low- and high-grade designation will replace previous four-grade system to match current World Health Organization/International So
AJCC7,507,chapter_summary,Renal Pelvis and Ureter 491 44 44 Renal Pelvis and Ureter At-A-Glance SUMMARY OF CHANGES ● The deﬁ nition of TNM and the Stage Grouping for this chapter have not changed from the Sixth Edition ● Grading: a low- and high-grade designation will replace previous four-grade
AJCC7,508,definitions_tnm,"terial available for histologic review. Figures 44.1 and 44.2 illustrate the primary tumor (T) deﬁ nition for Ta, T1, T2, and T3. FIGURE 44.1. Depth of invasion of Ta–T2 tumors. FIGURE 44.2. T3 (for renal pelvis only, top of diagram ): tumor invades beyond muscularis into peripelvic fat"
AJCC7,509,stage_group,cation. Distant Metastasis (M) M0 No distant metastasis M1 Distant metastasis ANATOMIC STAGE/PROGNOSTIC GROUPS Stage 0a Ta N0 M0 Stage 0is Tis N0 M0 Stage I T1 N0 M0 Stage II T2 N0 M0 Stage III T3 N0 M0 Stage IV T4 N0 M0 Any T N1 M0 Any T N
AJCC7,509,definitions_tnm,Renal Pelvis and Ureter 493 44 DEFINITIONS OF TNM Primary Tumor (T) TX Primary tumor cannot be assessed T0 No evidence of primary tumor Ta Papillary noninvasive carcinoma Tis Carcinoma in situ T1 Tumor invades subepithelial connective tissue T2 Tumor
AJCC7,511,stage_group,ASTASIS (M) No distant metastasis (no pathologic M0; use clinical M to complete stage group) Distant metastasis M1 CLINICAL GROUP T N M 0a Ta N0 M0 0is Tis N0 M0 I T1 N0 M0 II T2 N0 M0 III T3 N0 M0 IV T4 N0 M0 Any T N1 M0 Any T N2 M0 Any T N3 M0 Any T Any N M1 Stage unknown PATHOLOGIC GR
AJCC7,511,definitions_tnm,ted after neoadjuvant therapy AND subsequent surgery TX T0 Ta Tis T1 T2 T3 T4 PRIMARY TUMOR (T) Primary tumor cannot be assessed No evidence of primary tumor Papillary noninvasive carcinoma Carcinoma in situ Tumor invades subepithelial connective tissue Tumor invades the muscularis (For renal pelv
AJCC7,512,stage_group,"ffix and ""y,"" ""r,"" and ""a"" prefixes are used. Although they do not affect the stage grouping, they indicate cases needing separate analysis. Histologic Grade (G) (also known as overall grade) Grading system 2 grade system Grade Grade I or 1 3 grade system Grade II or 2 4 grade system Grade III or"
AJCC7,513,stage_group,itive nodes in primary drainage regions ● N3: common iliac node involvement ANATOMIC STAGE/PROGNOSTIC GROUPS Stage 0a Ta N0 M0 Stage 0is Tis N0 M0 Stage I T1 N0 M0 Stage II T2a N0 M0 T2b N0 M0 Stage III T3a N0 M0 T3b N0 M0 T4a N0 M0
AJCC7,513,chapter_summary,Urinary Bladder 497 45 45 Urinary Bladder At-A-Glance SUMMARY OF CHANGES ● Primary staging: T4 disease deﬁ ned as including prostatic stromal invasion directly from bladder cancer. Subepithelial invasion of prostatic urethra will not constitute T4 staging
AJCC7,514,definitions_tnm,"th malignancies of the ureters, renal pelvis, or urethra. The definitions for Primary Tumor (T) are illustrated in Figure 45.1 . In order to view this proof accurately, the Overprint Preview Option must be set to Always in Acrobat Professional or Adobe Reader. Please contact your"
AJCC7,516,stage_group,ph nodes Distant Metastasis (M) M0 No distant metastasis M1 Distant metastasis ANATOMIC STAGE/PROGNOSTIC GROUPS Stage 0a Ta N0 M0 Stage 0is Tis N0 M0 Stage I T1 N0 M0 Stage II T2a N0 M0 T2b N0 M0 Stage III T3a N0 M0 T3b N0 M0 T4a N0 M0 Sta
AJCC7,516,definitions_tnm,e important predictors of response to systemic therapy and patient survival. DEFINITIONS OF TNM Primary Tumor (T) TX Primary tumor cannot be assessed T0 No evidence of primary tumor Ta Noninvasive papillary carcinoma Tis Carcinoma in situ: “ﬂ at tumor” T1 Tumor invades subepithelial connective t
AJCC7,519,stage_group,ASTASIS (M) No distant metastasis (no pathologic M0; use clinical M to complete stage group) Distant metastasis M1 CLINICAL GROUP T N M 0a Ta N0 M0 0is Tis N0 M0 I T1 N0 M0 II T2a N0 M0 T2b N0 M0 III T3a N0 M0 T3b N0 M0 T4a N0 M0 IV T4b N0 M0 Any T N1-3 M0 Any T Any N M1 Stage unknown PATHOL
AJCC7,519,definitions_tnm,py AND subsequent surgery TX T0 Ta Tis T1 T2 pT2a pT2b T3 pT3a pT3b T4 T4a T4b PRIMARY TUMOR (T) Primary tumor cannot be assessed No evidence of primary tumor Non-invasive papillary carcinoma Carcinoma in situ: “flat tumor” Tumor invades subepithelial connective tissue Tumor invades muscularis prop
AJCC7,520,stage_group,"ffix and ""y,"" ""r,"" and ""a"" prefixes are used. Although they do not affect the stage grouping, they indicate cases needing separate analysis. Histologic Grade (G) (also known as overall grade) Grading system 2 grade system Grade Grade I or 1 3 grade system Grade II or 2 4 grade system Grade III or"
AJCC7,523,stage_group,"e, T1 category is deﬁ ned as tumors invading subepithelial connective tissue ANATOMIC STAGE/PROGNOSTIC GROUPS Stage 0a Ta N0 M0 Stage 0is Tis N0 M0 Tis pu N0 M0 Tis pd N0 M0 Stage I T1 N0 M0 Stage II T2 N0 M0 Stage III T1 N1 M0 T2 N1"
AJCC7,523,chapter_summary,"Urethra 507 46 46 Urethra At-A-Glance SUMMARY OF CHANGES ● For urothelial (transitional cell) carcinoma of the prostate, T1 category is deﬁ ned as tumors invading subepithelial connective tissue ANATOMIC STAGE/PROGNOSTIC GROUPS Stage 0a"
AJCC7,524,definitions_tnm,nancies will be classiﬁ ed under prostate. Figures 46.1 and 46.2 illustrate Primary Tumor (T) deﬁ - nitions for urethral malignancies and urothelial (transitional cell) carcinoma of the prostate. DEFINITIONS OF TNM Primary Tumor (T) (Male and Female) TX Primary tumor cannot be assessed T0 No
AJCC7,525,stage_group,509 46 Distant Metastasis (M) M0 No distant metastasis M1 Distant metastasis ANATOMIC STAGE/PROGNOSTIC GROUPS Stage 0a Ta N0 M0 Stage 0is Tis N0 M0 Tis pu N0 M0 Tis pd N0 M0 Stage I T1 N0 M0 Stage II T2 N0 M0 Stage III T1 N1 M0 T2 N1 M0
AJCC7,525,definitions_tnm,"l carcinoma: an analysis of treatment outcome and FIGURE 46.2. Deﬁ nition of primary tumor (T) for urothelial (transitional cell) carcinoma of the prostate. 1, Epithelium; 2, subepithelial connective tissue; 3, prostatic stroma. FIGURE 46.3. Observed and overall survival rates for 1,278 pat"
AJCC7,527,stage_group,STASIS (M) No distant metastasis (no pathologic M0; use clinical M to complete stage group) Distant metastasis M1 U RETHRA S TAGING F ORM STAGE CATEGORY DEFINITIONS HOSPITAL NAME/ADDRESS PATIENT NAME/ INFORMATION left right bilateral LATERALITY: TUMOR SIZE: In order to view this proof accur
AJCC7,527,definitions_tnm,"rapy AND subsequent surgery TX T0 Ta Tis T1 T2 T3 T4 Tis pu Tis pd T1 T2 T3 T4 PRIMARY TUMOR (T) Primary Tumor (T) (male and female) Primary tumor cannot be assessed No evidence of primary tumor Non-invasive papillary, polypoid, or verrucous carcinoma Carcinoma in situ Tumor invades subepithelial c"
AJCC7,528,stage_group,"ffix and ""y,"" ""r,"" and ""a"" prefixes are used. Although they do not affect the stage grouping, they indicate cases needing separate analysis. Histologic Grade (G) (also known as overall grade) Grading system 2 grade system Grade Grade I or 1 3 grade system Grade II or 2 4 grade system Grade III or"
AJCC7,531,stage_group,Adrenal At-A-Glance SUMMARY OF CHANGES ● The deﬁ nition of TNM and the Stage Grouping for this chapter has been created for the ﬁ rst time for the Seventh Edition ANATOMIC STAGE/PROGNOSTIC GROUPS Stage I T1 N0 M0 Stage II T2 N0 M0 Stage III T1 N1 M0 T2 N1
AJCC7,531,chapter_summary,Adrenal 515 47 47 Adrenal At-A-Glance SUMMARY OF CHANGES ● The deﬁ nition of TNM and the Stage Grouping for this chapter has been created for the ﬁ rst time for the Seventh Edition ANATOMIC STAGE/PROGNOSTIC GROUPS Stage I T1 N0 M0
AJCC7,532,definitions_tnm,"ates appear to correlate strongly with stage of adrenal cortical carcinoma. DEFINITIONS OF TNM Primary Tumor (T) TX Primary tumor cannot be assessed T0 No evidence of primary tumor T1 Tumor 5 cm or less in greatest dimension, no extra-adrenal invasion (Figure 47.1) T2 Tumor greater than 5 cm,"
AJCC7,533,stage_group,Adrenal 517 47 ANATOMIC STAGE/PROGNOSTIC GROUPS Stage I T1 N0 M0 Stage II T2 N0 M0 Stage III T1 N1 M0 T2 N1 M0 T3 N0 M0 Stage IV T3 N1 M0 T4 N0 M0 T4 N1 M0 Any T Any N M1
AJCC7,535,stage_group,STASIS (M) No distant metastasis (no pathologic M0; use clinical M to complete stage group) Distant metastasis M1 CLINICAL GROUP T N M I T1 N0 M0 II T2 N0 M0 III T1 N1 M0 T2 N1 M0 T3 N0 M0 IV T3 N1 M0 T4 N0 M0 T4 N1 M0 Any T Any N M1 PATHOLOGIC GROUP T N M I T1 N0 M0 II T2 N0 M0 III T1 N1 M0 T2 N
AJCC7,535,definitions_tnm,"completed after neoadjuvant therapy AND subsequent surgery TX T0 T1 T2 T3 T4 PRIMARY TUMOR (T) TX Primary tumor cannot be assessed T0 No evidence of primary tumor T1 Tumor 5 cm or less in greatest dimension, no extra-adrenal invasion T2 Tumor greater than 5 cm, no extra-adrenal invasion T3 Tumo"
AJCC7,539,stage_group,"and pN0 (no regional lymph node metastasis, based upon lymph node biopsy) ● Stage Groupings have been deﬁ ned and added ANATOMIC STAGE/PROGNOSTIC GROUPS Stage 0 Tis N0 M0 Stage IA T1 N0 M0 Stage IB T2a N0 M0 Stage IC T2b N0 M0 Stage II T3a N0 M0 Stage"
AJCC7,539,chapter_summary,"Carcinoma of the Eyelid 523 48 48 Carcinoma of the Eyelid At-A-Glance SUMMARY OF CHANGES ● A section on Lymph Node Staging was added ● T3 was redeﬁ ned, and the lesions have been divided into T3a and T3b ● T4 has been redeﬁ ned ● N0 was redeﬁ ned and divided into cN0"
AJCC7,540,definitions_tnm,mor dimension and evaluation of the surgical specimen margins are mandatory. DEFINITIONS OF TNM The following deﬁ nitions apply to clinical and pathologic staging. Primary Tumor (T) TX Primary tumor cannot be assessed T0 No evidence of primary tumor Tis Carcinoma in situ T1 Tumor 5 mm or less
AJCC7,541,stage_group,tastasis Distant Metastasis (M) M0 No distant metastasis M1 Distant metastasis ANATOMIC STAGE/PROGNOSTIC GROUPS Stage 0 Tis N0 M0 Stage IA T1 N0 M0 Stage IB T2a N0 M0 Stage IC T2b N0 M0 Stage II T3a N0 M0 Stage IIIA T3b N0 M0 Stage IIIB Any T N1
AJCC7,543,stage_group,ASTASIS (M) No distant metastasis (no pathologic M0; use clinical M to complete stage group) Distant metastasis M1 CLINICAL GROUP T N M 0 Tis N0 M0 I A T1 N0 M0 I B T2a N0 M0 I C T2b N0 M0 II T3a N0 M0 III A T3b N0 M0 III B Any T N1 M0 III C T4 Any N M0 IV Any T Any N M1 PATHOLOGIC GROUP T N M 0 T
AJCC7,543,definitions_tnm,"ter neoadjuvant therapy AND subsequent surgery TX T0 Tis T1 T2a T2b T3a T3b T4 PRIMARY TUMOR (T) Primary tumor cannot be assessed No evidence of primary tumor Carcinoma in situ Tumor 5 mm or less in greatest dimension. Not invading the tarsal plate or eyelid margin. Tumor more than 5 mm, but not"
AJCC7,544,stage_group,"ffix and ""y,"" ""r,"" and ""a"" prefixes are used. Although they do not affect the stage grouping, they indicate cases needing separate analysis. m suffix indicates the presence of multiple primary tumors in a single site and is recorded in parentheses: pT(m)NM. y prefix indicates those cases in w"
AJCC7,547,stage_group,"noma with pagetoid conjunctival spread was added under histo- pathologic type ANATOMIC STAGE/PROGNOSTIC GROUPS No stage grouping is presently recommended ICD-O-3 TOPOGRAPHY CODES C69.0 Conjunctiva ICD-O-3 HISTOLOGY CODE RANGES 8000–8576, 8940–8950, 8980–8981 INTRODUCTION This cla"
AJCC7,547,chapter_summary,Carcinoma of the Conjunctiva 531 49 49 Carcinoma of the Conjunctiva At-A-Glance SUMMARY OF CHANGES ● A listing of site-speciﬁ c categories is included in T3 ● Sebaceous gland carcinoma with pagetoid conjunctival spread was added under histo- pathologic type ANATOMIC STAGE/PROGNOS
AJCC7,548,stage_group,tastasis Distant Metastasis (M) M0 No distant metastasis M1 Distant metastasis ANATOMIC STAGE/PROGNOSTIC GROUPS No stage grouping is presently recommended. PROGNOSTIC FACTORS (SITE-SPECIFIC FACTORS) (Recommended for Collection) Required for staging None Clinically signiﬁ cant Ki-67 grow
AJCC7,548,definitions_tnm,"to- logic study of surgical margins, type of tumor, and grade of malignancy. DEFINITIONS OF TNM These definitions apply to both clinical and pathologic staging. Primary Tumor (T) TX Primary tumor cannot be assessed T0 No evidence of primary tumor Tis Carcinoma in situ T1 Tumor 5 mm or less in"
AJCC7,551,stage_group,ASTASIS (M) No distant metastasis (no pathologic M0; use clinical M to complete stage group) Distant metastasis M1 CLINICAL No stage grouping is presently recommended PATHOLOGIC No stage grouping is presently recommended PROGNOSTIC FACTORS (SITE-SPECIFIC FACTORS) REQUIRED FOR STAGING: None CLINICALL
AJCC7,551,definitions_tnm,"oadjuvant therapy AND subsequent surgery TX T0 Tis T1 T2 T3 T4 T4a T4b T4c T4d PRIMARY TUMOR (T) Primary tumor cannot be assessed No evidence of primary tumor Carcinoma in situ Tumor 5 mm or less in greatest dimension Tumor more than 5 mm in greatest dimension, without invasion of adjacent struct"
AJCC7,555,stage_group,e cases of synchronous PAM with atypia and conjunctival melanoma (G3 and G4) ANATOMIC STAGE/PROGNOSTIC GROUP No stage grouping is presently recommended ICD-O-3 TOPOGRAPHY CODES C69.0 Conjunctiva ICD-O-3 HISTOLOGY CODE RANGES 8720–8790 ANATOMY Primary Site. Melanocytes have been
AJCC7,555,chapter_summary,"lanoma of the Conjunctiva 539 50 50 Malignant Melanoma of the Conjunctiva At-A-Glance SUMMARY OF CHANGES ● Deﬁ nitions of T classiﬁ cation have changed to describe location (bulbar, noncaruncular, caruncular) ● Deﬁ nitions of N category have changed to describe whether a biopsy was per"
AJCC7,556,stage_group,node metastasis Metastasis (M) M0 No distant metastasis M1 Distant metastasis ANATOMIC STAGE/PROGNOSTIC GROUP No stage grouping is presently recommended Pathologic Primary Tumor (pT) pTX Primary tumor cannot be assessed pT0 No evidence of primary tumor pT(is) Melanoma of the conjunctiva conﬁ
AJCC7,556,definitions_tnm,ter paper. The role of sentinel node biopsy is presently being investigated. DEFINITIONS OF TNM Clinical Primary Tumor (T) TX Primary tumor cannot be assessed T0 No evidence of primary tumor T(is) Melanoma conﬁ ned to the conjunctival epithelium Malignant conjunctival melanoma of
AJCC7,557,stage_group,41 50 Distant Metastasis (pM) cM0 No distant metastasis pM1 Distant metastasis ANATOMIC STAGE/PROGNOSTIC GROUP No stage grouping is presently recommended PROGNOSTIC FACTORS (SITE-SPECIFIC FACTORS) (Recommended for Collection) Required for staging None Clinically signiﬁ cant Measured thi
AJCC7,559,definitions_tnm,1b T1c pT1c T1d T2 T2a pT2a T2b pT2b T2c pT2c T2d T3 pT3 T3a T3b T3c T3d T4 pT4 PRIMARY TUMOR (T) Primary tumor cannot be assessed No evidence of primary tumor Melanoma confined to the conjunctival epithelium* Malignant conjunctival melanoma of the bulbar conjunctiva Less than or equal to 1 quadrant
AJCC7,560,stage_group,ASTASIS (M) No distant metastasis (no pathologic M0; use clinical M to complete stage group) Distant metastasis M1 CLINICAL No stage grouping is presently recommended PATHOLOGIC No stage grouping is presently recommended PROGNOSTIC FACTORS (SITE-SPECIFIC FACTORS) REQUIRED FOR STAGING: None CLINICALL
AJCC7,563,stage_group,mor of any size with an extrascleral extension greater than 5 mm in diameter ANATOMIC STAGE/PROGNOSTIC GROUPS Stage I T1a N0 M0 Stage IIA T1b-d N0 M0 T2a N0 M0 Stage IIB T2b N0 M0 T3a N0 M0 Stage IIIA T2c-d N0 M0 T3b-c N0 M0 T4a N0 M
AJCC7,563,chapter_summary,"Malignant Melanoma of the Uvea 547 51 51 Malignant Melanoma of the Uvea At-A-Glance SUMMARY OF CHANGES Iris ● T4 is subdivided according to the size of extrascleral extension Ciliary Body and Choroid ● The deﬁ nitions of T1-T4 lesions have been modiﬁ ed ● The deﬁ nitions of T1a-c,"
AJCC7,566,definitions_tnm,munopositive tumor cells (low expression is associated with longer survival) DEFINITIONS OF TNM These deﬁ nitions apply to both clinical * and pathologic ** staging. Primary Tumor All Uveal Melanomas TX Primary tumor cannot be assessed T0 No evidence of primary tumor Iris *** T
AJCC7,568,stage_group,552 American Joint Committee on Cancer • 2010 ANATOMIC STAGE/PROGNOSTIC GROUPS Stage I T1a N0 M0 Stage IIA T1b-d N0 M0 T2a N0 M0 Stage IIB T2b N0 M0 T3a N0 M0 Stage IIIA T2c-d N0 M0 T3b-c N0 M0 T4a N0 M0 Stag
AJCC7,571,definitions_tnm,a T1b T1c T2 T2a T3 T3a T4 T4a T4b T1 T1a T1b T1c T1d T2 T2a T2b T2c T2d T3 T3a PRIMARY TUMOR (T) All Uveal Melanomas Primary tumor cannot be assessed No evidence of primary tumor Iris* Tumor limited to the iris Tumor limited to the iris not more than 3 clock hours in size Tumor limited to the iris
AJCC7,572,stage_group,ASTASIS (M) No distant metastasis (no pathologic M0; use clinical M to complete stage group) Distant metastasis Largest diameter of the largest metastasis ≤3 cm Largest diameter of the largest metastasis 3.1-8.0 cm Largest diameter of the largest metastasis 8.1 cm or more M1 M1a M1b M1c M ALIGNANT
AJCC7,573,stage_group,"ffix and ""y,"" ""r,"" and ""a"" prefixes are used. Although they do not affect the stage grouping, they indicate cases needing separate analysis. m suffix indicates the presence of multiple primary tumors in a single site and is recorded in parentheses: pT(m)NM. y prefix indicates those cases in w"
AJCC7,577,stage_group,f the enucleated retinoblastoma globe for pathological examination was added ANATOMIC STAGE/PROGNOSTIC GROUPS No stage grouping applies ICD-O-3 TOPOGRAPHY CODES C69.2 Retina ICD-O-3 HISTOLOGY CODE RANGES 9510–9514 ANATOMY Primary Site. The retina is composed of neurons and glia
AJCC7,577,chapter_summary,Retinoblastoma 561 52 52 Retinoblastoma At-A-Glance SUMMARY OF CHANGES Clinical Classiﬁ cation ● The deﬁ nitions of T1–T4 were modiﬁ ed ● The deﬁ nitions for M1 were modiﬁ ed Pathologic Classiﬁ cation ● Minor modiﬁ cations were made to the deﬁ nition
AJCC7,579,definitions_tnm,"d, and the greatest extent of choroid involved by choroi- dal tumor invasion. DEFINITIONS OF TNM Clinical Classiﬁ cation (cTNM) Primary Tumor (T) TX Primary tumor cannot be assessed T0 No evidence of primary tumor T1 Tumors no more than 2/3 the volume of the eye with no vitreous or subretinal"
AJCC7,580,stage_group,564 American Joint Committee on Cancer • 2010 ANATOMIC STAGE/PROGNOSTIC GROUPS No stage grouping applies PROGNOSTIC FACTORS (SITE-SPECIFIC FACTORS) (Recommended for Collection) Required for staging None Clinically signiﬁ cant Extension evaluated at enu
AJCC7,581,definitions_tnm,pT2 T2a pT2a T2b pT2b T3 pT3 T3a pT3a T3b pT3b T4 pT4 T4a pT4a T4b pT4b T4c T4d PRIMARY TUMOR (T) Primary tumor cannot be assessed No evidence of primary tumor Tumors no more than 2/3 the volume of the eye with no vitreous or subretinal seeding. Tumor confined to eye with no optic nerve or choroida
AJCC7,582,stage_group,M) Clinical No distant metastasis (no pathologic M0; use clinical M to complete stage group) Systemic metastasis. Single lesion to sites other than CNS Multiple lesions to sites other than CNS. Prechiasmatic CNS lesion(s). Postchiasmatic CNS lesion(s). Leptomeningeal and/or CSF involvement. Patholog
AJCC7,585,stage_group,"he lacrimal gland ● Lacrimal sac tumors have been removed from this section ANATOMIC STAGE/PROGNOSTIC GROUPS No stage grouping is presently recommended ICD-O-3 TOPOGRAPHY CODES C69.5 Lacrimal gland (excluding lacrimal sac) ICD-O-3 HISTOLOGY CODE RANGES 8000–8576, 8940–8950, 8980"
AJCC7,585,chapter_summary,"Carcinoma of the Lacrimal Gland 569 53 53 Carcinoma of the Lacrimal Gland At-A-Glance SUMMARY OF CHANGES The staging system for lacrimal gland carcinomas has been made consistent with that for salivary gland carcinomas by: ● Proposing changes in the size cutoffs between T1, T2, and T3"
AJCC7,586,stage_group,istant Metastasis (M ) M0 No distant metastasis M1 Distant metastasis ANATOMIC STAGE/PROGNOSTIC GROUPS No stage grouping is presently recommended. PROGNOSTIC FACTORS (SITE-SPECIFIC FACTORS) (Recommended for Collection) Required for staging None Clinically signiﬁ cant Ki-67 grow
AJCC7,586,definitions_tnm,be fully exam- ined pathologically for evidence of involvement by carcinoma. DEFINITIONS OF TNM This classiﬁ cation applies to both clinical and pathologic staging of lacrimal gland carcinomas. Primary Tumor (T ) TX Primary tumor cannot be assessed T0 No evidence of primary tumor T
AJCC7,589,stage_group,ASTASIS (M) No distant metastasis (no pathologic M0; use clinical M to complete stage group) Distant metastasis M1 CLINICAL No stage grouping is presently recommended PATHOLOGIC No stage grouping is presently recommended PROGNOSTIC FACTORS (SITE-SPECIFIC FACTORS) REQUIRED FOR STAGING: None CLINICALL
AJCC7,589,definitions_tnm,"after neoadjuvant therapy AND subsequent surgery TX T0 T1 T2 T3 T4 T4a T4b T4c PRIMARY TUMOR (T) Primary tumor cannot be assessed No evidence of primary tumor Tumor 2 cm or less in greatest dimension, with or without extraglandular extension into the orbital soft tissue Tumor more than 2 cm but no"
AJCC7,593,stage_group,"● The anatomy description was expanded ● Regional lymph nodes were deﬁ ned ANATOMIC STAGE/PROGNOSTIC GROUPS No stage grouping is presently recommended ICD-O-3 TOPOGRAPHY CODES C69.6 Orbit, NOS C69.8 Overlapping lesion of eye and adnexa ICD-O-3 HISTOLOGY CODE RANGES 8800–8936,"
AJCC7,593,chapter_summary,Sarcoma of the Orbit 577 54 54 Sarcoma of the Orbit At-A-Glance SUMMARY OF CHANGES ● A listing of site-speciﬁ c categories is now included in T4 ● The anatomy description was expanded ● Regional lymph nodes were deﬁ ned ANATOMIC STAGE/PROGNOSTIC GROUPS No stag
AJCC7,594,stage_group,tastasis Distant Metastasis (M) M0 No distant metastasis M1 Distant metastasis ANATOMIC STAGE/PROGNOSTIC GROUPS No stage grouping is presently recommended PROGNOSTIC FACTORS (SITE-SPECIFIC FACTORS) (Recommended for Collection) Required for staging None Clinically signiﬁ cant None HIST
AJCC7,594,definitions_tnm,"total excision speci- mens, evaluation of the surgical margins is mandatory. DEFINITIONS OF TNM This classiﬁ cation applies to both clinical and pathologic staging of sarcomas of the orbit. Primary Tumor (T) TX Primary tumor cannot be assessed T0 No evidence of primary tumor T1 Tumor 15 mm or"
AJCC7,595,stage_group,ASTASIS (M) No distant metastasis (no pathologic M0; use clinical M to complete stage group) Distant metastasis M1 CLINICAL No stage grouping is presently recommended. PATHOLOGIC No stage grouping is presently recommended. PROGNOSTIC FACTORS (SITE-SPECIFIC FACTORS) REQUIRED FOR STAGING: None CLINICA
AJCC7,595,definitions_tnm,completed after neoadjuvant therapy AND subsequent surgery TX T0 T1 T2 T3 T4 PRIMARY TUMOR (T) Primary tumor cannot be assessed No evidence of primary tumor Tumor 15 mm or less in greatest dimension Tumor more than 15 mm in greatest dimension without invasion of globe or bony wall Tumor of any s
AJCC7,599,stage_group,"mphoma At-A-Glance SUMMARY OF CHANGES ● This is an entirely new chapter ANATOMIC STAGE/PROGNOSTIC GROUPS No stage grouping is presently recommended ICD-O-3 TOPOGRAPHY CODES C44.1 Eyelid C69.0 Conjunctiva C69.5 Lacrimal gland C69.6 Orbit, NOS ICD-O-3 HISTOLOGY CODE RANGES"
AJCC7,599,chapter_summary,Ocular Adnexal Lymphoma 583 55 55 Ocular Adnexal Lymphoma At-A-Glance SUMMARY OF CHANGES ● This is an entirely new chapter ANATOMIC STAGE/PROGNOSTIC GROUPS No stage grouping is presently recommended ICD-O-3 TOPOGRAPHY CODES C44.1 Eyelid C69.0 Conjunctiva C69.
AJCC7,600,definitions_tnm,tate dehydrogenase (LDH) value should be assessed at the time of diagnosis. DEFINITIONS OF TNM This classiﬁ cation applies to both clinical and pathologic staging of ocular adnexal lymphomas. Primary Tumor (T) TX Lymphoma extent not speciﬁ ed T0 No evidence of lymphoma T1 Lymphoma involving
AJCC7,601,stage_group,b Lymphomatous involvement of the bone marrow M1c Both M1a and M1b involvement ANATOMIC STAGE/PROGNOSTIC GROUPS No stage grouping is presently recommended PROGNOSTIC FACTORS (SITE-SPECIFIC FACTORS) (Recommended for Collection) Required for staging None Clinically signiﬁ cant Tumor cell
AJCC7,603,stage_group,"vement of other extranodal sites (no pathologic M0; use clinical M to complete stage group) Noncontiguous involvement of tissues or organs external to the ocular adnexa (e.g., parotid glands, submandibular gland, lung, liver, spleen, kidney, breast, etc.) Lymphomatous involvement of the bone marro"
AJCC7,603,definitions_tnm,ubsequent surgery TX T0 T1 T1a T1b T1c T2 T2a T2b T2c T2d T3 T4 T4a T4b T4c T4d PRIMARY TUMOR (T) Lymphoma extent not specified No evidence of lymphoma Lymphoma involving the conjunctiva alone without orbital involvement Bulbar conjunctiva only Palpebral conjunctiva +/- fornix +/- caruncle Extensive
AJCC7,604,stage_group,"ffix and ""y,"" ""r,"" and ""a"" prefixes are used. Although they do not affect the stage grouping, they indicate cases needing separate analysis. m suffix indicates the presence of multiple primary tumors in a single site and is recorded in parentheses: pT(m)NM. y prefix indicates those cases in w"
AJCC7,609,stage_group,"HANGES ● Central nervous system tumors continue to have no TNM designation ANATOMIC STAGE/PROGNOSTIC GROUP No stage grouping applies ICD-O-3 TOPOGRAPHY CODES C70.0 Cerebral meninges C70.1 Spinal meninges C70.9 Meninges, NOS C71.0 Cerebrum C71.1 Frontal lobe C71.2 Temporal"
AJCC7,609,chapter_summary,Brain and Spinal Cord 593 56 56 Brain and Spinal Cord At-A-Glance SUMMAR Y OF CHANGES ● Central nervous system tumors continue to have no TNM designation ANATOMIC STAGE/PROGNOSTIC GROUP No stage grouping applies ICD-O-3 TOPOGRAPHY CODES C70.0 Cerebral meninge
AJCC7,623,stage_group,"Lymphoid Neoplasms 607 57 SUMMARY OF CHANGES There are no changes to the stage groups for the seventh edition ANATOMIC STAGE/PROGNOSTIC GROUPS Stage I Involvement of a single lymphatic site (i.e., nodal region, Waldeyer’s ring, thymus, or spleen) (I); or localized involvement of a sin"
AJCC7,623,chapter_summary,"Lymphoid Neoplasms 607 57 SUMMARY OF CHANGES There are no changes to the stage groups for the seventh edition ANATOMIC STAGE/PROGNOSTIC GROUPS Stage I Involvement of a single lymphatic site (i.e., nodal region, Waldeyer’s ring, thymus, o"
AJCC7,627,stage_group,"ded the number of sites of disease and the erythrocyte sedi- mentation rate. ANATOMIC STAGE/PROGNOSTIC GROUPS Stage I Involvement of a single lymphatic site (i.e., nodal region, Waldeyer’s ring, thymus or spleen) (I); or localized involvement of a sin- gle extralymphatic organ or site in th"
AJCC7,629,stage_group,"Lymphoid Neoplasms 613 57 SUMMARY OF CHANGES There are no changes to the stage groups for the seventh edition Primary Cutaneous Lymphomas At-A-Glance ANATOMIC STAGE/PROGNOSTIC GROUPS T N M Peripheral Blood Involvement Stage IA 1 0 0 0,1 Stage IB"
AJCC7,629,chapter_summary,Lymphoid Neoplasms 613 57 SUMMARY OF CHANGES There are no changes to the stage groups for the seventh edition Primary Cutaneous Lymphomas At-A-Glance ANATOMIC STAGE/PROGNOSTIC GROUPS T N M Peripheral Blood Invo
AJCC7,630,definitions_tnm,"ave a mature memory T-cell phenotype (CD3+, CD4+) with loss of CD7 and CD26. DEFINITIONS OF TNM ISCL/EORTC Revision to the Classiﬁ cation of Mycosis fungoides and Sézary Syndrome Skin T1 Limited patches,* papules, and/or plaques ** covering less than 10% of the skin surface. May furth"
AJCC7,631,stage_group,"2007;110(6):1713–22, with permission of the American Society of Hematology. ANATOMIC STAGE/PROGNOSTIC GROUPS ISCL/EORTC Revision to the Staging of Mycosis fungoi- des and Sézary Syndrome T N M Peripheral Blood Involvement Stage IA 1 0 0 0, 1 Stage IB 2 0 0 0, 1"
AJCC7,637,definitions_tnm,hologic – staging completed after neoadjuvant therapy AND subsequent surgery PRIMARY TUMOR (T) No T category exists for Hodgkin and Non-Hodgkin Lymphoma REGIONAL LYMPH NODES (N) No N category exists for Hodgkin and Non-Hodgkin Lymphoma DISTANT METASTASIS (M) No M category exists for Hodgkin and N
AJCC7,638,stage_group,"ffix and ""y,"" ""r,"" and ""a"" prefixes are used. Although they do not affect the stage grouping, they indicate cases needing separate analysis. m suffix indicates the presence of multiple primary tumors in a single site and is recorded in parentheses: pT(m)NM. y prefix indicates those cases in w"
AJCC7,641,stage_group,RAL No visceral organ involvement (no pathologic M0; use clinical M to complete stage group) Visceral involvement (must have pathology confirmation^^ and organ involved should be specified) M1 B0 B0a B0b B1 B1a B1b B2 PERIPHERAL BLOOD INVOLVEMENT (B) Absence of significant blood involvement: £5% o
AJCC7,641,definitions_tnm,"ing completed after neoadjuvant therapy AND subsequent surgery TX T1 T2 T3 T4 PRIMARY TUMOR (T) SKIN Primary tumor cannot be assessed Limited patches*, papules, and/or plaques**covering <10% of the skin surface. May further stratify into T1a (patch only) vs T1b (plaque ± patch). Patches, papules"
AJCC7,642,stage_group,"ffix and ""y,"" ""r,"" and ""a"" prefixes are used. Although they do not affect the stage grouping, they indicate cases needing separate analysis. m suffix indicates the presence of multiple primary tumors in a single site and is recorded in parentheses: pT(m)NM. P RIMARY C UTANEOUS L YMPHOMA S TAGI"
AJCC7,659,stage_group,"c carcinoma of the thyroid gland, 90, 91 Anaplastic large T-cell lymphoma, 602 Anatomic stage/prognostic grouping rules, 12 Angiosarcoma, 284 Ann Arbor staging system, 608, 611 Anorectal lymph nodes, 166 Anterior ﬂ oor of mouth, 29 Anterior (lingual) surface of epiglottis, 57 Anterior mediastinum"
AJCC7,663,stage_group,"nasopharyngeal, 46 oropharyngeal, 47 skin, 302 subglottis, 61 supraglottis, 62 Stage groupings, 4–6, 12, 14, 193 Staging general rules of, 7–12 philosophy of, 3 principles of, 3–14 Staging classiﬁ cations, 9 Staging forms, 14 ampulla of Vater, 239–240 anal canal, 171–173 bile ducts, extrahepatic, 1"
AJCC8,2,definitions_tnm,"g system. The AJCC TNM system classiﬁes cancers by the size and extent of the primary tumor (T), involvement of regional lymph nodes (N), and the presence or absence of distant metastases (M), supplemented in recent years by evidence-based prog- nostic and predictive factors. There is a TNM stag"
AJCC8,3,stage_group,ty of imaging. This joint project thus far has encom- passed two working groups—anatomic stage and tumor pro- ﬁle—to thoroughly review the existing nomenclature and standard deﬁnitions. The patient proﬁle and environment categories will be addressed in future work. The Content Harmonization Core (
AJCC8,5,stage_group,"omplete pathological response has occurred and the ypTNM is ypT0 ypN0 cM0, no stage group is assigned. Note: This situation is not classiﬁed as Stage 0, because such a designation would denote in situ neoplasia. Nonetheless, the individual T, N, and M categories should be documented as T0, N0"
AJCC8,8,stage_group,"t includes deﬁnitions of key prognostic factors, including those required for stage grouping, those recommended for clinical care, and those recommended for collection in cancer registries. Each chapter ends with the speciﬁc deﬁnitions of T, N, M, and anatomic stage and prognostic stage groups"
AJCC8,9,stage_group,Introduction of H category (TNMH) for heritable cancer trait in AJCC prognostic stage grouping of Retinoblastoma New features • Levels of evidence provided for revisions to staging systems • Imaging section • Risk Assessment Models for select cancer sites • Recommendations for Clinical Trial Stratiﬁ
AJCC8,11,stage_group,"owever, it is seldom used and, if it is, the cancer could not be assigned to a stage group. Therefore, for the 8th Edition, the Expert Panel eliminated the T0 category from the head and neck staging systems. A separate stag- ing system for those cases with an involved cervical node without a kno"
AJCC8,12,stage_group,"on of p16+ OPC (a recently recognized disease entity), no major changes in the stage groupings are recommended. The current stage groupings reﬂect recent practices, clinical relevance, and contemporary data. T4 tumors continue to be subdivided into moderately advanced (T4a) and very advanced (T"
AJCC8,12,definitions_tnm,"inical stage. In advanced tumor stages, imaging studies add to the accuracy of primary tumor (T) and nodal (N) categorization, especially in the nasopharyngeal and paranasal sinuses primary sites, as well as for regional lymph nodes. Endoscopic evaluation of the primary tumor and examination un"
AJCC8,16,stage_group,"milarly, clinical and pathological ENE should be recorded as ENE(−) or ENE(+) AJCC PROGNOSTIC STAGE GROUPS Prognostic Stage Groups for metastatic cervical adenopathy and unknown primary tumor except for EBV-related and HPV-related tumors. When T is… And N is… And M is… Then the stage group i"
AJCC8,18,chapter_summary,"stonbury, Margaret Brandwein-Gensler, Ronald A. Ghossein, and Jatin P. Shah 7 CHAPTER SUMMARY Cancers Staged Using This Staging System Epithelial and minor salivary gland cancers of the oral cavity Cancers Not Staged Using This Staging System These histopathologic types of cancer… Are staged acc"
AJCC8,19,definitions_tnm,c cervical lymphadenopathy is not included in this chapter.. III Deﬁnition of Primary Tumor (T) Clinical and pathological depth of invasion (DOI) are now used to increase the T category. III Deﬁnition of Primary Tumor (T) Extrinsic tongue muscle invasion is no longer used in T4 because this is a
AJCC8,24,stage_group,"andates a pN0 designation. PROGNOSTIC FACTORS Prognostic Factors Required for Stage Grouping Beyond the factors used to assign T, N, or M categories, no additional prognostic factors are required for stage grouping. Additional Factors Recommended for Clinical Care Extranodal Extension ENE is"
AJCC8,29,stage_group,"collected as an important ele- ment of the demographics and may be included in Prognostic Groups in the future. For practicality, the minimum standard should classify smoking history as never, ≤ 10 pack-years, > 10 but ≤ 20 pack-years, or > 20 pack-years. RISK ASSESSMENT MODELS The AJCC recentl"
AJCC8,29,definitions_tnm,"e will be evaluated, and those that meet all AJCC criteria will be endorsed. DEFINITIONS OF AJCC TNM Deﬁnition of Primary Tumor (T) T Category T Criteria TX Primary tumor cannot be assessed Tis Carcinoma in situ T1 Tumor ≤ 2 cm, ≤ 5 mm depth of invasion (DOI) DOI is depth of invasion and not tum"
AJCC8,31,stage_group,"tasis (M) M Category M Criteria M0 No distant metastasis M1 Distant metastasis AJCC PROGNOSTIC STAGE GROUPS When T is… And N is… And M is… Then the stage group is… Tis N0 M0 0 T1 N0 M0 I T2 N0 M0 II T3 N0 M0 III T1,2,3 N1 M0 III T4a N0,1 M0 IVA T1,2,3,4a N2 M0 IVA Any T N3 M0 IVB T4b Any N M0 IVB"
AJCC8,34,stage_group,"tion and future analysis. PROGNOSTIC FACTORS Prognostic Factors Required For Stage Grouping Beyond the factors used to assign T, N, or M categories, no additional prognostic factors are required for stage grouping. Additional Factors Recommended for Clinical Care Extranodal Extension ENE is"
AJCC8,35,stage_group,"tasis (M) M Category M Criteria M0 No distant metastasis M1 Distant metastasis AJCC PROGNOSTIC STAGE GROUPS When T is… And N is… And M is… Then the stage group is… Tis N0 M0 0 T1 N0 M0 I T2 N0 M0 II T3 N0 M0 III T0, T1, T2, T3 N1 M0 III T4a N0, N1 M0 IVA T0, T1, T2, T3, T4a N2 M0 IVA Any T N3 M0"
AJCC8,37,stage_group,"collected as an important element of the demo- graphics and may be included in Prognostic Groups in the future. For practicality, the minimum standard should clas- sify smoking history as never, ≤ 10 pack-years, > 10 but ≤ 20 pack-years, or > 20 pack-years. RISK ASSESSMENT MODELS The AJCC recent"
AJCC8,37,definitions_tnm,"te will be evaluated, and those that meet all AJCC criteria will be endorsed. DEFINITIONS OF AJCC TNM Deﬁnition of Primary Tumor (T) T Category T Criteria TX Primary tumor cannot be assessed T0 No tumor identiﬁed, but EBV-positive cervical node(s) involvement Tis Tumor in situ T1 Tumor conﬁned t"
AJCC8,38,chapter_summary,", Margaret Brandwein-Gensler, Christine M. Glastonbury, and Jatin P. Shah 10 CHAPTER SUMMARY Cancers Staged Using This Staging System Human papillomavirus (HPV)-related squamous cell carcinoma of the oropharynx (HPV-OPSCC) Cancers Not Staged Using This Staging System These histopathologic types"
AJCC8,39,stage_group,"tasis (M) M Category M Criteria M0 No distant metastasis M1 Distant metastasis AJCC PROGNOSTIC STAGE GROUPS Clinical When T is… And N is… And M is… Then the stage group is… T0, T1 or T2 N0 or N1 M0 I T0, T1 or T2 N2 M0 II T3 N0, N1 or N2 M0 II T0, T1, T2, T3 or T4 N3 M0 III T4 N0, N1, N2 or N3"
AJCC8,39,definitions_tnm,"e will be evalu- ated, and those that meet all AJCC criteria will be endorsed. DEFINITIONS OF AJCC TNM Deﬁnition of Primary Tumor (T) T Category T Criteria T0 No primary identiﬁed T1 Tumor 2 cm or smaller in greatest dimension T2 Tumor larger than 2 cm but not larger than 4 cm in greatest dimensi"
AJCC8,40,definitions_tnm,"atic cervical lymphadenopathy is not included in this chapter. IV Deﬁnition of Primary Tumor (T) In hypopharynx, T3 criteria have been changed from “extension to esophagus” to “extension to esophageal mucosa.” T4a criteria now includes invasion of esophageal muscle. IV Deﬁnition of Regional Lymph"
AJCC8,40,chapter_summary,"Glastonbury, Margaret Brandwein-Gensler, Brian O’Sullivan, and Jatin P. Shah CHAPTER SUMMARY Cancers Staged Using This Staging System p16 negative (p16-) squamous cancers of the oropharynx; oropharyngeal cancers without a p16 immunostain performed; and all cancers of the hypopharynx. Minor sali"
AJCC8,42,stage_group,"tion and future analysis. PROGNOSTIC FACTORS Prognostic Factors Required for Stage Grouping p16 Immunotesting Testing for p16 is mandatory for all oropharyngeal squamous carcinomas but not for hypopharyngeal cancers. If p16 test- ing is not performed, that case is staged according to this syst"
AJCC8,47,stage_group,"riteria M0 No distant metastasis (no pathologic M0; use clinical M to complete stage group) M1 Distant metastasis AJCC PROGNOSTIC STAGE GROUPS When T is… And N is… And M is… Then the stage group is… Tis N0 M0 0 T1 N0 M0 I T2 N0 M0 II T3 N0 M0 III T1,T2,T3 N1 M0 III T4a N0,N1 M0 IVA T1,T2,T3,T4a"
AJCC8,49,stage_group,"tasis (M) M Category M Criteria M0 No distant metastasis M1 Distant metastasis AJCC PROGNOSTIC STAGE GROUPS When T is… And N is… And M is… Then the stage group is… Tis N0 M0 0 T1 N0 M0 I T2 N0 M0 II T3 N0 M0 III T1, T2, T3 N1 M0 III T4a N0, N1 M0 IVA T1, T2, T3, T4a N2 M0 IVA Any T N3 M0 IVB T4b"
AJCC8,50,chapter_summary,"er, Dennis H. Kraus, Suresh K. Mukherji, John A. Ridge, and Jatin P. Shah 14 CHAPTER SUMMARY Cancers Staged Using This Staging System Mucosal melanoma (MM) arising in the nasal cavity, paranasal sinuses, oral cavity, oropharynx, nasopharynx, larynx, and hypopharynx are addressed in this chapter"
AJCC8,52,definitions_tnm,"V) exposure and is more similar to other nonmelanoma cancers. IV Deﬁnition of Primary Tumor (T) Size cutoffs have been clariﬁed as follows: T1 describes tumor smaller than or equal to 2 cm T2 describes tumor larger than 2 cm, but smaller than or equal to 4 cm T3 describes tumor larger than 4 cm IV"
AJCC8,52,chapter_summary,"an, Chrysalyne Schmults, Raja R. Seethala, Randal S. Weber, and Jatin P. Shah CHAPTER SUMMARY Cancers Staged Using This System Cutaneous squamous cell carcinoma (CSCC), cutaneous carcinoma (CC), basal cell carcinoma (BCC) of the head and neck and all other nonmelanoma skin carcinomas of the head"
AJCC8,56,definitions_tnm,"e will be evalu- ated, and those that meet all AJCC criteria will be endorsed. DEFINITIONS OF AJCC TNM Deﬁnition of Primary Tumor (T) T Category T Criteria TX Primary tumor cannot be assessed Tis Carcinoma in situ T1 Tumor smaller than or equal to 2 cm in greatest dimension T2 Tumor larger than"
AJCC8,57,stage_group,tasis (M) M Category M Criteria M0 No distant metastasis M1 Distant metastasis AJCC PROGNOSTIC STAGE GROUPS When T is… And N is… And M is… Then the stage group is… Tis N0 M0 0 T1 N0 M0 I T2 N0 M0 II T3 N0 M0 III T1 N1 M0 III T2 N1 M0 III T3 N1 M0 III T1 N2 M0 IV T2 N2 M0 IV T3 N2 M0 IV Any T N3 M0
AJCC8,58,stage_group,to the proximal stomach are staged as stomach cancers even if EGJ involved. III AJCC Prognostic Stage Groups pT1a and pT1b are now incorporated into stage groupings. II AJCC Prognostic Stage Groups pT2–pT3 was separated into pT2 and pT3 for Stages I–III II AJCC Prognostic Stage Groups Unique cTNM pr
AJCC8,58,chapter_summary,"il, Adam J. Bass, Jeremy J. Erasmus, Hans Gerdes, and Wayne L. Hofstetter 16 CHAPTER SUMMARY Cancers Staged Using This Staging System Epithelial cancers including squamous cell carcinoma, adenocarcinoma, adenosquamous carcinoma, undifferentiated carcinoma, neuroendocrine cancers, and adenocarci"
AJCC8,59,stage_group,"ment variables compared with the AJCC Cancer Staging Manual, 7th Edition. The stage groupings were determined by using a risk-adjusted random survival forest analysis of collated data from 33 esopha- geal centers spanning six continents and including 22,654 patients.1 All-cause mortality—a hard"
AJCC8,60,stage_group,"s seem to create a less orderly arrangement of TNM categories within and among stage groupings compared with previous stage groupings, when viewed from the perspective of the interplay of these important prognostic factors, the new staging system becomes biologically compelling. In an effort to"
AJCC8,61,stage_group,"e patients is prob- lematic. The assumption that pTNM can be used for clinical stage grouping may lead to inappropriate therapies. Therefore, to avoid the continued use of pTNM groups for clinical stag- ing, we added clinical stage groups based on two datasets: the National Cancer Data Base (NCDB"
AJCC8,62,stage_group,"the regional lymph nodes, peritoneal cavity, and liver. The classiﬁcation and stage grouping described in this chapter are used for both clinical and pathological staging of adenocarcinomas of the small bowel, and do not apply to other types of malignant small bowel tumors. The staging system d"
AJCC8,65,stage_group,d G1 Well differentiated G2 Moderately differentiated G3 Poorly differentiated AJCC PROGNOSTIC STAGE GROUPS When T is… And N is… And M is… And grade is… Then the stage group is… Tis N0 M0 0 Tis(LAMN) N0 M0 0 T1 N0 M0 I T2 N0 M0 I T3 N0 M0 IIA T4a N0 M0 IIB T4b N0 M0 IIC T1 N1 M0 IIIA T2 N1 M0
AJCC8,65,definitions_tnm,"te will be evaluated, and those that meet all AJCC criteria will be endorsed. DEFINITIONS OF AJCC TNM Deﬁnition of Primary Tumor (T) T Category T Criteria TX Primary tumor cannot be assessed T0 No evidence of primary tumor Tis Carcinoma in situ (intramucosal carcinoma; invasion of the lamina pro"
AJCC8,68,definitions_tnm,"42 Summary of Changes Change Details of Change Level of Evidence Deﬁnition of Primary Tumor (T) T1 is now divided into two subcatgories: T1a, solitary tumor ≤2 cm; and T1b, solitary tumor without vascular invasion, >2 cm. II Deﬁnition of Primary Tumor (T) T2 now includes solitary tumor with vascu"
AJCC8,68,chapter_summary,"an K. Abou-Alfa, Timothy M. Pawlik, Junichi Shindoh, and Jean-Nicolas Vauthey CHAPTER SUMMARY Cancers Staged Using This Staging System Hepatocellular carcinoma (HCC), Fibrolamellar carcinoma (ﬁbrolamellar variant of HCC) Cancers Not Staged Using This Staging System These histopathologic types of"
AJCC8,69,stage_group,"or component of the clinical presenta- tion and a key determinant of prognosis. Anatomic stage is the other major determinant of outcome and prognosis. TNM staging helps determine curative resectability, as well as the presence and extent of vascular invasion, a key determinant of potential cure"
AJCC8,70,definitions_tnm,24 Summary of Changes Change Details of Change Level of Evidence Deﬁnition of Primary Tumor (T) The T1 category was revised to account for the prognostic impact of tumor size (T1a: ≤5 cm vs. T1b: >5 cm). II Deﬁnition of Primary Tumor (T) The T2 category is modiﬁed to reﬂect the equivalent progn
AJCC8,70,chapter_summary,"othy M. Pawlik, Bachir Taouli, Laura Rubbia-Brandt, and Jean-Nicolas Vauthey CHAPTER SUMMARY Cancers Staged Using This Staging System This staging system applies to primary carcinomas of the intrahepatic bile ducts, including the following: • Intrahepatic cholangiocarcinoma (IHCC) • Combined hep"
AJCC8,72,definitions_tnm,42 Summary of Changes Change Details of Change Level of Evidence Deﬁnition of Primary Tumor (T) T2 disease is now subdivided into two groups: T2 tumors on the peritoneal side (T2a) and those on the hepatic side (T2b) of the gallbladder. II Deﬁnition of Regional Lymph Node (N) Changed from locat
AJCC8,72,chapter_summary,"hy M. Pawlik, David A. Kooby, Tracey E. Schefter, and Jean-Nicolas Vauthey 24 CHAPTER SUMMARY Cancers Staged Using This Staging System Gallbladder carcinoma Cancers Not Staged Using This Staging System These histopathologic types of cancer… Are staged according to the classiﬁcation for… And can"
AJCC8,77,stage_group,tasis (M) M Category M Criteria M0 No distant metastasis M1 Distant metastasis AJCC PROGNOSTIC STAGE GROUPS When T is… And N is… And M is… Then the stage group is… Tis N0 M0 0 T1a N0 M0 IA T1a N1 M0 IIIA T1b N0 M0 IB T1b N1 M0 IIIA T2 N0 M0 IB T2 N1 M0 IIIA T3a N0 M0 IIA T3a N1 M0 IIIA T3b N0 M0 II
AJCC8,77,definitions_tnm,"will be evaluated, and those that meet all AJCC criteria will be endorsed. DEFINITIONS OF AJCC TNM Deﬁnition of Primary Tumor (T) T Category T Criteria TX Primary tumor cannot be assessed T0 No evidence of primary tumor Tis Carcinoma in situ T1 Tumor limited to ampulla of Vater or sphincter of"
AJCC8,79,stage_group,"inoma Stomach 17 Summary of Changes Change Details of Change Level of Evidence AJCC Prognostic Stage Groups Stages I–IV have been condensed; i.e., no substages A and B. II Additional Factors Recommended for Clinical Care Gastrin has been added as an additional factor recommended for clinical care"
AJCC8,79,chapter_summary,", Robert T. Jensen, Rebecca K.S. Wong, John K. Ramage, and Rodney F. Pommier CHAPTER SUMMARY Cancers Staged Using This Staging System This section includes gastric “carcinoid” tumors (NET G1 and G2, and rare well-differentiated G3). Cancers Not Staged Using This Staging System These histopathol"
AJCC8,81,stage_group,"lymph node, peritoneum, bone) M1c Both hepatic and extrahepatic metastases AJCC PROGNOSTIC STAGE GROUPS When T is… And N is… And M is… Then the stage group is… TX, T0 NX, N0, N1 M1 IV T1 N0 M0 I T1 N1 M0 III T1 NX, N0, N1 M1 IV T2 N0 M0 II T2 N1 M0 III T2 NX, N0, N1 M1 IV T3 N0 M0 II T3 N1 M0"
AJCC8,81,definitions_tnm,"te will be evaluated, and those that meet all AJCC criteria will be endorsed. DEFINITIONS OF AJCC TNM Deﬁnition of Primary Tumor (T) T Category T Criteria TX Primary tumor cannot be assessed T0 No evidence of primary tumor T1* Invades the lamina propria or submucosa and less than or equal to 1 c"
AJCC8,84,stage_group,"nal lymph node, peritoneum, bone) M1c Both hepatic and extrahepatic metastases AJCC PROGNOSTIC STAGE GROUPS When T is… And N is… And M is… Then the stage group is… TX, T0 NX, N0, N1, N2 M1 IV T1 N0 M0 I T1 N1, N2 M0 III T1 NX, N0, N1, N2 M1 IV T2 N0 M0 II T2 N1, N2 M0 III When T is… And N is… And"
AJCC8,84,definitions_tnm,380 DEFINITIONS OF AJCC TNM Deﬁnition of Primary Tumor (T) T Category T Criteria TX Primary tumor cannot be assessed T0 No evidence of primary tumor T1* Invades lamina propria or submucosa and less than or equal to1 cm in
AJCC8,85,stage_group,"x – carcinoma 19 Summary of Changes Change Details of Change Level of Evidence AJCC Prognostic Stage Groups Stages I-IV have been condensed; i.e., no substages A and B II 32 To access the AJCC cancer staging forms, please visit www.cancerstaging.org. ICD-O-3 Topography Codes Code Description C18."
AJCC8,85,chapter_summary,", Robert T. Jensen, Rebecca K.S. Wong, John K. Ramage, and Rodney F. Pommier CHAPTER SUMMARY Cancers Staged Using This Staging System Appendiceal NETs (carcinoid) tumors (NET G1 and G2, and rare well-differentiated G3) Cancers Not Staged Using This Staging System These histopathologic types of"
AJCC8,87,stage_group,"l lymph node, peritoneum, bone) M1c Both hepatic and extrahepatic metastases AJCC PROGNOSTIC STAGE GROUPS When T is… And N is… And M is… Then the stage group is… TX, T0 NX, N0, N1 M1 IV T1 N0 M0 I T1 N1 M0 III T1 NX, N0, N1 M1 IV American Joint Committee on Cancer • 2017 AJCC 8th Edition Updates"
AJCC8,87,definitions_tnm,"e will be evaluated, and those that meet all AJCC criteria will be endorsed. DEFINITIONS OF AJCC TNM Deﬁnition of Primary Tumor (T) T Category T Criteria TX Primary tumor cannot be assessed T0 No evidence of primary tumor T1 Tumor 2 cm or less in greatest dimension T2 Tumor more than 2 cm but l"
AJCC8,88,stage_group,"393 32 When T is… And N is… And M is… Then the stage group is… T2 N0 M0 II T2 N1 M0 III T2 NX, N0, N1 M1 IV T3 N0 M0 II T3 N1 M0 III T3 NX, N0, N1 M1 IV T4 N0 M0 III T4 N1 M0 III T4 NX, N0, N1 M1 IV REGISTRY DATA COLLECTION VARIABLES 1. Size of tumor 2. Depth of"
AJCC8,89,chapter_summary,"r, David Klimstra, Kathy Mallin, Emily Bergsland, and Mary Kay Washington 33 CHAPTER SUMMARY Cancers Staged Using This Staging System This section includes colonic and rectal “carcinoid” tumors (neuroendocrine tumor G1 and G2, and rare well- differentiated G3). Cancers Not Staged Using This Sta"
AJCC8,91,stage_group,"l lymph node, peritoneum, bone) M1c Both hepatic and extrahepatic metastases AJCC PROGNOSTIC STAGE GROUPS When T is… And N is… And M is… Then the stage group is… TX, T0 Any N M1 IV T1 N0 M0 I T1 N1 M0 IIIB T1 Any N M1 IV T2 N0 M0 IIA T2 N1 M0 IIIB T2 Any N M1 IV T3 N0 M0 IIB T3 N1 M0 IIIB T3 Any"
AJCC8,91,definitions_tnm,"e will be evaluated, and those that meet all AJCC criteria will be endorsed. DEFINITIONS OF AJCC TNM Deﬁnition of Primary Tumor (T) T Category* T Criteria TX Primary tumor cannot be assessed T0 No evidence of primary tumor T1 Tumor invades the lamina propria or submucosa and is ≤2 cm T1a Tumor"
AJCC8,93,definitions_tnm,"e will be evaluated, and those that meet all AJCC criteria will be endorsed. DEFINITIONS OF AJCC TNM Deﬁnition of Primary Tumor (T) T Category T Criteria TX Tumor cannot be assessed T1 Tumor limited to the pancreas,* <2 cm T2 Tumor limited to the pancreas,* 2−4 cm T3 Tumor limited to the pancrea"
AJCC8,94,chapter_summary,"DOI 10.1007/978-3-319-40618-3_35 Thymus Frank C. Detterbeck and Edith M. Marom CHAPTER SUMMARY Cancers Staged Using This Staging System Thymoma, thymic carcinoma, thymic neuroendocrine tumors, combined thymic carcinoma Summary of Changes This is the ﬁrst staging system for thymic tumors. 35 ICD-"
AJCC8,96,stage_group,"s tumors with multiple extrathoracic metastases in one or multiple organs. II4 AJCC Prognostic Stage Groups Stage IA now is divided into three stages—IA1, IA2, and IA3—to include T1aN0M0, T1bN0M0, and T1cN0M0 tumors, respectively. II5 AJCC Prognostic Stage Groups Stage IIB now includes T1aN1M0, T1"
AJCC8,98,stage_group,"node biopsy is performed. PROGNOSTIC FACTORS Prognostic Factors Required for Stage Grouping Beyond the factors used to assign T, N, or M categories, no additional prognostic factors are required for stage grouping. Additional Factors Recommended for Clinical Care Several factors are reported"
AJCC8,98,definitions_tnm,"will be evalu- ated, and those that meet all AJCC criteria will be endorsed. DEFINITIONS OF AJCC TNM Deﬁnition of Primary Tumor (T) Deﬁnition of Regional Lymph Node (N) T Category T Criteria TX Primary tumor cannot be assessed T0 No evidence of primary tumor T1 Tumor limited to the ipsilateral"
AJCC8,101,definitions_tnm,e purpose of inclusion here is to prospectively collect data. N/A Deﬁnition of Primary Tumor (T) A new set of T categories (T1–T4) has been created. Traditional T1 and T2 according to the 5‐cm breakpoint for soft tissue sarcoma have been eliminated in the head and neck because they are less relev
AJCC8,101,chapter_summary,"Alexander J. Lazar, Robin L. Jones, Erich M. Sturgis, and Raphael E. Pollock CHAPTER SUMMARY Cancers Staged Using This Staging System This staging system applies to all soft tissue sarcomas of the head and neck except angiosarcoma, rhabdomyosarcoma of the embryonal and alveolar subtype, Kaposi"
AJCC8,103,stage_group,T4 is a new category deﬁned as tumor more than 15 cm in greatest dimension II1 AJCC Prognostic Stage Groups AJCC Prognostic Stage Groups have been changed. II Code Description C47.1 Peripheral nerves and autonomic nervous system of upper limb and shoulder C47.2 Peripheral nerves and autonomic nerv
AJCC8,103,definitions_tnm,oft tissue sarcoma was divided into chapters by anatomic site. N/A Deﬁnition of Primary Tumor (T) Superﬁcial and deep location has been removed as part of T criteria. II Deﬁnition of Primary Tumor (T) T categories have been increased from two to four. II Deﬁnition of Primary Tumor (T) T1 remains as
AJCC8,103,chapter_summary,"David M. Panicek, R. Lor Randall, Paige S. Tedder, and Raphael E. Pollock 41 CHAPTER SUMMARY Cancers Staged Using This Staging System Soft tissue sarcomas of the extremity and trunk Summary of Changes ICD‐O‐3 Topography Codes Change Details of Change Level of Evidence New chapter Soft tissue s"
AJCC8,105,definitions_tnm,"or abdominal and thoracic and visceral sarcomas is introduced. IV Deﬁnition of Primary Tumor (T) A new designation for T category is proposed. The designation of deep versus superﬁcial sarcoma does not make sense for these anatomic sites and is deleted. IV To access the AJCC cancer staging forms,"
AJCC8,105,chapter_summary,"ander J. Lazar, Richard F. Riedel, Paige S. Tedder, and Raphael E. Pollock 42 CHAPTER SUMMARY Cancers Staged Using This Staging System Soft tissue sarcomas of the abdominal and thoracic visceral organs, including extraskeletal Ewing sarcoma of the vulva, vagina and sarcomas of the cervix, are st"
AJCC8,107,chapter_summary,"rian O’Sullivan, Chandrajit P. Raut, Paige S. Tedder, and Raphael E. Pollock CHAPTER SUMMARY Cancers Staged Using This Staging System Gastrointestinal stromal tumor (GIST) Cancers Not Staged Using This Staging System These histopathologic types of cancer… Are staged according to the classiﬁcati"
AJCC8,109,stage_group,"able online (www.cap.org). PROGNOSTIC FACTORS Prognostic Factors Required for Stage Grouping Mitotic Rate Histologic grading is a component of sarcoma staging, but it is not well suited to GIST. This is because most of these tumors have low or relatively low mitotic rates, below the thresholds"
AJCC8,109,definitions_tnm,"e will be evalu- ated, and those that meet all AJCC criteria will be endorsed. DEFINITIONS OF AJCC TNM Deﬁnition of Primary Tumor (T) T Category T Criteria TX Primary tumor cannot be assessed T0 No evidence of primary tumor T1 Tumor 2 cm or less T2 Tumor more than 2 cm but not more than 5 cm T3 Tu"
AJCC8,110,definitions_tnm,Summary of Changes 44 Change Details of Change Level of Evidence Deﬁnition of Primary Tumor (T) Retroperitoneal sarcomas use the same revised tumor size (T) classiﬁcation for extremity and trunk sarcomas II Deﬁnition of Primary Tumor (T) Superﬁcial and deep location has been removed as part of T
AJCC8,110,chapter_summary,"azar, John E. Madewell, Chandrajit P. Raut, Paige S. Tedder, and Sam S. Yoon CHAPTER SUMMARY Cancers Staged Using This Staging System Common sarcomas of the retroperitoneum Cancers Not Staged Using this Staging System These histopathologic types of cancer... Are staged according to the classiﬁc"
AJCC8,112,chapter_summary,"azar, R. Lor Randall, Chandrajit P. Raut, Sam S. Yoon, and Raphael E. Pollock CHAPTER SUMMARY Diagnoses Discussed In This Chapter • Alveolar soft part sarcoma • Angiosarcoma • Desmoplastic small round cell tumor • Epithelioid hemangioendothelioma • Extraskeletal myxoid chondrosarcoma • Inﬂammator"
AJCC8,113,chapter_summary,"540 Summary of Changes Sarcomas Arising in These Areas Code Description C00‐C14 Lip, oral cavity, and pharynx C15‐C26 Digestive organs C30‐C33 Respiratory system C34‐C37 Intrathoracic organs C50 Breast C51‐C53 Female genita"
AJCC8,116,chapter_summary,"eto, Arthur J. Sober, Richard L. Wahl, Sandra L. Wong, and Vernon K. Sondak CHAPTER SUMMARY Cancers Staged Using This Staging System Cutaneous melanoma Cancers Not Staged Using This Staging System 47 These histopathologic types of cancer… Are staged according to the classiﬁcation for… And can"
AJCC8,117,stage_group,ckness cannot be determined) may now be used as the T category designation for stage groupings. N/A Deﬁnition of Regional Lymph Node (N) Number of tumor‐involved regional lymph nodes is maintained. I Deﬁnition of Regional Lymph Node (N) Previously empirically deﬁned “microscopic” and “macroscopic
AJCC8,117,definitions_tnm,"C00.6 commissure of lip have been added to this classiﬁcation. IV Deﬁnition of Primary Tumor (T) All principal T‐category tumor thickness ranges are maintained, but T1 now is subcategorized by tumor thickness strata at 0.8 mm threshold. I Deﬁnition of Primary Tumor (T) Tumor mitotic rate was rem"
AJCC8,117,chapter_summary,"564 Summary of Changes Change Details of Change Level of Evidence ICD-O-3 Topography Codes C00.0 external upper lip, C00.1 external lower lip, C00.2 external lip, NOS, and C00.6 commissure of lip have been added to this cl"
AJCC8,119,stage_group,"evidence AJCC Anatomic, Clinical Prognostic Stage and Pathological Prognostic Stage Groups There are three stage group tables presented in this chapter: 1. Anatomic Stage table. This is based solely on anatomic extent of cancer as deﬁned by the T, N, and M categories. This is intended for use i"
AJCC8,119,chapter_summary,"awrence J. Solin, Donald L. Weaver, David J. Winchester, and Armando Giuliano CHAPTER SUMMARY Cancers Staged Using this Staging System Invasive (inﬁltrating) carcinoma of the breast, ductal carcinoma in situ of the breast. Cancers Not Staged Using this Staging System These histopathologic types"
AJCC8,120,definitions_tnm,590 Change Details of change Level of evidence Deﬁnition of Primary Tumor (T) Lobular carcinoma in situ (LCIS) is removed as a pTis category for T categorization. Lobular carcinoma in situ is treated as a benign entity and is removed from TNM staging. I Deﬁnition of Primary Tum
AJCC8,122,definitions_tnm,"Manual have been published, in which careful deﬁnitions of categories for the primary tumor (T), the status of the surrounding lymph nodes (N), and the presence of distant metastases have been reﬁned to reﬂect updates in technology and clinical evidence.1 During these ﬁve decades, changes to th"
AJCC8,125,stage_group,"TNM staging system? Inclusion of Biologic Factors in Staging and the Need for Anatomic Stage Increasingly in the modern era, many treatment decisions for patients with newly diagnosed breast cancer are not based on anatomic TNM stage, and certainly not on stage alone. Large tumor size (T3 versu"
AJCC8,126,stage_group,"o Pathological Prognostic Stage. It decided to assign Pathological Prognostic Stage Group IA for those with T1 or T2, N0, M0 cancers that are ER positive and HER2 negative, and have an OncotypeDx® recurrence score of less than 11. This decision was based on the published information from a pros"
AJCC8,127,stage_group,"ately determine survival. As the com- plexity of survival predictions increase, stage groupings may evolve into calculation models to assign survival and stage. This progression of knowledge is likely to lead to more fre- quent modiﬁcations of survival-based stage assignments than has been experi"
AJCC8,129,definitions_tnm,") and may help facilitate breast- conserving therapy in this patient subgroup. Primary Tumor (T) – Clinical and Pathological The T category of the primary tumor is deﬁned by the same criteria regardless of whether it is based on clinical or patho- logical criteria, or both. The T category is based"
AJCC8,131,definitions_tnm,"601 Tumor Size The clinical size of a primary tumor (T) can be measured based on clinical ﬁndings (physical examination and imag- ing modalities, such as mammography, ultrasound, and MR imaging) and pathological ﬁndings (gross and microscopic measurements"
AJCC8,135,stage_group,"umor in any margin of resection. A cancer can be classiﬁed pT for pathological stage grouping if there is only microscopic, but not macroscopic, involvement at the mar- gin. If macroscopic examination ﬁnds transected tumor in the margin of resection, the pathological size of the tumor may be est"
AJCC8,136,definitions_tnm,ic stage should be assigned in this case. Pathological Characterization of the Primary Tumor (T) Determining Tumor Size Pathological tumor size (pT) based on gross measurement also may be somewhat inaccurate for the same reasons as discussed in the clinical classiﬁcation. Microscopic assess- men
AJCC8,144,stage_group,"ions for treatment (e.g., NCCN and ASCO tumor marker guidelines). Maintaining Anatomic Stage The Expert Panel reached a strong consensus that each patient should be able to be assigned a purely anatomic stage even if prognostic staging is possible. It is recognized that prognostic staging is no"
AJCC8,147,stage_group,e less than or equal to 10). These patients should be staged according to the AJCC Prognostic Stage Groups. The ﬁndings for the Oncotype Dx® assay are supported by Level I Evidence (large-scale prospective clinical trial data). Other multigene panels provide similar information that could allow
AJCC8,148,stage_group,"rkers and panels are performed. Incorporating Biomarkers into TNM – Prognostic Stage Groups Heretofore, large databases that have complete data on all biomarkers and sufﬁcient follow-up have not been available, largely because HER2 was not routinely captured in popula- tion registries until 2010."
AJCC8,149,stage_group,HER2 overexpression had better survival than others with the same 7th Edition stage group. These ﬁndings were consistent with the point score developed in the MD Anderson model. Survival ranges of stage groups were deﬁned using 7th Edition staging criteria to maintain consis- tency with previou
AJCC8,150,stage_group,"620 Prognostic stage groups were deﬁned by combining the anatomic stage group with grade, HER2, ER and PR. Stage IA and IB and Stage IIIB and IIIC were combined. This cre- ated 120 different categories of patients. For each Prognosti"
AJCC8,151,stage_group,"621 While the application of these prognostic stage groups in practice and cancer registries will be more complicated than the anatomic stage groups, the prognostic stage more accu- rately predicts outcome. The Expert Panel believes this added clinical value outw"
AJCC8,153,stage_group,"rrence score of <11.16 If performed, Oncotype Dx® is used to assign prognostic stage group IA to patients with T1–2 N0 M0, ER-positive, HER2-negative cancers and recurrence score less than 11. AJCC Level of Evidence: I. PAM50 (ProSigna®) PAM50 (ProSigna) is measured and reported in expression pr"
AJCC8,154,definitions_tnm,624 DEFINITIONS OF AJCC TNM Deﬁnition of Primary Tumor (T) – Clinical and Pathological T Category T Criteria TX Primary tumor cannot be assessed T0 No evidence of primary tumor Tis (DCIS)* Ductal carcinoma in situ Tis (P
AJCC8,155,stage_group,"udies are not required to assign the cM0 category AJCC ANATOMIC AND PROGNOSTIC STAGE GROUPS There are three stage group tables: The Anatomic Stage Group table, the Clinical Prognostic Stage Group table and the Pathological Prognostic Stage Group table. Cancer registries and clinicians in the Un"
AJCC8,156,stage_group,R2 Status is… And ER Status is… And PR Status is… Then the Clinical Prognostic Stage Group is… Tis N0 M0 Any Any Any Any 0 T1* N0 M0 T0 N1mi M0 T1* N1mi M0 G1 Positive Positive Positive IA Negative IA Negative Positive IA Negative IA Negative Positive Positive IA Negative IA Negative Positive IA Ne
AJCC8,157,stage_group,R2 Status is… And ER Status is… And PR Status is… Then the Clinical Prognostic Stage Group is… T0 N1** M0 T1* N1** M0 T2 N0 M0 G1 Positive Positive Positive IB Negative IIA Negative Positive IIA Negative IIA Negative Positive Positive IB Negative IIA Negative Positive IIA Negative IIA G2 Positive P
AJCC8,158,stage_group,R2 Status is… And ER Status is… And PR Status is… Then the Clinical Prognostic Stage Group is… T4 N0 M0 T4 N1*** M0 T4 N2 M0 Any T N3 M0 G1 Positive Positive Positive IIIA Negative IIIB Negative Positive IIIB Negative IIIB Negative Positive Positive IIIB Negative IIIB Negative Positive IIIB Negativ
AJCC8,159,stage_group,R2 Status is… And ER Status is… And PR Status is… Then the Clinical Prognostic Stage Group is… Any T Any N M1 Any Any Any Any IV *T1 Includes T1mi. **N1 does not include N1mi. T1 N1mi M0 and T0 N1mi M0 cancers are included for prognostic staging with T1 N0 M0 cancers of the same prognostic factor
AJCC8,160,stage_group,tatus is… And ER Status is… And PR Status is… Then the Pathological Prognostic Stage Group is… T2 N1*** M0 T3 N0 M0 G1 Positive Positive Positive IA Negative IIB Negative Positive IIB Negative IIB Negative Positive Positive IA Negative IIB Negative Positive IIB Negative IIB G2 Positive Positive Pos
AJCC8,161,stage_group,tatus is… And ER Status is… And PR Status is… Then the Pathological Prognostic Stage Group is… T0 N2 M0 T1* N2 M0 T2 N2 M0 T3 N1*** M0 T3 N2 M0 G1 Positive Positive Positive IB Negative IIIA Negative Positive IIIA Negative IIIA Negative Positive Positive IB Negative IIIA Negative Positive IIIA Nega
AJCC8,162,stage_group,tatus is… And ER Status is… And PR Status is… Then the Pathological Prognostic Stage Group is… Any T Any N M1 Any Any Any Any IV *T1 includes T1mi. **N1 does not include N1mi. T1 N1mi M0 and T0 N1mi M0 cancers are included for prognostic staging with T1 N0 M0 cancers of the same prognostic factor
AJCC8,167,chapter_summary,"Grigsby, Ian S. Hagemann, Aaron H. Wolfson, Richard Zaino, and David G. Mutch CHAPTER SUMMARY Cancers Staged Using This Staging System All carcinomas of the vulva 50 Cancers Not Staged Using This Staging System These histopathologic types of cancer… Are staged according to the classiﬁcation for…"
AJCC8,170,stage_group,ia M0 No distant metastasis (no pathological M0; use clinical M to complete stage group) M1 IVB Distant metastasis (including pelvic lymph node metastasis) AJCC PROGNOSTIC STAGE GROUPS When T is… And N is… And M is… Then the stage group is… T1 N0 M0 I T1a N0 M0 IA T1b N0 M0 IB T2 N0 M0 II T1
AJCC8,171,definitions_tnm,s 42 Summary of Changes Change Details of Change Level of Evidence Deﬁnition of Primary Tumor (T) T1 and T2 subcategories were added to distinguish a tumor size cutoff of 2.0 cm for prospective data collection for studying prognostic signiﬁcance. III ICD-O-3 Topography Codes Code Description C52.9
AJCC8,171,chapter_summary,"gsby, Ian S. Hagemann, Aaron H. Wolfson, Richard Zaino, and David G. Mutch 51 CHAPTER SUMMARY Cancers Staged Using This Staging System All carcinomas of the vagina Cancers Not Staged Using This Staging System These histopathologic types of cancer... Are staged according to the classiﬁcation for.."
AJCC8,173,definitions_tnm,"e will be evaluated, and those that meet all AJCC criteria will be endorsed. DEFINITIONS OF AJCC TNM The deﬁnitions of the T categories correspond to the stages accepted by the Fédération Internationale de Gynécologie et d’Obstétrique (FIGO). Both systems are included for comparison. Deﬁnition"
AJCC8,174,chapter_summary,"stopher N. Otis, Lorraine Portelance, Aaron H. Wolfson, and David G. Mutch 52 CHAPTER SUMMARY Cancers Staged Using This Staging System Malignancies arising primarily in the cervix, with the exception of select sarcomas, are staged in this chapter. To access the AJCC cancer staging forms, please v"
AJCC8,176,definitions_tnm,from this chapter and are considered separately (Chapter 54). N/A Deﬁnition of Primary Tumor (T) Stage 0 and Tis (carcinoma in situ/pre-invasive carcinoma) have been removed. N/A Deﬁnition of Primary Tumor (T) Endometrial intraepithelial carcinoma (EIC) should be considered a T1 cancer. II Histolog
AJCC8,176,chapter_summary,"ickson, Ian S. Hagemann, Lorraine Portelance, Jaime Prat, and David G. Mutch CHAPTER SUMMARY Cancers Staged Using This Staging System Uterine carcinomas and carcinosarcomas 53 Summary of Changes Change Details of Change Level of Evidence Histopathologic Type Uterine sarcomas have been removed fr"
AJCC8,178,chapter_summary,"er Oliva, Matthew A. Powell, Jaime Prat, Aaron H. Wolfson, and David G. Mutch CHAPTER SUMMARY Cancers Staged Using This Staging System Sarcomas arising in the uterine corpus 54 Cancers Not Staged Using This Staging System These histopathologic types of cancer… Are staged according to the classiﬁc"
AJCC8,180,stage_group,(T) Deﬁnition of Regional Lymph Node (N) Deﬁnition of Distant Metastasis (M) AJCC PROGNOSTIC STAGE GROUPS Leiomyosarcoma and Endometrial Stromal Sarcoma T Category FIGO Stage T Criteria TX Primary tumor cannot be assessed T0 No evidence of primary tumor T1 I Tumor limited to the uterus T1a IA T
AJCC8,180,definitions_tnm,"e will be evalu- ated, and those that meet all AJCC criteria will be endorsed. DEFINITIONS OF AJCC TNM Deﬁnition of Primary Tumor (T) Deﬁnition of Primary Tumor (T) Deﬁnition of Regional Lymph Node (N) Deﬁnition of Distant Metastasis (M) AJCC PROGNOSTIC STAGE GROUPS Leiomyosarcoma and Endometr"
AJCC8,181,stage_group,tiated or undifferentiated Adenosarcoma When T is… And N is… And M is… Then the stage group is… T1 N0 M0 I T1a N0 M0 IA T1b N0 M0 IB T1c N0 M0 IC T2 N0 M0 II T3a N0 M0 IIIA T3b N0 M0 IIIB T1-3 N1 M0 IIIC T4 Any N M0 IVA Any T Any N M1 IVB American Joint Committee on Cancer • 2017 AJCC 8th Edition Up
AJCC8,182,stage_group,"shares the same staging system as ovary and primary peritoneal carcinoma. N/A AJCC Prognostic Stage Groups Stage I: intraoperative rupture (""surgical spill""; Stage IC1) is separated from capsule ruptured before surgery (Stage IC2). Positive washings in the presence or absence of capsule rupture"
AJCC8,182,chapter_summary,"en, Larry J. Copeland, Randall K. Gibb, Matthew A. Powell, and David G. Mutch CHAPTER SUMMARY Cancers Staged Using This Staging System Malignant tumors arising in the ovary, fallopian tube, and primary peritoneum, with the exception of gastrointestinal stromal tumors (GIST) and speciﬁc sarcomas"
AJCC8,184,stage_group,ymph nodes outside the abdominal cavity); transmural involvement of intestine AJCC PROGNOSTIC STAGE GROUPS When T is… And N is… And M is… Then the stage group is… T1 N0 M0 I T1a N0 M0 IA T1b N0 M0 IB T1c N0 M0 IC T2 N0 M0 II T2a N0 M0 IIA T2b N0 M0 IIB T1/T2 N1 M0 IIIA1 T3a NX/N0/N1 M0 IIIA2 T3b
AJCC8,184,definitions_tnm,696 Deﬁnition of Primary Tumor (T) T Category FIGO Stage T Criteria TX Primary tumor cannot be assessed T0 No evidence of primary tumor T1 I Tumor limited to ovaries (one or both) or fallopian tube(s) T1a IA Tumor limited to one ovary
AJCC8,185,chapter_summary,", Perry W. Grigsby, Ian S. Hagemann, Lorraine Portelance, and David G. Mutch CHAPTER SUMMARY Cancers Staged Using This Staging System Placental neoplasms Summary of Changes Change Details of Change Level of Evidence WHO Classiﬁcation of Tumors Complete and partial hydatidiform tumors have been"
AJCC8,187,stage_group,M) M Category M Criteria M0 No distant metastasis M1 Distant metastasis present AJCC PROGNOSTIC STAGE GROUPS When T is… And N is… And M is… Then the stage group is… Tis N0 M0 0is Ta N0 M0 0a When T is… And N is… And M is… Then the stage group is… T1a N0 M0 I T1b N0 M0 IIA T2 N0 M0 IIA T3 N0 M0 I
AJCC8,188,stage_group,"Gleason score (2014 criteria) and the Grade Group should both be reported. II2 AJCC Prognostic Stage Groups Stage III includes select organ-conﬁned disease tumors based on prostate-speciﬁc antigen (PSA) and Gleason/Grade Group status. II 58 To access the AJCC cancer staging forms, please visit ww"
AJCC8,188,definitions_tnm,r 62 Summary of Changes Change Details of Change Level of Evidence Deﬁnition of Primary Tumor (T) Pathologically organ-conﬁned disease is considered pT2 and no longer subclassiﬁed by extent of involvement or laterality. III1 Histologic Grade (G) The Gleason score (2014 criteria) and the Grade Grou
AJCC8,188,chapter_summary,"jer, Michael J. Zelefsky, Howard M. Sandler, Mahul B. Amin, and Daniel W. Lin CHAPTER SUMMARY Cancers Staged Using This Staging System This classiﬁcation applies to adenocarcinomas and squamous carcinomas of the prostate gland. Cancers Not Staged Using This Staging System These histopathologic ty"
AJCC8,189,stage_group,"asymptomatic are at this time unproven to beneﬁt from initial local therapy. Stage grouping for prostate cancer was improved in the American Joint Committee on Cancer (AJCC) Cancer Staging Manual, 7th Edition, to include PSA and tumor grade (i.e., Gleason score) for the ﬁrst time. This practic"
AJCC8,190,stage_group,"Pattern 1 ≤6 ≤3+3 2 7 3+4 3 7 4+3 4 8 4+4, 3+5, 5+3 5 9 or 10 4+5, 5+4, or 5+5 AJCC PROGNOSTIC STAGE GROUPS When T is… And N is… And M is… And PSA is… And Grade Group is… Then the stage group is… cT1a-c, cT2a N0 M0 < 10 1 I pT2 N0 M0 < 10 1 I cT1a-c, cT2a, pT2 N0 M0 ≥ 10 < 20 1 IIA cT2b-c"
AJCC8,191,definitions_tnm,"N/A Summary of Changes Change Details of Change Level of Evidence Deﬁnition of Primary Tumor (T) In pure seminoma, T1 is subclassiﬁed to T1a and T1b according to tumor’s size using a 3 cm cutoff. I Deﬁnition of Primary Tumor (T) Epididymal invasion is considered T2 rather than T1. II Deﬁnition of"
AJCC8,191,chapter_summary,"jer, Michael J. Zelefsky, Howard M. Sandler, Mahul B. Amin, and Daniel W. Lin CHAPTER SUMMARY Cancers Staged Using This Staging System Postpubertal germ cell tumors of the testis and malignant sex cord-stromal tumors of the testis. 59 Cancers Not Staged Using This Staging System These histopathol"
AJCC8,193,definitions_tnm,"e will be evalu- ated, and those that meet all AJCC criteria will be endorsed. DEFINITIONS OF AJCC TNM Deﬁnition of Primary Tumor (T) Deﬁnition of Regional Lymph Node (N) Table 59.1 The International Germ Cell Consensus Classiﬁcation for Advanced Disease. From Wilkinson et al., with permission.14"
AJCC8,194,definitions_tnm,"N/A Summary of Changes Change Details of Change Level of Evidence Deﬁnition of Primary Tumor (T) For T3a disease: The word “grossly” was eliminated from the description of renal vein involvement, and “muscle containing” was changed to “segmental veins.” II Deﬁnition of Primary Tumor (T) For T3a d"
AJCC8,194,chapter_summary,"atish K. Tickoo, Raghunandan Vikram, Ming Zhou, and Walter M. Stadler 60 CHAPTER SUMMARY Cancers Staged Using This Staging System Carcinomas arising in the kidney Cancers Not Staged Using This Staging System These histopathologic types of cancer… Are staged according to the classiﬁcation for"
AJCC8,196,stage_group,"stasis (M) M Category M Criteria M0 No distant metastasis M1 Distant metastasis AJCC PROGNOSTIC STAGE GROUPS When T is… And N is… And M is… Then the stage group is… T1 N0 M0 I T1 N1 M0 III T2 N0 M0 II T2 N1 M0 III T3 NX, N0 M0 III T3 N1 M0 III T4 Any N M0 IV Any T Any N M1 IV REGISTRY DATA COLLECT"
AJCC8,197,chapter_summary,"Victor E. Reuter, Srikala Sridhar, Raghunandan Vikram, and Walter M. Stadler CHAPTER SUMMARY Cancers Staged Using This Staging System Urothelial (transitional cell) carcinoma, including histologic variants micropapillary and nested subtypes 61 Cancers Not Staged Using This Staging System These h"
AJCC8,199,stage_group,"stasis (M) M Category M Criteria M0 No distant metastasis M1 Distant metastasis AJCC PROGNOSTIC STAGE GROUPS When T is… And N is… And M is… Then the stage group is… Ta N0 M0 0a Tis N0 M0 0is T1 N0 M0 I T2 N0 M0 II When T is… And N is… And M is… Then the stage group is… T3 N0 M0 III T4 NX, N0 M0 IV A"
AJCC8,199,definitions_tnm,te will be evalu- ated and those that meet all AJCC criteria will be endorsed. DEFINITIONS OF AJCC TNM Deﬁnition of Primary Tumor (T) T Category T Criteria TX Primary tumor cannot be assessed T0 No evidence of primary tumor Ta Papillary noninvasive carcinoma Tis Carcinoma in situ T1 Tumor invades s
AJCC8,201,definitions_tnm,"te will be evaluated, and those that meet all AJCC criteria will be endorsed. DEFINITIONS OF AJCC TNM Deﬁnition of Primary Tumor (T) T Category T Criteria TX Primary tumor cannot be assessed T0 No evidence of primary tumor Ta Non-invasive papillary carcinoma Tis Urothelial carcinoma in situ: “ﬂat"
AJCC8,202,stage_group,"to lymph nodes beyond the common iliacs M1b Non-lymph-node distant metastases AJCC PROGNOSTIC STAGE GROUPS When T is… And N is… And M is… Then the stage group is… Ta N0 M0 0a Tis N0 M0 0is T1 N0 M0 I T2a N0 M0 II T2b N0 M0 II T3a, T3b, T4a N0 M0 IIIA T1-T4a N1 M0 IIIA T1-T4a N2, N3 M0 IIIB T4b An"
AJCC8,203,definitions_tnm,"s 42 Summary of Changes Change Details of Change Level of Evidence Deﬁnition of Primary Tumor (T) TX, T0, Ta have been added to the classiﬁcation for urothelial carcinoma of the prostatic urethra. III Deﬁnition of Primary Tumor (T) In urothelial carcinoma of the prostate: Carcinoma in situ, invol"
AJCC8,203,chapter_summary,"rikala Sridhar, Walter M. Stadler, Raghunandan Vikram, and James M. McKiernan CHAPTER SUMMARY Cancers Staged Using This Staging System The classiﬁcation applies to urothelial (transitional cell), squamous, and glandular carcinomas of the urethra and to urothelial (transitional cell) carcinomas o"
AJCC8,205,stage_group,tasis (M) M Category M Criteria M0 No distant metastasis M1 Distant metastasis AJCC PROGNOSTIC STAGE GROUPS REGISTRY DATA COLLECTION VARIABLES 1. WHO/ISUP Grade 2. Grade 1–3 for squamous cell carcinoma and adenocarcinoma HISTOLOGIC GRADE (G) Urothelial Carcinoma Grade is reported by the grade
AJCC8,205,definitions_tnm,"e will be evalu- ated, and those that meet all AJCC criteria will be endorsed. DEFINITIONS OF AJCC TNM Deﬁnition of Primary Tumor (T) Deﬁnition of Regional Lymph Node (N) N Category N Criteria NX Regional lymph nodes cannot be assessed N0 No regional lymph node metastasis N1 Single regional lymph"
AJCC8,206,stage_group,788 Change Details of Change Level of Evidence AJCC Prognostic Stage Groups Stage groups have been modiﬁed to incorporate new T and N categories; Stage III is deﬁned as node-positive disease and Stage IV as distant metastases. III ICD-O-3 Topography Codes Code Des
AJCC8,207,stage_group,"tasis (M) M Category M Criteria M0 No distant metastasis M1 Distant metastasis AJCC PROGNOSTIC STAGE GROUPS When T is… And N is… And M is… Then the stage group is… Tis N0 M0 0 T1 N0 M0 IA T2a N0 M0 IB When T is… And N is… And M is… Then the stage group is… T2b–c, T3 N0 M0 IIA T4 N0 M0 IIB Any T N"
AJCC8,209,definitions_tnm,66 Summary of Changes Change Details of Change Level of Evidence Deﬁnition of Primary Tumor (T) T1 and T2 deﬁnitions have been revised to include invasion of the conjunctival basement membrane. II Prognostic Factors Expanded Emerging Prognostic Factors list II and III To access the AJCC cancer st
AJCC8,209,chapter_summary,"w W. Wilson, Christian W. Wittekind, Sarah E. Coupland, and Paul T. Finger 65 CHAPTER SUMMARY Cancers Staged Using This Staging System The classiﬁcation applies only to carcinoma of the conjunctiva. Other tumors of the conjunctiva, including secondary conjunc- tival tumors (e.g., intraocular tumo"
AJCC8,211,definitions_tnm,67 Summary of Changes Change Details of Change Level of Evidence Deﬁnition of Primary Tumor (T) Criteria of T categories have changed to describe circumferential extent. III Deﬁnition of Regional Lymph Node (N) Criteria of N category have changed to describe whether a biopsy was performed. III H
AJCC8,211,chapter_summary,"tian W. Wittekind, Michelle D. Williams, Victor G. Prieto, and Paul T. Finger CHAPTER SUMMARY Cancers Staged Using This Staging System Melanomas arising from the bulbar and palpebral conjunctiva and from the caruncle Cancers Not Staged Using This Staging System These histopathologic types of can"
AJCC8,212,stage_group,"cant outcome data of this rare tumor that may be used to create evidence-based stage groups. ANATOMY Primary Site(s) The conjunctiva is a thin and transparent mucous membrane that secretes mucous material from goblet cells, which con- tributes to the tear ﬁlm. Beyond that, it serves to protect"
AJCC8,213,stage_group,"ow evidence of ulceration. PROGNOSTIC FACTORS Prognostic Factors Required for Stage Grouping Beyond the factors used to assign T, N, or M categories, no additional prognostic factors are required for stage grouping. Additional Factors Recommended for Clinical Care BRAF BRAF mutational status o"
AJCC8,213,definitions_tnm,"te will be evaluated, and those that meet all AJCC criteria will be endorsed. DEFINITIONS OF AJCC TNM Deﬁnition of Primary Tumor (T) Clinical Tumor (cT) cT Category cT Criteria TX Primary tumor cannot be assessed T0 No evidence of primary tumor cT Category cT Criteria T1 Tumor of the bulbar conj"
AJCC8,215,definitions_tnm,"e will be evalu- ated, and those that meet all AJCC criteria will be endorsed. DEFINITIONS OF AJCC TNM Deﬁnition of Primary Tumor (T) Iris Melanomas T Category T Criteria TX Primary tumor cannot be assessed T0 No evidence of primary tumor T1 Tumor limited to the iris T1a Tumor limited to the iri"
AJCC8,216,stage_group,metastasis 3.1–8.0 cm M1c Largest diameter of the largest metastasis ≥8.1 cm AJCC PROGNOSTIC STAGE GROUPS Choroidal and Ciliary Body Melanomas When T is… And N is… And M is… Then the stage group is… T1a N0 M0 I T1b–d N0 M0 IIA T2a N0 M0 IIA T2b N0 M0 IIB T3a N0 M0 IIB T2c–d N0 M0 IIIA T3b–c N0 M
AJCC8,217,stage_group,"e Trait (H) Introduction of the deﬁnition of H1 to indicate a heritable trait I AJCC Prognostic Stage Groups Introduction of stage groups for clinical and pathological staging based on cT1–cT4 and pT1–pT4 II To access the AJCC cancer staging forms, please visit www.cancerstaging.org. ICD-O-3 Topo"
AJCC8,217,definitions_tnm,N/A Summary of Changes Change Details of Change Level of Evidence Deﬁnition of Primary Tumor (T) Changes to the deﬁnitions of cT1 to cT4 II Deﬁnition of Primary Tumor (T) Changes to the deﬁnitions of pT1 to pT4 I Deﬁnition of Regional Lymph Node (N) Changes to the deﬁnition of N1 II Deﬁnition of Di
AJCC8,217,chapter_summary,"higenobu Suzuki, William L. Carroll, Sarah E. Coupland, and Paul T. Finger 68 CHAPTER SUMMARY Cancers Staged Using This Staging System Retinoblastoma Cancers Not Staged Using This Staging System These histopathologic types of cancer … Are staged according to the classiﬁcation for … And can be f"
AJCC8,219,definitions_tnm,"833 68 DEFINITIONS OF AJCC TNM Clinical Classiﬁcation (cTNM) Deﬁnition of Primary Tumor (cT) Each eye is scored for cT criteria, and the cT category for the patient is based on the most advanced eye. cT Category cT Criteria"
AJCC8,220,stage_group,"topathologic conﬁrmation of tumor in the cerebrospinal ﬂuid or CNS parenchyma AJCC PROGNOSTIC STAGE GROUPS Clinical Stage (cTNM) When cT is.. And N is … And M is … And H is … Then the clinical stage group is … cT1, cT2, cT3 cN0 cM0 Any H I cT4a cN0 cM0 Any H II cT4b cN0 cM0 Any H III Any T cN1"
AJCC8,221,definitions_tnm,"71 Summary of Changes Change Details of Change Level of Evidence Deﬁnition of Primary Tumor (T) T1–T3 category deﬁnitions now are based on size, with three modiﬁers for each category: a: no periosteal or bone involvement b: periosteal involvement only c: periosteal and bone involvement III Deﬁnit"
AJCC8,221,chapter_summary,"d, Vivian Yin, Wolfgang A.G. Sauerwein, Sarah E. Coupland, and Paul T. Finger CHAPTER SUMMARY Cancers Staged Using This Staging System Carcinomas of the lacrimal gland Cancers Not Staged Using This Staging System These histopathologic types of cancer… Are staged according to the classiﬁcation fo"
AJCC8,223,chapter_summary,"fgang A.G. Sauerwein, Hakan Demirci, Sarah E. Coupland, and Paul T. Finger 70 CHAPTER SUMMARY Cancers Staged Using This Staging System Sarcomas Cancers Not Staged Using This Staging System These histopathologic types of cancer… Are staged according to the classiﬁcation for… And can be found in c"
AJCC8,225,definitions_tnm,"79 Summary of Changes Change Details of Change Level of Evidence Deﬁnition of Primary Tumor (T) T categories have been revised and are now based on anatomic extent of disease instead of tumor size. Subcategories for T1, T2, T3, and T4 have been removed. II Deﬁnition of Regional Lymph Node (N)"
AJCC8,225,chapter_summary,"a Chevez-Barrios, Valerie A. White, Sarah E. Coupland, and Paul T. Finger 71 CHAPTER SUMMARY Cancers Staged Using This Staging System The lymphomas staged according to this system are primary lymphomas arising in the ocular adnexa—namely, the conjunc- tiva, eyelids, lacrimal gland, lacrimal drai"
AJCC8,227,stage_group,b Lymphomatous involvement of the bone marrow M1c Both M1a and M1b involvement AJCC PROGNOSTIC STAGE GROUPS There is no prognostic stage grouping for OAL. REGISTRY DATA COLLECTION VARIABLES 1. History of rheumatoid arthritis 2. History of Sjögren's syndrome 3. History of connective tissue disea
AJCC8,227,definitions_tnm,"e will be evalu- ated, and those that meet all AJCC criteria will be endorsed. DEFINITIONS OF AJCC TNM Deﬁnition of Primary Tumor (T) T Category T Criteria TX Lymphoma extent not speciﬁed T0 No evidence of lymphoma T1 Lymphoma involving the conjunctiva alone without eyelid or orbital involvement"
AJCC8,228,chapter_summary,"s, David Schiff, Theresa M. Vallerand, Patrick Y. Wen, and Maria Werner-Wasik CHAPTER SUMMARY Cancers staged using this staging system Most tumors of the central nervous system are staged in this section, with the exception of some sarcomas arising in speciﬁc sites, as described in Cancers Not S"
AJCC8,231,stage_group,"882 Change Details of Changes Level of Evidence AJCC Prognostic Stage Groups The deﬁnition of Stages I, II, III, IV was changed for patients older than 55 years at diagnosis. I AJCC Prognostic Stage Groups Stage I now includes T1 and T2 tumors if N0/NX and M0 in pati"
AJCC8,231,definitions_tnm,"with any T or N in patients older than 55 years at diagnosis. I Deﬁnition of Primary Tumor (T) Unlike previous editions where all anaplastic tumors were classiﬁed as having T4 disease, the T category for anaplastic thyroid cancers will now use the same deﬁnitions used for differentiated thyroi"
AJCC8,233,stage_group,"thyroglobulin antibodies). PROGNOSTIC FACTORS Prognostic Factors Required for Stage Grouping Age at Diagnosis Unlike with most malignancies, age at diagnosis of thyroid cancer is almost always identiﬁed as an independent predic- tor of disease-speciﬁc survival (DSS) in the published stag- ing s"
AJCC8,234,definitions_tnm,"e will be evaluated, and those that meet all AJCC criteria will be endorsed. DEFINITIONS OF AJCC TNM Deﬁnition of Primary Tumor (T) Papillary, Follicular, Poorly Differentiated, Hürthle Cell and Anaplastic Thyroid Carcinoma T Category T Criteria TX Primary tumor cannot be assessed T0 No eviden"
AJCC8,235,stage_group,tasis (M) M Category M Criteria M0 No distant metastasis M1 Distant metastasis AJCC PROGNOSTIC STAGE GROUPS Differentiated When age at diagnosis is… And T is… And N is… And M is… Then the stage group is… <55 years Any T Any N M0 I <55 years Any T Any N M1 II ≥55 years T1 N0/NX M0 I ≥55 years
AJCC8,236,chapter_summary,"a, Rathan M. Subramaniam, Tracy S. Wang, Lori J. Wirth, and Nancy D. Perrier CHAPTER SUMMARY Cancers Staged Using This Staging System Medullary thyroid cancer Cancers Not Staged Using This Staging System These histopathologic types of cancer… Are staged according to the classiﬁcation for… And c"
AJCC8,239,stage_group,tasis (M) M Category M Criteria M0 No distant metastasis M1 Distant metastasis AJCC PROGNOSTIC STAGE GROUPS When T is… And N is… And M is… Then the stage group is… T1 N0 M0 I T2 N0 M0 II T3 N0 M0 II T1–3 N1a M0 III T4a Any N M0 IVA T1–3 N1b M0 IVA T4b Any N M0 IVB Any T Any N M1 IVC REGISTRY DATA
AJCC8,239,definitions_tnm,905 74 DEFINITIONS OF AJCC TNM Deﬁnition of Primary Tumor (T) T Category T Criteria TX Primary tumor cannot be assessed T0 No evidence of primary tumor T1 Tumor ≤2 cm in greatest dimension limited to the thyroid T1a Tumor ≤1
AJCC8,240,chapter_summary,"han M. Subramaniam, James D. Brierley, Raja R. Seethala, and Nancy D. Perrier CHAPTER SUMMARY Cancers Staged Using This Staging System Parathyroid carcinoma Summary of Changes This is a new chapter for the AJCC Cancer Staging Manual. 75 ICD-O-3 Topography Codes Code Description C75.0 Parathyroi"
AJCC8,241,stage_group,"that invades surrounding organs or large vessels (renal vein or vena cava). I AJCC Prognostic Stage Groups To be congruent with ENSAT, Stage III now includes T3N0–1M0 and T4N0–1M0 as well as T1–2N0–1M0. T3–4 lesions, regardless of node status, are part of the Stage III grouping. I AJCC Prognosti"
AJCC8,241,definitions_tnm,"N/A Summary of Changes Change Details of Change Level of Evidence Deﬁnition of Primary Tumor (T) To be congruent with the European Network for the Study of Adrenal Tumors (ENSAT), T4 is now deﬁned as tumor of any size that invades surrounding organs or large vessels (renal vein or vena cava). I A"
AJCC8,241,chapter_summary,"ma Alexandria T. Phan, Raymon H. Grogan, Eric Rohren, and Nancy D. Perrier 76 CHAPTER SUMMARY Cancers Staged Using This Staging System Adrenal cortical carcinoma Cancers Not Staged Using This Staging System These histopathologic types of cancer… Are staged according to the classiﬁcation for… And"
AJCC8,242,stage_group,"time, and it was adopted by the AJCC for the ﬁrst time as the deﬁnition of TNM Stage Grouping for ACC in the AJCC Cancer Staging Manual, 7th Edition (7th Edition). Since the release of the 7th Edition, there were at least two large “valida- tion” studies of the AJCC/UICC staging system. The resul"
AJCC8,243,chapter_summary,"Rohren, Raja R. Seethala, Tracy S. Wang, Herbert Chen, and Nancy D. Perrier CHAPTER SUMMARY Cancers Staged Using This Staging System Pheochromocytoma and paraganglioma Cancers Not Staged Using This Staging System These histopathologic types of cancer… Are staged according to the classiﬁcation"
AJCC8,246,stage_group,"C PMC criteria because it lacks discussion of how missing data were treated. AJCC PROGNOSTIC STAGE GROUPS Lugano Classiﬁcation for Hodgkin and Non- Hodgkin Lymphoma4 Stage Stage description Limited stage I Involvement of a single lymphatic site (i.e., nodal region, Waldeyer’s ring, thymus, or s"
AJCC8,248,stage_group,"972 AJCC PROGNOSTIC STAGE GROUPS Pediatric Hodgkin Lymphomas Table 80.3 Lugano classiﬁcation applicable for pediatric Hodgkin lymphomas Stage Stage description Limited stage I Involvement of a single lymphatic site (i.e., n"
AJCC8,249,stage_group,"of Change Level of Evidence Prognostic Factors Addition of prognostic tables I AJCC Prognostic Stage Groups TNM staging for non-mycosis fungoides/Sézary syndrome II ICD-O-3 Topography Codes Code Description C44.0 Skin of lip, NOS C44.2 External ear C44.3 Skin of other and unspeciﬁed parts of face C"
AJCC8,249,chapter_summary,"Steven T. Rosen, Andrew D. Zelenetz, Elaine S. Jaffe, and John P. Leonard 81 CHAPTER SUMMARY Cancers Staged Using This Staging System Cutaneous lymphoma, mycosis fungoides, Sézary syndrome Cancers Not Staged Using This Staging System These histopathologic types of cancer… Are staged according to"
AJCC8,251,stage_group,"s B-Cell/T-Cell Lymphoma (Non-MF/SS) Lymphoma Prognostic Factors Required for Stage Grouping Beyond the factors used to assign T, N, or M categories, no additional prognostic factors are required for stage grouping.2 Additional Factors Recommended for Clinical Care The Lugano classiﬁcation incl"
AJCC8,251,definitions_tnm,tion of stage. A separate TNM staging system is used for non-MF/SS lymphomas. DEFINITIONS OF AJCC TNM Mycosis Fungoides and Sézary Syndrome Deﬁnition of Primary Tumor (T) ISCL/EORTC revision to the classiﬁcation of mycosis fun- goides and Sézary Syndrome Prognostic Factors Required for Stage Grou
AJCC8,253,stage_group,"s From Olsen et al.,1 with permission from the American Society of Hematology. AJCC PROGNOSTIC STAGE GROUPS Mycosis Fungoides and Sézary Syndrome ISCL/EORTC revision to the staging of mycosis fungoides and Sézary syndrome When T is… And N is… And M is… And peripheral blood involvement (B"
AJCC8,253,definitions_tnm,IABLES Mycosis Fungoides and Sézary Syndrome 1. Peripheral blood involvement DEFINITIONS OF AJCC TNM Primary Cutaneous B-Cell/T-Cell Lymphoma (Non-MF/SS) Lymphoma Deﬁnition of Primary Tumor (T) T Category T Criteria T1 Solitary skin involvement T1a Solitary lesion <5 cm T1b Solitary lesion ≥5 c
AJCC8,254,chapter_summary,", Michael M. Graham, Joseph Khoury, Elaine S. Jaffe, and John P. Leonard 82 CHAPTER SUMMARY Cancers Staged Using This Staging System Plasma cell myeloma Cancers Not Staged Using This Staging System Summary of Changes These histopathologic types of cancer… Are staged according to the classiﬁca"
AJCC8,256,chapter_summary,"Carroll, Ryan Cassaday, Steven Coutre, Elaine S. Jaffe, and John P. Leonard 83 CHAPTER SUMMARY Cancers Staged Using This Staging System Myeloid and lymphoid leukemia Cancers Not Staged Using This Staging System These histopathologic types of cancer… Are staged according to the classiﬁcation for… A"
AJCC8,261,definitions_tnm,"Evidence: IV 1/26/2018 7 Lip and Oral Cavity Summary of Changes 79 1 80 Change: Definition of Primary Tumor (T) Details of Change: Distinction between lip and oral cavity has been removed from T4a, which is now defined as moderately advanced disease that invades adjacent structures only (e.g., thr"
AJCC8,261,chapter_summary,"Page Number Before Correction After Correction 1/26/2018 7 Lip and Oral Cavity Summary of Changes 79 1 79 Change: Chapter Title Details of Change: The chapter title has changed to reflect the focus on all of oral cavity, which includes mucosa of lip but not external (dry) lip. Level of Evidence:"
AJCC8,262,stage_group,ingle contralateral node of any size and ENE(+) 12/9/2016 7 Lip and Oral Cavity AJCC Prognostic Stage Groups 91 2 92 No stage 0 insert row above T1 N0 M0 I: Tis N0 M0 0 1/26/2018 7 Lip and Oral Cavity Registry Data Collection Variables 91 2 92 1. Lip location (external lip or vermilion b
AJCC8,263,definitions_tnm,or a single contralateral node of any size and ENE(+) 12/9/2016 9 Nasopharynx Definition of Primary Tumor (T) 107 2 107 No definition for Tis Tis: Carcinoma in situ (insert row between T0 and T1) 1/26/2018 10 HPV‐Mediated (p16+) Oropharyngeal Cancer Registry Data Collection Variables 120 2 120
AJCC8,265,definitions_tnm,"umor)... 1/26/2018 15 Cutaneous Squamous Cell Carcinoma of the Head and Neck Definition of Primary Tumor (T) 178 1 178 T1: Tumor smaller than 2 cm in greatest dimension T2: Tumor 2 cm or larger, but smaller than 4 cm in greatest dimension T3: Tumor 4 cm or larger in maximum dimension or minor bo"
AJCC8,266,stage_group,"ion (vermilion border or external lip) Deleted 1/6/2017 19 Appendix ‐ Carcinoma AJCC Prognostic Stage Groups 243 2 243 Any T, N0, M1a, IVA Any T, Any N, M1a, IVA 6/16/2017 27 Ampulla of Vater Definition of Primary Tumor (T) 333 2 333 T3b: Tumor extends more than 0.5 cm into the pancreas, or extends"
AJCC8,266,definitions_tnm,"2 243 Any T, N0, M1a, IVA Any T, Any N, M1a, IVA 6/16/2017 27 Ampulla of Vater Definition of Primary Tumor (T) 333 2 333 T3b: Tumor extends more than 0.5 cm into the pancreas, or extends into peripancreatic tissue or duodenal serosa without involvement of the celiac axis or superior mesenteric ar"
AJCC8,267,stage_group,"589‐636 Single grading system for in situ and invasive carcinomas, prognostic stage group with missing combinations Different grading systems for in situ and invasive carcinomas, new clinical and pathological prognostic stage groups based on additional data. 1/6/2017 50 Vulva Definition of Regio"
AJCC8,267,definitions_tnm,"Correction After Correction 6/16/2017 34 Neuroendocrine Tumors of the Pancreas Definition of Primary Tumor (T) 415 2 415 T3: Tumor limited to the pancreas,* >4 cm; or tumor invading the duodenum or bile duct T3: Tumor limited to the pancreas,* >4 cm; or tumor invading the duodenum or common bile"
AJCC8,267,chapter_summary,"l Sarcoma 4/21/2017 55 Ovary, Fallopian Tube and Primary Peritoneal Carcinoma Summary of Changes 681 1 689 Stage III: IIIA1 is subdivided into IIIA1(i)—metastasis up to 5 mm in greatest dimension—and IIIA1(ii)—metastasis more than 5 mm in greatest dimension Stage III: IIIA1 is subdivided into II"
AJCC8,268,stage_group,"primary tumor Ta Non‐invasive papillary carcinoma 1/27/2017 64 Eyelid Carcinoma AJCC Prognostic Stage Groups 783 2 791 T2b‐d, T3; N0; M0; IIA T2b‐c, T3; N0; M0; IIA 1/6/2017 66 Conjunctival Melanoma Definition of Primary Tumor (T) 799 2 807 T4: Tumor of any size with invasion of the paranasal sinuse"
AJCC8,268,definitions_tnm,"rection 7/7/2017 63 Urethra Summary of Changes 767 n/a 775 Add new row: Change: Definition of Primary Tumor (T) Details of Change: TX, T0, Ta have been added to the classification for urothelial carcinoma of the prostatic urethra Level of Evidence: III 7/7/2017 63 Urethra Definition of Primary Tumo"
AJCC8,268,chapter_summary,"Number New Page Number Before Correction After Correction 7/7/2017 63 Urethra Summary of Changes 767 n/a 775 Add new row: Change: Definition of Primary Tumor (T) Details of Change: TX, T0, Ta have been added to the classification for urothelial carcinoma of the prostatic urethra Level of Evidence"
AJCC8,316,definitions_tnm,"cutaneous carcinoma of external lip) 1/26/2018 5 Staging Head and Neck Cancers Definition of Primary Tumor (T): Changes 57 1 57 An additional change is the elimination of the T0 category for all oral cavity, skin, larynx, salivary gland, HPV− oropharynx, hypopharynx, and sinus. An additional cha"
AJCC8,318,definitions_tnm,"2018 11 Oropharynx (p16‐) and Hypopharynx Summary of Changes 123 1 123 Change: Definition of Primary Tumor (T) Details of Change: In hypopharynx, T3 criteria has been changed from “extension to esophagus” to “extension to esophageal mucosa”. T4a criteria now includes invasion of esophageal muscle"
AJCC8,318,chapter_summary,"in greatest dimension, ENE(−) 1/26/2018 11 Oropharynx (p16‐) and Hypopharynx Summary of Changes 123 1 123 Change: Definition of Primary Tumor (T) Details of Change: In hypopharynx, T3 criteria has been changed from “extension to esophagus” to “extension to esophageal mucosa”. T4a criteria now i"
AJCC8,319,chapter_summary,eatest dimension and ENE(−) 1/26/2018 14 Mucosal Melanoma of the Head and Neck Chapter Summary 163 1 163 No section for cancers not staged using this staging system. New section below Cancers Staged Using This Staging System: Cancers Not Staged Using This Staging System These histopathologic types
AJCC8,320,definitions_tnm,"mous Cell Carcinoma of the Head and Neck Summary of Changes 171 1 171 Change: Definition of Primary Tumor (T) Details of Change: Size cutoffs have been clarified as follows: T1 describes tumor smaller than or equal to 2 cm T2 describes tumor larger than 2 cm, but smaller than or equal to 4 cm T3"
AJCC8,320,chapter_summary,"orrection 1/26/2018 15 Cutaneous Squamous Cell Carcinoma of the Head and Neck Summary of Changes 171 1 171 Change: Definition of Primary Tumor (T) Details of Change: Size cutoffs have been clarified as follows: T1 describes tumor smaller than or equal to 2 cm T2 describes tumor larger than 2 cm, b"
AJCC8,321,chapter_summary,"oma and can be found in chapter 55 1/26/2018 43 Gastrointestinal Stromal Tumor Summary of Changes 523 n/a 523 There are no changes to this staging system. Insert table with 2 rows, 3 columns: Header row, column 1: Change Header row, column 2: Details of Change Header row, column 3: Level of Evidenc"
AJCC8,322,chapter_summary,"ge Number Before Correction After Correction 1/26/2018 47 Melanoma of the Skin Summary of Changes 564 n/a 564 row omitted Change: ICD‐O‐3 Topography Codes Details of Change: C00.0 external upper lip, C00.1 external lower lip, C00.2 external lip, NOS, and C00.6 commissure of lip have been added to"
AJCC8,323,chapter_summary,"e Number Before Correction After Correction 1/26/2018 72 Brain and Spinal Cord Chapter Summary 857 n/a 865 table omitted Insert table 3 columns x 3 rows after Cancers staged using this staging system titled: Cancers Not Staged Using This Staging System Column 1, Row 1: These histopathologic types"
