term,soc,version,aliases,g1,g2,g3,g4,g5,definition,note,page
Anemia,Blood and lymphatic system disorders,CTCAE v5.0,,Hemoglobin (Hgb) <LLN - 10.0 g/dL; <LLN - 6.2 mmol/L; <LLN - 100 g/L,Hgb <10.0 - 8.0 g/dL; <6.2 - 4.9 mmol/L; <100 - 80g/L,Hgb <8.0 g/dL; <4.9 mmol/L; <80 g/L; transfusion indicated,Life-threatening consequences; urgent intervention indicated,Death,"A disorder characterized by a reduction in the amount of hemoglobin in 100 ml of blood. Signs and symptoms of anemia may include pallor of the skin and mucous membranes, shortness of breath, palpitations of the heart, soft systolic murmurs, lethargy, and fatigability.",-,4
Bone marrow hypocellular,Blood and lymphatic system disorders,CTCAE v5.0,,Mildly hypocellular or ≤25% reduction from normal cellularity for age,Moderately hypocellular or >25 - <50% reduction from normal cellularity for age,Severely hypocellular or >50 - ≤75% reduction cellularity from normal for age,Aplastic persistent for longer than 2 weeks,Death,A disorder characterized by the inability of the bone marrow to produce hematopoietic elements.,-,4
Disseminated intravascular coagulation,Blood and lymphatic system disorders,CTCAE v5.0,,-,Laboratory findings with no bleeding,Laboratory findings and bleeding,Life-threatening consequences; urgent intervention indicated,Death,A disorder characterized by systemic pathological activation of blood clotting mechanisms which results in clot formation throughout the body. There is an increase in the risk of hemorrhage as the body is depleted of platelets and coagulation factors.,-,4
Eosinophilia,Blood and lymphatic system disorders,CTCAE v5.0,,>ULN and >Baseline,-,Steroids initiated,-,-,A disorder characterized by laboratory test results that indicate an increased number of eosinophils in the blood.,-,4
Febrile neutropenia,Blood and lymphatic system disorders,CTCAE v5.0,,-,-,ANC <1000/mm3 with a single temperature of >38.3 degrees C (101 degrees F) or a sustained temperature of ≥38 degrees C (100.4 degrees F) for more than one hour,Life-threatening consequences; urgent intervention indicated,Death,A disorder characterized by an ANC <1000/mm3 and a single temperature of >38.3 degrees C (101 degrees F) or a sustained temperature of ≥38 degrees C (100.4 degrees F) for more than one hour.,-,4
Hemolysis,Blood and lymphatic system disorders,CTCAE v5.0,,"Laboratory evidence of hemolysis only (e.g., direct antiglobulin test; DAT; Coombs'; schistocytes; decreased haptoglobin)",Evidence of hemolysis and ≥2 g decrease in hemoglobin,"Transfusion or medical intervention indicated (e.g., steroids)",Life-threatening consequences; urgent intervention indicated,Death,A disorder characterized by laboratory test results that indicate widespread erythrocyte cell membrane destruction.,-,4
Hemolytic uremic syndrome,Blood and lymphatic system disorders,CTCAE v5.0,,-,-,"Laboratory findings with clinical consequences (e.g., renal insufficiency, petechiae)","Life-threatening consequences, (e.g., CNS hemorrhage or thrombosis/embolism or renal failure)",Death,"A disorder characterized by a form of thrombotic microangiopathy with renal failure, hemolytic anemia, and severe thrombocytopenia.",-,5
Leukocytosis,Blood and lymphatic system disorders,CTCAE v5.0,,-,-,">100,000/mm3",Clinical manifestations of leucostasis; urgent intervention indicated,Death,A disorder characterized by laboratory test results that indicate an increased number of white blood cells in the blood.,-,5
Lymph node pain,Blood and lymphatic system disorders,CTCAE v5.0,,Mild pain,Moderate pain; limiting instrumental ADL,Severe pain; limiting self care ADL,-,-,A disorder characterized by a sensation of marked discomfort in a lymph node.,-,5
Methemoglobinemia,Blood and lymphatic system disorders,CTCAE v5.0,,-,>ULN,Requiring urgent intervention,Life-threatening consequences,Death,A disorder characterized by laboratory test results that indicate increased methemoglobin in the blood.,-,5
Thrombotic thrombocytopenic purpura,Blood and lymphatic system disorders,CTCAE v5.0,,-,-,"Laboratory findings with clinical consequences (e.g., renal insufficiency, petechiae)","Life-threatening consequences, (e.g., CNS hemorrhage or thrombosis/embolism or renal failure)",Death,"A disorder characterized by the presence of microangiopathic hemolytic anemia, thrombocytopenic purpura, fever, renal abnormalities and neurological abnormalities such as seizures, hemiplegia, and visual disturbances. It is an acute or subacute condition.",-,5
"Blood and lymphatic system disorders - Other, specify",Blood and lymphatic system disorders,CTCAE v5.0,,Asymptomatic or mild symptoms; clinical or diagnostic observations only; intervention not indicated,"Moderate; minimal, local or noninvasive intervention indicated; limiting age-appropriate instrumental ADL",Severe or medically significant but not immediately life-threatening; hospitalization or prolongation of existing hospitalization indicated; limiting self care ADL,Life-threatening consequences; urgent intervention indicated,Death,-,-,5
Aortic valve disease,Cardiac disorders,CTCAE v5.0,,Asymptomatic valvular thickening with or without mild valvular regurgitation or stenosis by imaging,Asymptomatic; moderate regurgitation or stenosis by imaging,Symptomatic; severe regurgitation or stenosis by imaging; symptoms controlled with medical intervention,"Life-threatening consequences; urgent intervention indicated (e.g., valve replacement, valvuloplasty)",Death,A disorder characterized by a defect in aortic valve function or structure.,-,6
Asystole,Cardiac disorders,CTCAE v5.0,,Periods of asystole; non- urgent medical management indicated,-,-,Life-threatening consequences; urgent intervention indicated,Death,"A disorder characterized by a dysrhythmia without cardiac electrical activity. Typically, this is accompanied by cessation of the pumping function of the heart.",-,6
Atrial fibrillation,Cardiac disorders,CTCAE v5.0,,"Asymptomatic, intervention not indicated",Non-urgent medical intervention indicated,"Symptomatic, urgent intervention indicated; device (e.g., pacemaker); ablation; new onset",Life-threatening consequences; embolus requiring urgent intervention,Death,A disorder characterized by a dysrhythmia without discernible P waves and an irregular ventricular response due to multiple reentry circuits. The rhythm disturbance originates above the ventricles.,-,6
Atrial flutter,Cardiac disorders,CTCAE v5.0,,"Asymptomatic, intervention not indicated",Non-urgent medical intervention indicated,"Symptomatic, urgent intervention indicated; device (e.g., pacemaker); ablation",Life-threatening consequences; embolus requiring urgent intervention,Death,A disorder characterized by a dysrhythmia with organized rhythmic atrial contractions with a rate of 200-300 beats per minute. The rhythm disturbance originates in the atria.,-,6
Atrioventricular block complete,Cardiac disorders,CTCAE v5.0,,-,Non-urgent intervention indicated,"Symptomatic and incompletely controlled medically, or controlled with device (e.g., pacemaker); new onset",Life-threatening consequences; urgent intervention indicated,Death,A disorder characterized by a dysrhythmia with complete failure of atrial electrical impulse conduction through the AV node to the ventricles.,-,6
Atrioventricular block first degree,Cardiac disorders,CTCAE v5.0,,"Asymptomatic, intervention not indicated",Non-urgent intervention indicated,-,-,-,A disorder characterized by a dysrhythmia with a delay in the time required for the conduction of an electrical impulse through the atrioventricular (AV) node beyond 0.2 seconds; prolongation of the PR interval greater than 200 milliseconds.,-,7
Cardiac arrest,Cardiac disorders,CTCAE v5.0,,-,-,-,Life-threatening consequences; urgent intervention indicated,Death,A disorder characterized by cessation of the pumping function of the heart.,-,7
Chest pain - cardiac,Cardiac disorders,CTCAE v5.0,,Mild pain,Moderate pain; pain on exertion; limiting instrumental ADL; hemodynamically stable,Pain at rest; limiting self care ADL; cardiac catheterization; new onset cardiac chest pain; unstable angina,-,-,"A disorder characterized by substernal discomfort due to insufficient myocardial oxygenation e.g., angina pectoris.",Also consider Cardiac disorders: Myocardial infarction.,7
Conduction disorder,Cardiac disorders,CTCAE v5.0,,Mild symptoms; intervention not indicated,Non-urgent medical intervention indicated,"Symptomatic, urgent intervention indicated",Life-threatening consequences,Death,A disorder characterized by pathological irregularities in the cardiac conduction system.,-,7
Cyanosis,Cardiac disorders,CTCAE v5.0,,-,Present,-,-,-,A disorder characterized by a bluish discoloration of the skin and/or mucous membranes.,-,7
Heart failure,Cardiac disorders,CTCAE v5.0,,"Asymptomatic with laboratory (e.g., BNP [B-Natriuretic Peptide ]) or cardiac imaging abnormalities",Symptoms with moderate activity or exertion,Symptoms at rest or with minimal activity or exertion; hospitalization; new onset of symptoms,"Life-threatening consequences; urgent intervention indicated (e.g., continuous IV therapy or mechanical hemodynamic support)",Death,"A disorder characterized by the inability of the heart to pump blood at an adequate volume to meet tissue metabolic requirements, or, the ability to do so only at an elevation in the filling pressure.","If left sided use Cardiac disorders: Left ventricular systolic dysfunction; also consider Cardiac disorders: Restrictive cardiomyopathy, Investigations: Ejection fraction decreased.",7
Left ventricular systolic dysfunction,Cardiac disorders,CTCAE v5.0,,-,-,Symptomatic due to drop in ejection fraction responsive to intervention,"Refractory or poorly controlled heart failure due to drop in ejection fraction; intervention such as ventricular assist device, intravenous vasopressor support, or heart transplant indicated",Death,A disorder characterized by failure of the left ventricle to produce adequate output.,Also consider Investigations: Ejection fraction decreased.,8
Mitral valve disease,Cardiac disorders,CTCAE v5.0,,Asymptomatic valvular thickening with or without mild valvular regurgitation or stenosis by imaging,Asymptomatic; moderate regurgitation or stenosis by imaging,Symptomatic; severe regurgitation or stenosis by imaging; symptoms controlled with medical intervention,"Life-threatening consequences; urgent intervention indicated (e.g., valve replacement, valvuloplasty)",Death,A disorder characterized by a defect in mitral valve function or structure.,-,8
Mobitz (type) II atrioventricular block,Cardiac disorders,CTCAE v5.0,,"Asymptomatic, intervention not indicated",Symptomatic; medical intervention indicated,"Symptomatic and incompletely controlled medically, or controlled with device (e.g., pacemaker); new onset",Life-threatening consequences; urgent intervention indicated,Death,A disorder characterized by a dysrhythmia with relatively constant PR interval prior to the block of an atrial impulse. This is the result of intermittent failure of atrial electrical impulse conduction through the atrioventricular (AV) node to the ventricles.,-,8
Mobitz type I,Cardiac disorders,CTCAE v5.0,,"Asymptomatic, intervention not indicated",Symptomatic; medical intervention indicated,"Symptomatic and incompletely controlled medically, or controlled with device (e.g., pacemaker)",Life-threatening consequences; urgent intervention indicated,Death,A disorder characterized by a dysrhythmia with a progressively lengthening PR interval prior to the blocking of an atrial impulse. This is the result of intermittent failure of atrial electrical impulse conduction through the atrioventricular (AV) node to the ventricles.,-,8
Myocardial infarction,Cardiac disorders,CTCAE v5.0,,-,Asymptomatic and cardiac enzymes minimally abnormal and no evidence of ischemic ECG changes,Severe symptoms; cardiac enzymes abnormal; hemodynamically stable; ECG changes consistent with infarction,Life-threatening consequences; hemodynamically unstable,Death,A disorder characterized by gross necrosis of the myocardium; this is due to an interruption of blood supply to the area.,-,9
Myocarditis,Cardiac disorders,CTCAE v5.0,,-,Symptoms with moderate activity or exertion,Severe with symptoms at rest or with minimal activity or exertion; intervention indicated; new onset of symptoms,"Life-threatening consequences; urgent intervention indicated (e.g., continuous IV therapy or mechanical hemodynamic support)",Death,A disorder characterized by inflammation of the muscle tissue of the heart.,-,9
Palpitations,Cardiac disorders,CTCAE v5.0,,Mild symptoms; intervention not indicated,Intervention indicated,-,-,-,A disorder characterized by an unpleasant sensation of irregular and/or forceful beating of the heart.,-,9
Paroxysmal atrial tachycardia,Cardiac disorders,CTCAE v5.0,,"Asymptomatic, intervention not indicated",Non-urgent medical intervention indicated,"Symptomatic, urgent intervention indicated; ablation",Life-threatening consequences; incompletely controlled medically; cardioversion indicated,Death,A disorder characterized by a dysrhythmia with abrupt onset and sudden termination of atrial contractions with a rate of 150-250 beats per minute. The rhythm disturbance originates in the atria.,-,9
Pericardial effusion,Cardiac disorders,CTCAE v5.0,,-,Asymptomatic effusion size small to moderate,Effusion with physiologic consequences,Life-threatening consequences; urgent intervention indicated,Death,"A disorder characterized by fluid collection within the pericardial sac, usually due to inflammation.",-,9
Pericardial tamponade,Cardiac disorders,CTCAE v5.0,,-,-,-,Life-threatening consequences; urgent intervention indicated,Death,A disorder characterized by an increase in intrapericardial pressure due to the collection of blood or fluid in the pericardium.,-,9
Pericarditis,Cardiac disorders,CTCAE v5.0,,"Asymptomatic, ECG or physical findings (e.g., rub) consistent with pericarditis","Symptomatic pericarditis (e.g., chest pain)","Pericarditis with physiologic consequences (e.g., pericardial constriction)",Life-threatening consequences; urgent intervention indicated,Death,A disorder characterized by irritation to the layers of the pericardium (the protective sac around the heart).,-,10
Pulmonary valve disease,Cardiac disorders,CTCAE v5.0,,Asymptomatic valvular thickening with or without mild valvular regurgitation or stenosis by imaging,Asymptomatic; moderate regurgitation or stenosis by imaging,Symptomatic; severe regurgitation or stenosis by imaging; symptoms controlled with medical intervention,"Life-threatening consequences; urgent intervention indicated (e.g., valve replacement, valvuloplasty)",Death,A disorder characterized by a defect in pulmonary valve function or structure.,-,10
Restrictive cardiomyopathy,Cardiac disorders,CTCAE v5.0,,Imaging findings only,Symptomatic without signs of heart failure,"Symptomatic heart failure or other cardiac symptoms, responsive to intervention; new onset of symptoms",Refractory heart failure or other poorly controlled cardiac symptoms,Death,A disorder characterized by an inability of the ventricles to fill with blood because the myocardium (heart muscle) stiffens and loses its flexibility.,-,10
Right ventricular dysfunction,Cardiac disorders,CTCAE v5.0,,"Asymptomatic with laboratory (e.g., BNP [B-Natriuretic Peptide ]) or cardiac imaging abnormalities",Symptoms with moderate activity or exertion,"Severe symptoms, associated with hypoxia, right heart failure; oxygen indicated","Life-threatening consequences; urgent intervention indicated (e.g., ventricular assist device); heart transplant indicated",Death,A disorder characterized by impairment of right ventricular function associated with low ejection fraction and a decrease in motility of the right ventricular wall.,-,10
Sick sinus syndrome,Cardiac disorders,CTCAE v5.0,,"Asymptomatic, intervention not indicated","Symptomatic, intervention not indicated; change in medication initiated","Symptomatic, intervention indicated",Life-threatening consequences; urgent intervention indicated,Death,"A disorder characterized by a dysrhythmia with alternating periods of bradycardia and atrial tachycardia accompanied by syncope, fatigue and dizziness.",-,10
Sinus bradycardia,Cardiac disorders,CTCAE v5.0,,"Asymptomatic, intervention not indicated","Symptomatic, intervention not indicated; change in medication initiated","Symptomatic, intervention indicated",Life-threatening consequences; urgent intervention indicated,Death,A disorder characterized by a dysrhythmia with a heart rate less than 60 beats per minute that originates in the sinus node.,-,10
Sinus tachycardia,Cardiac disorders,CTCAE v5.0,,"Asymptomatic, intervention not indicated",Symptomatic; non-urgent medical intervention indicated,Urgent medical intervention indicated,-,-,A disorder characterized by a dysrhythmia with a heart rate greater than 100 beats per minute that originates in the sinus node.,-,11
Supraventricular tachycardia,Cardiac disorders,CTCAE v5.0,,"Asymptomatic, intervention not indicated",Non-urgent medical intervention indicated,"Symptomatic, urgent intervention indicated",Life-threatening consequences,Death,A disorder characterized by a dysrhythmia with a heart rate greater than 100 beats per minute that originates above the ventricles.,-,11
Tricuspid valve disease,Cardiac disorders,CTCAE v5.0,,Asymptomatic valvular thickening with or without mild valvular regurgitation or stenosis,Asymptomatic; moderate regurgitation or stenosis by imaging,Symptomatic; severe regurgitation or stenosis; symptoms controlled with medical intervention,"Life-threatening consequences; urgent intervention indicated (e.g., valve replacement, valvuloplasty)",Death,A disorder characterized by a defect in tricuspid valve function or structure.,-,11
Ventricular arrhythmia,Cardiac disorders,CTCAE v5.0,,"Asymptomatic, intervention not indicated",Non-urgent medical intervention indicated,Urgent intervention indicated,Life-threatening consequences; hemodynamic compromise,Death,A disorder characterized by a dysrhythmia that originates in the ventricles.,-,11
Ventricular fibrillation,Cardiac disorders,CTCAE v5.0,,-,-,-,Life-threatening consequences; hemodynamic compromise,Death,A disorder characterized by a dysrhythmia without discernible QRS complexes due to rapid repetitive excitation of myocardial fibers without coordinated contraction of the ventricles.,-,11
Ventricular tachycardia,Cardiac disorders,CTCAE v5.0,,-,Non-urgent medical intervention indicated,"Symptomatic, urgent intervention indicated",Life-threatening consequences; hemodynamic compromise,Death,A disorder characterized by a dysrhythmia with a heart rate greater than 100 beats per minute that originates distal to the bundle of His.,-,11
"Cardiac disorders - Other, specify",Cardiac disorders,CTCAE v5.0,,Asymptomatic or mild symptoms; clinical or diagnostic observations only; intervention not indicated,"Moderate; minimal, local or noninvasive intervention indicated; limiting age-appropriate instrumental ADL",Severe or medically significant but not immediately life-threatening; hospitalization or prolongation of existing hospitalization indicated; limiting self care ADL,Life-threatening consequences; urgent intervention indicated,Death,-,-,11
"Congenital, familial and genetic disorders - Other, specify","Congenital, familial and genetic disorders",CTCAE v5.0,,Asymptomatic or mild symptoms; clinical or diagnostic observations only; intervention not indicated,"Moderate; minimal, local or noninvasive intervention indicated; limiting age-appropriate instrumental ADL",Severe or medically significant but not immediately life-threatening; hospitalization or prolongation of existing hospitalization indicated; limiting self care ADL,Life-threatening consequences; urgent intervention indicated,Death,-,-,12
Ear pain,Ear and labyrinth disorders,CTCAE v5.0,,Mild pain,Moderate pain; limiting instrumental ADL,Severe pain; limiting self care ADL,-,-,A disorder characterized by a sensation of marked discomfort in the ear.,-,13
External ear pain,Ear and labyrinth disorders,CTCAE v5.0,,Mild pain,Moderate pain; limiting instrumental ADL,Severe pain; limiting self care ADL,-,-,A disorder characterized by a sensation of marked discomfort in the external ear region.,-,13
Hearing impaired,Ear and labyrinth disorders,CTCAE v5.0,,"Adults enrolled on a Monitoring Program (on a 1, 2, 4, 3, 6, and 8 kHz audiogram): Threshold shift of 15 - 25 dB averaged at 2 contiguous test frequencies in at least one ear; Adults not enrolled on a Monitoring Program: Subjective change in hearing in the absence of documented hearing loss; Pediatric (on a 1, 2, 3, 4, 6, and 8 kHz audiogram): Threshold shift >20 dB hearing loss (HL) (i.e., 25 dB HL or greater); sensorineural hearing loss (SNHL) above 4 kHz (i.e., 6 or 8 kHz) in at least one ear","Adults enrolled on a Monitoring Program (on a 1, 2, 3, 4, 6, and 8 kHz audiogram): Threshold shift of >25 dB averaged at 2 contiguous test frequencies in at least one ear; Adults not enrolled on a Monitoring Program: Hearing loss with hearing aid or intervention not indicated; limiting instrumental ADL; Pediatric (on a 1, 2, 3, 4, 6, and 8 kHz audiogram): Threshold shift >20 dB at 4 kHz in at least one ear","Adults enrolled on a Monitoring Program (on a 1, 2, 3, 4, 6, and 8 kHz audiogram): Threshold shift of >25 dB averaged at 3 contiguous test frequencies in at least one ear; therapeutic intervention indicated; Adults not enrolled on a Monitoring Program: Hearing loss with hearing aid or intervention indicated; limiting self care ADL; Pediatric (on a 1, 2, 3, 4, 6, and 8 kHz audiogram): Hearing loss sufficient to indicate therapeutic intervention, including hearing aids; threshold shift >20 dB at 2 to < 4 kHz in at least one ear","Adults: Decrease in hearing to profound bilateral loss (absolute threshold >80 dB HL at 2 kHz and above); nonservicable hearing Pediatric: Audiologic indication for cochlear implant; > 40 dB HL (i.e., 45 dB HL or more); SNHL at 2 kHz and above",-,A disorder characterized by partial or complete loss of the ability to detect or understand sounds resulting from damage to ear structures.,-,13
Middle ear inflammation,Ear and labyrinth disorders,CTCAE v5.0,,Serous otitis,"Serous otitis, medical intervention indicated",Mastoiditis; necrosis of canal soft tissue or bone,Life-threatening consequences; urgent intervention indicated,Death,"A disorder characterized by inflammation (physiologic response to irritation), swelling and redness to the middle ear.",-,14
Tinnitus,Ear and labyrinth disorders,CTCAE v5.0,,Mild symptoms; intervention not indicated,Moderate symptoms; limiting instrumental ADL,Severe symptoms; limiting self care ADL,-,-,"A disorder characterized by noise in the ears, such as ringing, buzzing, roaring or clicking.",-,14
Vertigo,Ear and labyrinth disorders,CTCAE v5.0,,Mild symptoms,Moderate symptoms; limiting instrumental ADL,Severe symptoms; limiting self care ADL,-,-,A disorder characterized by a sensation as if the external world were revolving around the patient (objective vertigo) or as if he himself were revolving in space (subjective vertigo).,-,14
Vestibular disorder,Ear and labyrinth disorders,CTCAE v5.0,,-,Symptomatic; limiting instrumental ADL,Severe symptoms; limiting self care ADL,-,-,"A disorder characterized by dizziness, imbalance, nausea, and vision problems.",-,14
"Ear and labyrinth disorders - Other, specify",Ear and labyrinth disorders,CTCAE v5.0,,Asymptomatic or mild symptoms; clinical or diagnostic observations only; intervention not indicated,"Moderate; minimal, local or noninvasive intervention indicated; limiting age-appropriate instrumental ADL",Severe or medically significant but not immediately life-threatening; hospitalization or prolongation of existing hospitalization indicated; limiting self care ADL,Life-threatening consequences; urgent intervention indicated,Death,-,-,14
Adrenal insufficiency,Endocrine disorders,CTCAE v5.0,,Asymptomatic; clinical or diagnostic observations only; intervention not indicated,Moderate symptoms; medical intervention indicated,Severe symptoms; hospitalization indicated,Life-threatening consequences; urgent intervention indicated,Death,"A disorder characterized by the adrenal cortex not producing enough of the hormone cortisol and in some cases, the hormone aldosterone. It may be due to a disorder of the adrenal cortex as in Addison's disease or primary adrenal insufficiency.",-,15
Cushingoid,Endocrine disorders,CTCAE v5.0,,Mild symptoms; intervention not indicated,Moderate symptoms; medical intervention indicated,"Severe symptoms, medical intervention or hospitalization indicated",-,-,"A disorder characterized by signs and symptoms that resemble Cushing's disease or syndrome: buffalo hump obesity, striations, adiposity, hypertension, diabetes, and osteoporosis, usually due to exogenous corticosteroids.",-,15
Delayed puberty,Endocrine disorders,CTCAE v5.0,,-,No breast development by age 13 yrs for females; testes volume of <3 cc or no Tanner Stage 2 development by age 14.5 yrs for males,No breast development by age 14 yrs for females; no increase in testes volume or no Tanner Stage 2 by age 16 yrs for males; hormone replacement indicated,-,-,A disorder characterized by unusually late sexual maturity.,-,15
Growth accelerated,Endocrine disorders,CTCAE v5.0,,-,≥ +2 SD (standard deviation) above mid parental height or target height,-,-,-,A disorder characterized by greater growth than expected for age.,-,15
Hyperparathyroidism,Endocrine disorders,CTCAE v5.0,,Mild symptoms; intervention not indicated,Moderate symptoms; medical intervention indicated,-,-,-,A disorder characterized by an increase in production of parathyroid hormone by the parathyroid glands. This results in hypercalcemia (abnormally high levels of calcium in the blood).,-,15
Hyperthyroidism,Endocrine disorders,CTCAE v5.0,,Asymptomatic; clinical or diagnostic observations only; intervention not indicated,Symptomatic; thyroid suppression therapy indicated; limiting instrumental ADL,Severe symptoms; limiting self care ADL; hospitalization indicated,Life-threatening consequences; urgent intervention indicated,Death,A disorder characterized by excessive levels of thyroid hormone in the body. Common causes include an overactive thyroid gland or thyroid hormone overdose.,-,15
Hypoparathyroidism,Endocrine disorders,CTCAE v5.0,,Asymptomatic; clinical or diagnostic observations only; intervention not indicated,Moderate symptoms; medical intervention indicated,Severe symptoms; medical intervention or hospitalization indicated,Life-threatening consequences; urgent intervention indicated,Death,A disorder characterized by a decrease in production of parathyroid hormone by the parathyroid glands.,-,16
Hypophysitis,Endocrine disorders,CTCAE v5.0,,Asymptomatic or mild symptoms; clinical or diagnostic observations only; intervention not indicated,"Moderate; minimal, local or noninvasive intervention indicated; limiting age-appropriate instrumental ADL",Severe or medically significant but not immediately life-threatening; hospitalization or prolongation of existing hospitalization indicated; limiting self care ADL,Life-threatening consequences; urgent intervention indicated,Death,A disorder characterized by inflammation and cellular infiltration of the pituitary gland.,-,16
Hypopituitarism,Endocrine disorders,CTCAE v5.0,,Asymptomatic or mild symptoms; clinical or diagnostic observations only; intervention not indicated,"Moderate; minimal, local or noninvasive intervention indicated; limiting age-appropriate instrumental ADL",Severe or medically significant but not immediately life-threatening; hospitalization or prolongation of existing hospitalization indicated; limiting self care ADL,Life-threatening consequences; urgent intervention indicated,Death,A disorder characterized by a decrease in production of hormones from the pituitary gland.,-,16
Hypothyroidism,Endocrine disorders,CTCAE v5.0,,Asymptomatic; clinical or diagnostic observations only; intervention not indicated,Symptomatic; thyroid replacement indicated; limiting instrumental ADL,Severe symptoms; limiting self care ADL; hospitalization indicated,Life-threatening consequences; urgent intervention indicated,Death,A disorder characterized by a decrease in production of thyroid hormone by the thyroid gland.,-,16
Precocious puberty,Endocrine disorders,CTCAE v5.0,,Physical signs of puberty with no biochemical markers for females <8 years and males <9 years,Physical signs and biochemical markers of puberty for females <8 years and males <9 years,-,-,-,A disorder characterized by unusually early development of secondary sexual features; the onset of sexual maturation begins usually before age 8 for girls and before age 9 for boys.,-,16
Testosterone deficiency,Endocrine disorders,CTCAE v5.0,,Asymptomatic; mild symptoms with no intervention indicated,Replacement therapy initiated,-,-,-,A disorder characterized by low testosterone.,-,17
Virilization,Endocrine disorders,CTCAE v5.0,,Mild symptoms; intervention not indicated,Moderate symptoms; medical intervention indicated,-,-,-,A disorder characterized by inappropriate masculinization occurring in a female or prepubertal male.,-,17
"Endocrine disorders - Other, specify",Endocrine disorders,CTCAE v5.0,,Asymptomatic or mild symptoms; clinical or diagnostic observations only; intervention not indicated,"Moderate; minimal, local or noninvasive intervention indicated; limiting age-appropriate instrumental ADL",Severe or medically significant but not immediately life-threatening; hospitalization or prolongation of existing hospitalization indicated; limiting self care ADL,Life-threatening consequences; urgent intervention indicated,Death,-,-,17
Blurred vision,Eye disorders,CTCAE v5.0,,Intervention not indicated,Symptomatic; moderate decrease in visual acuity (best corrected visual acuity 20/40 and better or 3 lines or less decreased vision from known baseline); limiting instrumental ADL,"Symptomatic with marked decrease in visual acuity (best corrected visual acuity worse than 20/40 or more than 3 lines of decreased vision from known baseline, up to 20/200); limiting self care ADL",Best corrected visual acuity of 20/200 or worse in the affected eye,-,A disorder characterized by visual perception of unclear or fuzzy images.,-,18
Cataract,Eye disorders,CTCAE v5.0,,Asymptomatic; clinical or diagnostic observations only; intervention not indicated,Symptomatic; moderate decrease in visual acuity (best corrected visual acuity 20/40 and better or 3 lines or less decreased vision from known baseline); glare symptoms affecting instrumental ADL,"Symptomatic with marked decrease in visual acuity (best corrected visual acuity worse than 20/40 or more than 3 lines of decreased vision from known baseline, up to 20/200); limiting self care ADL",Best corrected visual acuity of 20/200 or worse in the affected eye,-,A disorder characterized by partial or complete opacity of the crystalline lens of one or both eyes. This results in a decrease in visual acuity and eventual blindness if untreated.,-,18
Corneal ulcer,Eye disorders,CTCAE v5.0,,-,-,Corneal ulcer without perforation in the affected eye,Perforation in the affected eye,-,A disorder characterized by an area of epithelial tissue loss on the surface of the cornea. It is associated with inflammatory cells in the cornea and anterior chamber.,-,18
Dry eye,Eye disorders,CTCAE v5.0,,Asymptomatic; clinical or diagnostic observations only; symptoms relieved by lubricants,Symptomatic; moderate decrease in visual acuity (best corrected visual acuity 20/40 and better or 3 lines or less decreased vision from known baseline),"Symptomatic with marked decrease in visual acuity (best corrected visual acuity worse than 20/40 or more than 3 lines of decreased vision from known baseline, up to 20/200); limiting self care ADL",-,-,A disorder characterized by dryness of the cornea and conjunctiva.,"If corneal ulcer is present, grade under Eye disorders: Corneal ulcer.",18
Extraocular muscle paresis,Eye disorders,CTCAE v5.0,,Asymptomatic; clinical or diagnostic observations only,Unilateral paresis without double vision,"Bilateral paresis or unilateral paresis causing double vision in peripheral gaze, but not in central gaze",Bilateral paresis requiring head turning to see beyond central 60 degrees or double vision in central gaze,-,A disorder characterized by incomplete paralysis of an extraocular muscle.,-,19
Eye pain,Eye disorders,CTCAE v5.0,,Mild pain,Moderate pain; limiting instrumental ADL,Severe pain; limiting self care ADL,-,-,A disorder characterized by a sensation of marked discomfort in the eye.,-,19
Eyelid function disorder,Eye disorders,CTCAE v5.0,,Asymptomatic; clinical or diagnostic observations only; intervention not indicated,Symptomatic; nonoperative intervention indicated; limiting instrumental ADL,Limiting self care ADL; operative intervention indicated,-,-,A disorder characterized by impaired eyelid function.,-,19
Flashing lights,Eye disorders,CTCAE v5.0,,Symptomatic but not limiting ADL,Limiting instrumental ADL,Limiting self care ADL,-,-,A disorder characterized by a sudden or brief burst of light.,Also consider Eye disorders: Retinal tear or Retinal detachment,19
Floaters,Eye disorders,CTCAE v5.0,,Symptomatic but not limiting ADL,Limiting instrumental ADL,Limiting self care ADL,-,-,A disorder characterized by an individual seeing spots before their eyes. The spots are shadows of opaque cell fragments in the vitreous humor or lens.,Also consider Eye disorders: Retinal tear or Retinal detachment,19
Glaucoma,Eye disorders,CTCAE v5.0,,Less than 8 mmHg of elevated intraocular pressure (EIOP); no visual field deficit,EIOP which can be reduced to 21 mmHg or under with topical medications and no visual field deficit,EIOP causing visual field deficits,Visual field deficit within the central 10 degrees of the visual field in the affected eye,-,A disorder characterized by an increase in pressure in the eyeball due to obstruction of the aqueous humor outflow.,-,19
Keratitis,Eye disorders,CTCAE v5.0,,Asymptomatic; clinical or diagnostic observations only; intervention not indicated,Symptomatic; moderate decrease in visual acuity (best corrected visual acuity 20/40 and better or 3 lines or less decreased vision from known baseline),"Symptomatic with marked decrease in visual acuity (best corrected visual acuity worse than 20/40 or more than 3 lines of decreased vision from known baseline, up to 20/200); corneal ulcer; limiting self care ADL",Perforation; best corrected visual acuity of 20/200 or worse in the affected eye,-,A disorder characterized by inflammation to the cornea of the eye.,Also consider Eye disorders: Corneal ulcer,20
Night blindness,Eye disorders,CTCAE v5.0,,Symptomatic but not limiting ADL,Symptomatic; moderate decrease in visual acuity (best corrected visual acuity 20/40 and better or 3 lines or less decreased vision from known baseline); limiting instrumental ADL,"Symptomatic with marked decrease in visual acuity (best corrected visual acuity worse than 20/40 or more than 3 lines of decreased vision from known baseline, up to 20/200); limiting self care ADL",Best corrected visual acuity of 20/200 or worse in the affected eye,-,A disorder characterized by an inability to see clearly in dim light.,-,20
Optic nerve disorder,Eye disorders,CTCAE v5.0,,Asymptomatic; clinical or diagnostic observations only,Moderate decrease in visual acuity (best corrected visual acuity 20/40 and better or 3 lines or less decreased vision from known baseline),"Marked decrease in visual acuity (best corrected visual acuity worse than 20/40 or more than 3 lines of decreased vision from known baseline, up to 20/200)",Best corrected visual acuity of 20/200 or worse in the affected eye,-,A disorder characterized by involvement of the optic nerve (second cranial nerve).,-,20
Papilledema,Eye disorders,CTCAE v5.0,,Asymptomatic; no visual field deficit,Symptomatic; moderate decrease in visual acuity (best corrected visual acuity 20/40 and better or 3 lines or less decreased vision from known baseline),"Symptomatic with marked decrease in visual acuity (best corrected visual acuity worse than 20/40 or more than 3 lines of decreased vision from known baseline, up to 20/200)",Best corrected visual acuity of 20/200 or worse in the affected eye,-,A disorder characterized by swelling around the optic disc.,-,20
Periorbital edema,Eye disorders,CTCAE v5.0,,Soft or non-pitting,Indurated or pitting edema; topical intervention indicated,"Edema associated with visual disturbance; increased intraocular pressure, glaucoma or retinal hemorrhage; optic neuritis; diuretics indicated; operative intervention indicated",-,-,A disorder characterized by swelling due to an excessive accumulation of fluid around the orbits of the face.,-,21
Photophobia,Eye disorders,CTCAE v5.0,,Symptomatic but not limiting ADL,Limiting instrumental ADL,Limiting self care ADL,-,-,A disorder characterized by fear and avoidance of light.,-,21
Retinal detachment,Eye disorders,CTCAE v5.0,,-,-,Macular sparing rhegmatogenous detachment,Macula-off rhegmatogenous retinal detachment,-,A disorder characterized by the separation of the inner retina layers from the underlying pigment epithelium.,-,21
Retinal tear,Eye disorders,CTCAE v5.0,,No retinal detachment and treatment not indicated,No retinal detachment and treatment indicated,-,-,-,"A disorder characterized by a small laceration of the retina, this occurs when the vitreous separates from the retina. Symptoms include flashes and floaters.","If retinal detachment is present, grade under Eye disorders: Retinal detachment",21
Retinal vascular disorder,Eye disorders,CTCAE v5.0,,-,Retinal vascular disorder without neovascularization,Retinal vascular disorder with neovascularization,-,-,A disorder characterized by pathological retinal blood vessels that adversely affects vision.,"If vitreous hemorrhage is present, report under Eye disorders: Vitreous hemorrhage.",21
Retinopathy,Eye disorders,CTCAE v5.0,,Asymptomatic; clinical or diagnostic observations only,Symptomatic; moderate decrease in visual acuity (best corrected visual acuity 20/40 and better or 3 lines or less decreased vision from known baseline); limiting instrumental ADL,"Symptomatic with marked decrease in visual acuity (best corrected visual acuity worse than 20/40 or more than 3 lines of decreased vision from known baseline, up to 20/200); limiting self care ADL",Best corrected visual acuity of 20/200 or worse in the affected eye,-,A disorder involving the retina.,"If vitreous hemorrhage is present, report under Eye disorders: Vitreous hemorrhage.",21
Scleral disorder,Eye disorders,CTCAE v5.0,,No change in vision from baseline,Symptomatic; moderate decrease in visual acuity (best corrected visual acuity 20/40 and better or 3 lines or less decreased vision from known baseline); limiting instrumental ADL,"Symptomatic with marked decrease in visual acuity (best corrected visual acuity worse than 20/40 or more than 3 lines of decreased vision from known baseline, up to 20/200); limiting self care ADL",Best corrected visual acuity of 20/200 or worse in the affected eye,-,A disorder characterized by involvement of the sclera of the eye.,-,22
Uveitis,Eye disorders,CTCAE v5.0,,Anterior uveitis with trace cells,Anterior uveitis with 1+ or 2+ cells,Anterior uveitis with 3+ or greater cells; intermediate posterior or pan-uveitis,Best corrected visual acuity of 20/200 or worse in the affected eye,-,A disorder characterized by inflammation to the uvea of the eye.,-,22
Vision decreased,Eye disorders,CTCAE v5.0,,-,Moderate decrease in visual acuity (best corrected visual acuity 20/40 and better or 3 lines or less decreased vision from known baseline),"Marked decrease in visual acuity (best corrected visual acuity worse than 20/40 or more than 3 lines of decreased vision from known baseline, up to 20/200)",Best corrected visual acuity of 20/200 or worse in the affected eye,-,A disorder characterized by a decrease in visual acuity.,"If etiology is known, use a more specific CTCAE term.",22
Vitreous hemorrhage,Eye disorders,CTCAE v5.0,,Intervention not indicated,Symptomatic; moderate decrease in visual acuity (best corrected visual acuity 20/40 and better or 3 lines or less decreased vision from known baseline); limiting instrumental ADL,"Symptomatic with marked decrease in visual acuity (best corrected visual acuity worse than 20/40 or more than 3 lines of decreased vision from known baseline, up to 20/200); limiting self care ADL; vitrectomy indicated",Best corrected visual acuity of 20/200 or worse in the affected eye,-,A disorder characterized by bleeding into the vitreous humor.,-,22
Watering eyes,Eye disorders,CTCAE v5.0,,Intervention not indicated,Symptomatic; moderate decrease in visual acuity (best corrected visual acuity 20/40 and better or 3 lines or less decreased vision from known baseline),"Marked decrease in visual acuity (best corrected visual acuity worse than 20/40 or more than 3 lines of decreased vision from known baseline, up to 20/200)",Best corrected visual acuity of 20/200 or worse in the affected eye,-,A disorder characterized by excessive tearing in the eyes; it can be caused by overproduction of tears or impaired drainage of the tear duct.,-,23
"Eye disorders - Other, specify",Eye disorders,CTCAE v5.0,,Asymptomatic or mild symptoms; clinical or diagnostic observations only; intervention not indicated; no change in vision,"Moderate; minimal, local or noninvasive intervention indicated; limiting instrumental ADL; best corrected visual acuity 20/40 and better or 3 lines or less decreased vision from known baseline","Severe or medically significant but not immediately sight- threatening; limiting self care ADL; decrease in visual acuity (best corrected visual acuity worse than 20/40 or more than 3 lines of decreased vision from known baseline, up to 20/200)",Sight-threatening consequences; urgent intervention indicated; best corrected visual acuity of 20/200 or worse in the affected eye,-,-,-,23
Abdominal distension,Gastrointestinal disorders,CTCAE v5.0,,Asymptomatic; clinical or diagnostic observations only; intervention not indicated,Symptomatic; limiting instrumental ADL,Severe discomfort; limiting self care ADL,-,-,A disorder characterized by swelling of the abdomen.,-,24
Abdominal pain,Gastrointestinal disorders,CTCAE v5.0,,Mild pain,Moderate pain; limiting instrumental ADL,Severe pain; limiting self care ADL,-,-,A disorder characterized by a sensation of marked discomfort in the abdominal region.,-,24
Anal fissure,Gastrointestinal disorders,CTCAE v5.0,,Asymptomatic,Symptomatic,Invasive intervention indicated,-,-,A disorder characterized by a tear in the lining of the anus.,-,24
Anal fistula,Gastrointestinal disorders,CTCAE v5.0,,Asymptomatic,"Symptomatic, invasive intervention not indicated",Invasive intervention indicated,Life-threatening consequences; urgent intervention indicated,Death,A disorder characterized by an abnormal communication between the opening in the anal canal to the perianal skin.,-,24
Anal hemorrhage,Gastrointestinal disorders,CTCAE v5.0,,Mild symptoms; intervention not indicated,Moderate symptoms; intervention indicated,Transfusion indicated; invasive intervention indicated; hospitalization,Life-threatening consequences; urgent intervention indicated,Death,A disorder characterized by bleeding from the anal region.,-,24
Anal mucositis,Gastrointestinal disorders,CTCAE v5.0,,Asymptomatic or mild symptoms; intervention not indicated,Symptomatic; medical intervention indicated; limiting instrumental ADL,Severe symptoms; limiting self care ADL,-,-,A disorder characterized by ulceration or inflammation of the mucous membrane of the anus.,Report Grade 4 and 5 as Gastrointestinal disorders: Anal ulcer,24
Anal necrosis,Gastrointestinal disorders,CTCAE v5.0,,-,-,TPN or hospitalization indicated; invasive intervention indicated,Life-threatening consequences; urgent operative intervention indicated,Death,A disorder characterized by a necrotic process occurring in the anal region.,-,24
Anal pain,Gastrointestinal disorders,CTCAE v5.0,,Mild pain,Moderate pain; limiting instrumental ADL,Severe pain; limiting self care ADL,-,-,A disorder characterized by a sensation of marked discomfort in the anal region.,-,25
Anal stenosis,Gastrointestinal disorders,CTCAE v5.0,,Asymptomatic; clinical or diagnostic observations only; intervention not indicated,Symptomatic; altered GI function,Symptomatic and severely altered GI function; non- emergent operative intervention indicated; TPN or hospitalization indicated,Life-threatening consequences; urgent operative intervention indicated,Death,A disorder characterized by a narrowing of the lumen of the anal canal.,-,25
Anal ulcer,Gastrointestinal disorders,CTCAE v5.0,,Asymptomatic; clinical or diagnostic observations only; intervention not indicated,Symptomatic; altered GI function,Severely altered GI function; TPN indicated; elective invasive intervention indicated,Life-threatening consequences; urgent operative intervention indicated,Death,"A disorder characterized by a circumscribed, erosive lesion on the mucosal surface of the anal canal.",-,25
Ascites,Gastrointestinal disorders,CTCAE v5.0,,Asymptomatic; clinical or diagnostic observations only; intervention not indicated,Symptomatic; medical intervention indicated,Severe symptoms; invasive intervention indicated,Life-threatening consequences; urgent operative intervention indicated,Death,A disorder characterized by accumulation of serous or hemorrhagic fluid in the peritoneal cavity.,-,25
Belching,Gastrointestinal disorders,CTCAE v5.0,,Increase from baseline,Intervention initiated (including over the counter medications),-,-,-,To expel gas noisily from the mouth.,Synonym: Burping,25
Bloating,Gastrointestinal disorders,CTCAE v5.0,,No change in bowel function or oral intake,"Symptomatic, decreased oral intake; change in bowel function",-,-,-,A disorder characterized by subject-reported feeling of uncomfortable fullness of the abdomen.,-,25
Cecal hemorrhage,Gastrointestinal disorders,CTCAE v5.0,,Mild symptoms; intervention not indicated,Moderate symptoms; intervention indicated,Transfusion indicated; invasive intervention indicated; hospitalization,Life-threatening consequences; urgent intervention indicated,Death,A disorder characterized by bleeding from the cecum.,-,26
Cheilitis,Gastrointestinal disorders,CTCAE v5.0,,Asymptomatic; clinical or diagnostic observations only; intervention not indicated,Moderate symptoms; limiting instrumental ADL,Severe symptoms; limiting self care ADL; intervention indicated,-,-,A disorder characterized by inflammation of the lip.,-,26
Chylous ascites,Gastrointestinal disorders,CTCAE v5.0,,Asymptomatic; clinical or diagnostic observations only; intervention not indicated,"Symptomatic; medical intervention indicated (e.g., fat-restricted diet); paracentesis or tube drainage indicated",Severe symptoms; elective operative intervention indicated,Life-threatening consequences; urgent operative intervention indicated,Death,A disorder characterized by accumulation of milky fluid in the peritoneal cavity.,-,26
Colitis,Gastrointestinal disorders,CTCAE v5.0,,Asymptomatic; clinical or diagnostic observations only; intervention not indicated,Abdominal pain; mucus or blood in stool,Severe abdominal pain; peritoneal signs,Life-threatening consequences; urgent intervention indicated,Death,A disorder characterized by inflammation of the colon.,-,26
Colonic fistula,Gastrointestinal disorders,CTCAE v5.0,,Asymptomatic,"Symptomatic, invasive intervention not indicated",Invasive intervention indicated,Life-threatening consequences; urgent intervention indicated,Death,A disorder characterized by an abnormal communication between the large intestine and another organ or anatomic site.,-,26
Colonic hemorrhage,Gastrointestinal disorders,CTCAE v5.0,,Mild symptoms; intervention not indicated,Moderate symptoms; intervention indicated,Transfusion indicated; invasive intervention indicated; hospitalization,Life-threatening consequences; urgent intervention indicated,Death,A disorder characterized by bleeding from the colon.,-,26
Colonic obstruction,Gastrointestinal disorders,CTCAE v5.0,,Asymptomatic; clinical or diagnostic observations only; intervention not indicated,Symptomatic; altered GI function,Hospitalization indicated; invasive intervention indicated,Life-threatening consequences; urgent operative intervention indicated,Death,A disorder characterized by blockage of the normal flow of the intestinal contents in the colon.,-,27
Colonic perforation,Gastrointestinal disorders,CTCAE v5.0,,-,Invasive intervention not indicated,Invasive intervention indicated,Life-threatening consequences; urgent intervention indicated,Death,A disorder characterized by a rupture in the colonic wall.,-,27
Colonic stenosis,Gastrointestinal disorders,CTCAE v5.0,,Asymptomatic; clinical or diagnostic observations only; intervention not indicated,Symptomatic; altered GI function,Severely altered GI function; tube feeding or hospitalization indicated; elective operative intervention indicated,Life-threatening consequences; urgent operative intervention indicated,Death,A disorder characterized by a narrowing of the lumen of the colon.,-,27
Colonic ulcer,Gastrointestinal disorders,CTCAE v5.0,,Asymptomatic; clinical or diagnostic observations only; intervention not indicated,Symptomatic; altered GI function,Severely altered GI function; TPN indicated; elective invasive intervention indicated,Life-threatening consequences; urgent operative intervention indicated,Death,"A disorder characterized by a circumscribed, erosive lesion on the mucosal surface of the colon.",-,27
Constipation,Gastrointestinal disorders,CTCAE v5.0,,"Occasional or intermittent symptoms; occasional use of stool softeners, laxatives, dietary modification, or enema",Persistent symptoms with regular use of laxatives or enemas; limiting instrumental ADL,Obstipation with manual evacuation indicated; limiting self care ADL,Life-threatening consequences; urgent intervention indicated,Death,A disorder characterized by irregular and infrequent or difficult evacuation of the bowels.,-,27
Dental caries,Gastrointestinal disorders,CTCAE v5.0,,"One or more dental caries, not involving the root",Dental caries involving the root,Dental caries resulting in pulpitis or periapical abscess or resulting in tooth loss,-,-,"A disorder characterized by the decay of a tooth, in which it becomes softened, discolored and/or porous.",-,27
Diarrhea,Gastrointestinal disorders,CTCAE v5.0,,Increase of <4 stools per day over baseline; mild increase in ostomy output compared to baseline,Increase of 4 - 6 stools per day over baseline; moderate increase in ostomy output compared to baseline; limiting instrumental ADL,Increase of ≥7 stools per day over baseline; hospitalization indicated; severe increase in ostomy output compared to baseline; limiting self care ADL,Life-threatening consequences; urgent intervention indicated,Death,A disorder characterized by an increase in frequency and/or loose or watery bowel movements.,-,28
Dry mouth,Gastrointestinal disorders,CTCAE v5.0,,"Symptomatic (e.g., dry or thick saliva) without significant dietary alteration; unstimulated saliva flow >0.2 ml/min","Moderate symptoms; oral intake alterations (e.g., copious water, other lubricants, diet limited to purees and/or soft, moist foods); unstimulated saliva 0.1 to 0.2 ml/min",Inability to adequately aliment orally; tube feeding or TPN indicated; unstimulated saliva <0.1 ml/min,-,-,A disorder characterized by reduced salivary flow in the oral cavity.,-,28
Duodenal fistula,Gastrointestinal disorders,CTCAE v5.0,,Asymptomatic,"Symptomatic, invasive intervention not indicated",Invasive intervention indicated,Life-threatening consequences; urgent intervention indicated,Death,A disorder characterized by an abnormal communication between the duodenum and another organ or anatomic site.,-,28
Duodenal hemorrhage,Gastrointestinal disorders,CTCAE v5.0,,Mild symptoms; intervention not indicated,Moderate symptoms; intervention indicated,Transfusion indicated; invasive intervention indicated; hospitalization,Life-threatening consequences; urgent intervention indicated,Death,A disorder characterized by bleeding from the duodenum.,-,28
Duodenal obstruction,Gastrointestinal disorders,CTCAE v5.0,,Asymptomatic; clinical or diagnostic observations only; intervention not indicated,Symptomatic; altered GI function,Hospitalization indicated; invasive intervention indicated,Life-threatening consequences; urgent operative intervention indicated,Death,A disorder characterized by blockage of the normal flow of stomach contents through the duodenum.,-,28
Duodenal perforation,Gastrointestinal disorders,CTCAE v5.0,,-,Invasive intervention not indicated,Invasive intervention indicated,Life-threatening consequences; urgent operative intervention indicated,Death,A disorder characterized by a rupture in the duodenal wall.,-,29
Duodenal stenosis,Gastrointestinal disorders,CTCAE v5.0,,Asymptomatic; clinical or diagnostic observations only; intervention not indicated,Symptomatic; altered GI function,Severely altered GI function; tube feeding or hospitalization indicated; elective operative intervention indicated,Life-threatening consequences; urgent operative intervention indicated,Death,A disorder characterized by a narrowing of the lumen of the duodenum.,-,29
Duodenal ulcer,Gastrointestinal disorders,CTCAE v5.0,,Asymptomatic; clinical or diagnostic observations only; intervention not indicated,Symptomatic; medical intervention indicated; limiting instrumental ADL,Severely altered GI function; TPN indicated; elective invasive intervention indicated; limiting self care ADL,Life-threatening consequences; urgent operative intervention indicated,Death,"A disorder characterized by a circumscribed, erosive lesion on the mucosal surface of the duodenal wall.",-,29
Dyspepsia,Gastrointestinal disorders,CTCAE v5.0,,Mild symptoms; intervention not indicated,Moderate symptoms; medical intervention indicated,Severe symptoms; operative intervention indicated,-,-,"A disorder characterized by an uncomfortable, often painful feeling in the stomach, resulting from impaired digestion. Symptoms include burning stomach, bloating, heartburn, nausea and vomiting.",-,29
Dysphagia,Gastrointestinal disorders,CTCAE v5.0,,"Symptomatic, able to eat regular diet",Symptomatic and altered eating/swallowing,"Severely altered eating/swallowing; tube feeding, TPN, or hospitalization indicated",Life-threatening consequences; urgent intervention indicated,Death,A disorder characterized by difficulty in swallowing.,-,29
Enterocolitis,Gastrointestinal disorders,CTCAE v5.0,,Asymptomatic; clinical or diagnostic observations only; intervention not indicated,Abdominal pain; mucus or blood in stool,Severe or persistent abdominal pain; fever; ileus; peritoneal signs,Life-threatening consequences; urgent intervention indicated,Death,A disorder characterized by inflammation of the small and large intestines.,"If reporting a known abnormality of the colon, use Gastrointestinal disorders: Colitis. If reporting a documented infection, use Infections and infestations: Enterocolitis infectious.",29
Enterovesical fistula,Gastrointestinal disorders,CTCAE v5.0,,Asymptomatic,"Symptomatic, invasive intervention not indicated",Invasive intervention indicated,Life-threatening consequences; urgent intervention indicated,Death,A disorder characterized by an abnormal communication between the urinary bladder and the intestine.,-,30
Esophageal fistula,Gastrointestinal disorders,CTCAE v5.0,,Asymptomatic,"Symptomatic, invasive intervention not indicated",Invasive intervention indicated,Life-threatening consequences; urgent intervention indicated,Death,A disorder characterized by an abnormal communication between the esophagus and another organ or anatomic site.,-,30
Esophageal hemorrhage,Gastrointestinal disorders,CTCAE v5.0,,Mild symptoms; intervention not indicated,Moderate symptoms; intervention indicated,Transfusion indicated; invasive intervention indicated; hospitalization,Life-threatening consequences; urgent intervention indicated,Death,A disorder characterized by bleeding from the esophagus.,-,30
Esophageal necrosis,Gastrointestinal disorders,CTCAE v5.0,,-,-,Inability to aliment adequately by GI tract; invasive intervention indicated,Life-threatening consequences; urgent operative intervention indicated,Death,A disorder characterized by a necrotic process occurring in the esophageal wall.,-,30
Esophageal obstruction,Gastrointestinal disorders,CTCAE v5.0,,Asymptomatic; clinical or diagnostic observations only; intervention not indicated,Symptomatic; altered GI function; limiting instrumental ADL,Hospitalization indicated; invasive intervention indicated; limiting self care ADL,Life-threatening consequences; urgent intervention indicated,Death,A disorder characterized by blockage of the normal flow of the contents in the esophagus.,-,30
Esophageal pain,Gastrointestinal disorders,CTCAE v5.0,,Mild pain,Moderate pain; limiting instrumental ADL,Severe pain; limiting self care ADL,-,-,A disorder characterized by a sensation of marked discomfort in the esophageal region.,-,30
Esophageal perforation,Gastrointestinal disorders,CTCAE v5.0,,-,Invasive intervention not indicated,Invasive intervention indicated,Life-threatening consequences; urgent operative intervention indicated,Death,A disorder characterized by a rupture in the wall of the esophagus.,-,30
Esophageal stenosis,Gastrointestinal disorders,CTCAE v5.0,,Asymptomatic; clinical or diagnostic observations only; intervention not indicated,Symptomatic; altered GI function,Severely altered GI function; tube feeding or hospitalization indicated; elective operative intervention indicated,Life-threatening consequences; urgent operative intervention indicated,Death,A disorder characterized by a narrowing of the lumen of the esophagus.,-,31
Esophageal ulcer,Gastrointestinal disorders,CTCAE v5.0,,Asymptomatic; clinical or diagnostic observations only; intervention not indicated,Symptomatic; altered GI function; limiting instrumental ADL,Severely altered GI function; TPN indicated; elective invasive intervention indicated; limiting self care ADL,Life-threatening consequences; urgent operative intervention indicated,Death,"A disorder characterized by a circumscribed, erosive lesion on the mucosal surface of the esophageal wall.",-,31
Esophageal varices hemorrhage,Gastrointestinal disorders,CTCAE v5.0,,-,Self-limited; intervention not indicated,Transfusion indicated; invasive intervention indicated; hospitalization,Life-threatening consequences; urgent intervention indicated,Death,A disorder characterized by bleeding from esophageal varices.,-,31
Esophagitis,Gastrointestinal disorders,CTCAE v5.0,,Asymptomatic; clinical or diagnostic observations only; intervention not indicated,Symptomatic; altered eating/swallowing; oral supplements indicated,"Severely altered eating/swallowing; tube feeding, TPN, or hospitalization indicated",Life-threatening consequences; urgent operative intervention indicated,Death,A disorder characterized by inflammation of the esophageal wall.,-,31
Fecal incontinence,Gastrointestinal disorders,CTCAE v5.0,,Occasional use of pads required,Daily use of pads required,Severe symptoms; elective operative intervention indicated,-,-,A disorder characterized by inability to control the escape of stool from the rectum.,-,31
Flatulence,Gastrointestinal disorders,CTCAE v5.0,,Mild symptoms; intervention not indicated,Moderate; persistent; psychosocial sequelae,-,-,-,A disorder characterized by a discharge of excessive gas from the lower GI tract.,-,31
Gastric fistula,Gastrointestinal disorders,CTCAE v5.0,,Asymptomatic,"Symptomatic, invasive intervention not indicated",Invasive intervention indicated,Life-threatening consequences; urgent intervention indicated,Death,A disorder characterized by an abnormal communication between the stomach and another organ or anatomic site.,-,32
Gastric hemorrhage,Gastrointestinal disorders,CTCAE v5.0,,Mild symptoms; intervention not indicated,Moderate symptoms; intervention indicated,Transfusion indicated; invasive intervention indicated; hospitalization,Life-threatening consequences; urgent intervention indicated,Death,A disorder characterized by bleeding from the gastric wall.,-,32
Gastric necrosis,Gastrointestinal disorders,CTCAE v5.0,,-,-,Inability to aliment adequately by GI tract; invasive intervention indicated,Life-threatening consequences; urgent operative intervention indicated,Death,A disorder characterized by a necrotic process occurring in the gastric wall.,-,32
Gastric perforation,Gastrointestinal disorders,CTCAE v5.0,,-,Invasive intervention not indicated,Invasive intervention indicated,Life-threatening consequences; urgent operative intervention indicated,Death,A disorder characterized by a rupture in the stomach wall.,-,32
Gastric stenosis,Gastrointestinal disorders,CTCAE v5.0,,Asymptomatic; clinical or diagnostic observations only; intervention not indicated,Symptomatic; altered GI function,Severely altered GI function; tube feeding or hospitalization indicated; elective operative intervention indicated,Life-threatening consequences; urgent operative intervention indicated,Death,A disorder characterized by a narrowing of the lumen of the stomach.,-,32
Gastric ulcer,Gastrointestinal disorders,CTCAE v5.0,,Asymptomatic; clinical or diagnostic observations only; intervention not indicated,Symptomatic; altered GI function; medical intervention indicated; limiting instrumental ADL,Severely altered GI function; TPN indicated; elective invasive intervention indicated; limiting self care ADL,Life-threatening consequences; urgent operative intervention indicated,Death,"A disorder characterized by a circumscribed, erosive lesion on the mucosal surface of the stomach.",-,32
Gastritis,Gastrointestinal disorders,CTCAE v5.0,,Asymptomatic; clinical or diagnostic observations only; intervention not indicated,Symptomatic; altered GI function; medical intervention indicated,Severely altered eating or gastric function; TPN or hospitalization indicated,Life-threatening consequences; urgent operative intervention indicated,Death,A disorder characterized by inflammation of the stomach.,-,33
Gastroesophageal reflux disease,Gastrointestinal disorders,CTCAE v5.0,,Mild symptoms; intervention not indicated,Moderate symptoms; medical intervention indicated,Severe symptoms; operative intervention indicated,-,-,"A disorder characterized by reflux of the gastric and/or duodenal contents into the distal esophagus. It is chronic in nature and usually caused by incompetence of the lower esophageal sphincter, and may result in injury to the esophageal mucosal. Symptoms include heartburn and acid indigestion.",-,33
Gastrointestinal fistula,Gastrointestinal disorders,CTCAE v5.0,,Asymptomatic,"Symptomatic, invasive intervention not indicated",Invasive intervention indicated,Life-threatening consequences; urgent intervention indicated,Death,A disorder characterized by an abnormal communication between any part of the gastrointestinal system and another organ or anatomic site.,-,33
Gastrointestinal pain,Gastrointestinal disorders,CTCAE v5.0,,Mild pain,Moderate pain; limiting instrumental ADL,Severe pain; limiting self care ADL,-,-,A disorder characterized by a sensation of marked discomfort in the gastrointestinal region.,-,33
Gastroparesis,Gastrointestinal disorders,CTCAE v5.0,,"Mild nausea, early satiety and bloating, able to maintain caloric intake on regular diet",Moderate symptoms; able to maintain nutrition with dietary and lifestyle modifications; may need pharmacologic intervention,Weight loss ≥20% from baseline; tube feeding or TPN indicated; elective operative intervention indicated,Life-threatening consequences; urgent intervention indicated,-,A disorder characterized by an incomplete paralysis of the muscles of the stomach wall resulting in delayed emptying of the gastric contents into the small intestine.,-,33
Gingival pain,Gastrointestinal disorders,CTCAE v5.0,,Mild pain,Moderate pain interfering with oral intake,Severe pain; inability to aliment orally,-,-,A disorder characterized by a sensation of marked discomfort in the gingival region.,-,33
Hemorrhoidal hemorrhage,Gastrointestinal disorders,CTCAE v5.0,,Mild symptoms; intervention not indicated,Moderate symptoms; intervention indicated,Transfusion indicated; invasive intervention indicated; hospitalization,Life-threatening consequences; urgent intervention indicated,Death,A disorder characterized by bleeding from the hemorrhoids.,-,33
Hemorrhoids,Gastrointestinal disorders,CTCAE v5.0,,Asymptomatic; clinical or diagnostic observations only; intervention not indicated,Symptomatic; banding or medical intervention indicated,Severe symptoms; invasive intervention indicated,-,-,A disorder characterized by the presence of dilated veins in the rectum and surrounding area.,-,34
Ileal fistula,Gastrointestinal disorders,CTCAE v5.0,,Asymptomatic,"Symptomatic, invasive intervention not indicated",Invasive intervention indicated,Life-threatening consequences; urgent intervention indicated,Death,A disorder characterized by an abnormal communication between the ileum and another organ or anatomic site.,-,34
Ileal hemorrhage,Gastrointestinal disorders,CTCAE v5.0,,Mild symptoms; intervention not indicated,Moderate symptoms; intervention indicated,Transfusion indicated; invasive intervention indicated; hospitalization,Life-threatening consequences; urgent intervention indicated,Death,A disorder characterized by bleeding from the ileal wall.,-,34
Ileal obstruction,Gastrointestinal disorders,CTCAE v5.0,,Asymptomatic; clinical or diagnostic observations only; intervention not indicated,Symptomatic; altered GI function; limiting instrumental ADL; naso-gastric tube indicated,Hospitalization indicated; invasive intervention indicated; limiting self care ADL; long intestinal tube indicated,Life-threatening consequences; urgent operative intervention indicated,Death,A disorder characterized by blockage of the normal flow of the intestinal contents in the ileum.,-,34
Ileal perforation,Gastrointestinal disorders,CTCAE v5.0,,-,Invasive intervention not indicated,Invasive intervention indicated,Life-threatening consequences; urgent operative intervention indicated,Death,A disorder characterized by a rupture in the ileal wall.,-,34
Ileal stenosis,Gastrointestinal disorders,CTCAE v5.0,,Asymptomatic; clinical or diagnostic observations only; intervention not indicated,Symptomatic; altered GI function,Severely altered GI function; tube feeding or hospitalization indicated; elective operative intervention indicated,Life-threatening consequences; urgent operative intervention indicated,Death,A disorder characterized by a narrowing of the lumen of the ileum.,-,34
Ileal ulcer,Gastrointestinal disorders,CTCAE v5.0,,Asymptomatic; clinical or diagnostic observations only; intervention not indicated,Symptomatic; altered GI function,Severely altered GI function; TPN indicated; elective invasive intervention indicated,Life-threatening consequences; urgent operative intervention indicated,Death,"A disorder characterized by a circumscribed, erosive lesion on the mucosal surface of the ileum.",-,35
Ileus,Gastrointestinal disorders,CTCAE v5.0,,Asymptomatic and radiologic observations only,Symptomatic; altered GI function; bowel rest indicated,Severely altered GI function; TPN indicated; tube placement indicated,Life-threatening consequences; urgent intervention indicated,Death,A disorder characterized by failure of the ileum to transport intestinal contents.,-,35
Intra-abdominal hemorrhage,Gastrointestinal disorders,CTCAE v5.0,,-,Moderate symptoms; intervention indicated,Transfusion indicated; invasive intervention indicated; hospitalization,Life-threatening consequences; urgent intervention indicated,Death,A disorder characterized by bleeding in the abdominal cavity.,-,35
Jejunal fistula,Gastrointestinal disorders,CTCAE v5.0,,Asymptomatic,"Symptomatic, invasive intervention not indicated",Invasive intervention indicated,Life-threatening consequences; urgent intervention indicated,Death,A disorder characterized by an abnormal communication between the jejunum and another organ or anatomic site.,-,35
Jejunal hemorrhage,Gastrointestinal disorders,CTCAE v5.0,,Mild symptoms; intervention not indicated,Moderate symptoms; intervention indicated,Transfusion indicated; invasive intervention indicated; hospitalization,Life-threatening consequences; urgent intervention indicated,Death,A disorder characterized by bleeding from the jejunal wall.,-,35
Jejunal obstruction,Gastrointestinal disorders,CTCAE v5.0,,Asymptomatic; clinical or diagnostic observations only; intervention not indicated,Symptomatic; altered GI function; limiting instrumental ADL,Hospitalization indicated; invasive intervention indicated; limiting self care ADL,Life-threatening consequences; urgent operative intervention indicated,Death,A disorder characterized by blockage of the normal flow of the intestinal contents in the jejunum.,-,35
Jejunal perforation,Gastrointestinal disorders,CTCAE v5.0,,-,Invasive intervention not indicated,Invasive intervention indicated,Life-threatening consequences; urgent operative intervention indicated,Death,A disorder characterized by a rupture in the jejunal wall.,-,36
Jejunal stenosis,Gastrointestinal disorders,CTCAE v5.0,,Asymptomatic; clinical or diagnostic observations only; intervention not indicated,Symptomatic; altered GI function,Severely altered GI function; tube feeding or hospitalization indicated; elective operative intervention indicated,Life-threatening consequences; urgent operative intervention indicated,Death,A disorder characterized by a narrowing of the lumen of the jejunum.,-,36
Jejunal ulcer,Gastrointestinal disorders,CTCAE v5.0,,Asymptomatic; clinical or diagnostic observations only; intervention not indicated,Symptomatic; altered GI function,Severely altered GI function; TPN indicated; elective invasive intervention indicated,Life-threatening consequences; urgent operative intervention indicated,Death,"A disorder characterized by a circumscribed, erosive lesion on the mucosal surface of the jejunum.",-,36
Lip pain,Gastrointestinal disorders,CTCAE v5.0,,Mild pain,Moderate pain; limiting instrumental ADL,Severe pain; limiting self care ADL,-,-,A disorder characterized by a sensation of marked discomfort of the lip.,-,36
Lower gastrointestinal hemorrhage,Gastrointestinal disorders,CTCAE v5.0,,Mild symptoms; intervention not indicated,Moderate symptoms; intervention indicated,Transfusion indicated; invasive intervention indicated; hospitalization,Life-threatening consequences; urgent intervention indicated,Death,"A disorder characterized by bleeding from the lower gastrointestinal tract (small intestine, large intestine, and anus).",-,36
Malabsorption,Gastrointestinal disorders,CTCAE v5.0,,-,Altered diet; oral intervention indicated,Inability to aliment adequately; TPN indicated,Life-threatening consequences; urgent intervention indicated,Death,"A disorder characterized by inadequate absorption of nutrients in the small intestine. Symptoms include abdominal marked discomfort, bloating and diarrhea.",-,36
Mucositis oral,Gastrointestinal disorders,CTCAE v5.0,,Asymptomatic or mild symptoms; intervention not indicated,Moderate pain or ulcer that does not interfere with oral intake; modified diet indicated,Severe pain; interfering with oral intake,Life-threatening consequences; urgent intervention indicated,Death,A disorder characterized by ulceration or inflammation of the oral mucosal.,-,37
Nausea,Gastrointestinal disorders,CTCAE v5.0,,Loss of appetite without alteration in eating habits,"Oral intake decreased without significant weight loss, dehydration or malnutrition","Inadequate oral caloric or fluid intake; tube feeding, TPN, or hospitalization indicated",-,-,A disorder characterized by a queasy sensation and/or the urge to vomit.,-,37
Obstruction gastric,Gastrointestinal disorders,CTCAE v5.0,,Asymptomatic; clinical or diagnostic observations only; intervention not indicated,Symptomatic; altered GI function; limiting instrumental ADL,Hospitalization indicated; invasive intervention indicated; limiting self care ADL,Life-threatening consequences; urgent operative intervention indicated,Death,A disorder characterized by blockage of the normal flow of the contents in the stomach.,-,37
Oral cavity fistula,Gastrointestinal disorders,CTCAE v5.0,,Asymptomatic,"Symptomatic, invasive intervention not indicated",Invasive intervention indicated,Life-threatening consequences; urgent intervention indicated,Death,A disorder characterized by an abnormal communication between the oral cavity and another organ or anatomic site.,-,37
Oral dysesthesia,Gastrointestinal disorders,CTCAE v5.0,,Mild discomfort; not interfering with oral intake,Moderate pain; interfering with oral intake,Disabling pain; tube feeding or TPN indicated,-,-,"A disorder characterized by a burning or tingling sensation on the lips, tongue or entire mouth.",-,37
Oral hemorrhage,Gastrointestinal disorders,CTCAE v5.0,,Mild symptoms; intervention not indicated,Moderate symptoms; intervention indicated,Transfusion indicated; invasive intervention indicated; hospitalization,Life-threatening consequences; urgent intervention indicated,Death,A disorder characterized by bleeding from the mouth.,-,37
Oral pain,Gastrointestinal disorders,CTCAE v5.0,,Mild pain,Moderate pain; limiting instrumental ADL,Severe pain; limiting self care ADL,-,-,"A disorder characterized by a sensation of marked discomfort in the mouth, tongue or lips.",-,37
Pancreatic duct stenosis,Gastrointestinal disorders,CTCAE v5.0,,Asymptomatic; clinical or diagnostic observations only; intervention not indicated,Symptomatic; altered GI function,Severely altered GI function; tube feeding or hospitalization indicated; elective operative intervention indicated,Life-threatening consequences; urgent operative intervention indicated,Death,A disorder characterized by a narrowing of the lumen of the pancreatic duct.,-,38
Pancreatic fistula,Gastrointestinal disorders,CTCAE v5.0,,Asymptomatic,"Symptomatic, invasive intervention not indicated",Invasive intervention indicated,Life-threatening consequences; urgent intervention indicated,Death,A disorder characterized by an abnormal communication between the pancreas and another organ or anatomic site.,-,38
Pancreatic hemorrhage,Gastrointestinal disorders,CTCAE v5.0,,Mild symptoms; intervention not indicated,Moderate symptoms; intervention indicated,Transfusion indicated; invasive intervention indicated; hospitalization,Life-threatening consequences; urgent intervention indicated,Death,A disorder characterized by bleeding from the pancreas.,-,38
Pancreatic necrosis,Gastrointestinal disorders,CTCAE v5.0,,-,-,Tube feeding or TPN indicated; invasive intervention indicated,Life-threatening consequences; urgent operative intervention indicated,Death,A disorder characterized by a necrotic process occurring in the pancreas.,-,38
Pancreatitis,Gastrointestinal disorders,CTCAE v5.0,,-,Enzyme elevation; radiologic findings only,"Severe pain; vomiting; medical intervention indicated (e.g., analgesia, nutritional support)",Life-threatening consequences; urgent intervention indicated,Death,A disorder characterized by inflammation of the pancreas with no documented pancreas infection.,-,38
Periodontal disease,Gastrointestinal disorders,CTCAE v5.0,,Gingival recession or gingivitis; limited bleeding on probing; mild local bone loss,Moderate gingival recession or gingivitis; multiple sites of bleeding on probing; moderate bone loss,Spontaneous bleeding; severe bone loss with or without tooth loss; osteonecrosis of maxilla or mandible,-,-,A disorder in the gingival tissue around the teeth.,-,38
Peritoneal necrosis,Gastrointestinal disorders,CTCAE v5.0,,-,-,Tube feeding or TPN indicated; invasive intervention indicated,Life-threatening consequences; urgent operative intervention indicated,Death,A disorder characterized by a necrotic process occurring in the peritoneum.,-,39
Proctitis,Gastrointestinal disorders,CTCAE v5.0,,"Rectal discomfort, intervention not indicated","Symptomatic (e.g., rectal discomfort, passing blood or mucus); medical intervention indicated; limiting instrumental ADL",Severe symptoms; fecal urgency or stool incontinence; limiting self care ADL,Life-threatening consequences; urgent intervention indicated,Death,A disorder characterized by inflammation of the rectum.,-,39
Rectal fissure,Gastrointestinal disorders,CTCAE v5.0,,Asymptomatic,Symptomatic,Invasive intervention indicated,-,-,A disorder characterized by a tear in the lining of the rectum.,-,39
Rectal fistula,Gastrointestinal disorders,CTCAE v5.0,,Asymptomatic,"Symptomatic, invasive intervention not indicated",Invasive intervention indicated,Life-threatening consequences; urgent intervention indicated,Death,A disorder characterized by an abnormal communication between the rectum and another organ or anatomic site.,-,39
Rectal hemorrhage,Gastrointestinal disorders,CTCAE v5.0,,Mild symptoms; intervention not indicated,Moderate symptoms; intervention indicated,Transfusion indicated; invasive intervention indicated; hospitalization,Life-threatening consequences; urgent intervention indicated,Death,A disorder characterized by bleeding from the rectal wall and discharged from the anus.,-,39
Rectal mucositis,Gastrointestinal disorders,CTCAE v5.0,,Asymptomatic or mild symptoms; intervention not indicated,Symptomatic; medical intervention indicated; limiting instrumental ADL,Severe symptoms; limiting self care ADL,Life-threatening consequences; urgent operative intervention indicated,Death,A disorder characterized by ulceration or inflammation of the mucous membrane of the rectum.,-,39
Rectal necrosis,Gastrointestinal disorders,CTCAE v5.0,,-,-,Tube feeding or TPN indicated; invasive intervention indicated,Life-threatening consequences; urgent operative intervention indicated,Death,A disorder characterized by a necrotic process occurring in the rectal wall.,-,40
Rectal obstruction,Gastrointestinal disorders,CTCAE v5.0,,Asymptomatic; clinical or diagnostic observations only; intervention not indicated,Symptomatic; altered GI function; limiting instrumental ADL,Hospitalization indicated; invasive intervention indicated; limiting self care ADL,Life-threatening consequences; urgent operative intervention indicated,Death,A disorder characterized by blockage of the normal flow of the intestinal contents in the rectum.,-,40
Rectal pain,Gastrointestinal disorders,CTCAE v5.0,,Mild pain,Moderate pain; limiting instrumental ADL,Severe pain; limiting self care ADL,-,-,A disorder characterized by a sensation of marked discomfort in the rectal region.,-,40
Rectal perforation,Gastrointestinal disorders,CTCAE v5.0,,-,Invasive intervention not indicated,Invasive intervention indicated,Life-threatening consequences; urgent operative intervention indicated,Death,A disorder characterized by a rupture in the rectal wall.,-,40
Rectal stenosis,Gastrointestinal disorders,CTCAE v5.0,,Asymptomatic; clinical or diagnostic observations only; intervention not indicated,Symptomatic; altered GI function,Severely altered GI function; tube feeding or hospitalization indicated; elective operative intervention indicated,Life-threatening consequences; urgent operative intervention indicated,Death,A disorder characterized by a narrowing of the lumen of the rectum.,-,40
Rectal ulcer,Gastrointestinal disorders,CTCAE v5.0,,Asymptomatic; clinical or diagnostic observations only; intervention not indicated,"Symptomatic; altered GI function (e.g., altered dietary habits, vomiting, diarrhea)",Severely altered GI function; TPN indicated; elective invasive intervention indicated,Life-threatening consequences; urgent operative intervention indicated,Death,"A disorder characterized by a circumscribed, erosive lesion on the mucosal surface of the rectum.",-,40
Retroperitoneal hemorrhage,Gastrointestinal disorders,CTCAE v5.0,,-,Self-limited; intervention indicated,Transfusion indicated; invasive intervention indicated; hospitalization,Life-threatening consequences; urgent intervention indicated,Death,A disorder characterized by bleeding from the retroperitoneal area.,-,41
Salivary duct inflammation,Gastrointestinal disorders,CTCAE v5.0,,"Slightly thickened saliva; slightly altered taste (e.g., metallic)","Thick, ropy, sticky saliva; markedly altered taste; alteration in diet indicated; secretion-induced symptoms; limiting instrumental ADL","Acute salivary gland necrosis; severe secretion-induced symptoms (e.g., thick saliva/oral secretions or gagging); tube feeding or TPN indicated; limiting self care ADL",Life-threatening consequences; urgent intervention indicated,Death,A disorder characterized by inflammation of the salivary duct.,-,41
Salivary gland fistula,Gastrointestinal disorders,CTCAE v5.0,,Asymptomatic,"Symptomatic, invasive intervention not indicated",Invasive intervention indicated,Life-threatening consequences; urgent intervention indicated,Death,A disorder characterized by an abnormal communication between a salivary gland and another organ or anatomic site.,-,41
Small intestinal mucositis,Gastrointestinal disorders,CTCAE v5.0,,Asymptomatic or mild symptoms; intervention not indicated,Symptomatic; medical intervention indicated; limiting instrumental ADL,"Severe pain; interfering with oral intake; tube feeding, TPN or hospitalization indicated; limiting self care ADL",Life-threatening consequences; urgent intervention indicated,Death,A disorder characterized by ulceration or inflammation of the mucous membrane of the small intestine.,-,41
Small intestinal obstruction,Gastrointestinal disorders,CTCAE v5.0,,Asymptomatic; clinical or diagnostic observations only; intervention not indicated,Symptomatic; altered GI function; limiting instrumental ADL,Hospitalization indicated; invasive intervention indicated; limiting self care ADL,Life-threatening consequences; urgent operative intervention indicated,Death,A disorder characterized by blockage of the normal flow of the intestinal contents of the small intestine.,-,41
Small intestinal perforation,Gastrointestinal disorders,CTCAE v5.0,,-,Invasive intervention not indicated,Invasive intervention indicated,Life-threatening consequences; urgent operative intervention indicated,Death,A disorder characterized by a rupture in the small intestine wall.,-,41
Small intestinal stenosis,Gastrointestinal disorders,CTCAE v5.0,,Asymptomatic; clinical or diagnostic observations only; intervention not indicated,Symptomatic; altered GI function,"Symptomatic and severely altered GI function; tube feeding, TPN or hospitalization indicated; non- emergent operative intervention indicated",Life-threatening consequences; urgent operative intervention indicated,Death,A disorder characterized by a narrowing of the lumen of the small intestine.,-,42
Small intestine ulcer,Gastrointestinal disorders,CTCAE v5.0,,Asymptomatic; clinical or diagnostic observations only; intervention not indicated,Symptomatic; altered GI function; limiting instrumental ADL,Severely altered GI function; TPN indicated; elective invasive intervention indicated; limiting self care ADL,Life-threatening consequences; urgent operative intervention indicated,Death,"A disorder characterized by a circumscribed, erosive lesion on the mucosal surface of the small intestine.",-,42
Stomach pain,Gastrointestinal disorders,CTCAE v5.0,,Mild pain,Moderate pain; limiting instrumental ADL,Severe pain; limiting self care ADL,-,-,A disorder characterized by a sensation of marked discomfort in the stomach.,-,42
Tooth development disorder,Gastrointestinal disorders,CTCAE v5.0,,Asymptomatic; hypoplasia of tooth or enamel,Impairment correctable with oral surgery,Maldevelopment with impairment not surgically correctable; limiting self care ADL,-,-,A disorder characterized by a pathological process of the teeth occurring during tooth development.,-,42
Tooth discoloration,Gastrointestinal disorders,CTCAE v5.0,,Surface stains,-,-,-,-,A disorder characterized by a change in tooth hue or tint.,-,42
Toothache,Gastrointestinal disorders,CTCAE v5.0,,Mild pain,Moderate pain; limiting instrumental ADL,Severe pain; limiting self care ADL,-,-,A disorder characterized by a sensation of marked discomfort in the tooth.,-,42
Typhlitis,Gastrointestinal disorders,CTCAE v5.0,,-,-,"Symptomatic (e.g., abdominal pain, fever, change in bowel habits with ileus); peritoneal signs",Life-threatening consequences; urgent operative intervention indicated,Death,A disorder characterized by necrotizing enterocolitis in neutropenic patients.,Also report Investigations: Neutrophil count decreased,43
Upper gastrointestinal hemorrhage,Gastrointestinal disorders,CTCAE v5.0,,Mild symptoms; intervention not indicated,Moderate symptoms; intervention indicated,Transfusion indicated; invasive intervention indicated; hospitalization,Life-threatening consequences; urgent intervention indicated,Death,"A disorder characterized by bleeding from the upper gastrointestinal tract (oral cavity, pharynx, esophagus, and stomach).",-,43
Visceral arterial ischemia,Gastrointestinal disorders,CTCAE v5.0,,-,Brief (<24 hrs) episode of ischemia managed medically and without permanent deficit,Prolonged (≥24 hrs) or recurring symptoms and/or invasive intervention indicated,Life-threatening consequences; evidence of end organ damage; urgent operative intervention indicated,Death,A disorder characterized by a decrease in blood supply due to narrowing or blockage of a visceral (mesenteric) artery.,-,43
Vomiting,Gastrointestinal disorders,CTCAE v5.0,,Intervention not indicated,Outpatient IV hydration; medical intervention indicated,"Tube feeding, TPN, or hospitalization indicated",Life-threatening consequences,Death,A disorder characterized by the reflexive act of ejecting the contents of the stomach through the mouth.,-,43
"Gastrointestinal disorders - Other, specify",Gastrointestinal disorders,CTCAE v5.0,,Asymptomatic or mild symptoms; clinical or diagnostic observations only; intervention not indicated,"Moderate; minimal, local or noninvasive intervention indicated; limiting age-appropriate instrumental ADL",Severe or medically significant but not immediately life-threatening; hospitalization or prolongation of existing hospitalization indicated; limiting self care ADL,Life-threatening consequences; urgent intervention indicated,Death,-,-,43
Chills,General disorders and administration site conditions,CTCAE v5.0,,Mild sensation of cold; shivering; chattering of teeth,Moderate tremor of the entire body; narcotics indicated,"Severe or prolonged, not responsive to narcotics",-,-,A disorder characterized by a sensation of cold that often marks a physiologic response to sweating after a fever.,-,44
Death neonatal,General disorders and administration site conditions,CTCAE v5.0,,-,-,-,Neonatal loss of life,-,Newborn death occurring during the first 28 days after birth.,-,44
Death NOS,General disorders and administration site conditions,CTCAE v5.0,,-,-,-,-,Death,Death that cannot be attributed to a CTCAE term associated with Grade 5.,"If death is due to an AE (ex., Cardiac disorders: Cardiac arrest), report as a Grade 5 event under that AE.",44
Disease progression,General disorders and administration site conditions,CTCAE v5.0,,-,-,-,-,Death,Death due to disease progression that cannot be attributed to a CTCAE term associated with Grade 5.,"If death is due to an AE (ex., Cardiac disorders: Cardiac arrest), report as a Grade 5 event under that AE.",44
Edema face,General disorders and administration site conditions,CTCAE v5.0,,Localized facial edema,Moderate localized facial edema; limiting instrumental ADL,Severe swelling; limiting self care ADL,-,-,A disorder characterized by swelling due to excessive fluid accumulation in facial tissues.,-,44
Edema limbs,General disorders and administration site conditions,CTCAE v5.0,,5 - 10% inter-limb discrepancy in volume or circumference at point of greatest visible difference; swelling or obscuration of anatomic architecture on close inspection,>10 - 30% inter-limb discrepancy in volume or circumference at point of greatest visible difference; readily apparent obscuration of anatomic architecture; obliteration of skin folds; readily apparent deviation from normal anatomic contour; limiting instrumental ADL,>30% inter-limb discrepancy in volume; gross deviation from normal anatomic contour; limiting self care ADL,-,-,A disorder characterized by swelling due to excessive fluid accumulation in the upper or lower extremities.,-,44
Edema trunk,General disorders and administration site conditions,CTCAE v5.0,,Swelling or obscuration of anatomic architecture on close inspection,Readily apparent obscuration of anatomic architecture; obliteration of skin folds; readily apparent deviation from normal anatomic contour; limiting instrumental ADL,Gross deviation from normal anatomic contour; limiting self care ADL,-,-,A disorder characterized by swelling due to excessive fluid accumulation in the trunk area.,-,45
Facial pain,General disorders and administration site conditions,CTCAE v5.0,,Mild pain,Moderate pain; limiting instrumental ADL,Severe pain; limiting self care ADL,-,-,A disorder characterized by a sensation of marked discomfort in the face.,-,45
Fatigue,General disorders and administration site conditions,CTCAE v5.0,,Fatigue relieved by rest,Fatigue not relieved by rest; limiting instrumental ADL,"Fatigue not relieved by rest, limiting self care ADL",-,-,A disorder characterized by a state of generalized weakness with a pronounced inability to summon sufficient energy to accomplish daily activities.,-,45
Fever,General disorders and administration site conditions,CTCAE v5.0,,38.0 - 39.0 degrees C (100.4 - 102.2 degrees F),>39.0 - 40.0 degrees C (102.3 - 104.0 degrees F),>40.0 degrees C (>104.0 degrees F) for ≤24 hrs,>40.0 degrees C (>104.0 degrees F) for >24 hrs,Death,A disorder characterized by elevation of the body's temperature above the upper limit of normal.,-,45
Flu like symptoms,General disorders and administration site conditions,CTCAE v5.0,,Mild flu-like symptoms present,Moderate symptoms; limiting instrumental ADL,Severe symptoms; limiting self care ADL,-,-,"A disorder characterized by a group of symptoms similar to those observed in patients with the flu. It includes fever, chills, body aches, malaise, loss of appetite and dry cough.","Synonym: Flu, Influenza",45
Gait disturbance,General disorders and administration site conditions,CTCAE v5.0,,"Mild change in gait (e.g., wide-based, limping or hobbling)","Moderate change in gait (e.g., wide-based, limping or hobbling); assistive device indicated; limiting instrumental ADL",Limiting self care ADL,-,-,A disorder characterized by walking difficulties.,-,45
Generalized edema,General disorders and administration site conditions,CTCAE v5.0,,Noted on exam; 1+ pitting edema,Interfering with instrumental ADLs; oral therapy initiated,Interferes with self care ADL; intravenous therapy indicated; skin breakdown,Life-threatening consequences,-,A disorder characterized by fluid accumulation in the tissues of the body including the skin.,-,46
Hypothermia,General disorders and administration site conditions,CTCAE v5.0,,-,35 - >32 degrees C; 95 - >89.6 degrees F,32 - >28 degrees C; 89.6 - >82.4 degrees F,"≤28 degrees C; 82.4 degrees F; life-threatening consequences (e.g., coma, hypotension, pulmonary edema, acidemia, ventricular fibrillation)",Death,A disorder characterized by an abnormally low body temperature. Treatment is required when the body temperature is 35C (95F) or below.,-,46
Infusion site extravasation,General disorders and administration site conditions,CTCAE v5.0,,Painless edema,"Erythema with associated symptoms (e.g., edema, pain, induration, phlebitis)",Ulceration or necrosis; severe tissue damage; operative intervention indicated,Life-threatening consequences; urgent intervention indicated,Death,"A disorder characterized by leakage of the infusion into the surrounding tissue. Signs and symptoms may include induration, erythema, swelling, burning sensation and marked discomfort at the infusion site.",-,46
Injection site reaction,General disorders and administration site conditions,CTCAE v5.0,,"Tenderness with or without associated symptoms (e.g., warmth, erythema, itching)",Pain; lipodystrophy; edema; phlebitis,Ulceration or necrosis; severe tissue damage; operative intervention indicated,Life-threatening consequences; urgent intervention indicated,Death,A disorder characterized by an intense adverse reaction (usually immunologic) developing at the site of an injection.,-,46
Localized edema,General disorders and administration site conditions,CTCAE v5.0,,"Localized to dependent areas, no disability or functional impairment",Moderate localized edema and intervention indicated; limiting instrumental ADL,Severe localized edema and intervention indicated; limiting self care ADL,-,-,A disorder characterized by swelling due to excessive fluid accumulation at a specific anatomic site.,"Prior to using this term consider specific edema areas: General disorders and administration site conditions: Edema face, Edema limbs, Edema trunk, or Edema neck; Nervous system disorders: Edema cerebral; Reproductive system and breast disorders: Genital edema; Respiratory, thoracic and mediastinal disorders: Laryngeal edema or Pulmonary edema; Skin and subcutaneous tissue disorders: Periorbital edema; Vascular disorders: Lymphedema",46
Malaise,General disorders and administration site conditions,CTCAE v5.0,,Uneasiness or lack of well being,Uneasiness or lack of well being limiting instrumental ADL,Uneasiness or lack of well being limiting self-care ADL,-,-,"A disorder characterized by a feeling of general discomfort or uneasiness, an out-of-sorts feeling.",-,46
Multi-organ failure,General disorders and administration site conditions,CTCAE v5.0,,-,-,Shock with azotemia and acid- base disturbances; significant coagulation abnormalities,"Life-threatening consequences (e.g., vasopressor dependent and oliguric or anuric or ischemic colitis or lactic acidosis)",Death,"A disorder characterized by progressive deterioration of the lungs, liver, kidney and clotting mechanisms.",-,47
Neck edema,General disorders and administration site conditions,CTCAE v5.0,,Asymptomatic localized neck edema,Moderate neck edema; slight obliteration of anatomic landmarks; limiting instrumental ADL,"Generalized neck edema (e.g., difficulty in turning neck); limiting self care ADL",Vascular or respiratory impairment requiring urgent intervention,-,A disorder characterized by swelling due to an accumulation of excessive fluid in the neck.,-,47
Non-cardiac chest pain,General disorders and administration site conditions,CTCAE v5.0,,Mild pain,Moderate pain; limiting instrumental ADL,Severe pain; limiting self care ADL,-,-,A disorder characterized by a sensation of marked discomfort in the chest unrelated to a heart disorder.,-,47
Pain,General disorders and administration site conditions,CTCAE v5.0,,Mild pain,Moderate pain; limiting instrumental ADL,Severe pain; limiting self care ADL,-,-,"A disorder characterized by the sensation of marked discomfort, distress or agony.",Prior to using this term consider using a specific body part pain term found throughout the CTCAE (over 40 different pain terms).,47
Sudden death NOS,General disorders and administration site conditions,CTCAE v5.0,,-,-,-,-,Death,An unexpected death that cannot be attributed to a CTCAE term associated with Grade 5.,"If death is due to an AE (ex., Cardiac disorders: Cardiac arrest), report as a Grade 5 event under that AE.",47
Vaccination site lymphadenopathy,General disorders and administration site conditions,CTCAE v5.0,,Local lymph node enlargement,Localized ulceration; generalized lymph node enlargement,-,-,-,A disorder characterized by lymph node enlargement after vaccination.,-,47
"General disorders and administration site conditions - Other, specify",General disorders and administration site conditions,CTCAE v5.0,,Asymptomatic or mild symptoms; clinical or diagnostic observations only; intervention not indicated,"Moderate; minimal, local or noninvasive intervention indicated; limiting age-appropriate instrumental ADL",Severe or medically significant but not immediately life-threatening; hospitalization or prolongation of existing hospitalization indicated; limiting self care ADL,Life-threatening consequences; urgent intervention indicated,Death,-,-,47
Bile duct stenosis,Hepatobiliary disorders,CTCAE v5.0,,Asymptomatic; clinical or diagnostic observations only; intervention not indicated,Symptomatic; altered GI function; IV fluids indicated <24 hrs,Severely altered GI function; invasive intervention indicated,Life-threatening consequences; urgent operative intervention indicated,Death,A disorder characterized by a narrowing of the lumen of the bile duct.,-,48
Biliary fistula,Hepatobiliary disorders,CTCAE v5.0,,-,"Symptomatic, invasive intervention not indicated",Invasive intervention indicated,Life-threatening consequences; urgent intervention indicated,Death,A disorder characterized by an abnormal communication between the bile ducts and another organ or anatomic site.,-,48
Budd-Chiari syndrome,Hepatobiliary disorders,CTCAE v5.0,,-,Medical management indicated,Severe or medically significant but not immediately life-threatening; hospitalization or prolongation of existing hospitalization indicated; asterixis; mild encephalopathy,Life-threatening consequences; moderate to severe encephalopathy; coma,Death,"A disorder characterized by occlusion of the hepatic veins and typically presents with abdominal pain, ascites and hepatomegaly.",-,48
Cholecystitis,Hepatobiliary disorders,CTCAE v5.0,,-,Symptomatic; medical intervention indicated,Severe symptoms; invasive intervention indicated,Life-threatening consequences; urgent operative intervention indicated,Death,A disorder characterized by inflammation involving the gallbladder. It may be associated with the presence of gallstones.,-,48
Gallbladder fistula,Hepatobiliary disorders,CTCAE v5.0,,Asymptomatic,"Symptomatic, invasive intervention not indicated",Invasive intervention indicated,Life-threatening consequences; urgent intervention indicated,Death,A disorder characterized by an abnormal communication between the gallbladder and another organ or anatomic site.,-,48
Gallbladder necrosis,Hepatobiliary disorders,CTCAE v5.0,,-,-,-,Life-threatening consequences; urgent invasive intervention indicated,Death,A disorder characterized by a necrotic process occurring in the gallbladder.,-,48
Gallbladder obstruction,Hepatobiliary disorders,CTCAE v5.0,,Asymptomatic; clinical or diagnostic observations only; intervention not indicated,Symptomatic; altered GI function; IV fluids indicated <24 hrs,"Symptomatic and severely altered GI function; tube feeding, TPN or hospitalization indicated; non- emergent operative intervention indicated",Life-threatening consequences; urgent operative intervention indicated,Death,A disorder characterized by blockage of the normal flow of the contents of the gallbladder.,-,49
Gallbladder pain,Hepatobiliary disorders,CTCAE v5.0,,Mild pain,Moderate pain; limiting instrumental ADL,Severe pain; limiting self care ADL,-,-,A disorder characterized by a sensation of marked discomfort in the gallbladder region.,-,49
Gallbladder perforation,Hepatobiliary disorders,CTCAE v5.0,,-,-,-,Life-threatening consequences; urgent intervention indicated,Death,A disorder characterized by a rupture in the gallbladder wall.,-,49
Hepatic failure,Hepatobiliary disorders,CTCAE v5.0,,-,-,Asterixis; mild encephalopathy; drug- induced liver injury (DILI); limiting self care ADL,Life-threatening consequences; moderate to severe encephalopathy; coma,Death,"A disorder characterized by the inability of the liver to metabolize chemicals in the body. Laboratory test results reveal abnormal plasma levels of ammonia, bilirubin, lactic dehydrogenase, alkaline phosphatase, aminotransferase, and/or prolongation of prothrombin time (INR.) Drug-induced liever injury (DILI) as defined by Hy's Law.",-,49
Hepatic hemorrhage,Hepatobiliary disorders,CTCAE v5.0,,Mild symptoms; intervention not indicated,Moderate symptoms; intervention indicated,Transfusion indicated; invasive intervention indicated; hospitalization,Life-threatening consequences; urgent intervention indicated,Death,A disorder characterized by bleeding from the liver.,-,49
Hepatic necrosis,Hepatobiliary disorders,CTCAE v5.0,,-,-,-,Life-threatening consequences; urgent invasive intervention indicated,Death,A disorder characterized by a necrotic process occurring in the hepatic parenchyma.,-,49
Hepatic pain,Hepatobiliary disorders,CTCAE v5.0,,Mild pain,Moderate pain; limiting instrumental ADL,Severe pain; limiting self care ADL,-,-,A disorder characterized by a sensation of marked discomfort in the liver region.,-,50
Perforation bile duct,Hepatobiliary disorders,CTCAE v5.0,,-,-,Invasive intervention indicated,Life-threatening consequences; urgent operative intervention indicated,Death,A disorder characterized by a rupture in the wall of the extrahepatic or intrahepatic bile duct.,-,50
Portal hypertension,Hepatobiliary disorders,CTCAE v5.0,,-,Decreased portal vein flow,Reversal/retrograde portal vein flow; associated with varices and/or ascites,Life-threatening consequences; urgent intervention indicated,Death,A disorder characterized by an increase in blood pressure in the portal venous system.,-,50
Portal vein thrombosis,Hepatobiliary disorders,CTCAE v5.0,,-,Intervention not indicated,Medical intervention indicated,Life-threatening consequences; urgent intervention indicated,Death,A disorder characterized by the formation of a thrombus (blood clot) in the portal vein.,-,50
Sinusoidal obstruction syndrome,Hepatobiliary disorders,CTCAE v5.0,,-,"Blood bilirubin 2-5 mg/dL; minor interventions required (i.e., blood product, diuretic, oxygen)","Blood bilirubin >5 mg/dL; coagulation modifier indicated (e.g., defibrotide); reversal of flow on ultrasound","Life-threatening consequences (e.g., ventilatory support, dialysis, plasmapheresis, peritoneal drainage)",Death,A disorder characterized by severe hepatic injury as a result of the blood vessels of the liver becoming inflamed and/or blocked.,-,50
"Hepatobiliary disorders - Other, specify",Hepatobiliary disorders,CTCAE v5.0,,Asymptomatic or mild symptoms; clinical or diagnostic observations only; intervention not indicated,"Moderate; minimal, local or noninvasive intervention indicated; limiting age-appropriate instrumental ADL",Severe or medically significant but not immediately life-threatening; hospitalization or prolongation of existing hospitalization indicated; limiting self care ADL,Life-threatening consequences; urgent intervention indicated,Death,-,-,50
Allergic reaction,Immune system disorders,CTCAE v5.0,,Systemic intervention not indicated,Oral intervention indicated,Bronchospasm; hospitalization indicated for clinical sequelae; intravenous intervention indicated,Life-threatening consequences; urgent intervention indicated,Death,A disorder characterized by an adverse local or general response from exposure to an allergen.,"If related to infusion, use Injury, poisoning and procedural complications: Infusion related reaction. Do not report both.",51
Anaphylaxis,Immune system disorders,CTCAE v5.0,,-,-,"Symptomatic bronchospasm, with or without urticaria; parenteral intervention indicated; allergy-related edema/angioedema; hypotension",Life-threatening consequences; urgent intervention indicated,Death,"A disorder characterized by an acute inflammatory reaction resulting from the release of histamine and histamine-like substances from mast cells, causing a hypersensitivity immune response. Clinically, it presents with breathing difficulty, dizziness, hypotension, cyanosis and loss of consciousness and may lead to death.",-,51
Autoimmune disorder,Immune system disorders,CTCAE v5.0,,"Asymptomatic; serologic or other evidence of autoimmune reaction, with normal organ function; intervention not indicated","Evidence of autoimmune reaction involving a non- essential organ or function (e.g., hypothyroidism)","Autoimmune reactions involving major organ (e.g., colitis, anemia, myocarditis, kidney)",Life-threatening consequences; urgent intervention indicated,Death,"A disorder characterized by loss of function or tissue destruction of an organ or multiple organs, arising from humoral or cellular immune responses of the individual to his own tissue constituents.",Prior to using this term consider specific autoimmune AEs,51
Cytokine release syndrome,Immune system disorders,CTCAE v5.0,,Fever with or without constitutional symptoms,Hypotension responding to fluids; hypoxia responding to <40% O2,Hypotension managed with one pressor; hypoxia requiring ≥ 40% O2,Life-threatening consequences; urgent intervention indicated,Death,"A disorder characterized by fever, tachypnea, headache, tachycardia, hypotension, rash, and/or hypoxia caused by the release of cytokines.","Also consider reporting other organ dysfunctions including neurological toxicities such as: Psychiatric disorders: Hallucinations or Confusion; Nervous system disorders: Seizure, Dysphasia, Tremor, or Headache",51
Serum sickness,Immune system disorders,CTCAE v5.0,,Asymptomatic; clinical or diagnostic observations only; intervention not indicated,"Moderate arthralgia; fever, rash, urticaria, antihistamines indicated",Severe arthralgia or arthritis; extensive rash; steroids or IV fluids indicated,Life-threatening consequences; pressor or ventilatory support indicated,Death,"A disorder characterized by a delayed-type hypersensitivity reaction to foreign proteins derived from an animal serum. It occurs approximately six to twenty-one days following the administration of the foreign antigen. Symptoms include fever, arthralgias, myalgias, skin eruptions, lymphadenopathy, chest marked discomfort and dyspnea.",-,51
"Immune system disorders - Other, specify",Immune system disorders,CTCAE v5.0,,Asymptomatic or mild symptoms; clinical or diagnostic observations only; intervention not indicated,"Moderate; minimal, local or noninvasive intervention indicated; limiting age-appropriate instrumental ADL",Severe or medically significant but not immediately life-threatening; hospitalization or prolongation of existing hospitalization indicated; limiting self care ADL,Life-threatening consequences; urgent intervention indicated,Death,-,-,52
Abdominal infection,Infections and infestations,CTCAE v5.0,,-,"Oral intervention indicated (e.g., antibiotic, antifungal, or antiviral)","IV antibiotic, antifungal, or antiviral intervention indicated; invasive intervention indicated",Life-threatening consequences; urgent intervention indicated,Death,A disorder characterized by an infectious process involving the abdominal cavity.,-,53
Anorectal infection,Infections and infestations,CTCAE v5.0,,"Localized, local intervention indicated","Oral intervention indicated (e.g., antibiotic, antifungal, or antiviral)","IV antibiotic, antifungal, or antiviral intervention indicated; invasive intervention indicated",Life-threatening consequences; urgent intervention indicated,Death,A disorder characterized by an infectious process involving the anal area and the rectum.,-,53
Appendicitis,Infections and infestations,CTCAE v5.0,,-,-,"IV antibiotic, antifungal, or antiviral intervention indicated; invasive intervention indicated",Life-threatening consequences; urgent intervention indicated,Death,A disorder characterized by acute inflammation to the vermiform appendix caused by a pathogenic agent.,-,53
Appendicitis perforated,Infections and infestations,CTCAE v5.0,,-,-,Medical intervention indicated; operative intervention indicated,Life-threatening consequences; urgent intervention indicated,Death,A disorder characterized by acute inflammation to the vermiform appendix caused by a pathogenic agent with gangrenous changes resulting in the rupture of the appendiceal wall. The appendiceal wall rupture causes the release of inflammatory and bacterial contents from the appendiceal lumen into the abdominal cavity.,-,53
Arteritis infective,Infections and infestations,CTCAE v5.0,,-,-,"IV antibiotic, antifungal, or antiviral intervention indicated; invasive intervention indicated",Life-threatening consequences; urgent intervention indicated,Death,A disorder characterized by an infectious process involving an artery.,-,53
Bacteremia,Infections and infestations,CTCAE v5.0,,-,Blood culture positive with no signs or symptoms,-,-,-,A disorder characterized by the presence of bacteria in the blood stream.,"Consider Infections and infestations: Sepsis (Grades 3, 4 & 5)",53
Biliary tract infection,Infections and infestations,CTCAE v5.0,,-,"Oral intervention indicated (e.g., antibiotic, antifungal, or antiviral)","IV antibiotic, antifungal, or antiviral intervention indicated; invasive intervention indicated",Life-threatening consequences; urgent intervention indicated,Death,A disorder characterized by an infectious process involving the biliary tract.,-,54
Bladder infection,Infections and infestations,CTCAE v5.0,,-,"Oral intervention indicated (e.g., antibiotic, antifungal, or antiviral)","IV antibiotic, antifungal, or antiviral intervention indicated; invasive intervention indicated",Life-threatening consequences; urgent intervention indicated,Death,A disorder characterized by an infectious process involving the bladder.,-,54
Bone infection,Infections and infestations,CTCAE v5.0,,-,"Oral intervention indicated (e.g., antibiotic, antifungal, or antiviral)","IV antibiotic, antifungal, or antiviral intervention indicated; invasive intervention indicated",Life-threatening consequences; urgent intervention indicated,Death,A disorder characterized by an infectious process involving the bones.,-,54
Breast infection,Infections and infestations,CTCAE v5.0,,-,"Local infection with moderate symptoms; oral intervention indicated (e.g., antibiotic, antifungal, or antiviral)","IV antibiotic, antifungal, or antiviral intervention indicated; severe infection; axillary adenitis",Life-threatening consequences; urgent intervention indicated,Death,A disorder characterized by an infectious process involving the breast.,-,54
Bronchial infection,Infections and infestations,CTCAE v5.0,,-,"Moderate symptoms; oral intervention indicated (e.g., antibiotic, antifungal, or antiviral)","IV antibiotic, antifungal, or antiviral intervention indicated; invasive intervention indicated",Life-threatening consequences; urgent intervention indicated,Death,A disorder characterized by an infectious process involving the bronchi.,-,54
Catheter related infection,Infections and infestations,CTCAE v5.0,,-,"Localized; local intervention indicated; oral intervention indicated (e.g., antibiotic, antifungal, or antiviral)","IV antibiotic, antifungal, or antiviral intervention indicated; invasive intervention indicated",Life-threatening consequences; urgent intervention indicated,Death,A disorder characterized by an infectious process that arises secondary to catheter use.,-,54
Cecal infection,Infections and infestations,CTCAE v5.0,,-,"Localized; oral intervention indicated (e.g., antibiotic, antifungal, or antiviral)","IV antibiotic, antifungal, or antiviral intervention indicated; invasive intervention indicated",Life-threatening consequences; urgent intervention indicated,Death,A disorder characterized by an infectious process involving the cecum.,-,55
Cervicitis infection,Infections and infestations,CTCAE v5.0,,-,"Localized; local intervention indicated (e.g., topical antibiotic, antifungal, or antiviral)","IV antibiotic, antifungal, or antiviral intervention indicated; invasive intervention indicated",Life-threatening consequences; urgent intervention indicated,Death,A disorder characterized by an infectious process involving the uterine cervix.,-,55
Conjunctivitis,Infections and infestations,CTCAE v5.0,,Asymptomatic or mild symptoms; intervention not indicated,Symptomatic; moderate decrease in visual acuity (best corrected visual acuity 20/40 and better or 3 lines or less decreased vision from known baseline),"Symptomatic with marked decrease in visual acuity (best corrected visual acuity worse than 20/40 or more than 3 lines of decreased vision from known baseline, up to 20/200); limiting self care ADL",Best corrected visual acuity of 20/200 or worse in the affected eye,-,"A disorder characterized by inflammation, swelling and redness to the conjunctiva of the eye.",Consider Infections and infestations: Conjunctivitis infective if caused by infection,55
Conjunctivitis infective,Infections and infestations,CTCAE v5.0,,-,"Localized; local intervention indicated (e.g., topical antibiotic, antifungal, or antiviral)","IV antibiotic, antifungal, or antiviral intervention indicated; invasive intervention indicated",Life-threatening consequences; urgent intervention indicated,-,A disorder characterized by an infectious process involving the conjunctiva. Clinical manifestations include pink or red color in the eyes.,-,55
Corneal infection,Infections and infestations,CTCAE v5.0,,-,"Localized; local intervention indicated (e.g., topical antibiotic, antifungal, or antiviral)","IV antibiotic, antifungal, or antiviral intervention indicated; invasive intervention indicated",Life-threatening consequences; urgent intervention indicated,Death,A disorder characterized by an infectious process involving the cornea.,-,55
Cranial nerve infection,Infections and infestations,CTCAE v5.0,,-,-,"IV antibiotic, antifungal, or antiviral intervention indicated; invasive intervention indicated",Life-threatening consequences; urgent intervention indicated,Death,A disorder characterized by an infectious process involving a cranial nerve.,-,56
Cytomegalovirus infection reactivation,Infections and infestations,CTCAE v5.0,,Asymptomatic or mild symptoms; clinical or diagnostic observations only; intervention not indicated,Moderate symptoms; medical intervention indicated,Severe or medically significant but not immediately life-threatening; hospitalization or prolongation of existing hospitalization indicated; IV intervention indicated,Life-threatening consequences; urgent intervention indicated; blindness,Death,A disorder characterized by the reactivation of cytomegalovirus (CMV).,Synonym: CMV,56
Device related infection,Infections and infestations,CTCAE v5.0,,-,"Oral intervention indicated (e.g., antibiotic, antifungal)","IV antibiotic, antifungal, or antiviral intervention indicated; invasive intervention indicated",Life-threatening consequences; urgent intervention indicated,Death,A disorder characterized by an infectious process involving the use of a medical device.,-,56
Duodenal infection,Infections and infestations,CTCAE v5.0,,-,"Moderate symptoms; medical intervention indicated (e.g., oral antibiotics)","IV antibiotic, antifungal, or antiviral intervention indicated; invasive intervention indicated",Life-threatening consequences; urgent intervention indicated,Death,A disorder characterized by an infectious process involving the duodenum.,-,56
Encephalitis infection,Infections and infestations,CTCAE v5.0,,-,-,"IV antibiotic, antifungal, or antiviral intervention indicated; severe changes in mental status; self-limited seizure activity; focal neurologic abnormalities",Life-threatening consequences; urgent intervention indicated,Death,A disorder characterized by an infectious process involving the brain tissue.,-,56
Encephalomyelitis infection,Infections and infestations,CTCAE v5.0,,-,-,"IV antibiotic, antifungal, or antiviral intervention indicated; invasive intervention indicated",Life-threatening consequences; urgent intervention indicated,Death,A disorder characterized by an infectious process involving the brain and spinal cord tissues.,-,57
Endocarditis infective,Infections and infestations,CTCAE v5.0,,-,-,"IV antibiotic, antifungal, or antiviral intervention indicated; invasive intervention indicated",Life-threatening consequences; urgent intervention indicated,Death,A disorder characterized by an infectious process involving the endocardial layer of the heart.,-,57
Endophthalmitis,Infections and infestations,CTCAE v5.0,,-,Local intervention indicated,Systemic intervention; hospitalization indicated,Best corrected visual acuity of 20/200 or worse in the affected eye,-,A disorder characterized by an infectious process involving the internal structures of the eye.,-,57
Enterocolitis infectious,Infections and infestations,CTCAE v5.0,,-,"Passage of >3 unformed stools per 24 hrs or duration of illness >48 hrs; moderate abdominal pain; oral intervention indicated (e.g., antibiotic, antifungal, or antiviral)","IV antibiotic, antifungal, or antiviral intervention indicated; invasive intervention indicated; profuse watery diarrhea with signs of hypovolemia; bloody diarrhea; fever; severe abdominal pain; hospitalization indicated",Life-threatening consequences; urgent intervention indicated,Death,A disorder characterized by an infectious process involving the small and large intestines.,"Includes Clostridium difficile (c. diff, c. difficile).",57
Epstein-Barr virus infection reactivation,Infections and infestations,CTCAE v5.0,,Asymptomatic or mild symptoms; clinical or diagnostic observations only; intervention not indicated,Moderate symptoms; medical intervention indicated,Severe or medically significant but not immediately life-threatening; hospitalization or prolongation of existing hospitalization indicated; IV intervention indicated,Life-threatening consequences; urgent intervention indicated,Death,A disorder characterized by the reactivation of Epstein-Barr virus (EBV).,Synonym: EBV,57
Esophageal infection,Infections and infestations,CTCAE v5.0,,-,"Local intervention indicated (e.g., oral antibiotic, antifungal, antiviral)","IV antibiotic, antifungal, or antiviral intervention indicated; invasive intervention indicated",Life-threatening consequences; urgent intervention indicated,Death,A disorder characterized by an infectious process involving the esophagus.,-,58
Eye infection,Infections and infestations,CTCAE v5.0,,-,"Localized; local intervention indicated (e.g., topical antibiotic, antifungal, or antiviral)","IV antibiotic, antifungal, or antiviral intervention indicated; invasive intervention indicated",Life-threatening consequences; urgent intervention indicated; enucleation,Death,A disorder characterized by an infectious process involving the eye.,-,58
Folliculitis,Infections and infestations,CTCAE v5.0,,Covering <10% of the body surface area; no intervention indicated,Covering 10-30% of the body surface area; topical intervention initiated,>30% BSA; systemic intervention indicated,-,-,A disorder characterized by inflammation or infection of the hair follicles.,-,58
Fungemia,Infections and infestations,CTCAE v5.0,,-,Moderate symptoms; medical intervention indicated,Severe or medically significant but not immediately life-threatening; hospitalization or prolongation of existing hospitalization indicated,-,-,A disorder characterized by the presence of fungus in the blood stream.,-,58
Gallbladder infection,Infections and infestations,CTCAE v5.0,,-,"Oral intervention indicated (e.g., antibiotic, antifungal, or antiviral)","IV antibiotic, antifungal, or antiviral intervention indicated; invasive intervention indicated",Life-threatening consequences; urgent intervention indicated,Death,A disorder characterized by an infectious process involving the gallbladder.,-,58
Gum infection,Infections and infestations,CTCAE v5.0,,Local therapy indicated (swish and swallow),"Moderate symptoms; oral intervention indicated (e.g., antibiotic, antifungal, or antiviral)","IV antibiotic, antifungal, or antiviral intervention indicated; invasive intervention indicated",Life-threatening consequences; urgent intervention indicated,Death,A disorder characterized by an infectious process involving the gums.,-,58
Hepatic infection,Infections and infestations,CTCAE v5.0,,-,"Moderate symptoms; oral intervention indicated (e.g., antibiotic, antifungal, or antiviral)","IV antibiotic, antifungal, or antiviral intervention indicated; invasive intervention indicated",Life-threatening consequences; urgent intervention indicated,Death,A disorder characterized by an infectious process involving the liver.,-,59
Hepatitis B reactivation,Infections and infestations,CTCAE v5.0,,Asymptomatic or mild symptoms; clinical or diagnostic observations only; intervention not indicated,Moderate symptoms; medical intervention indicated,Severe or medically significant but not immediately life-threatening; hospitalization or prolongation of existing hospitalization indicated; IV intervention indicated,"Life-threatening consequences; urgent intervention indicated; severe decompensated liver function (e.g., coagulopathy, encephalopathy, coma)",Death,A disorder characterized by the reactivation of hepatitis B virus.,-,59
Hepatitis viral,Infections and infestations,CTCAE v5.0,,"Asymptomatic, intervention not indicated",Moderate symptoms; medical intervention indicated,Symptomatic liver dysfunction; fibrosis by biopsy; compensated cirrhosis; hospitalization or prolongation of existing hospitalization indicated,"Life-threatening consequences; severe decompensated liver function (e.g., coagulopathy, encephalopathy, coma)",Death,A disorder characterized by a viral pathologic process involving the liver parenchyma.,-,59
Herpes simplex reactivation,Infections and infestations,CTCAE v5.0,,Asymptomatic or mild symptoms; clinical or diagnostic observations only; intervention not indicated,Moderate symptoms; medical intervention indicated,Severe or medically significant but not immediately life-threatening; hospitalization or prolongation of existing hospitalization indicated; IV intervention indicated,Life-threatening consequences; urgent intervention indicated,Death,A disorder characterized by the reactivation of Herpes simplex virus.,-,59
Infective myositis,Infections and infestations,CTCAE v5.0,,-,"Localized; local intervention indicated (e.g., topical antibiotic, antifungal, or antiviral)","IV antibiotic, antifungal, or antiviral intervention indicated; invasive intervention indicated",Life-threatening consequences; urgent intervention indicated,Death,A disorder characterized by an infectious process involving the skeletal muscles.,-,59
Joint infection,Infections and infestations,CTCAE v5.0,,-,"Localized; local intervention indicated; oral intervention indicated (e.g., antibiotic, antifungal, or antiviral); needle aspiration indicated (single or multiple)","Arthroscopic intervention indicated (e.g., drainage) or arthrotomy (e.g., open surgical drainage)",Life-threatening consequences; urgent intervention indicated,Death,A disorder characterized by an infectious process involving a joint.,-,60
Kidney infection,Infections and infestations,CTCAE v5.0,,-,"Oral intervention indicated (e.g., antibiotic, antifungal, or antiviral)","IV antibiotic, antifungal, or antiviral intervention indicated; invasive intervention indicated",Life-threatening consequences; urgent intervention indicated,Death,A disorder characterized by an infectious process involving the kidney.,-,60
Laryngitis,Infections and infestations,CTCAE v5.0,,-,"Moderate symptoms; oral intervention indicated (e.g., antibiotic, antifungal, or antiviral)","IV antibiotic, antifungal, or antiviral intervention indicated; invasive intervention indicated",Life-threatening consequences; urgent intervention indicated,Death,A disorder characterized by an inflammatory process involving the larynx.,"For symptoms and no intervention, consider Respiratory, thoracic and mediastinal disorders: Sore throat or Hoarseness.",60
Lip infection,Infections and infestations,CTCAE v5.0,,"Localized, local intervention indicated","Oral intervention indicated (e.g., antibiotic, antifungal, or antiviral)","IV antibiotic, antifungal, or antiviral intervention indicated; invasive intervention indicated",-,-,A disorder characterized by an infectious process involving the lips.,-,60
Lung infection,Infections and infestations,CTCAE v5.0,,-,"Moderate symptoms; oral intervention indicated (e.g., antibiotic, antifungal, or antiviral)","IV antibiotic, antifungal, or antiviral intervention indicated; invasive intervention indicated",Life-threatening consequences; urgent intervention indicated,Death,"A disorder characterized by an infectious process involving the lungs, including pneumonia.","If infection is due to aspiration, consider reporting Respiratory, thoracic and mediastinal disorders: Apiration",60
Lymph gland infection,Infections and infestations,CTCAE v5.0,,-,"Localized; oral intervention indicated (e.g., antibiotic, antifungal, or antiviral)","IV antibiotic, antifungal, or antiviral intervention indicated; invasive intervention indicated",Life-threatening consequences; urgent intervention indicated,Death,A disorder characterized by an infectious process involving the lymph nodes.,-,61
Mediastinal infection,Infections and infestations,CTCAE v5.0,,-,-,"IV antibiotic, antifungal, or antiviral intervention indicated; invasive intervention indicated",Life-threatening consequences; urgent intervention indicated,Death,A disorder characterized by an infectious process involving the mediastinum.,-,61
Meningitis,Infections and infestations,CTCAE v5.0,,-,-,"IV antibiotic, antifungal, or antiviral intervention indicated; invasive intervention indicated; focal neurologic deficit",Life-threatening consequences; urgent intervention indicated,Death,A disorder characterized by acute inflammation of the meninges of the brain and/or spinal cord.,-,61
Mucosal infection,Infections and infestations,CTCAE v5.0,,"Localized, local intervention indicated","Oral intervention indicated (e.g., antibiotic, antifungal, or antiviral)","IV antibiotic, antifungal, or antiviral intervention indicated; invasive intervention indicated",Life-threatening consequences; urgent intervention indicated,Death,A disorder characterized by an infectious process involving a mucosal surface.,-,61
Myelitis,Infections and infestations,CTCAE v5.0,,"Asymptomatic; mild signs (e.g., Babinski's reflex or Lhermitte's sign)",Moderate weakness or sensory loss; limiting instrumental ADL,Severe weakness or sensory loss; limiting self care ADL,Life-threatening consequences; urgent intervention indicated,Death,"A disorder characterized by inflammation involving the spinal cord. Symptoms include weakness, paresthesia, sensory loss, marked discomfort and incontinence.",-,61
Nail infection,Infections and infestations,CTCAE v5.0,,"Localized, local intervention indicated","Oral intervention indicated (e.g., antibiotic, antifungal, or antiviral)","IV antibiotic, antifungal, or antiviral intervention indicated; invasive intervention indicated",-,-,A disorder characterized by an infectious process involving the nail.,-,61
Otitis externa,Infections and infestations,CTCAE v5.0,,"Localized, local intervention indicated","Oral intervention indicated (e.g., antibiotic, antifungal, or antiviral)","IV antibiotic, antifungal, or antiviral intervention indicated; invasive intervention indicated",Life-threatening consequences; urgent intervention indicated,Death,"A disorder characterized by an infectious process involving the outer ear and ear canal. Contributory factors include excessive water exposure (swimmer's ear infection) and cuts in the ear canal. Symptoms include fullness, itching, swelling and marked discomfort in the ear and ear drainage.","Changes associated with radiation to external ear (pinnae) are graded under Injury, poisoning and procedural complications: Dermatitis radiation",62
Otitis media,Infections and infestations,CTCAE v5.0,,-,"Localized; oral intervention indicated (e.g., antibiotic, antifungal, or antiviral)","IV antibiotic, antifungal, or antiviral intervention indicated; invasive intervention indicated",Life-threatening consequences; urgent intervention indicated,Death,A disorder characterized by an infectious process involving the middle ear.,-,62
Ovarian infection,Infections and infestations,CTCAE v5.0,,-,"Localized; oral intervention indicated (e.g., antibiotic, antifungal, or antiviral)","IV antibiotic, antifungal, or antiviral intervention indicated; invasive intervention indicated",Life-threatening consequences; urgent intervention indicated,Death,A disorder characterized by an infectious process involving the ovary.,-,62
Pancreas infection,Infections and infestations,CTCAE v5.0,,-,-,"IV antibiotic, antifungal, or antiviral intervention indicated; invasive intervention indicated",Life-threatening consequences; urgent intervention indicated,Death,A disorder characterized by an infectious process involving the pancreas.,-,62
Papulopustular rash,Infections and infestations,CTCAE v5.0,,"Papules and/or pustules covering <10% BSA, which may or may not be associated with symptoms of pruritus or tenderness","Papules and/or pustules covering 10-30% BSA, which may or may not be associated with symptoms of pruritus or tenderness; associated with psychosocial impact; limiting instrumental ADL; papules and/or pustules covering > 30% BSA with or without mild symptoms",Papules and/or pustules covering >30% BSA with moderate or severe symptoms; limiting self-care ADL; IV antibiotics indicated,Life-threatening consequences,Death,"A disorder characterized by an eruption consisting of papules (a small, raised pimple) and pustules (a small pus filled blister), typically appearing in face, scalp, and upper chest and back. Unlike acne, this rash does not present with whiteheads or blackheads, and can be symptomatic, with itchy or tender lesions.",-,63
Paronychia,Infections and infestations,CTCAE v5.0,,Nail fold edema or erythema; disruption of the cuticle,"Local intervention indicated; oral intervention indicated (e.g., antibiotic, antifungal, antiviral); nail fold edema or erythema with pain; associated with discharge or nail plate separation; limiting instrumental ADL",Operative intervention indicated; IV antibiotics indicated; limiting self care ADL,-,-,A disorder characterized by an infectious process involving the soft tissues around the nail.,-,63
Pelvic infection,Infections and infestations,CTCAE v5.0,,-,"Moderate symptoms; oral intervention indicated (e.g., antibiotic, antifungal, or antiviral)","IV antibiotic, antifungal, or antiviral intervention indicated; invasive intervention indicated",Life-threatening consequences; urgent intervention indicated,Death,A disorder characterized by an infectious process involving the pelvic cavity.,-,63
Penile infection,Infections and infestations,CTCAE v5.0,,"Localized, local intervention indicated","Oral intervention indicated (e.g., antibiotic, antifungal, or antiviral)","IV antibiotic, antifungal, or antiviral intervention indicated; invasive intervention indicated",Life-threatening consequences; urgent intervention indicated,Death,A disorder characterized by an infectious process involving the penis.,-,63
Periorbital infection,Infections and infestations,CTCAE v5.0,,-,"Localized; local intervention indicated (e.g., topical antibiotic, antifungal, or antiviral)","IV antibiotic, antifungal, or antiviral intervention indicated; invasive intervention indicated",Life-threatening consequences; urgent intervention indicated,Death,A disorder characterized by an infectious process involving the orbit of the eye.,-,64
Peripheral nerve infection,Infections and infestations,CTCAE v5.0,,-,"Localized; local intervention indicated (e.g., topical antibiotic, antifungal, or antiviral)","IV antibiotic, antifungal, or antiviral intervention indicated; invasive intervention indicated",Life-threatening consequences; urgent intervention indicated,Death,A disorder characterized by an infectious process involving the peripheral nerves.,-,64
Peritoneal infection,Infections and infestations,CTCAE v5.0,,-,-,"IV antibiotic, antifungal, or antiviral intervention indicated; invasive intervention indicated",Life-threatening consequences; urgent intervention indicated,Death,A disorder characterized by an infectious process involving the peritoneum.,-,64
Pharyngitis,Infections and infestations,CTCAE v5.0,,-,"Oral intervention indicated (e.g., antibiotic, antifungal, or antiviral)","IV antibiotic, antifungal, or antiviral intervention indicated; invasive intervention indicated",Life-threatening consequences; urgent intervention indicated,Death,A disorder characterized by inflammation of the throat.,"For Grade 1 Consider Respiratory, thoracic and mediastinal disorders: Sore throat",64
Phlebitis infective,Infections and infestations,CTCAE v5.0,,"Localized, local intervention indicated","Oral intervention indicated (e.g., antibiotic, antifungal, or antiviral)","IV antibiotic, antifungal, or antiviral intervention indicated; invasive intervention indicated",Life-threatening consequences; urgent intervention indicated,Death,"A disorder characterized by an infectious process involving the vein. Clinical manifestations include erythema, marked discomfort, swelling, and induration along the course of the infected vein.",-,64
Pleural infection,Infections and infestations,CTCAE v5.0,,-,"Oral intervention indicated (e.g., antibiotic, antifungal, or antiviral)","IV antibiotic, antifungal, or antiviral intervention indicated; invasive intervention indicated",Life-threatening consequences; urgent intervention indicated,Death,A disorder characterized by an infectious process involving the pleura.,-,65
Prostate infection,Infections and infestations,CTCAE v5.0,,-,"Moderate symptoms; oral intervention indicated (e.g., antibiotic, antifungal, or antiviral)","IV antibiotic, antifungal, or antiviral intervention indicated; invasive intervention indicated",Life-threatening consequences; urgent intervention indicated,Death,A disorder characterized by an infectious process involving the prostate gland.,-,65
Rash pustular,Infections and infestations,CTCAE v5.0,,-,"Localized; local intervention indicated (e.g., topical antibiotic, antifungal, or antiviral)","IV antibiotic, antifungal, or antiviral intervention indicated; invasive intervention indicated",-,-,A disorder characterized by a circumscribed and elevated skin lesion filled with pus.,Synonym: Boil,65
Rhinitis infective,Infections and infestations,CTCAE v5.0,,-,Localized; local intervention indicated,-,-,-,A disorder characterized by an infectious process involving the nasal mucosal.,-,65
Salivary gland infection,Infections and infestations,CTCAE v5.0,,-,"Moderate symptoms; oral intervention indicated (e.g., antibiotic, antifungal, or antiviral)","IV antibiotic, antifungal, or antiviral intervention indicated; invasive intervention indicated",Life-threatening consequences; urgent intervention indicated,Death,A disorder characterized by an infectious process involving the salivary gland.,-,65
Scrotal infection,Infections and infestations,CTCAE v5.0,,"Localized, local intervention indicated","Oral intervention indicated (e.g., antibiotic, antifungal, or antiviral)","IV antibiotic, antifungal, or antiviral intervention indicated; invasive intervention indicated",Life-threatening consequences; urgent intervention indicated,Death,A disorder characterized by an infectious process involving the scrotum.,-,65
Sepsis,Infections and infestations,CTCAE v5.0,,-,-,Blood culture positive with signs or symptoms; treatment indicated,Life-threatening consequences; urgent intervention indicated,Death,A disorder characterized by the presence of pathogenic microorganisms in the blood stream that cause a rapidly progressing systemic reaction that may lead to shock.,Includes SIRS. Also consider Infections and infestations: Bacteremia (Grade 2),66
Shingles,Infections and infestations,CTCAE v5.0,,"Localized, local intervention indicated",Local infection with moderate symptoms; oral intervention indicated; limiting age-appropriate instrumental ADL,Severe or medically significant but not immediately life-threatening; hospitalization or prolongation of existing hospitalization indicated; IV intervention indicated; limiting self-care ADL,Life-threatening consequences; urgent intervention indicated,Death,A disorder characterized by the reactivation of herpes zoster virus.,Synonym: Herpes zoster,66
Sinusitis,Infections and infestations,CTCAE v5.0,,-,"Localized; oral intervention indicated (e.g., antibiotic, antifungal, or antiviral)","IV antibiotic, antifungal, or antiviral intervention indicated; invasive intervention indicated",Life-threatening consequences; urgent intervention indicated,Death,A disorder characterized by an infectious process involving the mucous membranes of the paranasal sinuses.,-,66
Skin infection,Infections and infestations,CTCAE v5.0,,"Localized, local intervention indicated","Oral intervention indicated (e.g., antibiotic, antifungal, or antiviral)","IV antibiotic, antifungal, or antiviral intervention indicated; invasive intervention indicated",Life-threatening consequences; urgent intervention indicated,Death,A disorder characterized by an infectious process involving the skin such as cellulitis.,-,66
Small intestine infection,Infections and infestations,CTCAE v5.0,,-,"Moderate symptoms; oral intervention indicated (e.g., antibiotic, antifungal, or antiviral)","IV antibiotic, antifungal, or antiviral intervention indicated; invasive intervention indicated",Life-threatening consequences; urgent intervention indicated,Death,A disorder characterized by an infectious process involving the small intestine.,-,66
Soft tissue infection,Infections and infestations,CTCAE v5.0,,-,"Localized; oral intervention indicated (e.g., antibiotic, antifungal, or antiviral)","IV antibiotic, antifungal, or antiviral intervention indicated; invasive intervention indicated",Life-threatening consequences; urgent intervention indicated,Death,A disorder characterized by an infectious process involving soft tissues.,-,67
Splenic infection,Infections and infestations,CTCAE v5.0,,-,-,"IV antibiotic, antifungal, or antiviral intervention indicated; invasive intervention indicated",Life-threatening consequences; urgent intervention indicated,Death,A disorder characterized by an infectious process involving the spleen.,-,67
Stoma site infection,Infections and infestations,CTCAE v5.0,,"Localized, local intervention indicated","Oral intervention indicated (e.g., antibiotic, antifungal, or antiviral)","IV antibiotic, antifungal, or antiviral intervention indicated; invasive intervention indicated",Life-threatening consequences; urgent intervention indicated,Death,A disorder characterized by an infectious process involving a stoma (surgically created opening on the surface of the body).,-,67
Thrush,Infections and infestations,CTCAE v5.0,,Asymptomatic; local symptomatic management,"Oral intervention indicated (e.g., antifungal)",IV antifungal intervention indicated,-,-,A disorder characterized by a suspected candidal infection involving an oral mucosal surface.,-,67
Tooth infection,Infections and infestations,CTCAE v5.0,,-,"Localized; local intervention indicated (e.g., topical antibiotic, antifungal, or antiviral)","IV antibiotic, antifungal, or antiviral intervention indicated; invasive intervention indicated",Life-threatening consequences; urgent intervention indicated,Death,A disorder characterized by an infectious process involving a tooth.,-,67
Tracheitis,Infections and infestations,CTCAE v5.0,,-,"Moderate symptoms; oral intervention indicated (e.g., antibiotic, antifungal, or antiviral)","IV antibiotic, antifungal, or antiviral intervention indicated; invasive intervention indicated",Life-threatening consequences; urgent intervention indicated,Death,A disorder characterized by an infectious process involving the trachea.,-,67
Upper respiratory infection,Infections and infestations,CTCAE v5.0,,-,"Moderate symptoms; oral intervention indicated (e.g., antibiotic, antifungal, or antiviral)","IV antibiotic, antifungal, or antiviral intervention indicated; invasive intervention indicated",Life-threatening consequences; urgent intervention indicated,Death,"A disorder characterized by an infectious process involving the upper respiratory tract (nose, paranasal sinuses, pharynx, larynx, or trachea).",-,68
Urethral infection,Infections and infestations,CTCAE v5.0,,-,"Localized; oral intervention indicated (e.g., antibiotic, antifungal, or antiviral)","IV antibiotic, antifungal, or antiviral intervention indicated; invasive intervention indicated",Life-threatening consequences; urgent intervention indicated,Death,A disorder characterized by an infectious process involving the urethra.,-,68
Urinary tract infection,Infections and infestations,CTCAE v5.0,,-,"Localized; oral intervention indicated (e.g., antibiotic, antifungal, or antiviral)","IV antibiotic, antifungal, or antiviral intervention indicated; invasive intervention indicated",Life-threatening consequences; urgent intervention indicated,Death,"A disorder characterized by an infectious process involving the urinary tract, most commonly the bladder and the urethra.",-,68
Uterine infection,Infections and infestations,CTCAE v5.0,,-,"Moderate symptoms; oral intervention indicated (e.g., antibiotic, antifungal, or antiviral)","IV antibiotic, antifungal, or antiviral intervention indicated; invasive intervention indicated",Life-threatening consequences; urgent intervention indicated,Death,A disorder characterized by an infectious process involving the endometrium. It may extend to the myometrium and parametrial tissues.,-,68
Vaginal infection,Infections and infestations,CTCAE v5.0,,"Localized, local intervention indicated","Oral intervention indicated (e.g., antibiotic, antifungal, or antiviral)","IV antibiotic, antifungal, or antiviral intervention indicated; invasive intervention indicated",Life-threatening consequences; urgent intervention indicated,Death,A disorder characterized by an infectious process involving the vagina.,-,68
Viremia,Infections and infestations,CTCAE v5.0,,-,Moderate symptoms; medical intervention indicated,Severe or medically significant but not immediately life-threatening; hospitalization or prolongation of existing hospitalization indicated,-,-,A disorder characterized by the presence of a virus in the blood stream.,-,68
Vulval infection,Infections and infestations,CTCAE v5.0,,"Localized, local intervention indicated","Oral intervention indicated (e.g., antibiotic, antifungal, or antiviral)","IV antibiotic, antifungal, or antiviral intervention indicated; invasive intervention indicated",Life-threatening consequences; urgent intervention indicated,Death,A disorder characterized by an infectious process involving the vulva.,-,69
Wound infection,Infections and infestations,CTCAE v5.0,,"Localized, local intervention indicated","Oral intervention indicated (e.g., antibiotic, antifungal, or antiviral)","IV antibiotic, antifungal, or antiviral intervention indicated; invasive intervention indicated",Life-threatening consequences; urgent intervention indicated,Death,A disorder characterized by an infectious process involving the wound.,-,69
"Infections and infestations - Other, specify",Infections and infestations,CTCAE v5.0,,Asymptomatic or mild symptoms; clinical or diagnostic observations only; intervention not indicated,"Moderate; minimal, local or noninvasive intervention indicated; limiting age-appropriate instrumental ADL",Severe or medically significant but not immediately life-threatening; hospitalization or prolongation of existing hospitalization indicated; limiting self care ADL,Life-threatening consequences; urgent intervention indicated,Death,-,-,69
Ankle fracture,"Injury, poisoning and procedural complications",CTCAE v5.0,,Mild; non-operative intervention indicated,Limiting instrumental ADL; outpatient operative intervention indicated,Limiting self care ADL; elective operative intervention indicated requiring hospitalization,-,-,"A finding of damage to the ankle joint characterized by a break in the continuity of the ankle bone. Symptoms include marked discomfort, swelling and difficulty moving the affected leg and foot.",-,70
Aortic injury,"Injury, poisoning and procedural complications",CTCAE v5.0,,-,Operative intervention not indicated,Severe symptoms; limiting self care ADL; repair or revision indicated,Life-threatening consequences; evidence of end organ damage; urgent operative intervention indicated,Death,A finding of damage to the aorta.,-,70
Arterial injury,"Injury, poisoning and procedural complications",CTCAE v5.0,,Asymptomatic diagnostic finding; intervention not indicated,Symptomatic; repair or revision not indicated,Severe symptoms; limiting self care ADL; repair or revision indicated,Life-threatening consequences; evidence of end organ damage; urgent operative intervention indicated,Death,A finding of damage to an artery.,-,70
Biliary anastomotic leak,"Injury, poisoning and procedural complications",CTCAE v5.0,,Asymptomatic diagnostic finding; intervention not indicated,Symptomatic; medical intervention indicated,Severe symptoms; invasive intervention indicated,Life-threatening consequences; urgent operative intervention indicated,Death,A finding of leakage of bile due to breakdown of a biliary anastomosis (surgical connection of two separate anatomic structures).,-,70
Bladder anastomotic leak,"Injury, poisoning and procedural complications",CTCAE v5.0,,Asymptomatic diagnostic finding; intervention not indicated,Symptomatic; medical intervention indicated,Severe symptoms; invasive intervention indicated,Life-threatening consequences; urgent operative intervention indicated,Death,A finding of leakage of urine due to breakdown of a bladder anastomosis (surgical connection of two separate anatomic structures).,-,70
Bruising,"Injury, poisoning and procedural complications",CTCAE v5.0,,Localized or in a dependent area,Generalized,-,-,-,A finding of injury of the soft tissues or bone characterized by leakage of blood into surrounding tissues.,-,70
Burn,"Injury, poisoning and procedural complications",CTCAE v5.0,,Minimal symptoms; intervention not indicated,Medical intervention; minimal debridement indicated,Moderate to major debridement or reconstruction indicated,Life-threatening consequences,Death,"A finding of impaired integrity to the anatomic site of an adverse thermal reaction. Burns can be caused by exposure to chemicals, direct heat, electricity, flames and radiation. The extent of damage depends on the length and intensity of exposure and time until provision of treatment.",-,71
Dermatitis radiation,"Injury, poisoning and procedural complications",CTCAE v5.0,,Faint erythema or dry desquamation,"Moderate to brisk erythema; patchy moist desquamation, mostly confined to skin folds and creases; moderate edema",Moist desquamation in areas other than skin folds and creases; bleeding induced by minor trauma or abrasion,Life-threatening consequences; skin necrosis or ulceration of full thickness dermis; spontaneous bleeding from involved site; skin graft indicated,Death,A finding of cutaneous inflammatory reaction occurring as a result of exposure to biologically effective levels of ionizing radiation.,Synonym: Radiation induced skin toxicities (CTCAE v3.0),71
Esophageal anastomotic leak,"Injury, poisoning and procedural complications",CTCAE v5.0,,Asymptomatic diagnostic finding; intervention not indicated,Symptomatic; medical intervention indicated,Severe symptoms; invasive intervention indicated,Life-threatening consequences; urgent operative intervention indicated,Death,A finding of leakage due to breakdown of an esophageal anastomosis (surgical connection of two separate anatomic structures).,-,71
Fall,"Injury, poisoning and procedural complications",CTCAE v5.0,,Minor with no resultant injuries; intervention not indicated,Symptomatic; noninvasive intervention indicated,Hospitalization indicated; invasive intervention indicated,-,-,"A finding of sudden movement downward, usually resulting in injury.",-,71
Fallopian tube anastomotic leak,"Injury, poisoning and procedural complications",CTCAE v5.0,,Asymptomatic; clinical or diagnostic observations only; intervention not indicated,Symptomatic; medical intervention indicated,Severe symptoms; invasive intervention indicated,Life-threatening consequences; urgent operative intervention indicated,Death,A finding of leakage due to breakdown of a fallopian tube anastomosis (surgical connection of two separate anatomic structures).,-,71
Fallopian tube perforation,"Injury, poisoning and procedural complications",CTCAE v5.0,,-,Invasive intervention not indicated,Invasive intervention indicated,"Life-threatening consequences; urgent operative intervention indicated (e.g., organ resection)",Death,A disorder characterized by a rupture of the fallopian tube wall.,-,72
Fracture,"Injury, poisoning and procedural complications",CTCAE v5.0,,Asymptomatic; clinical or diagnostic observations only; intervention not indicated,Symptomatic but non- displaced; immobilization indicated,Severe symptoms; displaced or open wound with bone exposure; limiting self care ADL; operative intervention indicated,Life-threatening consequences; urgent intervention indicated,Death,A finding of traumatic injury to the bone in which the continuity of the bone is broken.,"Prior to using this term consider specific fracture areas: Injury, poisoning and procedural complications: Ankle fracture, Hip fracture, Spinal fracture, or Wrist fracture",72
Gastric anastomotic leak,"Injury, poisoning and procedural complications",CTCAE v5.0,,Asymptomatic diagnostic finding; intervention not indicated,Symptomatic; medical intervention indicated,Severe symptoms; invasive intervention indicated,Life-threatening consequences; urgent operative intervention indicated,Death,A finding of leakage due to breakdown of a gastric anastomosis (surgical connection of two separate anatomic structures).,-,72
Gastrointestinal anastomotic leak,"Injury, poisoning and procedural complications",CTCAE v5.0,,Asymptomatic diagnostic finding; intervention not indicated,Symptomatic; medical intervention indicated,Severe symptoms; invasive intervention indicated,Life-threatening consequences; urgent operative intervention indicated,Death,A finding of leakage due to breakdown of a gastrointestinal anastomosis (surgical connection of two separate anatomic structures).,-,72
Gastrointestinal stoma necrosis,"Injury, poisoning and procedural complications",CTCAE v5.0,,-,Superficial necrosis; intervention not indicated,Severe symptoms; hospitalization indicated; elective operative intervention indicated,Life-threatening consequences; urgent intervention indicated,Death,A disorder characterized by a necrotic process occurring in the gastrointestinal tract stoma.,-,72
Hip fracture,"Injury, poisoning and procedural complications",CTCAE v5.0,,-,Hairline fracture; mild pain; limiting instrumental ADL; non-operative intervention indicated,"Severe pain; hospitalization or intervention indicated for pain control (e.g., traction); operative intervention indicated",Life-threatening consequences; symptoms associated with neurovascular compromise,-,"A finding of traumatic injury to the hip in which the continuity of either the femoral head, femoral neck, intertrochanteric or subtrochanteric regions is broken.",-,73
Infusion related reaction,"Injury, poisoning and procedural complications",CTCAE v5.0,,Mild transient reaction; infusion interruption not indicated; intervention not indicated,"Therapy or infusion interruption indicated but responds promptly to symptomatic treatment (e.g., antihistamines, NSAIDS, narcotics, IV fluids); prophylactic medications indicated for ≤24 hrs","Prolonged (e.g., not rapidly responsive to symptomatic medication and/or brief interruption of infusion); recurrence of symptoms following initial improvement; hospitalization indicated for clinical sequelae",Life-threatening consequences; urgent intervention indicated,Death,A disorder characterized by adverse reaction to the infusion of pharmacological or biological substances.,-,73
Injury to carotid artery,"Injury, poisoning and procedural complications",CTCAE v5.0,,-,Repair or revision not indicated,"Severe symptoms; limiting self care ADL (e.g., transient cerebral ischemia); repair or revision indicated",Life-threatening consequences; urgent intervention indicated,Death,A finding of damage to the carotid artery.,-,73
Injury to inferior vena cava,"Injury, poisoning and procedural complications",CTCAE v5.0,,Asymptomatic diagnostic finding; intervention not indicated,Symptomatic; repair or revision not indicated,Severe symptoms; limiting self care ADL; repair or revision indicated,Life-threatening consequences; urgent intervention indicated,Death,A finding of damage to the inferior vena cava.,-,73
Injury to jugular vein,"Injury, poisoning and procedural complications",CTCAE v5.0,,-,Repair or revision not indicated,Symptomatic limiting self care ADL; repair or revision indicated,Life-threatening consequences; urgent intervention indicated,Death,A finding of damage to the jugular vein.,-,73
Injury to superior vena cava,"Injury, poisoning and procedural complications",CTCAE v5.0,,Asymptomatic diagnostic finding; intervention not indicated,Symptomatic; repair or revision not indicated,Severe symptoms; limiting self care ADL; repair or revision indicated,Life-threatening consequences; urgent intervention indicated,Death,A finding of damage to the superior vena cava.,-,74
Intestinal stoma leak,"Injury, poisoning and procedural complications",CTCAE v5.0,,Asymptomatic diagnostic finding; intervention not indicated,Symptomatic; medical intervention indicated,Severe symptoms; invasive intervention indicated,Life-threatening consequences; urgent operative intervention indicated,Death,A finding of leakage of contents from an intestinal stoma (surgically created opening on the surface of the body).,-,74
Intestinal stoma obstruction,"Injury, poisoning and procedural complications",CTCAE v5.0,,-,Self-limited; intervention not indicated,"Severe symptoms; IV fluids, tube feeding, or TPN indicated ≥24 hrs; elective operative intervention indicated",Life-threatening consequences; urgent operative intervention indicated,Death,A disorder characterized by blockage of the normal flow of the contents of the intestinal stoma.,-,74
Intestinal stoma site bleeding,"Injury, poisoning and procedural complications",CTCAE v5.0,,Minimal bleeding identified on clinical exam; intervention not indicated,Moderate bleeding; medical intervention indicated,Transfusion indicated; invasive intervention indicated,Life-threatening consequences; urgent intervention indicated,Death,A disorder characterized by bleeding from the intestinal stoma.,-,74
Intraoperative arterial injury,"Injury, poisoning and procedural complications",CTCAE v5.0,,Primary repair of injured organ/structure indicated,Partial resection of injured organ/structure indicated,Complete resection or reconstruction of injured organ/structure indicated; limiting self care ADL,Life-threatening consequences; urgent intervention indicated,Death,A finding of damage to an artery during a surgical procedure.,-,74
Intraoperative breast injury,"Injury, poisoning and procedural complications",CTCAE v5.0,,Primary repair of injured organ/structure indicated,Partial resection of injured organ/structure indicated,Complete resection or reconstruction of injured organ/structure indicated; limiting self care ADL,Life-threatening consequences; urgent intervention indicated,Death,A finding of damage to the breast parenchyma during a surgical procedure.,-,74
Intraoperative cardiac injury,"Injury, poisoning and procedural complications",CTCAE v5.0,,-,-,Primary repair of injured organ/structure indicated,Life-threatening consequences; urgent intervention indicated,Death,A finding of damage to the heart during a surgical procedure.,-,75
Intraoperative ear injury,"Injury, poisoning and procedural complications",CTCAE v5.0,,Primary repair of injured organ/structure indicated,Partial resection of injured organ/structure indicated,"Complete resection or reconstruction of injured organ/structure indicated; limiting self care ADL (e.g., impaired hearing; impaired balance)",Life-threatening consequences; urgent intervention indicated,Death,A finding of damage to the ear during a surgical procedure.,-,75
Intraoperative endocrine injury,"Injury, poisoning and procedural complications",CTCAE v5.0,,Primary repair of injured organ/structure indicated,Partial resection of injured organ/structure indicated,Complete resection or reconstruction of injured organ/structure indicated; limiting self care ADL,Life-threatening consequences; urgent intervention indicated,Death,A finding of damage to the endocrine gland during a surgical procedure.,-,75
Intraoperative gastrointestinal injury,"Injury, poisoning and procedural complications",CTCAE v5.0,,Primary repair of injured organ/structure indicated,Partial resection of injured organ/structure indicated,Complete resection or reconstruction of injured organ/structure indicated; limiting self care ADL,Life-threatening consequences; urgent intervention indicated,Death,A finding of damage to the gastrointestinal system during a surgical procedure.,-,75
Intraoperative head and neck injury,"Injury, poisoning and procedural complications",CTCAE v5.0,,Primary repair of injured organ/structure indicated,Partial resection of injured organ/structure indicated,Complete resection or reconstruction of injured organ/structure indicated; limiting self care ADL,Life-threatening consequences; urgent intervention indicated,Death,A finding of damage to the head and neck during a surgical procedure.,-,75
Intraoperative hemorrhage,"Injury, poisoning and procedural complications",CTCAE v5.0,,-,-,Postoperative invasive intervention indicated; hospitalization,Life-threatening consequences; urgent intervention indicated,Death,A finding of uncontrolled bleeding during a surgical procedure.,-,75
Intraoperative hepatobiliary injury,"Injury, poisoning and procedural complications",CTCAE v5.0,,Primary repair of injured organ/structure indicated,Partial resection of injured organ/structure indicated,Complete resection or reconstruction of injured organ/structure indicated; limiting self care ADL,Life-threatening consequences; urgent intervention indicated,Death,A finding of damage to the hepatic parenchyma and/or biliary tract during a surgical procedure.,-,76
Intraoperative musculoskeletal injury,"Injury, poisoning and procedural complications",CTCAE v5.0,,Primary repair of injured organ/structure indicated,Partial resection of injured organ/structure indicated,Complete resection or reconstruction of injured organ/structure indicated; limiting self care ADL,Life-threatening consequences; urgent intervention indicated,Death,A finding of damage to the musculoskeletal system during a surgical procedure.,-,76
Intraoperative neurological injury,"Injury, poisoning and procedural complications",CTCAE v5.0,,Primary repair of injured organ/structure indicated,Partial resection of injured organ/structure indicated,Complete resection or reconstruction of injured organ/structure indicated; limiting self care ADL,Life-threatening consequences; urgent intervention indicated,Death,A finding of damage to the nervous system during a surgical procedure.,-,76
Intraoperative ocular injury,"Injury, poisoning and procedural complications",CTCAE v5.0,,Primary repair of injured organ/structure indicated,Partial resection of injured organ/structure indicated,Complete resection or reconstruction of injured organ/structure indicated; limiting self care ADL,Life-threatening consequences; urgent intervention indicated,Death,A finding of damage to the eye during a surgical procedure.,-,76
Intraoperative renal injury,"Injury, poisoning and procedural complications",CTCAE v5.0,,Primary repair of injured organ/structure indicated,Partial resection of injured organ/structure indicated,Complete resection or reconstruction of injured organ/structure indicated; limiting self care ADL,Life-threatening consequences; urgent intervention indicated,Death,A finding of damage to the kidney during a surgical procedure.,-,76
Intraoperative reproductive tract injury,"Injury, poisoning and procedural complications",CTCAE v5.0,,Primary repair of injured organ/structure indicated,Partial resection of injured organ/structure indicated,Complete resection or reconstruction of injured organ/structure indicated; limiting self care ADL,Life-threatening consequences; urgent intervention indicated,Death,A finding of damage to the reproductive organs during a surgical procedure.,-,76
Intraoperative respiratory injury,"Injury, poisoning and procedural complications",CTCAE v5.0,,Primary repair of injured organ/structure indicated,Partial resection of injured organ/structure indicated,Complete resection or reconstruction of injured organ/structure indicated; limiting self care ADL,Life-threatening consequences; urgent intervention indicated,Death,A finding of damage to the respiratory system during a surgical procedure.,-,77
Intraoperative splenic injury,"Injury, poisoning and procedural complications",CTCAE v5.0,,-,Primary repair of injured organ/structure indicated,Resection or reconstruction of injured organ/structure indicated; limiting self care ADL,Life-threatening consequences; urgent intervention indicated,Death,A finding of damage to the spleen during a surgical procedure.,-,77
Intraoperative urinary injury,"Injury, poisoning and procedural complications",CTCAE v5.0,,Primary repair of injured organ/structure indicated,Partial resection of injured organ/structure indicated,Complete resection or reconstruction of injured organ/structure indicated; limiting self care ADL,Life-threatening consequences; urgent intervention indicated,Death,A finding of damage to the urinary system during a surgical procedure.,-,77
Intraoperative venous injury,"Injury, poisoning and procedural complications",CTCAE v5.0,,Primary repair of injured organ/structure indicated,Partial resection of injured organ/structure indicated,Complete resection or reconstruction of injured organ/structure indicated; limiting self care ADL,Life-threatening consequences; urgent intervention indicated,Death,A finding of damage to a vein during a surgical procedure.,-,77
Kidney anastomotic leak,"Injury, poisoning and procedural complications",CTCAE v5.0,,Asymptomatic diagnostic finding; intervention not indicated,Symptomatic; medical intervention indicated,Severe symptoms; invasive intervention indicated,Life-threatening consequences; urgent operative intervention indicated,Death,A finding of leakage of urine due to breakdown of a kidney anastomosis (surgical connection of two separate anatomic structures).,-,77
Large intestinal anastomotic leak,"Injury, poisoning and procedural complications",CTCAE v5.0,,Asymptomatic diagnostic finding; intervention not indicated,Symptomatic; medical intervention indicated,Severe symptoms; invasive intervention indicated,Life-threatening consequences; urgent operative intervention indicated,Death,A finding of leakage due to breakdown of an anastomosis (surgical connection of two separate anatomic structures) in the large intestine.,-,77
Pancreatic anastomotic leak,"Injury, poisoning and procedural complications",CTCAE v5.0,,Asymptomatic diagnostic finding; intervention not indicated,Symptomatic; medical intervention indicated,Severe symptoms; invasive intervention indicated,Life-threatening consequences; urgent operative intervention indicated,Death,A finding of leakage due to breakdown of a pancreatic anastomosis (surgical connection of two separate anatomic structures).,-,78
Pharyngeal anastomotic leak,"Injury, poisoning and procedural complications",CTCAE v5.0,,Asymptomatic diagnostic finding; intervention not indicated,Symptomatic; medical intervention indicated,Severe symptoms; invasive intervention indicated,Life-threatening consequences; urgent operative intervention indicated,Death,A finding of leakage due to breakdown of a pharyngeal anastomosis (surgical connection of two separate anatomic structures).,-,78
Postoperative hemorrhage,"Injury, poisoning and procedural complications",CTCAE v5.0,,Mild symptoms; intervention not indicated,Moderate bleeding requiring transfusion < 2 units (10 cc/kg for pediatrics) of pRBCs,Transfusion indicated of ≥2 units (10 cc/kg for pediatrics) pRBCs; invasive intervention indicated; hospitalization,Life-threatening consequences; urgent intervention indicated,Death,A disorder characterized by bleeding occurring after a surgical procedure.,-,78
Postoperative thoracic procedure complication,"Injury, poisoning and procedural complications",CTCAE v5.0,,-,Extubated within 24 - 72 hrs postoperatively,"Extubated >72 hrs postoperatively, but before tracheostomy indicated","Life-threatening airway compromise; urgent intervention indicated (e.g., tracheotomy or intubation)",Death,A finding of a previously undocumented problem that occurs after a thoracic procedure.,-,78
Prolapse of intestinal stoma,"Injury, poisoning and procedural complications",CTCAE v5.0,,Asymptomatic; reducible,Recurrent after manual reduction; local irritation or stool leakage; difficulty to fit appliance; limiting instrumental ADL,Severe symptoms; elective operative intervention indicated; limiting self care ADL,Life-threatening consequences; urgent operative intervention indicated,Death,A finding of protrusion of the intestinal stoma (surgically created opening on the surface of the body) above the abdominal surface.,-,78
Prolapse of urostomy,"Injury, poisoning and procedural complications",CTCAE v5.0,,Asymptomatic; clinical or diagnostic observations only; intervention not indicated,Local care or maintenance; minor revision indicated,Dysfunctional stoma; elective operative intervention or major stomal revision indicated,Life-threatening consequences; urgent intervention indicated,Death,A finding of displacement of the urostomy.,-,78
Radiation recall reaction (dermatologic),"Injury, poisoning and procedural complications",CTCAE v5.0,,Faint erythema or dry desquamation,"Moderate to brisk erythema; patchy moist desquamation, mostly confined to skin folds and creases; moderate edema",Moist desquamation in areas other than skin folds and creases; bleeding induced by minor trauma or abrasion,Life-threatening consequences; skin necrosis or ulceration of full thickness dermis; spontaneous bleeding from involved site; skin graft indicated,Death,"A finding of acute skin inflammatory reaction caused by drugs, especially chemotherapeutic agents, for weeks or months following radiotherapy. The inflammatory reaction is confined to the previously irradiated skin and the symptoms disappear after the removal of the pharmaceutical agent.",-,79
Rectal anastomotic leak,"Injury, poisoning and procedural complications",CTCAE v5.0,,Asymptomatic diagnostic finding; intervention not indicated,Symptomatic; medical intervention indicated,Severe symptoms; invasive intervention indicated,Life-threatening consequences; urgent operative intervention indicated,Death,A finding of leakage due to breakdown of a rectal anastomosis (surgical connection of two separate anatomic structures).,-,79
Seroma,"Injury, poisoning and procedural complications",CTCAE v5.0,,Asymptomatic; clinical or diagnostic observations only; intervention not indicated,Symptomatic; simple aspiration indicated,"Symptomatic, elective invasive intervention indicated",-,-,A finding of tumor-like collection of serum in the tissues.,-,79
Small intestinal anastomotic leak,"Injury, poisoning and procedural complications",CTCAE v5.0,,Asymptomatic diagnostic finding; intervention not indicated,Symptomatic; medical intervention indicated,Severe symptoms; invasive intervention indicated,Life-threatening consequences; urgent operative intervention indicated,Death,A finding of leakage due to breakdown of an anastomosis (surgical connection of two separate anatomic structures) in the small bowel.,-,79
Spermatic cord anastomotic leak,"Injury, poisoning and procedural complications",CTCAE v5.0,,Asymptomatic diagnostic finding; intervention not indicated,Symptomatic; medical intervention indicated,Severe symptoms; invasive intervention indicated,Life-threatening consequences; urgent operative intervention indicated,Death,A finding of leakage due to breakdown of a spermatic cord anastomosis (surgical connection of two separate anatomic structures).,-,79
Spinal fracture,"Injury, poisoning and procedural complications",CTCAE v5.0,,Mild back pain; nonprescription analgesics indicated,Moderate back pain; prescription analgesics indicated; limiting instrumental ADL,"Severe back pain; hospitalization or intervention indicated for pain control (e.g., vertebroplasty); limiting self care ADL; disability",Life-threatening consequences; symptoms associated with neurovascular compromise,Death,A finding of traumatic injury to the spine in which the continuity of a vertebral bone is broken.,-,80
Stenosis of gastrointestinal stoma,"Injury, poisoning and procedural complications",CTCAE v5.0,,-,Symptomatic; IV fluids indicated <24 hrs; manual dilation at bedside,"Severely altered GI function; tube feeding, TPN or hospitalization indicated; elective operative intervention indicated",Life-threatening consequences; urgent operative intervention indicated,Death,A finding of narrowing of the gastrointestinal stoma (surgically created opening on the surface of the body).,-,80
Stomal ulcer,"Injury, poisoning and procedural complications",CTCAE v5.0,,Asymptomatic; clinical or diagnostic observations only; intervention not indicated,Symptomatic; medical intervention indicated,Severe symptoms; elective operative intervention indicated,-,-,"A disorder characterized by a circumscribed, erosive lesion on the jejunal mucosal surface close to the anastomosis site following a gastroenterostomy procedure.",-,80
Tracheal hemorrhage,"Injury, poisoning and procedural complications",CTCAE v5.0,,Mild symptoms; intervention not indicated,Moderate symptoms; intervention indicated,Transfusion indicated; invasive intervention indicated; hospitalization,Life-threatening consequences; urgent intervention indicated,Death,A disorder characterized by bleeding from the trachea.,-,80
Tracheal obstruction,"Injury, poisoning and procedural complications",CTCAE v5.0,,"Partial asymptomatic obstruction on examination (e.g., visual, radiologic or endoscopic)","Symptomatic (e.g., noisy airway breathing), no respiratory distress; medical intervention indicated (e.g., steroids); limiting instrumental ADL","Stridor or respiratory distress limiting self care ADL; invasive intervention indicated (e.g., stent, laser)","Life-threatening airway compromise; urgent intervention indicated (e.g., tracheotomy or intubation)",Death,A disorder characterized by blockage of the lumen of the trachea.,-,80
Tracheostomy site bleeding,"Injury, poisoning and procedural complications",CTCAE v5.0,,Minimal bleeding identified on clinical exam; intervention not indicated,Moderate bleeding; medical intervention indicated,Transfusion indicated; invasive intervention indicated,Life-threatening consequences; urgent intervention indicated,Death,A disorder characterized by bleeding from the tracheostomy site.,-,80
Ureteric anastomotic leak,"Injury, poisoning and procedural complications",CTCAE v5.0,,Asymptomatic diagnostic finding; intervention not indicated,Symptomatic; medical intervention indicated,Severe symptoms; invasive intervention indicated,Life-threatening consequences; urgent operative intervention indicated,Death,A finding of leakage due to breakdown of a ureteral anastomosis (surgical connection of two separate anatomic structures).,-,81
Urethral anastomotic leak,"Injury, poisoning and procedural complications",CTCAE v5.0,,Asymptomatic diagnostic finding; intervention not indicated,Symptomatic; medical intervention indicated,Severe symptoms; invasive intervention indicated,Life-threatening consequences; urgent operative intervention indicated,Death,A finding of leakage due to breakdown of a urethral anastomosis (surgical connection of two separate anatomic structures).,-,81
Urostomy leak,"Injury, poisoning and procedural complications",CTCAE v5.0,,Asymptomatic diagnostic finding; intervention not indicated,Symptomatic; medical intervention indicated,Severe symptoms; invasive intervention indicated,Life-threatening consequences; urgent operative intervention indicated,Death,A finding of leakage of contents from a urostomy.,-,81
Urostomy obstruction,"Injury, poisoning and procedural complications",CTCAE v5.0,,Asymptomatic; clinical or diagnostic observations only; intervention not indicated,Symptomatic; dilation or endoscopic repair or stent placement indicated,"Altered organ function (e.g., sepsis or hydronephrosis, or renal dysfunction); elective operative intervention indicated",Life-threatening consequences; organ failure; urgent operative intervention indicated,Death,A disorder characterized by blockage of the urostomy.,-,81
Urostomy site bleeding,"Injury, poisoning and procedural complications",CTCAE v5.0,,Minimal bleeding identified on clinical exam; intervention not indicated,Moderate bleeding; medical intervention indicated,Transfusion indicated; invasive intervention indicated,Life-threatening consequences; urgent intervention indicated,Death,A disorder characterized by bleeding from the urostomy site.,-,81
Urostomy stenosis,"Injury, poisoning and procedural complications",CTCAE v5.0,,-,"Symptomatic but no hydronephrosis, sepsis, or renal dysfunction; dilation or endoscopic repair or stent placement indicated","Symptomatic (e.g., hydronephrosis, or renal dysfunction); elective operative intervention indicated",Life-threatening consequences; urgent operative intervention indicated,Death,A finding of narrowing of the opening of a urostomy.,-,81
Uterine anastomotic leak,"Injury, poisoning and procedural complications",CTCAE v5.0,,Asymptomatic diagnostic finding; intervention not indicated,Symptomatic; medical intervention indicated,Severe symptoms; invasive intervention indicated,Life-threatening consequences; urgent operative intervention indicated,Death,A finding of leakage due to breakdown of a uterine anastomosis (surgical connection of two separate anatomic structures).,-,82
Uterine perforation,"Injury, poisoning and procedural complications",CTCAE v5.0,,-,Invasive intervention not indicated,Invasive intervention indicated,Life-threatening consequences; urgent intervention indicated,Death,A disorder characterized by a rupture in the uterine wall.,-,82
Vaccination complication,"Injury, poisoning and procedural complications",CTCAE v5.0,,Mild pain; erythema 2.5-5cm; induration/swelling 2.5-5cm; does not interfere with activity,Moderate pain; Erythema 5.1- 10 cm; Induration/swelling 5.1-10 cm; lipodystrophy; limiting instrumental ADL,Severe pain; Erythema > 10 cm; Induration/swelling > 10 cm; necrosis; limiting self care ADL,Life-threatening consequences; urgent intervention indicated,-,"A disorder that occurs after the injection of a substance with antigenic properties, administered to activate the immune system.","For systemic vaccination complications, consider Immune system disorders: Allergic reaction or Anaphylaxis.",82
Vaginal anastomotic leak,"Injury, poisoning and procedural complications",CTCAE v5.0,,Asymptomatic diagnostic finding; intervention not indicated,Symptomatic; medical intervention indicated,Severe symptoms; invasive intervention indicated,Life-threatening consequences; urgent operative intervention indicated,Death,A finding of leakage due to breakdown of a vaginal anastomosis (surgical connection of two separate anatomic structures).,-,82
Vas deferens anastomotic leak,"Injury, poisoning and procedural complications",CTCAE v5.0,,Asymptomatic diagnostic finding; intervention not indicated,Symptomatic; medical intervention indicated,Severe symptoms; invasive intervention indicated,Life-threatening consequences; urgent operative intervention indicated,Death,A finding of leakage due to breakdown of a vas deferens anastomosis (surgical connection of two separate anatomic structures).,-,82
Vascular access complication,"Injury, poisoning and procedural complications",CTCAE v5.0,,TPA administration into line with no intent for systemic therapy indicated,"Device dislodgement, blockage, leak, or malposition; device replacement indicated","Pulmonary embolism, deep vein or cardiac thrombosis; intervention indicated (e.g., anticoagulation, lysis, filter, invasive procedure)",Life-threatening consequences with hemodynamic or neurologic instability,Death,A finding of a previously undocumented problem related to the vascular access site.,-,82
Venous injury,"Injury, poisoning and procedural complications",CTCAE v5.0,,Asymptomatic diagnostic finding; intervention not indicated,"Symptomatic (e.g., claudication); repair or revision not indicated",Severe symptoms; limiting self care ADL; repair or revision indicated,Life-threatening consequences; evidence of end organ damage; urgent operative intervention indicated,Death,A finding of damage to a vein.,-,83
Wound complication,"Injury, poisoning and procedural complications",CTCAE v5.0,,Observation only; topical intervention indicated,Bedside local care indicated,Operative intervention indicated,Life-threatening consequences,Death,A finding of development of a new problem at the site of an existing wound.,"Prior to using this term consider Injury, poisoning and procedural complications: Wound dehiscence or Infections and infestations: Wound infection",83
Wound dehiscence,"Injury, poisoning and procedural complications",CTCAE v5.0,,"Incisional separation, intervention not indicated","Incisional separation, local care (e.g., suturing) or medical intervention indicated (e.g., analgesic)",Fascial disruption or dehiscence without evisceration; revision by operative intervention indicated,"Life-threatening consequences; symptomatic hernia with evidence of strangulation; fascial disruption with evisceration; major reconstruction flap, grafting, resection, or amputation indicated",Death,A finding of separation of the approximated margins of a surgical wound.,Also consider Infections and infestations: Wound infection,83
Wrist fracture,"Injury, poisoning and procedural complications",CTCAE v5.0,,Mild; non-operative intervention indicated,Limiting instrumental ADL; outpatient operative intervention indicated,Limiting self care ADL; elective operative intervention indicated requiring hospitalization,-,-,A finding of traumatic injury to the wrist joint in which the continuity of a wrist bone is broken.,-,83
"Injury, poisoning and procedural complications - Other, specify","Injury, poisoning and procedural complications",CTCAE v5.0,,Asymptomatic or mild symptoms; clinical or diagnostic observations only; intervention not indicated,"Moderate; minimal, local or noninvasive intervention indicated; limiting age-appropriate instrumental ADL",Severe or medically significant but not immediately life-threatening; hospitalization or prolongation of existing hospitalization indicated; limiting self care ADL,Life-threatening consequences; urgent intervention indicated,Death,-,-,83
Activated partial thromboplastin time prolonged,Investigations,CTCAE v5.0,,>ULN - 1.5 × ULN,>1.5 - 2.5 × ULN,>2.5 × ULN; bleeding,-,-,"A finding based on laboratory test results in which the partial thromboplastin time is found to be greater than the control value. As a possible indicator of coagulopathy, a prolonged partial thromboplastin time (PTT) may occur in a variety of diseases and disorders, both primary and related to treatment.",-,84
Alanine aminotransferase increased,Investigations,CTCAE v5.0,,>ULN - 3.0 × ULN if baseline was normal; 1.5 - 3.0 × baseline if baseline was abnormal,>3.0 - 5.0 × ULN if baseline was normal; >3.0 - 5.0 × baseline if baseline was abnormal,>5.0 - 20.0 × ULN if baseline was normal; >5.0 - 20.0 × baseline if baseline was abnormal,>20.0 × ULN if baseline was normal; >20.0 × baseline if baseline was abnormal,-,A finding based on laboratory test results that indicate an increase in the level of alanine aminotransferase (ALT or SGPT) in the blood specimen.,Also consider Hepatobiliary disorders: Hepatic failure,84
Alkaline phosphatase increased,Investigations,CTCAE v5.0,,>ULN - 2.5 × ULN if baseline was normal; 2.0 - 2.5 × baseline if baseline was abnormal,>2.5 - 5.0 × ULN if baseline was normal; >2.5 - 5.0 × baseline if baseline was abnormal,>5.0 - 20.0 × ULN if baseline was normal; >5.0 - 20.0 × baseline if baseline was abnormal,>20.0 × ULN if baseline was normal; >20.0 × baseline if baseline was abnormal,-,A finding based on laboratory test results that indicate an increase in the level of alkaline phosphatase in a blood specimen.,-,84
Aspartate aminotransferase increased,Investigations,CTCAE v5.0,,>ULN - 3.0 × ULN if baseline was normal; 1.5 - 3.0 × baseline if baseline was abnormal,>3.0 - 5.0 × ULN if baseline was normal; >3.0 - 5.0 × baseline if baseline was abnormal,>5.0 - 20.0 × ULN if baseline was normal; >5.0 - 20.0 × baseline if baseline was abnormal,>20.0 × ULN if baseline was normal; >20.0 × baseline if baseline was abnormal,-,A finding based on laboratory test results that indicate an increase in the level of aspartate aminotransferase (AST or SGOT) in a blood specimen.,Also consider Hepatobiliary disorders: Hepatic failure,84
Blood antidiuretic hormone abnormal,Investigations,CTCAE v5.0,,Asymptomatic; clinical or diagnostic observations only; intervention not indicated,Symptomatic; medical intervention indicated,Hospitalization indicated,-,-,A finding based on laboratory test results that indicate abnormal levels of antidiuretic hormone in the blood specimen.,-,84
Blood bicarbonate decreased,Investigations,CTCAE v5.0,,<LLN and no intervention initiated,-,-,-,-,A finding based on laboratory test results that indicate a decrease in levels of bicarbonate in a venous blood specimen.,Also consider Metabolism and nutrition disorders: Acidosis or Alkalosis,84
Blood bilirubin increased,Investigations,CTCAE v5.0,,>ULN - 1.5 × ULN if baseline was normal; > 1.0 - 1.5 × baseline if baseline was abnormal,>1.5 - 3.0 × ULN if baseline was normal; >1.5 - 3.0 × baseline if baseline was abnormal,>3.0 - 10.0 × ULN if baseline was normal; >3.0 - 10.0 × baseline if baseline was abnormal,>10.0 × ULN if baseline was normal; >10.0 × baseline if baseline was abnormal,-,A finding based on laboratory test results that indicate an abnormally high level of bilirubin in the blood. Excess bilirubin is associated with jaundice.,Also consider Hepatobiliary disorders: Hepatic failure,85
Blood corticotrophin decreased,Investigations,CTCAE v5.0,,Asymptomatic; clinical or diagnostic observations only; intervention not indicated,Symptomatic; medical intervention indicated,Hospitalization indicated,-,-,A finding based on laboratory test results that indicate an decrease in levels of corticotrophin in a blood specimen.,-,85
Blood gonadotrophin abnormal,Investigations,CTCAE v5.0,,Asymptomatic; clinical or diagnostic observations only; intervention not indicated,Symptomatic; medical intervention indicated; limiting instrumental ADL,Severe symptoms; limiting self care ADL,-,-,A finding based on laboratory test results that indicate abnormal levels of gonadotrophin hormone in a blood specimen.,-,85
Blood lactate dehydrogenase increased,Investigations,CTCAE v5.0,,>ULN,-,-,-,-,A finding based on laboratory test results that indicate increased levels of lactate dehydrogenase in the blood specimen.,-,85
Blood prolactin abnormal,Investigations,CTCAE v5.0,,Asymptomatic; clinical or diagnostic observations only; intervention not indicated,Moderate symptoms; limiting instrumental ADL,-,-,-,A finding based on laboratory test results that indicate abnormal levels of prolactin hormone in a blood specimen.,-,85
Carbon monoxide diffusing capacity decreased,Investigations,CTCAE v5.0,,"3 - 5 units below LLN; for follow-up, a decrease of 3 - 5 units (ml/min/mm Hg) below the baseline value; asymptomatic and intervention not indicated","6 - 8 units below LLN; for follow-up, an asymptomatic decrease of >5 - 8 units (ml/min/mm Hg) below the baseline value; symptomatic and intervention not indicated","Asymptomatic decrease of >8 units drop; >5 units drop along with the presence of pulmonary symptoms (e.g., >Grade 2 hypoxia or >Grade 2 dyspnea); intervention indicated",-,-,A finding based on lung function test results that indicate a decrease in the lung capacity to absorb carbon monoxide.,"Also consider Respiratory, thoracic and mediastinal disorders: Respiratory failure or Dyspnea",85
Cardiac troponin I increased,Investigations,CTCAE v5.0,,Levels above the upper limit of normal and below the level of myocardial infarction as defined by the manufacturer,-,Levels consistent with myocardial infarction as defined by the manufacturer,-,-,A finding based on laboratory test results that indicate increased levels of cardiac troponin I in a biological specimen.,Also consider Cardiac disorders: Heart failure or Cardiac disorders: Myocardial infarction. Report Cardiac disorders: Heart failure or Cardiac disorders: Myocardial infarction if same grade event.,86
Cardiac troponin T increased,Investigations,CTCAE v5.0,,Levels above the upper limit of normal and below the level of myocardial infarction as defined by the manufacturer,-,Levels consistent with myocardial infarction as defined by the manufacturer,-,-,A finding based on laboratory test results that indicate increased levels of cardiac troponin T in a biological specimen.,Also consider Cardiac disorders: Heart failure or Cardiac disorders: Myocardial infarction. Report Cardiac disorders: Heart failure or Cardiac disorders: Myocardial infarction if same grade event.,86
CD4 lymphocytes decreased,Investigations,CTCAE v5.0,,<LLN - 500/mm3; <LLN - 0.5 × 10^9 /L,<500 - 200/mm3; <0.5 - 0.2 × 10^9 /L,<200 - 50/mm3; <0.2 × 0.05 - 10^9 /L,<50/mm3; <0.05 × 10^9 /L,-,A finding based on laboratory test results that indicate an decrease in levels of CD4 lymphocytes in a blood specimen.,-,86
Cholesterol high,Investigations,CTCAE v5.0,,>ULN - 300 mg/dL; >ULN - 7.75 mmol/L,>300 - 400 mg/dL; >7.75 - 10.34 mmol/L,>400 - 500 mg/dL; >10.34 - 12.92 mmol/L,>500 mg/dL; >12.92 mmol/L,-,A finding based on laboratory test results that indicate higher than normal levels of cholesterol in a blood specimen.,-,86
CPK increased,Investigations,CTCAE v5.0,,>ULN - 2.5 × ULN,>2.5 × ULN - 5 × ULN,>5 × ULN - 10 × ULN,>10 × ULN,-,A finding based on laboratory test results that indicate an increase in levels of creatine phosphokinase in a blood specimen.,Also consider Cardiac disorders: Heart failure or Cardiac disorders: Myocardial infarction. Report Cardiac disorders: Heart failure or Cardiac disorders: Myocardial infarction if same grade event.,86
Creatinine increased,Investigations,CTCAE v5.0,,>ULN - 1.5 × ULN,>1.5 - 3.0 × baseline; >1.5 - 3.0 × ULN,>3.0 × baseline; >3.0 - 6.0 × ULN,>6.0 × ULN,-,A finding based on laboratory test results that indicate increased levels of creatinine in a biological specimen.,Also consider Renal and urinary disorders: Acute kidney injury,86
Ejection fraction decreased,Investigations,CTCAE v5.0,,-,Resting ejection fraction (EF) 50 - 40%; 10 - 19% drop from baseline,Resting ejection fraction (EF) 39 - 20%; ≥20% drop from baseline,Resting ejection fraction (EF) <20%,-,The percentage computed when the amount of blood ejected during a ventricular contraction of the heart is compared to the amount that was present prior to the contraction.,Also consider Cardiac disorders: Left ventricular systolic dysfunction. Report Cardiac disorders: Left ventricular systolic dysfunction if same grade event.,87
Electrocardiogram QT corrected interval prolonged,Investigations,CTCAE v5.0,,Average QTc 450 - 480 ms,Average QTc 481 - 500 ms,Average QTc ≥ 501 ms; >60 ms change from baseline,Torsade de pointes; polymorphic ventricular tachycardia; signs/symptoms of serious arrhythmia,-,A finding of a cardiac dysrhythmia characterized by an abnormally long corrected QT interval.,-,87
Electrocardiogram T wave abnormal,Investigations,CTCAE v5.0,,T wave flattening,Nonspecific ST segment change,-,-,-,A disorder characterized by Electrocardiogram T wave amplitude changes.,-,87
Fibrinogen decreased,Investigations,CTCAE v5.0,,"<1.0 - 0.75 × LLN; if abnormal, <25% decrease from baseline","<0.75 - 0.5 × LLN; if abnormal, 25 - <50% decrease from baseline","<0.5 - 0.25 × LLN; if abnormal, 50 - <75% decrease from baseline","<0.25 × LLN; if abnormal, 75% decrease from baseline; absolute value <50 mg/dL",-,A finding based on laboratory test results that indicate an decrease in levels of fibrinogen in a blood specimen.,-,87
Forced expiratory volume decreased,Investigations,CTCAE v5.0,,FEV1% (percentages of observed FEV1 and FVC related to their respective predicted values) 99 - 70% predicted,FEV1 60 - 69%,50 - 59%,≤ 49%,-,A finding based on test results that indicate a relative decrease in the fraction of the forced vital capacity that is exhaled in a specific number of seconds.,"Also consider Respiratory, thoracic and mediastinal disorders: Respiratory failure or Dyspnea",87
GGT increased,Investigations,CTCAE v5.0,,>ULN - 2.5 × ULN if baseline was normal; 2.0 - 2.5 × baseline if baseline was abnormal,>2.5 - 5.0 × ULN if baseline was normal; >2.5 - 5.0 × baseline if baseline was abnormal,>5.0 - 20.0 × ULN if baseline was normal; >5.0 - 20.0 × baseline if baseline was abnormal,>20.0 × ULN if baseline was normal; >20.0 × baseline if baseline was abnormal,-,"A finding based on laboratory test results that indicate higher than normal levels of the enzyme gamma-glutamyltransferase in the blood specimen. GGT (gamma- glutamyltransferase) catalyzes the transfer of a gamma glutamyl group from a gamma glutamyl peptide to another peptide, amino acids or water.",-,87
Growth hormone abnormal,Investigations,CTCAE v5.0,,Asymptomatic; clinical or diagnostic observations only; intervention not indicated,Symptomatic; medical intervention indicated; limiting instrumental ADL,-,-,-,A finding based on laboratory test results that indicate abnormal levels of growth hormone in a biological specimen.,-,88
Haptoglobin decreased,Investigations,CTCAE v5.0,,<LLN,-,-,-,-,A finding based on laboratory test results that indicate an decrease in levels of haptoglobin in a blood specimen.,-,88
Hemoglobin increased,Investigations,CTCAE v5.0,,Increase in >0 - 2 g/dL,Increase in >2 - 4 g/dL,Increase in >4 g/dL,-,-,A finding based on laboratory test results that indicate increased levels of hemoglobin above normal.,-,88
INR increased,Investigations,CTCAE v5.0,,>1.2 - 1.5; >1 - 1.5 × baseline if on anticoagulation; monitoring only indicated,>1.5 - 2.5; >1.5 - 2.5 × baseline if on anticoagulation; dose adjustment indicated,>2.5; >2.5 × baseline if on anticoagulation; bleeding,-,-,A finding based on laboratory test results that indicate an increase in the ratio of the patient's prothrombin time to a control sample in the blood.,-,88
Lipase increased,Investigations,CTCAE v5.0,,>ULN - 1.5 × ULN,>1.5 - 2.0 × ULN; >2.0 - 5.0 × ULN and asymptomatic,>2.0 - 5.0 × ULN with signs or symptoms; >5.0 × ULN and asymptomatic,>5.0 × ULN and with signs or symptoms,-,A finding based on laboratory test results that indicate an increase in the level of lipase in a biological specimen.,-,88
Lymphocyte count decreased,Investigations,CTCAE v5.0,,<LLN - 800/mm3; <LLN - 0.8 × 10^9/L,<800 - 500/mm3; <0.8 - 0.5 × 10^9 /L,<500 - 200/mm3; <0.5 - 0.2 × 10^9 /L,<200/mm3; <0.2 × 10^9 /L,-,A finding based on laboratory test results that indicate a decrease in number of lymphocytes in a blood specimen.,-,88
Lymphocyte count increased,Investigations,CTCAE v5.0,,-,">4000/mm3 - 20,000/mm3",">20,000/mm3",-,-,"A finding based on laboratory test results that indicate an abnormal increase in the number of lymphocytes in the blood, effusions or bone marrow.",-,88
Neutrophil count decreased,Investigations,CTCAE v5.0,,<LLN - 1500/mm3; <LLN - 1.5 × 10^9 /L,<1500 - 1000/mm3; <1.5 - 1.0 × 10^9 /L,<1000 - 500/mm3; <1.0 - 0.5 × 10^9 /L,<500/mm3; <0.5 × 10^9 /L,-,A finding based on laboratory test results that indicate a decrease in number of neutrophils in a blood specimen.,-,88
Pancreatic enzymes decreased,Investigations,CTCAE v5.0,,<LLN and asymptomatic,"Increase in stool frequency, bulk, or odor; steatorrhea",Sequelae of absorption deficiency,-,-,A finding based on laboratory test results that indicate an decrease in levels of pancreatic enzymes in a biological specimen.,-,88
Platelet count decreased,Investigations,CTCAE v5.0,,"<LLN - 75,000/mm3; <LLN - 75.0 × 10^9 /L","<75,000 - 50,000/mm3; <75.0 - 50.0 × 10^9 /L","<50,000 - 25,000/mm3; <50.0 - 25.0 × 10^9 /L","<25,000/mm3; <25.0 × 10^9 /L",-,A finding based on laboratory test results that indicate a decrease in number of platelets in a blood specimen.,-,89
Serum amylase increased,Investigations,CTCAE v5.0,,>ULN - 1.5 × ULN,>1.5 - 2.0 × ULN; >2.0 - 5.0 × ULN and asymptomatic,>2.0 - 5.0 × ULN with signs or symptoms; >5.0 × ULN and asymptomatic,>5.0 × ULN and with signs or symptoms,-,A finding based on laboratory test results that indicate an increase in the levels of amylase in a serum specimen.,-,89
Thyroid stimulating hormone increased,Investigations,CTCAE v5.0,,TSH increased and no intervention initiated,-,-,-,-,A disorder characterized by an increase in thyroid stimulating hormone.,"If intervention initiated or symptomatic, report as Endocrine disorders: Hypothyroidism.",89
Urine output decreased,Investigations,CTCAE v5.0,,-,-,Adult: Oliguria (<80 ml in 8 hr); Infants: < 0.5 mL/kg per hour for 24 hours; Children: < 500 mL/1.73 m2 body surface area per day,Adult: Anuria (<240 ml in 24 hr); Pediatric: No urine output over 12 hours,-,A finding based on test results that indicate urine production is less relative to previous output.,-,89
Vital capacity abnormal,Investigations,CTCAE v5.0,,90 - 75% of predicted value,<75 - 50% of predicted value; limiting instrumental ADL,<50% of predicted value; limiting self care ADL,-,-,A finding based on pulmonary function test results that indicate an abnormal vital capacity (amount of exhaled after a maximum inhalation) when compared to the predicted value.,"Also consider Investigations: Forced Expiratory Volume; Respiratory, thoracic and mediastinal disorders: Respiratory failure or Dyspnea",89
Weight gain,Investigations,CTCAE v5.0,,5 - <10% from baseline,10 - <20% from baseline,≥20% from baseline,-,-,"A finding characterized by an unexpected or abnormal increase in overall body weight; for pediatrics, greater than the baseline growth curve.","Do not use Metabolism and nutrition disorders: Obesity, this term is being retired.",89
Weight loss,Investigations,CTCAE v5.0,,5 to <10% from baseline; intervention not indicated,10 - <20% from baseline; nutritional support indicated,≥20% from baseline; tube feeding or TPN indicated,-,-,"A finding characterized by a decrease in overall body weight; for pediatrics, less than the baseline growth curve.",-,89
White blood cell decreased,Investigations,CTCAE v5.0,,<LLN - 3000/mm3; <LLN - 3.0 × 10^9 /L,<3000 - 2000/mm3; <3.0 - 2.0 × 10^9 /L,<2000 - 1000/mm3; <2.0 - 1.0 × 10^9 /L,<1000/mm3; <1.0 × 10^9 /L,-,A finding based on laboratory test results that indicate an decrease in number of white blood cells in a blood specimen.,-,90
"Investigations - Other, specify",Investigations,CTCAE v5.0,,Asymptomatic or mild symptoms; clinical or diagnostic observations only; intervention not indicated,"Moderate; minimal, local or noninvasive intervention indicated; limiting age-appropriate instrumental ADL",Severe or medically significant but not immediately life-threatening; hospitalization or prolongation of existing hospitalization indicated; limiting self care ADL,Life-threatening consequences; urgent intervention indicated,Death,-,-,90
Acidosis,Metabolism and nutrition disorders,CTCAE v5.0,,"pH <normal, but ≥7.3",-,pH <7.3,Life-threatening consequences,Death,A disorder characterized by abnormally high acidity (high hydrogen-ion concentration) of the blood and other body tissues.,-,91
Alcohol intolerance,Metabolism and nutrition disorders,CTCAE v5.0,,-,Present,Severe symptoms; limiting self care ADL,Life-threatening consequences; urgent intervention indicated,Death,"A disorder characterized by an increase in sensitivity to the adverse effects of alcohol, which can include nasal congestion, skin flushes, heart dysrhythmias, nausea, vomiting, indigestion and headaches.",-,91
Alkalosis,Metabolism and nutrition disorders,CTCAE v5.0,,"pH >normal, but ≤7.5",-,pH >7.5,Life-threatening consequences,Death,A disorder characterized by abnormally high alkalinity (low hydrogen-ion concentration) of the blood and other body tissues.,-,91
Anorexia,Metabolism and nutrition disorders,CTCAE v5.0,,Loss of appetite without alteration in eating habits,Oral intake altered without significant weight loss or malnutrition; oral nutritional supplements indicated,"Associated with significant weight loss or malnutrition (e.g., inadequate oral caloric and/or fluid intake); tube feeding or TPN indicated",Life-threatening consequences; urgent intervention indicated,Death,A disorder characterized by a loss of appetite.,-,91
Dehydration,Metabolism and nutrition disorders,CTCAE v5.0,,Increased oral fluids indicated; dry mucous membranes; diminished skin turgor,IV fluids indicated,Hospitalization indicated,Life-threatening consequences; urgent intervention indicated,Death,"A disorder characterized by excessive loss of water from the body. It is usually caused by severe diarrhea, vomiting or diaphoresis.",-,91
Glucose intolerance,Metabolism and nutrition disorders,CTCAE v5.0,,Asymptomatic; clinical or diagnostic observations only; intervention not indicated,Symptomatic; dietary modification or oral agent indicated,Severe symptoms; insulin indicated,Life-threatening consequences; urgent intervention indicated,Death,A disorder characterized by an inability to properly metabolize glucose.,-,91
Hypercalcemia,Metabolism and nutrition disorders,CTCAE v5.0,,Corrected serum calcium of >ULN - 11.5 mg/dL; >ULN - 2.9 mmol/L; Ionized calcium >ULN - 1.5 mmol/L,Corrected serum calcium of >11.5 - 12.5 mg/dL; >2.9 - 3.1 mmol/L; Ionized calcium >1.5 - 1.6 mmol/L; symptomatic,Corrected serum calcium of >12.5 - 13.5 mg/dL; >3.1 - 3.4 mmol/L; Ionized calcium >1.6 - 1.8 mmol/L; hospitalization indicated,Corrected serum calcium of >13.5 mg/dL; >3.4 mmol/L; Ionized calcium >1.8 mmol/L; life-threatening consequences,Death,A disorder characterized by laboratory test results that indicate an elevation in the concentration of calcium (corrected for albumin) in blood.,-,91
Hyperglycemia,Metabolism and nutrition disorders,CTCAE v5.0,,Abnormal glucose above baseline with no medical intervention,Change in daily management from baseline for a diabetic; oral antiglycemic agent initiated; workup for diabetes,Insulin therapy initiated; hospitalization indicated,Life-threatening consequences; urgent intervention indicated,Death,A disorder characterized by laboratory test results that indicate an elevation in the concentration of blood sugar. It is usually an indication of diabetes mellitus or glucose intolerance.,-,92
Hyperkalemia,Metabolism and nutrition disorders,CTCAE v5.0,,>ULN - 5.5 mmol/L,>5.5 - 6.0 mmol/L; intervention initiated,>6.0 - 7.0 mmol/L; hospitalization indicated,>7.0 mmol/L; life-threatening consequences,Death,A disorder characterized by laboratory test results that indicate an elevation in the concentration of potassium in the blood; associated with kidney failure or sometimes with the use of diuretic drugs.,-,92
Hyperlipidemia,Metabolism and nutrition disorders,CTCAE v5.0,,Requiring diet changes,Requiring pharmaceutical intervention,Hospitalization; pancreatitis,Life-threatening consequences,-,A disorder characterized by laboratory test results that indicate an elevation in the concentration of lipids in blood.,-,92
Hypermagnesemia,Metabolism and nutrition disorders,CTCAE v5.0,,>ULN - 3.0 mg/dL; >ULN - 1.23 mmol/L,-,>3.0 - 8.0 mg/dL; >1.23 - 3.30 mmol/L,>8.0 mg/dL; >3.30 mmol/L; life-threatening consequences,Death,A disorder characterized by laboratory test results that indicate an elevation in the concentration of magnesium in the blood.,-,92
Hypernatremia,Metabolism and nutrition disorders,CTCAE v5.0,,>ULN - 150 mmol/L,>150 - 155 mmol/L; intervention initiated,>155 - 160 mmol/L; hospitalization indicated,>160 mmol/L; life-threatening consequences,Death,A disorder characterized by laboratory test results that indicate an elevation in the concentration of sodium in the blood.,-,92
Hyperphosphatemia,Metabolism and nutrition disorders,CTCAE v5.0,,Laboratory finding only and intervention not indicated,Noninvasive intervention indicated,Severe or medically significant but not immediately life-threatening; hospitalization or prolongation of existing hospitalization indicated,"Life-threatening consequences; urgent intervention indicated (e.g., dialysis)",Death,A disorder characterized by laboratory test results that indicate an elevation in the concentration of phosphate in a blood.,-,92
Hypertriglyceridemia,Metabolism and nutrition disorders,CTCAE v5.0,,150 mg/dL - 300 mg/dL; 1.71 mmol/L - 3.42 mmol/L,>300 mg/dL - 500 mg/dL; >3.42 mmol/L - 5.7 mmol/L,>500 mg/dL - 1000 mg/dL; >5.7 mmol/L - 11.4 mmol/L,>1000 mg/dL; >11.4 mmol/L; life-threatening consequences,Death,A disorder characterized by laboratory test results that indicate an elevation in the concentration of triglyceride concentration in the blood.,-,92
Hyperuricemia,Metabolism and nutrition disorders,CTCAE v5.0,,>ULN without physiologic consequences,-,>ULN with physiologic consequences,Life-threatening consequences,Death,A disorder characterized by laboratory test results that indicate an elevation in the concentration of uric acid.,-,93
Hypoalbuminemia,Metabolism and nutrition disorders,CTCAE v5.0,,<LLN - 3 g/dL; <LLN - 30 g/L,<3 - 2 g/dL; <30 - 20 g/L,<2 g/dL; <20 g/L,Life-threatening consequences; urgent intervention indicated,Death,A disorder characterized by laboratory test results that indicate a low concentration of albumin in the blood.,-,93
Hypocalcemia,Metabolism and nutrition disorders,CTCAE v5.0,,Corrected serum calcium of <LLN - 8.0 mg/dL; <LLN - 2.0 mmol/L; Ionized calcium <LLN - 1.0 mmol/L,Corrected serum calcium of <8.0 - 7.0 mg/dL; <2.0 - 1.75 mmol/L; Ionized calcium <1.0 - 0.9 mmol/L; symptomatic,Corrected serum calcium of <7.0 - 6.0 mg/dL; <1.75 - 1.5 mmol/L; Ionized calcium <0.9 - 0.8 mmol/L; hospitalization indicated,Corrected serum calcium of <6.0 mg/dL; <1.5 mmol/L; Ionized calcium <0.8 mmol/L; life-threatening consequences,Death,A disorder characterized by laboratory test results that indicate a low concentration of calcium (corrected for albumin) in the blood.,-,93
Hypoglycemia,Metabolism and nutrition disorders,CTCAE v5.0,,<LLN - 55 mg/dL; <LLN - 3.0 mmol/L,<55 - 40 mg/dL; <3.0 - 2.2 mmol/L,<40 - 30 mg/dL; <2.2 - 1.7 mmol/L,<30 mg/dL; <1.7 mmol/L; life-threatening consequences; seizures,Death,A disorder characterized by laboratory test results that indicate a low concentration of glucose in the blood.,-,93
Hypokalemia,Metabolism and nutrition disorders,CTCAE v5.0,,<LLN - 3.0 mmol/L,Symptomatic with <LLN - 3.0 mmol/L; intervention indicated,<3.0 - 2.5 mmol/L; hospitalization indicated,<2.5 mmol/L; life-threatening consequences,Death,A disorder characterized by laboratory test results that indicate a low concentration of potassium in the blood.,-,93
Hypomagnesemia,Metabolism and nutrition disorders,CTCAE v5.0,,<LLN - 1.2 mg/dL; <LLN - 0.5 mmol/L,<1.2 - 0.9 mg/dL; <0.5 - 0.4 mmol/L,<0.9 - 0.7 mg/dL; <0.4 - 0.3 mmol/L,<0.7 mg/dL; <0.3 mmol/L; life-threatening consequences,Death,A disorder characterized by laboratory test results that indicate a low concentration of magnesium in the blood.,-,93
Hyponatremia,Metabolism and nutrition disorders,CTCAE v5.0,,<LLN - 130 mmol/L,125-129 mmol/L and asymptomatic,125-129 mmol/L symptomatic; 120-124 mmol/L regardless of symptoms,<120 mmol/L; life-threatening consequences,Death,A disorder characterized by laboratory test results that indicate a low concentration of sodium in the blood.,-,93
Hypophosphatemia,Metabolism and nutrition disorders,CTCAE v5.0,,Laboratory finding only and intervention not indicated,Oral replacement therapy indicated,Severe or medically significant but not immediately life-threatening; hospitalization or prolongation of existing hospitalization indicated,Life-threatening consequences,Death,A disorder characterized by laboratory test results that indicate a low concentration of phosphates in the blood.,-,94
Iron overload,Metabolism and nutrition disorders,CTCAE v5.0,,-,Moderate symptoms; intervention not indicated,Severe symptoms; intervention indicated,Life-threatening consequences; urgent intervention indicated,Death,A disorder characterized by accumulation of iron in the tissues.,-,94
Obesity,Metabolism and nutrition disorders,CTCAE v5.0,,-,BMI 25 - 29.9 kg/m2,BMI 30 - 39.9 kg/m2,BMI ≥40 kg/m2,-,A disorder characterized by having a high amount of body fat.,Use term Investigations: Weight gain,94
Tumor lysis syndrome,Metabolism and nutrition disorders,CTCAE v5.0,,-,-,Present,Life-threatening consequences; urgent intervention indicated,Death,A disorder characterized by metabolic abnormalities that result from a spontaneous or therapy-related cytolysis of tumor cells.,-,94
"Metabolism and nutrition disorders - Other, specify",Metabolism and nutrition disorders,CTCAE v5.0,,Asymptomatic or mild symptoms; clinical or diagnostic observations only; intervention not indicated,"Moderate; minimal, local or noninvasive intervention indicated; limiting age-appropriate instrumental ADL",Severe or medically significant but not immediately life-threatening; hospitalization or prolongation of existing hospitalization indicated; limiting self care ADL,Life-threatening consequences; urgent intervention indicated,Death,-,-,94
Abdominal soft tissue necrosis,Musculoskeletal and connective tissue disorders,CTCAE v5.0,,-,"Local wound care; medical intervention indicated (e.g., dressings or topical medications)","Operative debridement or other invasive intervention indicated (e.g., tissue reconstruction, flap, or grafting)",Life-threatening consequences; urgent intervention indicated,Death,A disorder characterized by a necrotic process occurring in the soft tissues of the abdominal wall.,-,95
Arthralgia,Musculoskeletal and connective tissue disorders,CTCAE v5.0,,Mild pain,Moderate pain; limiting instrumental ADL,Severe pain; limiting self care ADL,-,-,A disorder characterized by a sensation of marked discomfort in a joint.,-,95
Arthritis,Musculoskeletal and connective tissue disorders,CTCAE v5.0,,"Mild pain with inflammation, erythema, or joint swelling","Moderate pain associated with signs of inflammation, erythema, or joint swelling; limiting instrumental ADL","Severe pain associated with signs of inflammation, erythema, or joint swelling; irreversible joint damage; limiting self care ADL",-,-,A disorder characterized by inflammation involving a joint.,-,95
Avascular necrosis,Musculoskeletal and connective tissue disorders,CTCAE v5.0,,Asymptomatic; clinical or diagnostic observations only; intervention not indicated,Symptomatic; limiting instrumental ADL,Severe symptoms; limiting self care ADL; elective operative intervention indicated,Life-threatening consequences; urgent intervention indicated,Death,"A disorder characterized by necrotic changes in the bone tissue due to interruption of blood supply. Most often affecting the epiphysis of the long bones, the necrotic changes result in the collapse and the destruction of the bone structure.",Use new term: Musculoskeletal and connective tissue disorders: Osteonecrosis,95
Back pain,Musculoskeletal and connective tissue disorders,CTCAE v5.0,,Mild pain,Moderate pain; limiting instrumental ADL,Severe pain; limiting self care ADL,-,-,A disorder characterized by a sensation of marked discomfort in the back region.,-,95
Bone pain,Musculoskeletal and connective tissue disorders,CTCAE v5.0,,Mild pain,Moderate pain; limiting instrumental ADL,Severe pain; limiting self care ADL,-,-,A disorder characterized by a sensation of marked discomfort in the bones.,-,95
Buttock pain,Musculoskeletal and connective tissue disorders,CTCAE v5.0,,Mild pain,Moderate pain; limiting instrumental ADL,Severe pain; limiting self care ADL,-,-,A disorder characterized by a sensation of marked discomfort in the buttocks.,-,95
Chest wall necrosis,Musculoskeletal and connective tissue disorders,CTCAE v5.0,,-,"Local wound care; medical intervention indicated (e.g., dressings or topical medications)","Operative debridement or other invasive intervention indicated (e.g., tissue reconstruction, flap, or grafting)",Life-threatening consequences; urgent intervention indicated,Death,A disorder characterized by a necrotic process occurring in the soft tissues of the chest wall including breast.,-,96
Chest wall pain,Musculoskeletal and connective tissue disorders,CTCAE v5.0,,Mild pain,Moderate pain; limiting instrumental ADL,Severe pain; limiting self care ADL,-,-,A disorder characterized by a sensation of marked discomfort in the chest wall.,-,96
Exostosis,Musculoskeletal and connective tissue disorders,CTCAE v5.0,,Asymptomatic; clinical or diagnostic observations only; intervention not indicated,Symptomatic; limiting instrumental ADL,Severe symptoms; limiting self care ADL; elective operative intervention indicated,-,-,A disorder characterized by non-neoplastic overgrowth of bone.,-,96
Fibrosis deep connective tissue,Musculoskeletal and connective tissue disorders,CTCAE v5.0,,"Mild induration, able to move skin parallel to plane (sliding) and perpendicular to skin (pinching up)","Moderate induration, able to slide skin, unable to pinch skin; limiting instrumental ADL","Severe induration; unable to slide or pinch skin; limiting joint or orifice movement (e.g., mouth, anus); limiting self care ADL",Generalized; associated with signs or symptoms of impaired breathing or feeding,Death,A disorder characterized by fibrotic degeneration of the deep connective tissues.,-,96
Flank pain,Musculoskeletal and connective tissue disorders,CTCAE v5.0,,Mild pain,Moderate pain; limiting instrumental ADL,Severe pain; limiting self care ADL,-,-,A disorder characterized by a sensation of marked discomfort on the lateral side of the body in the region below the ribs and above the hip.,-,96
Generalized muscle weakness,Musculoskeletal and connective tissue disorders,CTCAE v5.0,,Symptomatic; perceived by patient but not evident on physical exam,Symptomatic; evident on physical exam; limiting instrumental ADL,Limiting self care ADL,-,-,A disorder characterized by a reduction in the strength of muscles in multiple anatomic sites.,-,96
Growth suppression,Musculoskeletal and connective tissue disorders,CTCAE v5.0,,Reduction in growth velocity by 10 - 29% ideally measured over the period of a year,Reduction in growth velocity by 30 - 49% ideally measured over the period of a year or 0 - 49% reduction in growth from the baseline growth curve,Reduction in growth velocity of ≥50% ideally measured over the period of a year,-,-,A disorder characterized by stature that is smaller than normal as expected for age.,-,97
Head soft tissue necrosis,Musculoskeletal and connective tissue disorders,CTCAE v5.0,,-,"Local wound care; medical intervention indicated (e.g., dressings or topical medications)","Operative debridement or other invasive intervention indicated (e.g., tissue reconstruction, flap, or grafting)",Life-threatening consequences; urgent intervention indicated,Death,A disorder characterized by a necrotic process occurring in the soft tissues of the head.,-,97
Joint effusion,Musculoskeletal and connective tissue disorders,CTCAE v5.0,,Asymptomatic; clinical or diagnostic observations only; intervention not indicated,Symptomatic; limiting instrumental ADL,Severe symptoms; limiting self care ADL; invasive intervention indicated,-,-,"A disorder characterized by excessive fluid in a joint, usually as a result of joint inflammation.",-,97
Joint range of motion decreased,Musculoskeletal and connective tissue disorders,CTCAE v5.0,,≤25% loss of ROM (range of motion); decreased ROM limiting athletic activity,>25 - 50% decrease in ROM; limiting instrumental ADL,>50% decrease in ROM; limiting self care ADL,-,-,A disorder characterized by a decrease in joint flexibility of any joint.,-,97
Joint range of motion decreased cervical spine,Musculoskeletal and connective tissue disorders,CTCAE v5.0,,Mild restriction of rotation or flexion between 60 - 70 degrees,Rotation <60 degrees to right or left; <60 degrees of flexion,Ankylosed/fused over multiple segments with no C- spine rotation,-,-,A disorder characterized by a decrease in flexibility of a cervical spine joint.,-,97
Joint range of motion decreased lumbar spine,Musculoskeletal and connective tissue disorders,CTCAE v5.0,,Stiffness; difficulty bending to the floor to pick up a very light object but able to do athletic activity,Pain with range of motion (ROM) in lumbar spine; requires a reaching aid to pick up a very light object from the floor,"<50% lumbar spine flexion; associated with symptoms of ankylosis or fused over multiple segments with no L- spine flexion (e.g., unable to reach to floor to pick up a very light object)",-,-,A disorder characterized by a decrease in flexibility of a lumbar spine joint.,-,98
Kyphosis,Musculoskeletal and connective tissue disorders,CTCAE v5.0,,Asymptomatic; clinical or diagnostic observations only; intervention not indicated,Moderate accentuation; limiting instrumental ADL,Severe accentuation; operative intervention indicated; limiting self care ADL,-,-,A disorder characterized by an abnormal increase in the curvature of the thoracic portion of the spine.,-,98
Lordosis,Musculoskeletal and connective tissue disorders,CTCAE v5.0,,Asymptomatic; clinical or diagnostic observations only; intervention not indicated,Moderate accentuation; limiting instrumental ADL,Severe accentuation; operative intervention indicated; limiting self care ADL,-,-,A disorder characterized by an abnormal increase in the curvature of the lumbar portion of the spine.,-,98
Muscle cramp,Musculoskeletal and connective tissue disorders,CTCAE v5.0,,Mild pain,Moderate pain; limiting instrumental ADL,Severe pain; limiting self care ADL,-,-,A disorder characterized by marked cramping sensation originating from a muscle or group of muscles.,Synonym: Muscle spasm,98
Muscle weakness lower limb,Musculoskeletal and connective tissue disorders,CTCAE v5.0,,Symptomatic; perceived by patient but not evident on physical exam,Symptomatic; evident on physical exam; limiting instrumental ADL,Limiting self care ADL,-,-,A disorder characterized by a reduction in the strength of the lower limb muscles.,-,98
Muscle weakness trunk,Musculoskeletal and connective tissue disorders,CTCAE v5.0,,Symptomatic; perceived by patient but not evident on physical exam,Symptomatic; evident on physical exam; limiting instrumental ADL,Limiting self care ADL,-,-,A disorder characterized by a reduction in the strength of the trunk muscles.,-,98
Muscle weakness upper limb,Musculoskeletal and connective tissue disorders,CTCAE v5.0,,Symptomatic; perceived by patient but not evident on physical exam,Symptomatic; evident on physical exam; limiting instrumental ADL,Limiting self care ADL,-,-,A disorder characterized by a reduction in the strength of the upper limb muscles.,-,99
Musculoskeletal deformity,Musculoskeletal and connective tissue disorders,CTCAE v5.0,,Cosmetically and functionally insignificant hypoplasia,"Deformity, hypoplasia, or asymmetry able to be remediated by prosthesis (e.g., shoe insert) or covered by clothing","Significant deformity, hypoplasia, or asymmetry, unable to be remediated by prosthesis or covered by clothing; limiting self care ADL",-,-,A disorder characterized by a malformation of the musculoskeletal system.,-,99
Myalgia,Musculoskeletal and connective tissue disorders,CTCAE v5.0,,Mild pain,Moderate pain; limiting instrumental ADL,Severe pain; limiting self care ADL,-,-,A disorder characterized by marked discomfort sensation originating from a muscle or group of muscles.,-,99
Myositis,Musculoskeletal and connective tissue disorders,CTCAE v5.0,,Mild pain,Moderate pain associated with weakness; pain limiting instrumental ADL,Pain associated with severe weakness; limiting self care ADL,Life-threatening consequences; urgent intervention indicated,-,A disorder characterized by inflammation involving the skeletal muscles.,-,99
Neck pain,Musculoskeletal and connective tissue disorders,CTCAE v5.0,,Mild pain,Moderate pain; limiting instrumental ADL,Severe pain; limiting self care ADL,-,-,A disorder characterized by a sensation of marked discomfort in the neck area.,-,99
Neck soft tissue necrosis,Musculoskeletal and connective tissue disorders,CTCAE v5.0,,-,"Local wound care; medical intervention indicated (e.g., dressings or topical medications)","Operative debridement or other invasive intervention indicated (e.g., tissue reconstruction, flap, or grafting)",Life-threatening consequences; urgent intervention indicated,Death,A disorder characterized by a necrotic process occurring in the soft tissues of the neck.,-,99
Osteonecrosis,Musculoskeletal and connective tissue disorders,CTCAE v5.0,,Asymptomatic; clinical or diagnostic observations only; intervention not indicated,"Symptomatic; medical intervention indicated (e.g., analgesics or bisphosphonates); limiting instrumental ADL",Severe symptoms; limiting self care ADL; elective operative intervention indicated,Life-threatening consequences; urgent intervention indicated,Death,"A disorder characterized by necrotic changes in the bone tissue due to interruption of blood supply. Most often affecting the epiphysis of the long bones, the necrotic changes result in the collapse and the destruction of the bone structure.",-,100
Osteonecrosis of jaw,Musculoskeletal and connective tissue disorders,CTCAE v5.0,,Asymptomatic; clinical or diagnostic observations only; intervention not indicated,"Symptomatic; medical intervention indicated (e.g., topical agents); limiting instrumental ADL",Severe symptoms; limiting self care ADL; elective operative intervention indicated,Life-threatening consequences; urgent intervention indicated,Death,A disorder characterized by a necrotic process occurring in the bone of the mandible.,-,100
Osteoporosis,Musculoskeletal and connective tissue disorders,CTCAE v5.0,,Adult: Radiologic evidence of osteoporosis or Bone Mineral Density (BMD) t-score -1 to - 2.5 (osteopenia); Pediatric: Radiologic evidence of low BMD with z score of ≤ -2.0 and no history of significant fractures,"Adult: BMD t-score < -2.5; loss of height <2 cm; therapy to improve BMD indicated; limiting instrumental ADL; Pediatric: Low BMD (z-score ≤ -2.0) and significant fracture history (defined as a long bone fracture of the lower extremity, vertebral compression, 2 or more long bone fractures of the upper extremities); therapy to improve BMD indicated",Adult: Loss of height ≥2 cm; hospitalization indicated; limiting self care ADL; Pediatric: Limiting self care ADL,-,-,"A disorder characterized by reduced bone mass, with a decrease in cortical thickness and in the number and size of the trabeculae of cancellous bone (but normal chemical composition), resulting in increased fracture incidence.",-,100
Pain in extremity,Musculoskeletal and connective tissue disorders,CTCAE v5.0,,Mild pain,Moderate pain; limiting instrumental ADL,Severe pain; limiting self care ADL,-,-,A disorder characterized by a sensation of marked discomfort in the upper or lower extremities.,-,100
Pelvic soft tissue necrosis,Musculoskeletal and connective tissue disorders,CTCAE v5.0,,-,"Local wound care; medical intervention indicated (e.g., dressings or topical medications)","Operative debridement or other invasive intervention indicated (e.g., tissue reconstruction, flap, or grafting)",Life-threatening consequences; urgent intervention indicated,Death,A disorder characterized by a necrotic process occurring in the soft tissues of the pelvis.,-,101
Rhabdomyolysis,Musculoskeletal and connective tissue disorders,CTCAE v5.0,,"Asymptomatic, intervention not indicated; laboratory findings only",Non-urgent intervention indicated,"Symptomatic, urgent intervention indicated",Life-threatening consequences; dialysis,Death,A disorder characterized by the breakdown of muscle tissue resulting in the release of muscle fiber contents into the bloodstream.,-,101
Rotator cuff injury,Musculoskeletal and connective tissue disorders,CTCAE v5.0,,Asymptomatic or mild symptoms; clinical or diagnostic observations only; intervention not indicated,"Moderate; minimal, local or noninvasive intervention indicated; limiting instrumental ADL",Severe or medically significant but not immediately life-threatening; hospitalization or prolongation of existing hospitalization indicated; limiting self care ADL,-,-,A disorder characterized by an injury of the rotator cuff.,-,101
Scoliosis,Musculoskeletal and connective tissue disorders,CTCAE v5.0,,<20 degrees; clinically undetectable,>20 - 45 degrees; visible by forward flexion; limiting instrumental ADL,>45 degrees; scapular prominence in forward flexion; operative intervention indicated; limiting self care ADL,-,-,"A disorder characterized by a malformed, lateral curvature of the spine.",-,101
Soft tissue necrosis lower limb,Musculoskeletal and connective tissue disorders,CTCAE v5.0,,-,"Local wound care; medical intervention indicated (e.g., dressings or topical medications)","Operative debridement or other invasive intervention indicated (e.g., tissue reconstruction, flap, or grafting)",Life-threatening consequences; urgent intervention indicated,Death,A disorder characterized by a necrotic process occurring in the soft tissues of the lower extremity.,-,101
Soft tissue necrosis upper limb,Musculoskeletal and connective tissue disorders,CTCAE v5.0,,-,"Local wound care; medical intervention indicated (e.g., dressings or topical medications)","Operative debridement or other invasive intervention indicated (e.g., tissue reconstruction, flap, or grafting)",Life-threatening consequences; urgent intervention indicated,Death,A disorder characterized by a necrotic process occurring in the soft tissues of the upper extremity.,-,102
Superficial soft tissue fibrosis,Musculoskeletal and connective tissue disorders,CTCAE v5.0,,"Mild induration, able to move skin parallel to plane (sliding) and perpendicular to skin (pinching up)","Moderate induration, able to slide skin, unable to pinch skin; limiting instrumental ADL","Severe induration; unable to slide or pinch skin; limiting joint or orifice movement (e.g., mouth, anus); limiting self care ADL",Generalized; associated with signs or symptoms of impaired breathing or feeding,Death,A disorder characterized by fibrotic degeneration of the superficial soft tissues.,-,102
Trismus,Musculoskeletal and connective tissue disorders,CTCAE v5.0,,Decreased ROM (range of motion) without impaired eating,"Decreased ROM requiring small bites, soft foods or purees",Decreased ROM with inability to adequately aliment or hydrate orally,-,-,A disorder characterized by lack of ability to open the mouth fully due to a decrease in the range of motion of the muscles of mastication.,-,102
Unequal limb length,Musculoskeletal and connective tissue disorders,CTCAE v5.0,,Mild length discrepancy <2 cm,Moderate length discrepancy 2 - 5 cm; shoe lift indicated; limiting instrumental ADL,Severe length discrepancy >5 cm; limiting self care ADL; operative intervention indicated,-,-,A disorder characterized by a discrepancy between the lengths of the lower or upper extremities.,-,102
"Musculoskeletal and connective tissue disorder - Other, specify",Musculoskeletal and connective tissue disorders,CTCAE v5.0,,Asymptomatic or mild symptoms; clinical or diagnostic observations only; intervention not indicated,"Moderate; minimal, local or noninvasive intervention indicated; limiting age-appropriate instrumental ADL",Severe or medically significant but not immediately life-threatening; hospitalization or prolongation of existing hospitalization indicated; limiting self care ADL,Life-threatening consequences; urgent intervention indicated,Death,-,-,102
Leukemia secondary to oncology chemotherapy,"Neoplasms benign, malignant and unspecified (incl cysts and polyps)",CTCAE v5.0,,-,-,-,Present,Death,A disorder characterized by leukemia arising as a result of the mutagenic effect of chemotherapy agents.,-,103
Myelodysplastic syndrome,"Neoplasms benign, malignant and unspecified (incl cysts and polyps)",CTCAE v5.0,,-,-,-,Life-threatening consequences; urgent intervention indicated,Death,A disorder characterized by insufficiently healthy hematapoietic cell production by the bone marrow.,-,103
Skin papilloma,"Neoplasms benign, malignant and unspecified (incl cysts and polyps)",CTCAE v5.0,,Asymptomatic; intervention not indicated,Intervention initiated,-,-,-,A disorder characterized by the presence of one or more warts.,-,103
Treatment related secondary malignancy,"Neoplasms benign, malignant and unspecified (incl cysts and polyps)",CTCAE v5.0,,-,-,Non life-threatening secondary malignancy,Acute life-threatening secondary malignancy; blast crisis in leukemia,Death,A disorder characterized by development of a malignancy most probably as a result of treatment for a previously existing malignancy.,-,103
Tumor hemorrhage,"Neoplasms benign, malignant and unspecified (incl cysts and polyps)",CTCAE v5.0,,Mild symptoms; intervention not indicated,Moderate symptoms; intervention indicated,Transfusion indicated; invasive intervention indicated; hospitalization,Life-threatening consequences; urgent intervention indicated,Death,A disorder characterized by bleeding in a tumor.,-,103
Tumor pain,"Neoplasms benign, malignant and unspecified (incl cysts and polyps)",CTCAE v5.0,,Mild pain,Moderate pain; limiting instrumental ADL,Severe pain; limiting self care ADL,-,-,"A disorder characterized by a sensation of marked discomfort from a neoplasm that may be pressing on a nerve, blocking blood vessels, inflamed or fractured from metastasis.",-,103
"Neoplasms benign, malignant and unspecified (incl cysts and polyps) - Other, specify","Neoplasms benign, malignant and unspecified (incl cysts and polyps)",CTCAE v5.0,,Asymptomatic or mild symptoms; clinical or diagnostic observations only; intervention not indicated,"Moderate; minimal, local or noninvasive intervention indicated; limiting age-appropriate instrumental ADL",Severe or medically significant but not immediately life-threatening; hospitalization or prolongation of existing hospitalization indicated; limiting self care ADL,Life-threatening consequences; urgent intervention indicated,Death,-,-,103
Abducens nerve disorder,Nervous system disorders,CTCAE v5.0,,Asymptomatic; clinical or diagnostic observations only; intervention not indicated,Moderate symptoms; limiting instrumental ADL,Severe symptoms; limiting self care ADL,-,-,A disorder characterized by dysfunction of the abducens nerve (sixth cranial nerve).,-,104
Accessory nerve disorder,Nervous system disorders,CTCAE v5.0,,Asymptomatic; clinical or diagnostic observations only; intervention not indicated,Moderate symptoms; limiting instrumental ADL,Severe symptoms; limiting self care ADL,-,-,A disorder characterized by dysfunction of the accessory nerve (eleventh cranial nerve).,-,104
Acoustic nerve disorder NOS,Nervous system disorders,CTCAE v5.0,,Asymptomatic; clinical or diagnostic observations only; intervention not indicated,Moderate symptoms; limiting instrumental ADL,Severe symptoms; limiting self care ADL,-,-,A disorder characterized by dysfunction of the acoustic nerve (eighth cranial nerve).,-,104
Akathisia,Nervous system disorders,CTCAE v5.0,,Mild restlessness or increased motor activity,Moderate restlessness or increased motor activity; limiting instrumental ADL,Severe restlessness or increased motor activity; limiting self care ADL,-,-,A disorder characterized by an uncomfortable feeling of inner restlessness and inability to stay still; this is a side effect of some psychotropic drugs.,-,104
Amnesia,Nervous system disorders,CTCAE v5.0,,Mild; transient memory loss,Moderate; short term memory loss; limiting instrumental ADL,Severe; long term memory loss; limiting self care ADL,-,-,A disorder characterized by systematic and extensive loss of memory.,-,104
Anosmia,Nervous system disorders,CTCAE v5.0,,Present,-,-,-,-,A disorder characterized by a change in the sense of smell.,Also consider Olfactory nerve disorder,104
Aphonia,Nervous system disorders,CTCAE v5.0,,-,-,Voicelessness; unable to speak,-,-,A disorder characterized by the inability to speak. It may result from injuries to the vocal cords or may be functional (psychogenic).,-,104
Arachnoiditis,Nervous system disorders,CTCAE v5.0,,Mild symptoms,Moderate symptoms; limiting instrumental ADL,Severe symptoms; limiting self care ADL,Life-threatening consequences; urgent intervention indicated,Death,A disorder characterized by inflammation of the arachnoid membrane and adjacent subarachnoid space.,-,104
Ataxia,Nervous system disorders,CTCAE v5.0,,Asymptomatic; clinical or diagnostic observations only; intervention not indicated,Moderate symptoms; limiting instrumental ADL,Severe symptoms; limiting self care ADL; mechanical assistance indicated,-,-,A disorder characterized by lack of coordination of muscle movements resulting in the impairment or inability to perform voluntary activities.,-,105
Brachial plexopathy,Nervous system disorders,CTCAE v5.0,,Asymptomatic; clinical or diagnostic observations only; intervention not indicated,Moderate symptoms; limiting instrumental ADL,Severe symptoms; limiting self care ADL,-,-,"A disorder characterized by regional paresthesia of the brachial plexus, marked discomfort and muscle weakness, and limited movement in the arm or hand.",-,105
Central nervous system necrosis,Nervous system disorders,CTCAE v5.0,,Asymptomatic; clinical or diagnostic observations only; intervention not indicated,Moderate symptoms; corticosteroids indicated,Severe symptoms; medical intervention indicated,Life-threatening consequences; urgent intervention indicated,Death,A disorder characterized by a necrotic process occurring in the brain and/or spinal cord.,-,105
Cerebrospinal fluid leakage,Nervous system disorders,CTCAE v5.0,,Post-craniotomy: asymptomatic; Post-lumbar puncture: transient headache; postural care indicated,Post-craniotomy: moderate symptoms; medical intervention indicated; Post- lumbar puncture: persistent moderate symptoms; blood patch indicated,Severe symptoms; medical intervention indicated,Life-threatening consequences; urgent intervention indicated,Death,A disorder characterized by loss of cerebrospinal fluid into the surrounding tissues.,-,105
Cognitive disturbance,Nervous system disorders,CTCAE v5.0,,Mild cognitive disability; not interfering with work/school/life performance; specialized educational services/devices not indicated,Moderate cognitive disability; interfering with work/school/life performance but capable of independent living; specialized resources on part time basis indicated,Severe cognitive disability; significant impairment of work/school/life performance,-,-,A disorder characterized by a conspicuous change in cognitive function.,-,105
Concentration impairment,Nervous system disorders,CTCAE v5.0,,Mild inattention or decreased level of concentration,Moderate impairment in attention or decreased level of concentration; limiting instrumental ADL,Severe impairment in attention or decreased level of concentration; limiting self care ADL,-,-,A disorder characterized by a deterioration in the ability to concentrate.,-,105
Depressed level of consciousness,Nervous system disorders,CTCAE v5.0,,Decreased level of alertness,Sedation; slow response to stimuli; limiting instrumental ADL,Difficult to arouse,Life-threatening consequences; coma; urgent intervention indicated,Death,A disorder characterized by a decrease in ability to perceive and respond.,-,106
Dizziness,Nervous system disorders,CTCAE v5.0,,Mild unsteadiness or sensation of movement,Moderate unsteadiness or sensation of movement; limiting instrumental ADL,Severe unsteadiness or sensation of movement; limiting self care ADL,-,-,"A disorder characterized by a disturbing sensation of lightheadedness, unsteadiness, giddiness, spinning or rocking.",-,106
Dysarthria,Nervous system disorders,CTCAE v5.0,,Mild slurred speech,Moderate impairment of articulation or slurred speech,Severe impairment of articulation or slurred speech,-,-,A disorder characterized by slow and slurred speech resulting from an inability to coordinate the muscles used in speech.,-,106
Dysesthesia,Nervous system disorders,CTCAE v5.0,,Mild sensory alteration,Moderate sensory alteration; limiting instrumental ADL,Severe sensory alteration; limiting self care ADL,-,-,"A disorder characterized by distortion of sensory perception, resulting in an abnormal and unpleasant sensation.",-,106
Dysgeusia,Nervous system disorders,CTCAE v5.0,,Altered taste but no change in diet,"Altered taste with change in diet (e.g., oral supplements); noxious or unpleasant taste; loss of taste",-,-,-,A disorder characterized by abnormal sensual experience with the taste of foodstuffs; it can be related to a decrease in the sense of smell.,-,106
Dysphasia,Nervous system disorders,CTCAE v5.0,,Awareness of receptive or expressive characteristics; not impairing ability to communicate,Moderate receptive or expressive characteristics; impairing ability to communicate spontaneously,"Severe receptive or expressive characteristics; impairing ability to read, write or communicate intelligibly",-,-,"A disorder characterized by impairment of verbal communication skills, often resulting from brain damage.",-,106
Edema cerebral,Nervous system disorders,CTCAE v5.0,,-,-,New onset; worsening from baseline,Life-threatening consequences; urgent intervention indicated,Death,A disorder characterized by swelling due to an excessive accumulation of fluid in the brain.,-,106
Encephalopathy,Nervous system disorders,CTCAE v5.0,,Mild symptoms,Moderate symptoms; limiting instrumental ADL,Severe symptoms; limiting self care ADL,Life-threatening consequences; urgent intervention indicated,Death,A disorder characterized by a pathologic process involving the brain.,-,107
Extrapyramidal disorder,Nervous system disorders,CTCAE v5.0,,Mild involuntary movements,Moderate involuntary movements; limiting instrumental ADL,Severe involuntary movements or torticollis; limiting self care ADL,Life-threatening consequences; urgent intervention indicated,Death,"A disorder characterized by abnormal, repetitive, involuntary muscle movements, frenzied speech and extreme restlessness.",Synonym: Restless legs,107
Facial muscle weakness,Nervous system disorders,CTCAE v5.0,,Asymptomatic; clinical or diagnostic observations only; intervention not indicated,Moderate symptoms; limiting instrumental ADL,Severe symptoms; limiting self care ADL,-,-,A disorder characterized by a reduction in the strength of the facial muscles.,-,107
Facial nerve disorder,Nervous system disorders,CTCAE v5.0,,Asymptomatic; clinical or diagnostic observations only; intervention not indicated,Moderate symptoms; limiting instrumental ADL,Severe symptoms; limiting self care ADL,-,-,A disorder characterized by dysfunction of the facial nerve (seventh cranial nerve).,-,107
Glossopharyngeal nerve disorder,Nervous system disorders,CTCAE v5.0,,Asymptomatic; clinical or diagnostic observations only; intervention not indicated,Moderate symptoms; limiting instrumental ADL,Severe symptoms; limiting self care ADL,Life-threatening consequences; urgent intervention indicated,Death,A disorder characterized by dysfunction of the glossopharyngeal nerve (ninth cranial nerve).,-,107
Guillain-Barre syndrome,Nervous system disorders,CTCAE v5.0,,Mild symptoms,Moderate symptoms; limiting instrumental ADL,Severe symptoms; limiting self care ADL,Life-threatening consequences; urgent intervention indicated; intubation,Death,A disorder characterized by the body's immune system attacking the peripheral nervous system causing ascending paralysis.,-,107
Headache,Nervous system disorders,CTCAE v5.0,,Mild pain,Moderate pain; limiting instrumental ADL,Severe pain; limiting self care ADL,-,-,"A disorder characterized by a sensation of marked discomfort in various parts of the head, not confined to the area of distribution of any nerve.",-,107
Hydrocephalus,Nervous system disorders,CTCAE v5.0,,Asymptomatic; clinical or diagnostic observations only; intervention not indicated,Moderate symptoms; intervention not indicated,Severe symptoms or neurological deficit; intervention indicated,Life-threatening consequences; urgent intervention indicated,Death,A disorder characterized by an abnormal increase of cerebrospinal fluid in the ventricles of the brain.,-,108
Hypersomnia,Nervous system disorders,CTCAE v5.0,,Mild increased need for sleep,Moderate increased need for sleep,Severe increased need for sleep,-,-,A disorder characterized by characterized by excessive sleepiness during the daytime.,-,108
Hypoglossal nerve disorder,Nervous system disorders,CTCAE v5.0,,Asymptomatic; clinical or diagnostic observations only; intervention not indicated,Moderate symptoms; limiting instrumental ADL,Severe symptoms; limiting self care ADL,-,-,A disorder characterized by dysfunction of the hypoglossal nerve (twelfth cranial nerve).,-,108
Intracranial hemorrhage,Nervous system disorders,CTCAE v5.0,,Asymptomatic; clinical or diagnostic observations only; intervention not indicated,Moderate symptoms; intervention indicated,"Ventriculostomy, ICP monitoring, intraventricular thrombolysis, or invasive intervention indicated; hospitalization",Life-threatening consequences; urgent intervention indicated,Death,A disorder characterized by bleeding from the cranium.,-,108
Ischemia cerebrovascular,Nervous system disorders,CTCAE v5.0,,Asymptomatic; clinical or diagnostic observations only; intervention not indicated,Moderate symptoms,-,-,-,A disorder characterized by a decrease or absence of blood supply to the brain caused by obstruction (thrombosis or embolism) of an artery resulting in neurological damage.,Prior to using this term consider Nervous system disorder: TIA or Stroke,108
Lethargy,Nervous system disorders,CTCAE v5.0,,Mild symptoms; reduced alertness and awareness,Moderate symptoms; limiting instrumental ADL,-,-,-,A disorder characterized by a decrease in consciousness characterized by mental and physical inertness.,-,108
Leukoencephalopathy,Nervous system disorders,CTCAE v5.0,,Asymptomatic; small focal T2/FLAIR hyperintensities; involving periventricular white matter or <1/3 of susceptible areas of cerebrum +/- mild increase in subarachnoid space (SAS) and/or mild ventriculomegaly,"Moderate symptoms; focal T2/FLAIR hyperintensities, involving periventricular white matter extending into centrum semiovale or involving 1/3 to 2/3 of susceptible areas of cerebrum +/- moderate increase in SAS and/or moderate ventriculomegaly","Severe symptoms; extensive T2/FLAIR hyperintensities, involving periventricular white matter involving 2/3 or more of susceptible areas of cerebrum +/- moderate to severe increase in SAS and/or moderate to severe ventriculomegaly","Life-threatening consequences; extensive T2/FLAIR hyperintensities, involving periventricular white matter involving most of susceptible areas of cerebrum +/- moderate to severe increase in SAS and/or moderate to severe ventriculomegaly",Death,A disorder characterized by diffuse reactive astrocytosis with multiple areas of necrotic foci without inflammation.,-,109
Memory impairment,Nervous system disorders,CTCAE v5.0,,Mild memory impairment,Moderate memory impairment; limiting instrumental ADL,Severe memory impairment; limiting self care ADL,-,-,A disorder characterized by a deterioration in memory function.,-,109
Meningismus,Nervous system disorders,CTCAE v5.0,,Mild symptoms,Moderate symptoms; limiting instrumental ADL,Severe symptoms; limiting self care ADL,Life-threatening consequences; urgent intervention indicated,Death,"A disorder characterized by neck stiffness, headache, and photophobia resulting from irritation of the cerebral meninges.",-,109
Movements involuntary,Nervous system disorders,CTCAE v5.0,,Mild symptoms,Moderate symptoms; limiting instrumental ADL,Severe symptoms; limiting self care ADL,-,-,A disorder characterized by uncontrolled and purposeless movements.,-,109
Muscle weakness left-sided,Nervous system disorders,CTCAE v5.0,,Symptomatic; perceived by patient but not evident on physical exam,Symptomatic; evident on physical exam; limiting instrumental ADL,Limiting self care ADL,-,-,A disorder characterized by a reduction in the strength of the muscles on the left side of the body.,-,109
Muscle weakness right-sided,Nervous system disorders,CTCAE v5.0,,Symptomatic; perceived by patient but not evident on physical exam,Symptomatic; evident on physical exam; limiting instrumental ADL,Limiting self care ADL,-,-,A disorder characterized by a reduction in the strength of the muscles on the right side of the body.,-,109
Myasthenia gravis,Nervous system disorders,CTCAE v5.0,,Asymptomatic or mild symptoms; clinical or diagnostic observations only; intervention not indicated,"Moderate; minimal, local or noninvasive intervention indicated; limiting age-appropriate instrumental ADL",Severe or medically significant but not immediately life-threatening; hospitalization or prolongation of existing hospitalization indicated; limiting self care ADL,Life-threatening consequences; urgent intervention indicated,Death,A disorder characterized by weakness and rapid fatigue of any of the skeletal muscles.,-,110
Neuralgia,Nervous system disorders,CTCAE v5.0,,Mild pain,Moderate pain; limiting instrumental ADL,Severe pain; limiting self care ADL,-,-,A disorder characterized by intense painful sensation along a nerve or group of nerves.,-,110
Nystagmus,Nervous system disorders,CTCAE v5.0,,-,Moderate symptoms; limiting instrumental ADL,Severe symptoms; limiting self care ADL,-,-,A disorder characterized by involuntary movements of the eyeballs.,-,110
Oculomotor nerve disorder,Nervous system disorders,CTCAE v5.0,,Asymptomatic; clinical or diagnostic observations only; intervention not indicated,Moderate symptoms; limiting instrumental ADL,Severe symptoms; limiting self care ADL,-,-,A disorder characterized by dysfunction of the oculomotor nerve (third cranial nerve).,-,110
Olfactory nerve disorder,Nervous system disorders,CTCAE v5.0,,-,Moderate symptoms; limiting instrumental ADL,Severe symptoms; limiting self care ADL,-,-,A disorder characterized by dysfunction of the olfactory nerve (first cranial nerve).,-,110
Paresthesia,Nervous system disorders,CTCAE v5.0,,Mild symptoms,Moderate symptoms; limiting instrumental ADL,Severe symptoms; limiting self care ADL,-,-,"A disorder characterized by functional disturbances of sensory neurons resulting in abnormal cutaneous sensations of tingling, numbness, pressure, cold, and/or warmth.",-,110
Peripheral motor neuropathy,Nervous system disorders,CTCAE v5.0,,Asymptomatic; clinical or diagnostic observations only,Moderate symptoms; limiting instrumental ADL,Severe symptoms; limiting self care ADL,Life-threatening consequences; urgent intervention indicated,Death,A disorder characterized by damage or dysfunction of the peripheral motor nerves.,Also consider Nervous system disroders: Peripheral sensory neuropathy,110
Peripheral sensory neuropathy,Nervous system disorders,CTCAE v5.0,,Asymptomatic,Moderate symptoms; limiting instrumental ADL,Severe symptoms; limiting self care ADL,Life-threatening consequences; urgent intervention indicated,-,A disorder characterized by damage or dysfunction of the peripheral sensory nerves.,-,111
Phantom pain,Nervous system disorders,CTCAE v5.0,,Mild pain,Moderate pain; limiting instrumental ADL,Severe pain; limiting self care ADL,-,-,A disorder characterized by a sensation of marked discomfort related to a limb or an organ that is removed from or is not physically part of the body.,-,111
Presyncope,Nervous system disorders,CTCAE v5.0,,-,"Present (e.g., near fainting)",-,-,-,A disorder characterized by an episode of lightheadedness and dizziness which may precede an episode of syncope.,-,111
Pyramidal tract syndrome,Nervous system disorders,CTCAE v5.0,,Asymptomatic; clinical or diagnostic observations only; intervention not indicated,Moderate symptoms; limiting instrumental ADL,Severe symptoms; limiting self care ADL,Life-threatening consequences; urgent intervention indicated,Death,"A disorder characterized by dysfunction of the corticospinal (pyramidal) tracts of the spinal cord. Symptoms include an increase in the muscle tone in the lower extremities, hyperreflexia, positive Babinski and a decrease in fine motor coordination.",-,111
Radiculitis,Nervous system disorders,CTCAE v5.0,,Mild symptoms,Moderate symptoms; medical intervention indicated; limiting instrumental ADL,Severe symptoms; limiting self care ADL,Life-threatening consequences; urgent intervention indicated,Death,A disorder characterized by inflammation involving a nerve root. Patients experience marked discomfort radiating along a nerve path because of spinal pressure on the connecting nerve root.,-,111
Recurrent laryngeal nerve palsy,Nervous system disorders,CTCAE v5.0,,Asymptomatic; clinical or diagnostic observations only; intervention not indicated,Moderate symptoms,"Severe symptoms; medical intervention indicated (e.g., thyroplasty, vocal cord injection)",Life-threatening consequences; urgent intervention indicated,Death,A disorder characterized by paralysis of the recurrent laryngeal nerve.,-,111
Reversible posterior leukoencephalopathy syndrome,Nervous system disorders,CTCAE v5.0,,-,Moderate symptoms; limiting instrumental ADL,Severe symptoms; limiting self care ADL; hospitalization,Life-threatening consequences,Death,"A disorder characterized by headaches, mental status changes, visual disturbances, and/or seizures associated with imaging findings of posterior leukoencephalopathy. It has been observed in association with hypertensive encephalopathy, eclampsia, and immunosuppressive and cytotoxic drug treatment. It is an acute or subacute reversible condition. Also known as posterior reversible encephalopathy syndrome (PRES).",-,111
Seizure,Nervous system disorders,CTCAE v5.0,,Brief partial seizure and no loss of consciousness,Brief generalized seizure,New onset seizures (partial or generalized); multiple seizures despite medical intervention,Life-threatening consequences; prolonged repetitive seizures,Death,"A disorder characterized by a sudden, involuntary skeletal muscular contractions of cerebral or brain stem origin.",-,112
Somnolence,Nervous system disorders,CTCAE v5.0,,Mild but more than usual drowsiness or sleepiness,Moderate sedation; limiting instrumental ADL,Obtundation or stupor,Life-threatening consequences; urgent intervention indicated,Death,A disorder characterized by characterized by excessive sleepiness and drowsiness.,-,112
Spasticity,Nervous system disorders,CTCAE v5.0,,Mild or slight increase in muscle tone,Moderate increase in muscle tone and increase in resistance through range of motion,Severe increase in muscle tone and increase in resistance through range of motion,Life-threatening consequences; unable to move active or passive range of motion,Death,"A disorder characterized by increased involuntary muscle tone that affects the regions interfering with voluntary movement. It results in gait, movement, and speech disturbances.",-,112
Spinal cord compression,Nervous system disorders,CTCAE v5.0,,-,-,Severe symptoms; limiting self care ADL,Life-threatening consequences; urgent intervention indicated,Death,A disorder characterized by pressure on the spinal cord.,-,112
Stroke,Nervous system disorders,CTCAE v5.0,,Incidental radiographic findings only,Mild to moderate neurologic deficit; limiting instrumental ADL,Severe neurologic deficit; limiting self care ADL; hospitalization,Life-threatening consequences; urgent intervention indicated,Death,A disorder characterized by a decrease or absence of blood supply to the brain caused by obstruction (thrombosis or embolism) of an artery resulting in neurological damage.,-,112
Syncope,Nervous system disorders,CTCAE v5.0,,-,-,Fainting; orthostatic collapse,-,-,A disorder characterized by spontaneous loss of consciousness caused by insufficient blood supply to the brain.,-,112
Tendon reflex decreased,Nervous system disorders,CTCAE v5.0,,Ankle reflex reduced,Ankle reflex absent; other reflexes reduced,Absence of all reflexes,-,-,A disorder characterized by less than normal deep tendon reflexes.,Also consider Nervous system disorders: Peripheral motor neuropathy or Peripheral sensory neuropathy,112
Transient ischemic attacks,Nervous system disorders,CTCAE v5.0,,Mild neurologic deficit with or without imaging confirmation,Moderate neurologic deficit with or without imaging confirmation,-,-,-,"A disorder characterized by a brief attack (less than 24 hours) of cerebral dysfunction of vascular origin, with no persistent neurological deficit.","If >24 hours, Consider Nervous system disorders: Stroke",113
Tremor,Nervous system disorders,CTCAE v5.0,,Mild symptoms,Moderate symptoms; limiting instrumental ADL,Severe symptoms; limiting self care ADL,-,-,A disorder characterized by the uncontrolled shaking movement of the whole body or individual parts.,-,113
Trigeminal nerve disorder,Nervous system disorders,CTCAE v5.0,,Asymptomatic; clinical or diagnostic observations only; intervention not indicated,Moderate symptoms; limiting instrumental ADL,Severe symptoms; limiting self care ADL,-,-,A disorder characterized by dysfunction of the trigeminal nerve (fifth cranial nerve).,-,113
Trochlear nerve disorder,Nervous system disorders,CTCAE v5.0,,Asymptomatic; clinical or diagnostic observations only; intervention not indicated,Moderate symptoms; limiting instrumental ADL,Severe symptoms; limiting self care ADL,-,-,A disorder characterized by dysfunction of the trochlear nerve (fourth cranial nerve).,-,113
Vagus nerve disorder,Nervous system disorders,CTCAE v5.0,,Asymptomatic; clinical or diagnostic observations only; intervention not indicated,Moderate symptoms; limiting instrumental ADL,Severe symptoms; limiting self care ADL,Life-threatening consequences; urgent intervention indicated,Death,A disorder characterized by dysfunction of the vagus nerve (tenth cranial nerve).,-,113
Vasovagal reaction,Nervous system disorders,CTCAE v5.0,,-,-,Present,Life-threatening consequences; urgent intervention indicated,Death,"A disorder characterized by a sudden drop of the blood pressure, bradycardia, and peripheral vasodilation that may lead to loss of consciousness. It results from an increase in the stimulation of the vagus nerve.",-,113
"Nervous system disorders - Other, specify",Nervous system disorders,CTCAE v5.0,,Asymptomatic or mild symptoms; clinical or diagnostic observations only; intervention not indicated,"Moderate; minimal, local or noninvasive intervention indicated; limiting age-appropriate instrumental ADL",Severe or medically significant but not immediately life-threatening; hospitalization or prolongation of existing hospitalization indicated; limiting self care ADL,Life-threatening consequences; urgent intervention indicated,Death,-,-,113
Fetal growth retardation,"Pregnancy, puerperium and perinatal conditions",CTCAE v5.0,,-,<10% percentile of weight for gestational age,<5% percentile of weight for gestational age,<1% percentile of weight for gestational age,-,A disorder characterized by inhibition of fetal growth resulting in the inability of the fetus to achieve its potential weight.,-,114
Pregnancy loss,"Pregnancy, puerperium and perinatal conditions",CTCAE v5.0,,-,-,-,Fetal loss at any gestational age,-,Death in utero.,-,114
Premature delivery,"Pregnancy, puerperium and perinatal conditions",CTCAE v5.0,,Delivery of a liveborn infant at >34 to 37 weeks gestation,Delivery of a liveborn infant at >28 to 34 weeks gestation,Delivery of a liveborn infant at 24 to 28 weeks gestation,Delivery of a liveborn infant at 24 weeks of gestation or less,-,"A disorder characterized by delivery of a viable infant before the normal end of gestation. Typically, viability is achievable between the twentieth and thirty-seventh week of gestation.",-,114
"Pregnancy, puerperium and perinatal conditions - Other, specify","Pregnancy, puerperium and perinatal conditions",CTCAE v5.0,,Asymptomatic or mild symptoms; clinical or diagnostic observations only; intervention not indicated,"Moderate; minimal, local or noninvasive intervention indicated; limiting age-appropriate instrumental ADL",Severe or medically significant but not immediately life-threatening; hospitalization or prolongation of existing hospitalization indicated; limiting self care ADL,Life-threatening consequences; urgent intervention indicated,Death,-,-,114
Agitation,Psychiatric disorders,CTCAE v5.0,,Mild mood alteration,Moderate mood alteration,Severe agitation; hospitalization not indicated,Life-threatening consequences; urgent intervention indicated,-,A disorder characterized by a state of restlessness associated with unpleasant feelings of irritability and tension.,-,115
Anorgasmia,Psychiatric disorders,CTCAE v5.0,,Inability to achieve orgasm not adversely affecting relationship,Inability to achieve orgasm adversely affecting relationship,-,-,-,A disorder characterized by an inability to achieve orgasm.,-,115
Anxiety,Psychiatric disorders,CTCAE v5.0,,Mild symptoms; intervention not indicated,Moderate symptoms; limiting instrumental ADL,Severe symptoms; limiting self care ADL; hospitalization indicated,Life-threatening consequences; urgent intervention indicated,-,"A disorder characterized by apprehension of danger and dread accompanied by restlessness, tension, tachycardia, and dyspnea unattached to a clearly identifiable stimulus.",-,115
Confusion,Psychiatric disorders,CTCAE v5.0,,Mild disorientation,Moderate disorientation; limiting instrumental ADL,Severe disorientation; limiting self care ADL,Life-threatening consequences; urgent intervention indicated,-,A disorder characterized by a lack of clear and orderly thought and behavior.,-,115
Delayed orgasm,Psychiatric disorders,CTCAE v5.0,,Delay in achieving orgasm not adversely affecting relationship,Delay in achieving orgasm adversely affecting relationship,-,-,-,A disorder characterized by sexual dysfunction characterized by a delay in climax.,-,115
Delirium,Psychiatric disorders,CTCAE v5.0,,Mild acute confusional state,Moderate and acute confusional state; limiting instrumental ADL,Severe and acute confusional state; limiting self care ADL; urgent intervention indicated; new onset,"Life-threatening consequences, threats of harm to self or others; urgent intervention indicated",Death,"A disorder characterized by the acute and sudden development of confusion, illusions, movement changes, inattentiveness, agitation, and hallucinations. Usually, it is a reversible condition.",-,115
Delusions,Psychiatric disorders,CTCAE v5.0,,-,Moderate delusional symptoms,Severe delusional symptoms; hospitalization not indicated; new onset,"Life-threatening consequences, threats of harm to self or others; hospitalization indicated",Death,"A disorder characterized by false personal beliefs held contrary to reality, despite contradictory evidence and common sense.",-,115
Depression,Psychiatric disorders,CTCAE v5.0,,Mild depressive symptoms,Moderate depressive symptoms; limiting instrumental ADL,Severe depressive symptoms; limiting self care ADL; hospitalization not indicated,"Life-threatening consequences, threats of harm to self or others; hospitalization indicated",Death,A disorder characterized by melancholic feelings of grief or unhappiness.,-,116
Euphoria,Psychiatric disorders,CTCAE v5.0,,Mild mood elevation,Moderate mood elevation,"Severe mood elevation (e.g., hypomania)",-,-,A disorder characterized by an exaggerated feeling of well-being which is disproportionate to events and stimuli.,-,116
Hallucinations,Psychiatric disorders,CTCAE v5.0,,"Mild hallucinations (e.g., perceptual distortions)",Moderate hallucinations,Severe hallucinations; hospitalization not indicated,"Life-threatening consequences, threats of harm to self or others; hospitalization indicated",Death,A disorder characterized by a false sensory perception in the absence of an external stimulus.,-,116
Insomnia,Psychiatric disorders,CTCAE v5.0,,"Mild difficulty falling asleep, staying asleep or waking up early","Moderate difficulty falling asleep, staying asleep or waking up early","Severe difficulty in falling asleep, staying asleep or waking up early",-,-,A disorder characterized by difficulty in falling asleep and/or remaining asleep.,-,116
Irritability,Psychiatric disorders,CTCAE v5.0,,Mild; easily consolable,Moderate; limiting instrumental ADL; increased attention indicated,Severe abnormal or excessive response; limiting self care ADL; inconsolable; medical or psychiatric intervention indicated,-,-,"A disorder characterized by an abnormal responsiveness to stimuli or physiological arousal; may be in response to pain, fright, a drug, an emotional situation or a medical condition.",-,116
Libido decreased,Psychiatric disorders,CTCAE v5.0,,Decrease in sexual interest not adversely affecting relationship,Decrease in sexual interest adversely affecting relationship,-,-,-,A disorder characterized by a decrease in sexual desire.,-,116
Libido increased,Psychiatric disorders,CTCAE v5.0,,Present,-,-,-,-,A disorder characterized by an increase in sexual desire.,-,116
Mania,Psychiatric disorders,CTCAE v5.0,,"Mild manic symptoms (e.g., elevated mood, rapid thoughts, rapid speech, decreased need for sleep)","Moderate manic symptoms (e.g., relationship and work difficulties; poor hygiene)","Severe manic symptoms (e.g., hypomania; major sexual or financial indiscretions); hospitalization not indicated; new onset","Life-threatening consequences, threats of harm to self or others; hospitalization indicated",Death,"A disorder characterized by excitement of psychotic proportions manifested by mental and physical hyperactivity, disorganization of behavior and elevation of mood.",-,117
Personality change,Psychiatric disorders,CTCAE v5.0,,Mild personality change,Moderate personality change,Severe personality change; hospitalization not indicated,"Life-threatening consequences, threats of harm to self or others; hospitalization indicated",-,A disorder characterized by a conspicuous change in a person's behavior and thinking.,-,117
Psychosis,Psychiatric disorders,CTCAE v5.0,,Mild psychotic symptoms,"Moderate psychotic symptoms (e.g., disorganized speech; impaired reality testing)","Severe psychotic symptoms (e.g., paranoid, extreme disorganization); hospitalization not indicated; new onset","Life-threatening consequences, threats of harm to self or others; hospitalization indicated",Death,"A disorder characterized by personality change, impaired functioning, and loss of touch with reality. It may be a manifestation of schizophrenia, bipolar disorder or brain tumor.",-,117
Restlessness,Psychiatric disorders,CTCAE v5.0,,Mild symptoms; intervention not indicated,Moderate symptoms; limiting instrumental ADL,Severe symptoms; limiting self care ADL,-,-,"A disorder characterized by an inability to rest, relax or be still.",-,117
Suicidal ideation,Psychiatric disorders,CTCAE v5.0,,Increased thoughts of death but no wish to kill oneself,Suicidal ideation with no specific plan or intent,Specific plan to commit suicide without serious intent to die which may not require hospitalization,Specific plan to commit suicide with serious intent to die which requires hospitalization,-,A disorder characterized by thoughts of taking one's own life.,-,117
Suicide attempt,Psychiatric disorders,CTCAE v5.0,,-,-,Suicide attempt or gesture without intent to die,Suicide attempt with intent to die which requires hospitalization,Death,A disorder characterized by self-inflicted harm in an attempt to end one's own life.,-,117
"Psychiatric disorders - Other, specify",Psychiatric disorders,CTCAE v5.0,,Asymptomatic or mild symptoms; clinical or diagnostic observations only; intervention not indicated,"Moderate; minimal, local or noninvasive intervention indicated; limiting age-appropriate instrumental ADL",Severe or medically significant but not immediately life-threatening; limiting self care ADL,Life-threatening consequences; hospitalization or urgent intervention indicated,Death,-,-,118
Acute kidney injury,Renal and urinary disorders,CTCAE v5.0,,-,-,Hospitalization indicated,Life-threatening consequences; dialysis indicated,Death,"A disorder characterized by the acute loss of renal function (within 2 weeks) and is traditionally classified as pre-renal (low blood flow into kidney), renal (kidney damage) and post-renal causes (ureteral or bladder outflow obstruction).",Also consider Investigations: Creatinine increased,119
Bladder perforation,Renal and urinary disorders,CTCAE v5.0,,-,Invasive intervention not indicated,Invasive intervention indicated,Life-threatening consequences; organ failure; urgent operative intervention indicated,Death,A disorder characterized by a rupture in the bladder wall.,-,119
Bladder spasm,Renal and urinary disorders,CTCAE v5.0,,Intervention not indicated,Antispasmodics indicated,Hospitalization indicated,-,-,A disorder characterized by a sudden and involuntary contraction of the bladder wall.,-,119
Chronic kidney disease,Renal and urinary disorders,CTCAE v5.0,,eGFR (estimated Glomerular Filtration Rate) or CrCl (creatinine clearance) <LLN - 60 ml/min/1.73 m2 or proteinuria 2+ present; urine protein/creatinine >0.5,eGFR or CrCl 59 - 30 ml/min/1.73 m2,eGFR or CrCl 29 - 15 ml/min/1.73 m2,eGFR or CrCl <15 ml/min/1.73 m2; dialysis or renal transplant indicated,Death,A disorder characterized by gradual and usually permanent loss of kidney function resulting in renal failure.,-,119
Cystitis noninfective,Renal and urinary disorders,CTCAE v5.0,,"Microscopic hematuria; minimal increase in frequency, urgency, dysuria, or nocturia; new onset of incontinence","Moderate hematuria; moderate increase in frequency, urgency, dysuria, nocturia or incontinence; urinary catheter placement or bladder irrigation indicated; limiting instrumental ADL","Gross hematuria; transfusion, IV medications, or hospitalization indicated; elective invasive intervention indicated",Life-threatening consequences; urgent invasive intervention indicated,Death,A disorder characterized by inflammation of the bladder which is not caused by an infection of the urinary tract.,-,119
Dysuria,Renal and urinary disorders,CTCAE v5.0,,Present,-,-,-,-,A disorder characterized by painful urination.,"If associated with an infection, report the infection. For grades higher than Grade 1, consider Renal and urinary disorders: Bladder spasm or Cystitis noninfective; Infections and infestations: Urinary tract infection.",119
Glucosuria,Renal and urinary disorders,CTCAE v5.0,,Present,-,-,-,-,A disorder characterized by laboratory test results that indicate glucose in the urine.,-,120
Hematuria,Renal and urinary disorders,CTCAE v5.0,,Asymptomatic; clinical or diagnostic observations only; intervention not indicated,Symptomatic; urinary catheter or bladder irrigation indicated; limiting instrumental ADL,"Gross hematuria; transfusion, IV medications, or hospitalization indicated; elective invasive intervention indicated; limiting self care ADL",Life-threatening consequences; urgent invasive intervention indicated,Death,A disorder characterized by laboratory test results that indicate blood in the urine.,-,120
Hemoglobinuria,Renal and urinary disorders,CTCAE v5.0,,Asymptomatic; clinical or diagnostic observations only; intervention not indicated,-,-,-,-,A disorder characterized by laboratory test results that indicate the presence of free hemoglobin in the urine.,Report underlying AE if > Grade 1,120
Nephrotic syndrome,Renal and urinary disorders,CTCAE v5.0,,-,-,Not immediately life-threatening; hospitalization or prolongation of existing hospitalization indicated; limiting self care ADL,Life-threatening consequences; urgent intervention indicated,Death,"A disorder characterized by symptoms that include severe edema, proteinuria, and hypoalbuminemia; it is indicative of renal dysfunction.",-,120
Proteinuria,Renal and urinary disorders,CTCAE v5.0,,1+ proteinuria; urinary protein ≥ULN - <1.0 g/24 hrs,Adult: 2+ and 3+ proteinuria; urinary protein 1.0 - <3.5 g/24 hrs; Pediatric: Urine P/C (Protein/Creatinine) ratio 0.5 - 1.9,Adult: Urinary protein ≥3.5 g/24 hrs; 4+ proteinuria; Pediatric: Urine P/C (Protein/Creatinine) ratio >1.9,-,-,"A disorder characterized by laboratory test results that indicate the presence of excessive protein in the urine. It is predominantly albumin, but also globulin.",24-hour urine collection takes precedence over dipstick,120
Renal calculi,Renal and urinary disorders,CTCAE v5.0,,Asymptomatic or mild symptoms; occasional use of nonprescription analgesics indicated,Symptomatic; oral antiemetics indicated; around the clock nonprescription analgesics or any oral narcotic analgesics indicated,"Hospitalization indicated; IV intervention (e.g., analgesics, antiemetics); elective invasive intervention indicated",Life-threatening consequences; urgent invasive intervention indicated,Death,A disorder characterized by the formation of crystals/kidney stones in the pelvis of the kidney.,-,121
Renal colic,Renal and urinary disorders,CTCAE v5.0,,Mild pain not interfering with activity; nonprescription medication indicated,Moderate pain; limiting instrumental ADL; prescription medication indicated,Hospitalization indicated; limiting self care ADL,-,-,"A disorder characterized by paroxysmal and severe flank marked discomfort radiating to the inguinal area. Often, the cause is the passage of crystals/kidney stones.",-,121
Renal hemorrhage,Renal and urinary disorders,CTCAE v5.0,,Mild symptoms; intervention not indicated,Analgesics and hematocrit monitoring indicated,Transfusion indicated; invasive intervention indicated; hospitalization,Life-threatening consequences; urgent intervention indicated,Death,A disorder characterized by bleeding from the kidney.,-,121
Urinary fistula,Renal and urinary disorders,CTCAE v5.0,,-,"Symptomatic, invasive intervention not indicated",Invasive intervention indicated,Life-threatening consequences; urgent invasive intervention indicated,Death,A disorder characterized by an abnormal communication between any part of the urinary system and another organ or anatomic site.,-,121
Urinary frequency,Renal and urinary disorders,CTCAE v5.0,,Present,Limiting instrumental ADL; medical management indicated,-,-,-,A disorder characterized by urination at short intervals.,-,121
Urinary incontinence,Renal and urinary disorders,CTCAE v5.0,,"Occasional (e.g., with coughing, sneezing, etc.), pads not indicated",Spontaneous; pads indicated; limiting instrumental ADL,"Intervention indicated (e.g., clamp, collagen injections); operative intervention indicated; limiting self care ADL",-,-,A disorder characterized by inability to control the flow of urine from the bladder.,-,121
Urinary retention,Renal and urinary disorders,CTCAE v5.0,,"Urinary, suprapubic or intermittent catheter placement not indicated; able to void with some residual","Placement of urinary, suprapubic or intermittent catheter placement indicated; medication indicated",Elective invasive intervention indicated; substantial loss of affected kidney function or mass,Life-threatening consequences; organ failure; urgent operative intervention indicated,Death,A disorder characterized by accumulation of urine within the bladder because of the inability to urinate.,-,122
Urinary tract obstruction,Renal and urinary disorders,CTCAE v5.0,,Asymptomatic; clinical or diagnostic observations only; intervention not indicated,"Symptomatic but no hydronephrosis, sepsis, or renal dysfunction; urethral dilation, urinary or suprapubic catheter indicated","Altered organ function (e.g., hydronephrosis or renal dysfunction); invasive intervention indicated",Life-threatening consequences; urgent intervention indicated,Death,A disorder characterized by blockage of the normal flow of contents of the urinary tract.,-,122
Urinary tract pain,Renal and urinary disorders,CTCAE v5.0,,Mild pain,Moderate pain; limiting instrumental ADL,Severe pain; limiting self care ADL,-,-,A disorder characterized by a sensation of marked discomfort in the urinary tract.,-,122
Urinary urgency,Renal and urinary disorders,CTCAE v5.0,,Present,Limiting instrumental ADL; medical management indicated,-,-,-,A disorder characterized by a sudden compelling urge to urinate.,-,122
Urine discoloration,Renal and urinary disorders,CTCAE v5.0,,Present,-,-,-,-,A disorder characterized by a change in the color of the urine.,-,122
"Renal and urinary disorders - Other, specify",Renal and urinary disorders,CTCAE v5.0,,Asymptomatic or mild symptoms; clinical or diagnostic observations only; intervention not indicated,"Moderate; minimal, local or noninvasive intervention indicated; limiting age-appropriate instrumental ADL",Severe or medically significant but not immediately life-threatening; hospitalization or prolongation of existing hospitalization indicated; limiting self care ADL,Life-threatening consequences; urgent intervention indicated,Death,-,-,122
Amenorrhea,Reproductive system and breast disorders,CTCAE v5.0,,-,Present,-,-,-,A disorder characterized by the abnormal absence of menses for at least three consecutive menstrual cycles.,-,123
Azoospermia,Reproductive system and breast disorders,CTCAE v5.0,,-,Absence of sperm in ejaculate,-,-,-,A disorder characterized by laboratory test results that indicate complete absence of spermatozoa in the semen.,-,123
Breast atrophy,Reproductive system and breast disorders,CTCAE v5.0,,Minimal asymmetry; minimal atrophy,Moderate asymmetry; moderate atrophy,Asymmetry >1/3 of breast volume; severe atrophy,-,-,A disorder characterized by underdevelopment of the breast.,-,123
Breast pain,Reproductive system and breast disorders,CTCAE v5.0,,Mild pain,Moderate pain; limiting instrumental ADL,Severe pain; limiting self care ADL,-,-,A disorder characterized by a sensation of marked discomfort in the breast region.,-,123
Dysmenorrhea,Reproductive system and breast disorders,CTCAE v5.0,,Mild symptoms; intervention not indicated,Moderate symptoms; limiting instrumental ADL,Severe symptoms; limiting self care ADL,-,-,A disorder characterized by abnormally painful abdominal cramps during menses.,-,123
Dyspareunia,Reproductive system and breast disorders,CTCAE v5.0,,Mild discomfort or pain associated with vaginal penetration; discomfort relieved with use of vaginal lubricants or estrogen,Moderate discomfort or pain associated with vaginal penetration; discomfort or pain partially relieved with use of vaginal lubricants or estrogen,Severe discomfort or pain associated with vaginal penetration; discomfort or pain unrelieved by vaginal lubricants or estrogen,-,-,A disorder characterized by painful or difficult coitus.,-,123
Ejaculation disorder,Reproductive system and breast disorders,CTCAE v5.0,,Diminished ejaculation,Anejaculation or retrograde ejaculation,-,-,-,"A disorder characterized by problems related to ejaculation. This category includes premature, delayed, retrograde and painful ejaculation.",-,123
Erectile dysfunction,Reproductive system and breast disorders,CTCAE v5.0,,"Decrease in erectile function (frequency or rigidity of erections) but intervention not indicated (e.g., medication or use of mechanical device, penile pump)","Decrease in erectile function (frequency/rigidity of erections), erectile intervention indicated, (e.g., medication or mechanical devices such as penile pump)","Decrease in erectile function (frequency/rigidity of erections) but erectile intervention not helpful (e.g., medication or mechanical devices such as penile pump); placement of a permanent penile prosthesis indicated (not previously present)",-,-,A disorder characterized by the persistent or recurrent inability to achieve or to maintain an erection during sexual activity.,-,124
Fallopian tube obstruction,Reproductive system and breast disorders,CTCAE v5.0,,Asymptomatic; clinical or diagnostic observations only; intervention not indicated,Symptomatic; elective intervention indicated,Severe symptoms; invasive intervention indicated,-,-,A disorder characterized by blockage of the normal flow of the contents in the fallopian tube.,-,124
Feminization acquired,Reproductive system and breast disorders,CTCAE v5.0,,Mild symptoms; intervention not indicated,Moderate symptoms; medical intervention indicated,-,-,-,A disorder characterized by the development of secondary female sex characteristics in males due to extrinsic factors.,-,124
Genital edema,Reproductive system and breast disorders,CTCAE v5.0,,Mild swelling or obscuration of anatomic architecture on close inspection,Readily apparent obscuration of anatomic architecture; obliteration of skin folds; readily apparent deviation from normal anatomic contour,Lymphorrhea; gross deviation from normal anatomic contour; limiting self care ADL,-,-,A disorder characterized by swelling due to an excessive accumulation of fluid in the genitals.,-,124
Gynecomastia,Reproductive system and breast disorders,CTCAE v5.0,,Asymptomatic,"Symptomatic (e.g., pain or psychosocial impact)",Severe symptoms; elective operative intervention indicated,-,-,A disorder characterized by excessive development of the breasts in males.,-,124
Hematosalpinx,Reproductive system and breast disorders,CTCAE v5.0,,Minimal bleeding identified on imaging study or laparoscopy; intervention not indicated,Moderate bleeding; medical intervention indicated,Transfusion indicated; invasive intervention indicated,Life-threatening consequences; urgent operative intervention indicated,Death,A disorder characterized by the presence of blood in a fallopian tube.,-,125
Irregular menstruation,Reproductive system and breast disorders,CTCAE v5.0,,Intermittent/irregular menses for no more than 3 consecutive menstrual cycles,Intermittent/irregular menses for more than 3 consecutive menstrual cycles,-,-,-,A disorder characterized by a change in cycle or duration of menses from baseline.,"Also consider Reproductive system and breast disorders: Premature menopause, Amenorrhea.",125
Lactation disorder,Reproductive system and breast disorders,CTCAE v5.0,,"Mild changes in lactation, not significantly affecting production or expression of breast milk","Changes in lactation, significantly affecting breast production or expression of breast milk",-,-,-,A disorder characterized by disturbances of milk secretion. It is not necessarily related to pregnancy that is observed in females and can be observed in males.,-,125
Menorrhagia,Reproductive system and breast disorders,CTCAE v5.0,,Mild; iron supplements indicated,"Moderate symptoms; medical intervention indicated (e.g., hormones)","Severe; transfusion indicated; operative intervention indicated (e.g., hysterectomy)",Life-threatening consequences; urgent intervention indicated,Death,A disorder characterized by abnormally heavy vaginal bleeding during menses.,-,125
Nipple deformity,Reproductive system and breast disorders,CTCAE v5.0,,Asymptomatic; asymmetry with slight retraction and/or thickening of the nipple areolar complex,Symptomatic; asymmetry of nipple areolar complex with moderate retraction and/or thickening of the nipple areolar complex,-,-,-,A disorder characterized by a malformation of the nipple.,-,125
Oligospermia,Reproductive system and breast disorders,CTCAE v5.0,,Sperm concentration > 0 to < 15 million/ml,-,-,-,-,A disorder characterized by a decrease in the number of spermatozoa in the semen.,-,125
Ovarian hemorrhage,Reproductive system and breast disorders,CTCAE v5.0,,Mild symptoms; intervention not indicated,Moderate symptoms; intervention indicated,Transfusion indicated; invasive intervention indicated; hospitalization,Life-threatening consequences; urgent intervention indicated,Death,A disorder characterized by bleeding from the ovary.,-,125
Ovarian rupture,Reproductive system and breast disorders,CTCAE v5.0,,Asymptomatic clinical or diagnostic observations only; intervention not indicated,Symptomatic and intervention not indicated,Transfusion; invasive intervention indicated,Life-threatening consequences; urgent intervention indicated,Death,A disorder characterized by tearing or disruption of the ovarian tissue.,-,126
Ovulation pain,Reproductive system and breast disorders,CTCAE v5.0,,-,Present,-,-,-,"A disorder characterized by a sensation of marked discomfort in one side of the abdomen between menstrual cycles, around the time of the discharge of the ovum from the ovarian follicle.",-,126
Pelvic floor muscle weakness,Reproductive system and breast disorders,CTCAE v5.0,,Asymptomatic; clinical or diagnostic observations only; intervention not indicated,"Symptomatic, not interfering with bladder, bowel, or vaginal function; limiting instrumental ADL",Severe symptoms; limiting self care ADL,-,-,A disorder characterized by a reduction in the strength of the muscles of the pelvic floor.,-,126
Pelvic pain,Reproductive system and breast disorders,CTCAE v5.0,,Mild pain,Moderate pain; limiting instrumental ADL,Severe pain; limiting self care ADL,-,-,A disorder characterized by a sensation of marked discomfort in the pelvis.,-,126
Penile pain,Reproductive system and breast disorders,CTCAE v5.0,,Mild pain,Moderate pain; limiting instrumental ADL,Severe pain; limiting self care ADL,-,-,A disorder characterized by a sensation of marked discomfort in the penis.,-,126
Perineal pain,Reproductive system and breast disorders,CTCAE v5.0,,Mild pain,Moderate pain; limiting instrumental ADL,Severe pain; limiting self care ADL,-,-,A disorder characterized by a sensation of marked discomfort in the area between the genital organs and the anus.,-,126
Premature menopause,Reproductive system and breast disorders,CTCAE v5.0,,-,Present,-,-,-,"A disorder characterized by premature ovarian failure. Symptoms may include hot flashes, night sweats, mood swings, and a decrease in sex drive. Laboratory findings include elevated luteinizing hormone (LH) and follicle-stimulating hormone (FSH.)",-,126
Prostatic hemorrhage,Reproductive system and breast disorders,CTCAE v5.0,,Mild symptoms; intervention not indicated,Moderate symptoms; intervention indicated,Transfusion indicated; invasive intervention indicated; hospitalization,Life-threatening consequences; urgent intervention indicated,Death,A disorder characterized by bleeding from the prostate gland.,-,126
Prostatic obstruction,Reproductive system and breast disorders,CTCAE v5.0,,Asymptomatic; clinical or diagnostic observations only; intervention not indicated,Symptomatic; elective intervention indicated,Severe symptoms; invasive intervention indicated,-,-,"A disorder characterized by compression of the urethra secondary to enlargement of the prostate gland. This results in voiding difficulties (straining to void, slow urine stream, and incomplete emptying of the bladder).",-,127
Prostatic pain,Reproductive system and breast disorders,CTCAE v5.0,,Mild pain,Moderate pain; limiting instrumental ADL,Severe pain; limiting self care ADL,-,-,A disorder characterized by a sensation of marked discomfort in the prostate gland.,-,127
Scrotal pain,Reproductive system and breast disorders,CTCAE v5.0,,Mild pain,Moderate pain; limiting instrumental ADL,Severe pain; limiting self care ADL,-,-,A disorder characterized by a sensation of marked discomfort in the scrotal area.,-,127
Spermatic cord hemorrhage,Reproductive system and breast disorders,CTCAE v5.0,,Mild symptoms; intervention not indicated,Moderate symptoms; intervention indicated,Transfusion indicated; invasive intervention indicated; hospitalization,Life-threatening consequences; urgent intervention indicated,Death,A disorder characterized by bleeding from the spermatic cord.,-,127
Spermatic cord obstruction,Reproductive system and breast disorders,CTCAE v5.0,,Asymptomatic; clinical or diagnostic observations only; intervention not indicated,Symptomatic; elective intervention indicated,Severe symptoms; invasive intervention indicated,-,-,A disorder characterized by blockage of the normal flow of the contents of the spermatic cord.,-,127
Testicular disorder,Reproductive system and breast disorders,CTCAE v5.0,,Asymptomatic; clinical or diagnostic observations only; intervention not indicated,Symptomatic but not interfering with sexual function; intervention not indicated; limiting instrumental ADL,Severe symptoms; interfering with sexual function; limiting self care ADL; intervention indicated,Life-threatening consequences; urgent intervention indicated,-,A disorder characterized by abnormal function or appearance of the testis.,Also consider Reproductive system and breast disorders: Genital edema or other AE terms in the Renal and urinary disorders SOC or Reproductive system and breast disorders SOC.,127
Testicular hemorrhage,Reproductive system and breast disorders,CTCAE v5.0,,Mild symptoms; intervention not indicated,Moderate symptoms; intervention indicated,Transfusion indicated; invasive intervention indicated; hospitalization,Life-threatening consequences; urgent intervention indicated,Death,A disorder characterized by bleeding from the testis.,-,127
Testicular pain,Reproductive system and breast disorders,CTCAE v5.0,,Mild pain,Moderate pain; limiting instrumental ADL,Severe pain; limiting self care ADL,-,-,A disorder characterized by a sensation of marked discomfort in the testis.,-,128
Uterine fistula,Reproductive system and breast disorders,CTCAE v5.0,,Asymptomatic,"Symptomatic, invasive intervention not indicated",Invasive intervention indicated,Life-threatening consequences; urgent intervention indicated,Death,A disorder characterized by an abnormal communication between the uterus and another organ or anatomic site.,-,128
Uterine hemorrhage,Reproductive system and breast disorders,CTCAE v5.0,,Mild symptoms; intervention not indicated,Moderate symptoms; intervention indicated,Transfusion indicated; invasive intervention indicated; hospitalization,Life-threatening consequences; urgent intervention indicated,Death,A disorder characterized by bleeding from the uterus.,-,128
Uterine obstruction,Reproductive system and breast disorders,CTCAE v5.0,,Asymptomatic; clinical or diagnostic observations only; intervention not indicated,Symptomatic; elective intervention indicated,Severe symptoms; invasive intervention indicated,-,-,A disorder characterized by blockage of the uterine outlet.,-,128
Uterine pain,Reproductive system and breast disorders,CTCAE v5.0,,Mild pain,Moderate pain; limiting instrumental ADL,Severe pain; limiting self care ADL,-,-,A disorder characterized by a sensation of marked discomfort in the uterus.,-,128
Vaginal discharge,Reproductive system and breast disorders,CTCAE v5.0,,Mild vaginal discharge (greater than baseline for patient),Moderate to heavy vaginal discharge; use of perineal pad or tampon indicated,-,-,-,"A disorder characterized by vaginal secretions. Mucus produced by the cervical glands is discharged from the vagina naturally, especially during the childbearing years.",-,128
Vaginal dryness,Reproductive system and breast disorders,CTCAE v5.0,,Mild vaginal dryness not interfering with sexual function,Moderate vaginal dryness interfering with sexual function or causing frequent discomfort,Severe vaginal dryness resulting in dyspareunia or severe discomfort,-,-,A disorder characterized by an uncomfortable feeling of itching and burning in the vagina.,-,128
Vaginal fistula,Reproductive system and breast disorders,CTCAE v5.0,,Asymptomatic,"Symptomatic, invasive intervention not indicated",Invasive intervention indicated,Life-threatening consequences; urgent intervention indicated,Death,A disorder characterized by an abnormal communication between the vagina and another organ or anatomic site.,-,129
Vaginal hemorrhage,Reproductive system and breast disorders,CTCAE v5.0,,Mild symptoms; intervention not indicated,Moderate symptoms; intervention indicated,Transfusion indicated; invasive intervention indicated; hospitalization,Life-threatening consequences; urgent intervention indicated,Death,A disorder characterized by bleeding from the vagina.,-,129
Vaginal inflammation,Reproductive system and breast disorders,CTCAE v5.0,,"Mild discomfort or pain, edema, or redness","Moderate discomfort or pain, edema, or redness; limiting instrumental ADL","Severe discomfort or pain, edema, or redness; limiting self care ADL; small areas of mucosal ulceration",Life-threatening consequences; widespread areas of mucosal ulceration; urgent intervention indicated,-,"A disorder characterized by inflammation involving the vagina. Symptoms may include redness, edema, marked discomfort and an increase in vaginal discharge.",-,129
Vaginal obstruction,Reproductive system and breast disorders,CTCAE v5.0,,Asymptomatic; clinical or diagnostic observations only; intervention not indicated,Symptomatic; elective intervention indicated,Severe symptoms; invasive intervention indicated,-,-,A disorder characterized by blockage of vaginal canal.,-,129
Vaginal pain,Reproductive system and breast disorders,CTCAE v5.0,,Mild pain,Moderate pain; limiting instrumental ADL,Severe pain; limiting self care ADL,-,-,A disorder characterized by a sensation of marked discomfort in the vagina.,-,129
Vaginal perforation,Reproductive system and breast disorders,CTCAE v5.0,,-,Invasive intervention not indicated,Invasive intervention indicated,Life-threatening consequences; urgent intervention indicated,Death,A disorder characterized by a rupture in the vaginal wall.,-,129
Vaginal stricture,Reproductive system and breast disorders,CTCAE v5.0,,Asymptomatic; mild vaginal shortening or narrowing,Vaginal narrowing and/or shortening not interfering with physical examination,"Vaginal narrowing and/or shortening interfering with the use of tampons, sexual activity or physical examination",-,Death,A disorder characterized by a narrowing of the vaginal canal.,-,129
"Reproductive system and breast disorders - Other, specify",Reproductive system and breast disorders,CTCAE v5.0,,Asymptomatic or mild symptoms; clinical or diagnostic observations only; intervention not indicated,"Moderate; minimal, local or noninvasive intervention indicated; limiting age-appropriate instrumental ADL",Severe or medically significant but not immediately life-threatening; hospitalization or prolongation of existing hospitalization indicated; limiting self care ADL,Life-threatening consequences; urgent intervention indicated,Death,-,-,130
Adult respiratory distress syndrome,"Respiratory, thoracic and mediastinal disorders",CTCAE v5.0,,-,-,Present with radiologic findings; intubation not indicated,Life-threatening respiratory or hemodynamic compromise; intubation or urgent intervention indicated,Death,"A disorder characterized by progressive and life-threatening pulmonary distress in the absence of an underlying pulmonary condition, usually following major trauma or surgery.",-,131
Allergic rhinitis,"Respiratory, thoracic and mediastinal disorders",CTCAE v5.0,,Mild symptoms; intervention not indicated,Moderate symptoms; medical intervention indicated,-,-,-,"A disorder characterized by an inflammation of the nasal mucous membranes caused by an IgE-mediated response to external allergens. The inflammation may also involve the mucous membranes of the sinuses, eyes, middle ear, and pharynx. Symptoms include sneezing, nasal congestion, rhinorrhea and itching.",-,131
Apnea,"Respiratory, thoracic and mediastinal disorders",CTCAE v5.0,,-,-,Present; medical intervention indicated,Life-threatening respiratory or hemodynamic compromise; intubation or urgent intervention indicated,Death,A disorder characterized by cessation of breathing.,-,131
Aspiration,"Respiratory, thoracic and mediastinal disorders",CTCAE v5.0,,Asymptomatic; clinical or diagnostic observations only; intervention not indicated,"Altered eating habits; coughing or choking episodes after eating or swallowing; medical intervention indicated (e.g., suction or oxygen)","Dyspnea and pneumonia symptoms (e.g., aspiration pneumonia); hospitalization indicated; unable to aliment orally",Life-threatening respiratory or hemodynamic compromise; intubation or urgent intervention indicated,Death,A disorder characterized by inhalation of solids or liquids into the lungs.,-,131
Atelectasis,"Respiratory, thoracic and mediastinal disorders",CTCAE v5.0,,Asymptomatic; clinical or diagnostic observations only; intervention not indicated,"Symptomatic (e.g., dyspnea, cough); medical intervention indicated (e.g., chest physiotherapy, suctioning); bronchoscopic suctioning","Supplemental oxygen indicated; hospitalization or elective operative intervention indicated (e.g., stent, laser)",Life-threatening respiratory or hemodynamic compromise; intubation or urgent intervention indicated,Death,A disorder characterized by the collapse of part or the entire lung.,-,131
Bronchial fistula,"Respiratory, thoracic and mediastinal disorders",CTCAE v5.0,,Asymptomatic,"Symptomatic, invasive intervention not indicated",Invasive intervention indicated,Life-threatening consequences; urgent intervention indicated,Death,A disorder characterized by an abnormal communication between the bronchus and another organ or anatomic site.,-,131
Bronchial obstruction,"Respiratory, thoracic and mediastinal disorders",CTCAE v5.0,,Asymptomatic; clinical or diagnostic observations only; intervention not indicated,"Symptomatic (e.g., mild wheezing); endoscopic evaluation indicated; radiographic evidence of atelectasis/lobar collapse; medical management indicated (e.g., steroids, bronchodilators)","Shortness of breath with stridor; endoscopic intervention indicated (e.g., laser, stent placement)",Life-threatening respiratory or hemodynamic compromise; intubation or urgent intervention indicated,Death,"A disorder characterized by blockage of a bronchus passage, most often by bronchial secretions and exudates.",-,132
Bronchial stricture,"Respiratory, thoracic and mediastinal disorders",CTCAE v5.0,,Asymptomatic; clinical or diagnostic observations only; intervention not indicated,"Symptomatic (e.g., rhonchi or wheezing) but without respiratory distress; medical intervention indicated (e.g., steroids, bronchodilators)","Shortness of breath with stridor; endoscopic intervention indicated (e.g., laser, stent placement)",Life-threatening respiratory or hemodynamic compromise; intubation or urgent intervention indicated,Death,A disorder characterized by a narrowing of the bronchial tube.,-,132
Bronchopleural fistula,"Respiratory, thoracic and mediastinal disorders",CTCAE v5.0,,Asymptomatic,"Symptomatic, invasive intervention not indicated",Hospitalization; invasive intervention indicated,Life-threatening consequences; urgent intervention indicated,Death,A disorder characterized by an abnormal communication between a bronchus and the pleural cavity.,-,132
Bronchopulmonary hemorrhage,"Respiratory, thoracic and mediastinal disorders",CTCAE v5.0,,Mild symptoms; intervention not indicated,Moderate symptoms; invasive intervention not indicated,Transfusion indicated; invasive intervention indicated; hospitalization,Life-threatening consequences; intubation or urgent intervention indicated,Death,A disorder characterized by bleeding from the bronchial wall and/or lung parenchyma.,-,132
Bronchospasm,"Respiratory, thoracic and mediastinal disorders",CTCAE v5.0,,Mild symptoms; intervention not indicated,Symptomatic; medical intervention indicated; limiting instrumental ADL,Limiting self care ADL; supplemental oxygen indicated,Life-threatening respiratory or hemodynamic compromise; intubation or urgent intervention indicated,Death,A disorder characterized by a sudden contraction of the smooth muscles of the bronchial wall.,-,132
Chylothorax,"Respiratory, thoracic and mediastinal disorders",CTCAE v5.0,,Asymptomatic; clinical or diagnostic observations only; intervention not indicated,"Symptomatic; medical intervention indicated (e.g., fat-restricted diet); thoracentesis or tube drainage indicated",Severe symptoms; elective operative intervention indicated,Life-threatening respiratory or hemodynamic compromise; intubation or urgent intervention indicated,Death,A disorder characterized by milky pleural effusion (abnormal collection of fluid) resulting from accumulation of lymph fluid in the pleural cavity.,-,133
Cough,"Respiratory, thoracic and mediastinal disorders",CTCAE v5.0,,Mild symptoms; nonprescription intervention indicated,"Moderate symptoms, medical intervention indicated; limiting instrumental ADL",Severe symptoms; limiting self care ADL,-,-,"A disorder characterized by sudden, often repetitive, spasmodic contraction of the thoracic cavity, resulting in violent release of air from the lungs and usually accompanied by a distinctive sound.",-,133
Dyspnea,"Respiratory, thoracic and mediastinal disorders",CTCAE v5.0,,Shortness of breath with moderate exertion,Shortness of breath with minimal exertion; limiting instrumental ADL,Shortness of breath at rest; limiting self care ADL,Life-threatening consequences; urgent intervention indicated,Death,A disorder characterized by an uncomfortable sensation of difficulty breathing.,-,133
Epistaxis,"Respiratory, thoracic and mediastinal disorders",CTCAE v5.0,,Mild symptoms; intervention not indicated,"Moderate symptoms; medical intervention indicated (e.g., nasal packing, cauterization; topical vasoconstrictors)","Transfusion; invasive intervention indicated (e.g., hemostasis of bleeding site)",Life-threatening consequences; urgent intervention indicated,Death,A disorder characterized by bleeding from the nose.,-,133
Hiccups,"Respiratory, thoracic and mediastinal disorders",CTCAE v5.0,,Mild symptoms; intervention not indicated,Moderate symptoms; medical intervention indicated; limiting instrumental ADL,Severe symptoms; interfering with sleep; limiting self care ADL,-,-,A disorder characterized by repeated gulp sounds that result from an involuntary opening and closing of the glottis. This is attributed to a spasm of the diaphragm.,-,133
Hoarseness,"Respiratory, thoracic and mediastinal disorders",CTCAE v5.0,,Mild or intermittent voice change; fully understandable; self-resolves,Moderate or persistent voice changes; may require occasional repetition but understandable on telephone; medical evaluation indicated,Severe voice changes including predominantly whispered speech,-,-,A disorder characterized by harsh and raspy voice arising from or spreading to the larynx.,-,133
Hypoxia,"Respiratory, thoracic and mediastinal disorders",CTCAE v5.0,,-,"Decreased oxygen saturation with exercise (e.g., pulse oximeter <88%); intermittent supplemental oxygen","Decreased oxygen saturation at rest (e.g., pulse oximeter <88% or PaO2 ≤55 mm Hg)","Life-threatening airway compromise; urgent intervention indicated (e.g., tracheotomy or intubation)",Death,A disorder characterized by a decrease in the level of oxygen in the body.,-,134
Laryngeal edema,"Respiratory, thoracic and mediastinal disorders",CTCAE v5.0,,Asymptomatic; clinical or diagnostic observations only; intervention not indicated,"Symptomatic; medical intervention indicated (e.g., dexamethasone, epinephrine, antihistamines)",Stridor; respiratory distress; hospitalization indicated,"Life-threatening airway compromise; urgent intervention indicated (e.g., tracheotomy or intubation)",Death,A disorder characterized by swelling due to an excessive accumulation of fluid in the larynx.,-,134
Laryngeal fistula,"Respiratory, thoracic and mediastinal disorders",CTCAE v5.0,,Asymptomatic,"Symptomatic, invasive intervention not indicated",Invasive intervention indicated,Life-threatening consequences; urgent intervention indicated,Death,A disorder characterized by an abnormal communication between the larynx and another organ or anatomic site.,-,134
Laryngeal hemorrhage,"Respiratory, thoracic and mediastinal disorders",CTCAE v5.0,,Mild cough or trace hemoptysis; laryngoscopic findings,Moderate symptoms; intervention indicated,Transfusion indicated; invasive intervention indicated; hospitalization,"Life-threatening consequences; urgent intervention indicated (e.g., tracheotomy or intubation)",Death,A disorder characterized by bleeding from the larynx.,-,134
Laryngeal inflammation,"Respiratory, thoracic and mediastinal disorders",CTCAE v5.0,,Mild sore throat; raspy voice,Moderate sore throat; analgesics indicated,Severe throat pain; endoscopic intervention indicated,-,-,A disorder characterized by an inflammation involving the larynx.,-,134
Laryngeal mucositis,"Respiratory, thoracic and mediastinal disorders",CTCAE v5.0,,Endoscopic findings only; mild discomfort with normal intake,"Moderate pain, analgesics indicated; altered oral intake; limiting instrumental ADL",Severe pain; severely altered eating/swallowing; medical intervention indicated,"Life-threatening airway compromise; urgent intervention indicated (e.g., tracheotomy or intubation)",Death,A disorder characterized by ulceration or inflammation involving the mucous membrane of the larynx.,-,134
Laryngeal obstruction,"Respiratory, thoracic and mediastinal disorders",CTCAE v5.0,,Asymptomatic; clinical or diagnostic observations only; intervention not indicated,"Symptomatic (e.g., noisy airway breathing), no respiratory distress; medical intervention indicated (e.g., steroids); limiting instrumental ADL","Limiting self care ADL; stridor; endoscopic intervention indicated (e.g., stent, laser)",Life-threatening consequences; urgent intervention indicated,Death,A disorder characterized by blockage of the laryngeal airway.,-,135
Laryngeal stenosis,"Respiratory, thoracic and mediastinal disorders",CTCAE v5.0,,Asymptomatic; clinical or diagnostic observations only; intervention not indicated,"Symptomatic (e.g., noisy airway breathing), no respiratory distress; medical intervention indicated (e.g., steroids); limiting instrumental ADL","Limiting self care ADL; stridor; endoscopic intervention indicated (e.g., stent, laser)",Life-threatening consequences; urgent intervention indicated,Death,A disorder characterized by a narrowing of the laryngeal airway.,-,135
Laryngopharyngeal dysesthesia,"Respiratory, thoracic and mediastinal disorders",CTCAE v5.0,,Mild symptoms; no anxiety; intervention not indicated,"Moderate symptoms; mild anxiety, but no dyspnea; short duration of observation and/or anxiolytic indicated; limiting instrumental ADL",Severe symptoms; dyspnea and swallowing difficulty; limiting self care ADL,Life-threatening consequences,Death,A disorder characterized by an uncomfortable persistent sensation in the area of the laryngopharynx.,-,135
Laryngospasm,"Respiratory, thoracic and mediastinal disorders",CTCAE v5.0,,-,Transient episode; intervention not indicated,"Recurrent episodes; noninvasive intervention indicated (e.g., breathing technique, pressure point massage)","Persistent or severe episodes associated with syncope; urgent intervention indicated (e.g., fiberoptic laryngoscopy, intubation, botox injection)",Death,A disorder characterized by paroxysmal spasmodic muscular contraction of the vocal cords.,-,135
Mediastinal hemorrhage,"Respiratory, thoracic and mediastinal disorders",CTCAE v5.0,,Mild symptoms; intervention not indicated; radiologic evidence only,Moderate symptoms; intervention indicated,Transfusion indicated; invasive intervention indicated; hospitalization,Life-threatening consequences; urgent intervention indicated,Death,A disorder characterized by bleeding from the mediastinum.,-,135
Nasal congestion,"Respiratory, thoracic and mediastinal disorders",CTCAE v5.0,,Mild symptoms; intervention not indicated,Moderate symptoms; medical intervention indicated,Associated with bloody nasal discharge or epistaxis,-,-,A disorder characterized by obstruction of the nasal passage due to mucosal edema.,-,136
Oropharyngeal pain,"Respiratory, thoracic and mediastinal disorders",CTCAE v5.0,,Mild pain,Moderate pain; altered oral intake; non-narcotics initiated; topical analgesics initiated,Severe pain; severely altered eating/swallowing; narcotics initiated; requires parenteral nutrition,-,-,A disorder characterized by a sensation of marked discomfort in the oropharynx.,-,136
Pharyngeal fistula,"Respiratory, thoracic and mediastinal disorders",CTCAE v5.0,,Asymptomatic,"Symptomatic, invasive intervention not indicated",Invasive intervention indicated,Life-threatening consequences; urgent intervention indicated,Death,A disorder characterized by an abnormal communication between the pharynx and another organ or anatomic site.,-,136
Pharyngeal hemorrhage,"Respiratory, thoracic and mediastinal disorders",CTCAE v5.0,,Mild symptoms; intervention not indicated,Moderate symptoms; intervention indicated,Transfusion indicated; invasive intervention indicated; hospitalization,Life-threatening consequences; intubation or urgent intervention indicated,Death,A disorder characterized by bleeding from the pharynx.,-,136
Pharyngeal mucositis,"Respiratory, thoracic and mediastinal disorders",CTCAE v5.0,,Endoscopic findings only; minimal symptoms with normal oral intake; mild pain but analgesics not indicated,"Moderate pain, analgesics indicated; altered oral intake; limiting instrumental ADL",Severe pain; unable to adequately aliment or hydrate orally; limiting self care ADL,Life-threatening consequences; urgent intervention indicated,Death,A disorder characterized by ulceration or inflammation involving the mucous membrane of the pharynx.,-,136
Pharyngeal necrosis,"Respiratory, thoracic and mediastinal disorders",CTCAE v5.0,,-,-,Inability to aliment adequately by GI tract; invasive intervention indicated; tube feeding or TPN indicated,Life-threatening consequences; urgent operative intervention indicated,Death,A disorder characterized by a necrotic process occurring in the pharynx.,-,136
Pharyngeal stenosis,"Respiratory, thoracic and mediastinal disorders",CTCAE v5.0,,Asymptomatic; clinical or diagnostic observations only; intervention not indicated,"Symptomatic (e.g., noisy airway breathing), no respiratory distress; medical intervention indicated (e.g., steroids); limiting instrumental ADL","Limiting self care ADL; stridor; endoscopic intervention indicated (e.g., stent, laser)","Life-threatening airway compromise; urgent intervention indicated (e.g., tracheotomy or intubation)",Death,A disorder characterized by a narrowing of the pharyngeal airway.,-,137
Pharyngolaryngeal pain,"Respiratory, thoracic and mediastinal disorders",CTCAE v5.0,,Mild pain,Moderate pain; limiting instrumental ADL,Severe pain; limiting self care ADL,-,-,A disorder characterized by a sensation of marked discomfort in the pharyngolaryngeal region.,-,137
Pleural effusion,"Respiratory, thoracic and mediastinal disorders",CTCAE v5.0,,Asymptomatic; clinical or diagnostic observations only; intervention not indicated,"Symptomatic; intervention indicated (e.g., diuretics or therapeutic thoracentesis)",Symptomatic with respiratory distress and hypoxia; operative intervention including chest tube or pleurodesis indicated,Life-threatening respiratory or hemodynamic compromise; intubation or urgent intervention indicated,Death,"A disorder characterized by an increase in amounts of fluid within the pleural cavity. Symptoms include shortness of breath, cough and marked chest discomfort.",-,137
Pleural hemorrhage,"Respiratory, thoracic and mediastinal disorders",CTCAE v5.0,,Asymptomatic; mild hemorrhage confirmed by thoracentesis,Symptomatic or associated with pneumothorax; chest tube drainage indicated,>1000 ml of blood evacuated; persistent bleeding (150-200 ml/hr for 2 - 4 hr); persistent transfusion indicated; elective operative intervention indicated; hospitalization,Life-threatening consequences; intubation or urgent intervention indicated,Death,A disorder characterized by bleeding from the pleural cavity.,-,137
Pleuritic pain,"Respiratory, thoracic and mediastinal disorders",CTCAE v5.0,,Mild pain,Moderate pain; limiting instrumental ADL,Severe pain; limiting self care ADL,-,-,A disorder characterized by a sensation of marked discomfort in the pleura.,-,137
Pneumonitis,"Respiratory, thoracic and mediastinal disorders",CTCAE v5.0,,Asymptomatic; clinical or diagnostic observations only; intervention not indicated,Symptomatic; medical intervention indicated; limiting instrumental ADL,Severe symptoms; limiting self care ADL; oxygen indicated,"Life-threatening respiratory compromise; urgent intervention indicated (e.g., tracheotomy or intubation)",Death,A disorder characterized by inflammation focally or diffusely affecting the lung parenchyma.,-,137
Pneumothorax,"Respiratory, thoracic and mediastinal disorders",CTCAE v5.0,,Asymptomatic; clinical or diagnostic observations only; intervention not indicated,Symptomatic; intervention indicated,Sclerosis and/or operative intervention indicated; hospitalization indicated,Life-threatening consequences; urgent intervention indicated,Death,A disorder characterized by abnormal presence of air in the pleural cavity resulting in the collapse of the lung.,-,138
Postnasal drip,"Respiratory, thoracic and mediastinal disorders",CTCAE v5.0,,Mild symptoms; intervention not indicated,Moderate symptoms; medical intervention indicated,-,-,-,"A disorder characterized by excessive mucous secretion in the back of the nasal cavity or throat, causing sore throat and/or coughing.",-,138
Productive cough,"Respiratory, thoracic and mediastinal disorders",CTCAE v5.0,,Occasional/minimal production of sputum with cough,Moderate sputum production; limiting instrumental ADL,Persistent or copious production of sputum; limiting self care ADL,-,-,A disorder characterized by expectorated secretions upon coughing.,-,138
Pulmonary edema,"Respiratory, thoracic and mediastinal disorders",CTCAE v5.0,,Radiologic findings only; minimal dyspnea on exertion,Moderate dyspnea on exertion; medical intervention indicated; limiting instrumental ADL,Severe dyspnea or dyspnea at rest; oxygen indicated; limiting self care ADL,Life-threatening respiratory compromise; urgent intervention or intubation with ventilatory support indicated,Death,A disorder characterized by accumulation of fluid in the lung tissues that causes a disturbance of the gas exchange that may lead to respiratory failure.,-,138
Pulmonary fibrosis,"Respiratory, thoracic and mediastinal disorders",CTCAE v5.0,,Radiologic pulmonary fibrosis <25% of lung volume associated with hypoxia,Evidence of pulmonary hypertension; radiographic pulmonary fibrosis 25 - 50% associated with hypoxia,Severe hypoxia; evidence of right-sided heart failure; radiographic pulmonary fibrosis >50 - 75%,"Life-threatening consequences (e.g., hemodynamic/pulmonary complications); intubation with ventilatory support indicated; radiographic pulmonary fibrosis >75% with severe honeycombing",Death,"A disorder characterized by the replacement of the lung tissue by connective tissue, leading to progressive dyspnea, respiratory failure or right heart failure.",-,138
Pulmonary fistula,"Respiratory, thoracic and mediastinal disorders",CTCAE v5.0,,Asymptomatic,"Symptomatic, invasive intervention not indicated",Invasive intervention indicated,Life-threatening consequences; urgent intervention indicated,Death,A disorder characterized by an abnormal communication between the lung and another organ or anatomic site.,-,138
Pulmonary hypertension,"Respiratory, thoracic and mediastinal disorders",CTCAE v5.0,,Minimal dyspnea; findings on physical exam or other evaluation,"Moderate dyspnea, cough; requiring evaluation by cardiac catheterization and medical intervention","Severe symptoms, associated with hypoxia, right heart failure; oxygen indicated","Life-threatening airway consequences; urgent intervention indicated (e.g., tracheotomy or intubation)",Death,A disorder characterized by an increase in pressure within the pulmonary circulation due to lung or heart disorder.,-,139
Respiratory failure,"Respiratory, thoracic and mediastinal disorders",CTCAE v5.0,,-,-,-,"Life-threatening consequences; urgent intervention, intubation, or ventilatory support indicated",Death,A disorder characterized by impaired gas exchange by the respiratory system resulting in hypoxia and a decrease in oxygenation of the tissues that may be associated with an increase in arterial levels of carbon dioxide.,-,139
Retinoic acid syndrome,"Respiratory, thoracic and mediastinal disorders",CTCAE v5.0,,Fluid retention; <3 kg of weight gain; intervention with fluid restriction and/or diuretics indicated,Moderate signs or symptoms; steroids indicated,Severe symptoms; hospitalization indicated,Life-threatening consequences; ventilatory support indicated,Death,"A disorder characterized by weight gain, dyspnea, pleural and pericardial effusions, leukocytosis and/or renal failure originally described in patients treated with all-trans retinoic acid.",-,139
Rhinorrhea,"Respiratory, thoracic and mediastinal disorders",CTCAE v5.0,,Present,-,-,-,-,A disorder characterized by excessive mucous secretions draining from the nose.,-,139
Sinus disorder,"Respiratory, thoracic and mediastinal disorders",CTCAE v5.0,,Asymptomatic mucosal crusting; blood-tinged secretions,Symptomatic stenosis or edema/narrowing interfering with airflow; limiting instrumental ADL,Stenosis with significant nasal obstruction; limiting self care ADL,Necrosis of soft tissue or bone; urgent operative intervention indicated,Death,A disorder characterized by involvement of the paranasal sinuses.,-,139
Sinus pain,"Respiratory, thoracic and mediastinal disorders",CTCAE v5.0,,Mild pain,Moderate pain; limiting instrumental ADL,Severe pain; limiting self care ADL,-,-,"A disorder characterized by a sensation of marked discomfort in the face, between the eyes, or upper teeth originating from the sinuses.",-,139
Sleep apnea,"Respiratory, thoracic and mediastinal disorders",CTCAE v5.0,,Snoring and nocturnal sleep arousal without apneic periods,Moderate apnea and oxygen desaturation; excessive daytime sleepiness; medical evaluation indicated; limiting instrumental ADL,Oxygen desaturation; associated with pulmonary hypertension; medical intervention indicated; limiting self care ADL,Cardiovascular or neuropsychiatric symptoms; urgent operative intervention indicated,Death,A disorder characterized by cessation of breathing for short periods during sleep.,-,140
Sneezing,"Respiratory, thoracic and mediastinal disorders",CTCAE v5.0,,Mild symptoms; intervention not indicated,Moderate symptoms; medical intervention indicated,-,-,-,A disorder characterized by the involuntary expulsion of air from the nose.,-,140
Sore throat,"Respiratory, thoracic and mediastinal disorders",CTCAE v5.0,,Mild pain,Moderate pain; limiting instrumental ADL,Severe pain; limiting self care ADL; limiting ability to swallow,-,-,A disorder characterized by marked discomfort in the throat.,-,140
Stridor,"Respiratory, thoracic and mediastinal disorders",CTCAE v5.0,,-,-,Respiratory distress limiting self care ADL; medical intervention indicated,"Life-threatening airway compromise; urgent intervention indicated (e.g., tracheotomy or intubation)",Death,A disorder characterized by a high pitched breathing sound due to laryngeal or upper airway obstruction.,-,140
Tracheal fistula,"Respiratory, thoracic and mediastinal disorders",CTCAE v5.0,,Asymptomatic,"Symptomatic, invasive intervention not indicated",Invasive intervention indicated,Life-threatening consequences; urgent intervention indicated,Death,A disorder characterized by an abnormal communication between the trachea and another organ or anatomic site.,-,140
Tracheal mucositis,"Respiratory, thoracic and mediastinal disorders",CTCAE v5.0,,"Endoscopic findings only; minimal hemoptysis, pain, or respiratory symptoms",Moderate symptoms; medical intervention indicated; limiting instrumental ADL,Severe pain; hemorrhage or respiratory symptoms; limiting self care ADL,Life-threatening consequences; urgent intervention indicated,Death,A disorder characterized by an inflammation or ulceration involving the mucous membrane of the trachea.,-,140
Tracheal stenosis,"Respiratory, thoracic and mediastinal disorders",CTCAE v5.0,,Asymptomatic; clinical or diagnostic observations only; intervention not indicated,"Symptomatic (e.g., noisy airway breathing), no respiratory distress; medical intervention indicated (e.g., steroids); limiting instrumental ADL","Stridor or respiratory distress limiting self care ADL; invasive intervention indicated (e.g., stent, laser)","Life-threatening airway compromise; urgent intervention indicated (e.g., tracheotomy or intubation)",Death,A disorder characterized by a narrowing of the trachea.,-,141
Voice alteration,"Respiratory, thoracic and mediastinal disorders",CTCAE v5.0,,Mild or intermittent change from normal voice,Moderate or persistent change from normal voice; still understandable,Severe voice changes including predominantly whispered speech; may require frequent repetition or face-to-face contact for understandability; may require assistive technology,-,-,A disorder characterized by a change in the sound and/or speed of the voice.,-,141
Wheezing,"Respiratory, thoracic and mediastinal disorders",CTCAE v5.0,,Detectable airway noise with minimal symptoms,Moderate symptoms; medical intervention indicated; limiting instrumental ADL,Severe respiratory symptoms limiting self care ADL; oxygen therapy or hospitalization indicated,Life-threatening consequences; urgent intervention indicated,Death,"A disorder characterized by a high-pitched, whistling sound during breathing. It results from the narrowing or obstruction of the respiratory airways.",-,141
"Respiratory, thoracic and mediastinal disorders - Other, specify","Respiratory, thoracic and mediastinal disorders",CTCAE v5.0,,Asymptomatic or mild symptoms; clinical or diagnostic observations only; intervention not indicated,"Moderate; minimal, local or noninvasive intervention indicated; limiting age-appropriate instrumental ADL",Severe or medically significant but not immediately life-threatening; hospitalization or prolongation of existing hospitalization indicated; limiting self care ADL,Life-threatening consequences; urgent intervention indicated,Death,-,-,141
Alopecia,Skin and subcutaneous tissue disorders,CTCAE v5.0,,Hair loss of <50% of normal for that individual that is not obvious from a distance but only on close inspection; a different hair style may be required to cover the hair loss but it does not require a wig or hair piece to camouflage,Hair loss of ≥50% normal for that individual that is readily apparent to others; a wig or hair piece is necessary if the patient desires to completely camouflage the hair loss; associated with psychosocial impact,-,-,-,A disorder characterized by a decrease in density of hair compared to normal for a given individual at a given age and body location.,-,142
Body odor,Skin and subcutaneous tissue disorders,CTCAE v5.0,,Mild odor; physician intervention not indicated; self care interventions,Pronounced odor; psychosocial impact; patient seeks medical intervention,-,-,-,A disorder characterized by an abnormal body smell resulting from the growth of bacteria on the body.,-,142
Bullous dermatitis,Skin and subcutaneous tissue disorders,CTCAE v5.0,,Asymptomatic; blisters covering <10% BSA,Blisters covering 10 - 30% BSA; painful blisters; limiting instrumental ADL,Blisters covering >30% BSA; limiting self care ADL,Blisters covering >30% BSA; associated with fluid or electrolyte abnormalities; ICU care or burn unit indicated,Death,A disorder characterized by inflammation of the skin characterized by the presence of bullae which are filled with fluid.,"If infectious, consider Infections and infestations: Rash pustular or other site-specific Infections and infestations term.",142
Dry skin,Skin and subcutaneous tissue disorders,CTCAE v5.0,,Covering <10% BSA and no associated erythema or pruritus,Covering 10 - 30% BSA and associated with erythema or pruritus; limiting instrumental ADL,Covering >30% BSA and associated with pruritus; limiting self care ADL,-,-,"A disorder characterized by flaky and dull skin; the pores are generally fine, the texture is a papery thin texture.",-,142
Eczema,Skin and subcutaneous tissue disorders,CTCAE v5.0,,Asymptomatic or mild symptoms; additional medical intervention over baseline not indicated,Moderate; topical or oral intervention indicated; additional medical intervention over baseline indicated,Severe or medically significant but not immediately life-threatening; IV intervention indicated,-,-,"A disorder characterized by skin which becomes itchy, red, inflamed, crusty, thick, scaly, and/or forms blisters.",-,142
Erythema multiforme,Skin and subcutaneous tissue disorders,CTCAE v5.0,,Target lesions covering <10% BSA and not associated with skin tenderness,Target lesions covering 10 - 30% BSA and associated with skin tenderness,Target lesions covering >30% BSA and associated with oral or genital erosions,Target lesions covering >30% BSA; associated with fluid or electrolyte abnormalities; ICU care or burn unit indicated,Death,A disorder characterized by target lesions (a pink-red ring around a pale center).,-,143
Erythroderma,Skin and subcutaneous tissue disorders,CTCAE v5.0,,-,Erythema covering >90% BSA without associated symptoms; limiting instrumental ADL,"Erythema covering >90% BSA with associated symptoms (e.g., pruritus or tenderness); limiting self care ADL",Erythema covering >90% BSA with associated fluid or electrolyte abnormalities; ICU care or burn unit indicated,Death,A disorder characterized by generalized inflammatory erythema and exfoliation. The inflammatory process involves > 90% of the body surface area.,-,143
Fat atrophy,Skin and subcutaneous tissue disorders,CTCAE v5.0,,Covering <10% BSA and asymptomatic,Covering 10 - 30% BSA and associated with erythema or tenderness; limiting instrumental ADL,Covering >30% BSA; associated with erythema or tenderness; limiting self-care ADL,-,-,A disorder characterized by shrinking of adipose tissue.,-,143
Hair color changes,Skin and subcutaneous tissue disorders,CTCAE v5.0,,Present,-,-,-,-,A disorder characterized by change in hair color or loss of normal pigmentation.,-,143
Hair texture abnormal,Skin and subcutaneous tissue disorders,CTCAE v5.0,,Present,-,-,-,-,A disorder characterized by a change in the way the hair feels.,-,143
Hirsutism,Skin and subcutaneous tissue disorders,CTCAE v5.0,,"In women, increase in length, thickness or density of hair in a male distribution that the patient is able to camouflage by periodic shaving, bleaching, or removal of hair","In women, increase in length, thickness or density of hair in a male distribution that requires daily shaving or consistent destructive means of hair removal to camouflage; associated with psychosocial impact",-,-,-,"A disorder characterized by the presence of excess hair growth in women in anatomic sites where growth is considered to be a secondary male characteristic and under androgen control (beard, moustache, chest, abdomen).",-,143
Hyperhidrosis,Skin and subcutaneous tissue disorders,CTCAE v5.0,,"Limited to one site (palms, soles, or axillae); self care interventions",Involving >1 site; patient seeks medical intervention; associated with psychosocial impact,Associated with electrolyte/hemodynamic imbalance,-,-,A disorder characterized by excessive sweating.,"Synonym: Night sweats, diaphoresis",144
Hyperkeratosis,Skin and subcutaneous tissue disorders,CTCAE v5.0,,Present,-,Limiting self-care ADLs,-,-,A disorder characterized by a thickening of the outer layer of the skin.,-,144
Hypertrichosis,Skin and subcutaneous tissue disorders,CTCAE v5.0,,"Increase in length, thickness or density of hair that the patient is either able to camouflage by periodic shaving or removal of hairs or is not concerned enough about the overgrowth to use any form of hair removal","Increase in length, thickness or density of hair at least on the usual exposed areas of the body [face (not limited to beard/moustache area) plus/minus arms] that requires frequent shaving or use of destructive means of hair removal to camouflage; associated with psychosocial impact",-,-,-,"A disorder characterized by hair density or length beyond the accepted limits of normal in a particular body region, for a particular age or race.",-,144
Hypohidrosis,Skin and subcutaneous tissue disorders,CTCAE v5.0,,-,Symptomatic; limiting instrumental ADL,Increase in body temperature; limiting self care ADL,Heat stroke,Death,A disorder characterized by reduced sweating.,-,144
Lipohypertrophy,Skin and subcutaneous tissue disorders,CTCAE v5.0,,Asymptomatic and covering <10% BSA,Covering 10 - 30% BSA and associated tenderness; limiting instrumental ADL,Covering >30% BSA and associated tenderness and narcotics or NSAIDs indicated; lipohypertrophy; limiting self care ADL,-,-,A disorder characterized by hypertrophy of the subcutaneous adipose tissue at the site of multiple subcutaneous injections of insulin.,-,144
Nail changes,Skin and subcutaneous tissue disorders,CTCAE v5.0,,Present,-,-,-,-,A disorder characterized by a change in the nails.,-,144
Nail discoloration,Skin and subcutaneous tissue disorders,CTCAE v5.0,,Asymptomatic; clinical or diagnostic observations only,-,-,-,-,A disorder characterized by a change in the color of the nail plate.,-,145
Nail loss,Skin and subcutaneous tissue disorders,CTCAE v5.0,,Asymptomatic separation of the nail bed from the nail plate or nail loss,Symptomatic separation of the nail bed from the nail plate or nail loss; limiting instrumental ADL,-,-,-,A disorder characterized by loss of all or a portion of the nail.,-,145
Nail ridging,Skin and subcutaneous tissue disorders,CTCAE v5.0,,Asymptomatic; clinical or diagnostic observations only; intervention not indicated,-,-,-,-,A disorder characterized by vertical or horizontal ridges on the nails.,-,145
Pain of skin,Skin and subcutaneous tissue disorders,CTCAE v5.0,,Mild pain,Moderate pain; limiting instrumental ADL,Severe pain; limiting self care ADL,-,-,A disorder characterized by a sensation of marked discomfort in the skin.,-,145
Palmar-plantar erythrodysesthesia syndrome,Skin and subcutaneous tissue disorders,CTCAE v5.0,,"Minimal skin changes or dermatitis (e.g., erythema, edema, or hyperkeratosis) without pain","Skin changes (e.g., peeling, blisters, bleeding, fissures, edema, or hyperkeratosis) with pain; limiting instrumental ADL","Severe skin changes (e.g., peeling, blisters, bleeding, fissures, edema, or hyperkeratosis) with pain; limiting self care ADL",-,-,"A disorder characterized by redness, marked discomfort, swelling, and tingling in the palms of the hands or the soles of the feet. Also known as Hand-Foot Syndrome.",-,145
Photosensitivity,Skin and subcutaneous tissue disorders,CTCAE v5.0,,Painless erythema and erythema covering <10% BSA,Tender erythema covering 10 - 30% BSA,"Erythema covering >30% BSA and erythema with blistering; photosensitivity; oral corticosteroid therapy indicated; pain control indicated (e.g., narcotics or NSAIDs)",Life-threatening consequences; urgent intervention indicated,Death,A disorder characterized by an increase in sensitivity of the skin to light.,-,145
Pruritus,Skin and subcutaneous tissue disorders,CTCAE v5.0,,Mild or localized; topical intervention indicated,"Widespread and intermittent; skin changes from scratching (e.g., edema, papulation, excoriations, lichenification, oozing/crusts); oral intervention indicated; limiting instrumental ADL",Widespread and constant; limiting self care ADL or sleep; systemic corticosteroid or immunosuppressive therapy indicated,-,-,A disorder characterized by an intense itching sensation.,-,146
Purpura,Skin and subcutaneous tissue disorders,CTCAE v5.0,,Combined area of lesions covering <10% BSA,Combined area of lesions covering 10 - 30% BSA; bleeding with trauma,Combined area of lesions covering >30% BSA; spontaneous bleeding,-,-,A disorder characterized by hemorrhagic areas of the skin and mucous membrane. Newer lesions appear reddish in color. Older lesions are usually a darker purple color and eventually become a brownish-yellow color.,-,146
Rash acneiform,Skin and subcutaneous tissue disorders,CTCAE v5.0,,"Papules and/or pustules covering <10% BSA, which may or may not be associated with symptoms of pruritus or tenderness","Papules and/or pustules covering 10 - 30% BSA, which may or may not be associated with symptoms of pruritus or tenderness; associated with psychosocial impact; limiting instrumental ADL; papules and/or pustules covering > 30% BSA with or without mild symptoms",Papules and/or pustules covering >30% BSA with moderate or severe symptoms; limiting self-care ADL; associated with local superinfection with oral antibiotics indicated,"Life-threatening consequences; papules and/or pustules covering any % BSA, which may or may not be associated with symptoms of pruritus or tenderness and are associated with extensive superinfection with IV antibiotics indicated",Death,"A disorder characterized by an eruption of papules and pustules, typically appearing in face, scalp, upper chest and back.",-,146
Rash maculo-papular,Skin and subcutaneous tissue disorders,CTCAE v5.0,,"Macules/papules covering <10% BSA with or without symptoms (e.g., pruritus, burning, tightness)","Macules/papules covering 10 - 30% BSA with or without symptoms (e.g., pruritus, burning, tightness); limiting instrumental ADL; rash covering > 30% BSA with or without mild symptoms",Macules/papules covering >30% BSA with moderate or severe symptoms; limiting self care ADL,-,-,"A disorder characterized by the presence of macules (flat) and papules (elevated). Also known as morbillform rash, it is one of the most common cutaneous adverse events, frequently affecting the upper trunk, spreading centripetally and associated with pruritis.",-,146
Scalp pain,Skin and subcutaneous tissue disorders,CTCAE v5.0,,Mild pain,Moderate pain; limiting instrumental ADL,Severe pain; limiting self care ADL,-,-,A disorder characterized by a sensation of marked discomfort in the skin covering the top and the back of the head.,-,147
Skin atrophy,Skin and subcutaneous tissue disorders,CTCAE v5.0,,Covering <10% BSA; associated with telangiectasias or changes in skin color,Covering 10 - 30% BSA; associated with striae or adnexal structure loss,Covering >30% BSA; associated with ulceration,-,-,A disorder characterized by the degeneration and thinning of the epidermis and dermis.,-,147
Skin hyperpigmentation,Skin and subcutaneous tissue disorders,CTCAE v5.0,,Hyperpigmentation covering <10% BSA; no psychosocial impact,Hyperpigmentation covering >10% BSA; associated psychosocial impact,-,-,-,A disorder characterized by darkening of the skin due to excessive melanin deposition.,-,147
Skin hypopigmentation,Skin and subcutaneous tissue disorders,CTCAE v5.0,,Hypopigmentation or depigmentation covering <10% BSA; no psychosocial impact,Hypopigmentation or depigmentation covering >10% BSA; associated psychosocial impact,-,-,-,"A disorder characterized by loss of skin pigment (e.g., vitiligo).",-,147
Skin induration,Skin and subcutaneous tissue disorders,CTCAE v5.0,,"Mild induration, able to move skin parallel to plane (sliding) and perpendicular to skin (pinching up)","Moderate induration, able to slide skin, unable to pinch skin; limiting instrumental ADL","Severe induration; unable to slide or pinch skin; limiting joint or orifice movement (e.g., mouth, anus); limiting self care ADL",Generalized; associated with signs or symptoms of impaired breathing or feeding,Death,A disorder characterized by an area of hardness in the skin.,-,147
Skin ulceration,Skin and subcutaneous tissue disorders,CTCAE v5.0,,Combined area of ulcers <1 cm; nonblanchable erythema of intact skin with associated warmth or edema,Combined area of ulcers 1 - 2 cm; partial thickness skin loss involving skin or subcutaneous fat,Combined area of ulcers >2 cm; full-thickness skin loss involving damage to or necrosis of subcutaneous tissue that may extend down to fascia,"Any size ulcer with extensive destruction, tissue necrosis, or damage to muscle, bone, or supporting structures with or without full thickness skin loss",Death,"A disorder characterized by a circumscribed, erosive lesion on the skin.",-,147
Stevens-Johnson syndrome,Skin and subcutaneous tissue disorders,CTCAE v5.0,,-,-,"Skin sloughing covering <10% BSA with associated signs (e.g., erythema, purpura, epidermal detachment, and mucous membrane detachment)","Skin sloughing covering 10 - 30% BSA with associated signs (e.g., erythema, purpura, epidermal detachment and mucous membrane detachment)",Death,A disorder characterized by less than 10% total body skin area separation of dermis. The syndrome is thought to be a hypersensitivity complex affecting the skin and the mucous membranes.,-,148
Subcutaneous emphysema,Skin and subcutaneous tissue disorders,CTCAE v5.0,,Asymptomatic or mild symptoms; clinical or diagnostic observations only; intervention not indicated,"Moderate; minimal, local or noninvasive intervention indicated",Severe or medically significant but not immediately life-threatening; hospitalization or prolongation of existing hospitalization indicated; limiting self care ADL,-,-,A disorder characterized by air in the subcutaneous tissue.,-,148
Telangiectasia,Skin and subcutaneous tissue disorders,CTCAE v5.0,,Telangiectasias covering <10% BSA,Telangiectasias covering ≥10% BSA; associated with psychosocial impact,-,-,-,A disorder characterized by local dilatation of small vessels resulting in red discoloration of the skin or mucous membranes.,-,148
Toxic epidermal necrolysis,Skin and subcutaneous tissue disorders,CTCAE v5.0,,-,-,-,"Skin sloughing covering ≥30% BSA with associated symptoms (e.g., erythema, purpura, or epidermal detachment)",Death,A disorder characterized by greater than 30% total body skin area separation of dermis. The syndrome is thought to be a hypersensitivity complex affecting the skin and the mucous membranes.,-,148
Urticaria,Skin and subcutaneous tissue disorders,CTCAE v5.0,,Urticarial lesions covering <10% BSA; topical intervention indicated,Urticarial lesions covering 10 - 30% BSA; oral intervention indicated,Urticarial lesions covering >30% BSA; IV intervention indicated,-,-,A disorder characterized by an itchy skin eruption characterized by wheals with pale interiors and well-defined red margins.,-,148
"Skin and subcutaneous tissue disorders - Other, specify",Skin and subcutaneous tissue disorders,CTCAE v5.0,,Asymptomatic or mild symptoms; clinical or diagnostic observations only; intervention not indicated,"Moderate; minimal, local or noninvasive intervention indicated; limiting age-appropriate instrumental ADL",Severe or medically significant but not immediately life-threatening; hospitalization or prolongation of existing hospitalization indicated; limiting self care ADL,Life-threatening consequences; urgent intervention indicated,Death,-,-,149
"Social circumstances - Other, specify",Social circumstances,CTCAE v5.0,,Asymptomatic or mild symptoms; clinical or diagnostic observations only; intervention not indicated,"Moderate; minimal, local or noninvasive intervention indicated; limiting age-appropriate instrumental ADL",Severe or medically significant but not immediately life-threatening; hospitalization or prolongation of existing hospitalization indicated; limiting self care ADL,Life-threatening consequences; urgent intervention indicated,Death,-,-,150
"Surgical and medical procedures - Other, specify",Surgical and medical procedures,CTCAE v5.0,,Asymptomatic or mild symptoms; clinical or diagnostic observations only; intervention not indicated,"Moderate; minimal, local or noninvasive intervention indicated; limiting age-appropriate instrumental ADL",Severe or medically significant but not immediately life-threatening; hospitalization or prolongation of existing hospitalization indicated; limiting self care ADL,Life-threatening consequences; urgent intervention indicated,Death,-,-,151
Arterial thromboembolism,Vascular disorders,CTCAE v5.0,,-,-,Urgent intervention indicated,Life-threatening consequences; hemodynamic or neurologic instability; organ damage; loss of extremity(ies),Death,A disorder characterized by occlusion of an arterial vessel by a blood clot that develops in an artery.,Consider Nervous system disorders: TIA or Stroke for CNS-related events or Cardiac disorders: Myocardial infarction,152
Capillary leak syndrome,Vascular disorders,CTCAE v5.0,,Asymptomatic,Symptomatic; medical intervention indicated,Severe symptoms; intervention indicated,Life-threatening consequences; urgent intervention indicated,Death,"A disorder characterized by leakage of intravascular fluids into the extravascular space. This syndrome is observed in patients who demonstrate a state of generalized leaky capillaries following shock syndromes, low-flow states, ischemia-reperfusion injuries, toxemias, medications, or poisoning. It can lead to generalized edema and multiple organ failure.",-,152
Flushing,Vascular disorders,CTCAE v5.0,,Asymptomatic; clinical or diagnostic observations only,Moderate symptoms; limiting instrumental ADL,"Symptomatic, associated with hypotension and/or tachycardia; limiting self care ADL",-,-,"A disorder characterized by episodic reddening of the skin, especially face, neck, or chest.",-,152
Hematoma,Vascular disorders,CTCAE v5.0,,Mild symptoms; intervention not indicated,Minimally invasive evacuation or aspiration indicated,Transfusion; invasive intervention indicated,Life-threatening consequences; urgent intervention indicated,Death,"A disorder characterized by a localized collection of blood, usually clotted, in an organ, space, or tissue, due to a break in the wall of a blood vessel.",-,152
Hot flashes,Vascular disorders,CTCAE v5.0,,Mild symptoms; intervention not indicated,Moderate symptoms; limiting instrumental ADL,Severe symptoms; limiting self care ADL,-,-,"A disorder characterized by an uncomfortable and temporary sensation of intense body warmth, flushing, sometimes accompanied by sweating upon cooling.",-,152
Hypertension,Vascular disorders,CTCAE v5.0,,Adult: Systolic BP 120 - 139 mm Hg or diastolic BP 80 - 89 mm Hg; Pediatric: Systolic/diastolic BP >90th percentile but< 95th percentile; Adolescent: BP ≥120/80 even if < 95th percentile,Adult: Systolic BP 140 - 159 mm Hg or diastolic BP 90 - 99 mm Hg if previously WNL; change in baseline medical intervention indicated; recurrent or persistent (≥24 hrs); symptomatic increase by >20 mm Hg (diastolic) or to >140/90 mm Hg; monotherapy indicated initiated; Pediatric and adolescent: Recurrent or persistent (≥24 hrs) BP >ULN; monotherapy indicated; systolic and /or diastolic BP between the 95th percentile and 5 mmHg above the 99th percentile; Adolescent: Systolic between 130-139 or diastolic between 80-89 even if < 95th percentile,Adult: Systolic BP ≥160 mm Hg or diastolic BP ≥100 mm Hg; medical intervention indicated; more than one drug or more intensive therapy than previously used indicated; Pediatric and adolescent: Systolic and/or diastolic > 5 mmHg above the 99th percentile,"Adult and Pediatric: Life- threatening consequences (e.g., malignant hypertension, transient or permanent neurologic deficit, hypertensive crisis); urgent intervention indicated",Death,A disorder characterized by a pathological increase in blood pressure.,-,153
Hypotension,Vascular disorders,CTCAE v5.0,,"Asymptomatic, intervention not indicated",Non-urgent medical intervention indicated,Medical intervention indicated; hospitalization indicated,Life-threatening consequences and urgent intervention indicated,Death,A disorder characterized by a blood pressure that is below the normal expected for an individual in a given environment.,-,153
Lymph leakage,Vascular disorders,CTCAE v5.0,,-,Symptomatic; medical intervention indicated,Severe symptoms; invasive intervention indicated,Life-threatening consequences; urgent intervention indicated,Death,A disorder characterized by the loss of lymph fluid into the surrounding tissue or body cavity.,-,153
Lymphedema,Vascular disorders,CTCAE v5.0,,Trace thickening or faint discoloration,Marked discoloration; leathery skin texture; papillary formation; limiting instrumental ADL,Severe symptoms; limiting self care ADL,-,-,A disorder characterized by excessive fluid collection in tissues that causes swelling.,-,154
Lymphocele,Vascular disorders,CTCAE v5.0,,Asymptomatic; clinical or diagnostic observations only; intervention not indicated,Symptomatic; medical intervention indicated,Severe symptoms; invasive intervention indicated,-,-,A disorder characterized by a cystic lesion containing lymph.,-,154
Peripheral ischemia,Vascular disorders,CTCAE v5.0,,-,Brief (<24 hrs) episode of ischemia managed medically and without permanent deficit,Prolonged (≥24 hrs) or recurring symptoms and/or invasive intervention indicated,Life-threatening consequences; evidence of end organ damage; urgent operative intervention indicated,Death,A disorder characterized by impaired circulation to an extremity.,-,154
Phlebitis,Vascular disorders,CTCAE v5.0,,-,Present,-,-,-,A disorder characterized by inflammation of the wall of a vein.,-,154
Superficial thrombophlebitis,Vascular disorders,CTCAE v5.0,,-,Present,-,-,-,A disorder characterized by a blood clot and inflammation involving a superficial vein of the extremities.,-,154
Superior vena cava syndrome,Vascular disorders,CTCAE v5.0,,Asymptomatic; incidental finding of SVC thrombosis,"Symptomatic; medical intervention indicated (e.g., anticoagulation, radiation or chemotherapy)","Severe symptoms; multi- modality intervention indicated (e.g., anticoagulation, chemotherapy, radiation, stenting)","Life-threatening consequences; urgent multi- modality intervention indicated (e.g., lysis, thrombectomy, surgery)",Death,"A disorder characterized by obstruction of the blood flow in the superior vena cava. Signs and symptoms include swelling and cyanosis of the face, neck, and upper arms, cough, orthopnea and headache.",-,154
Thromboembolic event,Vascular disorders,CTCAE v5.0,,"Medical intervention not indicated (e.g., superficial thrombosis)",Medical intervention indicated,"Urgent medical intervention indicated (e.g., pulmonary embolism or intracardiac thrombus)",Life-threatening consequences with hemodynamic or neurologic instability,Death,A disorder characterized by occlusion of a vessel by a thrombus that has migrated from a distal site via the blood stream.,Consider Nervous system disorders: TIA or Stroke for CNS-related events. Use Vascular disorders: Arterial thromboembolism for arterial thrombi.,155
Vasculitis,Vascular disorders,CTCAE v5.0,,"Asymptomatic, intervention not indicated","Moderate symptoms, medical intervention indicated","Severe symptoms, medical intervention indicated (e.g., steroids)",Life-threatening consequences; evidence of peripheral or visceral ischemia; urgent intervention indicated,Death,A disorder characterized by inflammation involving the wall of a vessel.,-,155
"Vascular disorders - Other, specify",Vascular disorders,CTCAE v5.0,,Asymptomatic or mild symptoms; clinical or diagnostic observations only; intervention not indicated,"Moderate; minimal, local or noninvasive intervention indicated; limiting age-appropriate instrumental ADL",Severe or medically significant but not immediately life-threatening; hospitalization or prolongation of existing hospitalization indicated; limiting self care ADL,Life-threatening consequences; urgent intervention indicated,Death,-,-,155
