map_id,v5_term,v5_soc,v5_page,v6_term,v6_soc,v6_page,map_type,change_flag,changed_fields,possible_counterpart_term,mapping_note
M0001,Abdominal distension,Gastrointestinal disorders,24,Abdominal distension,Gastrointestinal disorders,44,exact_term,Changed,g2; g3,-,Exact same AE term in both versions.
M0002,Abdominal infection,Infections and infestations,53,Abdominal infection,Infections and infestations,103,exact_term,Same,-,-,Exact same AE term in both versions.
M0003,Abdominal pain,Gastrointestinal disorders,24,Abdominal pain,Gastrointestinal disorders,44,exact_term,Changed,g2; g3; note,-,Exact same AE term in both versions.
M0004,Abdominal soft tissue necrosis,Musculoskeletal and connective tissue disorders,95,Abdominal soft tissue necrosis,Musculoskeletal and connective tissue disorders,183,exact_term,Same,-,-,Exact same AE term in both versions.
M0005,Abducens nerve disorder,Nervous system disorders,104,Abducens nerve disorder,Nervous system disorders,205,exact_term,Changed,g2; g3; note,-,Exact same AE term in both versions.
M0006,Accessory nerve disorder,Nervous system disorders,104,Accessory nerve disorder,Nervous system disorders,205,exact_term,Changed,g2; g3; note,-,Exact same AE term in both versions.
M0007,Acidosis,Metabolism and nutrition disorders,91,Acidosis,Metabolism and nutrition disorders,174,exact_term,Same,-,-,Exact same AE term in both versions.
M0008,Acoustic nerve disorder NOS,Nervous system disorders,104,Acoustic nerve disorder NOS,Nervous system disorders,205,exact_term,Changed,g2; g3; note,-,Exact same AE term in both versions.
M0009,Activated partial thromboplastin time prolonged,Investigations,84,Activated partial thromboplastin time prolonged,Investigations,162,exact_term,Same,-,-,Exact same AE term in both versions.
M0010,Acute kidney injury,Renal and urinary disorders,119,Acute kidney injury,Renal and urinary disorders,241,exact_term,Changed,definition; note,-,Exact same AE term in both versions.
M0011,Adrenal insufficiency,Endocrine disorders,15,Adrenal insufficiency,Endocrine disorders,27,exact_term,Same,-,-,Exact same AE term in both versions.
M0012,Adult respiratory distress syndrome,"Respiratory, thoracic and mediastinal disorders",131,Adult respiratory distress syndrome,"Respiratory, thoracic and mediastinal disorders",267,exact_term,Changed,note,-,Exact same AE term in both versions.
M0013,Agitation,Psychiatric disorders,115,Agitation,Psychiatric disorders,234,exact_term,Same,-,-,Exact same AE term in both versions.
M0014,Akathisia,Nervous system disorders,104,Akathisia,Nervous system disorders,206,exact_term,Changed,g2; g3,-,Exact same AE term in both versions.
M0015,Alanine aminotransferase increased,Investigations,84,Alanine aminotransferase increased,Investigations,162,exact_term,Changed,g1; g2; g3; g4; note,-,Exact same AE term in both versions.
M0016,Alcohol intolerance,Metabolism and nutrition disorders,91,Alcohol intolerance,Metabolism and nutrition disorders,174,exact_term,Changed,g3,-,Exact same AE term in both versions.
M0017,Alkaline phosphatase increased,Investigations,84,Alkaline phosphatase increased,Investigations,162,exact_term,Changed,g1; g2; g3; g4; definition,-,Exact same AE term in both versions.
M0018,Alkalosis,Metabolism and nutrition disorders,91,Alkalosis,Metabolism and nutrition disorders,174,exact_term,Same,-,-,Exact same AE term in both versions.
M0019,Allergic reaction,Immune system disorders,51,Allergic reaction,Immune system disorders,99,exact_term,Changed,g3; definition; note,-,Exact same AE term in both versions.
M0020,Allergic rhinitis,"Respiratory, thoracic and mediastinal disorders",131,Allergic rhinitis,"Respiratory, thoracic and mediastinal disorders",267,exact_term,Same,-,-,Exact same AE term in both versions.
M0021,Alopecia,Skin and subcutaneous tissue disorders,142,Alopecia,Skin and subcutaneous tissue disorders,290,exact_term,Same,-,-,Exact same AE term in both versions.
M0022,Amenorrhea,Reproductive system and breast disorders,123,Amenorrhea,Reproductive system and breast disorders,251,exact_term,Same,-,-,Exact same AE term in both versions.
M0023,Amnesia,Nervous system disorders,104,Amnesia,Nervous system disorders,206,exact_term,Changed,g2; g3,-,Exact same AE term in both versions.
M0024,Anal fissure,Gastrointestinal disorders,24,Anal fissure,Gastrointestinal disorders,44,exact_term,Same,-,-,Exact same AE term in both versions.
M0025,Anal fistula,Gastrointestinal disorders,24,Anal fistula,Gastrointestinal disorders,45,exact_term,Same,-,-,Exact same AE term in both versions.
M0026,Anal hemorrhage,Gastrointestinal disorders,24,-,-,-,v5_only,v5 only,-,-,-
M0027,Anal mucositis,Gastrointestinal disorders,24,Anal mucositis,Gastrointestinal disorders,45,exact_term,Changed,g2; g3; note,-,Exact same AE term in both versions.
M0028,Anal necrosis,Gastrointestinal disorders,24,Anal necrosis,Gastrointestinal disorders,45,exact_term,Same,-,-,Exact same AE term in both versions.
M0029,Anal pain,Gastrointestinal disorders,25,Anal pain,Gastrointestinal disorders,46,exact_term,Changed,g2; g3; note,-,Exact same AE term in both versions.
M0030,Anal stenosis,Gastrointestinal disorders,25,Anal stenosis,Gastrointestinal disorders,46,exact_term,Same,-,-,Exact same AE term in both versions.
M0031,Anal ulcer,Gastrointestinal disorders,25,Anal ulcer,Gastrointestinal disorders,46,exact_term,Same,-,-,Exact same AE term in both versions.
M0032,Anaphylaxis,Immune system disorders,51,Anaphylaxis,Immune system disorders,99,exact_term,Changed,note,-,Exact same AE term in both versions.
M0033,Anemia,Blood and lymphatic system disorders,4,Anemia,Blood and lymphatic system disorders,4,exact_term,Changed,g2,-,Exact same AE term in both versions.
M0034,-,-,-,Anesthetic complication,"Injury, poisoning and procedural complications",133,v6_only,v6 only,-,-,-
M0035,Ankle fracture,"Injury, poisoning and procedural complications",70,-,-,-,v5_only,v5 only,-,-,-
M0036,Anorectal infection,Infections and infestations,53,Anorectal infection,Infections and infestations,103,exact_term,Same,-,-,Exact same AE term in both versions.
M0037,Anorexia,Metabolism and nutrition disorders,91,Anorexia,Metabolism and nutrition disorders,175,exact_term,Same,-,-,Exact same AE term in both versions.
M0038,Anorgasmia,Psychiatric disorders,115,Anorgasmia,Psychiatric disorders,234,exact_term,Same,-,-,Exact same AE term in both versions.
M0039,Anosmia,Nervous system disorders,104,Anosmia,Nervous system disorders,206,exact_term,Changed,note,-,Exact same AE term in both versions.
M0040,Anxiety,Psychiatric disorders,115,Anxiety,Psychiatric disorders,234,exact_term,Changed,g2; g3,-,Exact same AE term in both versions.
M0041,Aortic injury,"Injury, poisoning and procedural complications",70,Aortic injury,"Injury, poisoning and procedural complications",133,exact_term,Changed,g3,-,Exact same AE term in both versions.
M0042,Aortic valve disease,Cardiac disorders,6,Aortic valve disease,Cardiac disorders,10,exact_term,Same,-,-,Exact same AE term in both versions.
M0043,Aphonia,Nervous system disorders,104,Aphonia,"Respiratory, thoracic and mediastinal disorders",267,exact_term,Changed,soc,-,Exact same AE term in both versions.
M0044,-,-,-,Aplastic anemia,Blood and lymphatic system disorders,4,v6_only,v6 only,-,-,-
M0045,Apnea,"Respiratory, thoracic and mediastinal disorders",131,Apnea,"Respiratory, thoracic and mediastinal disorders",268,exact_term,Same,-,-,Exact same AE term in both versions.
M0046,Appendicitis,Infections and infestations,53,Appendicitis,Infections and infestations,103,exact_term,Same,-,-,Exact same AE term in both versions.
M0047,Appendicitis perforated,Infections and infestations,53,Appendicitis perforated,Infections and infestations,104,exact_term,Same,-,-,Exact same AE term in both versions.
M0048,Arachnoiditis,Nervous system disorders,104,Arachnoiditis,Nervous system disorders,207,exact_term,Changed,g2; g3,-,Exact same AE term in both versions.
M0049,Arterial injury,"Injury, poisoning and procedural complications",70,Arterial injury,"Injury, poisoning and procedural complications",134,exact_term,Changed,g3,-,Exact same AE term in both versions.
M0050,Arterial thromboembolism,Vascular disorders,152,Arterial thromboembolism,Vascular disorders,306,exact_term,Changed,note,-,Exact same AE term in both versions.
M0051,Arteritis infective,Infections and infestations,53,Arteritis infective,Infections and infestations,104,exact_term,Same,-,-,Exact same AE term in both versions.
M0052,Arthralgia,Musculoskeletal and connective tissue disorders,95,Arthralgia,Musculoskeletal and connective tissue disorders,183,exact_term,Changed,g2; g3; note,-,Exact same AE term in both versions.
M0053,Arthritis,Musculoskeletal and connective tissue disorders,95,Arthritis,Musculoskeletal and connective tissue disorders,184,exact_term,Changed,g2; g3; note,-,Exact same AE term in both versions.
M0054,Ascites,Gastrointestinal disorders,25,Ascites,Gastrointestinal disorders,47,exact_term,Changed,g2; g3; note,-,Exact same AE term in both versions.
M0055,-,-,-,Aseptic meningitis,Infections and infestations,104,v6_only,v6 only,-,-,-
M0056,Aspartate aminotransferase increased,Investigations,84,Aspartate aminotransferase increased,Investigations,163,exact_term,Changed,g1; g2; g3; g4; note,-,Exact same AE term in both versions.
M0057,Aspiration,"Respiratory, thoracic and mediastinal disorders",131,Aspiration,"Respiratory, thoracic and mediastinal disorders",268,exact_term,Changed,g1,-,Exact same AE term in both versions.
M0058,Asystole,Cardiac disorders,6,Asystole,Cardiac disorders,10,exact_term,Changed,g1; g3,-,Exact same AE term in both versions.
M0059,Ataxia,Nervous system disorders,105,Ataxia,Nervous system disorders,207,exact_term,Changed,g1; g2; g3; note,-,Exact same AE term in both versions.
M0060,Atelectasis,"Respiratory, thoracic and mediastinal disorders",131,Atelectasis,"Respiratory, thoracic and mediastinal disorders",268,exact_term,Same,-,-,Exact same AE term in both versions.
M0061,Atrial fibrillation,Cardiac disorders,6,Atrial fibrillation,Cardiac disorders,10,exact_term,Changed,g2; g4,-,Exact same AE term in both versions.
M0062,Atrial flutter,Cardiac disorders,6,Atrial flutter,Cardiac disorders,11,exact_term,Changed,g4,-,Exact same AE term in both versions.
M0063,Atrioventricular block complete,Cardiac disorders,6,Atrioventricular block complete,Cardiac disorders,11,exact_term,Same,-,-,Exact same AE term in both versions.
M0064,Atrioventricular block first degree,Cardiac disorders,7,Atrioventricular block first degree,Cardiac disorders,11,exact_term,Same,-,-,Exact same AE term in both versions.
M0065,Autoimmune disorder,Immune system disorders,51,Autoimmune disorder,Immune system disorders,100,exact_term,Changed,note,-,Exact same AE term in both versions.
M0066,-,-,-,Autonomic neuropathy,Nervous system disorders,207,v6_only,v6 only,-,-,-
M0067,Avascular necrosis,Musculoskeletal and connective tissue disorders,95,-,-,-,v5_only,v5 only,-,-,-
M0068,Azoospermia,Reproductive system and breast disorders,123,Azoospermia,Reproductive system and breast disorders,251,exact_term,Same,-,-,Exact same AE term in both versions.
M0069,Back pain,Musculoskeletal and connective tissue disorders,95,Back pain,Musculoskeletal and connective tissue disorders,184,exact_term,Changed,g2; g3; note,-,Exact same AE term in both versions.
M0070,Bacteremia,Infections and infestations,53,Bacteremia,Infections and infestations,105,exact_term,Changed,note,-,Exact same AE term in both versions.
M0071,Belching,Gastrointestinal disorders,25,Belching,Gastrointestinal disorders,47,exact_term,Same,-,-,Exact same AE term in both versions.
M0072,Bile duct stenosis,Hepatobiliary disorders,48,Bile duct stenosis,Hepatobiliary disorders,92,exact_term,Same,-,-,Exact same AE term in both versions.
M0073,Biliary anastomotic leak,"Injury, poisoning and procedural complications",70,Biliary anastomotic leak,"Injury, poisoning and procedural complications",134,exact_term,Same,-,-,Exact same AE term in both versions.
M0074,Biliary fistula,Hepatobiliary disorders,48,Biliary fistula,Hepatobiliary disorders,92,exact_term,Same,-,-,Exact same AE term in both versions.
M0075,-,-,-,Biliary obstruction,Hepatobiliary disorders,92,v6_only,v6 only,-,-,-
M0076,Biliary tract infection,Infections and infestations,54,Biliary tract infection,Infections and infestations,105,exact_term,Same,-,-,Exact same AE term in both versions.
M0077,Bladder anastomotic leak,"Injury, poisoning and procedural complications",70,Bladder anastomotic leak,"Injury, poisoning and procedural complications",134,exact_term,Same,-,-,Exact same AE term in both versions.
M0078,Bladder infection,Infections and infestations,54,Bladder infection,Infections and infestations,105,exact_term,Same,-,-,Exact same AE term in both versions.
M0079,Bladder perforation,Renal and urinary disorders,119,Bladder perforation,Renal and urinary disorders,241,exact_term,Same,-,-,Exact same AE term in both versions.
M0080,Bladder spasm,Renal and urinary disorders,119,Bladder spasm,Renal and urinary disorders,241,exact_term,Same,-,-,Exact same AE term in both versions.
M0081,Bloating,Gastrointestinal disorders,25,Bloating,Gastrointestinal disorders,47,exact_term,Same,-,-,Exact same AE term in both versions.
M0082,"Blood and lymphatic system disorders - Other, specify",Blood and lymphatic system disorders,5,"Blood and lymphatic system disorders - Other, specify",Blood and lymphatic system disorders,5,exact_term,Changed,g2; g3,-,Exact same AE term in both versions.
M0083,Blood antidiuretic hormone abnormal,Investigations,84,Blood antidiuretic hormone abnormal,Investigations,163,exact_term,Changed,definition,-,Exact same AE term in both versions.
M0084,Blood bicarbonate decreased,Investigations,84,Blood bicarbonate decreased,Investigations,163,exact_term,Changed,note,-,Exact same AE term in both versions.
M0085,Blood bilirubin increased,Investigations,85,Blood bilirubin increased,Investigations,164,exact_term,Changed,g1; g2; g3; g4; definition; note,-,Exact same AE term in both versions.
M0086,Blood corticotrophin decreased,Investigations,85,Blood corticotrophin decreased,Investigations,164,exact_term,Changed,definition,-,Exact same AE term in both versions.
M0087,Blood gonadotrophin abnormal,Investigations,85,Blood gonadotrophin abnormal,Investigations,164,exact_term,Changed,g2; g3,-,Exact same AE term in both versions.
M0088,Blood lactate dehydrogenase increased,Investigations,85,Blood lactate dehydrogenase increased,Investigations,164,exact_term,Changed,definition,-,Exact same AE term in both versions.
M0089,Blood prolactin abnormal,Investigations,85,Blood prolactin abnormal,Investigations,165,exact_term,Changed,g2,-,Exact same AE term in both versions.
M0090,Blurred vision,Eye disorders,18,Blurred vision,Eye disorders,33,exact_term,Changed,g2; g3; note,-,Exact same AE term in both versions.
M0091,Body odor,Skin and subcutaneous tissue disorders,142,Body odor,Skin and subcutaneous tissue disorders,290,exact_term,Same,-,-,Exact same AE term in both versions.
M0092,Bone infection,Infections and infestations,54,Bone infection,Infections and infestations,105,exact_term,Same,-,-,Exact same AE term in both versions.
M0093,Bone marrow hypocellular,Blood and lymphatic system disorders,4,Bone marrow hypocellular,Blood and lymphatic system disorders,5,exact_term,Changed,note,-,Exact same AE term in both versions.
M0094,Bone pain,Musculoskeletal and connective tissue disorders,95,Bone pain,Musculoskeletal and connective tissue disorders,185,exact_term,Changed,g2; g3; note,-,Exact same AE term in both versions.
M0095,Brachial plexopathy,Nervous system disorders,105,Brachial plexopathy,Nervous system disorders,208,exact_term,Changed,g1; g2; g3,-,Exact same AE term in both versions.
M0096,-,-,-,Brain fog,Nervous system disorders,208,v6_only,v6 only,-,-,-
M0097,Breast atrophy,Reproductive system and breast disorders,123,-,-,-,v5_only,v5 only,-,-,-
M0098,Breast infection,Infections and infestations,54,Breast infection,Infections and infestations,106,exact_term,Same,-,-,Exact same AE term in both versions.
M0099,Breast pain,Reproductive system and breast disorders,123,Breast pain,Reproductive system and breast disorders,251,exact_term,Changed,g2; g3; note,-,Exact same AE term in both versions.
M0100,Bronchial fistula,"Respiratory, thoracic and mediastinal disorders",131,Bronchial fistula,"Respiratory, thoracic and mediastinal disorders",269,exact_term,Same,-,-,Exact same AE term in both versions.
M0101,Bronchial infection,Infections and infestations,54,Bronchial infection,Infections and infestations,106,exact_term,Same,-,-,Exact same AE term in both versions.
M0102,Bronchial obstruction,"Respiratory, thoracic and mediastinal disorders",132,Bronchial obstruction,"Respiratory, thoracic and mediastinal disorders",269,exact_term,Same,-,-,Exact same AE term in both versions.
M0103,Bronchial stricture,"Respiratory, thoracic and mediastinal disorders",132,Bronchial stricture,"Respiratory, thoracic and mediastinal disorders",269,exact_term,Same,-,-,Exact same AE term in both versions.
M0104,Bronchopleural fistula,"Respiratory, thoracic and mediastinal disorders",132,Bronchopleural fistula,"Respiratory, thoracic and mediastinal disorders",270,exact_term,Same,-,-,Exact same AE term in both versions.
M0105,Bronchopulmonary hemorrhage,"Respiratory, thoracic and mediastinal disorders",132,Bronchopulmonary hemorrhage,"Respiratory, thoracic and mediastinal disorders",270,exact_term,Changed,g3,-,Exact same AE term in both versions.
M0106,Bronchospasm,"Respiratory, thoracic and mediastinal disorders",132,Bronchospasm,"Respiratory, thoracic and mediastinal disorders",270,exact_term,Changed,g2; g3; definition,-,Exact same AE term in both versions.
M0107,Bruising,"Injury, poisoning and procedural complications",70,Bruising,"Injury, poisoning and procedural complications",135,exact_term,Same,-,-,Exact same AE term in both versions.
M0108,Budd-Chiari syndrome,Hepatobiliary disorders,48,Budd-Chiari syndrome,Hepatobiliary disorders,93,exact_term,Same,-,-,Exact same AE term in both versions.
M0109,Bullous dermatitis,Skin and subcutaneous tissue disorders,142,-,-,-,v5_only,v5 only,-,Dermatosis bullous,Possible terminology update; not auto-merged.
M0110,Burn,"Injury, poisoning and procedural complications",71,Burn,"Injury, poisoning and procedural complications",135,exact_term,Same,-,-,Exact same AE term in both versions.
M0111,Buttock pain,Musculoskeletal and connective tissue disorders,95,Buttock pain,Musculoskeletal and connective tissue disorders,185,exact_term,Changed,g2; g3; note,-,Exact same AE term in both versions.
M0112,-,-,-,Candidiasis,Infections and infestations,106,v6_only,v6 only,-,Thrush,Related infection terminology; not auto-merged.
M0113,Capillary leak syndrome,Vascular disorders,152,Capillary leak syndrome,Vascular disorders,306,exact_term,Changed,g3; g4,-,Exact same AE term in both versions.
M0114,Carbon monoxide diffusing capacity decreased,Investigations,85,Carbon monoxide diffusing capacity decreased,Investigations,165,exact_term,Changed,g1; g2; definition; note,-,Exact same AE term in both versions.
M0115,Cardiac arrest,Cardiac disorders,7,Cardiac arrest,Cardiac disorders,12,exact_term,Same,-,-,Exact same AE term in both versions.
M0116,"Cardiac disorders - Other, specify",Cardiac disorders,11,"Cardiac disorders - Other, specify",Cardiac disorders,12,exact_term,Changed,g2; g3,-,Exact same AE term in both versions.
M0117,Cardiac troponin I increased,Investigations,86,-,-,-,v5_only,v5 only,-,-,-
M0118,Cardiac troponin T increased,Investigations,86,-,-,-,v5_only,v5 only,-,-,-
M0119,Cataract,Eye disorders,18,Cataract,Eye disorders,33,exact_term,Changed,g2; g3,-,Exact same AE term in both versions.
M0120,Catheter related infection,Infections and infestations,54,Catheter related infection,Infections and infestations,107,exact_term,Changed,definition; note,-,Exact same AE term in both versions.
M0121,CD4 lymphocytes decreased,Investigations,86,CD4 lymphocytes decreased,Investigations,165,exact_term,Changed,g1; g2; g3; g4; definition,-,Exact same AE term in both versions.
M0122,Cecal hemorrhage,Gastrointestinal disorders,26,Cecal hemorrhage,Gastrointestinal disorders,47,exact_term,Changed,g3,-,Exact same AE term in both versions.
M0123,Cecal infection,Infections and infestations,55,Cecal infection,Infections and infestations,107,exact_term,Same,-,-,Exact same AE term in both versions.
M0124,Central nervous system necrosis,Nervous system disorders,105,Central nervous system necrosis,Nervous system disorders,208,exact_term,Same,-,-,Exact same AE term in both versions.
M0125,-,-,-,Cerebral venous sinus thrombosis,Nervous system disorders,209,v6_only,v6 only,-,-,-
M0126,Cerebrospinal fluid leakage,Nervous system disorders,105,Cerebrospinal fluid leakage,Nervous system disorders,209,exact_term,Changed,g1; g2,-,Exact same AE term in both versions.
M0127,Cervicitis infection,Infections and infestations,55,Cervicitis infection,Infections and infestations,107,exact_term,Same,-,-,Exact same AE term in both versions.
M0128,Cheilitis,Gastrointestinal disorders,26,Cheilitis,Gastrointestinal disorders,48,exact_term,Changed,g1; g2; g3,-,Exact same AE term in both versions.
M0129,Chest pain - cardiac,Cardiac disorders,7,Chest pain - cardiac,Cardiac disorders,13,exact_term,Changed,g2; g3; note,-,Exact same AE term in both versions.
M0130,Chest wall necrosis,Musculoskeletal and connective tissue disorders,96,Chest wall necrosis,Musculoskeletal and connective tissue disorders,185,exact_term,Same,-,-,Exact same AE term in both versions.
M0131,Chest wall pain,Musculoskeletal and connective tissue disorders,96,Chest wall pain,Musculoskeletal and connective tissue disorders,186,exact_term,Changed,g2; g3; note,-,Exact same AE term in both versions.
M0132,Chills,General disorders and administration site conditions,44,Chills,General disorders and administration site conditions,83,exact_term,Changed,note,-,Exact same AE term in both versions.
M0133,Cholecystitis,Hepatobiliary disorders,48,Cholecystitis,Hepatobiliary disorders,93,exact_term,Same,-,-,Exact same AE term in both versions.
M0134,Cholesterol high,Investigations,86,Cholesterol high,Investigations,166,exact_term,Same,-,-,Exact same AE term in both versions.
M0135,Chronic kidney disease,Renal and urinary disorders,119,Chronic kidney disease,Renal and urinary disorders,242,exact_term,Changed,g2; g3; definition,-,Exact same AE term in both versions.
M0136,Chylothorax,"Respiratory, thoracic and mediastinal disorders",133,Chylothorax,"Respiratory, thoracic and mediastinal disorders",271,exact_term,Same,-,-,Exact same AE term in both versions.
M0137,Chylous ascites,Gastrointestinal disorders,26,Chylous ascites,Gastrointestinal disorders,48,exact_term,Same,-,-,Exact same AE term in both versions.
M0138,Cognitive disturbance,Nervous system disorders,105,Cognitive disturbance,Nervous system disorders,209,exact_term,Changed,note,-,Exact same AE term in both versions.
M0139,Colitis,Gastrointestinal disorders,26,Colitis,Gastrointestinal disorders,48,exact_term,Same,-,-,Exact same AE term in both versions.
M0140,Colonic fistula,Gastrointestinal disorders,26,Colonic fistula,Gastrointestinal disorders,49,exact_term,Same,-,-,Exact same AE term in both versions.
M0141,Colonic hemorrhage,Gastrointestinal disorders,26,-,-,-,v5_only,v5 only,-,-,-
M0142,Colonic obstruction,Gastrointestinal disorders,27,Colonic obstruction,Gastrointestinal disorders,49,exact_term,Same,-,-,Exact same AE term in both versions.
M0143,Colonic perforation,Gastrointestinal disorders,27,Colonic perforation,Gastrointestinal disorders,49,exact_term,Changed,note,-,Exact same AE term in both versions.
M0144,Colonic stenosis,Gastrointestinal disorders,27,Colonic stenosis,Gastrointestinal disorders,50,exact_term,Same,-,-,Exact same AE term in both versions.
M0145,Colonic ulcer,Gastrointestinal disorders,27,Colonic ulcer,Gastrointestinal disorders,50,exact_term,Same,-,-,Exact same AE term in both versions.
M0146,Concentration impairment,Nervous system disorders,105,Concentration impairment,Nervous system disorders,210,exact_term,Changed,g2; g3,-,Exact same AE term in both versions.
M0147,Conduction disorder,Cardiac disorders,7,-,-,-,v5_only,v5 only,-,-,-
M0148,Confusion,Psychiatric disorders,115,Confusion,Psychiatric disorders,235,exact_term,Changed,g2; g3,-,Exact same AE term in both versions.
M0149,"Congenital, familial and genetic disorders - Other, specify","Congenital, familial and genetic disorders",12,"Congenital, familial and genetic disorders - Other, specify","Congenital, familial and genetic disorders",22,exact_term,Changed,g2; g3,-,Exact same AE term in both versions.
M0150,Conjunctivitis,Infections and infestations,55,Conjunctivitis,Infections and infestations,108,exact_term,Changed,g3; note,-,Exact same AE term in both versions.
M0151,Conjunctivitis infective,Infections and infestations,55,Conjunctivitis infective,Infections and infestations,108,exact_term,Same,-,-,Exact same AE term in both versions.
M0152,Constipation,Gastrointestinal disorders,27,Constipation,Gastrointestinal disorders,50,exact_term,Changed,g2; g3,-,Exact same AE term in both versions.
M0153,Corneal infection,Infections and infestations,55,Corneal infection,Infections and infestations,108,exact_term,Same,-,-,Exact same AE term in both versions.
M0154,Corneal ulcer,Eye disorders,18,Corneal ulcer,Eye disorders,34,exact_term,Same,-,-,Exact same AE term in both versions.
M0155,Cough,"Respiratory, thoracic and mediastinal disorders",133,Cough,"Respiratory, thoracic and mediastinal disorders",271,exact_term,Changed,g2; g3; note,-,Exact same AE term in both versions.
M0156,CPK increased,Investigations,86,-,-,-,v5_only,v5 only,-,-,-
M0157,Cranial nerve infection,Infections and infestations,56,Cranial nerve infection,Infections and infestations,109,exact_term,Same,-,-,Exact same AE term in both versions.
M0158,-,-,-,Creatinine clearance decreased,Investigations,166,v6_only,v6 only,-,-,-
M0159,Creatinine increased,Investigations,86,Creatinine increased,Investigations,166,exact_term,Changed,g2; g3; note,-,Exact same AE term in both versions.
M0160,Cushingoid,Endocrine disorders,15,Cushingoid,Endocrine disorders,27,exact_term,Same,-,-,Exact same AE term in both versions.
M0161,Cyanosis,Cardiac disorders,7,Cyanosis,Vascular disorders,306,exact_term,Changed,soc,-,Exact same AE term in both versions.
M0162,Cystitis noninfective,Renal and urinary disorders,119,Cystitis noninfective,Renal and urinary disorders,242,exact_term,Changed,g2,-,Exact same AE term in both versions.
M0163,Cytokine release syndrome,Immune system disorders,51,Cytokine release syndrome,Immune system disorders,100,exact_term,Changed,g2; g3; note,-,Exact same AE term in both versions.
M0164,Cytomegalovirus infection reactivation,Infections and infestations,56,Cytomegalovirus infection reactivation,Infections and infestations,109,exact_term,Same,-,-,Exact same AE term in both versions.
M0165,Death neonatal,General disorders and administration site conditions,44,Death neonatal,General disorders and administration site conditions,83,exact_term,Same,-,-,Exact same AE term in both versions.
M0166,Death NOS,General disorders and administration site conditions,44,Death NOS,General disorders and administration site conditions,83,exact_term,Same,-,-,Exact same AE term in both versions.
M0167,-,-,-,Decreased night vision,Eye disorders,34,v6_only,v6 only,-,Night blindness,Possible terminology update; not auto-merged.
M0168,Dehydration,Metabolism and nutrition disorders,91,Dehydration,Metabolism and nutrition disorders,175,exact_term,Same,-,-,Exact same AE term in both versions.
M0169,Delayed orgasm,Psychiatric disorders,115,Delayed orgasm,Psychiatric disorders,235,exact_term,Same,-,-,Exact same AE term in both versions.
M0170,Delayed puberty,Endocrine disorders,15,Delayed puberty,Endocrine disorders,27,exact_term,Same,-,-,Exact same AE term in both versions.
M0171,Delirium,Psychiatric disorders,115,Delirium,Psychiatric disorders,235,exact_term,Changed,g2; g3,-,Exact same AE term in both versions.
M0172,Delusions,Psychiatric disorders,115,Delusions,Psychiatric disorders,236,exact_term,Changed,g3,-,Exact same AE term in both versions.
M0173,Dental caries,Gastrointestinal disorders,27,Dental caries,Gastrointestinal disorders,51,exact_term,Same,-,-,Exact same AE term in both versions.
M0174,Depressed level of consciousness,Nervous system disorders,106,Depressed level of consciousness,Nervous system disorders,210,exact_term,Changed,g2; note,-,Exact same AE term in both versions.
M0175,Depression,Psychiatric disorders,116,Depression,Psychiatric disorders,236,exact_term,Changed,g2; g3,-,Exact same AE term in both versions.
M0176,-,-,-,Dermatitis psoriasiform,Skin and subcutaneous tissue disorders,290,v6_only,v6 only,-,-,-
M0177,Dermatitis radiation,"Injury, poisoning and procedural complications",71,Dermatitis radiation,"Injury, poisoning and procedural complications",135,exact_term,Same,-,-,Exact same AE term in both versions.
M0178,-,-,-,Dermatosis bullous,Skin and subcutaneous tissue disorders,291,v6_only,v6 only,-,Bullous dermatitis,Possible terminology update; not auto-merged.
M0179,Device related infection,Infections and infestations,56,Device related infection,Infections and infestations,109,exact_term,Changed,note,-,Exact same AE term in both versions.
M0180,-,-,-,Diabetes mellitus,Metabolism and nutrition disorders,175,v6_only,v6 only,-,-,-
M0181,Diarrhea,Gastrointestinal disorders,28,Diarrhea,Gastrointestinal disorders,51,exact_term,Changed,g1; g2; g3; note,-,Exact same AE term in both versions.
M0182,-,-,-,Differentiation syndrome,"Neoplasms benign, malignant and unspecified (incl cysts and polyps)",201,v6_only,v6 only,-,-,-
M0183,Disease progression,General disorders and administration site conditions,44,Disease progression,General disorders and administration site conditions,83,exact_term,Same,-,-,Exact same AE term in both versions.
M0184,Disseminated intravascular coagulation,Blood and lymphatic system disorders,4,Disseminated intravascular coagulation,Blood and lymphatic system disorders,5,exact_term,Same,-,-,Exact same AE term in both versions.
M0185,Dizziness,Nervous system disorders,106,Dizziness,Nervous system disorders,210,exact_term,Changed,g2; g3; note,-,Exact same AE term in both versions.
M0186,Dry eye,Eye disorders,18,Dry eye,Eye disorders,35,exact_term,Changed,g1; g3; note,-,Exact same AE term in both versions.
M0187,Dry mouth,Gastrointestinal disorders,28,Dry mouth,Gastrointestinal disorders,52,exact_term,Changed,note,-,Exact same AE term in both versions.
M0188,Dry skin,Skin and subcutaneous tissue disorders,142,Dry skin,Skin and subcutaneous tissue disorders,291,exact_term,Changed,g1; g2; g3,-,Exact same AE term in both versions.
M0189,Duodenal fistula,Gastrointestinal disorders,28,Duodenal fistula,Gastrointestinal disorders,52,exact_term,Same,-,-,Exact same AE term in both versions.
M0190,Duodenal hemorrhage,Gastrointestinal disorders,28,Duodenal hemorrhage,Gastrointestinal disorders,52,exact_term,Changed,g3; note,-,Exact same AE term in both versions.
M0191,Duodenal infection,Infections and infestations,56,Duodenal infection,Infections and infestations,110,exact_term,Same,-,-,Exact same AE term in both versions.
M0192,Duodenal obstruction,Gastrointestinal disorders,28,Duodenal obstruction,Gastrointestinal disorders,53,exact_term,Same,-,-,Exact same AE term in both versions.
M0193,Duodenal perforation,Gastrointestinal disorders,29,Duodenal perforation,Gastrointestinal disorders,53,exact_term,Changed,note,-,Exact same AE term in both versions.
M0194,Duodenal stenosis,Gastrointestinal disorders,29,Duodenal stenosis,Gastrointestinal disorders,53,exact_term,Same,-,-,Exact same AE term in both versions.
M0195,Duodenal ulcer,Gastrointestinal disorders,29,Duodenal ulcer,Gastrointestinal disorders,54,exact_term,Changed,g2; g3,-,Exact same AE term in both versions.
M0196,Dysarthria,Nervous system disorders,106,Dysarthria,Nervous system disorders,211,exact_term,Changed,note,-,Exact same AE term in both versions.
M0197,Dysesthesia,Nervous system disorders,106,Dysesthesia,Nervous system disorders,211,exact_term,Changed,g2; g3; note,-,Exact same AE term in both versions.
M0198,Dysgeusia,Nervous system disorders,106,Dysgeusia,Nervous system disorders,211,exact_term,Same,-,-,Exact same AE term in both versions.
M0199,Dysmenorrhea,Reproductive system and breast disorders,123,Dysmenorrhea,Reproductive system and breast disorders,252,exact_term,Changed,g2; g3,-,Exact same AE term in both versions.
M0200,Dyspareunia,Reproductive system and breast disorders,123,Dyspareunia,Reproductive system and breast disorders,252,exact_term,Same,-,-,Exact same AE term in both versions.
M0201,Dyspepsia,Gastrointestinal disorders,29,Dyspepsia,Gastrointestinal disorders,54,exact_term,Changed,note,-,Exact same AE term in both versions.
M0202,Dysphagia,Gastrointestinal disorders,29,Dysphagia,Gastrointestinal disorders,54,exact_term,Same,-,-,Exact same AE term in both versions.
M0203,Dysphasia,Nervous system disorders,106,Dysphasia,Nervous system disorders,212,exact_term,Changed,g4; note,-,Exact same AE term in both versions.
M0204,Dyspnea,"Respiratory, thoracic and mediastinal disorders",133,Dyspnea,"Respiratory, thoracic and mediastinal disorders",272,exact_term,Changed,g2; g3; note,-,Exact same AE term in both versions.
M0205,Dysuria,Renal and urinary disorders,119,Dysuria,Renal and urinary disorders,243,exact_term,Changed,note,-,Exact same AE term in both versions.
M0206,"Ear and labyrinth disorders - Other, specify",Ear and labyrinth disorders,14,"Ear and labyrinth disorders - Other, specify",Ear and labyrinth disorders,23,exact_term,Changed,g2; g3,-,Exact same AE term in both versions.
M0207,Ear pain,Ear and labyrinth disorders,13,Ear pain,Ear and labyrinth disorders,23,exact_term,Changed,g2; g3; note,-,Exact same AE term in both versions.
M0208,Eczema,Skin and subcutaneous tissue disorders,142,-,-,-,v5_only,v5 only,-,Eczematous dermatitis,Possible terminology update; not auto-merged.
M0209,-,-,-,Eczematous dermatitis,Skin and subcutaneous tissue disorders,291,v6_only,v6 only,-,Eczema,Possible terminology update; not auto-merged.
M0210,Edema cerebral,Nervous system disorders,106,Edema cerebral,Nervous system disorders,212,exact_term,Changed,g1; g3; note,-,Exact same AE term in both versions.
M0211,Edema face,General disorders and administration site conditions,44,Edema face,General disorders and administration site conditions,84,exact_term,Changed,g1; g2; g3; definition; note,-,Exact same AE term in both versions.
M0212,Edema limbs,General disorders and administration site conditions,44,-,-,-,v5_only,v5 only,-,Peripheral edema,Possible related edema terminology; not auto-merged.
M0213,Edema trunk,General disorders and administration site conditions,45,-,-,-,v5_only,v5 only,-,-,-
M0214,Ejaculation disorder,Reproductive system and breast disorders,123,Ejaculation disorder,Reproductive system and breast disorders,252,exact_term,Same,-,-,Exact same AE term in both versions.
M0215,Ejection fraction decreased,Investigations,87,-,-,-,v5_only,v5 only,-,Left ventricular dysfunction,Related cardiac function concept; v6 uses specific LVEF criteria under left ventricular dysfunction. Not auto-merged.
M0216,Electrocardiogram QT corrected interval prolonged,Investigations,87,Electrocardiogram QT corrected interval prolonged,Investigations,166,exact_term,Changed,g3; g4; note,-,Exact same AE term in both versions.
M0217,Electrocardiogram T wave abnormal,Investigations,87,-,-,-,v5_only,v5 only,-,-,-
M0218,-,-,-,Encephalitis,Infections and infestations,110,v6_only,v6 only,-,-,-
M0219,Encephalitis infection,Infections and infestations,56,-,-,-,v5_only,v5 only,-,-,-
M0220,-,-,-,Encephalomyelitis,Infections and infestations,110,v6_only,v6 only,-,-,-
M0221,Encephalomyelitis infection,Infections and infestations,57,-,-,-,v5_only,v5 only,-,-,-
M0222,Encephalopathy,Nervous system disorders,107,Encephalopathy,Nervous system disorders,212,exact_term,Changed,g2; g3,-,Exact same AE term in both versions.
M0223,Endocarditis infective,Infections and infestations,57,Endocarditis infective,Infections and infestations,111,exact_term,Same,-,-,Exact same AE term in both versions.
M0224,"Endocrine disorders - Other, specify",Endocrine disorders,17,"Endocrine disorders - Other, specify",Endocrine disorders,28,exact_term,Changed,g2; g3,-,Exact same AE term in both versions.
M0225,Endophthalmitis,Infections and infestations,57,Endophthalmitis,Infections and infestations,111,exact_term,Same,-,-,Exact same AE term in both versions.
M0226,Enterocolitis,Gastrointestinal disorders,29,Enterocolitis,Gastrointestinal disorders,55,exact_term,Same,-,-,Exact same AE term in both versions.
M0227,Enterocolitis infectious,Infections and infestations,57,Enterocolitis infectious,Infections and infestations,111,exact_term,Changed,definition; note,-,Exact same AE term in both versions.
M0228,Enterovesical fistula,Gastrointestinal disorders,30,Enterovesical fistula,Gastrointestinal disorders,55,exact_term,Same,-,-,Exact same AE term in both versions.
M0229,Eosinophilia,Blood and lymphatic system disorders,4,Eosinophilia,Blood and lymphatic system disorders,6,exact_term,Same,-,-,Exact same AE term in both versions.
M0230,Epistaxis,"Respiratory, thoracic and mediastinal disorders",133,Epistaxis,"Respiratory, thoracic and mediastinal disorders",272,exact_term,Same,-,-,Exact same AE term in both versions.
M0231,Epstein-Barr virus infection reactivation,Infections and infestations,57,Epstein-Barr virus infection reactivation,Infections and infestations,112,exact_term,Same,-,-,Exact same AE term in both versions.
M0232,Erectile dysfunction,Reproductive system and breast disorders,124,Erectile dysfunction,Reproductive system and breast disorders,253,exact_term,Same,-,-,Exact same AE term in both versions.
M0233,Erythema multiforme,Skin and subcutaneous tissue disorders,143,Erythema multiforme,Skin and subcutaneous tissue disorders,292,exact_term,Changed,g1; g2; g3; g4,-,Exact same AE term in both versions.
M0234,Erythroderma,Skin and subcutaneous tissue disorders,143,Erythroderma,Skin and subcutaneous tissue disorders,292,exact_term,Changed,g2; g3; definition,-,Exact same AE term in both versions.
M0235,Esophageal anastomotic leak,"Injury, poisoning and procedural complications",71,Esophageal anastomotic leak,"Injury, poisoning and procedural complications",136,exact_term,Same,-,-,Exact same AE term in both versions.
M0236,Esophageal fistula,Gastrointestinal disorders,30,Esophageal fistula,Gastrointestinal disorders,55,exact_term,Same,-,-,Exact same AE term in both versions.
M0237,Esophageal hemorrhage,Gastrointestinal disorders,30,Esophageal hemorrhage,Gastrointestinal disorders,55,exact_term,Changed,g3,-,Exact same AE term in both versions.
M0238,Esophageal infection,Infections and infestations,58,Esophageal infection,Infections and infestations,112,exact_term,Same,-,-,Exact same AE term in both versions.
M0239,Esophageal necrosis,Gastrointestinal disorders,30,Esophageal necrosis,Gastrointestinal disorders,56,exact_term,Same,-,-,Exact same AE term in both versions.
M0240,Esophageal obstruction,Gastrointestinal disorders,30,Esophageal obstruction,Gastrointestinal disorders,56,exact_term,Changed,g2; g3,-,Exact same AE term in both versions.
M0241,Esophageal pain,Gastrointestinal disorders,30,Esophageal pain,Gastrointestinal disorders,56,exact_term,Changed,g2; g3; note,-,Exact same AE term in both versions.
M0242,Esophageal perforation,Gastrointestinal disorders,30,Esophageal perforation,Gastrointestinal disorders,57,exact_term,Same,-,-,Exact same AE term in both versions.
M0243,Esophageal stenosis,Gastrointestinal disorders,31,Esophageal stenosis,Gastrointestinal disorders,57,exact_term,Same,-,-,Exact same AE term in both versions.
M0244,Esophageal ulcer,Gastrointestinal disorders,31,Esophageal ulcer,Gastrointestinal disorders,57,exact_term,Changed,g2; g3,-,Exact same AE term in both versions.
M0245,Esophageal varices hemorrhage,Gastrointestinal disorders,31,Esophageal varices hemorrhage,Gastrointestinal disorders,58,exact_term,Changed,g3,-,Exact same AE term in both versions.
M0246,Esophagitis,Gastrointestinal disorders,31,Esophagitis,Gastrointestinal disorders,58,exact_term,Same,-,-,Exact same AE term in both versions.
M0247,Euphoria,Psychiatric disorders,116,Euphoria,Psychiatric disorders,236,exact_term,Same,-,-,Exact same AE term in both versions.
M0248,-,-,-,Exfoliative dermatitis,Skin and subcutaneous tissue disorders,292,v6_only,v6 only,-,-,-
M0249,Exostosis,Musculoskeletal and connective tissue disorders,96,Exostosis,Musculoskeletal and connective tissue disorders,186,exact_term,Changed,g2; g3,-,Exact same AE term in both versions.
M0250,External ear pain,Ear and labyrinth disorders,13,External ear pain,Ear and labyrinth disorders,24,exact_term,Changed,g2; g3; note,-,Exact same AE term in both versions.
M0251,Extraocular muscle paresis,Eye disorders,19,Extraocular muscle paresis,Eye disorders,35,exact_term,Same,-,-,Exact same AE term in both versions.
M0252,Extrapyramidal disorder,Nervous system disorders,107,Extrapyramidal disorder,Nervous system disorders,213,exact_term,Changed,g2; g3; note,-,Exact same AE term in both versions.
M0253,"Eye disorders - Other, specify",Eye disorders,23,"Eye disorders - Other, specify",Eye disorders,36,exact_term,Changed,g2; g3,-,Exact same AE term in both versions.
M0254,Eye infection,Infections and infestations,58,Eye infection,Infections and infestations,112,exact_term,Same,-,-,Exact same AE term in both versions.
M0255,Eye pain,Eye disorders,19,Eye pain,Eye disorders,36,exact_term,Changed,g2; g3; note,-,Exact same AE term in both versions.
M0256,Eyelid function disorder,Eye disorders,19,Eyelid function disorder,Eye disorders,37,exact_term,Changed,g1; g2; g3,-,Exact same AE term in both versions.
M0257,Facial muscle weakness,Nervous system disorders,107,Facial muscle weakness,Nervous system disorders,213,exact_term,Changed,g1; g2; g3; note,-,Exact same AE term in both versions.
M0258,Facial nerve disorder,Nervous system disorders,107,Facial nerve disorder,Nervous system disorders,213,exact_term,Changed,g1; g2; g3,-,Exact same AE term in both versions.
M0259,Facial pain,General disorders and administration site conditions,45,Facial pain,General disorders and administration site conditions,84,exact_term,Changed,g2; g3; note,-,Exact same AE term in both versions.
M0260,-,-,-,Failure to thrive,Metabolism and nutrition disorders,176,v6_only,v6 only,-,-,-
M0261,Fall,"Injury, poisoning and procedural complications",71,Fall,"Injury, poisoning and procedural complications",136,exact_term,Same,-,-,Exact same AE term in both versions.
M0262,Fallopian tube anastomotic leak,"Injury, poisoning and procedural complications",71,Fallopian tube anastomotic leak,"Injury, poisoning and procedural complications",136,exact_term,Changed,g1,-,Exact same AE term in both versions.
M0263,Fallopian tube obstruction,Reproductive system and breast disorders,124,Fallopian tube obstruction,Reproductive system and breast disorders,253,exact_term,Same,-,-,Exact same AE term in both versions.
M0264,Fallopian tube perforation,"Injury, poisoning and procedural complications",72,Fallopian tube perforation,"Injury, poisoning and procedural complications",137,exact_term,Same,-,-,Exact same AE term in both versions.
M0265,Fat atrophy,Skin and subcutaneous tissue disorders,143,-,-,-,v5_only,v5 only,-,-,-
M0266,Fatigue,General disorders and administration site conditions,45,Fatigue,General disorders and administration site conditions,84,exact_term,Changed,g2; g3; note,-,Exact same AE term in both versions.
M0267,Febrile neutropenia,Blood and lymphatic system disorders,4,Febrile neutropenia,Blood and lymphatic system disorders,6,exact_term,Same,-,-,Exact same AE term in both versions.
M0268,Fecal incontinence,Gastrointestinal disorders,31,Fecal incontinence,Gastrointestinal disorders,58,exact_term,Same,-,-,Exact same AE term in both versions.
M0269,Feminization acquired,Reproductive system and breast disorders,124,Feminization acquired,Reproductive system and breast disorders,253,exact_term,Same,-,-,Exact same AE term in both versions.
M0270,Fetal growth retardation,"Pregnancy, puerperium and perinatal conditions",114,Fetal growth retardation,"Pregnancy, puerperium and perinatal conditions",232,exact_term,Changed,g2; g3,-,Exact same AE term in both versions.
M0271,Fever,General disorders and administration site conditions,45,Fever,General disorders and administration site conditions,85,exact_term,Changed,note,-,Exact same AE term in both versions.
M0272,Fibrinogen decreased,Investigations,87,Fibrinogen decreased,Investigations,167,exact_term,Same,-,-,Exact same AE term in both versions.
M0273,Fibrosis deep connective tissue,Musculoskeletal and connective tissue disorders,96,Fibrosis deep connective tissue,Musculoskeletal and connective tissue disorders,187,exact_term,Changed,g2; g3,-,Exact same AE term in both versions.
M0274,Flank pain,Musculoskeletal and connective tissue disorders,96,Flank pain,Musculoskeletal and connective tissue disorders,187,exact_term,Changed,g2; g3; note,-,Exact same AE term in both versions.
M0275,Flashing lights,Eye disorders,19,Flashing lights,Eye disorders,37,exact_term,Changed,g1; g2; g3; note,-,Exact same AE term in both versions.
M0276,Flatulence,Gastrointestinal disorders,31,Flatulence,Gastrointestinal disorders,58,exact_term,Same,-,-,Exact same AE term in both versions.
M0277,Floaters,Eye disorders,19,Floaters,Eye disorders,37,exact_term,Changed,g1; g2; g3; note,-,Exact same AE term in both versions.
M0278,Flu like symptoms,General disorders and administration site conditions,45,Flu like symptoms,General disorders and administration site conditions,85,exact_term,Changed,g2; g3; note,-,Exact same AE term in both versions.
M0279,Flushing,Vascular disorders,152,Flushing,Vascular disorders,307,exact_term,Changed,g1; g2; g3,-,Exact same AE term in both versions.
M0280,Folliculitis,Infections and infestations,58,Folliculitis,Infections and infestations,113,exact_term,Changed,g1; g2; g3,-,Exact same AE term in both versions.
M0281,Forced expiratory volume decreased,Investigations,87,Forced expiratory volume decreased,Investigations,167,exact_term,Changed,g1; g2; g3; g4; note,-,Exact same AE term in both versions.
M0282,Fracture,"Injury, poisoning and procedural complications",72,Fracture,"Injury, poisoning and procedural complications",137,exact_term,Changed,g3; definition; note,-,Exact same AE term in both versions.
M0283,Fungemia,Infections and infestations,58,Fungemia,Infections and infestations,113,exact_term,Same,-,-,Exact same AE term in both versions.
M0284,Gait disturbance,General disorders and administration site conditions,45,Gait disturbance,General disorders and administration site conditions,85,exact_term,Changed,g2; g3,-,Exact same AE term in both versions.
M0285,Gallbladder fistula,Hepatobiliary disorders,48,Gallbladder fistula,Hepatobiliary disorders,93,exact_term,Same,-,-,Exact same AE term in both versions.
M0286,Gallbladder infection,Infections and infestations,58,Gallbladder infection,Infections and infestations,113,exact_term,Same,-,-,Exact same AE term in both versions.
M0287,Gallbladder necrosis,Hepatobiliary disorders,48,Gallbladder necrosis,Hepatobiliary disorders,94,exact_term,Same,-,-,Exact same AE term in both versions.
M0288,Gallbladder obstruction,Hepatobiliary disorders,49,Gallbladder obstruction,Hepatobiliary disorders,94,exact_term,Changed,g3,-,Exact same AE term in both versions.
M0289,Gallbladder pain,Hepatobiliary disorders,49,Gallbladder pain,Hepatobiliary disorders,94,exact_term,Changed,g2; g3; note,-,Exact same AE term in both versions.
M0290,Gallbladder perforation,Hepatobiliary disorders,49,Gallbladder perforation,Hepatobiliary disorders,95,exact_term,Same,-,-,Exact same AE term in both versions.
M0291,Gastric anastomotic leak,"Injury, poisoning and procedural complications",72,Gastric anastomotic leak,"Injury, poisoning and procedural complications",137,exact_term,Same,-,-,Exact same AE term in both versions.
M0292,Gastric fistula,Gastrointestinal disorders,32,Gastric fistula,Gastrointestinal disorders,59,exact_term,Same,-,-,Exact same AE term in both versions.
M0293,Gastric hemorrhage,Gastrointestinal disorders,32,Gastric hemorrhage,Gastrointestinal disorders,59,exact_term,Changed,g3,-,Exact same AE term in both versions.
M0294,Gastric necrosis,Gastrointestinal disorders,32,Gastric necrosis,Gastrointestinal disorders,59,exact_term,Same,-,-,Exact same AE term in both versions.
M0295,Gastric perforation,Gastrointestinal disorders,32,Gastric perforation,Gastrointestinal disorders,59,exact_term,Same,-,-,Exact same AE term in both versions.
M0296,Gastric stenosis,Gastrointestinal disorders,32,Gastric stenosis,Gastrointestinal disorders,60,exact_term,Same,-,-,Exact same AE term in both versions.
M0297,Gastric ulcer,Gastrointestinal disorders,32,Gastric ulcer,Gastrointestinal disorders,60,exact_term,Changed,g2; g3,-,Exact same AE term in both versions.
M0298,Gastritis,Gastrointestinal disorders,33,Gastritis,Gastrointestinal disorders,60,exact_term,Same,-,-,Exact same AE term in both versions.
M0299,Gastroesophageal reflux disease,Gastrointestinal disorders,33,Gastroesophageal reflux disease,Gastrointestinal disorders,61,exact_term,Same,-,-,Exact same AE term in both versions.
M0300,Gastrointestinal anastomotic leak,"Injury, poisoning and procedural complications",72,Gastrointestinal anastomotic leak,"Injury, poisoning and procedural complications",138,exact_term,Same,-,-,Exact same AE term in both versions.
M0301,"Gastrointestinal disorders - Other, specify",Gastrointestinal disorders,43,"Gastrointestinal disorders - Other, specify",Gastrointestinal disorders,61,exact_term,Changed,g2; g3,-,Exact same AE term in both versions.
M0302,Gastrointestinal fistula,Gastrointestinal disorders,33,Gastrointestinal fistula,Gastrointestinal disorders,61,exact_term,Same,-,-,Exact same AE term in both versions.
M0303,Gastrointestinal pain,Gastrointestinal disorders,33,Gastrointestinal pain,Gastrointestinal disorders,62,exact_term,Changed,g2; g3; note,-,Exact same AE term in both versions.
M0304,Gastrointestinal stoma necrosis,"Injury, poisoning and procedural complications",72,Gastrointestinal stoma necrosis,"Injury, poisoning and procedural complications",138,exact_term,Same,-,-,Exact same AE term in both versions.
M0305,Gastroparesis,Gastrointestinal disorders,33,Gastroparesis,Gastrointestinal disorders,62,exact_term,Same,-,-,Exact same AE term in both versions.
M0306,"General disorders and administration site conditions - Other, specify",General disorders and administration site conditions,47,"General disorders and administration site conditions - Other, specify",General disorders and administration site conditions,86,exact_term,Changed,g2; g3,-,Exact same AE term in both versions.
M0307,Generalized edema,General disorders and administration site conditions,46,Generalized edema,General disorders and administration site conditions,86,exact_term,Changed,g2; g3; note,-,Exact same AE term in both versions.
M0308,Generalized muscle weakness,Musculoskeletal and connective tissue disorders,96,Generalized muscle weakness,Musculoskeletal and connective tissue disorders,188,exact_term,Changed,g2; g3; note,-,Exact same AE term in both versions.
M0309,Genital edema,Reproductive system and breast disorders,124,-,-,-,v5_only,v5 only,-,-,-
M0310,GGT increased,Investigations,87,GGT increased,Investigations,167,exact_term,Changed,g1; g2; g3; g4; definition,-,Exact same AE term in both versions.
M0311,Gingival pain,Gastrointestinal disorders,33,Gingival pain,Gastrointestinal disorders,62,exact_term,Changed,note,-,Exact same AE term in both versions.
M0312,Glaucoma,Eye disorders,19,Glaucoma,Eye disorders,38,exact_term,Changed,g2,-,Exact same AE term in both versions.
M0313,-,-,-,Glomerulonephritis,Renal and urinary disorders,243,v6_only,v6 only,-,-,-
M0314,Glossopharyngeal nerve disorder,Nervous system disorders,107,Glossopharyngeal nerve disorder,Nervous system disorders,214,exact_term,Changed,g1; g2; g3,-,Exact same AE term in both versions.
M0315,Glucose intolerance,Metabolism and nutrition disorders,91,-,-,-,v5_only,v5 only,-,-,-
M0316,Glucosuria,Renal and urinary disorders,120,Glucosuria,Renal and urinary disorders,243,exact_term,Same,-,-,Exact same AE term in both versions.
M0317,-,-,-,Graft versus host disease,Immune system disorders,100,v6_only,v6 only,-,-,-
M0318,Growth accelerated,Endocrine disorders,15,Growth accelerated,Musculoskeletal and connective tissue disorders,188,exact_term,Changed,soc; g2,-,Exact same AE term in both versions.
M0319,Growth hormone abnormal,Investigations,88,Growth hormone abnormal,Investigations,168,exact_term,Changed,g2; definition,-,Exact same AE term in both versions.
M0320,Growth suppression,Musculoskeletal and connective tissue disorders,97,Growth suppression,Musculoskeletal and connective tissue disorders,188,exact_term,Same,-,-,Exact same AE term in both versions.
M0321,Guillain-Barre syndrome,Nervous system disorders,107,Guillain-Barre syndrome,Nervous system disorders,214,exact_term,Changed,g2; g3,-,Exact same AE term in both versions.
M0322,Gum infection,Infections and infestations,58,Gum infection,Infections and infestations,114,exact_term,Same,-,-,Exact same AE term in both versions.
M0323,Gynecomastia,Reproductive system and breast disorders,124,Gynecomastia,Reproductive system and breast disorders,254,exact_term,Same,-,-,Exact same AE term in both versions.
M0324,Hair color changes,Skin and subcutaneous tissue disorders,143,Hair color changes,Skin and subcutaneous tissue disorders,292,exact_term,Same,-,-,Exact same AE term in both versions.
M0325,Hair texture abnormal,Skin and subcutaneous tissue disorders,143,Hair texture abnormal,Skin and subcutaneous tissue disorders,293,exact_term,Same,-,-,Exact same AE term in both versions.
M0326,Hallucinations,Psychiatric disorders,116,Hallucinations,Psychiatric disorders,237,exact_term,Same,-,-,Exact same AE term in both versions.
M0327,Haptoglobin decreased,Investigations,88,Haptoglobin decreased,Investigations,168,exact_term,Changed,definition,-,Exact same AE term in both versions.
M0328,-,-,-,HDL decreased,Investigations,168,v6_only,v6 only,-,-,-
M0329,Head soft tissue necrosis,Musculoskeletal and connective tissue disorders,97,Head soft tissue necrosis,Musculoskeletal and connective tissue disorders,189,exact_term,Changed,note,-,Exact same AE term in both versions.
M0330,Headache,Nervous system disorders,107,Headache,Nervous system disorders,214,exact_term,Changed,g2; g3,-,Exact same AE term in both versions.
M0331,Hearing impaired,Ear and labyrinth disorders,13,Hearing impaired,Ear and labyrinth disorders,25,exact_term,Changed,g1; g2; g3; g4,-,Exact same AE term in both versions.
M0332,Heart failure,Cardiac disorders,7,Heart failure,Cardiac disorders,13,exact_term,Changed,g1; g2; g3; g4; note,-,Exact same AE term in both versions.
M0333,-,-,-,Hematemesis,Gastrointestinal disorders,63,v6_only,v6 only,-,-,-
M0334,-,-,-,Hematochezia,Gastrointestinal disorders,63,v6_only,v6 only,-,-,-
M0335,Hematoma,Vascular disorders,152,Hematoma,Vascular disorders,307,exact_term,Changed,note,-,Exact same AE term in both versions.
M0336,Hematosalpinx,Reproductive system and breast disorders,125,Hematosalpinx,Reproductive system and breast disorders,254,exact_term,Changed,g3,-,Exact same AE term in both versions.
M0337,Hematuria,Renal and urinary disorders,120,Hematuria,Renal and urinary disorders,244,exact_term,Changed,g2; g3,-,Exact same AE term in both versions.
M0338,-,-,-,Hemiparesis,Nervous system disorders,215,v6_only,v6 only,-,-,-
M0339,Hemoglobin increased,Investigations,88,Hemoglobin increased,Investigations,168,exact_term,Changed,g1; g2; g3; definition,-,Exact same AE term in both versions.
M0340,Hemoglobinuria,Renal and urinary disorders,120,Hemoglobinuria,Renal and urinary disorders,244,exact_term,Changed,note,-,Exact same AE term in both versions.
M0341,Hemolysis,Blood and lymphatic system disorders,4,Hemolysis,Blood and lymphatic system disorders,6,exact_term,Same,-,-,Exact same AE term in both versions.
M0342,-,-,-,Hemolytic anemia,Blood and lymphatic system disorders,7,v6_only,v6 only,-,-,-
M0343,Hemolytic uremic syndrome,Blood and lymphatic system disorders,5,Hemolytic uremic syndrome,Blood and lymphatic system disorders,7,exact_term,Changed,definition,-,Exact same AE term in both versions.
M0344,Hemorrhoidal hemorrhage,Gastrointestinal disorders,33,Hemorrhoidal hemorrhage,Gastrointestinal disorders,63,exact_term,Changed,g3,-,Exact same AE term in both versions.
M0345,Hemorrhoids,Gastrointestinal disorders,34,Hemorrhoids,Gastrointestinal disorders,63,exact_term,Same,-,-,Exact same AE term in both versions.
M0346,Hepatic failure,Hepatobiliary disorders,49,Hepatic failure,Hepatobiliary disorders,95,exact_term,Changed,g3; definition,-,Exact same AE term in both versions.
M0347,Hepatic hemorrhage,Hepatobiliary disorders,49,Hepatic hemorrhage,Hepatobiliary disorders,95,exact_term,Changed,g3,-,Exact same AE term in both versions.
M0348,Hepatic infection,Infections and infestations,59,Hepatic infection,Infections and infestations,114,exact_term,Same,-,-,Exact same AE term in both versions.
M0349,Hepatic necrosis,Hepatobiliary disorders,49,Hepatic necrosis,Hepatobiliary disorders,96,exact_term,Same,-,-,Exact same AE term in both versions.
M0350,Hepatic pain,Hepatobiliary disorders,50,Hepatic pain,Hepatobiliary disorders,96,exact_term,Changed,g2; g3; note,-,Exact same AE term in both versions.
M0351,-,-,-,Hepatitis,Hepatobiliary disorders,96,v6_only,v6 only,-,-,-
M0352,Hepatitis B reactivation,Infections and infestations,59,Hepatitis B reactivation,Infections and infestations,114,exact_term,Same,-,-,Exact same AE term in both versions.
M0353,Hepatitis viral,Infections and infestations,59,Hepatitis viral,Infections and infestations,115,exact_term,Same,-,-,Exact same AE term in both versions.
M0354,"Hepatobiliary disorders - Other, specify",Hepatobiliary disorders,50,"Hepatobiliary disorders - Other, specify",Hepatobiliary disorders,97,exact_term,Changed,g2; g3,-,Exact same AE term in both versions.
M0355,Herpes simplex reactivation,Infections and infestations,59,Herpes simplex reactivation,Infections and infestations,115,exact_term,Same,-,-,Exact same AE term in both versions.
M0356,Hiccups,"Respiratory, thoracic and mediastinal disorders",133,Hiccups,"Respiratory, thoracic and mediastinal disorders",272,exact_term,Changed,g2; g3,-,Exact same AE term in both versions.
M0357,Hip fracture,"Injury, poisoning and procedural complications",73,-,-,-,v5_only,v5 only,-,-,-
M0358,Hirsutism,Skin and subcutaneous tissue disorders,143,Hirsutism,Skin and subcutaneous tissue disorders,293,exact_term,Same,-,-,Exact same AE term in both versions.
M0359,Hoarseness,"Respiratory, thoracic and mediastinal disorders",133,Hoarseness,"Respiratory, thoracic and mediastinal disorders",273,exact_term,Same,-,-,Exact same AE term in both versions.
M0360,Hot flashes,Vascular disorders,152,Hot flashes,Vascular disorders,307,exact_term,Changed,g2; g3,-,Exact same AE term in both versions.
M0361,Hydrocephalus,Nervous system disorders,108,Hydrocephalus,Nervous system disorders,215,exact_term,Same,-,-,Exact same AE term in both versions.
M0362,Hypercalcemia,Metabolism and nutrition disorders,91,Hypercalcemia,Metabolism and nutrition disorders,176,exact_term,Same,-,-,Exact same AE term in both versions.
M0363,Hyperglycemia,Metabolism and nutrition disorders,92,Hyperglycemia,Metabolism and nutrition disorders,176,exact_term,Changed,g1; g2; g3; g4; g5; definition; note,-,Exact same AE term in both versions.
M0364,Hyperhidrosis,Skin and subcutaneous tissue disorders,144,Hyperhidrosis,Skin and subcutaneous tissue disorders,293,exact_term,Changed,note,-,Exact same AE term in both versions.
M0365,Hyperkalemia,Metabolism and nutrition disorders,92,Hyperkalemia,Metabolism and nutrition disorders,177,exact_term,Same,-,-,Exact same AE term in both versions.
M0366,Hyperkeratosis,Skin and subcutaneous tissue disorders,144,Hyperkeratosis,Skin and subcutaneous tissue disorders,294,exact_term,Changed,g3,-,Exact same AE term in both versions.
M0367,Hyperlipidemia,Metabolism and nutrition disorders,92,Hyperlipidemia,Metabolism and nutrition disorders,177,exact_term,Changed,g3; note,-,Exact same AE term in both versions.
M0368,Hypermagnesemia,Metabolism and nutrition disorders,92,Hypermagnesemia,Metabolism and nutrition disorders,177,exact_term,Same,-,-,Exact same AE term in both versions.
M0369,Hypernatremia,Metabolism and nutrition disorders,92,Hypernatremia,Metabolism and nutrition disorders,177,exact_term,Same,-,-,Exact same AE term in both versions.
M0370,Hyperparathyroidism,Endocrine disorders,15,Hyperparathyroidism,Endocrine disorders,28,exact_term,Same,-,-,Exact same AE term in both versions.
M0371,Hyperphosphatemia,Metabolism and nutrition disorders,92,Hyperphosphatemia,Metabolism and nutrition disorders,178,exact_term,Same,-,-,Exact same AE term in both versions.
M0372,Hypersomnia,Nervous system disorders,108,Hypersomnia,Nervous system disorders,215,exact_term,Changed,g1; g2; definition,-,Exact same AE term in both versions.
M0373,Hypertension,Vascular disorders,153,Hypertension,Vascular disorders,308,exact_term,Changed,g1; g2; g3; g4,-,Exact same AE term in both versions.
M0374,Hyperthyroidism,Endocrine disorders,15,Hyperthyroidism,Endocrine disorders,29,exact_term,Changed,g2; g3,-,Exact same AE term in both versions.
M0375,Hypertrichosis,Skin and subcutaneous tissue disorders,144,Hypertrichosis,Skin and subcutaneous tissue disorders,294,exact_term,Same,-,-,Exact same AE term in both versions.
M0376,Hypertriglyceridemia,Metabolism and nutrition disorders,92,Hypertriglyceridemia,Metabolism and nutrition disorders,178,exact_term,Same,-,-,Exact same AE term in both versions.
M0377,Hyperuricemia,Metabolism and nutrition disorders,93,Hyperuricemia,Metabolism and nutrition disorders,178,exact_term,Same,-,-,Exact same AE term in both versions.
M0378,Hypoalbuminemia,Metabolism and nutrition disorders,93,Hypoalbuminemia,Metabolism and nutrition disorders,179,exact_term,Same,-,-,Exact same AE term in both versions.
M0379,Hypocalcemia,Metabolism and nutrition disorders,93,Hypocalcemia,Metabolism and nutrition disorders,179,exact_term,Same,-,-,Exact same AE term in both versions.
M0380,Hypoglossal nerve disorder,Nervous system disorders,108,Hypoglossal nerve disorder,Nervous system disorders,216,exact_term,Changed,g1; g2; g3,-,Exact same AE term in both versions.
M0381,Hypoglycemia,Metabolism and nutrition disorders,93,Hypoglycemia,Metabolism and nutrition disorders,179,exact_term,Changed,definition,-,Exact same AE term in both versions.
M0382,-,-,-,Hypogonadism,Endocrine disorders,29,v6_only,v6 only,-,-,-
M0383,Hypohidrosis,Skin and subcutaneous tissue disorders,144,Hypohidrosis,Skin and subcutaneous tissue disorders,295,exact_term,Changed,g2; g3; g4,-,Exact same AE term in both versions.
M0384,Hypokalemia,Metabolism and nutrition disorders,93,Hypokalemia,Metabolism and nutrition disorders,180,exact_term,Same,-,-,Exact same AE term in both versions.
M0385,Hypomagnesemia,Metabolism and nutrition disorders,93,Hypomagnesemia,Metabolism and nutrition disorders,180,exact_term,Same,-,-,Exact same AE term in both versions.
M0386,Hyponatremia,Metabolism and nutrition disorders,93,Hyponatremia,Metabolism and nutrition disorders,180,exact_term,Changed,g2; g3,-,Exact same AE term in both versions.
M0387,Hypoparathyroidism,Endocrine disorders,16,Hypoparathyroidism,Endocrine disorders,30,exact_term,Same,-,-,Exact same AE term in both versions.
M0388,Hypophosphatemia,Metabolism and nutrition disorders,94,Hypophosphatemia,Metabolism and nutrition disorders,181,exact_term,Same,-,-,Exact same AE term in both versions.
M0389,Hypophysitis,Endocrine disorders,16,Hypophysitis,Endocrine disorders,30,exact_term,Changed,g2; g3,-,Exact same AE term in both versions.
M0390,Hypopituitarism,Endocrine disorders,16,Hypopituitarism,Endocrine disorders,31,exact_term,Changed,g2; g3; note,-,Exact same AE term in both versions.
M0391,Hypotension,Vascular disorders,153,Hypotension,Vascular disorders,308,exact_term,Same,-,-,Exact same AE term in both versions.
M0392,Hypothermia,General disorders and administration site conditions,46,Hypothermia,General disorders and administration site conditions,87,exact_term,Same,-,-,Exact same AE term in both versions.
M0393,Hypothyroidism,Endocrine disorders,16,Hypothyroidism,Endocrine disorders,31,exact_term,Changed,g2; g3; note,-,Exact same AE term in both versions.
M0394,Hypoxia,"Respiratory, thoracic and mediastinal disorders",134,Hypoxia,"Respiratory, thoracic and mediastinal disorders",273,exact_term,Changed,g1; g3; note,-,Exact same AE term in both versions.
M0395,Ileal fistula,Gastrointestinal disorders,34,Ileal fistula,Gastrointestinal disorders,64,exact_term,Same,-,-,Exact same AE term in both versions.
M0396,Ileal hemorrhage,Gastrointestinal disorders,34,Ileal hemorrhage,Gastrointestinal disorders,64,exact_term,Changed,g3; note,-,Exact same AE term in both versions.
M0397,Ileal obstruction,Gastrointestinal disorders,34,Ileal obstruction,Gastrointestinal disorders,64,exact_term,Changed,g2; g3,-,Exact same AE term in both versions.
M0398,Ileal perforation,Gastrointestinal disorders,34,Ileal perforation,Gastrointestinal disorders,65,exact_term,Changed,note,-,Exact same AE term in both versions.
M0399,Ileal stenosis,Gastrointestinal disorders,34,Ileal stenosis,Gastrointestinal disorders,65,exact_term,Same,-,-,Exact same AE term in both versions.
M0400,Ileal ulcer,Gastrointestinal disorders,35,Ileal ulcer,Gastrointestinal disorders,65,exact_term,Same,-,-,Exact same AE term in both versions.
M0401,Ileus,Gastrointestinal disorders,35,Ileus,Gastrointestinal disorders,66,exact_term,Same,-,-,Exact same AE term in both versions.
M0402,-,-,-,Immune effector cell-associated neurotoxicity syndrome,Nervous system disorders,216,v6_only,v6 only,-,-,-
M0403,"Immune system disorders - Other, specify",Immune system disorders,52,"Immune system disorders - Other, specify",Immune system disorders,101,exact_term,Changed,g2; g3; note,-,Exact same AE term in both versions.
M0404,"Infections and infestations - Other, specify",Infections and infestations,69,"Infections and infestations - Other, specify",Infections and infestations,116,exact_term,Changed,g2; g3,-,Exact same AE term in both versions.
M0405,Infective myositis,Infections and infestations,59,Infective myositis,Infections and infestations,116,exact_term,Same,-,-,Exact same AE term in both versions.
M0406,Infusion related reaction,"Injury, poisoning and procedural complications",73,Infusion related reaction,"Injury, poisoning and procedural complications",138,exact_term,Changed,note,-,Exact same AE term in both versions.
M0407,Infusion site extravasation,General disorders and administration site conditions,46,Infusion site extravasation,General disorders and administration site conditions,87,exact_term,Same,-,-,Exact same AE term in both versions.
M0408,Injection site reaction,General disorders and administration site conditions,46,Injection site reaction,General disorders and administration site conditions,87,exact_term,Same,-,-,Exact same AE term in both versions.
M0409,Injury to carotid artery,"Injury, poisoning and procedural complications",73,Injury to carotid artery,"Injury, poisoning and procedural complications",139,exact_term,Changed,g3,-,Exact same AE term in both versions.
M0410,Injury to inferior vena cava,"Injury, poisoning and procedural complications",73,Injury to inferior vena cava,"Injury, poisoning and procedural complications",139,exact_term,Changed,g3,-,Exact same AE term in both versions.
M0411,Injury to jugular vein,"Injury, poisoning and procedural complications",73,Injury to jugular vein,"Injury, poisoning and procedural complications",139,exact_term,Changed,g3,-,Exact same AE term in both versions.
M0412,Injury to superior vena cava,"Injury, poisoning and procedural complications",74,Injury to superior vena cava,"Injury, poisoning and procedural complications",140,exact_term,Changed,g3,-,Exact same AE term in both versions.
M0413,"Injury, poisoning and procedural complications - Other, specify","Injury, poisoning and procedural complications",83,"Injury, poisoning and procedural complications - Other, specify","Injury, poisoning and procedural complications",140,exact_term,Changed,g2; g3,-,Exact same AE term in both versions.
M0414,INR increased,Investigations,88,INR increased,Investigations,169,exact_term,Changed,definition,-,Exact same AE term in both versions.
M0415,Insomnia,Psychiatric disorders,116,Insomnia,Psychiatric disorders,237,exact_term,Same,-,-,Exact same AE term in both versions.
M0416,Intestinal stoma leak,"Injury, poisoning and procedural complications",74,Intestinal stoma leak,"Injury, poisoning and procedural complications",141,exact_term,Same,-,-,Exact same AE term in both versions.
M0417,Intestinal stoma obstruction,"Injury, poisoning and procedural complications",74,Intestinal stoma obstruction,"Injury, poisoning and procedural complications",141,exact_term,Same,-,-,Exact same AE term in both versions.
M0418,Intestinal stoma site bleeding,"Injury, poisoning and procedural complications",74,Intestinal stoma site bleeding,"Injury, poisoning and procedural complications",141,exact_term,Changed,g3,-,Exact same AE term in both versions.
M0419,Intra-abdominal hemorrhage,Gastrointestinal disorders,35,Intra-abdominal hemorrhage,Gastrointestinal disorders,66,exact_term,Changed,g3,-,Exact same AE term in both versions.
M0420,Intracranial hemorrhage,Nervous system disorders,108,Intracranial hemorrhage,Nervous system disorders,217,exact_term,Changed,g1; definition,-,Exact same AE term in both versions.
M0421,Intraoperative arterial injury,"Injury, poisoning and procedural complications",74,Intraoperative arterial injury,"Injury, poisoning and procedural complications",142,exact_term,Changed,g3,-,Exact same AE term in both versions.
M0422,Intraoperative breast injury,"Injury, poisoning and procedural complications",74,Intraoperative breast injury,"Injury, poisoning and procedural complications",142,exact_term,Changed,g3,-,Exact same AE term in both versions.
M0423,Intraoperative cardiac injury,"Injury, poisoning and procedural complications",75,Intraoperative cardiac injury,"Injury, poisoning and procedural complications",142,exact_term,Same,-,-,Exact same AE term in both versions.
M0424,Intraoperative ear injury,"Injury, poisoning and procedural complications",75,Intraoperative ear injury,"Injury, poisoning and procedural complications",143,exact_term,Changed,g3,-,Exact same AE term in both versions.
M0425,Intraoperative endocrine injury,"Injury, poisoning and procedural complications",75,Intraoperative endocrine injury,"Injury, poisoning and procedural complications",143,exact_term,Changed,g3,-,Exact same AE term in both versions.
M0426,Intraoperative gastrointestinal injury,"Injury, poisoning and procedural complications",75,Intraoperative gastrointestinal injury,"Injury, poisoning and procedural complications",144,exact_term,Changed,g3,-,Exact same AE term in both versions.
M0427,Intraoperative head and neck injury,"Injury, poisoning and procedural complications",75,Intraoperative head and neck injury,"Injury, poisoning and procedural complications",144,exact_term,Changed,g3,-,Exact same AE term in both versions.
M0428,Intraoperative hemorrhage,"Injury, poisoning and procedural complications",75,Intraoperative hemorrhage,"Injury, poisoning and procedural complications",144,exact_term,Same,-,-,Exact same AE term in both versions.
M0429,Intraoperative hepatobiliary injury,"Injury, poisoning and procedural complications",76,Intraoperative hepatobiliary injury,"Injury, poisoning and procedural complications",145,exact_term,Changed,g3,-,Exact same AE term in both versions.
M0430,Intraoperative musculoskeletal injury,"Injury, poisoning and procedural complications",76,Intraoperative musculoskeletal injury,"Injury, poisoning and procedural complications",145,exact_term,Changed,g3,-,Exact same AE term in both versions.
M0431,Intraoperative neurological injury,"Injury, poisoning and procedural complications",76,Intraoperative neurological injury,"Injury, poisoning and procedural complications",146,exact_term,Changed,g3,-,Exact same AE term in both versions.
M0432,Intraoperative ocular injury,"Injury, poisoning and procedural complications",76,Intraoperative ocular injury,"Injury, poisoning and procedural complications",146,exact_term,Changed,g3,-,Exact same AE term in both versions.
M0433,Intraoperative renal injury,"Injury, poisoning and procedural complications",76,Intraoperative renal injury,"Injury, poisoning and procedural complications",147,exact_term,Changed,g3,-,Exact same AE term in both versions.
M0434,Intraoperative reproductive tract injury,"Injury, poisoning and procedural complications",76,Intraoperative reproductive tract injury,"Injury, poisoning and procedural complications",147,exact_term,Changed,g3,-,Exact same AE term in both versions.
M0435,Intraoperative respiratory injury,"Injury, poisoning and procedural complications",77,Intraoperative respiratory injury,"Injury, poisoning and procedural complications",148,exact_term,Changed,g3,-,Exact same AE term in both versions.
M0436,Intraoperative splenic injury,"Injury, poisoning and procedural complications",77,Intraoperative splenic injury,"Injury, poisoning and procedural complications",148,exact_term,Changed,g3,-,Exact same AE term in both versions.
M0437,Intraoperative urinary injury,"Injury, poisoning and procedural complications",77,Intraoperative urinary injury,"Injury, poisoning and procedural complications",149,exact_term,Changed,g3,-,Exact same AE term in both versions.
M0438,Intraoperative venous injury,"Injury, poisoning and procedural complications",77,Intraoperative venous injury,"Injury, poisoning and procedural complications",149,exact_term,Changed,g3,-,Exact same AE term in both versions.
M0439,"Investigations - Other, specify",Investigations,90,"Investigations - Other, specify",Investigations,169,exact_term,Changed,g2; g3,-,Exact same AE term in both versions.
M0440,Iron overload,Metabolism and nutrition disorders,94,Iron overload,Metabolism and nutrition disorders,181,exact_term,Same,-,-,Exact same AE term in both versions.
M0441,Irregular menstruation,Reproductive system and breast disorders,125,Irregular menstruation,Reproductive system and breast disorders,254,exact_term,Changed,g1; g2; note,-,Exact same AE term in both versions.
M0442,Irritability,Psychiatric disorders,116,Irritability,Psychiatric disorders,237,exact_term,Changed,g2; g3,-,Exact same AE term in both versions.
M0443,Ischemia cerebrovascular,Nervous system disorders,108,-,-,-,v5_only,v5 only,-,-,-
M0444,Jejunal fistula,Gastrointestinal disorders,35,Jejunal fistula,Gastrointestinal disorders,66,exact_term,Same,-,-,Exact same AE term in both versions.
M0445,Jejunal hemorrhage,Gastrointestinal disorders,35,Jejunal hemorrhage,Gastrointestinal disorders,66,exact_term,Changed,g3; note,-,Exact same AE term in both versions.
M0446,Jejunal obstruction,Gastrointestinal disorders,35,Jejunal obstruction,Gastrointestinal disorders,67,exact_term,Changed,g2; g3,-,Exact same AE term in both versions.
M0447,Jejunal perforation,Gastrointestinal disorders,36,Jejunal perforation,Gastrointestinal disorders,67,exact_term,Changed,note,-,Exact same AE term in both versions.
M0448,Jejunal stenosis,Gastrointestinal disorders,36,Jejunal stenosis,Gastrointestinal disorders,67,exact_term,Same,-,-,Exact same AE term in both versions.
M0449,Jejunal ulcer,Gastrointestinal disorders,36,Jejunal ulcer,Gastrointestinal disorders,68,exact_term,Same,-,-,Exact same AE term in both versions.
M0450,Joint effusion,Musculoskeletal and connective tissue disorders,97,Joint effusion,Musculoskeletal and connective tissue disorders,189,exact_term,Changed,g2; g3,-,Exact same AE term in both versions.
M0451,Joint infection,Infections and infestations,60,Joint infection,Infections and infestations,117,exact_term,Same,-,-,Exact same AE term in both versions.
M0452,Joint range of motion decreased,Musculoskeletal and connective tissue disorders,97,Joint range of motion decreased,Musculoskeletal and connective tissue disorders,189,exact_term,Changed,g2; g3; note,-,Exact same AE term in both versions.
M0453,Joint range of motion decreased cervical spine,Musculoskeletal and connective tissue disorders,97,Joint range of motion decreased cervical spine,Musculoskeletal and connective tissue disorders,190,exact_term,Changed,note,-,Exact same AE term in both versions.
M0454,Joint range of motion decreased lumbar spine,Musculoskeletal and connective tissue disorders,98,Joint range of motion decreased lumbar spine,Musculoskeletal and connective tissue disorders,190,exact_term,Changed,note,-,Exact same AE term in both versions.
M0455,Keratitis,Eye disorders,20,Keratitis,Eye disorders,38,exact_term,Changed,g3; note,-,Exact same AE term in both versions.
M0456,-,-,-,Keratoacanthoma,"Neoplasms benign, malignant and unspecified (incl cysts and polyps)",201,v6_only,v6 only,-,-,-
M0457,Kidney anastomotic leak,"Injury, poisoning and procedural complications",77,Kidney anastomotic leak,"Injury, poisoning and procedural complications",149,exact_term,Same,-,-,Exact same AE term in both versions.
M0458,Kidney infection,Infections and infestations,60,Kidney infection,Infections and infestations,117,exact_term,Same,-,-,Exact same AE term in both versions.
M0459,Kyphosis,Musculoskeletal and connective tissue disorders,98,Kyphosis,Musculoskeletal and connective tissue disorders,190,exact_term,Changed,g2; g3,-,Exact same AE term in both versions.
M0460,Lactation disorder,Reproductive system and breast disorders,125,Lactation disorder,Reproductive system and breast disorders,255,exact_term,Same,-,-,Exact same AE term in both versions.
M0461,Large intestinal anastomotic leak,"Injury, poisoning and procedural complications",77,Large intestinal anastomotic leak,"Injury, poisoning and procedural complications",150,exact_term,Same,-,-,Exact same AE term in both versions.
M0462,Laryngeal edema,"Respiratory, thoracic and mediastinal disorders",134,Laryngeal edema,"Respiratory, thoracic and mediastinal disorders",273,exact_term,Changed,note,-,Exact same AE term in both versions.
M0463,Laryngeal fistula,"Respiratory, thoracic and mediastinal disorders",134,Laryngeal fistula,"Respiratory, thoracic and mediastinal disorders",274,exact_term,Same,-,-,Exact same AE term in both versions.
M0464,Laryngeal hemorrhage,"Respiratory, thoracic and mediastinal disorders",134,Laryngeal hemorrhage,"Respiratory, thoracic and mediastinal disorders",274,exact_term,Changed,g3,-,Exact same AE term in both versions.
M0465,Laryngeal inflammation,"Respiratory, thoracic and mediastinal disorders",134,Laryngeal inflammation,"Respiratory, thoracic and mediastinal disorders",274,exact_term,Same,-,-,Exact same AE term in both versions.
M0466,Laryngeal mucositis,"Respiratory, thoracic and mediastinal disorders",134,Laryngeal mucositis,"Respiratory, thoracic and mediastinal disorders",275,exact_term,Changed,g2,-,Exact same AE term in both versions.
M0467,Laryngeal obstruction,"Respiratory, thoracic and mediastinal disorders",135,Laryngeal obstruction,"Respiratory, thoracic and mediastinal disorders",275,exact_term,Changed,g2; g3,-,Exact same AE term in both versions.
M0468,Laryngeal stenosis,"Respiratory, thoracic and mediastinal disorders",135,Laryngeal stenosis,"Respiratory, thoracic and mediastinal disorders",276,exact_term,Changed,g2; g3,-,Exact same AE term in both versions.
M0469,Laryngitis,Infections and infestations,60,Laryngitis,Infections and infestations,117,exact_term,Changed,note,-,Exact same AE term in both versions.
M0470,Laryngopharyngeal dysesthesia,"Respiratory, thoracic and mediastinal disorders",135,Laryngopharyngeal dysesthesia,"Respiratory, thoracic and mediastinal disorders",276,exact_term,Changed,g2; g3,-,Exact same AE term in both versions.
M0471,Laryngospasm,"Respiratory, thoracic and mediastinal disorders",135,Laryngospasm,"Respiratory, thoracic and mediastinal disorders",277,exact_term,Same,-,-,Exact same AE term in both versions.
M0472,-,-,-,LDL increased,Investigations,169,v6_only,v6 only,-,-,-
M0473,-,-,-,Left ventricular dysfunction,Cardiac disorders,14,v6_only,v6 only,-,Left ventricular systolic dysfunction,Likely related cardiac dysfunction terminology; not auto-merged.
M0474,Left ventricular systolic dysfunction,Cardiac disorders,8,-,-,-,v5_only,v5 only,-,Left ventricular dysfunction,Likely related cardiac dysfunction terminology; not auto-merged.
M0475,Lethargy,Nervous system disorders,108,Lethargy,Nervous system disorders,217,exact_term,Changed,g2; note,-,Exact same AE term in both versions.
M0476,Leukemia secondary to oncology chemotherapy,"Neoplasms benign, malignant and unspecified (incl cysts and polyps)",103,Leukemia secondary to oncology chemotherapy,"Neoplasms benign, malignant and unspecified (incl cysts and polyps)",201,exact_term,Same,-,-,Exact same AE term in both versions.
M0477,Leukocytosis,Blood and lymphatic system disorders,5,Leukocytosis,Blood and lymphatic system disorders,7,exact_term,Changed,note,-,Exact same AE term in both versions.
M0478,Leukoencephalopathy,Nervous system disorders,109,Leukoencephalopathy,Nervous system disorders,218,exact_term,Same,-,-,Exact same AE term in both versions.
M0479,Libido decreased,Psychiatric disorders,116,Libido decreased,Psychiatric disorders,238,exact_term,Same,-,-,Exact same AE term in both versions.
M0480,Libido increased,Psychiatric disorders,116,Libido increased,Psychiatric disorders,238,exact_term,Same,-,-,Exact same AE term in both versions.
M0481,-,-,-,Lichenoid dermatitis,Skin and subcutaneous tissue disorders,295,v6_only,v6 only,-,-,-
M0482,Lip infection,Infections and infestations,60,Lip infection,Infections and infestations,118,exact_term,Same,-,-,Exact same AE term in both versions.
M0483,Lip pain,Gastrointestinal disorders,36,Lip pain,Gastrointestinal disorders,68,exact_term,Changed,g2; g3; note,-,Exact same AE term in both versions.
M0484,Lipase increased,Investigations,88,Lipase increased,Investigations,170,exact_term,Changed,g2; g3; note,-,Exact same AE term in both versions.
M0485,Lipohypertrophy,Skin and subcutaneous tissue disorders,144,-,-,-,v5_only,v5 only,-,-,-
M0486,Localized edema,General disorders and administration site conditions,46,Localized edema,General disorders and administration site conditions,88,exact_term,Changed,g2; g3; note,-,Exact same AE term in both versions.
M0487,Lordosis,Musculoskeletal and connective tissue disorders,98,Lordosis,Musculoskeletal and connective tissue disorders,191,exact_term,Changed,g2; g3,-,Exact same AE term in both versions.
M0488,Lower gastrointestinal hemorrhage,Gastrointestinal disorders,36,-,-,-,v5_only,v5 only,-,-,-
M0489,Lung infection,Infections and infestations,60,-,-,-,v5_only,v5 only,-,-,-
M0490,Lymph gland infection,Infections and infestations,61,Lymph gland infection,Infections and infestations,118,exact_term,Same,-,-,Exact same AE term in both versions.
M0491,Lymph leakage,Vascular disorders,153,Lymph leakage,Vascular disorders,309,exact_term,Same,-,-,Exact same AE term in both versions.
M0492,Lymph node pain,Blood and lymphatic system disorders,5,Lymph node pain,Blood and lymphatic system disorders,8,exact_term,Changed,g2; g3; note,-,Exact same AE term in both versions.
M0493,Lymphedema,Vascular disorders,154,Lymphedema,Vascular disorders,309,exact_term,Changed,g2; g3; note,-,Exact same AE term in both versions.
M0494,Lymphocele,Vascular disorders,154,Lymphocele,Vascular disorders,309,exact_term,Same,-,-,Exact same AE term in both versions.
M0495,Lymphocyte count decreased,Investigations,88,-,-,-,v5_only,v5 only,-,Lymphopenia,Possible related/successor hematologic AE in v6; confirm against protocol before treating as equivalent.
M0496,Lymphocyte count increased,Investigations,88,Lymphocyte count increased,Investigations,170,exact_term,Same,-,-,Exact same AE term in both versions.
M0497,-,-,-,Lymphopenia,Blood and lymphatic system disorders,8,v6_only,v6 only,-,Lymphocyte count decreased,Possible related/successor lab AE in v5; confirm against protocol before treating as equivalent.
M0498,Malabsorption,Gastrointestinal disorders,36,Malabsorption,Gastrointestinal disorders,68,exact_term,Same,-,-,Exact same AE term in both versions.
M0499,Malaise,General disorders and administration site conditions,46,Malaise,General disorders and administration site conditions,88,exact_term,Changed,g2; g3,-,Exact same AE term in both versions.
M0500,Mania,Psychiatric disorders,117,Mania,Psychiatric disorders,238,exact_term,Same,-,-,Exact same AE term in both versions.
M0501,Mediastinal hemorrhage,"Respiratory, thoracic and mediastinal disorders",135,Mediastinal hemorrhage,"Respiratory, thoracic and mediastinal disorders",277,exact_term,Changed,g3,-,Exact same AE term in both versions.
M0502,Mediastinal infection,Infections and infestations,61,Mediastinal infection,Infections and infestations,118,exact_term,Same,-,-,Exact same AE term in both versions.
M0503,-,-,-,Melena,Gastrointestinal disorders,69,v6_only,v6 only,-,-,-
M0504,Memory impairment,Nervous system disorders,109,Memory impairment,Nervous system disorders,218,exact_term,Changed,g2; g3,-,Exact same AE term in both versions.
M0505,Meningismus,Nervous system disorders,109,Meningismus,Nervous system disorders,219,exact_term,Changed,g2; g3,-,Exact same AE term in both versions.
M0506,Meningitis,Infections and infestations,61,Meningitis,Infections and infestations,119,exact_term,Changed,g3; definition; note,-,Exact same AE term in both versions.
M0507,-,-,-,Meningoencephalitis,Infections and infestations,119,v6_only,v6 only,-,-,-
M0508,Menorrhagia,Reproductive system and breast disorders,125,Menorrhagia,Reproductive system and breast disorders,255,exact_term,Changed,g3,-,Exact same AE term in both versions.
M0509,"Metabolism and nutrition disorders - Other, specify",Metabolism and nutrition disorders,94,"Metabolism and nutrition disorders - Other, specify",Metabolism and nutrition disorders,181,exact_term,Changed,g2; g3,-,Exact same AE term in both versions.
M0510,Methemoglobinemia,Blood and lymphatic system disorders,5,Methemoglobinemia,Blood and lymphatic system disorders,8,exact_term,Changed,g3; g4,-,Exact same AE term in both versions.
M0511,Middle ear inflammation,Ear and labyrinth disorders,14,Middle ear inflammation,Ear and labyrinth disorders,25,exact_term,Same,-,-,Exact same AE term in both versions.
M0512,Mitral valve disease,Cardiac disorders,8,Mitral valve disease,Cardiac disorders,14,exact_term,Same,-,-,Exact same AE term in both versions.
M0513,Mobitz (type) II atrioventricular block,Cardiac disorders,8,Mobitz (type) II atrioventricular block,Cardiac disorders,14,exact_term,Changed,g3,-,Exact same AE term in both versions.
M0514,Mobitz type I,Cardiac disorders,8,Mobitz type I,Cardiac disorders,15,exact_term,Same,-,-,Exact same AE term in both versions.
M0515,Movements involuntary,Nervous system disorders,109,Movements involuntary,Nervous system disorders,219,exact_term,Changed,g2; g3,-,Exact same AE term in both versions.
M0516,Mucosal infection,Infections and infestations,61,Mucosal infection,Infections and infestations,119,exact_term,Same,-,-,Exact same AE term in both versions.
M0517,Mucositis oral,Gastrointestinal disorders,37,Mucositis oral,Gastrointestinal disorders,69,exact_term,Same,-,-,Exact same AE term in both versions.
M0518,Multi-organ failure,General disorders and administration site conditions,47,Multi-organ failure,General disorders and administration site conditions,89,exact_term,Changed,g3,-,Exact same AE term in both versions.
M0519,Muscle cramp,Musculoskeletal and connective tissue disorders,98,Muscle cramp,Musculoskeletal and connective tissue disorders,191,exact_term,Changed,g2; g3,-,Exact same AE term in both versions.
M0520,Muscle weakness left-sided,Nervous system disorders,109,-,-,-,v5_only,v5 only,-,-,-
M0521,Muscle weakness lower limb,Musculoskeletal and connective tissue disorders,98,Muscle weakness lower limb,Musculoskeletal and connective tissue disorders,191,exact_term,Changed,g2; g3; note,-,Exact same AE term in both versions.
M0522,Muscle weakness right-sided,Nervous system disorders,109,-,-,-,v5_only,v5 only,-,-,-
M0523,Muscle weakness trunk,Musculoskeletal and connective tissue disorders,98,Muscle weakness trunk,Musculoskeletal and connective tissue disorders,192,exact_term,Changed,g2; g3; note,-,Exact same AE term in both versions.
M0524,Muscle weakness upper limb,Musculoskeletal and connective tissue disorders,99,Muscle weakness upper limb,Musculoskeletal and connective tissue disorders,192,exact_term,Changed,g2; g3; note,-,Exact same AE term in both versions.
M0525,"Musculoskeletal and connective tissue disorder - Other, specify",Musculoskeletal and connective tissue disorders,102,"Musculoskeletal and connective tissue disorder - Other, specify",Musculoskeletal and connective tissue disorders,193,exact_term,Changed,g2; g3,-,Exact same AE term in both versions.
M0526,Musculoskeletal deformity,Musculoskeletal and connective tissue disorders,99,Musculoskeletal deformity,Musculoskeletal and connective tissue disorders,193,exact_term,Changed,g3; definition,-,Exact same AE term in both versions.
M0527,Myalgia,Musculoskeletal and connective tissue disorders,99,Myalgia,Musculoskeletal and connective tissue disorders,194,exact_term,Changed,g2; g3; note,-,Exact same AE term in both versions.
M0528,Myasthenia gravis,Nervous system disorders,110,Myasthenia gravis,Nervous system disorders,220,exact_term,Changed,g2; g3,-,Exact same AE term in both versions.
M0529,Myelitis,Infections and infestations,61,Myelitis,Infections and infestations,120,exact_term,Changed,g2; g3,-,Exact same AE term in both versions.
M0530,Myelodysplastic syndrome,"Neoplasms benign, malignant and unspecified (incl cysts and polyps)",103,Myelodysplastic syndrome,"Neoplasms benign, malignant and unspecified (incl cysts and polyps)",202,exact_term,Same,-,-,Exact same AE term in both versions.
M0531,Myocardial infarction,Cardiac disorders,9,Myocardial infarction,Cardiac disorders,16,exact_term,Changed,g2; g3; g4,-,Exact same AE term in both versions.
M0532,Myocarditis,Cardiac disorders,9,Myocarditis,Cardiac disorders,17,exact_term,Changed,g1; g4,-,Exact same AE term in both versions.
M0533,Myositis,Musculoskeletal and connective tissue disorders,99,Myositis,Musculoskeletal and connective tissue disorders,194,exact_term,Changed,g2; g3; note,-,Exact same AE term in both versions.
M0534,Nail changes,Skin and subcutaneous tissue disorders,144,Nail changes,Skin and subcutaneous tissue disorders,295,exact_term,Same,-,-,Exact same AE term in both versions.
M0535,Nail discoloration,Skin and subcutaneous tissue disorders,145,Nail discoloration,Skin and subcutaneous tissue disorders,295,exact_term,Changed,g1,-,Exact same AE term in both versions.
M0536,Nail infection,Infections and infestations,61,Nail infection,Infections and infestations,120,exact_term,Same,-,-,Exact same AE term in both versions.
M0537,Nail loss,Skin and subcutaneous tissue disorders,145,Nail loss,Skin and subcutaneous tissue disorders,296,exact_term,Changed,g2,-,Exact same AE term in both versions.
M0538,Nail ridging,Skin and subcutaneous tissue disorders,145,Nail ridging,Skin and subcutaneous tissue disorders,296,exact_term,Changed,g1,-,Exact same AE term in both versions.
M0539,Nasal congestion,"Respiratory, thoracic and mediastinal disorders",136,Nasal congestion,"Respiratory, thoracic and mediastinal disorders",277,exact_term,Same,-,-,Exact same AE term in both versions.
M0540,Nausea,Gastrointestinal disorders,37,Nausea,Gastrointestinal disorders,69,exact_term,Changed,g2; note,-,Exact same AE term in both versions.
M0541,Neck edema,General disorders and administration site conditions,47,-,-,-,v5_only,v5 only,-,-,-
M0542,Neck pain,Musculoskeletal and connective tissue disorders,99,Neck pain,Musculoskeletal and connective tissue disorders,194,exact_term,Changed,g2; g3; note,-,Exact same AE term in both versions.
M0543,Neck soft tissue necrosis,Musculoskeletal and connective tissue disorders,99,Neck soft tissue necrosis,Musculoskeletal and connective tissue disorders,195,exact_term,Same,-,-,Exact same AE term in both versions.
M0544,"Neoplasms benign, malignant and unspecified (incl cysts and polyps) - Other, specify","Neoplasms benign, malignant and unspecified (incl cysts and polyps)",103,"Neoplasms benign, malignant and unspecified (incl cysts and polyps) - Other, specify","Neoplasms benign, malignant and unspecified (incl cysts and polyps)",202,exact_term,Changed,g2; g3,-,Exact same AE term in both versions.
M0545,Nephrotic syndrome,Renal and urinary disorders,120,Nephrotic syndrome,Renal and urinary disorders,245,exact_term,Changed,g3; g4,-,Exact same AE term in both versions.
M0546,-,-,-,Nerve injury,"Injury, poisoning and procedural complications",150,v6_only,v6 only,-,-,-
M0547,"Nervous system disorders - Other, specify",Nervous system disorders,113,"Nervous system disorders - Other, specify",Nervous system disorders,220,exact_term,Changed,g2; g3,-,Exact same AE term in both versions.
M0548,Neuralgia,Nervous system disorders,110,Neuralgia,Nervous system disorders,221,exact_term,Changed,g2; g3,-,Exact same AE term in both versions.
M0549,Neutrophil count decreased,Investigations,88,Neutrophil count decreased,Investigations,170,exact_term,Changed,g1; g2; g3; g4; definition,-,Exact same AE term in both versions.
M0550,-,-,-,Neutrophil count increased,Investigations,170,v6_only,v6 only,-,-,-
M0551,Night blindness,Eye disorders,20,-,-,-,v5_only,v5 only,-,Decreased night vision,Possible terminology update; not auto-merged.
M0552,Nipple deformity,Reproductive system and breast disorders,125,Nipple deformity,Reproductive system and breast disorders,255,exact_term,Changed,definition,-,Exact same AE term in both versions.
M0553,-,-,-,Nocturia,Renal and urinary disorders,245,v6_only,v6 only,-,-,-
M0554,Non-cardiac chest pain,General disorders and administration site conditions,47,Non-cardiac chest pain,General disorders and administration site conditions,89,exact_term,Changed,g2; g3; note,-,Exact same AE term in both versions.
M0555,Nystagmus,Nervous system disorders,110,Nystagmus,Nervous system disorders,221,exact_term,Changed,g2; g3,-,Exact same AE term in both versions.
M0556,Obesity,Metabolism and nutrition disorders,94,-,-,-,v5_only,v5 only,-,-,-
M0557,Obstruction gastric,Gastrointestinal disorders,37,Obstruction gastric,Gastrointestinal disorders,70,exact_term,Changed,g2; g3,-,Exact same AE term in both versions.
M0558,Oculomotor nerve disorder,Nervous system disorders,110,Oculomotor nerve disorder,Nervous system disorders,221,exact_term,Changed,g1; g2; g3,-,Exact same AE term in both versions.
M0559,Olfactory nerve disorder,Nervous system disorders,110,Olfactory nerve disorder,Nervous system disorders,222,exact_term,Changed,g2; g3,-,Exact same AE term in both versions.
M0560,Oligospermia,Reproductive system and breast disorders,125,Oligospermia,Reproductive system and breast disorders,256,exact_term,Changed,g1,-,Exact same AE term in both versions.
M0561,Optic nerve disorder,Eye disorders,20,Optic nerve disorder,Eye disorders,39,exact_term,Same,-,-,Exact same AE term in both versions.
M0562,-,-,-,Optic neuritis,Nervous system disorders,222,v6_only,v6 only,-,-,-
M0563,Oral cavity fistula,Gastrointestinal disorders,37,Oral cavity fistula,Gastrointestinal disorders,70,exact_term,Same,-,-,Exact same AE term in both versions.
M0564,Oral dysesthesia,Gastrointestinal disorders,37,Oral dysesthesia,Gastrointestinal disorders,70,exact_term,Same,-,-,Exact same AE term in both versions.
M0565,Oral hemorrhage,Gastrointestinal disorders,37,Oral hemorrhage,Gastrointestinal disorders,70,exact_term,Changed,g3,-,Exact same AE term in both versions.
M0566,Oral pain,Gastrointestinal disorders,37,Oral pain,Gastrointestinal disorders,71,exact_term,Changed,g2; g3; note,-,Exact same AE term in both versions.
M0567,Oropharyngeal pain,"Respiratory, thoracic and mediastinal disorders",136,Oropharyngeal pain,"Respiratory, thoracic and mediastinal disorders",278,exact_term,Changed,definition; note,-,Exact same AE term in both versions.
M0568,Osteonecrosis,Musculoskeletal and connective tissue disorders,100,Osteonecrosis,Musculoskeletal and connective tissue disorders,195,exact_term,Changed,g2; g3,-,Exact same AE term in both versions.
M0569,Osteonecrosis of jaw,Musculoskeletal and connective tissue disorders,100,Osteonecrosis of jaw,Musculoskeletal and connective tissue disorders,196,exact_term,Changed,g2; g3,-,Exact same AE term in both versions.
M0570,Osteoporosis,Musculoskeletal and connective tissue disorders,100,Osteoporosis,Musculoskeletal and connective tissue disorders,196,exact_term,Changed,g1; g2; g3,-,Exact same AE term in both versions.
M0571,Otitis externa,Infections and infestations,62,Otitis externa,Infections and infestations,120,exact_term,Changed,note,-,Exact same AE term in both versions.
M0572,Otitis media,Infections and infestations,62,Otitis media,Infections and infestations,121,exact_term,Same,-,-,Exact same AE term in both versions.
M0573,-,-,-,Ovarian function insufficiency,Reproductive system and breast disorders,256,v6_only,v6 only,-,-,-
M0574,Ovarian hemorrhage,Reproductive system and breast disorders,125,Ovarian hemorrhage,Reproductive system and breast disorders,256,exact_term,Changed,g3,-,Exact same AE term in both versions.
M0575,Ovarian infection,Infections and infestations,62,Ovarian infection,Infections and infestations,121,exact_term,Same,-,-,Exact same AE term in both versions.
M0576,Ovarian rupture,Reproductive system and breast disorders,126,Ovarian rupture,Reproductive system and breast disorders,257,exact_term,Same,-,-,Exact same AE term in both versions.
M0577,Ovulation pain,Reproductive system and breast disorders,126,Ovulation pain,Reproductive system and breast disorders,257,exact_term,Changed,note,-,Exact same AE term in both versions.
M0578,Pain,General disorders and administration site conditions,47,Pain,General disorders and administration site conditions,89,exact_term,Changed,g2; g3; note,-,Exact same AE term in both versions.
M0579,Pain in extremity,Musculoskeletal and connective tissue disorders,100,Pain in extremity,Musculoskeletal and connective tissue disorders,197,exact_term,Changed,g2; g3; note,-,Exact same AE term in both versions.
M0580,Pain of skin,Skin and subcutaneous tissue disorders,145,Pain of skin,Skin and subcutaneous tissue disorders,296,exact_term,Changed,g2; g3; note,-,Exact same AE term in both versions.
M0581,Palmar-plantar erythrodysesthesia syndrome,Skin and subcutaneous tissue disorders,145,Palmar-plantar erythrodysesthesia syndrome,Skin and subcutaneous tissue disorders,297,exact_term,Changed,g2; g3,-,Exact same AE term in both versions.
M0582,Palpitations,Cardiac disorders,9,Palpitations,Cardiac disorders,17,exact_term,Changed,note,-,Exact same AE term in both versions.
M0583,Pancreas infection,Infections and infestations,62,Pancreas infection,Infections and infestations,121,exact_term,Same,-,-,Exact same AE term in both versions.
M0584,Pancreatic anastomotic leak,"Injury, poisoning and procedural complications",78,Pancreatic anastomotic leak,"Injury, poisoning and procedural complications",150,exact_term,Same,-,-,Exact same AE term in both versions.
M0585,Pancreatic duct stenosis,Gastrointestinal disorders,38,Pancreatic duct stenosis,Gastrointestinal disorders,71,exact_term,Same,-,-,Exact same AE term in both versions.
M0586,Pancreatic enzymes decreased,Investigations,88,-,-,-,v5_only,v5 only,-,-,-
M0587,Pancreatic fistula,Gastrointestinal disorders,38,Pancreatic fistula,Gastrointestinal disorders,71,exact_term,Same,-,-,Exact same AE term in both versions.
M0588,Pancreatic hemorrhage,Gastrointestinal disorders,38,Pancreatic hemorrhage,Gastrointestinal disorders,72,exact_term,Changed,g3,-,Exact same AE term in both versions.
M0589,-,-,-,Pancreatic insufficiency,Gastrointestinal disorders,72,v6_only,v6 only,-,-,-
M0590,Pancreatic necrosis,Gastrointestinal disorders,38,Pancreatic necrosis,Gastrointestinal disorders,72,exact_term,Same,-,-,Exact same AE term in both versions.
M0591,Pancreatitis,Gastrointestinal disorders,38,Pancreatitis,Gastrointestinal disorders,72,exact_term,Changed,g2,-,Exact same AE term in both versions.
M0592,Papilledema,Eye disorders,20,Papilledema,Eye disorders,39,exact_term,Changed,note,-,Exact same AE term in both versions.
M0593,Papulopustular rash,Infections and infestations,63,-,-,-,v5_only,v5 only,-,Papulovesicular rash,Possible related rash terminology; not auto-merged.
M0594,-,-,-,Papulovesicular rash,Skin and subcutaneous tissue disorders,297,v6_only,v6 only,-,Papulopustular rash,Possible related rash terminology; not auto-merged.
M0595,Paresthesia,Nervous system disorders,110,Paresthesia,Nervous system disorders,223,exact_term,Changed,g2; g3; note,-,Exact same AE term in both versions.
M0596,Paronychia,Infections and infestations,63,Paronychia,Infections and infestations,122,exact_term,Changed,g2; g3,-,Exact same AE term in both versions.
M0597,Paroxysmal atrial tachycardia,Cardiac disorders,9,Paroxysmal atrial tachycardia,Cardiac disorders,17,exact_term,Changed,definition,-,Exact same AE term in both versions.
M0598,Pelvic floor muscle weakness,Reproductive system and breast disorders,126,Pelvic floor muscle weakness,Reproductive system and breast disorders,257,exact_term,Changed,g2; g3,-,Exact same AE term in both versions.
M0599,Pelvic infection,Infections and infestations,63,Pelvic infection,Infections and infestations,122,exact_term,Same,-,-,Exact same AE term in both versions.
M0600,Pelvic pain,Reproductive system and breast disorders,126,Pelvic pain,Reproductive system and breast disorders,258,exact_term,Changed,g2; g3; note,-,Exact same AE term in both versions.
M0601,Pelvic soft tissue necrosis,Musculoskeletal and connective tissue disorders,101,Pelvic soft tissue necrosis,Musculoskeletal and connective tissue disorders,197,exact_term,Same,-,-,Exact same AE term in both versions.
M0602,Penile infection,Infections and infestations,63,Penile infection,Infections and infestations,122,exact_term,Same,-,-,Exact same AE term in both versions.
M0603,Penile pain,Reproductive system and breast disorders,126,Penile pain,Reproductive system and breast disorders,258,exact_term,Changed,g2; g3; note,-,Exact same AE term in both versions.
M0604,Perforation bile duct,Hepatobiliary disorders,50,Perforation bile duct,Hepatobiliary disorders,97,exact_term,Same,-,-,Exact same AE term in both versions.
M0605,Pericardial effusion,Cardiac disorders,9,Pericardial effusion,Cardiac disorders,18,exact_term,Changed,g4; note,-,Exact same AE term in both versions.
M0606,Pericardial tamponade,Cardiac disorders,9,Pericardial tamponade,Cardiac disorders,18,exact_term,Changed,note,-,Exact same AE term in both versions.
M0607,Pericarditis,Cardiac disorders,10,Pericarditis,Cardiac disorders,18,exact_term,Same,-,-,Exact same AE term in both versions.
M0608,Perineal pain,Reproductive system and breast disorders,126,Perineal pain,Reproductive system and breast disorders,258,exact_term,Changed,g2; g3; note,-,Exact same AE term in both versions.
M0609,Periodontal disease,Gastrointestinal disorders,38,Periodontal disease,Gastrointestinal disorders,73,exact_term,Same,-,-,Exact same AE term in both versions.
M0610,Periorbital edema,Eye disorders,21,Periorbital edema,Eye disorders,40,exact_term,Changed,g3; note,-,Exact same AE term in both versions.
M0611,Periorbital infection,Infections and infestations,64,Periorbital infection,Infections and infestations,123,exact_term,Changed,definition,-,Exact same AE term in both versions.
M0612,-,-,-,Peripheral edema,General disorders and administration site conditions,90,v6_only,v6 only,-,Edema limbs,Possible related edema terminology; not auto-merged.
M0613,Peripheral ischemia,Vascular disorders,154,Peripheral ischemia,Vascular disorders,310,exact_term,Changed,g2; g3; g4,-,Exact same AE term in both versions.
M0614,Peripheral motor neuropathy,Nervous system disorders,110,Peripheral motor neuropathy,Nervous system disorders,223,exact_term,Changed,g1; g2; g3; note,-,Exact same AE term in both versions.
M0615,Peripheral nerve infection,Infections and infestations,64,Peripheral nerve infection,Infections and infestations,123,exact_term,Same,-,-,Exact same AE term in both versions.
M0616,Peripheral sensory neuropathy,Nervous system disorders,111,Peripheral sensory neuropathy,Nervous system disorders,223,exact_term,Changed,g1; g2; g3,-,Exact same AE term in both versions.
M0617,Peritoneal infection,Infections and infestations,64,Peritoneal infection,Infections and infestations,123,exact_term,Same,-,-,Exact same AE term in both versions.
M0618,Peritoneal necrosis,Gastrointestinal disorders,39,Peritoneal necrosis,Gastrointestinal disorders,73,exact_term,Same,-,-,Exact same AE term in both versions.
M0619,Personality change,Psychiatric disorders,117,Personality change,Psychiatric disorders,238,exact_term,Same,-,-,Exact same AE term in both versions.
M0620,Phantom pain,Nervous system disorders,111,Phantom pain,Nervous system disorders,224,exact_term,Changed,g2; g3; note,-,Exact same AE term in both versions.
M0621,Pharyngeal anastomotic leak,"Injury, poisoning and procedural complications",78,Pharyngeal anastomotic leak,"Injury, poisoning and procedural complications",151,exact_term,Same,-,-,Exact same AE term in both versions.
M0622,Pharyngeal fistula,"Respiratory, thoracic and mediastinal disorders",136,Pharyngeal fistula,"Respiratory, thoracic and mediastinal disorders",278,exact_term,Same,-,-,Exact same AE term in both versions.
M0623,Pharyngeal hemorrhage,"Respiratory, thoracic and mediastinal disorders",136,Pharyngeal hemorrhage,"Respiratory, thoracic and mediastinal disorders",278,exact_term,Changed,g3,-,Exact same AE term in both versions.
M0624,Pharyngeal mucositis,"Respiratory, thoracic and mediastinal disorders",136,Pharyngeal mucositis,"Respiratory, thoracic and mediastinal disorders",279,exact_term,Changed,g2; g3,-,Exact same AE term in both versions.
M0625,Pharyngeal necrosis,"Respiratory, thoracic and mediastinal disorders",136,Pharyngeal necrosis,"Respiratory, thoracic and mediastinal disorders",279,exact_term,Same,-,-,Exact same AE term in both versions.
M0626,Pharyngeal stenosis,"Respiratory, thoracic and mediastinal disorders",137,Pharyngeal stenosis,"Respiratory, thoracic and mediastinal disorders",280,exact_term,Changed,g2; g3,-,Exact same AE term in both versions.
M0627,Pharyngitis,Infections and infestations,64,Pharyngitis,Infections and infestations,124,exact_term,Changed,note,-,Exact same AE term in both versions.
M0628,Pharyngolaryngeal pain,"Respiratory, thoracic and mediastinal disorders",137,Pharyngolaryngeal pain,"Respiratory, thoracic and mediastinal disorders",280,exact_term,Changed,g2; g3; note,-,Exact same AE term in both versions.
M0629,Phlebitis,Vascular disorders,154,Phlebitis,Vascular disorders,310,exact_term,Changed,definition,-,Exact same AE term in both versions.
M0630,Phlebitis infective,Infections and infestations,64,Phlebitis infective,Infections and infestations,124,exact_term,Same,-,-,Exact same AE term in both versions.
M0631,Photophobia,Eye disorders,21,Photophobia,Eye disorders,40,exact_term,Changed,g1; g2; g3,-,Exact same AE term in both versions.
M0632,Photosensitivity,Skin and subcutaneous tissue disorders,145,Photosensitivity,Skin and subcutaneous tissue disorders,297,exact_term,Changed,g1; g2; g3,-,Exact same AE term in both versions.
M0633,Platelet count decreased,Investigations,89,-,-,-,v5_only,v5 only,-,Thrombocytopenia,Possible related/successor hematologic AE in v6; confirm against protocol before treating as equivalent.
M0634,Pleural effusion,"Respiratory, thoracic and mediastinal disorders",137,Pleural effusion,"Respiratory, thoracic and mediastinal disorders",281,exact_term,Changed,note,-,Exact same AE term in both versions.
M0635,Pleural hemorrhage,"Respiratory, thoracic and mediastinal disorders",137,Pleural hemorrhage,"Respiratory, thoracic and mediastinal disorders",281,exact_term,Same,-,-,Exact same AE term in both versions.
M0636,Pleural infection,Infections and infestations,65,Pleural infection,Infections and infestations,124,exact_term,Same,-,-,Exact same AE term in both versions.
M0637,Pleuritic pain,"Respiratory, thoracic and mediastinal disorders",137,Pleuritic pain,"Respiratory, thoracic and mediastinal disorders",281,exact_term,Changed,g2; g3; note,-,Exact same AE term in both versions.
M0638,-,-,-,Pneumatosis,General disorders and administration site conditions,90,v6_only,v6 only,-,-,-
M0639,-,-,-,Pneumonia,Infections and infestations,125,v6_only,v6 only,-,-,-
M0640,Pneumonitis,"Respiratory, thoracic and mediastinal disorders",137,Pneumonitis,"Respiratory, thoracic and mediastinal disorders",282,exact_term,Changed,g2; g3,-,Exact same AE term in both versions.
M0641,Pneumothorax,"Respiratory, thoracic and mediastinal disorders",138,Pneumothorax,"Respiratory, thoracic and mediastinal disorders",282,exact_term,Same,-,-,Exact same AE term in both versions.
M0642,Portal hypertension,Hepatobiliary disorders,50,Portal hypertension,Hepatobiliary disorders,97,exact_term,Same,-,-,Exact same AE term in both versions.
M0643,Portal vein thrombosis,Hepatobiliary disorders,50,Portal vein thrombosis,Hepatobiliary disorders,98,exact_term,Same,-,-,Exact same AE term in both versions.
M0644,-,-,-,Post biopsy bleeding,"Injury, poisoning and procedural complications",151,v6_only,v6 only,-,-,-
M0645,Postnasal drip,"Respiratory, thoracic and mediastinal disorders",138,Postnasal drip,"Respiratory, thoracic and mediastinal disorders",282,exact_term,Same,-,-,Exact same AE term in both versions.
M0646,Postoperative hemorrhage,"Injury, poisoning and procedural complications",78,Postoperative hemorrhage,"Injury, poisoning and procedural complications",151,exact_term,Changed,g2; note,-,Exact same AE term in both versions.
M0647,Postoperative thoracic procedure complication,"Injury, poisoning and procedural complications",78,Postoperative thoracic procedure complication,"Injury, poisoning and procedural complications",152,exact_term,Same,-,-,Exact same AE term in both versions.
M0648,Precocious puberty,Endocrine disorders,16,Precocious puberty,Endocrine disorders,32,exact_term,Same,-,-,Exact same AE term in both versions.
M0649,Pregnancy loss,"Pregnancy, puerperium and perinatal conditions",114,Pregnancy loss,"Pregnancy, puerperium and perinatal conditions",232,exact_term,Same,-,-,Exact same AE term in both versions.
M0650,"Pregnancy, puerperium and perinatal conditions - Other, specify","Pregnancy, puerperium and perinatal conditions",114,"Pregnancy, puerperium and perinatal conditions - Other, specify","Pregnancy, puerperium and perinatal conditions",232,exact_term,Changed,g2; g3,-,Exact same AE term in both versions.
M0651,Premature delivery,"Pregnancy, puerperium and perinatal conditions",114,Premature delivery,"Pregnancy, puerperium and perinatal conditions",233,exact_term,Same,-,-,Exact same AE term in both versions.
M0652,Premature menopause,Reproductive system and breast disorders,126,-,-,-,v5_only,v5 only,-,-,-
M0653,Presyncope,Nervous system disorders,111,Presyncope,Nervous system disorders,224,exact_term,Changed,note,-,Exact same AE term in both versions.
M0654,Proctitis,Gastrointestinal disorders,39,Proctitis,Gastrointestinal disorders,73,exact_term,Changed,g2; g3; note,-,Exact same AE term in both versions.
M0655,Productive cough,"Respiratory, thoracic and mediastinal disorders",138,Productive cough,"Respiratory, thoracic and mediastinal disorders",283,exact_term,Changed,g2; g3; note,-,Exact same AE term in both versions.
M0656,Prolapse of intestinal stoma,"Injury, poisoning and procedural complications",78,Prolapse of intestinal stoma,"Injury, poisoning and procedural complications",152,exact_term,Changed,g2; g3,-,Exact same AE term in both versions.
M0657,Prolapse of urostomy,"Injury, poisoning and procedural complications",78,Prolapse of urostomy,"Injury, poisoning and procedural complications",152,exact_term,Same,-,-,Exact same AE term in both versions.
M0658,Prostate infection,Infections and infestations,65,Prostate infection,Infections and infestations,125,exact_term,Same,-,-,Exact same AE term in both versions.
M0659,Prostatic hemorrhage,Reproductive system and breast disorders,126,Prostatic hemorrhage,Reproductive system and breast disorders,259,exact_term,Changed,g3,-,Exact same AE term in both versions.
M0660,Prostatic obstruction,Reproductive system and breast disorders,127,Prostatic obstruction,Reproductive system and breast disorders,259,exact_term,Same,-,-,Exact same AE term in both versions.
M0661,Prostatic pain,Reproductive system and breast disorders,127,Prostatic pain,Reproductive system and breast disorders,259,exact_term,Changed,g2; g3; note,-,Exact same AE term in both versions.
M0662,Proteinuria,Renal and urinary disorders,120,-,-,-,v5_only,v5 only,-,Urinary protein increased,Possible terminology update; not auto-merged.
M0663,Pruritus,Skin and subcutaneous tissue disorders,146,Pruritus,Skin and subcutaneous tissue disorders,298,exact_term,Changed,g2; g3,-,Exact same AE term in both versions.
M0664,"Psychiatric disorders - Other, specify",Psychiatric disorders,118,"Psychiatric disorders - Other, specify",Psychiatric disorders,239,exact_term,Changed,g2; g3,-,Exact same AE term in both versions.
M0665,Psychosis,Psychiatric disorders,117,Psychosis,Psychiatric disorders,239,exact_term,Same,-,-,Exact same AE term in both versions.
M0666,Pulmonary edema,"Respiratory, thoracic and mediastinal disorders",138,Pulmonary edema,"Respiratory, thoracic and mediastinal disorders",283,exact_term,Changed,g2; g3; note,-,Exact same AE term in both versions.
M0667,Pulmonary fibrosis,"Respiratory, thoracic and mediastinal disorders",138,Pulmonary fibrosis,"Respiratory, thoracic and mediastinal disorders",284,exact_term,Same,-,-,Exact same AE term in both versions.
M0668,Pulmonary fistula,"Respiratory, thoracic and mediastinal disorders",138,Pulmonary fistula,"Respiratory, thoracic and mediastinal disorders",284,exact_term,Same,-,-,Exact same AE term in both versions.
M0669,Pulmonary hypertension,"Respiratory, thoracic and mediastinal disorders",139,Pulmonary hypertension,"Respiratory, thoracic and mediastinal disorders",284,exact_term,Changed,g1; g2,-,Exact same AE term in both versions.
M0670,Pulmonary valve disease,Cardiac disorders,10,Pulmonary valve disease,Cardiac disorders,18,exact_term,Same,-,-,Exact same AE term in both versions.
M0671,Purpura,Skin and subcutaneous tissue disorders,146,Purpura,Skin and subcutaneous tissue disorders,298,exact_term,Changed,g2; g3,-,Exact same AE term in both versions.
M0672,-,-,-,Pustular drug eruption,Skin and subcutaneous tissue disorders,299,v6_only,v6 only,-,-,-
M0673,Pyramidal tract syndrome,Nervous system disorders,111,Pyramidal tract syndrome,Nervous system disorders,224,exact_term,Changed,g1; g2; g3,-,Exact same AE term in both versions.
M0674,Radiation recall reaction (dermatologic),"Injury, poisoning and procedural complications",79,Radiation recall reaction (dermatologic),"Injury, poisoning and procedural complications",153,exact_term,Same,-,-,Exact same AE term in both versions.
M0675,Radiculitis,Nervous system disorders,111,Radiculitis,Nervous system disorders,225,exact_term,Changed,g2; g3,-,Exact same AE term in both versions.
M0676,Rash acneiform,Skin and subcutaneous tissue disorders,146,-,-,-,v5_only,v5 only,-,-,-
M0677,Rash maculo-papular,Skin and subcutaneous tissue disorders,146,Rash maculo-papular,Skin and subcutaneous tissue disorders,299,exact_term,Changed,g1; g2; g3; g4; g5; definition; note,-,Exact same AE term in both versions.
M0678,Rash pustular,Infections and infestations,65,Rash pustular,Infections and infestations,125,exact_term,Changed,note,-,Exact same AE term in both versions.
M0679,Rectal anastomotic leak,"Injury, poisoning and procedural complications",79,Rectal anastomotic leak,"Injury, poisoning and procedural complications",153,exact_term,Same,-,-,Exact same AE term in both versions.
M0680,Rectal fissure,Gastrointestinal disorders,39,Rectal fissure,Gastrointestinal disorders,74,exact_term,Same,-,-,Exact same AE term in both versions.
M0681,Rectal fistula,Gastrointestinal disorders,39,Rectal fistula,Gastrointestinal disorders,74,exact_term,Same,-,-,Exact same AE term in both versions.
M0682,Rectal hemorrhage,Gastrointestinal disorders,39,-,-,-,v5_only,v5 only,-,-,-
M0683,Rectal mucositis,Gastrointestinal disorders,39,Rectal mucositis,Gastrointestinal disorders,74,exact_term,Changed,g2; g3,-,Exact same AE term in both versions.
M0684,Rectal necrosis,Gastrointestinal disorders,40,Rectal necrosis,Gastrointestinal disorders,75,exact_term,Same,-,-,Exact same AE term in both versions.
M0685,Rectal obstruction,Gastrointestinal disorders,40,Rectal obstruction,Gastrointestinal disorders,75,exact_term,Changed,g2; g3,-,Exact same AE term in both versions.
M0686,Rectal pain,Gastrointestinal disorders,40,Rectal pain,Gastrointestinal disorders,75,exact_term,Changed,g2; g3; note,-,Exact same AE term in both versions.
M0687,Rectal perforation,Gastrointestinal disorders,40,Rectal perforation,Gastrointestinal disorders,76,exact_term,Same,-,-,Exact same AE term in both versions.
M0688,Rectal stenosis,Gastrointestinal disorders,40,Rectal stenosis,Gastrointestinal disorders,76,exact_term,Same,-,-,Exact same AE term in both versions.
M0689,Rectal ulcer,Gastrointestinal disorders,40,Rectal ulcer,Gastrointestinal disorders,76,exact_term,Same,-,-,Exact same AE term in both versions.
M0690,Recurrent laryngeal nerve palsy,Nervous system disorders,111,Recurrent laryngeal nerve palsy,Nervous system disorders,225,exact_term,Changed,g1,-,Exact same AE term in both versions.
M0691,"Renal and urinary disorders - Other, specify",Renal and urinary disorders,122,"Renal and urinary disorders - Other, specify",Renal and urinary disorders,246,exact_term,Changed,g2; g3,-,Exact same AE term in both versions.
M0692,Renal calculi,Renal and urinary disorders,121,Renal calculi,Renal and urinary disorders,246,exact_term,Same,-,-,Exact same AE term in both versions.
M0693,Renal colic,Renal and urinary disorders,121,Renal colic,Renal and urinary disorders,247,exact_term,Changed,g2; g3,-,Exact same AE term in both versions.
M0694,Renal hemorrhage,Renal and urinary disorders,121,Renal hemorrhage,Renal and urinary disorders,247,exact_term,Changed,g3,-,Exact same AE term in both versions.
M0695,"Reproductive system and breast disorders - Other, specify",Reproductive system and breast disorders,130,"Reproductive system and breast disorders - Other, specify",Reproductive system and breast disorders,260,exact_term,Changed,g2; g3,-,Exact same AE term in both versions.
M0696,Respiratory failure,"Respiratory, thoracic and mediastinal disorders",139,Respiratory failure,"Respiratory, thoracic and mediastinal disorders",285,exact_term,Changed,note,-,Exact same AE term in both versions.
M0697,"Respiratory, thoracic and mediastinal disorders - Other, specify","Respiratory, thoracic and mediastinal disorders",141,"Respiratory, thoracic and mediastinal disorders - Other, specify","Respiratory, thoracic and mediastinal disorders",285,exact_term,Changed,g2; g3,-,Exact same AE term in both versions.
M0698,Restlessness,Psychiatric disorders,117,Restlessness,Psychiatric disorders,239,exact_term,Changed,g2; g3,-,Exact same AE term in both versions.
M0699,Restrictive cardiomyopathy,Cardiac disorders,10,-,-,-,v5_only,v5 only,-,-,-
M0700,Retinal detachment,Eye disorders,21,Retinal detachment,Eye disorders,40,exact_term,Same,-,-,Exact same AE term in both versions.
M0701,Retinal tear,Eye disorders,21,Retinal tear,Eye disorders,41,exact_term,Changed,definition; note,-,Exact same AE term in both versions.
M0702,Retinal vascular disorder,Eye disorders,21,Retinal vascular disorder,Eye disorders,41,exact_term,Same,-,-,Exact same AE term in both versions.
M0703,Retinoic acid syndrome,"Respiratory, thoracic and mediastinal disorders",139,Retinoic acid syndrome,"Neoplasms benign, malignant and unspecified (incl cysts and polyps)",202,exact_term,Changed,soc,-,Exact same AE term in both versions.
M0704,Retinopathy,Eye disorders,21,Retinopathy,Eye disorders,41,exact_term,Changed,g2; g3,-,Exact same AE term in both versions.
M0705,Retroperitoneal hemorrhage,Gastrointestinal disorders,41,Retroperitoneal hemorrhage,Gastrointestinal disorders,77,exact_term,Changed,g3,-,Exact same AE term in both versions.
M0706,Reversible posterior leukoencephalopathy syndrome,Nervous system disorders,111,Reversible posterior leukoencephalopathy syndrome,Nervous system disorders,226,exact_term,Changed,g2; g3,-,Exact same AE term in both versions.
M0707,Rhabdomyolysis,Musculoskeletal and connective tissue disorders,101,Rhabdomyolysis,Musculoskeletal and connective tissue disorders,197,exact_term,Changed,note,-,Exact same AE term in both versions.
M0708,Rhinitis infective,Infections and infestations,65,Rhinitis infective,Infections and infestations,126,exact_term,Same,-,-,Exact same AE term in both versions.
M0709,Rhinorrhea,"Respiratory, thoracic and mediastinal disorders",139,Rhinorrhea,"Respiratory, thoracic and mediastinal disorders",285,exact_term,Same,-,-,Exact same AE term in both versions.
M0710,Right ventricular dysfunction,Cardiac disorders,10,-,-,-,v5_only,v5 only,-,-,-
M0711,Rotator cuff injury,Musculoskeletal and connective tissue disorders,101,Rotator cuff injury,Musculoskeletal and connective tissue disorders,198,exact_term,Changed,g2; g3,-,Exact same AE term in both versions.
M0712,Salivary duct inflammation,Gastrointestinal disorders,41,Salivary duct inflammation,Gastrointestinal disorders,77,exact_term,Changed,g2; g3,-,Exact same AE term in both versions.
M0713,Salivary gland fistula,Gastrointestinal disorders,41,Salivary gland fistula,Gastrointestinal disorders,77,exact_term,Same,-,-,Exact same AE term in both versions.
M0714,Salivary gland infection,Infections and infestations,65,Salivary gland infection,Infections and infestations,126,exact_term,Same,-,-,Exact same AE term in both versions.
M0715,Scalp pain,Skin and subcutaneous tissue disorders,147,Scalp pain,Skin and subcutaneous tissue disorders,299,exact_term,Changed,g2; g3; note,-,Exact same AE term in both versions.
M0716,Scleral disorder,Eye disorders,22,Scleral disorder,Eye disorders,42,exact_term,Changed,g2; g3,-,Exact same AE term in both versions.
M0717,Scoliosis,Musculoskeletal and connective tissue disorders,101,Scoliosis,Musculoskeletal and connective tissue disorders,198,exact_term,Changed,g2; g3; definition,-,Exact same AE term in both versions.
M0718,Scrotal infection,Infections and infestations,65,Scrotal infection,Infections and infestations,126,exact_term,Same,-,-,Exact same AE term in both versions.
M0719,Scrotal pain,Reproductive system and breast disorders,127,Scrotal pain,Reproductive system and breast disorders,260,exact_term,Changed,g2; g3; note,-,Exact same AE term in both versions.
M0720,-,-,-,Secondary hemophagocytic lymphohistiocytosis,Immune system disorders,101,v6_only,v6 only,-,-,-
M0721,Seizure,Nervous system disorders,112,Seizure,Nervous system disorders,226,exact_term,Changed,g1; g2; g3; g4,-,Exact same AE term in both versions.
M0722,Sepsis,Infections and infestations,66,Sepsis,Infections and infestations,126,exact_term,Changed,g3; g4; definition; note,-,Exact same AE term in both versions.
M0723,Seroma,"Injury, poisoning and procedural complications",79,Seroma,"Injury, poisoning and procedural complications",153,exact_term,Same,-,-,Exact same AE term in both versions.
M0724,Serum amylase increased,Investigations,89,Serum amylase increased,Investigations,171,exact_term,Changed,g2; g3; note,-,Exact same AE term in both versions.
M0725,Serum sickness,Immune system disorders,51,Serum sickness,Immune system disorders,102,exact_term,Changed,g1,-,Exact same AE term in both versions.
M0726,Shingles,Infections and infestations,66,Shingles,Infections and infestations,127,exact_term,Changed,g2; g3,-,Exact same AE term in both versions.
M0727,Sick sinus syndrome,Cardiac disorders,10,Sick sinus syndrome,Cardiac disorders,19,exact_term,Same,-,-,Exact same AE term in both versions.
M0728,Sinus bradycardia,Cardiac disorders,10,Sinus bradycardia,Cardiac disorders,19,exact_term,Same,-,-,Exact same AE term in both versions.
M0729,Sinus disorder,"Respiratory, thoracic and mediastinal disorders",139,Sinus disorder,"Respiratory, thoracic and mediastinal disorders",286,exact_term,Changed,g2; g3,-,Exact same AE term in both versions.
M0730,Sinus pain,"Respiratory, thoracic and mediastinal disorders",139,Sinus pain,"Respiratory, thoracic and mediastinal disorders",286,exact_term,Changed,g2; g3; note,-,Exact same AE term in both versions.
M0731,Sinus tachycardia,Cardiac disorders,11,Sinus tachycardia,Cardiac disorders,19,exact_term,Changed,note,-,Exact same AE term in both versions.
M0732,Sinusitis,Infections and infestations,66,Sinusitis,Infections and infestations,127,exact_term,Same,-,-,Exact same AE term in both versions.
M0733,Sinusoidal obstruction syndrome,Hepatobiliary disorders,50,Sinusoidal obstruction syndrome,Hepatobiliary disorders,98,exact_term,Changed,g2,-,Exact same AE term in both versions.
M0734,"Skin and subcutaneous tissue disorders - Other, specify",Skin and subcutaneous tissue disorders,149,"Skin and subcutaneous tissue disorders - Other, specify",Skin and subcutaneous tissue disorders,300,exact_term,Changed,g2; g3,-,Exact same AE term in both versions.
M0735,Skin atrophy,Skin and subcutaneous tissue disorders,147,Skin atrophy,Skin and subcutaneous tissue disorders,300,exact_term,Changed,g1; g2; g3,-,Exact same AE term in both versions.
M0736,Skin hyperpigmentation,Skin and subcutaneous tissue disorders,147,Skin hyperpigmentation,Skin and subcutaneous tissue disorders,300,exact_term,Changed,g1; g2,-,Exact same AE term in both versions.
M0737,Skin hypopigmentation,Skin and subcutaneous tissue disorders,147,Skin hypopigmentation,Skin and subcutaneous tissue disorders,301,exact_term,Changed,g1; g2,-,Exact same AE term in both versions.
M0738,Skin induration,Skin and subcutaneous tissue disorders,147,Skin induration,Skin and subcutaneous tissue disorders,301,exact_term,Changed,g2; g3,-,Exact same AE term in both versions.
M0739,Skin infection,Infections and infestations,66,Skin infection,Infections and infestations,127,exact_term,Same,-,-,Exact same AE term in both versions.
M0740,Skin papilloma,"Neoplasms benign, malignant and unspecified (incl cysts and polyps)",103,Skin papilloma,"Neoplasms benign, malignant and unspecified (incl cysts and polyps)",203,exact_term,Same,-,-,Exact same AE term in both versions.
M0741,Skin ulceration,Skin and subcutaneous tissue disorders,147,Skin ulceration,Skin and subcutaneous tissue disorders,301,exact_term,Same,-,-,Exact same AE term in both versions.
M0742,Sleep apnea,"Respiratory, thoracic and mediastinal disorders",140,Sleep apnea,"Respiratory, thoracic and mediastinal disorders",287,exact_term,Changed,g2; g3,-,Exact same AE term in both versions.
M0743,Small intestinal anastomotic leak,"Injury, poisoning and procedural complications",79,Small intestinal anastomotic leak,"Injury, poisoning and procedural complications",154,exact_term,Same,-,-,Exact same AE term in both versions.
M0744,Small intestinal mucositis,Gastrointestinal disorders,41,Small intestinal mucositis,Gastrointestinal disorders,78,exact_term,Changed,g2; g3,-,Exact same AE term in both versions.
M0745,Small intestinal obstruction,Gastrointestinal disorders,41,Small intestinal obstruction,Gastrointestinal disorders,78,exact_term,Changed,g2; g3,-,Exact same AE term in both versions.
M0746,Small intestinal perforation,Gastrointestinal disorders,41,Small intestinal perforation,Gastrointestinal disorders,78,exact_term,Changed,note,-,Exact same AE term in both versions.
M0747,Small intestinal stenosis,Gastrointestinal disorders,42,Small intestinal stenosis,Gastrointestinal disorders,79,exact_term,Changed,g3,-,Exact same AE term in both versions.
M0748,Small intestine infection,Infections and infestations,66,Small intestine infection,Infections and infestations,128,exact_term,Same,-,-,Exact same AE term in both versions.
M0749,Small intestine ulcer,Gastrointestinal disorders,42,Small intestine ulcer,Gastrointestinal disorders,79,exact_term,Changed,g2; g3,-,Exact same AE term in both versions.
M0750,Sneezing,"Respiratory, thoracic and mediastinal disorders",140,Sneezing,"Respiratory, thoracic and mediastinal disorders",287,exact_term,Same,-,-,Exact same AE term in both versions.
M0751,"Social circumstances - Other, specify",Social circumstances,150,"Social circumstances - Other, specify",Social circumstances,304,exact_term,Changed,g2; g3,-,Exact same AE term in both versions.
M0752,Soft tissue infection,Infections and infestations,67,Soft tissue infection,Infections and infestations,128,exact_term,Same,-,-,Exact same AE term in both versions.
M0753,Soft tissue necrosis lower limb,Musculoskeletal and connective tissue disorders,101,Soft tissue necrosis lower limb,Musculoskeletal and connective tissue disorders,199,exact_term,Same,-,-,Exact same AE term in both versions.
M0754,Soft tissue necrosis upper limb,Musculoskeletal and connective tissue disorders,102,Soft tissue necrosis upper limb,Musculoskeletal and connective tissue disorders,199,exact_term,Same,-,-,Exact same AE term in both versions.
M0755,Somnolence,Nervous system disorders,112,Somnolence,Nervous system disorders,226,exact_term,Changed,g2,-,Exact same AE term in both versions.
M0756,Sore throat,"Respiratory, thoracic and mediastinal disorders",140,Sore throat,"Respiratory, thoracic and mediastinal disorders",287,exact_term,Changed,g2; g3,-,Exact same AE term in both versions.
M0757,Spasticity,Nervous system disorders,112,Spasticity,Nervous system disorders,227,exact_term,Same,-,-,Exact same AE term in both versions.
M0758,Spermatic cord anastomotic leak,"Injury, poisoning and procedural complications",79,Spermatic cord anastomotic leak,"Injury, poisoning and procedural complications",154,exact_term,Same,-,-,Exact same AE term in both versions.
M0759,Spermatic cord hemorrhage,Reproductive system and breast disorders,127,Spermatic cord hemorrhage,Reproductive system and breast disorders,260,exact_term,Changed,g3,-,Exact same AE term in both versions.
M0760,Spermatic cord obstruction,Reproductive system and breast disorders,127,Spermatic cord obstruction,Reproductive system and breast disorders,261,exact_term,Same,-,-,Exact same AE term in both versions.
M0761,Spinal cord compression,Nervous system disorders,112,Spinal cord compression,Nervous system disorders,227,exact_term,Changed,g1; g2; g3,-,Exact same AE term in both versions.
M0762,Spinal fracture,"Injury, poisoning and procedural complications",80,-,-,-,v5_only,v5 only,-,-,-
M0763,Splenic infection,Infections and infestations,67,Splenic infection,Infections and infestations,128,exact_term,Same,-,-,Exact same AE term in both versions.
M0764,Stenosis of gastrointestinal stoma,"Injury, poisoning and procedural complications",80,Stenosis of gastrointestinal stoma,"Injury, poisoning and procedural complications",154,exact_term,Same,-,-,Exact same AE term in both versions.
M0765,Stevens-Johnson syndrome,Skin and subcutaneous tissue disorders,148,Stevens-Johnson syndrome,Skin and subcutaneous tissue disorders,302,exact_term,Changed,g3; g4,-,Exact same AE term in both versions.
M0766,Stoma site infection,Infections and infestations,67,Stoma site infection,Infections and infestations,129,exact_term,Same,-,-,Exact same AE term in both versions.
M0767,Stomach pain,Gastrointestinal disorders,42,Stomach pain,Gastrointestinal disorders,79,exact_term,Changed,g2; g3; note,-,Exact same AE term in both versions.
M0768,Stomal ulcer,"Injury, poisoning and procedural complications",80,Stomal ulcer,"Injury, poisoning and procedural complications",155,exact_term,Same,-,-,Exact same AE term in both versions.
M0769,Stridor,"Respiratory, thoracic and mediastinal disorders",140,Stridor,"Respiratory, thoracic and mediastinal disorders",288,exact_term,Changed,g3,-,Exact same AE term in both versions.
M0770,Stroke,Nervous system disorders,112,Stroke,Nervous system disorders,227,exact_term,Changed,g2; g3; definition,-,Exact same AE term in both versions.
M0771,Subcutaneous emphysema,Skin and subcutaneous tissue disorders,148,Subcutaneous emphysema,Skin and subcutaneous tissue disorders,302,exact_term,Changed,g3,-,Exact same AE term in both versions.
M0772,Sudden death NOS,General disorders and administration site conditions,47,Sudden death NOS,General disorders and administration site conditions,90,exact_term,Same,-,-,Exact same AE term in both versions.
M0773,Suicidal ideation,Psychiatric disorders,117,Suicidal ideation,Psychiatric disorders,240,exact_term,Same,-,-,Exact same AE term in both versions.
M0774,Suicide attempt,Psychiatric disorders,117,Suicide attempt,Psychiatric disorders,240,exact_term,Same,-,-,Exact same AE term in both versions.
M0775,Superficial soft tissue fibrosis,Musculoskeletal and connective tissue disorders,102,Superficial soft tissue fibrosis,Musculoskeletal and connective tissue disorders,199,exact_term,Changed,g2; g3,-,Exact same AE term in both versions.
M0776,Superficial thrombophlebitis,Vascular disorders,154,Superficial thrombophlebitis,Vascular disorders,310,exact_term,Same,-,-,Exact same AE term in both versions.
M0777,Superior vena cava syndrome,Vascular disorders,154,Superior vena cava syndrome,Vascular disorders,310,exact_term,Same,-,-,Exact same AE term in both versions.
M0778,Supraventricular tachycardia,Cardiac disorders,11,Supraventricular tachycardia,Cardiac disorders,19,exact_term,Same,-,-,Exact same AE term in both versions.
M0779,"Surgical and medical procedures - Other, specify",Surgical and medical procedures,151,"Surgical and medical procedures - Other, specify",Surgical and medical procedures,305,exact_term,Changed,g2; g3,-,Exact same AE term in both versions.
M0780,Syncope,Nervous system disorders,112,Syncope,Nervous system disorders,228,exact_term,Changed,note,-,Exact same AE term in both versions.
M0781,-,-,-,Systemic post-immunization reaction,"Injury, poisoning and procedural complications",155,v6_only,v6 only,-,-,-
M0782,Telangiectasia,Skin and subcutaneous tissue disorders,148,Telangiectasia,Skin and subcutaneous tissue disorders,302,exact_term,Changed,g1; g2,-,Exact same AE term in both versions.
M0783,Tendon reflex decreased,Nervous system disorders,112,Tendon reflex decreased,Nervous system disorders,228,exact_term,Changed,note,-,Exact same AE term in both versions.
M0784,Testicular disorder,Reproductive system and breast disorders,127,Testicular disorder,Reproductive system and breast disorders,261,exact_term,Changed,g2; g3; note,-,Exact same AE term in both versions.
M0785,Testicular hemorrhage,Reproductive system and breast disorders,127,Testicular hemorrhage,Reproductive system and breast disorders,261,exact_term,Changed,g3,-,Exact same AE term in both versions.
M0786,Testicular pain,Reproductive system and breast disorders,128,Testicular pain,Reproductive system and breast disorders,262,exact_term,Changed,g2; g3; note,-,Exact same AE term in both versions.
M0787,Testosterone deficiency,Endocrine disorders,17,Testosterone deficiency,Endocrine disorders,32,exact_term,Same,-,-,Exact same AE term in both versions.
M0788,-,-,-,Thrombocytopenia,Blood and lymphatic system disorders,8,v6_only,v6 only,-,Platelet count decreased,Possible related/successor lab AE in v5; confirm against protocol before treating as equivalent.
M0789,-,-,-,Thrombocytosis,Blood and lymphatic system disorders,9,v6_only,v6 only,-,-,-
M0790,Thromboembolic event,Vascular disorders,155,-,-,-,v5_only,v5 only,-,Venous thromboembolism,Related thromboembolism terminology; not auto-merged.
M0791,-,-,-,Thrombotic microangiopathy,Blood and lymphatic system disorders,9,v6_only,v6 only,-,-,-
M0792,Thrombotic thrombocytopenic purpura,Blood and lymphatic system disorders,5,Thrombotic thrombocytopenic purpura,Blood and lymphatic system disorders,9,exact_term,Changed,definition,-,Exact same AE term in both versions.
M0793,Thrush,Infections and infestations,67,-,-,-,v5_only,v5 only,-,Candidiasis,Related infection terminology; not auto-merged.
M0794,Thyroid stimulating hormone increased,Investigations,89,Thyroid stimulating hormone increased,Investigations,171,exact_term,Changed,g1; definition,-,Exact same AE term in both versions.
M0795,-,-,-,Thyroiditis,Endocrine disorders,32,v6_only,v6 only,-,-,-
M0796,Tinnitus,Ear and labyrinth disorders,14,Tinnitus,Ear and labyrinth disorders,26,exact_term,Changed,g2; g3,-,Exact same AE term in both versions.
M0797,-,-,-,Tissue injury,"Injury, poisoning and procedural complications",155,v6_only,v6 only,-,-,-
M0798,Tooth development disorder,Gastrointestinal disorders,42,Tooth development disorder,Gastrointestinal disorders,80,exact_term,Changed,g3,-,Exact same AE term in both versions.
M0799,Tooth discoloration,Gastrointestinal disorders,42,Tooth discoloration,Gastrointestinal disorders,80,exact_term,Same,-,-,Exact same AE term in both versions.
M0800,Tooth infection,Infections and infestations,67,Tooth infection,Infections and infestations,129,exact_term,Changed,note,-,Exact same AE term in both versions.
M0801,Toothache,Gastrointestinal disorders,42,Toothache,Gastrointestinal disorders,80,exact_term,Changed,g2; g3,-,Exact same AE term in both versions.
M0802,Toxic epidermal necrolysis,Skin and subcutaneous tissue disorders,148,Toxic epidermal necrolysis,Skin and subcutaneous tissue disorders,303,exact_term,Changed,g4,-,Exact same AE term in both versions.
M0803,Tracheal fistula,"Respiratory, thoracic and mediastinal disorders",140,Tracheal fistula,"Respiratory, thoracic and mediastinal disorders",288,exact_term,Same,-,-,Exact same AE term in both versions.
M0804,Tracheal hemorrhage,"Injury, poisoning and procedural complications",80,Tracheal hemorrhage,"Injury, poisoning and procedural complications",156,exact_term,Changed,g3,-,Exact same AE term in both versions.
M0805,Tracheal mucositis,"Respiratory, thoracic and mediastinal disorders",140,Tracheal mucositis,"Respiratory, thoracic and mediastinal disorders",288,exact_term,Changed,g2; g3,-,Exact same AE term in both versions.
M0806,Tracheal obstruction,"Injury, poisoning and procedural complications",80,Tracheal obstruction,"Injury, poisoning and procedural complications",156,exact_term,Changed,g2; g3,-,Exact same AE term in both versions.
M0807,Tracheal stenosis,"Respiratory, thoracic and mediastinal disorders",141,Tracheal stenosis,"Respiratory, thoracic and mediastinal disorders",289,exact_term,Changed,g2; g3,-,Exact same AE term in both versions.
M0808,Tracheitis,Infections and infestations,67,Tracheitis,Infections and infestations,129,exact_term,Same,-,-,Exact same AE term in both versions.
M0809,Tracheostomy site bleeding,"Injury, poisoning and procedural complications",80,Tracheostomy site bleeding,"Injury, poisoning and procedural complications",156,exact_term,Changed,g3,-,Exact same AE term in both versions.
M0810,Transient ischemic attacks,Nervous system disorders,113,Transient ischemic attacks,Nervous system disorders,228,exact_term,Changed,note,-,Exact same AE term in both versions.
M0811,Treatment related secondary malignancy,"Neoplasms benign, malignant and unspecified (incl cysts and polyps)",103,Treatment related secondary malignancy,"Neoplasms benign, malignant and unspecified (incl cysts and polyps)",203,exact_term,Same,-,-,Exact same AE term in both versions.
M0812,Tremor,Nervous system disorders,113,Tremor,Nervous system disorders,228,exact_term,Changed,g2; g3,-,Exact same AE term in both versions.
M0813,Tricuspid valve disease,Cardiac disorders,11,Tricuspid valve disease,Cardiac disorders,20,exact_term,Same,-,-,Exact same AE term in both versions.
M0814,Trigeminal nerve disorder,Nervous system disorders,113,Trigeminal nerve disorder,Nervous system disorders,229,exact_term,Changed,g1; g2; g3,-,Exact same AE term in both versions.
M0815,Trismus,Musculoskeletal and connective tissue disorders,102,Trismus,Musculoskeletal and connective tissue disorders,200,exact_term,Same,-,-,Exact same AE term in both versions.
M0816,Trochlear nerve disorder,Nervous system disorders,113,Trochlear nerve disorder,Nervous system disorders,229,exact_term,Changed,g1; g2; g3,-,Exact same AE term in both versions.
M0817,-,-,-,Tubulointerstitial nephritis,Renal and urinary disorders,247,v6_only,v6 only,-,-,-
M0818,Tumor hemorrhage,"Neoplasms benign, malignant and unspecified (incl cysts and polyps)",103,Tumor hemorrhage,"Neoplasms benign, malignant and unspecified (incl cysts and polyps)",203,exact_term,Changed,g3,-,Exact same AE term in both versions.
M0819,-,-,-,Tumor inflammation-associated neurotoxicity,Nervous system disorders,230,v6_only,v6 only,-,-,-
M0820,Tumor lysis syndrome,Metabolism and nutrition disorders,94,Tumor lysis syndrome,Metabolism and nutrition disorders,182,exact_term,Changed,g1; g2; g3; g4; definition,-,Exact same AE term in both versions.
M0821,Tumor pain,"Neoplasms benign, malignant and unspecified (incl cysts and polyps)",103,Tumor pain,"Neoplasms benign, malignant and unspecified (incl cysts and polyps)",204,exact_term,Changed,g2; g3; note,-,Exact same AE term in both versions.
M0822,Typhlitis,Gastrointestinal disorders,43,Typhlitis,Gastrointestinal disorders,81,exact_term,Changed,definition; note,-,Exact same AE term in both versions.
M0823,Unequal limb length,Musculoskeletal and connective tissue disorders,102,Unequal limb length,Musculoskeletal and connective tissue disorders,200,exact_term,Changed,g2; g3,-,Exact same AE term in both versions.
M0824,Upper gastrointestinal hemorrhage,Gastrointestinal disorders,43,Upper gastrointestinal hemorrhage,Gastrointestinal disorders,81,exact_term,Changed,g3,-,Exact same AE term in both versions.
M0825,Upper respiratory infection,Infections and infestations,68,Upper respiratory infection,Infections and infestations,130,exact_term,Same,-,-,Exact same AE term in both versions.
M0826,Ureteric anastomotic leak,"Injury, poisoning and procedural complications",81,Ureteric anastomotic leak,"Injury, poisoning and procedural complications",157,exact_term,Same,-,-,Exact same AE term in both versions.
M0827,Urethral anastomotic leak,"Injury, poisoning and procedural complications",81,Urethral anastomotic leak,"Injury, poisoning and procedural complications",157,exact_term,Same,-,-,Exact same AE term in both versions.
M0828,Urethral infection,Infections and infestations,68,Urethral infection,Infections and infestations,130,exact_term,Same,-,-,Exact same AE term in both versions.
M0829,Urinary fistula,Renal and urinary disorders,121,Urinary fistula,Renal and urinary disorders,248,exact_term,Same,-,-,Exact same AE term in both versions.
M0830,Urinary frequency,Renal and urinary disorders,121,Urinary frequency,Renal and urinary disorders,248,exact_term,Changed,g2,-,Exact same AE term in both versions.
M0831,Urinary incontinence,Renal and urinary disorders,121,Urinary incontinence,Renal and urinary disorders,248,exact_term,Changed,g2; g3,-,Exact same AE term in both versions.
M0832,-,-,-,Urinary protein increased,Investigations,171,v6_only,v6 only,-,Proteinuria,Possible terminology update; not auto-merged.
M0833,Urinary retention,Renal and urinary disorders,122,Urinary retention,Renal and urinary disorders,249,exact_term,Same,-,-,Exact same AE term in both versions.
M0834,Urinary tract infection,Infections and infestations,68,Urinary tract infection,Infections and infestations,130,exact_term,Same,-,-,Exact same AE term in both versions.
M0835,Urinary tract obstruction,Renal and urinary disorders,122,Urinary tract obstruction,Renal and urinary disorders,249,exact_term,Same,-,-,Exact same AE term in both versions.
M0836,Urinary tract pain,Renal and urinary disorders,122,Urinary tract pain,Renal and urinary disorders,249,exact_term,Changed,g2; g3; note,-,Exact same AE term in both versions.
M0837,Urinary urgency,Renal and urinary disorders,122,Urinary urgency,Renal and urinary disorders,250,exact_term,Changed,g2,-,Exact same AE term in both versions.
M0838,Urine discoloration,Renal and urinary disorders,122,Urine discoloration,Renal and urinary disorders,250,exact_term,Same,-,-,Exact same AE term in both versions.
M0839,Urine output decreased,Investigations,89,Urine output decreased,Investigations,172,exact_term,Changed,g3,-,Exact same AE term in both versions.
M0840,Urostomy leak,"Injury, poisoning and procedural complications",81,Urostomy leak,"Injury, poisoning and procedural complications",157,exact_term,Same,-,-,Exact same AE term in both versions.
M0841,Urostomy obstruction,"Injury, poisoning and procedural complications",81,Urostomy obstruction,"Injury, poisoning and procedural complications",158,exact_term,Same,-,-,Exact same AE term in both versions.
M0842,Urostomy site bleeding,"Injury, poisoning and procedural complications",81,Urostomy site bleeding,"Injury, poisoning and procedural complications",158,exact_term,Changed,g3,-,Exact same AE term in both versions.
M0843,Urostomy stenosis,"Injury, poisoning and procedural complications",81,Urostomy stenosis,"Injury, poisoning and procedural complications",158,exact_term,Same,-,-,Exact same AE term in both versions.
M0844,Urticaria,Skin and subcutaneous tissue disorders,148,Urticaria,Skin and subcutaneous tissue disorders,303,exact_term,Changed,g1; g2; g3; note,-,Exact same AE term in both versions.
M0845,Uterine anastomotic leak,"Injury, poisoning and procedural complications",82,Uterine anastomotic leak,"Injury, poisoning and procedural complications",159,exact_term,Same,-,-,Exact same AE term in both versions.
M0846,Uterine fistula,Reproductive system and breast disorders,128,Uterine fistula,Reproductive system and breast disorders,262,exact_term,Same,-,-,Exact same AE term in both versions.
M0847,Uterine hemorrhage,Reproductive system and breast disorders,128,Uterine hemorrhage,Reproductive system and breast disorders,262,exact_term,Changed,g3,-,Exact same AE term in both versions.
M0848,Uterine infection,Infections and infestations,68,Uterine infection,Infections and infestations,131,exact_term,Same,-,-,Exact same AE term in both versions.
M0849,Uterine obstruction,Reproductive system and breast disorders,128,Uterine obstruction,Reproductive system and breast disorders,262,exact_term,Same,-,-,Exact same AE term in both versions.
M0850,Uterine pain,Reproductive system and breast disorders,128,Uterine pain,Reproductive system and breast disorders,263,exact_term,Changed,g2; g3; note,-,Exact same AE term in both versions.
M0851,Uterine perforation,"Injury, poisoning and procedural complications",82,Uterine perforation,"Injury, poisoning and procedural complications",159,exact_term,Same,-,-,Exact same AE term in both versions.
M0852,Uveitis,Eye disorders,22,Uveitis,Eye disorders,42,exact_term,Same,-,-,Exact same AE term in both versions.
M0853,Vaccination complication,"Injury, poisoning and procedural complications",82,-,-,-,v5_only,v5 only,-,-,-
M0854,Vaccination site lymphadenopathy,General disorders and administration site conditions,47,Vaccination site lymphadenopathy,General disorders and administration site conditions,91,exact_term,Same,-,-,Exact same AE term in both versions.
M0855,Vaginal anastomotic leak,"Injury, poisoning and procedural complications",82,Vaginal anastomotic leak,"Injury, poisoning and procedural complications",159,exact_term,Same,-,-,Exact same AE term in both versions.
M0856,Vaginal discharge,Reproductive system and breast disorders,128,Vaginal discharge,Reproductive system and breast disorders,263,exact_term,Same,-,-,Exact same AE term in both versions.
M0857,Vaginal dryness,Reproductive system and breast disorders,128,Vaginal dryness,Reproductive system and breast disorders,263,exact_term,Same,-,-,Exact same AE term in both versions.
M0858,Vaginal fistula,Reproductive system and breast disorders,129,Vaginal fistula,Reproductive system and breast disorders,264,exact_term,Same,-,-,Exact same AE term in both versions.
M0859,Vaginal hemorrhage,Reproductive system and breast disorders,129,Vaginal hemorrhage,Reproductive system and breast disorders,264,exact_term,Changed,g3,-,Exact same AE term in both versions.
M0860,Vaginal infection,Infections and infestations,68,Vaginal infection,Infections and infestations,131,exact_term,Same,-,-,Exact same AE term in both versions.
M0861,Vaginal inflammation,Reproductive system and breast disorders,129,Vaginal inflammation,Reproductive system and breast disorders,264,exact_term,Changed,g2; g3,-,Exact same AE term in both versions.
M0862,Vaginal obstruction,Reproductive system and breast disorders,129,Vaginal obstruction,Reproductive system and breast disorders,265,exact_term,Same,-,-,Exact same AE term in both versions.
M0863,Vaginal pain,Reproductive system and breast disorders,129,Vaginal pain,Reproductive system and breast disorders,265,exact_term,Changed,g2; g3; note,-,Exact same AE term in both versions.
M0864,Vaginal perforation,Reproductive system and breast disorders,129,Vaginal perforation,Reproductive system and breast disorders,265,exact_term,Same,-,-,Exact same AE term in both versions.
M0865,Vaginal stricture,Reproductive system and breast disorders,129,Vaginal stricture,Reproductive system and breast disorders,266,exact_term,Same,-,-,Exact same AE term in both versions.
M0866,Vagus nerve disorder,Nervous system disorders,113,Vagus nerve disorder,Nervous system disorders,230,exact_term,Changed,g1; g2; g3; note,-,Exact same AE term in both versions.
M0867,Vas deferens anastomotic leak,"Injury, poisoning and procedural complications",82,Vas deferens anastomotic leak,"Injury, poisoning and procedural complications",160,exact_term,Same,-,-,Exact same AE term in both versions.
M0868,Vascular access complication,"Injury, poisoning and procedural complications",82,Vascular access complication,"Injury, poisoning and procedural complications",160,exact_term,Changed,g3,-,Exact same AE term in both versions.
M0869,"Vascular disorders - Other, specify",Vascular disorders,155,"Vascular disorders - Other, specify",Vascular disorders,311,exact_term,Changed,g2; g3,-,Exact same AE term in both versions.
M0870,Vasculitis,Vascular disorders,155,Vasculitis,Vascular disorders,311,exact_term,Same,-,-,Exact same AE term in both versions.
M0871,Vasovagal reaction,Nervous system disorders,113,Vasovagal reaction,Nervous system disorders,231,exact_term,Changed,g2; g3,-,Exact same AE term in both versions.
M0872,Venous injury,"Injury, poisoning and procedural complications",83,Venous injury,"Injury, poisoning and procedural complications",160,exact_term,Changed,g3,-,Exact same AE term in both versions.
M0873,-,-,-,Venous thromboembolism,Vascular disorders,312,v6_only,v6 only,-,Thromboembolic event,Related thromboembolism terminology; not auto-merged.
M0874,Ventricular arrhythmia,Cardiac disorders,11,Ventricular arrhythmia,Cardiac disorders,20,exact_term,Same,-,-,Exact same AE term in both versions.
M0875,Ventricular fibrillation,Cardiac disorders,11,Ventricular fibrillation,Cardiac disorders,20,exact_term,Same,-,-,Exact same AE term in both versions.
M0876,Ventricular tachycardia,Cardiac disorders,11,Ventricular tachycardia,Cardiac disorders,21,exact_term,Same,-,-,Exact same AE term in both versions.
M0877,Vertigo,Ear and labyrinth disorders,14,Vertigo,Ear and labyrinth disorders,26,exact_term,Changed,g2; g3,-,Exact same AE term in both versions.
M0878,Vestibular disorder,Ear and labyrinth disorders,14,Vestibular disorder,Ear and labyrinth disorders,26,exact_term,Changed,g2; g3,-,Exact same AE term in both versions.
M0879,Viremia,Infections and infestations,68,Viremia,Infections and infestations,131,exact_term,Same,-,-,Exact same AE term in both versions.
M0880,Virilization,Endocrine disorders,17,Virilization,Endocrine disorders,32,exact_term,Same,-,-,Exact same AE term in both versions.
M0881,Visceral arterial ischemia,Gastrointestinal disorders,43,Visceral arterial ischemia,Gastrointestinal disorders,81,exact_term,Same,-,-,Exact same AE term in both versions.
M0882,Vision decreased,Eye disorders,22,Vision decreased,Eye disorders,42,exact_term,Changed,note,-,Exact same AE term in both versions.
M0883,Vital capacity abnormal,Investigations,89,Vital capacity abnormal,Investigations,172,exact_term,Changed,g2; g3; definition; note,-,Exact same AE term in both versions.
M0884,-,-,-,Vitamin D decreased,Investigations,172,v6_only,v6 only,-,-,-
M0885,Vitreous hemorrhage,Eye disorders,22,Vitreous hemorrhage,Eye disorders,43,exact_term,Changed,g2; g3,-,Exact same AE term in both versions.
M0886,Voice alteration,"Respiratory, thoracic and mediastinal disorders",141,Voice alteration,"Respiratory, thoracic and mediastinal disorders",289,exact_term,Same,-,-,Exact same AE term in both versions.
M0887,Vomiting,Gastrointestinal disorders,43,Vomiting,Gastrointestinal disorders,82,exact_term,Changed,g2; g3; note,-,Exact same AE term in both versions.
M0888,Vulval infection,Infections and infestations,69,Vulval infection,Infections and infestations,132,exact_term,Same,-,-,Exact same AE term in both versions.
M0889,Watering eyes,Eye disorders,23,Watering eyes,Eye disorders,43,exact_term,Same,-,-,Exact same AE term in both versions.
M0890,Weight gain,Investigations,89,Weight gain,Investigations,172,exact_term,Changed,definition; note,-,Exact same AE term in both versions.
M0891,Weight loss,Investigations,89,Weight loss,Investigations,173,exact_term,Changed,g1,-,Exact same AE term in both versions.
M0892,Wheezing,"Respiratory, thoracic and mediastinal disorders",141,-,-,-,v5_only,v5 only,-,-,-
M0893,White blood cell decreased,Investigations,90,White blood cell decreased,Investigations,173,exact_term,Changed,g1; g2; g3; g4; definition,-,Exact same AE term in both versions.
M0894,Wound complication,"Injury, poisoning and procedural complications",83,Wound complication,"Injury, poisoning and procedural complications",161,exact_term,Changed,note,-,Exact same AE term in both versions.
M0895,Wound dehiscence,"Injury, poisoning and procedural complications",83,Wound dehiscence,"Injury, poisoning and procedural complications",161,exact_term,Changed,note,-,Exact same AE term in both versions.
M0896,Wound infection,Infections and infestations,69,Wound infection,Infections and infestations,132,exact_term,Same,-,-,Exact same AE term in both versions.
M0897,Wrist fracture,"Injury, poisoning and procedural complications",83,-,-,-,v5_only,v5 only,-,-,-
