term,soc,version,aliases,g1,g2,g3,g4,g5,definition,note,page
Anemia,Blood and lymphatic system disorders,CTCAE v6.0,,Hemoglobin (Hgb) <LLN - 10.0 g/dL; <LLN - 6.2 mmol/L; <LLN - 100 g/L,Hgb <10.0 - 8.0 g/dL; <6.2 - 4.9 mmol/L; <100 - 80 g/L,Hgb <8.0 g/dL; <4.9 mmol/L; <80 g/L; transfusion indicated,Life-threatening consequences; urgent intervention indicated,Death,"A disorder characterized by a reduction in the amount of hemoglobin in 100 ml of blood. Signs and symptoms of anemia may include pallor of the skin and mucous membranes, shortness of breath, palpitations of the heart, soft systolic murmurs, lethargy, and fatigability.",-,4
Aplastic anemia,Blood and lymphatic system disorders,CTCAE v6.0,,-,Use of growth factor indicated; transfusion indicated,Severe or medically significant but not immediately life-threatening; hospitalization or prolongation of existing hospitalization indicated,Life-threatening consequences; urgent intervention indicated,Death,A disorder characterized by the inability of the bone marrow to make enough new blood cells.,Do not report individual cell count decreases in addition to this term.,4
"Blood and lymphatic system disorders - Other, specify",Blood and lymphatic system disorders,CTCAE v6.0,,Asymptomatic or mild symptoms; clinical or diagnostic observations only; intervention not indicated,"Moderate; minimal, local or noninvasive intervention indicated; limiting instrumental ADL or mild/moderate impact on age-appropriate normal daily activity (pediatric)",Severe or medically significant but not immediately life-threatening; hospitalization or prolongation of existing hospitalization indicated; limiting self-care ADL or severe impact on age-appropriate normal daily activity (pediatric),Life-threatening consequences; urgent intervention indicated,Death,-,-,5
Bone marrow hypocellular,Blood and lymphatic system disorders,CTCAE v6.0,,Mildly hypocellular or ≤25% reduction from normal cellularity for age,Moderately hypocellular or >25 - <50% reduction from normal cellularity for age,Severely hypocellular or >50 - ≤75% reduction cellularity from normal for age,Aplastic persistent for longer than 2 weeks,Death,A disorder characterized by the inability of the bone marrow to produce hematopoietic elements.,"Consider Blood and lymphatic system disorders: Anemia, Thrombocytopenia, and/or Investigations: Neutrophil count decreased if bone marrow hypocellularity is not seen.",5
Disseminated intravascular coagulation,Blood and lymphatic system disorders,CTCAE v6.0,,-,Laboratory findings with no bleeding,Laboratory findings and bleeding,Life-threatening consequences; urgent intervention indicated,Death,A disorder characterized by systemic pathological activation of blood clotting mechanisms which results in clot formation throughout the body. There is an increase in the risk of hemorrhage as the body is depleted of platelets and coagulation factors.,-,5
Eosinophilia,Blood and lymphatic system disorders,CTCAE v6.0,,>ULN and >Baseline,-,Steroids initiated,-,-,A disorder characterized by laboratory test results that indicate an increased number of eosinophils in the blood.,-,6
Febrile neutropenia,Blood and lymphatic system disorders,CTCAE v6.0,,-,-,ANC <1000/mm3 with a single temperature of >38.3 degrees C (101 degrees F) or a sustained temperature of ≥38 degrees C (100.4 degrees F) for more than one hour,Life-threatening consequences; urgent intervention indicated,Death,A disorder characterized by an ANC <1000/mm3 and a single temperature of >38.3 degrees C (101 degrees F) or a sustained temperature of ≥38 degrees C (100.4 degrees F) for more than one hour.,-,6
Hemolysis,Blood and lymphatic system disorders,CTCAE v6.0,,"Laboratory evidence of hemolysis only (e.g., direct antiglobulin test; DAT; Coombs'; schistocytes; decreased haptoglobin)",Evidence of hemolysis and ≥2 g decrease in hemoglobin,"Transfusion or medical intervention indicated (e.g., steroids)",Life-threatening consequences; urgent intervention indicated,Death,A disorder characterized by laboratory test results that indicate widespread erythrocyte cell membrane destruction.,-,6
Hemolytic anemia,Blood and lymphatic system disorders,CTCAE v6.0,,<10% drop in Hgb from last assessment; intervention not indicated,≤2 units of PRBCs transfused per day,>2 units of PRBCs per day indicated,Life-threatening consequences; urgent intervention indicated,Death,Anemia resulting from hemolysis.,-,7
Hemolytic uremic syndrome,Blood and lymphatic system disorders,CTCAE v6.0,,-,-,"Laboratory findings with clinical consequences (e.g., renal insufficiency, petechiae)","Life-threatening consequences, (e.g., CNS hemorrhage or thrombosis/embolism or renal failure)",Death,"A disorder characterized by a form of thrombotic microangiopathy with renal failure, hemolytic anemia, and severe thrombocytopenia when the etiology is due to infections with shiga-toxin producing bacteria, such as E coli O157:H7.",-,7
Leukocytosis,Blood and lymphatic system disorders,CTCAE v6.0,,-,-,">100,000/mm3",Clinical manifestations of leucostasis; urgent intervention indicated,Death,A disorder characterized by laboratory test results that indicate an increased number of white blood cells in the blood.,"Do not use for increases due to growth factors, steroids, or leukemias.",7
Lymph node pain,Blood and lymphatic system disorders,CTCAE v6.0,,Mild pain,Moderate pain; limiting instrumental ADL or mild/moderate impact on age-appropriate normal daily activity (pediatric),Severe pain; limiting self-care ADL or severe impact on age-appropriate normal daily activity (pediatric),-,-,A disorder characterized by a sensation of marked discomfort in a lymph node.,Record final diagnosis/cause once determined.,8
Lymphopenia,Blood and lymphatic system disorders,CTCAE v6.0,,Present,-,-,-,-,A finding based on laboratory test results that indicate a decrease in number of lymphocytes in a blood specimen.,-,8
Methemoglobinemia,Blood and lymphatic system disorders,CTCAE v6.0,,-,>ULN,Requiring urgent intervention Life-threatening,consequences,Death,A disorder characterized by laboratory test results that indicate increased methemoglobin in the blood.,-,8
Thrombocytopenia,Blood and lymphatic system disorders,CTCAE v6.0,,"<LLN - 75,000/mm3; <LLN - 75.0 × 10^9/L","<75,000 - 50,000/mm3; <75.0 - 50.0 × 10^9/L","<50,000 - 10,000/mm3; <50.0 - 10.0 × 10^9/L; transfusion indicated","<10,000/mm3; <10.0 × 10^9/L; life-threatening consequences; urgent intervention indicated",Death,A disorder characterized by a decrease in number of platelets in a blood specimen.,-,8
Thrombocytosis,Blood and lymphatic system disorders,CTCAE v6.0,,Present,-,-,-,-,A finding based on laboratory test results that indicate an increase in number of platelets in a blood specimen.,-,9
Thrombotic microangiopathy,Blood and lymphatic system disorders,CTCAE v6.0,,-,"Outpatient intervention indicated (e.g., modification of immunosuppression)",Transfusion or IV intervention indicated,Life-threatening consequences,Death,"A disorder characterized by a form of thrombotic microangiopathy with laboratory findings that indicate hemolytic anemia, severe thrombocytopenia, and renal insufficiency/failure.",-,9
Thrombotic thrombocytopenic purpura,Blood and lymphatic system disorders,CTCAE v6.0,,-,-,"Laboratory findings with clinical consequences (e.g., renal insufficiency, petechiae)","Life-threatening consequences, (e.g., CNS hemorrhage or thrombosis/embolism or renal failure)",Death,"A disorder characterized by a deficiency of ADAMTS13 and the presence of microangiopathic hemolytic anemia, thrombocytopenic purpura, fever, renal abnormalities and neurological abnormalities such as seizures, hemiplegia, and visual disturbances. It is an acute or subacute condition.",-,9
Aortic valve disease,Cardiac disorders,CTCAE v6.0,,Asymptomatic valvular thickening with or without mild valvular regurgitation or stenosis by imaging,Asymptomatic; moderate regurgitation or stenosis by imaging,Symptomatic; severe regurgitation or stenosis by imaging; symptoms controlled with medical intervention,"Life-threatening consequences; urgent intervention indicated (e.g., valve replacement, valvuloplasty)",Death,A disorder characterized by a defect in aortic valve function or structure.,-,10
Asystole,Cardiac disorders,CTCAE v6.0,,-,-,"Intervention indicated; device (e.g., pacemaker)",Life-threatening consequences; urgent intervention indicated,Death,"A disorder characterized by a dysrhythmia without cardiac electrical activity. Typically, this is accompanied by cessation of the pumping function of the heart.",-,10
Atrial fibrillation,Cardiac disorders,CTCAE v6.0,,"Asymptomatic, intervention not indicated",Non-urgent medical intervention indicated; electrical cardioversion,"Symptomatic, urgent intervention indicated; device (e.g., pacemaker); ablation; new onset",Life-threatening consequences,Death,A disorder characterized by a dysrhythmia without discernible P waves and an irregular ventricular response due to multiple reentry circuits. The rhythm disturbance originates above the ventricles.,-,10
Atrial flutter,Cardiac disorders,CTCAE v6.0,,"Asymptomatic, intervention not indicated",Non-urgent medical intervention indicated,"Symptomatic, urgent intervention indicated; device (e.g., pacemaker); ablation",Life-threatening consequences,Death,A disorder characterized by a dysrhythmia with organized rhythmic atrial contractions with a rate of 200-300 beats per minute. The rhythm disturbance originates in the atria.,-,11
Atrioventricular block complete,Cardiac disorders,CTCAE v6.0,,-,Non-urgent intervention indicated,"Symptomatic and incompletely controlled medically, or controlled with device (e.g., pacemaker); new onset",Life-threatening consequences; urgent intervention indicated,Death,A disorder characterized by a dysrhythmia with complete failure of atrial electrical impulse conduction through the AV node to the ventricles.,-,11
Atrioventricular block first degree,Cardiac disorders,CTCAE v6.0,,"Asymptomatic, intervention not indicated",Non-urgent intervention indicated,-,-,-,A disorder characterized by a dysrhythmia with a delay in the time required for the conduction of an electrical impulse through the atrioventricular (AV) node beyond 0.2 seconds; prolongation of the PR interval greater than 200 milliseconds.,-,11
Cardiac arrest,Cardiac disorders,CTCAE v6.0,,-,-,-,Life-threatening consequences; urgent intervention indicated,Death,A disorder characterized by cessation of the pumping function of the heart.,-,12
"Cardiac disorders - Other, specify",Cardiac disorders,CTCAE v6.0,,Asymptomatic or mild symptoms; clinical or diagnostic observations only; intervention not indicated,"Moderate; minimal, local or noninvasive intervention indicated; limiting instrumental ADL or mild/moderate impact on age-appropriate normal daily activity (pediatric)",Severe or medically significant but not immediately life-threatening; hospitalization or prolongation of existing hospitalization indicated; limiting self-care ADL or severe impact on age-appropriate normal daily activity (pediatric),Life-threatening consequences; urgent intervention indicated,Death,-,-,12
Chest pain - cardiac,Cardiac disorders,CTCAE v6.0,,Mild pain,Moderate pain; pain on exertion; hemodynamically stable; limiting instrumental ADL or mild/moderate impact on age-appropriate normal daily activity (pediatric),Pain at rest; cardiac catheterization; new onset cardiac chest pain; unstable angina; limiting self-care ADL or severe impact on age-appropriate normal daily activity (pediatric),-,-,"A disorder characterized by substernal discomfort due to insufficient myocardial oxygenation e.g., angina pectoris.",Consider Cardiac disorders: Myocardial infarction. Record final diagnosis/cause once determined.,13
Heart failure,Cardiac disorders,CTCAE v6.0,,Mild symptoms; no initiation or intensification of treatment,Outpatient initiation or intensification of treatment,Hospitalization indicated,"Requiring inotropic support, mechanical circulatory support, or consideration of cardiac transplantation",Death,"A disorder characterized by the inability of the heart to pump blood at an adequate volume to meet tissue metabolic requirements, or, the ability to do so only at an elevation in the filling pressure.","If asymptomatic, consider Cardiac disorders: Left ventricular dysfunction.",13
Left ventricular dysfunction,Cardiac disorders,CTCAE v6.0,,Left ventricular ejection fraction (LVEF) ≥50% AND one or more of the following: 1) New relative decline in Global Longitudinal Strain (GLS) >15% from baseline 2) New rise in cardiac biomarkers,LVEF 40 - 49% AND one or more of the following: 1) LVEF reduction by ≥10% 2) New relative decline in GLS >15% from baseline 3) New rise in cardiac biomarkers,New LVEF reduction to <40%,-,-,A disorder characterized by an ASYMPTOMATIC abnormality of cardiac function.,"If symptomatic, consider Cardiac disorders: Heart failure.",14
Mitral valve disease,Cardiac disorders,CTCAE v6.0,,Asymptomatic valvular thickening with or without mild valvular regurgitation or stenosis by imaging,Asymptomatic; moderate regurgitation or stenosis by imaging,Symptomatic; severe regurgitation or stenosis by imaging; symptoms controlled with medical intervention,"Life-threatening consequences; urgent intervention indicated (e.g., valve replacement, valvuloplasty)",Death,A disorder characterized by a defect in mitral valve function or structure.,-,14
Mobitz (type) II atrioventricular block,Cardiac disorders,CTCAE v6.0,,"Asymptomatic, intervention not indicated",Symptomatic; medical intervention indicated,"Symptomatic and incompletely controlled medically, or require a device (e.g., pacemaker)",Life-threatening consequences; urgent intervention indicated,Death,A disorder characterized by a dysrhythmia with relatively constant PR interval prior to the block of an atrial impulse. This is the result of intermittent failure of atrial electrical impulse conduction through the atrioventricular (AV) node to the ventricles.,-,14
Mobitz type I,Cardiac disorders,CTCAE v6.0,,"Asymptomatic, intervention not indicated",Symptomatic; medical intervention indicated,"Symptomatic and incompletely controlled medically, or controlled with device (e.g., pacemaker)",Life-threatening consequences; urgent intervention indicated,Death,A disorder characterized by a dysrhythmia with a progressively lengthening PR interval prior to the blocking of an atrial impulse. This is the result of intermittent failure of atrial electrical impulse conduction through the atrioventricular (AV) node to the ventricles.,-,15
Myocardial infarction,Cardiac disorders,CTCAE v6.0,,-,Asymptomatic; imaging or ECG features consistent with myocardial infarction which may be of uncertain age,Hemodynamically stable AND detection of a rise and/or fall of Cardiac troponin values with at least 1 value above the 99th percentile URL AND at least 1 of the following: 1) Symptoms of myocardial ischemia; 2) New ischemic ECG changes; 3) Development of pathological Q waves; 4) Imaging evidence of new loss of viable myocardium or new regional wall motion abnormality in a pattern consistent with an ischemic etiology; 5) Identification of a coronary thrombus by angiography,Life-threatening consequences; hemodynamically UNstable AND detection of a rise and/or fall of Cardiac troponin values with at least 1 value above the 99th percentile URL AND at least 1 of the following: 1) Symptoms of myocardial ischemia; 2) New ischemic ECG changes; 3) Development of pathological Q waves; 4) Imaging evidence of new loss of viable myocardium or new regional wall motion abnormality in a pattern consistent with an ischemic etiology; 5) Identification of a coronary thrombus by angiography,Death,A disorder characterized by gross necrosis of the myocardium; this is due to an interruption of blood supply to the area.,-,16
Myocarditis,Cardiac disorders,CTCAE v6.0,,Asymptomatic with Lab or ECG findings only,Symptoms with moderate activity or exertion,Severe with symptoms at rest or with minimal activity or exertion; intervention indicated; new onset of symptoms,"Life-threatening consequences; urgent intervention indicated (e.g., continuous IV therapy or mechanical hemodynamic support); hemodynamically unstable requiring non-invasive or invasive ventilation; complete or high grade AV block; significant ventricular arrhythmia",Death,A disorder characterized by inflammation of the muscle tissue of the heart.,-,17
Palpitations,Cardiac disorders,CTCAE v6.0,,Mild symptoms; intervention not indicated,Intervention indicated,-,-,-,A disorder characterized by an unpleasant sensation of irregular and/or forceful beating of the heart.,Record final diagnosis/cause once determined.,17
Paroxysmal atrial tachycardia,Cardiac disorders,CTCAE v6.0,,"Asymptomatic, intervention not indicated",Non-urgent medical intervention indicated,"Symptomatic, urgent intervention indicated; ablation",Life-threatening consequences; incompletely controlled medically; cardioversion indicated,Death,A disorder characterized by a dysrhythmia with abrupt onset and sudden termination of atrial contractions with a rate of 150- 250 beats per minute. The rhythm disturbance originates in the atria.,-,17
Pericardial effusion,Cardiac disorders,CTCAE v6.0,,-,Asymptomatic effusion size small to moderate,Effusion with physiologic consequences,Life-threatening consequences; hospitalization,Death,"A disorder characterized by fluid collection within the pericardial sac, usually due to inflammation.","Consider Cardiac disorders: Pericardial tamponade, Pericarditis.",18
Pericardial tamponade,Cardiac disorders,CTCAE v6.0,,-,-,-,Life-threatening consequences; urgent intervention indicated,Death,A disorder characterized by an increase in intrapericardial pressure due to the collection of blood or fluid in the pericardium.,Consider Cardiac disorders: Pericarditis.,18
Pericarditis,Cardiac disorders,CTCAE v6.0,,"Asymptomatic, ECG or physical findings (e.g., rub) consistent with pericarditis","Symptomatic pericarditis (e.g., chest pain)","Pericarditis with physiologic consequences (e.g., pericardial constriction)",Life-threatening consequences; urgent intervention indicated,Death,A disorder characterized by irritation to the layers of the pericardium (the protective sac around the heart).,-,18
Pulmonary valve disease,Cardiac disorders,CTCAE v6.0,,Asymptomatic valvular thickening with or without mild valvular regurgitation or stenosis by imaging,Asymptomatic; moderate regurgitation or stenosis by imaging,Symptomatic; severe regurgitation or stenosis by imaging; symptoms controlled with medical intervention,"Life-threatening consequences; urgent intervention indicated (e.g., valve replacement, valvuloplasty)",Death,A disorder characterized by a defect in pulmonary valve function or structure.,-,18
Sick sinus syndrome,Cardiac disorders,CTCAE v6.0,,"Asymptomatic, intervention not indicated","Symptomatic, intervention not indicated; change in medication initiated","Symptomatic, intervention indicated",Life-threatening consequences; urgent intervention indicated,Death,"A disorder characterized by a dysrhythmia with alternating periods of bradycardia and atrial tachycardia accompanied by syncope, fatigue and dizziness.",-,19
Sinus bradycardia,Cardiac disorders,CTCAE v6.0,,"Asymptomatic, intervention not indicated","Symptomatic, intervention not indicated; change in medication initiated","Symptomatic, intervention indicated",Life-threatening consequences; urgent intervention indicated,Death,A disorder characterized by a dysrhythmia with a heart rate less than 60 beats per minute that originates in the sinus node.,-,19
Sinus tachycardia,Cardiac disorders,CTCAE v6.0,,"Asymptomatic, intervention not indicated",Symptomatic; non-urgent medical intervention indicated,Urgent medical intervention indicated,-,-,A disorder characterized by a dysrhythmia with a heart rate greater than 100 beats per minute that originates in the sinus node.,Record final diagnosis/cause once determined.,19
Supraventricular tachycardia,Cardiac disorders,CTCAE v6.0,,"Asymptomatic, intervention not indicated",Non-urgent medical intervention indicated,"Symptomatic, urgent intervention indicated",Life-threatening consequences,Death,A disorder characterized by a dysrhythmia with a heart rate greater than 100 beats per minute that originates above the ventricles.,-,19
Tricuspid valve disease,Cardiac disorders,CTCAE v6.0,,Asymptomatic valvular thickening with or without mild valvular regurgitation or stenosis,Asymptomatic; moderate regurgitation or stenosis by imaging,Symptomatic; severe regurgitation or stenosis; symptoms controlled with medical intervention,"Life-threatening consequences; urgent intervention indicated (e.g., valve replacement, valvuloplasty)",Death,A disorder characterized by a defect in tricuspid valve function or structure.,-,20
Ventricular arrhythmia,Cardiac disorders,CTCAE v6.0,,"Asymptomatic, intervention not indicated",Non-urgent medical intervention indicated,Urgent intervention indicated,Life-threatening consequences; hemodynamic compromise,Death,A disorder characterized by a dysrhythmia that originates in the ventricles.,-,20
Ventricular fibrillation,Cardiac disorders,CTCAE v6.0,,-,-,-,Life-threatening consequences; hemodynamic compromise,Death,A disorder characterized by a dysrhythmia without discernible QRS complexes due to rapid repetitive excitation of myocardial fibers without coordinated contraction of the ventricles.,-,20
Ventricular tachycardia,Cardiac disorders,CTCAE v6.0,,-,Non-urgent medical intervention indicated,"Symptomatic, urgent intervention indicated",Life-threatening consequences; hemodynamic compromise,Death,A disorder characterized by a dysrhythmia with a heart rate greater than 100 beats per minute that originates distal to the bundle of His.,-,21
"Congenital, familial and genetic disorders - Other, specify","Congenital, familial and genetic disorders",CTCAE v6.0,,Asymptomatic or mild symptoms; clinical or diagnostic observations only; intervention not indicated,"Moderate; minimal, local or noninvasive intervention indicated; limiting instrumental ADL or mild/moderate impact on age-appropriate normal daily activity (pediatric)",Severe or medically significant but not immediately life-threatening; hospitalization or prolongation of existing hospitalization indicated; limiting self-care ADL or severe impact on age-appropriate normal daily activity (pediatric),Life-threatening consequences; urgent intervention indicated,Death,-,-,22
"Ear and labyrinth disorders - Other, specify",Ear and labyrinth disorders,CTCAE v6.0,,Asymptomatic or mild symptoms; clinical or diagnostic observations only; intervention not indicated,"Moderate; minimal, local or noninvasive intervention indicated; limiting instrumental ADL or mild/moderate impact on age-appropriate normal daily activity (pediatric)",Severe or medically significant but not immediately life-threatening; hospitalization or prolongation of existing hospitalization indicated; limiting self-care ADL or severe impact on age-appropriate normal daily activity (pediatric),Life-threatening consequences; urgent intervention indicated,Death,-,-,23
Ear pain,Ear and labyrinth disorders,CTCAE v6.0,,Mild pain,Moderate pain; limiting instrumental ADL or mild/moderate impact on age-appropriate normal daily activity (pediatric),Severe pain; limiting self-care ADL or severe impact on age-appropriate normal daily activity (pediatric),-,-,A disorder characterized by a sensation of marked discomfort in the ear.,Record final diagnosis/cause once determined.,23
External ear pain,Ear and labyrinth disorders,CTCAE v6.0,,Mild pain,Moderate pain; limiting instrumental ADL or mild/moderate impact on age-appropriate normal daily activity (pediatric),Severe pain; limiting self-care ADL or severe impact on age-appropriate normal daily activity (pediatric),-,-,A disorder characterized by a sensation of marked discomfort in the external ear region.,Record final diagnosis/cause once determined.,24
Hearing impaired,Ear and labyrinth disorders,CTCAE v6.0,,"Adult: Subjective change in hearing in the absence of documented hearing loss; threshold shift of 15 - 25 dB averaged at 2 contiguous test frequencies in at least one ear (on a 1, 2, 4, 3, 6, and 8 kHz audiogram); Pediatric (on a 1, 2, 3, 4, 6, and 8 kHz audiogram): Threshold shift >20 dB hearing loss (HL) (i.e., 25 dB HL or greater); sensorineural hearing loss (SNHL) above 4 kHz (i.e., 6 or 8 kHz) in at least one ear","Adult: Hearing loss not requiring hearing aid; intervention not indicated; limiting instrumental ADL; threshold shift of >25 dB averaged at 2 contiguous test frequencies in at least one ear (on a 1, 2, 3, 4, 6, and 8 kHz audiogram); Pediatric (on a 1, 2, 3, 4, 6, and 8 kHz audiogram): Threshold shift >20 dB at 4 kHz in at least one ear; mild/moderate impact on age-appropriate normal daily activity","Adult: Hearing loss requiring hearing aid; intervention indicated; limiting self-care ADL; threshold shift of >25 dB averaged at 3 contiguous test frequencies in at least one ear(on a 1, 2, 3, 4, 6, and 8 kHz audiogram); Pediatric (on a 1, 2, 3, 4, 6, and 8 kHz audiogram): Hearing loss sufficient to indicate therapeutic intervention, including hearing aids; threshold shift >20 dB at 2 to <4 kHz in at least one ear; severe impact on age-appropriate normal daily activity","Adult: Nonservicable hearing; decrease in hearing to profound bilateral loss (absolute threshold >80 dB HL at 2 kHz and above); Pediatric: Audiologic indication for cochlear implant; >40 dB HL (i.e., 45 dB HL or more); SNHL at 2 kHz and above",-,A disorder characterized by partial or complete loss of the ability to detect or understand sounds resulting from damage to ear structures.,-,25
Middle ear inflammation,Ear and labyrinth disorders,CTCAE v6.0,,Serous otitis,"Serous otitis, medical intervention indicated",Mastoiditis; necrosis of canal soft tissue or bone,Life-threatening consequences; urgent intervention indicated,Death,"A disorder characterized by inflammation (physiologic response to irritation), swelling and redness to the middle ear.",-,25
Tinnitus,Ear and labyrinth disorders,CTCAE v6.0,,Mild symptoms; intervention not indicated,Moderate symptoms; limiting instrumental ADL or mild/moderate impact on age-appropriate normal daily activity (pediatric),Severe symptoms; limiting self-care ADL or severe impact on age-appropriate normal daily activity (pediatric),-,-,"A disorder characterized by noise in the ears, such as ringing, buzzing, roaring or clicking.",-,26
Vertigo,Ear and labyrinth disorders,CTCAE v6.0,,Mild symptoms,Moderate symptoms; limiting instrumental ADL or mild/moderate impact on age-appropriate normal daily activity (pediatric),Severe symptoms; limiting self-care ADL or severe impact on age-appropriate normal daily activity (pediatric),-,-,A disorder characterized by a sensation as if the external world were revolving around the patient (objective vertigo) or as if he himself were revolving in space (subjective vertigo).,-,26
Vestibular disorder,Ear and labyrinth disorders,CTCAE v6.0,,-,Symptomatic; limiting instrumental ADL or mild/moderate impact on age-appropriate normal daily activity (pediatric),Severe symptoms; limiting self-care ADL or severe impact on age-appropriate normal daily activity (pediatric),-,-,"A disorder characterized by dizziness, imbalance, nausea, and vision problems.",-,26
Adrenal insufficiency,Endocrine disorders,CTCAE v6.0,,Asymptomatic; clinical or diagnostic observations only; intervention not indicated,Moderate symptoms; medical intervention indicated,Severe symptoms; hospitalization indicated,Life-threatening consequences; urgent intervention indicated,Death,"A disorder characterized by the adrenal cortex not producing enough of the hormone cortisol and in some cases, the hormone aldosterone. It may be due to a disorder of the adrenal cortex as in Addison's disease or primary adrenal insufficiency.",-,27
Cushingoid,Endocrine disorders,CTCAE v6.0,,Mild symptoms; intervention not indicated,Moderate symptoms; medical intervention indicated,"Severe symptoms, medical intervention or hospitalization indicated",-,-,"A disorder characterized by signs and symptoms that resemble Cushing's disease or syndrome: buffalo hump obesity, striations, adiposity, hypertension, diabetes, and osteoporosis, usually due to exogenous corticosteroids.",-,27
Delayed puberty,Endocrine disorders,CTCAE v6.0,,-,No breast development by age 13 yrs for females; testes volume of <3 cc or no Tanner Stage 2 development by age 14.5 yrs for males,No breast development by age 14 yrs for females; no increase in testes volume or no Tanner Stage 2 by age 16 yrs for males; hormone replacement indicated,-,-,A disorder characterized by unusually late sexual maturity.,-,27
"Endocrine disorders - Other, specify",Endocrine disorders,CTCAE v6.0,,Asymptomatic or mild symptoms; clinical or diagnostic observations only; intervention not indicated,"Moderate; minimal, local or noninvasive intervention indicated; limiting instrumental ADL or mild/moderate impact on age-appropriate normal daily activity (pediatric)",Severe or medically significant but not immediately life-threatening; hospitalization or prolongation of existing hospitalization indicated; limiting self-care ADL or severe impact on age-appropriate normal daily activity (pediatric),Life-threatening consequences; urgent intervention indicated,Death,-,-,28
Hyperparathyroidism,Endocrine disorders,CTCAE v6.0,,Mild symptoms; intervention not indicated,Moderate symptoms; medical intervention indicated,-,-,-,A disorder characterized by an increase in production of parathyroid hormone by the parathyroid glands. This results in hypercalcemia (abnormally high levels of calcium in the blood).,-,28
Hyperthyroidism,Endocrine disorders,CTCAE v6.0,,Asymptomatic; clinical or diagnostic observations only; intervention not indicated,Symptomatic; thyroid suppression therapy indicated; limiting instrumental ADL or mild/moderate impact on age-appropriate normal daily activity (pediatric),Severe symptoms; hospitalization indicated; limiting self-care ADL or severe impact on age-appropriate normal daily activity (pediatric),Life-threatening consequences; urgent intervention indicated,Death,A disorder characterized by excessive levels of thyroid hormone in the body. Common causes include an overactive thyroid gland or thyroid hormone overdose.,-,29
Hypogonadism,Endocrine disorders,CTCAE v6.0,,Asymptomatic or mild symptoms; clinical or diagnostic observations only; intervention not indicated,"Moderate; minimal, local or noninvasive intervention indicated; limiting instrumental ADL or mild/moderate impact on age-appropriate normal daily activity (pediatric)",Severe or medically significant but not immediately life-threatening; hospitalization or prolongation of existing hospitalization indicated; limiting self-care ADL or severe impact on age-appropriate normal daily activity (pediatric),Life-threatening consequences; urgent intervention indicated,Death,A disorder characterized by a decrease in production of sex hormones from the gonads.,-,29
Hypoparathyroidism,Endocrine disorders,CTCAE v6.0,,Asymptomatic; clinical or diagnostic observations only; intervention not indicated,Moderate symptoms; medical intervention indicated,Severe symptoms; medical intervention or hospitalization indicated,Life-threatening consequences; urgent intervention indicated,Death,A disorder characterized by a decrease in production of parathyroid hormone by the parathyroid glands.,-,30
Hypophysitis,Endocrine disorders,CTCAE v6.0,,Asymptomatic or mild symptoms; clinical or diagnostic observations only; intervention not indicated,"Moderate; minimal, local or noninvasive intervention indicated; limiting instrumental ADL or mild/moderate impact on age-appropriate normal daily activity (pediatric)",Severe or medically significant but not immediately life-threatening; hospitalization or prolongation of existing hospitalization indicated; limiting self-care ADL or severe impact on age-appropriate normal daily activity (pediatric),Life-threatening consequences; urgent intervention indicated,Death,A disorder characterized by inflammation and cellular infiltration of the pituitary gland.,-,30
Hypopituitarism,Endocrine disorders,CTCAE v6.0,,Asymptomatic or mild symptoms; clinical or diagnostic observations only; intervention not indicated,"Moderate; minimal, local or noninvasive intervention indicated; limiting instrumental ADL or mild/moderate impact on age-appropriate normal daily activity (pediatric)",Severe or medically significant but not immediately life-threatening; hospitalization or prolongation of existing hospitalization indicated; limiting self-care ADL or severe impact on age-appropriate normal daily activity (pediatric),Life-threatening consequences; urgent intervention indicated,Death,A disorder characterized by a decrease in production of hormones from the pituitary gland.,Consider Endocrine disorders: Hypophysitis.,31
Hypothyroidism,Endocrine disorders,CTCAE v6.0,,Asymptomatic; clinical or diagnostic observations only; intervention not indicated,Symptomatic; thyroid replacement initiated; increase in current thyroid replacement therapy; limiting instrumental ADL or mild/moderate impact on age-appropriate normal daily activity (pediatric),Severe symptoms; hospitalization indicated; limiting self-care ADL or severe impact on age-appropriate normal daily activity (pediatric),Life-threatening consequences; urgent intervention indicated,Death,A disorder characterized by a decrease in production of thyroid hormone by the thyroid gland.,Consider Endocrine disorders: Hypophysitis.,31
Precocious puberty,Endocrine disorders,CTCAE v6.0,,Physical signs of puberty with no biochemical markers for females <8 years and males <9 years,Physical signs and biochemical markers of puberty for females <8 years and males <9 years,-,-,-,A disorder characterized by unusually early development of secondary sexual features; the onset of sexual maturation begins usually before age 8 for girls and before age 9 for boys.,-,32
Testosterone deficiency,Endocrine disorders,CTCAE v6.0,,Asymptomatic; mild symptoms with no intervention indicated,Replacement therapy initiated,-,-,-,A disorder characterized by low testosterone.,-,32
Thyroiditis,Endocrine disorders,CTCAE v6.0,,Asymptomatic,Medical intervention indicated,Hospitalization indicated,Life-threatening consequences; urgent intervention indicated,Death,A disorder characterized by inflammation or destruction of the thyroid gland.,-,32
Virilization,Endocrine disorders,CTCAE v6.0,,Mild symptoms; intervention not indicated,Moderate symptoms; medical intervention indicated,-,-,-,A disorder characterized by inappropriate masculinization occurring in a female or prepubertal male.,-,32
Blurred vision,Eye disorders,CTCAE v6.0,,Intervention not indicated,Symptomatic; moderate decrease in visual acuity (best corrected visual acuity 20/40 and better or 3 lines or less decreased vision from known baseline); limiting instrumental ADL or mild/moderate impact on age-appropriate normal daily activity (pediatric),"Symptomatic with marked decrease in visual acuity (best corrected visual acuity worse than 20/40 or more than 3 lines of decreased vision from known baseline, up to 20/200); limiting self-care ADL or severe impact on age-appropriate normal daily activity (pediatric)",Best corrected visual acuity of 20/200 or worse in the affected eye,-,A disorder characterized by visual perception of unclear or fuzzy images.,Consider: Eye disorders: Uveitis.,33
Cataract,Eye disorders,CTCAE v6.0,,Asymptomatic; clinical or diagnostic observations only; intervention not indicated,Symptomatic; moderate decrease in visual acuity (best corrected visual acuity 20/40 and better or 3 lines or less decreased vision from known baseline); glare symptoms affecting instrumental ADL or mild/moderate impact on age-appropriate normal daily activity (pediatric),"Symptomatic with marked decrease in visual acuity (best corrected visual acuity worse than 20/40 or more than 3 lines of decreased vision from known baseline, up to 20/200); limiting self-care ADL or severe impact on age-appropriate normal daily activity (pediatric)",Best corrected visual acuity of 20/200 or worse in the affected eye,-,A disorder characterized by partial or complete opacity of the crystalline lens of one or both eyes. This results in a decrease in visual acuity and eventual blindness if untreated.,-,33
Corneal ulcer,Eye disorders,CTCAE v6.0,,-,-,Corneal ulcer without perforation in the affected eye,Perforation in the affected eye,-,A disorder characterized by an area of epithelial tissue loss on the surface of the cornea. It is associated with inflammatory cells in the cornea and anterior chamber.,-,34
Decreased night vision,Eye disorders,CTCAE v6.0,,Symptomatic,Moderate decrease in visual acuity (best corrected visual acuity 20/40 and better or 3 lines or less decreased vision from known baseline); limiting instrumental ADL or mild/moderate impact on age-appropriate normal daily activity (pediatric),"Marked decrease in visual acuity (best corrected visual acuity worse than 20/40 or more than 3 lines of decreased vision from known baseline, up to 20/200); limiting self-care ADL or severe impact on age-appropriate normal daily activity (pediatric)",Best corrected visual acuity of 20/200 or worse in the affected eye,-,A disorder characterized by an inability to see clearly in dim light.,-,34
Dry eye,Eye disorders,CTCAE v6.0,,Clinical or diagnostic observations only; symptoms relieved by lubricants,Symptomatic; moderate decrease in visual acuity (best corrected visual acuity 20/40 and better or 3 lines or less decreased vision from known baseline),"Symptomatic with marked decrease in visual acuity (best corrected visual acuity worse than 20/40 or more than 3 lines of decreased vision from known baseline, up to 20/200); limiting self-care ADL or severe impact on age-appropriate normal daily activity (pediatric)",-,-,A disorder characterized by dryness of the cornea and conjunctiva.,"If corneal ulcer is present, grade under Eye disorders: Corneal ulcer. If related to syndromes not present in CTCAE (ex. Sjogren's syndrome, etc.), report as Other, specify in the most representative SOC.",35
Extraocular muscle paresis,Eye disorders,CTCAE v6.0,,Asymptomatic; clinical or diagnostic observations only,Unilateral paresis without double vision,"Bilateral paresis or unilateral paresis causing double vision in peripheral gaze, but not in central gaze",Bilateral paresis requiring head turning to see beyond central 60 degrees or double vision in central gaze,-,A disorder characterized by incomplete paralysis of an extraocular muscle.,-,35
"Eye disorders - Other, specify",Eye disorders,CTCAE v6.0,,Asymptomatic or mild symptoms; clinical or diagnostic observations only; intervention not indicated; no change in vision,"Moderate; minimal, local or noninvasive intervention indicated; best corrected visual acuity 20/40 and better or 3 lines or less decreased vision from known baseline; limiting instrumental ADL or mild/moderate impact on age-appropriate normal daily activity (pediatric)","Severe or medically significant but not immediately sight- threatening; decrease in visual acuity (best corrected visual acuity worse than 20/40 or more than 3 lines of decreased vision from known baseline, up to 20/200); limiting self-care ADL or severe impact on age-appropriate normal daily activity (pediatric)",Sight-threatening consequences; urgent intervention indicated; best corrected visual acuity of 20/200 or worse in the affected eye,-,-,-,36
Eye pain,Eye disorders,CTCAE v6.0,,Mild pain,Moderate pain; limiting instrumental ADL or mild/moderate impact on age-appropriate normal daily activity (pediatric),Severe pain; limiting self-care ADL or severe impact on age-appropriate normal daily activity (pediatric),-,-,A disorder characterized by a sensation of marked discomfort in the eye.,Record final diagnosis/cause once determined.,36
Eyelid function disorder,Eye disorders,CTCAE v6.0,,Clinical or diagnostic observations only; intervention not indicated,Symptomatic; nonoperative intervention indicated; limiting instrumental ADL or mild/moderate impact on age-appropriate normal daily activity (pediatric),Operative intervention indicated requiring hospitalization; limiting self-care ADL or severe impact on age-appropriate normal daily activity (pediatric),-,-,A disorder characterized by impaired eyelid function.,-,37
Flashing lights,Eye disorders,CTCAE v6.0,,Symptomatic,Limiting instrumental ADL or mild/moderate impact on age-appropriate normal daily activity (pediatric),Limiting self-care ADL or severe impact on age-appropriate normal daily activity (pediatric),-,-,A disorder characterized by a sudden or brief burst of light.,"Consider Eye disorders: Retinal tear, Retinal detachment.",37
Floaters,Eye disorders,CTCAE v6.0,,Symptomatic,Limiting instrumental ADL or mild/moderate impact on age-appropriate normal daily activity (pediatric),Limiting self-care ADL or severe impact on age-appropriate normal daily activity (pediatric),-,-,A disorder characterized by an individual seeing spots before their eyes. The spots are shadows of opaque cell fragments in the vitreous humor or lens.,"Consider Eye disorders: Retinal tear, Retinal detachment.",37
Glaucoma,Eye disorders,CTCAE v6.0,,Less than 8 mmHg of elevated intraocular pressure (EIOP); no visual field deficit,Topical medication indicated,EIOP causing visual field deficits,Visual field deficit within the central 10 degrees of the visual field in the affected eye,-,A disorder characterized by an increase in pressure in the eyeball due to obstruction of the aqueous humor outflow.,-,38
Keratitis,Eye disorders,CTCAE v6.0,,Asymptomatic; clinical or diagnostic observations only; intervention not indicated,Symptomatic; moderate decrease in visual acuity (best corrected visual acuity 20/40 and better or 3 lines or less decreased vision from known baseline),"Symptomatic with marked decrease in visual acuity (best corrected visual acuity worse than 20/40 or more than 3 lines of decreased vision from known baseline, up to 20/200); corneal ulcer; limiting self-care ADL or severe impact on age-appropriate normal daily activity (pediatric)",Perforation; best corrected visual acuity of 20/200 or worse in the affected eye,-,A disorder characterized by inflammation to the cornea of the eye.,Consider Eye disorders: Corneal ulcer.,38
Optic nerve disorder,Eye disorders,CTCAE v6.0,,Asymptomatic; clinical or diagnostic observations only,Moderate decrease in visual acuity (best corrected visual acuity 20/40 and better or 3 lines or less decreased vision from known baseline),"Marked decrease in visual acuity (best corrected visual acuity worse than 20/40 or more than 3 lines of decreased vision from known baseline, up to 20/200)",Best corrected visual acuity of 20/200 or worse in the affected eye,-,A disorder characterized by involvement of the optic nerve (second cranial nerve).,-,39
Papilledema,Eye disorders,CTCAE v6.0,,Asymptomatic; no visual field deficit,Symptomatic; moderate decrease in visual acuity (best corrected visual acuity 20/40 and better or 3 lines or less decreased vision from known baseline),"Symptomatic with marked decrease in visual acuity (best corrected visual acuity worse than 20/40 or more than 3 lines of decreased vision from known baseline, up to 20/200)",Best corrected visual acuity of 20/200 or worse in the affected eye,-,A disorder characterized by swelling around the optic disc.,Record final diagnosis/cause once determined.,39
Periorbital edema,Eye disorders,CTCAE v6.0,,Soft or non-pitting,Indurated or pitting edema; topical intervention indicated,"Edema associated with visual disturbance; increased intraocular pressure, glaucoma or retinal hemorrhage; diuretics indicated; operative intervention indicated",-,-,A disorder characterized by swelling due to an excessive accumulation of fluid around the orbits of the face.,Record final diagnosis/cause once determined.,40
Photophobia,Eye disorders,CTCAE v6.0,,Symptomatic,Limiting instrumental ADL or mild/moderate impact on age-appropriate normal daily activity (pediatric),Limiting self-care ADL or severe impact on age-appropriate normal daily activity (pediatric),-,-,A disorder characterized by fear and avoidance of light.,-,40
Retinal detachment,Eye disorders,CTCAE v6.0,,-,-,Macular sparing rhegmatogenous detachment,Macula-off rhegmatogenous retinal detachment,-,A disorder characterized by the separation of the inner retina layers from the underlying pigment epithelium.,-,40
Retinal tear,Eye disorders,CTCAE v6.0,,No retinal detachment and treatment not indicated,No retinal detachment and treatment indicated,-,-,-,A disorder characterized by a small laceration of the retina. Symptoms include flashes and floaters.,"If retinal detachment is present, grade under Eye disorders: Retinal detachment.",41
Retinal vascular disorder,Eye disorders,CTCAE v6.0,,-,Retinal vascular disorder without neovascularization,Retinal vascular disorder with neovascularization,-,-,A disorder characterized by pathological retinal blood vessels that adversely affects vision.,"If vitreous hemorrhage is present, report under Eye disorders: Vitreous hemorrhage.",41
Retinopathy,Eye disorders,CTCAE v6.0,,Asymptomatic; clinical or diagnostic observations only,Symptomatic; moderate decrease in visual acuity (best corrected visual acuity 20/40 and better or 3 lines or less decreased vision from known baseline); limiting instrumental ADL or mild/moderate impact on age-appropriate normal daily activity (pediatric),"Symptomatic with marked decrease in visual acuity (best corrected visual acuity worse than 20/40 or more than 3 lines of decreased vision from known baseline, up to 20/200); limiting self-care ADL or severe impact on age-appropriate normal daily activity (pediatric)",Best corrected visual acuity of 20/200 or worse in the affected eye,-,A disorder involving the retina.,"If vitreous hemorrhage is present, report under Eye disorders: Vitreous hemorrhage.",41
Scleral disorder,Eye disorders,CTCAE v6.0,,No change in vision from baseline,Symptomatic; moderate decrease in visual acuity (best corrected visual acuity 20/40 and better or 3 lines or less decreased vision from known baseline); limiting instrumental ADL or mild/moderate impact on age-appropriate normal daily activity (pediatric),"Symptomatic with marked decrease in visual acuity (best corrected visual acuity worse than 20/40 or more than 3 lines of decreased vision from known baseline, up to 20/200); limiting self-care ADL or severe impact on age-appropriate normal daily activity (pediatric)",Best corrected visual acuity of 20/200 or worse in the affected eye,-,A disorder characterized by involvement of the sclera of the eye.,-,42
Uveitis,Eye disorders,CTCAE v6.0,,Anterior uveitis with trace cells,Anterior uveitis with 1+ or 2+ cells,Anterior uveitis with 3+ or greater cells; intermediate posterior or pan-uveitis,Best corrected visual acuity of 20/200 or worse in the affected eye,-,A disorder characterized by inflammation to the uvea of the eye.,-,42
Vision decreased,Eye disorders,CTCAE v6.0,,-,Moderate decrease in visual acuity (best corrected visual acuity 20/40 and better or 3 lines or less decreased vision from known baseline),"Marked decrease in visual acuity (best corrected visual acuity worse than 20/40 or more than 3 lines of decreased vision from known baseline, up to 20/200)",Best corrected visual acuity of 20/200 or worse in the affected eye,-,A disorder characterized by a decrease in visual acuity.,"If etiology is known, use a more specific CTCAE term. Consider: Eye disorders: Uveitis",42
Vitreous hemorrhage,Eye disorders,CTCAE v6.0,,Intervention not indicated,Symptomatic; moderate decrease in visual acuity (best corrected visual acuity 20/40 and better or 3 lines or less decreased vision from known baseline); limiting instrumental ADL or mild/moderate impact on age-appropriate normal daily activity (pediatric),"Symptomatic with marked decrease in visual acuity (best corrected visual acuity worse than 20/40 or more than 3 lines of decreased vision from known baseline, up to 20/200); vitrectomy indicated; limiting self-care ADL or severe impact on age-appropriate normal daily activity (pediatric)",Best corrected visual acuity of 20/200 or worse in the affected eye,-,A disorder characterized by bleeding into the vitreous humor.,-,43
Watering eyes,Eye disorders,CTCAE v6.0,,Intervention not indicated,Symptomatic; moderate decrease in visual acuity (best corrected visual acuity 20/40 and better or 3 lines or less decreased vision from known baseline),"Marked decrease in visual acuity (best corrected visual acuity worse than 20/40 or more than 3 lines of decreased vision from known baseline, up to 20/200)",Best corrected visual acuity of 20/200 or worse in the affected eye,-,A disorder characterized by excessive tearing in the eyes; it can be caused by overproduction of tears or impaired drainage of the tear duct.,-,43
Abdominal distension,Gastrointestinal disorders,CTCAE v6.0,,Asymptomatic; clinical or diagnostic observations only; intervention not indicated,Symptomatic; limiting instrumental ADL or mild/moderate impact on age-appropriate normal daily activity (pediatric),Severe discomfort; limiting self-care ADL or severe impact on age-appropriate normal daily activity (pediatric),-,-,A disorder characterized by swelling of the abdomen.,-,44
Abdominal pain,Gastrointestinal disorders,CTCAE v6.0,,Mild pain,Moderate pain; limiting instrumental ADL or mild/moderate impact on age-appropriate normal daily activity (pediatric),Severe pain; limiting self-care ADL or severe impact on age-appropriate normal daily activity (pediatric),-,-,A disorder characterized by a sensation of marked discomfort in the abdominal region.,Record final diagnosis/cause once determined.,44
Anal fissure,Gastrointestinal disorders,CTCAE v6.0,,Asymptomatic,Symptomatic,Invasive intervention indicated,-,-,A disorder characterized by a tear in the lining of the anus.,-,44
Anal fistula,Gastrointestinal disorders,CTCAE v6.0,,Asymptomatic,"Symptomatic, invasive intervention not indicated",Invasive intervention indicated,Life-threatening consequences; urgent intervention indicated,Death,A disorder characterized by an abnormal communication between the opening in the anal canal to the perianal skin.,-,45
Anal mucositis,Gastrointestinal disorders,CTCAE v6.0,,Asymptomatic or mild symptoms; intervention not indicated,Moderate symptoms; medical intervention indicated; limiting instrumental ADL or mild/moderate impact on age-appropriate normal daily activity (pediatric),Severe symptoms; limiting self-care ADL or severe impact on age-appropriate normal daily activity (pediatric),-,-,A disorder characterized by ulceration or inflammation of the mucous membrane of the anus.,Report Grade 4 and 5 as Gastrointestinal disorders: Anal ulcer.,45
Anal necrosis,Gastrointestinal disorders,CTCAE v6.0,,-,-,TPN or hospitalization indicated; invasive intervention indicated,Life-threatening consequences; urgent operative intervention indicated,Death,A disorder characterized by a necrotic process occurring in the anal region.,-,45
Anal pain,Gastrointestinal disorders,CTCAE v6.0,,Mild pain,Moderate pain; limiting instrumental ADL or mild/moderate impact on age-appropriate normal daily activity (pediatric),Severe pain; limiting self-care ADL or severe impact on age-appropriate normal daily activity (pediatric),-,-,A disorder characterized by a sensation of marked discomfort in the anal region.,Record final diagnosis/cause once determined.,46
Anal stenosis,Gastrointestinal disorders,CTCAE v6.0,,Asymptomatic; clinical or diagnostic observations only; intervention not indicated,Symptomatic; altered GI function,Symptomatic and severely altered GI function; non- emergent operative intervention indicated; TPN or hospitalization indicated,Life-threatening consequences; urgent operative intervention indicated,Death,A disorder characterized by a narrowing of the lumen of the anal canal.,-,46
Anal ulcer,Gastrointestinal disorders,CTCAE v6.0,,Asymptomatic; clinical or diagnostic observations only; intervention not indicated,Symptomatic; altered GI function,Severely altered GI function; TPN indicated; elective invasive intervention indicated,Life-threatening consequences; urgent operative intervention indicated,Death,"A disorder characterized by a circumscribed, erosive lesion on the mucosal surface of the anal canal.",-,46
Ascites,Gastrointestinal disorders,CTCAE v6.0,,Asymptomatic; clinical or diagnostic observations only; intervention not indicated,Symptomatic; medical intervention or paracentesis indicated,Severe symptoms; catheter placement indicated,Life-threatening consequences; urgent operative intervention indicated,Death,A disorder characterized by accumulation of serous or hemorrhagic fluid in the peritoneal cavity.,Record final diagnosis/cause once determined.,47
Belching,Gastrointestinal disorders,CTCAE v6.0,,Increase from baseline,Intervention initiated (including over the counter medications),-,-,-,To expel gas noisily from the mouth.,Synonym: Burping,47
Bloating,Gastrointestinal disorders,CTCAE v6.0,,No change in bowel function or oral intake,"Symptomatic, decreased oral intake; change in bowel function",-,-,-,A disorder characterized by subject-reported feeling of uncomfortable fullness of the abdomen.,-,47
Cecal hemorrhage,Gastrointestinal disorders,CTCAE v6.0,,Mild symptoms; intervention not indicated,Moderate symptoms; intervention indicated,Hospitalization,Life-threatening consequences; urgent intervention indicated,Death,A disorder characterized by bleeding from the cecum.,-,47
Cheilitis,Gastrointestinal disorders,CTCAE v6.0,,Clinical or diagnostic observations only; intervention not indicated,Moderate symptoms; limiting instrumental ADL or mild/moderate impact on age-appropriate normal daily activity (pediatric),Severe symptoms; intervention indicated; limiting self-care ADL or severe impact on age-appropriate normal daily activity (pediatric),-,-,A disorder characterized by inflammation of the lip.,-,48
Chylous ascites,Gastrointestinal disorders,CTCAE v6.0,,Asymptomatic; clinical or diagnostic observations only; intervention not indicated,"Symptomatic; medical intervention indicated (e.g., fat-restricted diet); paracentesis or tube drainage indicated",Severe symptoms; elective operative intervention indicated,Life-threatening consequences; urgent operative intervention indicated,Death,A disorder characterized by accumulation of milky fluid in the peritoneal cavity.,-,48
Colitis,Gastrointestinal disorders,CTCAE v6.0,,Asymptomatic; clinical or diagnostic observations only; intervention not indicated,Abdominal pain; mucus or blood in stool,Severe abdominal pain; peritoneal signs,Life-threatening consequences; urgent intervention indicated,Death,A disorder characterized by inflammation of the colon.,-,48
Colonic fistula,Gastrointestinal disorders,CTCAE v6.0,,Asymptomatic,"Symptomatic, invasive intervention not indicated",Invasive intervention indicated,Life-threatening consequences; urgent intervention indicated,Death,A disorder characterized by an abnormal communication between the large intestine and another organ or anatomic site.,-,49
Colonic obstruction,Gastrointestinal disorders,CTCAE v6.0,,Asymptomatic; clinical or diagnostic observations only; intervention not indicated,Symptomatic; altered GI function,Hospitalization indicated; invasive intervention indicated,Life-threatening consequences; urgent operative intervention indicated,Death,A disorder characterized by blockage of the normal flow of the intestinal contents in the colon.,-,49
Colonic perforation,Gastrointestinal disorders,CTCAE v6.0,,-,Invasive intervention not indicated,Invasive intervention indicated,Life-threatening consequences; urgent intervention indicated,Death,A disorder characterized by a rupture in the colonic wall.,Consider Gastrointestinal disorders: Colitis.,49
Colonic stenosis,Gastrointestinal disorders,CTCAE v6.0,,Asymptomatic; clinical or diagnostic observations only; intervention not indicated,Symptomatic; altered GI function,Severely altered GI function; tube feeding or hospitalization indicated; elective operative intervention indicated,Life-threatening consequences; urgent operative intervention indicated,Death,A disorder characterized by a narrowing of the lumen of the colon.,-,50
Colonic ulcer,Gastrointestinal disorders,CTCAE v6.0,,Asymptomatic; clinical or diagnostic observations only; intervention not indicated,Symptomatic; altered GI function,Severely altered GI function; TPN indicated; elective invasive intervention indicated,Life-threatening consequences; urgent operative intervention indicated,Death,"A disorder characterized by a circumscribed, erosive lesion on the mucosal surface of the colon.",-,50
Constipation,Gastrointestinal disorders,CTCAE v6.0,,"Occasional or intermittent symptoms; occasional use of stool softeners, laxatives, dietary modification, or enema",Persistent symptoms with regular use of laxatives or enemas; limiting instrumental ADL or mild/moderate impact on age-appropriate normal daily activity (pediatric),Obstipation with manual evacuation indicated; limiting self-care ADL or severe impact on age-appropriate normal daily activity (pediatric),Life-threatening consequences; urgent intervention indicated,Death,A disorder characterized by irregular and infrequent or difficult evacuation of the bowels.,-,50
Dental caries,Gastrointestinal disorders,CTCAE v6.0,,"One or more dental caries, not involving the root",Dental caries involving the root,Dental caries resulting in pulpitis or periapical abscess or resulting in tooth loss,-,-,"A disorder characterized by the decay of a tooth, in which it becomes softened, discolored and/or porous.",-,51
Diarrhea,Gastrointestinal disorders,CTCAE v6.0,,Change in consistency or frequency,Increase of 4 - 6 stools per day over baseline; moderate increase in ostomy output compared to baseline; limiting instrumental ADL or mild/moderate impact on age-appropriate normal daily activity (pediatric); change in consistency or frequency AND limiting instrumental ADL or mild/moderate impact on age-appropriate normal daily activity (pediatric),Increase of ≥7 stools per day over baseline; hospitalization indicated; severe increase in ostomy output compared to baseline; requires IV intervention; limiting self-care ADL or severe impact on age-appropriate normal daily activity (pediatric),Life-threatening consequences; urgent intervention indicated,Death,A disorder characterized by an increase in frequency and/or loose or watery bowel movements.,"Consider Gastrointestinal disorders: Colitis, Enterocolitis.",51
Dry mouth,Gastrointestinal disorders,CTCAE v6.0,,"Symptomatic (e.g., dry or thick saliva) without significant dietary alteration; unstimulated saliva flow >0.2 ml/min","Moderate symptoms; oral intake alterations (e.g., copious water, other lubricants, diet limited to purees and/or soft, moist foods); unstimulated saliva 0.1 to 0.2 ml/min",Inability to adequately aliment orally; tube feeding or TPN indicated; unstimulated saliva <0.1 ml/min,-,-,A disorder characterized by reduced salivary flow in the oral cavity.,"If related to syndromes not present in CTCAE (ex. Sjogren's syndrome, etc.), report as Other, specify in the most representative SOC.",52
Duodenal fistula,Gastrointestinal disorders,CTCAE v6.0,,Asymptomatic,"Symptomatic, invasive intervention not indicated",Invasive intervention indicated,Life-threatening consequences; urgent intervention indicated,Death,A disorder characterized by an abnormal communication between the duodenum and another organ or anatomic site.,-,52
Duodenal hemorrhage,Gastrointestinal disorders,CTCAE v6.0,,Mild symptoms; intervention not indicated,Moderate symptoms; intervention indicated,Hospitalization,Life-threatening consequences; urgent intervention indicated,Death,A disorder characterized by bleeding from the duodenum.,Consider Gastrointestinal disorders: Enterocolitis.,52
Duodenal obstruction,Gastrointestinal disorders,CTCAE v6.0,,Asymptomatic; clinical or diagnostic observations only; intervention not indicated,Symptomatic; altered GI function,Hospitalization indicated; invasive intervention indicated,Life-threatening consequences; urgent operative intervention indicated,Death,A disorder characterized by blockage of the normal flow of stomach contents through the duodenum.,-,53
Duodenal perforation,Gastrointestinal disorders,CTCAE v6.0,,-,Invasive intervention not indicated,Invasive intervention indicated,Life-threatening consequences; urgent operative intervention indicated,Death,A disorder characterized by a rupture in the duodenal wall.,Consider Gastrointestinal disorders: Enterocolitis.,53
Duodenal stenosis,Gastrointestinal disorders,CTCAE v6.0,,Asymptomatic; clinical or diagnostic observations only; intervention not indicated,Symptomatic; altered GI function,Severely altered GI function; tube feeding or hospitalization indicated; elective operative intervention indicated,Life-threatening consequences; urgent operative intervention indicated,Death,A disorder characterized by a narrowing of the lumen of the duodenum.,-,53
Duodenal ulcer,Gastrointestinal disorders,CTCAE v6.0,,Asymptomatic; clinical or diagnostic observations only; intervention not indicated,Symptomatic; medical intervention indicated; limiting instrumental ADL or mild/moderate impact on age-appropriate normal daily activity (pediatric),Severely altered GI function; TPN indicated; elective invasive intervention indicated; limiting self-care ADL or severe impact on age-appropriate normal daily activity (pediatric),Life-threatening consequences; urgent operative intervention indicated,Death,"A disorder characterized by a circumscribed, erosive lesion on the mucosal surface of the duodenal wall.",-,54
Dyspepsia,Gastrointestinal disorders,CTCAE v6.0,,Mild symptoms; intervention not indicated,Moderate symptoms; medical intervention indicated,Severe symptoms; operative intervention indicated,-,-,"A disorder characterized by an uncomfortable, often painful feeling in the stomach, resulting from impaired digestion. Symptoms include burning stomach, bloating, heartburn, nausea and vomiting.","Consider Gastrointestinal disorders: Gastritis, Gastroparesis.",54
Dysphagia,Gastrointestinal disorders,CTCAE v6.0,,"Symptomatic, able to eat regular diet",Symptomatic and altered eating/swallowing,"Severely altered eating/swallowing; tube feeding, TPN, or hospitalization indicated",Life-threatening consequences; urgent intervention indicated,Death,A disorder characterized by difficulty in swallowing.,-,54
Enterocolitis,Gastrointestinal disorders,CTCAE v6.0,,Asymptomatic; clinical or diagnostic observations only; intervention not indicated,Abdominal pain; mucus or blood in stool,Severe or persistent abdominal pain; fever; ileus; peritoneal signs,Life-threatening consequences; urgent intervention indicated,Death,A disorder characterized by inflammation of the small and large intestines.,"If reporting a known abnormality of the colon, use Gastrointestinal disorders: Colitis. If reporting a documented infection, use Infections and infestations: Enterocolitis infectious.",55
Enterovesical fistula,Gastrointestinal disorders,CTCAE v6.0,,Asymptomatic,"Symptomatic, invasive intervention not indicated",Invasive intervention indicated,Life-threatening consequences; urgent intervention indicated,Death,A disorder characterized by an abnormal communication between the urinary bladder and the intestine.,-,55
Esophageal fistula,Gastrointestinal disorders,CTCAE v6.0,,Asymptomatic,"Symptomatic, invasive intervention not indicated",Invasive intervention indicated,Life-threatening consequences; urgent intervention indicated,Death,A disorder characterized by an abnormal communication between the esophagus and another organ or anatomic site.,-,55
Esophageal hemorrhage,Gastrointestinal disorders,CTCAE v6.0,,Mild symptoms; intervention not indicated,Moderate symptoms; intervention indicated,Hospitalization,Life-threatening consequences; urgent intervention indicated,Death,A disorder characterized by bleeding from the esophagus.,-,55
Esophageal necrosis,Gastrointestinal disorders,CTCAE v6.0,,-,-,Inability to aliment adequately by GI tract; invasive intervention indicated,Life-threatening consequences; urgent operative intervention indicated,Death,A disorder characterized by a necrotic process occurring in the esophageal wall.,-,56
Esophageal obstruction,Gastrointestinal disorders,CTCAE v6.0,,Asymptomatic; clinical or diagnostic observations only; intervention not indicated,Symptomatic; altered GI function; limiting instrumental ADL or mild/moderate impact on age-appropriate normal daily activity (pediatric),Hospitalization indicated; invasive intervention indicated; limiting self care ADL or severe impact on age-appropriate normal daily activity (pediatric),Life-threatening consequences; urgent intervention indicated,Death,A disorder characterized by blockage of the normal flow of the contents in the esophagus.,-,56
Esophageal pain,Gastrointestinal disorders,CTCAE v6.0,,Mild pain,Moderate pain; limiting instrumental ADL or mild/moderate impact on age-appropriate normal daily activity (pediatric),Severe pain; limiting self-care ADL or severe impact on age-appropriate normal daily activity (pediatric),-,-,A disorder characterized by a sensation of marked discomfort in the esophageal region.,Record final diagnosis/cause once determined.,56
Esophageal perforation,Gastrointestinal disorders,CTCAE v6.0,,-,Invasive intervention not indicated,Invasive intervention indicated,Life-threatening consequences; urgent operative intervention indicated,Death,A disorder characterized by a rupture in the wall of the esophagus.,-,57
Esophageal stenosis,Gastrointestinal disorders,CTCAE v6.0,,Asymptomatic; clinical or diagnostic observations only; intervention not indicated,Symptomatic; altered GI function,Severely altered GI function; tube feeding or hospitalization indicated; elective operative intervention indicated,Life-threatening consequences; urgent operative intervention indicated,Death,A disorder characterized by a narrowing of the lumen of the esophagus.,-,57
Esophageal ulcer,Gastrointestinal disorders,CTCAE v6.0,,Asymptomatic; clinical or diagnostic observations only; intervention not indicated,Symptomatic; altered GI function; limiting instrumental ADL or mild/moderate impact on age-appropriate normal daily activity (pediatric),Severely altered GI function; TPN indicated; elective invasive intervention indicated; limiting self-care ADL or severe impact on age-appropriate normal daily activity (pediatric),Life-threatening consequences; urgent operative intervention indicated,Death,"A disorder characterized by a circumscribed, erosive lesion on the mucosal surface of the esophageal wall.",-,57
Esophageal varices hemorrhage,Gastrointestinal disorders,CTCAE v6.0,,-,Self-limited; intervention not indicated,Hospitalization,Life-threatening consequences; urgent intervention indicated,Death,A disorder characterized by bleeding from esophageal varices.,-,58
Esophagitis,Gastrointestinal disorders,CTCAE v6.0,,Asymptomatic; clinical or diagnostic observations only; intervention not indicated,Symptomatic; altered eating/swallowing; oral supplements indicated,"Severely altered eating/swallowing; tube feeding, TPN, or hospitalization indicated",Life-threatening consequences; urgent operative intervention indicated,Death,A disorder characterized by inflammation of the esophageal wall.,-,58
Fecal incontinence,Gastrointestinal disorders,CTCAE v6.0,,Occasional use of pads required,Daily use of pads required,Severe symptoms; elective operative intervention indicated,-,-,A disorder characterized by inability to control the escape of stool from the rectum.,-,58
Flatulence,Gastrointestinal disorders,CTCAE v6.0,,Mild symptoms; intervention not indicated,Moderate; persistent; psychosocial sequelae,-,-,-,A disorder characterized by a discharge of excessive gas from the lower GI tract.,-,58
Gastric fistula,Gastrointestinal disorders,CTCAE v6.0,,Asymptomatic,"Symptomatic, invasive intervention not indicated",Invasive intervention indicated,Life-threatening consequences; urgent intervention indicated,Death,A disorder characterized by an abnormal communication between the stomach and another organ or anatomic site.,-,59
Gastric hemorrhage,Gastrointestinal disorders,CTCAE v6.0,,Mild symptoms; intervention not indicated,Moderate symptoms; intervention indicated,Hospitalization,Life-threatening consequences; urgent intervention indicated,Death,A disorder characterized by bleeding from the gastric wall.,-,59
Gastric necrosis,Gastrointestinal disorders,CTCAE v6.0,,-,-,Inability to aliment adequately by GI tract; invasive intervention indicated,Life-threatening consequences; urgent operative intervention indicated,Death,A disorder characterized by a necrotic process occurring in the gastric wall.,-,59
Gastric perforation,Gastrointestinal disorders,CTCAE v6.0,,-,Invasive intervention not indicated,Invasive intervention indicated,Life-threatening consequences; urgent operative intervention indicated,Death,A disorder characterized by a rupture in the stomach wall.,-,59
Gastric stenosis,Gastrointestinal disorders,CTCAE v6.0,,Asymptomatic; clinical or diagnostic observations only; intervention not indicated,Symptomatic; altered GI function,Severely altered GI function; tube feeding or hospitalization indicated; elective operative intervention indicated,Life-threatening consequences; urgent operative intervention indicated,Death,A disorder characterized by a narrowing of the lumen of the stomach.,-,60
Gastric ulcer,Gastrointestinal disorders,CTCAE v6.0,,Asymptomatic; clinical or diagnostic observations only; intervention not indicated,Symptomatic; altered GI function; medical intervention indicated; limiting instrumental ADL or mild/moderate impact on age-appropriate normal daily activity (pediatric),Severely altered GI function; TPN indicated; elective invasive intervention indicated; limiting self-care ADL or severe impact on age-appropriate normal daily activity (pediatric),Life-threatening consequences; urgent operative intervention indicated,Death,"A disorder characterized by a circumscribed, erosive lesion on the mucosal surface of the stomach.",-,60
Gastritis,Gastrointestinal disorders,CTCAE v6.0,,Asymptomatic; clinical or diagnostic observations only; intervention not indicated,Symptomatic; altered GI function; medical intervention indicated,Severely altered eating or gastric function; TPN or hospitalization indicated,Life-threatening consequences; urgent operative intervention indicated,Death,A disorder characterized by inflammation of the stomach.,-,60
Gastroesophageal reflux disease,Gastrointestinal disorders,CTCAE v6.0,,Mild symptoms; intervention not indicated,Moderate symptoms; medical intervention indicated,Severe symptoms; operative intervention indicated,-,-,"A disorder characterized by reflux of the gastric and/or duodenal contents into the distal esophagus. It is chronic in nature and usually caused by incompetence of the lower esophageal sphincter, and may result in injury to the esophageal mucosal. Symptoms include heartburn and acid indigestion.",-,61
"Gastrointestinal disorders - Other, specify",Gastrointestinal disorders,CTCAE v6.0,,Asymptomatic or mild symptoms; clinical or diagnostic observations only; intervention not indicated,"Moderate; minimal, local or noninvasive intervention indicated; limiting instrumental ADL or mild/moderate impact on age-appropriate normal daily activity (pediatric)",Severe or medically significant but not immediately life-threatening; hospitalization or prolongation of existing hospitalization indicated; limiting self-care ADL or severe impact on age-appropriate normal daily activity (pediatric),Life-threatening consequences; urgent intervention indicated,Death,-,-,61
Gastrointestinal fistula,Gastrointestinal disorders,CTCAE v6.0,,Asymptomatic,"Symptomatic, invasive intervention not indicated",Invasive intervention indicated,Life-threatening consequences; urgent intervention indicated,Death,A disorder characterized by an abnormal communication between any part of the gastrointestinal system and another organ or anatomic site.,-,61
Gastrointestinal pain,Gastrointestinal disorders,CTCAE v6.0,,Mild pain,Moderate pain; limiting instrumental ADL or mild/moderate impact on age-appropriate normal daily activity (pediatric),Severe pain; limiting self-care ADL or severe impact on age-appropriate normal daily activity (pediatric),-,-,A disorder characterized by a sensation of marked discomfort in the gastrointestinal region.,"Consider Gastrointestinal disorders: Colitis, Enterocolitis. Record final diagnosis/cause once determined.",62
Gastroparesis,Gastrointestinal disorders,CTCAE v6.0,,"Mild nausea, early satiety and bloating, able to maintain caloric intake on regular diet",Moderate symptoms; able to maintain nutrition with dietary and lifestyle modifications; may need pharmacologic intervention,Weight loss ≥20% from baseline; tube feeding or TPN indicated; elective operative intervention indicated,Life-threatening consequences; urgent intervention indicated,-,A disorder characterized by an incomplete paralysis of the muscles of the stomach wall resulting in delayed emptying of the gastric contents into the small intestine.,-,62
Gingival pain,Gastrointestinal disorders,CTCAE v6.0,,Mild pain,Moderate pain interfering with oral intake,Severe pain; inability to aliment orally,-,-,A disorder characterized by a sensation of marked discomfort in the gingival region.,Record final diagnosis/cause once determined.,62
Hematemesis,Gastrointestinal disorders,CTCAE v6.0,,Mild symptoms; intervention not indicated,Moderate symptoms; intervention indicated,Hospitalization,Life-threatening consequences; urgent intervention indicated,Death,A disorder characterized by the vomiting of blood.,Record final diagnosis/cause once determined.,63
Hematochezia,Gastrointestinal disorders,CTCAE v6.0,,Mild symptoms; intervention not indicated,Moderate symptoms; intervention indicated,Hospitalization,Life-threatening consequences; urgent intervention indicated,Death,"A disorder characterized by the passage of fresh blood per anus, usually in or with stools.","Consider Gastrointestinal disorders: Colitis, Enterocolitis, Proctitis; Record final diagnosis/cause once determined.",63
Hemorrhoidal hemorrhage,Gastrointestinal disorders,CTCAE v6.0,,Mild symptoms; intervention not indicated,Moderate symptoms; intervention indicated,Hospitalization,Life-threatening consequences; urgent intervention indicated,Death,A disorder characterized by bleeding from the hemorrhoids.,-,63
Hemorrhoids,Gastrointestinal disorders,CTCAE v6.0,,Asymptomatic; clinical or diagnostic observations only; intervention not indicated,Symptomatic; banding or medical intervention indicated,Severe symptoms; invasive intervention indicated,-,-,A disorder characterized by the presence of dilated veins in the rectum and surrounding area.,-,63
Ileal fistula,Gastrointestinal disorders,CTCAE v6.0,,Asymptomatic,"Symptomatic, invasive intervention not indicated",Invasive intervention indicated,Life-threatening consequences; urgent intervention indicated,Death,A disorder characterized by an abnormal communication between the ileum and another organ or anatomic site.,-,64
Ileal hemorrhage,Gastrointestinal disorders,CTCAE v6.0,,Mild symptoms; intervention not indicated,Moderate symptoms; intervention indicated,Hospitalization,Life-threatening consequences; urgent intervention indicated,Death,A disorder characterized by bleeding from the ileal wall.,Consider Gastrointestinal disorders: Enterocolitis.,64
Ileal obstruction,Gastrointestinal disorders,CTCAE v6.0,,Asymptomatic; clinical or diagnostic observations only; intervention not indicated,Symptomatic; altered GI function; naso-gastric tube indicated; limiting instrumental ADL or mild/moderate impact on age-appropriate normal daily activity (pediatric),Hospitalization indicated; invasive intervention indicated; long intestinal tube indicated; limiting self-care ADL or severe impact on age-appropriate normal daily activity (pediatric),Life-threatening consequences; urgent operative intervention indicated,Death,A disorder characterized by blockage of the normal flow of the intestinal contents in the ileum.,-,64
Ileal perforation,Gastrointestinal disorders,CTCAE v6.0,,-,Invasive intervention not indicated,Invasive intervention indicated,Life-threatening consequences; urgent operative intervention indicated,Death,A disorder characterized by a rupture in the ileal wall.,Consider Gastrointestinal disorders: Enterocolitis.,65
Ileal stenosis,Gastrointestinal disorders,CTCAE v6.0,,Asymptomatic; clinical or diagnostic observations only; intervention not indicated,Symptomatic; altered GI function,Severely altered GI function; tube feeding or hospitalization indicated; elective operative intervention indicated,Life-threatening consequences; urgent operative intervention indicated,Death,A disorder characterized by a narrowing of the lumen of the ileum.,-,65
Ileal ulcer,Gastrointestinal disorders,CTCAE v6.0,,Asymptomatic; clinical or diagnostic observations only; intervention not indicated,Symptomatic; altered GI function,Severely altered GI function; TPN indicated; elective invasive intervention indicated,Life-threatening consequences; urgent operative intervention indicated,Death,"A disorder characterized by a circumscribed, erosive lesion on the mucosal surface of the ileum.",-,65
Ileus,Gastrointestinal disorders,CTCAE v6.0,,Asymptomatic and radiologic observations only,Symptomatic; altered GI function; bowel rest indicated,Severely altered GI function; TPN indicated; tube placement indicated,Life-threatening consequences; urgent intervention indicated,Death,A disorder characterized by failure of the ileum to transport intestinal contents.,-,66
Intra-abdominal hemorrhage,Gastrointestinal disorders,CTCAE v6.0,,-,Moderate symptoms; intervention indicated,Hospitalization,Life-threatening consequences; urgent intervention indicated,Death,A disorder characterized by bleeding in the abdominal cavity.,-,66
Jejunal fistula,Gastrointestinal disorders,CTCAE v6.0,,Asymptomatic,"Symptomatic, invasive intervention not indicated",Invasive intervention indicated,Life-threatening consequences; urgent intervention indicated,Death,A disorder characterized by an abnormal communication between the jejunum and another organ or anatomic site.,-,66
Jejunal hemorrhage,Gastrointestinal disorders,CTCAE v6.0,,Mild symptoms; intervention not indicated,Moderate symptoms; intervention indicated,Hospitalization,Life-threatening consequences; urgent intervention indicated,Death,A disorder characterized by bleeding from the jejunal wall.,Consider Gastrointestinal disorders: Enterocolitis.,66
Jejunal obstruction,Gastrointestinal disorders,CTCAE v6.0,,Asymptomatic; clinical or diagnostic observations only; intervention not indicated,Symptomatic; altered GI function; limiting instrumental ADL or mild/moderate impact on age-appropriate normal daily activity (pediatric),Hospitalization indicated; invasive intervention indicated; limiting self care ADL or severe impact on age-appropriate normal daily activity (pediatric),Life-threatening consequences; urgent operative intervention indicated,Death,A disorder characterized by blockage of the normal flow of the intestinal contents in the jejunum.,-,67
Jejunal perforation,Gastrointestinal disorders,CTCAE v6.0,,-,Invasive intervention not indicated,Invasive intervention indicated,Life-threatening consequences; urgent operative intervention indicated,Death,A disorder characterized by a rupture in the jejunal wall.,Consider Gastrointestinal disorders: Enterocolitis.,67
Jejunal stenosis,Gastrointestinal disorders,CTCAE v6.0,,Asymptomatic; clinical or diagnostic observations only; intervention not indicated,Symptomatic; altered GI function,Severely altered GI function; tube feeding or hospitalization indicated; elective operative intervention indicated,Life-threatening consequences; urgent operative intervention indicated,Death,A disorder characterized by a narrowing of the lumen of the jejunum.,-,67
Jejunal ulcer,Gastrointestinal disorders,CTCAE v6.0,,Asymptomatic; clinical or diagnostic observations only; intervention not indicated,Symptomatic; altered GI function,Severely altered GI function; TPN indicated; elective invasive intervention indicated,Life-threatening consequences; urgent operative intervention indicated,Death,"A disorder characterized by a circumscribed, erosive lesion on the mucosal surface of the jejunum.",-,68
Lip pain,Gastrointestinal disorders,CTCAE v6.0,,Mild pain,Moderate pain; limiting instrumental ADL or mild/moderate impact on age-appropriate normal daily activity (pediatric),Severe pain; limiting self-care ADL or severe impact on age-appropriate normal daily activity (pediatric),-,-,A disorder characterized by a sensation of marked discomfort of the lip.,Record final diagnosis/cause once determined.,68
Malabsorption,Gastrointestinal disorders,CTCAE v6.0,,-,Altered diet; oral intervention indicated,Inability to aliment adequately; TPN indicated,Life-threatening consequences; urgent intervention indicated,Death,"A disorder characterized by inadequate absorption of nutrients in the small intestine. Symptoms include abdominal marked discomfort, bloating and diarrhea.",-,68
Melena,Gastrointestinal disorders,CTCAE v6.0,,Mild symptoms; intervention not indicated,Moderate symptoms; intervention indicated,Hospitalization,Life-threatening consequences; urgent intervention indicated,Death,"A disorder characterized by black, tarry stools.",Record final diagnosis/cause once determined.,69
Mucositis oral,Gastrointestinal disorders,CTCAE v6.0,,Asymptomatic or mild symptoms; intervention not indicated,Moderate pain or ulcer that does not interfere with oral intake; modified diet indicated,Severe pain; interfering with oral intake,Life-threatening consequences; urgent intervention indicated,Death,A disorder characterized by ulceration or inflammation of the oral mucosal.,-,69
Nausea,Gastrointestinal disorders,CTCAE v6.0,,Loss of appetite without alteration in eating habits,"Oral intake decreased without significant weight loss, dehydration or malnutrition; IV intervention indicated","Inadequate oral caloric or fluid intake; tube feeding, TPN, or hospitalization indicated",-,-,A disorder characterized by a queasy sensation and/or the urge to vomit.,"Consider Gastrointestinal disorders: Enterocolitis, Gastritis and/or Endocrine disorders: Adrenal insufficiency, Hypophysitis.",69
Obstruction gastric,Gastrointestinal disorders,CTCAE v6.0,,Asymptomatic; clinical or diagnostic observations only; intervention not indicated,Symptomatic; altered GI function; limiting instrumental ADL or mild/moderate impact on age-appropriate normal daily activity (pediatric),Hospitalization indicated; invasive intervention indicated; limiting self care ADL or severe impact on age-appropriate normal daily activity (pediatric),Life-threatening consequences; urgent operative intervention indicated,Death,A disorder characterized by blockage of the normal flow of the contents in the stomach.,-,70
Oral cavity fistula,Gastrointestinal disorders,CTCAE v6.0,,Asymptomatic,"Symptomatic, invasive intervention not indicated",Invasive intervention indicated,Life-threatening consequences; urgent intervention indicated,Death,A disorder characterized by an abnormal communication between the oral cavity and another organ or anatomic site.,-,70
Oral dysesthesia,Gastrointestinal disorders,CTCAE v6.0,,Mild discomfort; not interfering with oral intake,Moderate pain; interfering with oral intake,Disabling pain; tube feeding or TPN indicated,-,-,"A disorder characterized by a burning or tingling sensation on the lips, tongue or entire mouth.",-,70
Oral hemorrhage,Gastrointestinal disorders,CTCAE v6.0,,Mild symptoms; intervention not indicated,Moderate symptoms; intervention indicated,Hospitalization,Life-threatening consequences; urgent intervention indicated,Death,A disorder characterized by bleeding from the mouth.,-,70
Oral pain,Gastrointestinal disorders,CTCAE v6.0,,Mild pain,Moderate pain; limiting instrumental ADL or mild/moderate impact on age-appropriate normal daily activity (pediatric),Severe pain; limiting self-care ADL or severe impact on age-appropriate normal daily activity (pediatric),-,-,"A disorder characterized by a sensation of marked discomfort in the mouth, tongue or lips.",Record final diagnosis/cause once determined.,71
Pancreatic duct stenosis,Gastrointestinal disorders,CTCAE v6.0,,Asymptomatic; clinical or diagnostic observations only; intervention not indicated,Symptomatic; altered GI function,Severely altered GI function; tube feeding or hospitalization indicated; elective operative intervention indicated,Life-threatening consequences; urgent operative intervention indicated,Death,A disorder characterized by a narrowing of the lumen of the pancreatic duct.,-,71
Pancreatic fistula,Gastrointestinal disorders,CTCAE v6.0,,Asymptomatic,"Symptomatic, invasive intervention not indicated",Invasive intervention indicated,Life-threatening consequences; urgent intervention indicated,Death,A disorder characterized by an abnormal communication between the pancreas and another organ or anatomic site.,-,71
Pancreatic hemorrhage,Gastrointestinal disorders,CTCAE v6.0,,Mild symptoms; intervention not indicated,Moderate symptoms; intervention indicated,Hospitalization,Life-threatening consequences; urgent intervention indicated,Death,A disorder characterized by bleeding from the pancreas.,-,72
Pancreatic insufficiency,Gastrointestinal disorders,CTCAE v6.0,,Asymptomatic and pancreatic enzymes <LLN,"Increase in stool frequency, bulk, or odor; steatorrhea",Sequelae of absorption deficiency,-,-,A disorder characterized by impaired exocrine pancreatic function usually associated with decreased pancreatic exocrine enzymes production.,-,72
Pancreatic necrosis,Gastrointestinal disorders,CTCAE v6.0,,-,-,Tube feeding or TPN indicated; invasive intervention indicated,Life-threatening consequences; urgent operative intervention indicated,Death,A disorder characterized by a necrotic process occurring in the pancreas.,-,72
Pancreatitis,Gastrointestinal disorders,CTCAE v6.0,,-,Radiologic findings only,"Severe pain; vomiting; medical intervention indicated (e.g., analgesia, nutritional support)",Life-threatening consequences; urgent intervention indicated,Death,A disorder characterized by inflammation of the pancreas with no documented pancreas infection.,-,72
Periodontal disease,Gastrointestinal disorders,CTCAE v6.0,,Gingival recession or gingivitis; limited bleeding on probing; mild local bone loss,Moderate gingival recession or gingivitis; multiple sites of bleeding on probing; moderate bone loss,Spontaneous bleeding; severe bone loss with or without tooth loss; osteonecrosis of maxilla or mandible,-,-,A disorder in the gingival tissue around the teeth.,-,73
Peritoneal necrosis,Gastrointestinal disorders,CTCAE v6.0,,-,-,Tube feeding or TPN indicated; invasive intervention indicated,Life-threatening consequences; urgent operative intervention indicated,Death,A disorder characterized by a necrotic process occurring in the peritoneum.,-,73
Proctitis,Gastrointestinal disorders,CTCAE v6.0,,"Rectal discomfort, intervention not indicated","Symptomatic (e.g., rectal discomfort, passing blood or mucus); fecal urgency or stool incontinence; medical intervention indicated; limiting instrumental ADL or mild/moderate impact on age-appropriate normal daily activity (pediatric)",Severe symptoms; limiting self-care ADL or severe impact on age-appropriate normal daily activity (pediatric),Life-threatening consequences; urgent intervention indicated,Death,A disorder characterized by inflammation of the rectum.,Consider Gastrointestinal disorders: Fecal incontinence.,73
Rectal fissure,Gastrointestinal disorders,CTCAE v6.0,,Asymptomatic,Symptomatic,Invasive intervention indicated,-,-,A disorder characterized by a tear in the lining of the rectum.,-,74
Rectal fistula,Gastrointestinal disorders,CTCAE v6.0,,Asymptomatic,"Symptomatic, invasive intervention not indicated",Invasive intervention indicated,Life-threatening consequences; urgent intervention indicated,Death,A disorder characterized by an abnormal communication between the rectum and another organ or anatomic site.,-,74
Rectal mucositis,Gastrointestinal disorders,CTCAE v6.0,,Asymptomatic or mild symptoms; intervention not indicated,Moderate symptoms; medical intervention indicated; limiting instrumental ADL or mild/moderate impact on age-appropriate normal daily activity (pediatric),Severe symptoms; limiting self-care ADL or severe impact on age-appropriate normal daily activity (pediatric),Life-threatening consequences; urgent operative intervention indicated,Death,A disorder characterized by ulceration or inflammation of the mucous membrane of the rectum.,-,74
Rectal necrosis,Gastrointestinal disorders,CTCAE v6.0,,-,-,Tube feeding or TPN indicated; invasive intervention indicated,Life-threatening consequences; urgent operative intervention indicated,Death,A disorder characterized by a necrotic process occurring in the rectal wall.,-,75
Rectal obstruction,Gastrointestinal disorders,CTCAE v6.0,,Asymptomatic; clinical or diagnostic observations only; intervention not indicated,Symptomatic; altered GI function; limiting instrumental ADL or mild/moderate impact on age-appropriate normal daily activity (pediatric),Hospitalization indicated; invasive intervention indicated; limiting self care ADL or severe impact on age-appropriate normal daily activity (pediatric),Life-threatening consequences; urgent operative intervention indicated,Death,A disorder characterized by blockage of the normal flow of the intestinal contents in the rectum.,-,75
Rectal pain,Gastrointestinal disorders,CTCAE v6.0,,Mild pain,Moderate pain; limiting instrumental ADL or mild/moderate impact on age-appropriate normal daily activity (pediatric),Severe pain; limiting self-care ADL or severe impact on age-appropriate normal daily activity (pediatric),-,-,A disorder characterized by a sensation of marked discomfort in the rectal region.,Record final diagnosis/cause once determined.,75
Rectal perforation,Gastrointestinal disorders,CTCAE v6.0,,-,Invasive intervention not indicated,Invasive intervention indicated,Life-threatening consequences; urgent operative intervention indicated,Death,A disorder characterized by a rupture in the rectal wall.,-,76
Rectal stenosis,Gastrointestinal disorders,CTCAE v6.0,,Asymptomatic; clinical or diagnostic observations only; intervention not indicated,Symptomatic; altered GI function,Severely altered GI function; tube feeding or hospitalization indicated; elective operative intervention indicated,Life-threatening consequences; urgent operative intervention indicated,Death,A disorder characterized by a narrowing of the lumen of the rectum.,-,76
Rectal ulcer,Gastrointestinal disorders,CTCAE v6.0,,Asymptomatic; clinical or diagnostic observations only; intervention not indicated,"Symptomatic; altered GI function (e.g., altered dietary habits, vomiting, diarrhea)",Severely altered GI function; TPN indicated; elective invasive intervention indicated,Life-threatening consequences; urgent operative intervention indicated,Death,"A disorder characterized by a circumscribed, erosive lesion on the mucosal surface of the rectum.",-,76
Retroperitoneal hemorrhage,Gastrointestinal disorders,CTCAE v6.0,,-,Self-limited; intervention indicated,Hospitalization,Life-threatening consequences; urgent intervention indicated,Death,A disorder characterized by bleeding from the retroperitoneal area.,-,77
Salivary duct inflammation,Gastrointestinal disorders,CTCAE v6.0,,"Slightly thickened saliva; slightly altered taste (e.g., metallic)","Thick, ropy, sticky saliva; markedly altered taste; alteration in diet indicated; secretion-induced symptoms; limiting instrumental ADL or mild/moderate impact on age-appropriate normal daily activity (pediatric)","Acute salivary gland necrosis; severe secretion-induced symptoms (e.g., thick saliva/oral secretions or gagging); tube feeding or TPN indicated; limiting self-care ADL or severe impact on age-appropriate normal daily activity (pediatric)",Life-threatening consequences; urgent intervention indicated,Death,A disorder characterized by inflammation of the salivary duct.,-,77
Salivary gland fistula,Gastrointestinal disorders,CTCAE v6.0,,Asymptomatic,"Symptomatic, invasive intervention not indicated",Invasive intervention indicated,Life-threatening consequences; urgent intervention indicated,Death,A disorder characterized by an abnormal communication between a salivary gland and another organ or anatomic site.,-,77
Small intestinal mucositis,Gastrointestinal disorders,CTCAE v6.0,,Asymptomatic or mild symptoms; intervention not indicated,Moderate symptoms; medical intervention indicated; limiting instrumental ADL or mild/moderate impact on age-appropriate normal daily activity (pediatric),"Severe pain; interfering with oral intake; tube feeding, TPN or hospitalization indicated; limiting self-care ADL or severe impact on age-appropriate normal daily activity (pediatric)",Life-threatening consequences; urgent intervention indicated,Death,A disorder characterized by ulceration or inflammation of the mucous membrane of the small intestine.,-,78
Small intestinal obstruction,Gastrointestinal disorders,CTCAE v6.0,,Asymptomatic; clinical or diagnostic observations only; intervention not indicated,Symptomatic; altered GI function; limiting instrumental ADL or mild/moderate impact on age-appropriate normal daily activity (pediatric),Hospitalization indicated; invasive intervention indicated; limiting self care ADL or severe impact on age-appropriate normal daily activity (pediatric),Life-threatening consequences; urgent operative intervention indicated,Death,A disorder characterized by blockage of the normal flow of the intestinal contents of the small intestine.,-,78
Small intestinal perforation,Gastrointestinal disorders,CTCAE v6.0,,-,Invasive intervention not indicated,Invasive intervention indicated,Life-threatening consequences; urgent operative intervention indicated,Death,A disorder characterized by a rupture in the small intestine wall.,Consider Gastrointestinal disorders: Enterocolitis.,78
Small intestinal stenosis,Gastrointestinal disorders,CTCAE v6.0,,Asymptomatic; clinical or diagnostic observations only; intervention not indicated,Symptomatic; altered GI function,"Symptomatic and severely altered GI function; tube feeding, TPN or hospitalization indicated; non-emergent operative intervention indicated",Life-threatening consequences; urgent operative intervention indicated,Death,A disorder characterized by a narrowing of the lumen of the small intestine.,-,79
Small intestine ulcer,Gastrointestinal disorders,CTCAE v6.0,,Asymptomatic; clinical or diagnostic observations only; intervention not indicated,Symptomatic; altered GI function; limiting instrumental ADL or mild/moderate impact on age-appropriate normal daily activity (pediatric),Severely altered GI function; TPN indicated; elective invasive intervention indicated; limiting self-care ADL or severe impact on age-appropriate normal daily activity (pediatric),Life-threatening consequences; urgent operative intervention indicated,Death,"A disorder characterized by a circumscribed, erosive lesion on the mucosal surface of the small intestine.",-,79
Stomach pain,Gastrointestinal disorders,CTCAE v6.0,,Mild pain,Moderate pain; limiting instrumental ADL or mild/moderate impact on age-appropriate normal daily activity (pediatric),Severe pain; limiting self-care ADL or severe impact on age-appropriate normal daily activity (pediatric),-,-,A disorder characterized by a sensation of marked discomfort in the stomach.,Record final diagnosis/cause once determined.,79
Tooth development disorder,Gastrointestinal disorders,CTCAE v6.0,,Asymptomatic; hypoplasia of tooth or enamel,Impairment correctable with oral surgery,Maldevelopment with impairment not surgically correctable; limiting self-care ADL or severe impact on age-appropriate normal daily activity (pediatric),-,-,A disorder characterized by a pathological process of the teeth occurring during tooth development.,-,80
Tooth discoloration,Gastrointestinal disorders,CTCAE v6.0,,Surface stains,-,-,-,-,A disorder characterized by a change in tooth hue or tint.,-,80
Toothache,Gastrointestinal disorders,CTCAE v6.0,,Mild pain,Moderate pain; limiting instrumental ADL or mild/moderate impact on age-appropriate normal daily activity (pediatric),Severe pain; limiting self-care ADL or severe impact on age-appropriate normal daily activity (pediatric),-,-,A disorder characterized by a sensation of marked discomfort in the tooth.,-,80
Typhlitis,Gastrointestinal disorders,CTCAE v6.0,,-,-,"Symptomatic (e.g., abdominal pain, fever, change in bowel habits with ileus); peritoneal signs",Life-threatening consequences; urgent operative intervention indicated,Death,"A disorder characterized by necrotizing enterocolitis in neutropenic patients. Also referred to as neutropenic enterocolitis, ileocecal syndrome, or cecitis.","Includes Clostridioides difficile (c. diff, c. difficile). Also report Investigations: Neutrophil count decreased; Also consider Infections and infestations: Cecal infection.",81
Upper gastrointestinal hemorrhage,Gastrointestinal disorders,CTCAE v6.0,,Mild symptoms; intervention not indicated,Moderate symptoms; intervention indicated,Hospitalization,Life-threatening consequences; urgent intervention indicated,Death,"A disorder characterized by bleeding from the upper gastrointestinal tract (oral cavity, pharynx, esophagus, and stomach).",-,81
Visceral arterial ischemia,Gastrointestinal disorders,CTCAE v6.0,,-,Brief (<24 hrs) episode of ischemia managed medically and without permanent deficit,Prolonged (≥24 hrs) or recurring symptoms and/or invasive intervention indicated,Life-threatening consequences; evidence of end organ damage; urgent operative intervention indicated,Death,A disorder characterized by a decrease in blood supply due to narrowing or blockage of a visceral (mesenteric) artery.,-,81
Vomiting,Gastrointestinal disorders,CTCAE v6.0,,Intervention not indicated,Initiation of outpatient IV hydration; medical intervention indicated,"Initiation of tube feeding, or TPN; hospitalization indicated",Life-threatening consequences,Death,A disorder characterized by the reflexive act of ejecting the contents of the stomach through the mouth.,"Consider Gastrointestinal disorders: Enterocolitis, Gastritis and/or Endocrine disorders: Adrenal insufficiency, Hypophysitis.",82
Chills,General disorders and administration site conditions,CTCAE v6.0,,Mild sensation of cold; shivering; chattering of teeth,Moderate tremor of the entire body; narcotics indicated,"Severe or prolonged, not responsive to narcotics",-,-,A disorder characterized by a sensation of cold that often marks a physiologic response to sweating after a fever.,"Consider Injury, poisoning and procedural complications: Infusion related reaction.",83
Death neonatal,General disorders and administration site conditions,CTCAE v6.0,,-,-,-,Neonatal loss of life,-,Newborn death occurring during the first 28 days after birth.,-,83
Death NOS,General disorders and administration site conditions,CTCAE v6.0,,-,-,-,-,Death,Death that cannot be attributed to a CTCAE term associated with Grade 5.,"If death is due to an AE (ex., Cardiac disorders: Cardiac arrest), report as a Grade 5 event under that AE.",83
Disease progression,General disorders and administration site conditions,CTCAE v6.0,,-,-,-,-,Death,Death due to disease progression that cannot be attributed to a CTCAE term associated with Grade 5.,"If death is due to an AE (ex., Cardiac disorders: Cardiac arrest), report as a Grade 5 event under that AE.",83
Edema face,General disorders and administration site conditions,CTCAE v6.0,,Localized edema,Moderate localized edema; limiting instrumental ADL or mild/moderate impact on age-appropriate normal daily activity (pediatric),Severe swelling; limiting self-care ADL or severe impact on age-appropriate normal daily activity (pediatric),-,-,A disorder characterized by swelling due to excessive fluid accumulation in facial area tissues.,Record final diagnosis/cause once determined.,84
Facial pain,General disorders and administration site conditions,CTCAE v6.0,,Mild pain,Moderate pain; limiting instrumental ADL or mild/moderate impact on age-appropriate normal daily activity (pediatric),Severe pain; limiting self-care ADL or severe impact on age-appropriate normal daily activity (pediatric),-,-,A disorder characterized by a sensation of marked discomfort in the face.,Record final diagnosis/cause once determined.,84
Fatigue,General disorders and administration site conditions,CTCAE v6.0,,Fatigue relieved by rest,Fatigue not relieved by rest; limiting instrumental ADL or mild/moderate impact on age-appropriate normal daily activity (pediatric),"Fatigue not relieved by rest, limiting self-care ADL or severe impact on age-appropriate normal daily activity (pediatric)",-,-,A disorder characterized by a state of generalized weakness with a pronounced inability to summon sufficient energy to accomplish daily activities.,Record final diagnosis/cause once determined.,84
Fever,General disorders and administration site conditions,CTCAE v6.0,,38.0 - 39.0 degrees C (100.4 - 102.2 degrees F),>39.0 - 40.0 degrees C (102.3 - 104.0 degrees F),>40.0 degrees C (>104.0 degrees F) for ≤24 hrs,>40.0 degrees C (>104.0 degrees F) for >24 hrs,Death,A disorder characterized by elevation of the body's temperature above the upper limit of normal.,"Consider Injury, poisoning and procedural complications: Infusion related reaction.",85
Flu like symptoms,General disorders and administration site conditions,CTCAE v6.0,,Mild flu-like symptoms present,Moderate symptoms; limiting instrumental ADL or mild/moderate impact on age-appropriate normal daily activity (pediatric),Severe symptoms; limiting self-care ADL or severe impact on age-appropriate normal daily activity (pediatric),-,-,"A disorder characterized by a group of symptoms similar to those observed in patients with the flu. It includes fever, chills, body aches, malaise, loss of appetite and dry cough.","Synonym: Flu, Influenza; Consider Injury, poisoning and procedural complications: Infusion related reaction.",85
Gait disturbance,General disorders and administration site conditions,CTCAE v6.0,,"Mild change in gait (e.g., wide-based, limping or hobbling)","Moderate change in gait (e.g., wide-based, limping or hobbling); assistive device indicated; limiting instrumental ADL or mild/moderate impact on age-appropriate normal daily activity (pediatric)",Limiting self-care ADL or severe impact on age-appropriate normal daily activity (pediatric),-,-,A disorder characterized by walking difficulties.,-,85
"General disorders and administration site conditions - Other, specify",General disorders and administration site conditions,CTCAE v6.0,,Asymptomatic or mild symptoms; clinical or diagnostic observations only; intervention not indicated,"Moderate; minimal, local or noninvasive intervention indicated; limiting instrumental ADL or mild/moderate impact on age-appropriate normal daily activity (pediatric)",Severe or medically significant but not immediately life-threatening; hospitalization or prolongation of existing hospitalization indicated; limiting self-care ADL or severe impact on age-appropriate normal daily activity (pediatric),Life-threatening consequences; urgent intervention indicated,Death,-,-,86
Generalized edema,General disorders and administration site conditions,CTCAE v6.0,,Noted on exam; 1+ pitting edema,Oral therapy initiated; interfering with instrumental ADLs or mild/moderate impact on age-appropriate normal daily activity (pediatric),Interferes with self-care ADL or severe impact on age-appropriate normal daily activity (pediatric); intravenous IV therapy indicated; skin breakdown,Life-threatening consequences,-,A disorder characterized by fluid accumulation in the tissues of the body including the skin.,Record final diagnosis/cause once determined.,86
Hypothermia,General disorders and administration site conditions,CTCAE v6.0,,-,35 - >32 degrees C; 95 - >89.6 degrees F,32 - >28 degrees C; 89.6 - >82.4 degrees F,"≤28 degrees C; 82.4 degrees F; life-threatening consequences (e.g., coma, hypotension, pulmonary edema, acidemia, ventricular fibrillation)",Death,A disorder characterized by an abnormally low body temperature. Treatment is required when the body temperature is 35C (95F) or below.,-,87
Infusion site extravasation,General disorders and administration site conditions,CTCAE v6.0,,Painless edema,"Erythema with associated symptoms (e.g., edema, pain, induration, phlebitis)",Ulceration or necrosis; severe tissue damage; operative intervention indicated,Life-threatening consequences; urgent intervention indicated,Death,"A disorder characterized by leakage of the infusion into the surrounding tissue. Signs and symptoms may include induration, erythema, swelling, burning sensation and marked discomfort at the infusion site.",-,87
Injection site reaction,General disorders and administration site conditions,CTCAE v6.0,,"Tenderness with or without associated symptoms (e.g., warmth, erythema, itching)",Pain; lipodystrophy; edema; phlebitis,Ulceration or necrosis; severe tissue damage; operative intervention indicated,Life-threatening consequences; urgent intervention indicated,Death,A disorder characterized by an intense adverse reaction (usually immunologic) developing at the site of an injection.,-,87
Localized edema,General disorders and administration site conditions,CTCAE v6.0,,"Localized to dependent areas, no disability or functional impairment",Moderate localized edema and intervention indicated; limiting instrumental ADL or mild/moderate impact on age-appropriate normal daily activity (pediatric),Severe localized edema and intervention indicated; limiting self-care ADL or severe impact on age-appropriate normal daily activity (pediatric),-,-,A disorder characterized by swelling due to excessive fluid accumulation at a specific anatomic site.,"Prior to using this term consider specific edema areas and/or causes: Cardiac disorders: Heart failure; General disorders and administration site conditions: Edema face, Peripheral edema; Nervous system disorders: Edema cerebral; Respiratory, thoracic and mediastinal disorders: Laryngeal edema, Pulmonary edema; Eye disorders: Periorbital edema; Vascular disorders: Lymphedema. Record final diagnosis/cause once determined.",88
Malaise,General disorders and administration site conditions,CTCAE v6.0,,Uneasiness or lack of well being,Uneasiness or lack of well being limiting instrumental ADL or mild/moderate impact on age-appropriate normal daily activity (pediatric),Uneasiness or lack of well being limiting self-care ADL or severe impact on age-appropriate normal daily activity (pediatric),-,-,"A disorder characterized by a feeling of general discomfort or uneasiness, an out-of-sorts feeling.",-,88
Multi-organ failure,General disorders and administration site conditions,CTCAE v6.0,,-,-,Shock with azotemia and acid-base disturbances; significant coagulation abnormalities,"Life-threatening consequences (e.g., vasopressor dependent and oliguric or anuric or ischemic colitis or lactic acidosis)",Death,"A disorder characterized by progressive deterioration of the lungs, liver, kidney and clotting mechanisms.",-,89
Non-cardiac chest pain,General disorders and administration site conditions,CTCAE v6.0,,Mild pain,Moderate pain; limiting instrumental ADL or mild/moderate impact on age-appropriate normal daily activity (pediatric),Severe pain; limiting self-care ADL or severe impact on age-appropriate normal daily activity (pediatric),-,-,A disorder characterized by a sensation of marked discomfort in the chest unrelated to a heart disorder.,Record final diagnosis/cause once determined.,89
Pain,General disorders and administration site conditions,CTCAE v6.0,,Mild pain,Moderate pain; limiting instrumental ADL or mild/moderate impact on age-appropriate normal daily activity (pediatric),Severe pain; limiting self-care ADL or severe impact on age-appropriate normal daily activity (pediatric),-,-,"A disorder characterized by the sensation of marked discomfort, distress or agony.",Prior to using this term consider using a specific body part pain term found throughout the CTCAE (over 40 different pain terms). Record final diagnosis/cause once determined.,89
Peripheral edema,General disorders and administration site conditions,CTCAE v6.0,,Swelling or obscuration of anatomic architecture on close inspection,Readily apparent obscuration of anatomic architecture; obliteration of skin folds; readily apparent deviation from normal anatomic contour; limiting instrumental ADL or mild/moderate impact on age-appropriate normal daily activity (pediatric),Gross deviation from normal anatomic contour; limiting self-care ADL or severe impact on age-appropriate normal daily activity (pediatric),-,-,A disorder characterized by swelling due to excessive fluid accumulation in the body periphery.,Consider Cardiac disorders: Heart failure; Record final diagnosis/cause once determined.,90
Pneumatosis,General disorders and administration site conditions,CTCAE v6.0,,Asymptomatic; clinical or diagnostic observations only; intervention not indicated,Moderate symptoms; medical intervention indicated,Severe symptoms; operative intervention indicated,Life-threatening consequences; urgent operative intervention indicated,Death,A finding of gas in the bowel wall.,-,90
Sudden death NOS,General disorders and administration site conditions,CTCAE v6.0,,-,-,-,-,Death,An unexpected death that cannot be attributed to a CTCAE term associated with Grade 5.,"If death is due to an AE (ex., Cardiac disorders: Cardiac arrest), report as a Grade 5 event under that AE.",90
Vaccination site lymphadenopathy,General disorders and administration site conditions,CTCAE v6.0,,Local lymph node enlargement,Localized ulceration; generalized lymph node enlargement,-,-,-,A disorder characterized by lymph node enlargement after vaccination.,-,91
Bile duct stenosis,Hepatobiliary disorders,CTCAE v6.0,,Asymptomatic; clinical or diagnostic observations only; intervention not indicated,Symptomatic; altered GI function; IV fluids indicated <24 hrs,Severely altered GI function; invasive intervention indicated,Life-threatening consequences; urgent operative intervention indicated,Death,A disorder characterized by a narrowing of the lumen of the bile duct.,-,92
Biliary fistula,Hepatobiliary disorders,CTCAE v6.0,,-,"Symptomatic, invasive intervention not indicated",Invasive intervention indicated,Life-threatening consequences; urgent intervention indicated,Death,A disorder characterized by an abnormal communication between the bile ducts and another organ or anatomic site.,-,92
Biliary obstruction,Hepatobiliary disorders,CTCAE v6.0,,Asymptomatic; clinical or diagnostic observations only; intervention not indicated,Symptomatic; altered GI function; IV fluids indicated <24 hrs,Symptomatic and severely altered GI function; hospitalization indicated; non-emergent operative intervention indicated,Life-threatening consequences; urgent operative intervention indicated,Death,A disorder characterized by blockage of the normal flow of the normal flow of bile.,-,92
Budd-Chiari syndrome,Hepatobiliary disorders,CTCAE v6.0,,-,Medical management indicated,Severe or medically significant but not immediately life-threatening; hospitalization or prolongation of existing hospitalization indicated; asterixis; mild encephalopathy,Life-threatening consequences; moderate to severe encephalopathy; coma,Death,"A disorder characterized by occlusion of the hepatic veins and typically presents with abdominal pain, ascites and hepatomegaly.",-,93
Cholecystitis,Hepatobiliary disorders,CTCAE v6.0,,-,Symptomatic; medical intervention indicated,Severe symptoms; invasive intervention indicated,Life-threatening consequences; urgent operative intervention indicated,Death,A disorder characterized by inflammation involving the gallbladder. It may be associated with the presence of gallstones.,-,93
Gallbladder fistula,Hepatobiliary disorders,CTCAE v6.0,,Asymptomatic,"Symptomatic, invasive intervention not indicated",Invasive intervention indicated,Life-threatening consequences; urgent intervention indicated,Death,A disorder characterized by an abnormal communication between the gallbladder and another organ or anatomic site.,-,93
Gallbladder necrosis,Hepatobiliary disorders,CTCAE v6.0,,-,-,-,Life-threatening consequences; urgent invasive intervention indicated,Death,A disorder characterized by a necrotic process occurring in the gallbladder.,-,94
Gallbladder obstruction,Hepatobiliary disorders,CTCAE v6.0,,Asymptomatic; clinical or diagnostic observations only; intervention not indicated,Symptomatic; altered GI function; IV fluids indicated <24 hrs,Symptomatic and severely altered GI function; hospitalization indicated; non-emergent operative intervention indicated,Life-threatening consequences; urgent operative intervention indicated,Death,A disorder characterized by blockage of the normal flow of the contents of the gallbladder.,-,94
Gallbladder pain,Hepatobiliary disorders,CTCAE v6.0,,Mild pain,Moderate pain; limiting instrumental ADL or mild/moderate impact on age-appropriate normal daily activity (pediatric),Severe pain; limiting self-care ADL or severe impact on age-appropriate normal daily activity (pediatric),-,-,A disorder characterized by a sensation of marked discomfort in the gallbladder region.,Record final diagnosis/cause once determined.,94
Gallbladder perforation,Hepatobiliary disorders,CTCAE v6.0,,-,-,-,Life-threatening consequences; urgent intervention indicated,Death,A disorder characterized by a rupture in the gallbladder wall.,-,95
Hepatic failure,Hepatobiliary disorders,CTCAE v6.0,,-,-,Asterixis; mild encephalopathy; drug- induced liver injury (DILI); limiting self-care ADL or severe impact on age-appropriate normal daily activity (pediatric),Life-threatening consequences; moderate to severe encephalopathy; coma,Death,"A disorder characterized by the inability of the liver to metabolize chemicals in the body. Laboratory test results reveal abnormal plasma levels of ammonia, bilirubin, lactic dehydrogenase, alkaline phosphatase, aminotransferase, and/or prolongation of prothrombin time (INR.) Drug-induced liver injury (DILI) as defined by Hy's Law.",-,95
Hepatic hemorrhage,Hepatobiliary disorders,CTCAE v6.0,,Mild symptoms; intervention not indicated,Moderate symptoms; intervention indicated,Hospitalization,Life-threatening consequences; urgent intervention indicated,Death,A disorder characterized by bleeding from the liver.,-,95
Hepatic necrosis,Hepatobiliary disorders,CTCAE v6.0,,-,-,-,Life-threatening consequences; urgent invasive intervention indicated,Death,A disorder characterized by a necrotic process occurring in the hepatic parenchyma.,-,96
Hepatic pain,Hepatobiliary disorders,CTCAE v6.0,,Mild pain,Moderate pain; limiting instrumental ADL or mild/moderate impact on age-appropriate normal daily activity (pediatric),Severe pain; limiting self-care ADL or severe impact on age-appropriate normal daily activity (pediatric),-,-,A disorder characterized by a sensation of marked discomfort in the liver region.,Record final diagnosis/cause once determined.,96
Hepatitis,Hepatobiliary disorders,CTCAE v6.0,,-,Moderate symptoms; medical intervention indicated,Symptomatic liver dysfunction; compensated cirrhosis; hospitalization or prolongation of existing hospitalization indicated,"Life-threatening consequences; severe decompensated liver function (e.g., coagulopathy, encephalopathy, coma)",Death,A disorder characterized by inflammation of the liver.,"Consider Infections and infestations: Hepatitis viral, Hepatobiliary disorders: Hepatic failure. Report Autoimmune hepatitis under Hepatobiliary disorders: Other, specify.",96
"Hepatobiliary disorders - Other, specify",Hepatobiliary disorders,CTCAE v6.0,,Asymptomatic or mild symptoms; clinical or diagnostic observations only; intervention not indicated,"Moderate; minimal, local or noninvasive intervention indicated; limiting instrumental ADL or mild/moderate impact on age-appropriate normal daily activity (pediatric)",Severe or medically significant but not immediately life-threatening; hospitalization or prolongation of existing hospitalization indicated; limiting self-care ADL or severe impact on age-appropriate normal daily activity (pediatric),Life-threatening consequences; urgent intervention indicated,Death,-,-,97
Perforation bile duct,Hepatobiliary disorders,CTCAE v6.0,,-,-,Invasive intervention indicated,Life-threatening consequences; urgent operative intervention indicated,Death,A disorder characterized by a rupture in the wall of the extrahepatic or intrahepatic bile duct.,-,97
Portal hypertension,Hepatobiliary disorders,CTCAE v6.0,,-,Decreased portal vein flow,Reversal/retrograde portal vein flow; associated with varices and/or ascites,Life-threatening consequences; urgent intervention indicated,Death,A disorder characterized by an increase in blood pressure in the portal venous system.,-,97
Portal vein thrombosis,Hepatobiliary disorders,CTCAE v6.0,,-,Intervention not indicated,Medical intervention indicated,Life-threatening consequences; urgent intervention indicated,Death,A disorder characterized by the formation of a thrombus (blood clot) in the portal vein.,-,98
Sinusoidal obstruction syndrome,Hepatobiliary disorders,CTCAE v6.0,,-,"Blood bilirubin 2 - 5 mg/dL; minor interventions required (i.e., blood product, diuretic, oxygen)","Blood bilirubin >5 mg/dL; coagulation modifier indicated (e.g., defibrotide); reversal of flow on ultrasound","Life-threatening consequences (e.g., ventilatory support, dialysis, plasmapheresis, peritoneal drainage)",Death,A disorder characterized by severe hepatic injury as a result of the blood vessels of the liver becoming inflamed and/or blocked.,-,98
Allergic reaction,Immune system disorders,CTCAE v6.0,,Systemic intervention not indicated,Oral intervention indicated,Bronchospasm; hospitalization indicated for clinical sequelae; IV intervention indicated,Life-threatening consequences; urgent intervention indicated,Death,A disorder characterized by an adverse general response from exposure to an allergen.,"If related to infusion, consider Injury, poisoning and procedural complications: Infusion related reaction. If related to immunization, consider Injury, poisoning and procedural complications: Systemic post-immunization reaction. Do not report both.",99
Anaphylaxis,Immune system disorders,CTCAE v6.0,,-,-,"Symptomatic bronchospasm, with or without urticaria; parenteral intervention indicated; allergy-related edema/angioedema; hypotension",Life-threatening consequences; urgent intervention indicated,Death,"A disorder characterized by an acute inflammatory reaction resulting from the release of histamine and histamine-like substances from mast cells, causing a hypersensitivity immune response. Clinically, it presents with breathing difficulty, dizziness, hypotension, cyanosis and loss of consciousness and may lead to death.","If related to infusion, consider Injury, poisoning and procedural complications: Infusion related reaction. Do not report both.",99
Autoimmune disorder,Immune system disorders,CTCAE v6.0,,"Asymptomatic; serologic or other evidence of autoimmune reaction, with normal organ function; intervention not indicated","Evidence of autoimmune reaction involving a non- essential organ or function (e.g., hypothyroidism)","Autoimmune reactions involving major organ (e.g., colitis, anemia, myocarditis, kidney)",Life-threatening consequences; urgent intervention indicated,Death,"A disorder characterized by loss of function or tissue destruction of an organ or multiple organs, arising from humoral or cellular immune responses of the individual to his own tissue constituents.",Prior to using this term consider specific autoimmune AEs.,100
Cytokine release syndrome,Immune system disorders,CTCAE v6.0,,Fever with or without constitutional symptoms,Hypotension responding to fluids; hypoxia requiring low- flow nasal cannula or blow- by,"Hypotension managed with one pressor; hypoxia requiring high-flow nasal cannula, facemask, nonrebreather mask, or Venturi mask",Life-threatening consequences; urgent intervention indicated,Death,"A disorder characterized by fever, tachypnea, headache, tachycardia, hypotension, rash, and/or hypoxia caused by the release of cytokines.","Consider reporting other organ dysfunctions including neurological toxicities such as: Psychiatric disorders: Confusion, Hallucinations; Nervous system disorders: Dysphasia, Headache, Seizure, Tremor.",100
Graft versus host disease,Immune system disorders,CTCAE v6.0,,-,Oral intervention indicated,IV intervention indicated,Life-threatening consequences; urgent intervention indicated,Death,A disorder characterized by donor cells attacking the recipient's organs.,-,100
"Immune system disorders - Other, specify",Immune system disorders,CTCAE v6.0,,Asymptomatic or mild symptoms; clinical or diagnostic observations only; intervention not indicated,"Moderate; minimal, local or noninvasive intervention indicated; limiting instrumental ADL or mild/moderate impact on age-appropriate normal daily activity (pediatric)",Severe or medically significant but not immediately life-threatening; hospitalization or prolongation of existing hospitalization indicated; limiting self-care ADL or severe impact on age-appropriate normal daily activity (pediatric),Life-threatening consequences; urgent intervention indicated,Death,-,"Use for diagnoses not present in CTCAE (ex. Sjogren's syndrome, etc.).",101
Secondary hemophagocytic lymphohistiocytosis,Immune system disorders,CTCAE v6.0,,Asymptomatic or mild symptoms; requiring clinical and/or diagnostic evaluation; intervention not indicated,"Moderate symptoms; intervention indicated (e.g., immunosuppressive agents)",Severe or medically significant but not immediately life threatening; hospitalization or prolongation of existing hospitalization indicated,Life-threatening consequences; urgent intervention indicated,Death,"A disorder characterized by the development of a pathological and biochemical hyperinflammatory syndrome characterized by fever, cytopenias, hyperferritinemia, coagulopathy, hypofibrinogenemia and/or transaminitis and is attributable to therapy.",-,101
Serum sickness,Immune system disorders,CTCAE v6.0,,Clinical or diagnostic observations only; intervention not indicated,"Moderate arthralgia; fever, rash, urticaria, antihistamines indicated",Severe arthralgia or arthritis; extensive rash; steroids or IV fluids indicated,Life-threatening consequences; pressor or ventilatory support indicated,Death,"A disorder characterized by a delayed-type hypersensitivity reaction to foreign proteins derived from an animal serum. It occurs approximately six to twenty-one days following the administration of the foreign antigen. Symptoms include fever, arthralgias, myalgias, skin eruptions, lymphadenopathy, chest marked discomfort and dyspnea.",-,102
Abdominal infection,Infections and infestations,CTCAE v6.0,,-,"Oral intervention indicated (e.g., antibiotic, antifungal, or antiviral)","IV antibiotic, antifungal, or antiviral intervention indicated; invasive intervention indicated",Life-threatening consequences; urgent intervention indicated,Death,A disorder characterized by an infectious process involving the abdominal cavity.,-,103
Anorectal infection,Infections and infestations,CTCAE v6.0,,"Localized, local intervention indicated","Oral intervention indicated (e.g., antibiotic, antifungal, or antiviral)","IV antibiotic, antifungal, or antiviral intervention indicated; invasive intervention indicated",Life-threatening consequences; urgent intervention indicated,Death,A disorder characterized by an infectious process involving the anal area and the rectum.,-,103
Appendicitis,Infections and infestations,CTCAE v6.0,,-,-,"IV antibiotic, antifungal, or antiviral intervention indicated; invasive intervention indicated",Life-threatening consequences; urgent intervention indicated,Death,A disorder characterized by acute inflammation to the vermiform appendix caused by a pathogenic agent.,-,103
Appendicitis perforated,Infections and infestations,CTCAE v6.0,,-,-,Medical intervention indicated; operative intervention indicated,Life-threatening consequences; urgent intervention indicated,Death,A disorder characterized by acute inflammation to the vermiform appendix caused by a pathogenic agent with gangrenous changes resulting in the rupture of the appendiceal wall. The appendiceal wall rupture causes the release of inflammatory and bacterial contents from the appendiceal lumen into the abdominal cavity.,-,104
Arteritis infective,Infections and infestations,CTCAE v6.0,,-,-,"IV antibiotic, antifungal, or antiviral intervention indicated; invasive intervention indicated",Life-threatening consequences; urgent intervention indicated,Death,A disorder characterized by an infectious process involving an artery.,-,104
Aseptic meningitis,Infections and infestations,CTCAE v6.0,,-,-,Steroid therapy indicated; severe changes in mental status; self-limited seizure activity; neurologic abnormalities,Life-threatening consequences; urgent intervention indicated,Death,A disorder characterized by an inflammatory process of the meninges of the brain and/or spinal cord.,Consider Infections and infestations: Meningitis.,104
Bacteremia,Infections and infestations,CTCAE v6.0,,-,Blood culture positive with no signs or symptoms,-,-,-,A disorder characterized by the presence of bacteria in the blood stream.,"Grade 2 with hospitalization is acceptable; Consider Infections and infestations: Sepsis (Grades 3, 4 & 5).",105
Biliary tract infection,Infections and infestations,CTCAE v6.0,,-,"Oral intervention indicated (e.g., antibiotic, antifungal, or antiviral)","IV antibiotic, antifungal, or antiviral intervention indicated; invasive intervention indicated",Life-threatening consequences; urgent intervention indicated,Death,A disorder characterized by an infectious process involving the biliary tract.,-,105
Bladder infection,Infections and infestations,CTCAE v6.0,,-,"Oral intervention indicated (e.g., antibiotic, antifungal, or antiviral)","IV antibiotic, antifungal, or antiviral intervention indicated; invasive intervention indicated",Life-threatening consequences; urgent intervention indicated,Death,A disorder characterized by an infectious process involving the bladder.,-,105
Bone infection,Infections and infestations,CTCAE v6.0,,-,"Oral intervention indicated (e.g., antibiotic, antifungal, or antiviral)","IV antibiotic, antifungal, or antiviral intervention indicated; invasive intervention indicated",Life-threatening consequences; urgent intervention indicated,Death,A disorder characterized by an infectious process involving the bones.,-,105
Breast infection,Infections and infestations,CTCAE v6.0,,-,"Local infection with moderate symptoms; oral intervention indicated (e.g., antibiotic, antifungal, or antiviral)","IV antibiotic, antifungal, or antiviral intervention indicated; severe infection; axillary adenitis",Life-threatening consequences; urgent intervention indicated,Death,A disorder characterized by an infectious process involving the breast.,-,106
Bronchial infection,Infections and infestations,CTCAE v6.0,,-,"Moderate symptoms; oral intervention indicated (e.g., antibiotic, antifungal, or antiviral)","IV antibiotic, antifungal, or antiviral intervention indicated; invasive intervention indicated",Life-threatening consequences; urgent intervention indicated,Death,A disorder characterized by an infectious process involving the bronchi.,-,106
Candidiasis,Infections and infestations,CTCAE v6.0,,Asymptomatic; local symptom management indicated,"Oral intervention indicated (e.g., antifungal)",IV antifungal intervention indicated,Life-threatening consequences,Death,A disorder characterized by a fungal infection caused by candida.,If recovered in bloodstream report as Infections and infestations: Fungemia.,106
Catheter related infection,Infections and infestations,CTCAE v6.0,,-,"Localized; local intervention indicated; oral intervention indicated (e.g., antibiotic, antifungal, or antiviral)","IV antibiotic, antifungal, or antiviral intervention indicated; invasive intervention indicated",Life-threatening consequences; urgent intervention indicated,Death,A disorder characterized by an infectious process that involves a catheter or port.,"If related to a device other than a catheter or port, use Infections and infestations: Device related infection.",107
Cecal infection,Infections and infestations,CTCAE v6.0,,-,"Localized; oral intervention indicated (e.g., antibiotic, antifungal, or antiviral)","IV antibiotic, antifungal, or antiviral intervention indicated; invasive intervention indicated",Life-threatening consequences; urgent intervention indicated,Death,A disorder characterized by an infectious process involving the cecum.,-,107
Cervicitis infection,Infections and infestations,CTCAE v6.0,,-,"Localized; local intervention indicated (e.g., topical antibiotic, antifungal, or antiviral)","IV antibiotic, antifungal, or antiviral intervention indicated; invasive intervention indicated",Life-threatening consequences; urgent intervention indicated,Death,A disorder characterized by an infectious process involving the uterine cervix.,-,107
Conjunctivitis,Infections and infestations,CTCAE v6.0,,Asymptomatic or mild symptoms; intervention not indicated,Symptomatic; moderate decrease in visual acuity (best corrected visual acuity 20/40 and better or 3 lines or less decreased vision from known baseline),"Symptomatic with marked decrease in visual acuity (best corrected visual acuity worse than 20/40 or more than 3 lines of decreased vision from known baseline, up to 20/200); limiting self-care ADL or severe impact on age-appropriate normal daily activity (pediatric)",Best corrected visual acuity of 20/200 or worse in the affected eye,-,"A disorder characterized by inflammation, swelling and redness to the conjunctiva of the eye.",Consider Infections and infestations: Conjunctivitis infective if caused by infection.,108
Conjunctivitis infective,Infections and infestations,CTCAE v6.0,,-,"Localized; local intervention indicated (e.g., topical antibiotic, antifungal, or antiviral)","IV antibiotic, antifungal, or antiviral intervention indicated; invasive intervention indicated",Life-threatening consequences; urgent intervention indicated,-,A disorder characterized by an infectious process involving the conjunctiva. Clinical manifestations include pink or red color in the eyes.,-,108
Corneal infection,Infections and infestations,CTCAE v6.0,,-,"Localized; local intervention indicated (e.g., topical antibiotic, antifungal, or antiviral)","IV antibiotic, antifungal, or antiviral intervention indicated; invasive intervention indicated",Life-threatening consequences; urgent intervention indicated,Death,A disorder characterized by an infectious process involving the cornea.,-,108
Cranial nerve infection,Infections and infestations,CTCAE v6.0,,-,-,"IV antibiotic, antifungal, or antiviral intervention indicated; invasive intervention indicated",Life-threatening consequences; urgent intervention indicated,Death,A disorder characterized by an infectious process involving a cranial nerve.,-,109
Cytomegalovirus infection reactivation,Infections and infestations,CTCAE v6.0,,Asymptomatic or mild symptoms; clinical or diagnostic observations only; intervention not indicated,Moderate symptoms; medical intervention indicated,Severe or medically significant but not immediately life-threatening; hospitalization or prolongation of existing hospitalization indicated; IV intervention indicated,Life-threatening consequences; urgent intervention indicated; blindness,Death,A disorder characterized by the reactivation of cytomegalovirus (CMV).,Synonym: CMV,109
Device related infection,Infections and infestations,CTCAE v6.0,,-,"Oral intervention indicated (e.g., antibiotic, antifungal)","IV antibiotic, antifungal, or antiviral intervention indicated; invasive intervention indicated",Life-threatening consequences; urgent intervention indicated,Death,A disorder characterized by an infectious process involving the use of a medical device.,"If related to a catheter or port, use Infections and infestations: Catheter related infection.",109
Duodenal infection,Infections and infestations,CTCAE v6.0,,-,"Moderate symptoms; medical intervention indicated (e.g., oral antibiotics)","IV antibiotic, antifungal, or antiviral intervention indicated; invasive intervention indicated",Life-threatening consequences; urgent intervention indicated,Death,A disorder characterized by an infectious process involving the duodenum.,-,110
Encephalitis,Infections and infestations,CTCAE v6.0,,-,-,"IV antibiotic, antifungal, or antiviral intervention indicated; steroid therapy indicated; severe changes in mental status; self-limited seizure activity; neurologic abnormalities",Life-threatening consequences; urgent intervention indicated,Death,A disorder characterized by an infectious or inflammatory process involving the brain tissue.,-,110
Encephalomyelitis,Infections and infestations,CTCAE v6.0,,-,-,"IV antibiotic, antifungal, or antiviral intervention indicated; steroid therapy indicated; severe changes in mental status; self-limited seizure activity; neurologic abnormalities",Life-threatening consequences; urgent intervention indicated,Death,A disorder characterized by an infectious or inflammatory process involving the brain and spinal cord tissues.,-,110
Endocarditis infective,Infections and infestations,CTCAE v6.0,,-,-,"IV antibiotic, antifungal, or antiviral intervention indicated; invasive intervention indicated",Life-threatening consequences; urgent intervention indicated,Death,A disorder characterized by an infectious process involving the endocardial layer of the heart.,-,111
Endophthalmitis,Infections and infestations,CTCAE v6.0,,-,Local intervention indicated,Systemic intervention; hospitalization indicated,Best corrected visual acuity of 20/200 or worse in the affected eye,-,A disorder characterized by an infectious process involving the internal structures of the eye.,-,111
Enterocolitis infectious,Infections and infestations,CTCAE v6.0,,-,"Passage of >3 unformed stools per 24 hrs or duration of illness >48 hrs; moderate abdominal pain; oral intervention indicated (e.g., antibiotic, antifungal, or antiviral)","IV antibiotic, antifungal, or antiviral intervention indicated; invasive intervention indicated; profuse watery diarrhea with signs of hypovolemia; bloody diarrhea; fever; severe abdominal pain; hospitalization indicated",Life-threatening consequences; urgent intervention indicated,Death,A disorder characterized by an infectious process involving the small and/or large intestines.,"Includes Clostridioides difficile (c. diff, c. difficile). Consider Gastrointestinal disorders: Typhlitis, Infections and infestations: Cecal infection.",111
Epstein-Barr virus infection reactivation,Infections and infestations,CTCAE v6.0,,Asymptomatic or mild symptoms; clinical or diagnostic observations only; intervention not indicated,Moderate symptoms; medical intervention indicated,Severe or medically significant but not immediately life-threatening; hospitalization or prolongation of existing hospitalization indicated; IV intervention indicated,Life-threatening consequences; urgent intervention indicated,Death,A disorder characterized by the reactivation of Epstein-Barr virus (EBV).,Synonym: EBV,112
Esophageal infection,Infections and infestations,CTCAE v6.0,,-,"Local intervention indicated (e.g., oral antibiotic, antifungal, antiviral)","IV antibiotic, antifungal, or antiviral intervention indicated; invasive intervention indicated",Life-threatening consequences; urgent intervention indicated,Death,A disorder characterized by an infectious process involving the esophagus.,-,112
Eye infection,Infections and infestations,CTCAE v6.0,,-,"Localized; local intervention indicated (e.g., topical antibiotic, antifungal, or antiviral)","IV antibiotic, antifungal, or antiviral intervention indicated; invasive intervention indicated",Life-threatening consequences; urgent intervention indicated; enucleation,Death,A disorder characterized by an infectious process involving the eye.,-,112
Folliculitis,Infections and infestations,CTCAE v6.0,,No intervention indicated,Topical intervention initiated,Systemic intervention indicated,-,-,A disorder characterized by inflammation or infection of the hair follicles.,-,113
Fungemia,Infections and infestations,CTCAE v6.0,,-,Moderate symptoms; medical intervention indicated,Severe or medically significant but not immediately life-threatening; hospitalization or prolongation of existing hospitalization indicated,-,-,A disorder characterized by the presence of fungus in the blood stream.,-,113
Gallbladder infection,Infections and infestations,CTCAE v6.0,,-,"Oral intervention indicated (e.g., antibiotic, antifungal, or antiviral)","IV antibiotic, antifungal, or antiviral intervention indicated; invasive intervention indicated",Life-threatening consequences; urgent intervention indicated,Death,A disorder characterized by an infectious process involving the gallbladder.,-,113
Gum infection,Infections and infestations,CTCAE v6.0,,Local therapy indicated (swish and swallow),"Moderate symptoms; oral intervention indicated (e.g., antibiotic, antifungal, or antiviral)","IV antibiotic, antifungal, or antiviral intervention indicated; invasive intervention indicated",Life-threatening consequences; urgent intervention indicated,Death,A disorder characterized by an infectious process involving the gums.,-,114
Hepatic infection,Infections and infestations,CTCAE v6.0,,-,"Moderate symptoms; oral intervention indicated (e.g., antibiotic, antifungal, or antiviral)","IV antibiotic, antifungal, or antiviral intervention indicated; invasive intervention indicated",Life-threatening consequences; urgent intervention indicated,Death,A disorder characterized by an infectious process involving the liver.,-,114
Hepatitis B reactivation,Infections and infestations,CTCAE v6.0,,Asymptomatic or mild symptoms; clinical or diagnostic observations only; intervention not indicated,Moderate symptoms; medical intervention indicated,Severe or medically significant but not immediately life-threatening; hospitalization or prolongation of existing hospitalization indicated; IV intervention indicated,"Life-threatening consequences; urgent intervention indicated; severe decompensated liver function (e.g., coagulopathy, encephalopathy, coma)",Death,A disorder characterized by the reactivation of hepatitis B virus.,-,114
Hepatitis viral,Infections and infestations,CTCAE v6.0,,"Asymptomatic, intervention not indicated",Moderate symptoms; medical intervention indicated,Symptomatic liver dysfunction; fibrosis by biopsy; compensated cirrhosis; hospitalization or prolongation of existing hospitalization indicated,"Life-threatening consequences; severe decompensated liver function (e.g., coagulopathy, encephalopathy, coma)",Death,A disorder characterized by a viral pathologic process involving the liver parenchyma.,-,115
Herpes simplex reactivation,Infections and infestations,CTCAE v6.0,,Asymptomatic or mild symptoms; clinical or diagnostic observations only; intervention not indicated,Moderate symptoms; medical intervention indicated,Severe or medically significant but not immediately life-threatening; hospitalization or prolongation of existing hospitalization indicated; IV intervention indicated,Life-threatening consequences; urgent intervention indicated,Death,A disorder characterized by the reactivation of Herpes simplex virus.,-,115
"Infections and infestations - Other, specify",Infections and infestations,CTCAE v6.0,,Asymptomatic or mild symptoms; clinical or diagnostic observations only; intervention not indicated,"Moderate; minimal, local or noninvasive intervention indicated; limiting instrumental ADL or mild/moderate impact on age-appropriate normal daily activity (pediatric)",Severe or medically significant but not immediately life-threatening; hospitalization or prolongation of existing hospitalization indicated; limiting self-care ADL or severe impact on age-appropriate normal daily activity (pediatric),Life-threatening consequences; urgent intervention indicated,Death,-,-,116
Infective myositis,Infections and infestations,CTCAE v6.0,,-,"Localized; local intervention indicated (e.g., topical antibiotic, antifungal, or antiviral)","IV antibiotic, antifungal, or antiviral intervention indicated; invasive intervention indicated",Life-threatening consequences; urgent intervention indicated,Death,A disorder characterized by an infectious process involving the skeletal muscles.,-,116
Joint infection,Infections and infestations,CTCAE v6.0,,-,"Localized; local intervention indicated; oral intervention indicated (e.g., antibiotic, antifungal, or antiviral); needle aspiration indicated (single or multiple)","Arthroscopic intervention indicated (e.g., drainage) or arthrotomy (e.g., open surgical drainage)",Life-threatening consequences; urgent intervention indicated,Death,A disorder characterized by an infectious process involving a joint.,-,117
Kidney infection,Infections and infestations,CTCAE v6.0,,-,"Oral intervention indicated (e.g., antibiotic, antifungal, or antiviral)","IV antibiotic, antifungal, or antiviral intervention indicated; invasive intervention indicated",Life-threatening consequences; urgent intervention indicated,Death,A disorder characterized by an infectious process involving the kidney.,-,117
Laryngitis,Infections and infestations,CTCAE v6.0,,-,"Moderate symptoms; oral intervention indicated (e.g., antibiotic, antifungal, or antiviral)","IV antibiotic, antifungal, or antiviral intervention indicated; invasive intervention indicated",Life-threatening consequences; urgent intervention indicated,Death,A disorder characterized by an inflammatory process involving the larynx.,"For symptoms and no intervention, consider Respiratory, thoracic and mediastinal disorders: Hoarseness, Sore throat.",117
Lip infection,Infections and infestations,CTCAE v6.0,,"Localized, local intervention indicated","Oral intervention indicated (e.g., antibiotic, antifungal, or antiviral)","IV antibiotic, antifungal, or antiviral intervention indicated; invasive intervention indicated",-,-,A disorder characterized by an infectious process involving the lips.,-,118
Lymph gland infection,Infections and infestations,CTCAE v6.0,,-,"Localized; oral intervention indicated (e.g., antibiotic, antifungal, or antiviral)","IV antibiotic, antifungal, or antiviral intervention indicated; invasive intervention indicated",Life-threatening consequences; urgent intervention indicated,Death,A disorder characterized by an infectious process involving the lymph nodes.,-,118
Mediastinal infection,Infections and infestations,CTCAE v6.0,,-,-,"IV antibiotic, antifungal, or antiviral intervention indicated; invasive intervention indicated",Life-threatening consequences; urgent intervention indicated,Death,A disorder characterized by an infectious process involving the mediastinum.,-,118
Meningitis,Infections and infestations,CTCAE v6.0,,-,-,"IV antibiotic, antifungal, or antiviral intervention indicated; steroid therapy indicated; severe changes in mental status; self-limited seizure activity; neurologic abnormalities",Life-threatening consequences; urgent intervention indicated,Death,A disorder characterized by an infectious or inflammatory process of the meninges of the brain and/or spinal cord.,Consider Infections and infestations: Aseptic meningitis.,119
Meningoencephalitis,Infections and infestations,CTCAE v6.0,,-,-,"IV antibiotic, antifungal, or antiviral intervention indicated; steroid therapy indicated; severe changes in mental status; self-limited seizure activity; neurologic abnormalities",Life-threatening consequences; urgent intervention indicated,Death,A disorder characterized by an infectious or inflammatory process involving the meninges and the brain tissue.,-,119
Mucosal infection,Infections and infestations,CTCAE v6.0,,"Localized, local intervention indicated","Oral intervention indicated (e.g., antibiotic, antifungal, or antiviral)","IV antibiotic, antifungal, or antiviral intervention indicated; invasive intervention indicated",Life-threatening consequences; urgent intervention indicated,Death,A disorder characterized by an infectious process involving a mucosal surface.,-,119
Myelitis,Infections and infestations,CTCAE v6.0,,"Asymptomatic; mild signs (e.g., Babinski's reflex or Lhermitte's sign)",Moderate weakness or sensory loss; limiting instrumental ADL or mild/moderate impact on age-appropriate normal daily activity (pediatric),Severe weakness or sensory loss; limiting self-care ADL or severe impact on age-appropriate normal daily activity (pediatric),Life-threatening consequences; urgent intervention indicated,Death,"A disorder characterized by inflammation involving the spinal cord. Symptoms include weakness, paresthesia, sensory loss, marked discomfort and incontinence.",-,120
Nail infection,Infections and infestations,CTCAE v6.0,,"Localized, local intervention indicated","Oral intervention indicated (e.g., antibiotic, antifungal, or antiviral)","IV antibiotic, antifungal, or antiviral intervention indicated; invasive intervention indicated",-,-,A disorder characterized by an infectious process involving the nail.,-,120
Otitis externa,Infections and infestations,CTCAE v6.0,,"Localized, local intervention indicated","Oral intervention indicated (e.g., antibiotic, antifungal, or antiviral)","IV antibiotic, antifungal, or antiviral intervention indicated; invasive intervention indicated",Life-threatening consequences; urgent intervention indicated,Death,"A disorder characterized by an infectious process involving the outer ear and ear canal. Contributory factors include excessive water exposure (swimmer's ear infection) and cuts in the ear canal. Symptoms include fullness, itching, swelling and marked discomfort in the ear and ear drainage.","Changes associated with radiation to external ear (pinnae) are graded under Injury, poisoning and procedural complications: Dermatitis radiation.",120
Otitis media,Infections and infestations,CTCAE v6.0,,-,"Localized; oral intervention indicated (e.g., antibiotic, antifungal, or antiviral)","IV antibiotic, antifungal, or antiviral intervention indicated; invasive intervention indicated",Life-threatening consequences; urgent intervention indicated,Death,A disorder characterized by an infectious process involving the middle ear.,-,121
Ovarian infection,Infections and infestations,CTCAE v6.0,,-,"Localized; oral intervention indicated (e.g., antibiotic, antifungal, or antiviral)","IV antibiotic, antifungal, or antiviral intervention indicated; invasive intervention indicated",Life-threatening consequences; urgent intervention indicated,Death,A disorder characterized by an infectious process involving the ovary.,-,121
Pancreas infection,Infections and infestations,CTCAE v6.0,,-,-,"IV antibiotic, antifungal, or antiviral intervention indicated; invasive intervention indicated",Life-threatening consequences; urgent intervention indicated,Death,A disorder characterized by an infectious process involving the pancreas.,-,121
Paronychia,Infections and infestations,CTCAE v6.0,,Nail fold edema or erythema; disruption of the cuticle,"Local intervention indicated; oral intervention indicated (e.g., antibiotic, antifungal, antiviral); nail fold edema or erythema with pain; associated with discharge or nail plate separation; limiting instrumental ADL or mild/moderate impact on age-appropriate normal daily activity (pediatric)",Operative intervention indicated; IV antibiotics indicated; limiting self-care ADL or severe impact on age-appropriate normal daily activity (pediatric),-,-,A disorder characterized by an infectious process involving the soft tissues around the nail.,-,122
Pelvic infection,Infections and infestations,CTCAE v6.0,,-,"Moderate symptoms; oral intervention indicated (e.g., antibiotic, antifungal, or antiviral)","IV antibiotic, antifungal, or antiviral intervention indicated; invasive intervention indicated",Life-threatening consequences; urgent intervention indicated,Death,A disorder characterized by an infectious process involving the pelvic cavity.,-,122
Penile infection,Infections and infestations,CTCAE v6.0,,"Localized, local intervention indicated","Oral intervention indicated (e.g., antibiotic, antifungal, or antiviral)","IV antibiotic, antifungal, or antiviral intervention indicated; invasive intervention indicated",Life-threatening consequences; urgent intervention indicated,Death,A disorder characterized by an infectious process involving the penis.,-,122
Periorbital infection,Infections and infestations,CTCAE v6.0,,-,"Localized; local intervention indicated (e.g., topical antibiotic, antifungal, or antiviral)","IV antibiotic, antifungal, or antiviral intervention indicated; invasive intervention indicated",Life-threatening consequences; urgent intervention indicated,Death,A disorder characterized by an infectious process near or around the orbit of the eye.,-,123
Peripheral nerve infection,Infections and infestations,CTCAE v6.0,,-,"Localized; local intervention indicated (e.g., topical antibiotic, antifungal, or antiviral)","IV antibiotic, antifungal, or antiviral intervention indicated; invasive intervention indicated",Life-threatening consequences; urgent intervention indicated,Death,A disorder characterized by an infectious process involving the peripheral nerves.,-,123
Peritoneal infection,Infections and infestations,CTCAE v6.0,,-,-,"IV antibiotic, antifungal, or antiviral intervention indicated; invasive intervention indicated",Life-threatening consequences; urgent intervention indicated,Death,A disorder characterized by an infectious process involving the peritoneum.,-,123
Pharyngitis,Infections and infestations,CTCAE v6.0,,-,"Oral intervention indicated (e.g., antibiotic, antifungal, or antiviral)","IV antibiotic, antifungal, or antiviral intervention indicated; invasive intervention indicated",Life-threatening consequences; urgent intervention indicated,Death,A disorder characterized by inflammation of the throat.,"For Grade 1 Consider Respiratory, thoracic and mediastinal disorders: Sore throat.",124
Phlebitis infective,Infections and infestations,CTCAE v6.0,,"Localized, local intervention indicated","Oral intervention indicated (e.g., antibiotic, antifungal, or antiviral)","IV antibiotic, antifungal, or antiviral intervention indicated; invasive intervention indicated",Life-threatening consequences; urgent intervention indicated,Death,"A disorder characterized by an infectious process involving the vein. Clinical manifestations include erythema, marked discomfort, swelling, and induration along the course of the infected vein.",-,124
Pleural infection,Infections and infestations,CTCAE v6.0,,-,"Oral intervention indicated (e.g., antibiotic, antifungal, or antiviral)","IV antibiotic, antifungal, or antiviral intervention indicated; invasive intervention indicated",Life-threatening consequences; urgent intervention indicated,Death,A disorder characterized by an infectious process involving the pleura.,-,124
Pneumonia,Infections and infestations,CTCAE v6.0,,-,"Moderate symptoms; oral intervention indicated (e.g., antibiotic, antifungal, or antiviral)","IV antibiotic, antifungal, or antiviral intervention indicated; invasive intervention indicated",Life-threatening consequences; urgent intervention indicated,Death,A disorder characterized by an infectious process involving the lungs.,"Replaces Lung infection as this term is more commonly used. If due to aspiration, consider reporting Respiratory, thoracic and mediastinal disorders: Aspiration",125
Prostate infection,Infections and infestations,CTCAE v6.0,,-,"Moderate symptoms; oral intervention indicated (e.g., antibiotic, antifungal, or antiviral)","IV antibiotic, antifungal, or antiviral intervention indicated; invasive intervention indicated",Life-threatening consequences; urgent intervention indicated,Death,A disorder characterized by an infectious process involving the prostate gland.,-,125
Rash pustular,Infections and infestations,CTCAE v6.0,,-,"Localized; local intervention indicated (e.g., topical antibiotic, antifungal, or antiviral)","IV antibiotic, antifungal, or antiviral intervention indicated; invasive intervention indicated",-,-,A disorder characterized by a circumscribed and elevated skin lesion filled with pus.,Consider Skin and subcutaneous tissue disorders: Pustular drug eruption.,125
Rhinitis infective,Infections and infestations,CTCAE v6.0,,-,Localized; local intervention indicated,-,-,-,A disorder characterized by an infectious process involving the nasal mucosal.,-,126
Salivary gland infection,Infections and infestations,CTCAE v6.0,,-,"Moderate symptoms; oral intervention indicated (e.g., antibiotic, antifungal, or antiviral)","IV antibiotic, antifungal, or antiviral intervention indicated; invasive intervention indicated",Life-threatening consequences; urgent intervention indicated,Death,A disorder characterized by an infectious process involving the salivary gland.,-,126
Scrotal infection,Infections and infestations,CTCAE v6.0,,"Localized, local intervention indicated","Oral intervention indicated (e.g., antibiotic, antifungal, or antiviral)","IV antibiotic, antifungal, or antiviral intervention indicated; invasive intervention indicated",Life-threatening consequences; urgent intervention indicated,Death,A disorder characterized by an infectious process involving the scrotum.,-,126
Sepsis,Infections and infestations,CTCAE v6.0,,-,-,IV intervention indicated,Life-threatening consequences,Death,A disorder characterized by the presence of pathogenic microorganisms in the blood stream that cause varying degrees of organ dysfunction due to a dysregulated host response to infection.,Consider Infections and infestations: Bacteremia (Grade 2).,126
Shingles,Infections and infestations,CTCAE v6.0,,"Localized, local intervention indicated",Local infection with moderate symptoms; oral intervention indicated; limiting instrumental ADL or mild/moderate impact on age-appropriate normal daily activity (pediatric),Severe or medically significant but not immediately life-threatening; hospitalization or prolongation of existing hospitalization indicated; IV intervention indicated; limiting self-care ADL or severe impact on age-appropriate normal daily activity (pediatric),Life-threatening consequences; urgent intervention indicated,Death,A disorder characterized by the reactivation of herpes zoster virus.,Synonym: Herpes zoster,127
Sinusitis,Infections and infestations,CTCAE v6.0,,-,"Localized; oral intervention indicated (e.g., antibiotic, antifungal, or antiviral)","IV antibiotic, antifungal, or antiviral intervention indicated; invasive intervention indicated",Life-threatening consequences; urgent intervention indicated,Death,A disorder characterized by an infectious process involving the mucous membranes of the paranasal sinuses.,-,127
Skin infection,Infections and infestations,CTCAE v6.0,,"Localized, local intervention indicated","Oral intervention indicated (e.g., antibiotic, antifungal, or antiviral)","IV antibiotic, antifungal, or antiviral intervention indicated; invasive intervention indicated",Life-threatening consequences; urgent intervention indicated,Death,A disorder characterized by an infectious process involving the skin such as cellulitis.,-,127
Small intestine infection,Infections and infestations,CTCAE v6.0,,-,"Moderate symptoms; oral intervention indicated (e.g., antibiotic, antifungal, or antiviral)","IV antibiotic, antifungal, or antiviral intervention indicated; invasive intervention indicated",Life-threatening consequences; urgent intervention indicated,Death,A disorder characterized by an infectious process involving the small intestine.,-,128
Soft tissue infection,Infections and infestations,CTCAE v6.0,,-,"Localized; oral intervention indicated (e.g., antibiotic, antifungal, or antiviral)","IV antibiotic, antifungal, or antiviral intervention indicated; invasive intervention indicated",Life-threatening consequences; urgent intervention indicated,Death,A disorder characterized by an infectious process involving soft tissues.,-,128
Splenic infection,Infections and infestations,CTCAE v6.0,,-,-,"IV antibiotic, antifungal, or antiviral intervention indicated; invasive intervention indicated",Life-threatening consequences; urgent intervention indicated,Death,A disorder characterized by an infectious process involving the spleen.,-,128
Stoma site infection,Infections and infestations,CTCAE v6.0,,"Localized, local intervention indicated","Oral intervention indicated (e.g., antibiotic, antifungal, or antiviral)","IV antibiotic, antifungal, or antiviral intervention indicated; invasive intervention indicated",Life-threatening consequences; urgent intervention indicated,Death,A disorder characterized by an infectious process involving a stoma (surgically created opening on the surface of the body).,-,129
Tooth infection,Infections and infestations,CTCAE v6.0,,-,"Localized; local intervention indicated (e.g., topical antibiotic, antifungal, or antiviral)","IV antibiotic, antifungal, or antiviral intervention indicated; invasive intervention indicated",Life-threatening consequences; urgent intervention indicated,Death,A disorder characterized by an infectious process involving a tooth.,Record final diagnosis/cause once determined.,129
Tracheitis,Infections and infestations,CTCAE v6.0,,-,"Moderate symptoms; oral intervention indicated (e.g., antibiotic, antifungal, or antiviral)","IV antibiotic, antifungal, or antiviral intervention indicated; invasive intervention indicated",Life-threatening consequences; urgent intervention indicated,Death,A disorder characterized by an infectious process involving the trachea.,-,129
Upper respiratory infection,Infections and infestations,CTCAE v6.0,,-,"Moderate symptoms; oral intervention indicated (e.g., antibiotic, antifungal, or antiviral)","IV antibiotic, antifungal, or antiviral intervention indicated; invasive intervention indicated",Life-threatening consequences; urgent intervention indicated,Death,"A disorder characterized by an infectious process involving the upper respiratory tract (nose, paranasal sinuses, pharynx, larynx, or trachea).",-,130
Urethral infection,Infections and infestations,CTCAE v6.0,,-,"Localized; oral intervention indicated (e.g., antibiotic, antifungal, or antiviral)","IV antibiotic, antifungal, or antiviral intervention indicated; invasive intervention indicated",Life-threatening consequences; urgent intervention indicated,Death,A disorder characterized by an infectious process involving the urethra.,-,130
Urinary tract infection,Infections and infestations,CTCAE v6.0,,-,"Localized; oral intervention indicated (e.g., antibiotic, antifungal, or antiviral)","IV antibiotic, antifungal, or antiviral intervention indicated; invasive intervention indicated",Life-threatening consequences; urgent intervention indicated,Death,"A disorder characterized by an infectious process involving the urinary tract, most commonly the bladder and the urethra.",-,130
Uterine infection,Infections and infestations,CTCAE v6.0,,-,"Moderate symptoms; oral intervention indicated (e.g., antibiotic, antifungal, or antiviral)","IV antibiotic, antifungal, or antiviral intervention indicated; invasive intervention indicated",Life-threatening consequences; urgent intervention indicated,Death,A disorder characterized by an infectious process involving the endometrium. It may extend to the myometrium and parametrial tissues.,-,131
Vaginal infection,Infections and infestations,CTCAE v6.0,,"Localized, local intervention indicated","Oral intervention indicated (e.g., antibiotic, antifungal, or antiviral)","IV antibiotic, antifungal, or antiviral intervention indicated; invasive intervention indicated",Life-threatening consequences; urgent intervention indicated,Death,A disorder characterized by an infectious process involving the vagina.,-,131
Viremia,Infections and infestations,CTCAE v6.0,,-,Moderate symptoms; medical intervention indicated,Severe or medically significant but not immediately life-threatening; hospitalization or prolongation of existing hospitalization indicated,-,-,A disorder characterized by the presence of a virus in the blood stream.,-,131
Vulval infection,Infections and infestations,CTCAE v6.0,,"Localized, local intervention indicated","Oral intervention indicated (e.g., antibiotic, antifungal, or antiviral)","IV antibiotic, antifungal, or antiviral intervention indicated; invasive intervention indicated",Life-threatening consequences; urgent intervention indicated,Death,A disorder characterized by an infectious process involving the vulva.,-,132
Wound infection,Infections and infestations,CTCAE v6.0,,"Localized, local intervention indicated","Oral intervention indicated (e.g., antibiotic, antifungal, or antiviral)","IV antibiotic, antifungal, or antiviral intervention indicated; invasive intervention indicated",Life-threatening consequences; urgent intervention indicated,Death,A disorder characterized by an infectious process involving the wound.,-,132
Anesthetic complication,"Injury, poisoning and procedural complications",CTCAE v6.0,,-,Any anesthesia effects requiring medical intervention for reversal of symptomatic effects and requiring unplanned hospitalization of <24 hours.,Any anesthesia effects requiring medical intervention for reversal of symptomatic effects and requiring unplanned hospitalization of ≥24 hours.,Anesthesia effects with life-threatening consequences; urgent intervention indicated,Death,A disorder characterized by reactions related to the administration of local or moderate sedation given for a procedure.,-,133
Aortic injury,"Injury, poisoning and procedural complications",CTCAE v6.0,,-,Operative intervention not indicated,Severe symptoms; repair or revision indicated; limiting self-care ADL or severe impact on age-appropriate normal daily activity (pediatric),Life-threatening consequences; evidence of end organ damage; urgent operative intervention indicated,Death,A finding of damage to the aorta.,-,133
Arterial injury,"Injury, poisoning and procedural complications",CTCAE v6.0,,Asymptomatic diagnostic finding; intervention not indicated,Symptomatic; repair or revision not indicated,Severe symptoms; repair or revision indicated; limiting self-care ADL or severe impact on age-appropriate normal daily activity (pediatric),Life-threatening consequences; evidence of end organ damage; urgent operative intervention indicated,Death,A finding of damage to an artery.,-,134
Biliary anastomotic leak,"Injury, poisoning and procedural complications",CTCAE v6.0,,Asymptomatic diagnostic finding; intervention not indicated,Symptomatic; medical intervention indicated,Severe symptoms; invasive intervention indicated,Life-threatening consequences; urgent operative intervention indicated,Death,A finding of leakage of bile due to breakdown of a biliary anastomosis (surgical connection of two separate anatomic structures).,-,134
Bladder anastomotic leak,"Injury, poisoning and procedural complications",CTCAE v6.0,,Asymptomatic diagnostic finding; intervention not indicated,Symptomatic; medical intervention indicated,Severe symptoms; invasive intervention indicated,Life-threatening consequences; urgent operative intervention indicated,Death,A finding of leakage of urine due to breakdown of a bladder anastomosis (surgical connection of two separate anatomic structures).,-,134
Bruising,"Injury, poisoning and procedural complications",CTCAE v6.0,,Localized or in a dependent area,Generalized,-,-,-,A finding of injury of the soft tissues or bone characterized by leakage of blood into surrounding tissues.,-,135
Burn,"Injury, poisoning and procedural complications",CTCAE v6.0,,Minimal symptoms; intervention not indicated,Medical intervention; minimal debridement indicated,Moderate to major debridement or reconstruction indicated,Life-threatening consequences,Death,"A finding of impaired integrity to the anatomic site of an adverse thermal reaction. Burns can be caused by exposure to chemicals, direct heat, electricity, flames and radiation. The extent of damage depends on the length and intensity of exposure and time until provision of treatment.",-,135
Dermatitis radiation,"Injury, poisoning and procedural complications",CTCAE v6.0,,Faint erythema or dry desquamation,"Moderate to brisk erythema; patchy moist desquamation, mostly confined to skin folds and creases; moderate edema",Moist desquamation in areas other than skin folds and creases; bleeding induced by minor trauma or abrasion,Life-threatening consequences; skin necrosis or ulceration of full thickness dermis; spontaneous bleeding from involved site; skin graft indicated,Death,A finding of cutaneous inflammatory reaction occurring as a result of exposure to biologically effective levels of ionizing radiation.,Synonym: Radiation induced skin toxicities (CTCAE v3.0),135
Esophageal anastomotic leak,"Injury, poisoning and procedural complications",CTCAE v6.0,,Asymptomatic diagnostic finding; intervention not indicated,Symptomatic; medical intervention indicated,Severe symptoms; invasive intervention indicated,Life-threatening consequences; urgent operative intervention indicated,Death,A finding of leakage due to breakdown of an esophageal anastomosis (surgical connection of two separate anatomic structures).,-,136
Fall,"Injury, poisoning and procedural complications",CTCAE v6.0,,Minor with no resultant injuries; intervention not indicated,Symptomatic; noninvasive intervention indicated,Hospitalization indicated; invasive intervention indicated,-,-,"A finding of sudden movement downward, usually resulting in injury.",-,136
Fallopian tube anastomotic leak,"Injury, poisoning and procedural complications",CTCAE v6.0,,Asymptomatic diagnostic finding; intervention not indicated,Symptomatic; medical intervention indicated,Severe symptoms; invasive intervention indicated,Life-threatening consequences; urgent operative intervention indicated,Death,A finding of leakage due to breakdown of a fallopian tube anastomosis (surgical connection of two separate anatomic structures).,-,136
Fallopian tube perforation,"Injury, poisoning and procedural complications",CTCAE v6.0,,-,Invasive intervention not indicated,Invasive intervention indicated,"Life-threatening consequences; urgent operative intervention indicated (e.g., organ resection)",Death,A disorder characterized by a rupture of the fallopian tube wall.,-,137
Fracture,"Injury, poisoning and procedural complications",CTCAE v6.0,,Asymptomatic; clinical or diagnostic observations only; intervention not indicated,Symptomatic but non- displaced; immobilization indicated,Severe symptoms; displaced or open wound with bone exposure; operative intervention indicated; limiting self-care ADL or severe impact on age-appropriate normal daily activity (pediatric),Life-threatening consequences; urgent intervention indicated,Death,A state in which the continuity of the bone is broken.,-,137
Gastric anastomotic leak,"Injury, poisoning and procedural complications",CTCAE v6.0,,Asymptomatic diagnostic finding; intervention not indicated,Symptomatic; medical intervention indicated,Severe symptoms; invasive intervention indicated,Life-threatening consequences; urgent operative intervention indicated,Death,A finding of leakage due to breakdown of a gastric anastomosis (surgical connection of two separate anatomic structures).,-,137
Gastrointestinal anastomotic leak,"Injury, poisoning and procedural complications",CTCAE v6.0,,Asymptomatic diagnostic finding; intervention not indicated,Symptomatic; medical intervention indicated,Severe symptoms; invasive intervention indicated,Life-threatening consequences; urgent operative intervention indicated,Death,A finding of leakage due to breakdown of a gastrointestinal anastomosis (surgical connection of two separate anatomic structures).,-,138
Gastrointestinal stoma necrosis,"Injury, poisoning and procedural complications",CTCAE v6.0,,-,Superficial necrosis; intervention not indicated,Severe symptoms; hospitalization indicated; elective operative intervention indicated,Life-threatening consequences; urgent intervention indicated,Death,A disorder characterized by a necrotic process occurring in the gastrointestinal tract stoma.,-,138
Infusion related reaction,"Injury, poisoning and procedural complications",CTCAE v6.0,,Mild transient reaction; infusion interruption not indicated; intervention not indicated,"Therapy or infusion interruption indicated but responds promptly to symptomatic treatment (e.g., antihistamines, NSAIDS, narcotics, IV fluids); prophylactic medications indicated for ≤24 hrs","Prolonged (e.g., not rapidly responsive to symptomatic medication and/or brief interruption of infusion); recurrence of symptoms following initial improvement; hospitalization indicated for clinical sequelae",Life-threatening consequences; urgent intervention indicated,Death,A disorder characterized by adverse reaction to the infusion of pharmacological or biological substances.,"If the reaction is an allergic reaction related to an agent, consider reporting as Immune system disorders: Allergic reaction. Do not report both.",138
Injury to carotid artery,"Injury, poisoning and procedural complications",CTCAE v6.0,,-,Repair or revision not indicated,"Severe symptoms (e.g., transient cerebral ischemia); repair or revision indicated; limiting self-care ADL or severe impact on age-appropriate normal daily activity (pediatric)",Life-threatening consequences; urgent intervention indicated,Death,A finding of damage to the carotid artery.,-,139
Injury to inferior vena cava,"Injury, poisoning and procedural complications",CTCAE v6.0,,Asymptomatic diagnostic finding; intervention not indicated,Symptomatic; repair or revision not indicated,Severe symptoms; repair or revision indicated; limiting self-care ADL or severe impact on age-appropriate normal daily activity (pediatric),Life-threatening consequences; urgent intervention indicated,Death,A finding of damage to the inferior vena cava.,-,139
Injury to jugular vein,"Injury, poisoning and procedural complications",CTCAE v6.0,,-,Repair or revision not indicated,Symptomatic; repair or revision indicated; limiting self-care ADL or severe impact on age-appropriate normal daily activity (pediatric),Life-threatening consequences; urgent intervention indicated,Death,A finding of damage to the jugular vein.,-,139
Injury to superior vena cava,"Injury, poisoning and procedural complications",CTCAE v6.0,,Asymptomatic diagnostic finding; intervention not indicated,Symptomatic; repair or revision not indicated,Severe symptoms; repair or revision indicated; limiting self-care ADL or severe impact on age-appropriate normal daily activity (pediatric),Life-threatening consequences; urgent intervention indicated,Death,A finding of damage to the superior vena cava.,-,140
"Injury, poisoning and procedural complications - Other, specify","Injury, poisoning and procedural complications",CTCAE v6.0,,Asymptomatic or mild symptoms; clinical or diagnostic observations only; intervention not indicated,"Moderate; minimal, local or noninvasive intervention indicated; limiting instrumental ADL or mild/moderate impact on age-appropriate normal daily activity (pediatric)",Severe or medically significant but not immediately life-threatening; hospitalization or prolongation of existing hospitalization indicated; limiting self-care ADL or severe impact on age-appropriate normal daily activity (pediatric),Life-threatening consequences; urgent intervention indicated,Death,-,-,140
Intestinal stoma leak,"Injury, poisoning and procedural complications",CTCAE v6.0,,Asymptomatic diagnostic finding; intervention not indicated,Symptomatic; medical intervention indicated,Severe symptoms; invasive intervention indicated,Life-threatening consequences; urgent operative intervention indicated,Death,A finding of leakage of contents from an intestinal stoma (surgically created opening on the surface of the body).,-,141
Intestinal stoma obstruction,"Injury, poisoning and procedural complications",CTCAE v6.0,,-,Self-limited; intervention not indicated,"Severe symptoms; IV fluids, tube feeding, or TPN indicated ≥24 hrs; elective operative intervention indicated",Life-threatening consequences; urgent operative intervention indicated,Death,A disorder characterized by blockage of the normal flow of the contents of the intestinal stoma.,-,141
Intestinal stoma site bleeding,"Injury, poisoning and procedural complications",CTCAE v6.0,,Minimal bleeding identified on clinical exam; intervention not indicated,Moderate bleeding; medical intervention indicated,Invasive intervention indicated; hospitalization,Life-threatening consequences; urgent intervention indicated,Death,A disorder characterized by bleeding from the intestinal stoma.,-,141
Intraoperative arterial injury,"Injury, poisoning and procedural complications",CTCAE v6.0,,Primary repair of injured organ/structure indicated,Partial resection of injured organ/structure indicated,Complete resection or reconstruction of injured organ/structure indicated; limiting self-care ADL or severe impact on age-appropriate normal daily activity (pediatric),Life-threatening consequences; urgent intervention indicated,Death,A finding of damage to an artery during a surgical procedure.,-,142
Intraoperative breast injury,"Injury, poisoning and procedural complications",CTCAE v6.0,,Primary repair of injured organ/structure indicated,Partial resection of injured organ/structure indicated,Complete resection or reconstruction of injured organ/structure indicated; limiting self-care ADL or severe impact on age-appropriate normal daily activity (pediatric),Life-threatening consequences; urgent intervention indicated,Death,A finding of damage to the breast parenchyma during a surgical procedure.,-,142
Intraoperative cardiac injury,"Injury, poisoning and procedural complications",CTCAE v6.0,,-,-,Primary repair of injured organ/structure indicated,Life-threatening consequences; urgent intervention indicated,Death,A finding of damage to the heart during a surgical procedure.,-,142
Intraoperative ear injury,"Injury, poisoning and procedural complications",CTCAE v6.0,,Primary repair of injured organ/structure indicated,Partial resection of injured organ/structure indicated,"Complete resection or reconstruction of injured organ/structure indicated; limiting self-care ADL (e.g., impaired hearing; impaired balance) or severe impact on age-appropriate normal daily activity (pediatric)",Life-threatening consequences; urgent intervention indicated,Death,A finding of damage to the ear during a surgical procedure.,-,143
Intraoperative endocrine injury,"Injury, poisoning and procedural complications",CTCAE v6.0,,Primary repair of injured organ/structure indicated,Partial resection of injured organ/structure indicated,Complete resection or reconstruction of injured organ/structure indicated; limiting self-care ADL or severe impact on age-appropriate normal daily activity (pediatric),Life-threatening consequences; urgent intervention indicated,Death,A finding of damage to the endocrine gland during a surgical procedure.,-,143
Intraoperative gastrointestinal injury,"Injury, poisoning and procedural complications",CTCAE v6.0,,Primary repair of injured organ/structure indicated,Partial resection of injured organ/structure indicated,Complete resection or reconstruction of injured organ/structure indicated; limiting self-care ADL or severe impact on age-appropriate normal daily activity (pediatric),Life-threatening consequences; urgent intervention indicated,Death,A finding of damage to the gastrointestinal system during a surgical procedure.,-,144
Intraoperative head and neck injury,"Injury, poisoning and procedural complications",CTCAE v6.0,,Primary repair of injured organ/structure indicated,Partial resection of injured organ/structure indicated,Complete resection or reconstruction of injured organ/structure indicated; limiting self-care ADL or severe impact on age-appropriate normal daily activity (pediatric),Life-threatening consequences; urgent intervention indicated,Death,A finding of damage to the head and neck during a surgical procedure.,-,144
Intraoperative hemorrhage,"Injury, poisoning and procedural complications",CTCAE v6.0,,-,-,Postoperative invasive intervention indicated; hospitalization,Life-threatening consequences; urgent intervention indicated,Death,A finding of uncontrolled bleeding during a surgical procedure.,-,144
Intraoperative hepatobiliary injury,"Injury, poisoning and procedural complications",CTCAE v6.0,,Primary repair of injured organ/structure indicated,Partial resection of injured organ/structure indicated,Complete resection or reconstruction of injured organ/structure indicated; limiting self-care ADL or severe impact on age-appropriate normal daily activity (pediatric),Life-threatening consequences; urgent intervention indicated,Death,A finding of damage to the hepatic parenchyma and/or biliary tract during a surgical procedure.,-,145
Intraoperative musculoskeletal injury,"Injury, poisoning and procedural complications",CTCAE v6.0,,Primary repair of injured organ/structure indicated,Partial resection of injured organ/structure indicated,Complete resection or reconstruction of injured organ/structure indicated; limiting self-care ADL or severe impact on age-appropriate normal daily activity (pediatric),Life-threatening consequences; urgent intervention indicated,Death,A finding of damage to the musculoskeletal system during a surgical procedure.,-,145
Intraoperative neurological injury,"Injury, poisoning and procedural complications",CTCAE v6.0,,Primary repair of injured organ/structure indicated,Partial resection of injured organ/structure indicated,Complete resection or reconstruction of injured organ/structure indicated; limiting self-care ADL or severe impact on age-appropriate normal daily activity (pediatric),Life-threatening consequences; urgent intervention indicated,Death,A finding of damage to the nervous system during a surgical procedure.,-,146
Intraoperative ocular injury,"Injury, poisoning and procedural complications",CTCAE v6.0,,Primary repair of injured organ/structure indicated,Partial resection of injured organ/structure indicated,Complete resection or reconstruction of injured organ/structure indicated; limiting self-care ADL or severe impact on age-appropriate normal daily activity (pediatric),Life-threatening consequences; urgent intervention indicated,Death,A finding of damage to the eye during a surgical procedure.,-,146
Intraoperative renal injury,"Injury, poisoning and procedural complications",CTCAE v6.0,,Primary repair of injured organ/structure indicated,Partial resection of injured organ/structure indicated,Complete resection or reconstruction of injured organ/structure indicated; limiting self-care ADL or severe impact on age-appropriate normal daily activity (pediatric),Life-threatening consequences; urgent intervention indicated,Death,A finding of damage to the kidney during a surgical procedure.,-,147
Intraoperative reproductive tract injury,"Injury, poisoning and procedural complications",CTCAE v6.0,,Primary repair of injured organ/structure indicated,Partial resection of injured organ/structure indicated,Complete resection or reconstruction of injured organ/structure indicated; limiting self-care ADL or severe impact on age-appropriate normal daily activity (pediatric),Life-threatening consequences; urgent intervention indicated,Death,A finding of damage to the reproductive organs during a surgical procedure.,-,147
Intraoperative respiratory injury,"Injury, poisoning and procedural complications",CTCAE v6.0,,Primary repair of injured organ/structure indicated,Partial resection of injured organ/structure indicated,Complete resection or reconstruction of injured organ/structure indicated; limiting self-care ADL or severe impact on age-appropriate normal daily activity (pediatric),Life-threatening consequences; urgent intervention indicated,Death,A finding of damage to the respiratory system during a surgical procedure.,-,148
Intraoperative splenic injury,"Injury, poisoning and procedural complications",CTCAE v6.0,,-,Primary repair of injured organ/structure indicated,Resection or reconstruction of injured organ/structure indicated; limiting self-care ADL or severe impact on age-appropriate normal daily activity (pediatric),Life-threatening consequences; urgent intervention indicated,Death,A finding of damage to the spleen during a surgical procedure.,-,148
Intraoperative urinary injury,"Injury, poisoning and procedural complications",CTCAE v6.0,,Primary repair of injured organ/structure indicated,Partial resection of injured organ/structure indicated,Complete resection or reconstruction of injured organ/structure indicated; limiting self-care ADL or severe impact on age-appropriate normal daily activity (pediatric),Life-threatening consequences; urgent intervention indicated,Death,A finding of damage to the urinary system during a surgical procedure.,-,149
Intraoperative venous injury,"Injury, poisoning and procedural complications",CTCAE v6.0,,Primary repair of injured organ/structure indicated,Partial resection of injured organ/structure indicated,Complete resection or reconstruction of injured organ/structure indicated; limiting self-care ADL or severe impact on age-appropriate normal daily activity (pediatric),Life-threatening consequences; urgent intervention indicated,Death,A finding of damage to a vein during a surgical procedure.,-,149
Kidney anastomotic leak,"Injury, poisoning and procedural complications",CTCAE v6.0,,Asymptomatic diagnostic finding; intervention not indicated,Symptomatic; medical intervention indicated,Severe symptoms; invasive intervention indicated,Life-threatening consequences; urgent operative intervention indicated,Death,A finding of leakage of urine due to breakdown of a kidney anastomosis (surgical connection of two separate anatomic structures).,-,149
Large intestinal anastomotic leak,"Injury, poisoning and procedural complications",CTCAE v6.0,,Asymptomatic diagnostic finding; intervention not indicated,Symptomatic; medical intervention indicated,Severe symptoms; invasive intervention indicated,Life-threatening consequences; urgent operative intervention indicated,Death,A finding of leakage due to breakdown of an anastomosis (surgical connection of two separate anatomic structures) in the large intestine.,-,150
Nerve injury,"Injury, poisoning and procedural complications",CTCAE v6.0,,-,Limiting instrumental ADL or mild/moderate impact on age-appropriate normal daily activity (pediatric),Invasive intervention indicated; hospitalization; limiting self-care ADL or severe impact on age-appropriate normal daily activity (pediatric),Life-threatening consequences; urgent intervention indicated,Death,A finding of damage to a nerve.,-,150
Pancreatic anastomotic leak,"Injury, poisoning and procedural complications",CTCAE v6.0,,Asymptomatic diagnostic finding; intervention not indicated,Symptomatic; medical intervention indicated,Severe symptoms; invasive intervention indicated,Life-threatening consequences; urgent operative intervention indicated,Death,A finding of leakage due to breakdown of a pancreatic anastomosis (surgical connection of two separate anatomic structures).,-,150
Pharyngeal anastomotic leak,"Injury, poisoning and procedural complications",CTCAE v6.0,,Asymptomatic diagnostic finding; intervention not indicated,Symptomatic; medical intervention indicated,Severe symptoms; invasive intervention indicated,Life-threatening consequences; urgent operative intervention indicated,Death,A finding of leakage due to breakdown of a pharyngeal anastomosis (surgical connection of two separate anatomic structures).,-,151
Post biopsy bleeding,"Injury, poisoning and procedural complications",CTCAE v6.0,,-,Requiring additional observation,Transfusion indicated; invasive intervention indicated; hospitalization,Life-threatening consequences; urgent intervention indicated,Death,A disorder characterized by bleeding as a result of a biopsy procedure.,-,151
Postoperative hemorrhage,"Injury, poisoning and procedural complications",CTCAE v6.0,,Mild symptoms; intervention not indicated,Moderate bleeding requiring transfusion <2 units (10 cc/kg for pediatrics) of pRBCs,Transfusion indicated of ≥2 units (10 cc/kg for pediatrics) pRBCs; invasive intervention indicated; hospitalization,Life-threatening consequences; urgent intervention indicated,Death,A disorder characterized by bleeding occurring after a surgical procedure.,"Consider Injury, poisoning and procedural complications: Post biopsy bleeding.",151
Postoperative thoracic procedure complication,"Injury, poisoning and procedural complications",CTCAE v6.0,,-,Extubated within 24 - 72 hrs postoperatively,"Extubated >72 hrs postoperatively, but before tracheostomy indicated","Life-threatening airway compromise; urgent intervention indicated (e.g., tracheotomy or intubation)",Death,A finding of a previously undocumented problem that occurs after a thoracic procedure.,-,152
Prolapse of intestinal stoma,"Injury, poisoning and procedural complications",CTCAE v6.0,,Asymptomatic; reducible,Recurrent after manual reduction; local irritation or stool leakage; difficulty to fit appliance; limiting instrumental ADL or mild/moderate impact on age-appropriate normal daily activity (pediatric),Severe symptoms; elective operative intervention indicated; limiting self-care ADL or severe impact on age-appropriate normal daily activity (pediatric),Life-threatening consequences; urgent operative intervention indicated,Death,A finding of protrusion of the intestinal stoma (surgically created opening on the surface of the body) above the abdominal surface.,-,152
Prolapse of urostomy,"Injury, poisoning and procedural complications",CTCAE v6.0,,Asymptomatic; clinical or diagnostic observations only; intervention not indicated,Local care or maintenance; minor revision indicated,Dysfunctional stoma; elective operative intervention or major stomal revision indicated,Life-threatening consequences; urgent intervention indicated,Death,A finding of displacement of the urostomy.,-,152
Radiation recall reaction (dermatologic),"Injury, poisoning and procedural complications",CTCAE v6.0,,Faint erythema or dry desquamation,"Moderate to brisk erythema; patchy moist desquamation, mostly confined to skin folds and creases; moderate edema",Moist desquamation in areas other than skin folds and creases; bleeding induced by minor trauma or abrasion,Life-threatening consequences; skin necrosis or ulceration of full thickness dermis; spontaneous bleeding from involved site; skin graft indicated,Death,"A finding of acute skin inflammatory reaction caused by drugs, especially chemotherapeutic agents, for weeks or months following radiotherapy. The inflammatory reaction is confined to the previously irradiated skin and the symptoms disappear after the removal of the pharmaceutical agent.",-,153
Rectal anastomotic leak,"Injury, poisoning and procedural complications",CTCAE v6.0,,Asymptomatic diagnostic finding; intervention not indicated,Symptomatic; medical intervention indicated,Severe symptoms; invasive intervention indicated,Life-threatening consequences; urgent operative intervention indicated,Death,A finding of leakage due to breakdown of a rectal anastomosis (surgical connection of two separate anatomic structures).,-,153
Seroma,"Injury, poisoning and procedural complications",CTCAE v6.0,,Asymptomatic; clinical or diagnostic observations only; intervention not indicated,Symptomatic; simple aspiration indicated,"Symptomatic, elective invasive intervention indicated",-,-,A finding of tumor-like collection of serum in the tissues.,-,153
Small intestinal anastomotic leak,"Injury, poisoning and procedural complications",CTCAE v6.0,,Asymptomatic diagnostic finding; intervention not indicated,Symptomatic; medical intervention indicated,Severe symptoms; invasive intervention indicated,Life-threatening consequences; urgent operative intervention indicated,Death,A finding of leakage due to breakdown of an anastomosis (surgical connection of two separate anatomic structures) in the small bowel.,-,154
Spermatic cord anastomotic leak,"Injury, poisoning and procedural complications",CTCAE v6.0,,Asymptomatic diagnostic finding; intervention not indicated,Symptomatic; medical intervention indicated,Severe symptoms; invasive intervention indicated,Life-threatening consequences; urgent operative intervention indicated,Death,A finding of leakage due to breakdown of a spermatic cord anastomosis (surgical connection of two separate anatomic structures).,-,154
Stenosis of gastrointestinal stoma,"Injury, poisoning and procedural complications",CTCAE v6.0,,-,Symptomatic; IV fluids indicated <24 hrs; manual dilation at bedside,"Severely altered GI function; tube feeding, TPN or hospitalization indicated; elective operative intervention indicated",Life-threatening consequences; urgent operative intervention indicated,Death,A finding of narrowing of the gastrointestinal stoma (surgically created opening on the surface of the body).,-,154
Stomal ulcer,"Injury, poisoning and procedural complications",CTCAE v6.0,,Asymptomatic; clinical or diagnostic observations only; intervention not indicated,Symptomatic; medical intervention indicated,Severe symptoms; elective operative intervention indicated,-,-,"A disorder characterized by a circumscribed, erosive lesion on the jejunal mucosal surface close to the anastomosis site following a gastroenterostomy procedure.",-,155
Systemic post-immunization reaction,"Injury, poisoning and procedural complications",CTCAE v6.0,,Mild pain; erythema 2.5 - 5 cm; induration/swelling 2.5 - 5 cm; does not interfere with activity,Moderate pain; erythema >5 - 10 cm; Induration/swelling >5 - 10 cm; lipodystrophy; limiting instrumental ADL or mild/moderate impact on age-appropriate normal daily activity (pediatric),Severe pain; erythema >10 cm; Induration/swelling >10 cm; necrosis; limiting self-care ADL or severe impact on age-appropriate normal daily activity (pediatric),Life-threatening consequences; urgent intervention indicated,-,"A disorder characterized by a systemic manifestation that occurs after the injection of a substance with antigenic properties, administered to activate the immune system.",-,155
Tissue injury,"Injury, poisoning and procedural complications",CTCAE v6.0,,-,Limiting instrumental ADL or mild/moderate impact on age-appropriate normal daily activity (pediatric),Invasive intervention indicated; hospitalization; limiting self-care ADL or severe impact on age-appropriate normal daily activity (pediatric),Life-threatening consequences; urgent intervention indicated,Death,A finding of damage to an organ or tissue as a result of a procedure.,-,155
Tracheal hemorrhage,"Injury, poisoning and procedural complications",CTCAE v6.0,,Mild symptoms; intervention not indicated,Moderate symptoms; intervention indicated,Hospitalization,Life-threatening consequences; urgent intervention indicated,Death,A disorder characterized by bleeding from the trachea.,-,156
Tracheal obstruction,"Injury, poisoning and procedural complications",CTCAE v6.0,,"Partial asymptomatic obstruction on examination (e.g., visual, radiologic or endoscopic)","Symptomatic (e.g., noisy airway breathing), no respiratory distress; medical intervention indicated (e.g., steroids); limiting instrumental ADL or mild/moderate impact on age-appropriate normal daily activity (pediatric)","Stridor or respiratory distress; invasive intervention indicated (e.g., stent, laser); limiting self-care ADL or severe impact on age-appropriate normal daily activity (pediatric)","Life-threatening airway compromise; urgent intervention indicated (e.g., tracheotomy or intubation)",Death,A disorder characterized by blockage of the lumen of the trachea.,-,156
Tracheostomy site bleeding,"Injury, poisoning and procedural complications",CTCAE v6.0,,Minimal bleeding identified on clinical exam; intervention not indicated,Moderate bleeding; medical intervention indicated,Invasive intervention indicated; hospitalization,Life-threatening consequences; urgent intervention indicated,Death,A disorder characterized by bleeding from the tracheostomy site.,-,156
Ureteric anastomotic leak,"Injury, poisoning and procedural complications",CTCAE v6.0,,Asymptomatic diagnostic finding; intervention not indicated,Symptomatic; medical intervention indicated,Severe symptoms; invasive intervention indicated,Life-threatening consequences; urgent operative intervention indicated,Death,A finding of leakage due to breakdown of a ureteral anastomosis (surgical connection of two separate anatomic structures).,-,157
Urethral anastomotic leak,"Injury, poisoning and procedural complications",CTCAE v6.0,,Asymptomatic diagnostic finding; intervention not indicated,Symptomatic; medical intervention indicated,Severe symptoms; invasive intervention indicated,Life-threatening consequences; urgent operative intervention indicated,Death,A finding of leakage due to breakdown of a urethral anastomosis (surgical connection of two separate anatomic structures).,-,157
Urostomy leak,"Injury, poisoning and procedural complications",CTCAE v6.0,,Asymptomatic diagnostic finding; intervention not indicated,Symptomatic; medical intervention indicated,Severe symptoms; invasive intervention indicated,Life-threatening consequences; urgent operative intervention indicated,Death,A finding of leakage of contents from a urostomy.,-,157
Urostomy obstruction,"Injury, poisoning and procedural complications",CTCAE v6.0,,Asymptomatic; clinical or diagnostic observations only; intervention not indicated,Symptomatic; dilation or endoscopic repair or stent placement indicated,"Altered organ function (e.g., sepsis or hydronephrosis, or renal dysfunction); elective operative intervention indicated",Life-threatening consequences; organ failure; urgent operative intervention indicated,Death,A disorder characterized by blockage of the urostomy.,-,158
Urostomy site bleeding,"Injury, poisoning and procedural complications",CTCAE v6.0,,Minimal bleeding identified on clinical exam; intervention not indicated,Moderate bleeding; medical intervention indicated,Invasive intervention indicated; hospitalization,Life-threatening consequences; urgent intervention indicated,Death,A disorder characterized by bleeding from the urostomy site.,-,158
Urostomy stenosis,"Injury, poisoning and procedural complications",CTCAE v6.0,,-,"Symptomatic but no hydronephrosis, sepsis, or renal dysfunction; dilation or endoscopic repair or stent placement indicated","Symptomatic (e.g., hydronephrosis, or renal dysfunction); elective operative intervention indicated",Life-threatening consequences; urgent operative intervention indicated,Death,A finding of narrowing of the opening of a urostomy.,-,158
Uterine anastomotic leak,"Injury, poisoning and procedural complications",CTCAE v6.0,,Asymptomatic diagnostic finding; intervention not indicated,Symptomatic; medical intervention indicated,Severe symptoms; invasive intervention indicated,Life-threatening consequences; urgent operative intervention indicated,Death,A finding of leakage due to breakdown of a uterine anastomosis (surgical connection of two separate anatomic structures).,-,159
Uterine perforation,"Injury, poisoning and procedural complications",CTCAE v6.0,,-,Invasive intervention not indicated,Invasive intervention indicated,Life-threatening consequences; urgent intervention indicated,Death,A disorder characterized by a rupture in the uterine wall.,-,159
Vaginal anastomotic leak,"Injury, poisoning and procedural complications",CTCAE v6.0,,Asymptomatic diagnostic finding; intervention not indicated,Symptomatic; medical intervention indicated,Severe symptoms; invasive intervention indicated,Life-threatening consequences; urgent operative intervention indicated,Death,A finding of leakage due to breakdown of a vaginal anastomosis (surgical connection of two separate anatomic structures).,-,159
Vas deferens anastomotic leak,"Injury, poisoning and procedural complications",CTCAE v6.0,,Asymptomatic diagnostic finding; intervention not indicated,Symptomatic; medical intervention indicated,Severe symptoms; invasive intervention indicated,Life-threatening consequences; urgent operative intervention indicated,Death,A finding of leakage due to breakdown of a vas deferens anastomosis (surgical connection of two separate anatomic structures).,-,160
Vascular access complication,"Injury, poisoning and procedural complications",CTCAE v6.0,,TPA administration into line with no intent for systemic therapy indicated,"Device dislodgement, blockage, leak, or malposition; device replacement indicated","Pulmonary embolism, deep vein or cardiac thrombosis; intervention indicated",Life-threatening consequences with hemodynamic or neurologic instability,Death,A finding of a previously undocumented problem related to the vascular access site.,-,160
Venous injury,"Injury, poisoning and procedural complications",CTCAE v6.0,,Asymptomatic diagnostic finding; intervention not indicated,"Symptomatic (e.g., claudication); repair or revision not indicated",Severe symptoms; repair or revision indicated; limiting self-care ADL or severe impact on age-appropriate normal daily activity (pediatric),Life-threatening consequences; evidence of end organ damage; urgent operative intervention indicated,Death,A finding of damage to a vein.,-,160
Wound complication,"Injury, poisoning and procedural complications",CTCAE v6.0,,Observation only; topical intervention indicated,Bedside local care indicated,Operative intervention indicated,Life-threatening consequences,Death,A finding of development of a new problem at the site of an existing wound.,"Prior to using this term consider Injury, poisoning and procedural complications: Wound dehiscence or Infections and infestations: Wound infection.",161
Wound dehiscence,"Injury, poisoning and procedural complications",CTCAE v6.0,,"Incisional separation, intervention not indicated","Incisional separation, local care (e.g., suturing) or medical intervention indicated (e.g., analgesic)",Fascial disruption or dehiscence without evisceration; revision by operative intervention indicated,"Life-threatening consequences; symptomatic hernia with evidence of strangulation; fascial disruption with evisceration; major reconstruction flap, grafting, resection, or amputation indicated",Death,A finding of separation of the approximated margins of a surgical wound.,Consider Infections and infestations: Wound infection.,161
Activated partial thromboplastin time prolonged,Investigations,CTCAE v6.0,,>ULN - 1.5 × ULN,>1.5 - 2.5 × ULN,>2.5 × ULN; bleeding,-,-,"A finding based on laboratory test results in which the partial thromboplastin time is found to be greater than the control value. As a possible indicator of coagulopathy, a prolonged partial thromboplastin time (PTT) may occur in a variety of diseases and disorders, both primary and related to treatment.",-,162
Alanine aminotransferase increased,Investigations,CTCAE v6.0,,>ULN - 3.0 × ULN if baseline was normal or less than normal; 1.0 - 1.5 × baseline if baseline was >ULN,>3.0 - 5.0 × ULN if baseline was normal or less than normal; >1.5 - 2.0 × baseline if baseline was >ULN,>5.0 - 20.0 × ULN if baseline was normal or less than normal; >2.0 - 4.0 × baseline if baseline was >ULN up to 5 × ULN,>20.0 × ULN if baseline was normal or less than normal; >4.0 × baseline if baseline was >ULN,-,A finding based on laboratory test results that indicate an increase in the level of alanine aminotransferase (ALT or SGPT) in the blood specimen.,"Consider Hepatobiliary disorders: Hepatic failure. Report Autoimmune hepatitis under Hepatobiliary disorders: Other, specify.",162
Alkaline phosphatase increased,Investigations,CTCAE v6.0,,>Baseline and ULN,-,-,-,-,A finding based on laboratory test results that indicate an increase in the level of alkaline phosphatase (ALP) in a blood specimen.,-,162
Aspartate aminotransferase increased,Investigations,CTCAE v6.0,,>ULN - 3.0 × ULN if baseline was normal or less than normal; 1.0 - 1.5 × baseline if baseline was >ULN,>3.0 - 5.0 × ULN if baseline was normal or less than normal; >1.5 - 2.0 × baseline if baseline was >ULN,>5.0 - 20.0 × ULN if baseline was normal or less than normal; >2.0 - 4.0 × baseline if baseline was >ULN up to 5 × ULN,>20.0 × ULN if baseline was normal or less than normal; >4.0 × baseline if baseline was >ULN,-,A finding based on laboratory test results that indicate an increase in the level of aspartate aminotransferase (AST or SGOT) in a blood specimen.,"Consider Hepatobiliary disorders: Hepatic failure. Report Autoimmune hepatitis under Hepatobiliary disorders: Other, specify.",163
Blood antidiuretic hormone abnormal,Investigations,CTCAE v6.0,,Asymptomatic; clinical or diagnostic observations only; intervention not indicated,Symptomatic; medical intervention indicated,Hospitalization indicated,-,-,A finding based on laboratory test results that indicate abnormal levels of antidiuretic hormone (ADH) in the blood specimen.,-,163
Blood bicarbonate decreased,Investigations,CTCAE v6.0,,<LLN and no intervention initiated,-,-,-,-,A finding based on laboratory test results that indicate a decrease in levels of bicarbonate in a venous blood specimen.,"Consider Metabolism and nutrition disorders: Acidosis, Alkalosis.",163
Blood bilirubin increased,Investigations,CTCAE v6.0,,>ULN - 1.5 × ULN if baseline was normal or less than normal; 1.0 - 1.5 × baseline if baseline was >ULN,>1.5 - 3.0 × ULN if baseline was normal or less than normal; >1.5 - 2.5 × baseline if baseline was >ULN,>3.0 - 10.0 × ULN if baseline was normal or less than normal; >2.5 - 10.0 × baseline if baseline was >ULN,>10.0 × ULN if baseline was normal or less than normal; >10.0 × baseline if baseline was >ULN,-,A finding based on laboratory test results that indicate an abnormally high level of total bilirubin in the blood. Excess bilirubin is associated with jaundice.,"Consider Hepatobiliary disorders: Hepatic failure. Report Autoimmune hepatitis under Hepatobiliary disorders: Other, specify.",164
Blood corticotrophin decreased,Investigations,CTCAE v6.0,,Asymptomatic; clinical or diagnostic observations only; intervention not indicated,Symptomatic; medical intervention indicated,Hospitalization indicated,-,-,A finding based on laboratory test results that indicate a decrease in the expected levels of corticotrophin (ACTH) in a blood specimen.,-,164
Blood gonadotrophin abnormal,Investigations,CTCAE v6.0,,Asymptomatic; clinical or diagnostic observations only; intervention not indicated,Symptomatic; medical intervention indicated,-,-,-,A finding based on laboratory test results that indicate abnormal levels of gonadotrophin hormone in a blood specimen.,-,164
Blood lactate dehydrogenase increased,Investigations,CTCAE v6.0,,>ULN,-,-,-,-,A finding based on laboratory test results that indicate increased levels of lactate dehydrogenase (LDH) in the blood specimen.,-,164
Blood prolactin abnormal,Investigations,CTCAE v6.0,,Asymptomatic; clinical or diagnostic observations only; intervention not indicated,Moderate symptoms; limiting instrumental ADL or mild/moderate impact on age-appropriate normal daily activity (pediatric),-,-,-,A finding based on laboratory test results that indicate abnormal levels of prolactin hormone in a blood specimen.,-,165
Carbon monoxide diffusing capacity decreased,Investigations,CTCAE v6.0,,"3 - 5 units below LLN if no baseline available; for follow- up, a decrease of 3 - 5 units (ml/min/mmHg) below the baseline value; asymptomatic and intervention not indicated","6 - 8 units below LLN if no baseline available; for follow- up, an asymptomatic decrease of >5 - 8 units (ml/min/mmHg) below the baseline value; symptomatic and intervention not indicated","Asymptomatic decrease of >8 units drop; >5 units drop along with the presence of pulmonary symptoms (e.g., >Grade 2 hypoxia or >Grade 2 dyspnea); intervention indicated",-,-,A finding based on lung function test results that indicate a decrease in the lung capacity to absorb carbon monoxide (DLCO or TLCO).,"Consider Respiratory, thoracic and mediastinal disorders: Dyspnea, Respiratory failure.",165
CD4 lymphocytes decreased,Investigations,CTCAE v6.0,,<LLN - 500/mm3; <LLN - 0.5 × 10^9/L,<500 - 200/mm3; <0.5 - 0.2 × 10^9/L,<200 - 50/mm3; <0.2 - 0.05 × 10^9/L,<50/mm3; <0.05 × 10^9/L,-,A finding based on laboratory test results that indicate a decrease in levels of CD4 lymphocytes in a blood specimen.,-,165
Cholesterol high,Investigations,CTCAE v6.0,,>ULN - 300 mg/dL; >ULN - 7.75 mmol/L,>300 - 400 mg/dL; >7.75 - 10.34 mmol/L,>400 - 500 mg/dL; >10.34 - 12.92 mmol/L,>500 mg/dL; >12.92 mmol/L,-,A finding based on laboratory test results that indicate higher than normal levels of cholesterol in a blood specimen.,-,166
Creatinine clearance decreased,Investigations,CTCAE v6.0,,-,26 - 49 ml/min,10 - 25 ml/min,-,-,A finding based on laboratory test results that indicate a decrease in creatinine clearance (CrCl) in a 24-hour urine collection.,Report Grade 4 and 5 as Renal and urinary disorders: Acute kidney injury or Chronic kidney disease.,166
Creatinine increased,Investigations,CTCAE v6.0,,>ULN - 1.5 × ULN,>1.5 - 3.0 × baseline if baseline is below LLN; >1.5 - 3.0 × ULN,>3.0 × baseline if baseline is below LLN; >3.0 - 6.0 × ULN,>6.0 × ULN,-,A finding based on laboratory test results that indicate increased levels of creatinine in a biological specimen.,"Consider Renal and urinary disorders: Acute kidney injury, Glomerulonephritis, Tubulointerstitial nephritis.",166
Electrocardiogram QT corrected interval prolonged,Investigations,CTCAE v6.0,,Average QTc 450 - 480 ms,Average QTc 481 - 500 ms,Average QTc >500 ms; >60 ms change from baseline,Life-threatening consequences; Torsade de pointes; polymorphic ventricular tachycardia,-,A finding of a cardiac dysrhythmia characterized by an abnormally long corrected QT interval.,"Consider Cardiac disorders: Ventricular arrhythmia, Ventricular fibrillation, Ventricular tachycardia.",166
Fibrinogen decreased,Investigations,CTCAE v6.0,,"<1.0 - 0.75 × LLN; if abnormal, <25% decrease from baseline","<0.75 - 0.5 × LLN; if abnormal, 25 - <50% decrease from baseline","<0.5 - 0.25 × LLN; if abnormal, 50 - <75% decrease from baseline","<0.25 × LLN; if abnormal, 75% decrease from baseline; absolute value <50 mg/dL",-,A finding based on laboratory test results that indicate an decrease in levels of fibrinogen in a blood specimen.,-,167
Forced expiratory volume decreased,Investigations,CTCAE v6.0,,FEV1% (percentages of observed FEV1 and FVC related to their respective predicted values) 99 - 70% predicted; Global Lung Function Initiative (GLI) Z- score -1.65 to -2.5,FEV1% 60 - 69%; GLI Z-score <-2.5 to -4,FEV1% 50 - 59%; GLI Z-score <-4,-,-,A finding based on test results that indicate a relative decrease in the fraction of the forced vital capacity that is exhaled in a specific number of seconds.,"Consider Respiratory, thoracic and mediastinal disorders: Dyspnea, Respiratory failure.",167
GGT increased,Investigations,CTCAE v6.0,,>ULN - 2.5 × ULN if baseline was normal or less than normal; 1.0 - 1.5 × baseline if baseline was >ULN,>2.5 - 5.0 × ULN if baseline was normal or less than normal; >1.5 - 3.0 × baseline if baseline was >ULN,>5.0 - 20.0 × ULN if baseline was normal or less than normal; >3.0 - 10.0 × baseline if baseline was >ULN,>20.0 × ULN if baseline was normal or less than normal; >10.0 × baseline if baseline was >ULN,-,"A finding based on laboratory test results that indicate higher than normal levels of the enzyme gamma-glutamyltransferase in the blood specimen. GGT (gamma-glutamyltransferase) catalyzes the transfer of a gamma glutamyl group from a gamma glutamyl peptide to another peptide, amino acids or water.",-,167
Growth hormone abnormal,Investigations,CTCAE v6.0,,Asymptomatic; clinical or diagnostic observations only; intervention not indicated,Symptomatic; medical intervention indicated; limiting instrumental ADL or mild/moderate impact on age-appropriate normal daily activity (pediatric),-,-,-,A finding based on laboratory test results that indicate abnormal levels of growth hormone (GH) in a biological specimen.,-,168
Haptoglobin decreased,Investigations,CTCAE v6.0,,<LLN,-,-,-,-,A finding based on laboratory test results that indicate an decrease in levels of haptoglobin (HP) in a blood specimen.,-,168
HDL decreased,Investigations,CTCAE v6.0,,<LLN,-,-,-,-,A finding based on laboratory test results that indicate a decrease in HDL in a blood specimen.,-,168
Hemoglobin increased,Investigations,CTCAE v6.0,,Increase in >0 - 2 g/dL above ULN,Increase in >2 - 4 g/dL above ULN,Increase in >4 g/dL above ULN,-,-,A finding based on laboratory test results that indicate increased levels of hemoglobin (Hgb) above normal.,-,168
INR increased,Investigations,CTCAE v6.0,,>1.2 - 1.5; >1 - 1.5 × baseline if on anticoagulation; monitoring only indicated,>1.5 - 2.5; >1.5 - 2.5 × baseline if on anticoagulation; dose adjustment indicated,>2.5; >2.5 × baseline if on anticoagulation; bleeding,-,-,A finding based on laboratory test results that indicate an increase in the ratio of the patient's prothrombin time (PT) to a control sample in the blood.,-,169
"Investigations - Other, specify",Investigations,CTCAE v6.0,,Asymptomatic or mild symptoms; clinical or diagnostic observations only; intervention not indicated,"Moderate; minimal, local or noninvasive intervention indicated; limiting instrumental ADL or mild/moderate impact on age-appropriate normal daily activity (pediatric)",Severe or medically significant but not immediately life-threatening; hospitalization or prolongation of existing hospitalization indicated; limiting self-care ADL or severe impact on age-appropriate normal daily activity (pediatric),Life-threatening consequences; urgent intervention indicated,Death,-,-,169
LDL increased,Investigations,CTCAE v6.0,,>ULN,-,-,-,-,A finding based on laboratory test results that indicate an increase in LDL in a blood specimen.,-,169
Lipase increased,Investigations,CTCAE v6.0,,>ULN - 1.5 × ULN,>1.5 - 3.0 × ULN; >3.0 - 5.0 × ULN and asymptomatic,>3.0 - 5.0 × ULN with signs or symptoms; >5.0 × ULN and asymptomatic,>5.0 × ULN and with signs or symptoms,-,A finding based on laboratory test results that indicate an increase in the level of lipase in a biological specimen.,Consider Gastrointestinal disorders: Pancreatitis.,170
Lymphocyte count increased,Investigations,CTCAE v6.0,,-,">4000/mm3 - 20,000/mm3",">20,000/mm3",-,-,"A finding based on laboratory test results that indicate an abnormal increase in the number of lymphocytes in the blood, effusions or bone marrow.",-,170
Neutrophil count decreased,Investigations,CTCAE v6.0,,<1500 - 1000/mm3; <1.5 - 1.0 × 10^9/L,<1000 - 500/mm3; <1.0 - 0.5 × 10^9/L,<500 - 100/mm3; <0.5 - 0.1 × 10^9/L,<100/mm3; <0.1 × 10^9/L,-,A finding based on laboratory test results that indicate a decrease in number of neutrophils (ANC) in a blood specimen.,-,170
Neutrophil count increased,Investigations,CTCAE v6.0,,Present,-,-,-,-,A finding based on laboratory test results that indicate an increase in number of neutrophils (ANC) in a blood specimen.,-,170
Serum amylase increased,Investigations,CTCAE v6.0,,>ULN - 1.5 × ULN,>1.5 - 2.0 × ULN; >2.0 - 5.0 × ULN and asymptomatic or with mild signs or symptoms,>2.0 - 5.0 × ULN with moderate or severe signs or symptoms; >5.0 × ULN and asymptomatic,>5.0 × ULN and with signs or symptoms,-,A finding based on laboratory test results that indicate an increase in the levels of amylase in a serum specimen.,Consider Gastrointestinal disorders: Pancreatitis.,171
Thyroid stimulating hormone increased,Investigations,CTCAE v6.0,,TSH increased and no intervention indicated,-,-,-,-,A disorder characterized by an increase in thyroid stimulating hormone (TSH).,"If intervention initiated or symptomatic, report as Endocrine disorders: Hypothyroidism.",171
Urinary protein increased,Investigations,CTCAE v6.0,,Adult: 1+ proteinuria; urinary protein ≥ULN - <1.0 g/24 hrs; P/C <1; Pediatric: 1 + proteinuria,Adult: 2+ and 3+ proteinuria; urinary protein 1.0 - <3.5 g/24 hrs; P/C 1 - 3.5; Pediatric: Urine P/C (Protein/Creatinine) ratio 0.5 - 1.9; 2 - 3+ proteinuria,"Adult: Urinary protein ≥3.5 g/24 hrs; 4+ proteinuria; P/C >3.5; Pediatric: Urine P/C (Protein/Creatinine) ratio >1.9, 4+ proteinuria",-,-,"A finding based on laboratory test results that indicate the presence of excessive protein in the urine. It is predominantly albumin, but also globulin.",24-hour urine collection takes precedence over dipstick.,171
Urine output decreased,Investigations,CTCAE v6.0,,-,-,Adult: Oliguria (<80 ml in 8 hr); Infants: <1 ml/kg/hour; Children: <0.5 ml/kg/hour,Adult: Anuria (<240 ml in 24 hr); Pediatric: No urine output over 12 hours,-,A finding based on test results that indicate urine production is less relative to previous output.,-,172
Vital capacity abnormal,Investigations,CTCAE v6.0,,90 - 75% of predicted value,<75 - 50% of predicted value; limiting instrumental ADL or mild/moderate impact on age-appropriate normal daily activity (pediatric),<50% of predicted value; limiting self-care ADL or severe impact on age-appropriate normal daily activity (pediatric),-,-,A finding based on pulmonary function test results that indicate an abnormal vital capacity (VC) (amount of exhaled after a maximum inhalation) when compared to the predicted value.,"Consider Investigations: Forced expiratory volume decreased; Respiratory, thoracic and mediastinal disorders: Dyspnea, Respiratory failure.",172
Vitamin D decreased,Investigations,CTCAE v6.0,,Vitamin D decreased <LLN,-,-,-,-,A finding based on laboratory test results that indicate a low concentration of Vitamin D in the blood.,-,172
Weight gain,Investigations,CTCAE v6.0,,5 - <10% from baseline,10 - <20% from baseline,≥20% from baseline,-,-,"A finding characterized by an unexpected or abnormal increase in overall body weight; for pediatrics, percentages represent the absolute increase above that expected from the baseline growth curve (not change in growth percentiles).",-,172
Weight loss,Investigations,CTCAE v6.0,,5 - <10% from baseline; intervention not indicated,10 - <20% from baseline; nutritional support indicated,≥20% from baseline; tube feeding or TPN indicated,-,-,"A finding characterized by a decrease in overall body weight; for pediatrics, less than the baseline growth curve.",-,173
White blood cell decreased,Investigations,CTCAE v6.0,,<LLN - 3000/mm3; <LLN - 3.0 × 10^9/L,<3000 - 2000/mm3; <3.0 - 2.0 × 10^9/L,<2000 - 1000/mm3; <2.0 - 1.0 × 10^9/L,<1000/mm3; <1.0 × 10^9/L,-,A finding based on laboratory test results that indicate a decrease in number of white blood cells (WBC) in a blood specimen.,-,173
Acidosis,Metabolism and nutrition disorders,CTCAE v6.0,,"pH <normal, but ≥7.3",-,pH <7.3,Life-threatening consequences,Death,A disorder characterized by abnormally high acidity (high hydrogen-ion concentration) of the blood and other body tissues.,-,174
Alcohol intolerance,Metabolism and nutrition disorders,CTCAE v6.0,,-,Present,Severe symptoms; limiting self-care ADL or severe impact on age-appropriate normal daily activity (pediatric),Life-threatening consequences; urgent intervention indicated,Death,"A disorder characterized by an increase in sensitivity to the adverse effects of alcohol, which can include nasal congestion, skin flushes, heart dysrhythmias, nausea, vomiting, indigestion and headaches.",-,174
Alkalosis,Metabolism and nutrition disorders,CTCAE v6.0,,"pH >normal, but ≤7.5",-,pH >7.5,Life-threatening consequences,Death,A disorder characterized by abnormally high alkalinity (low hydrogen-ion concentration) of the blood and other body tissues.,-,174
Anorexia,Metabolism and nutrition disorders,CTCAE v6.0,,Loss of appetite without alteration in eating habits,Oral intake altered without significant weight loss or malnutrition; oral nutritional supplements indicated,"Associated with significant weight loss or malnutrition (e.g., inadequate oral caloric and/or fluid intake); tube feeding or TPN indicated",Life-threatening consequences; urgent intervention indicated,Death,A disorder characterized by a loss of appetite.,-,175
Dehydration,Metabolism and nutrition disorders,CTCAE v6.0,,Increased oral fluids indicated; dry mucous membranes; diminished skin turgor,IV fluids indicated,Hospitalization indicated,Life-threatening consequences; urgent intervention indicated,Death,"A disorder characterized by excessive loss of water from the body. It is usually caused by severe diarrhea, vomiting or diaphoresis.",-,175
Diabetes mellitus,Metabolism and nutrition disorders,CTCAE v6.0,,Abnormal glucose above baseline; diet changes only; no change in baseline diabetic management,Oral antiglycemic agent initiated; insulin sliding scale initiated,Insulin therapy initiated or increased; hospitalization indicated,Life-threatening consequences; urgent intervention indicated; diabetic ketoacidosis,Death,A disorder characterized by increased Hgb A1C that may result in organ damage.,Consider Metabolism and nutrition disorders: Hyperglycemia.,175
Failure to thrive,Metabolism and nutrition disorders,CTCAE v6.0,,-,Limiting instrumental ADL or mild/moderate impact on age-appropriate normal daily activity (pediatric),Limiting self-care ADL or severe impact on age-appropriate normal daily activity (pediatric),-,-,"A condition characterized by global decline with weight loss, decreased appetite, poor intake, and/or inactivity.",-,176
Hypercalcemia,Metabolism and nutrition disorders,CTCAE v6.0,,Corrected serum calcium of >ULN - 11.5 mg/dL; >ULN - 2.9 mmol/L; Ionized calcium >ULN - 1.5 mmol/L,Corrected serum calcium of >11.5 - 12.5 mg/dL; >2.9 - 3.1 mmol/L; Ionized calcium >1.5 - 1.6 mmol/L; symptomatic,Corrected serum calcium of >12.5 - 13.5 mg/dL; >3.1 - 3.4 mmol/L; Ionized calcium >1.6 - 1.8 mmol/L; hospitalization indicated,Corrected serum calcium of >13.5 mg/dL; >3.4 mmol/L; Ionized calcium >1.8 mmol/L; life-threatening consequences,Death,A disorder characterized by laboratory test results that indicate an elevation in the concentration of calcium (corrected for albumin) in blood.,-,176
Hyperglycemia,Metabolism and nutrition disorders,CTCAE v6.0,,Fasting glucose value >ULN - 160 mg/dL; Fasting glucose value >ULN - 8.9 mmol/L,Fasting glucose value >160 - 250 mg/dL; Fasting glucose value >8.9 - 13.9 mmol/L,>250 - 500 mg/dL; >13.9 - 27.8 mmol/L; hospitalization indicated,>500 mg/dL; >27.8 mmol/L; life-threatening consequences,-,"A condition characterized by laboratory test results that indicate a confirmed, short lasting and unexpected elevation in the concentration of blood sugar (glycemia).",Consider Metabolism and nutrition disorders: Diabetes mellitus.,176
Hyperkalemia,Metabolism and nutrition disorders,CTCAE v6.0,,>ULN - 5.5 mmol/L,>5.5 - 6.0 mmol/L; intervention initiated,>6.0 - 7.0 mmol/L; hospitalization indicated,>7.0 mmol/L; life-threatening consequences,Death,A disorder characterized by laboratory test results that indicate an elevation in the concentration of potassium in the blood; associated with kidney failure or sometimes with the use of diuretic drugs.,-,177
Hyperlipidemia,Metabolism and nutrition disorders,CTCAE v6.0,,Requiring diet changes,Requiring pharmaceutical intervention,Hospitalization,Life-threatening consequences,-,A disorder characterized by laboratory test results that indicate an elevation in the concentration of lipids in blood.,Consider Gastrointestinal disorders: Pancreatitis.,177
Hypermagnesemia,Metabolism and nutrition disorders,CTCAE v6.0,,>ULN - 3.0 mg/dL; >ULN - 1.23 mmol/L,-,>3.0 - 8.0 mg/dL; >1.23 - 3.30 mmol/L,>8.0 mg/dL; >3.30 mmol/L; life-threatening consequences,Death,A disorder characterized by laboratory test results that indicate an elevation in the concentration of magnesium in the blood.,-,177
Hypernatremia,Metabolism and nutrition disorders,CTCAE v6.0,,>ULN - 150 mmol/L,>150 - 155 mmol/L; intervention initiated,>155 - 160 mmol/L; hospitalization indicated,>160 mmol/L; life-threatening consequences,Death,A disorder characterized by laboratory test results that indicate an elevation in the concentration of sodium in the blood.,-,177
Hyperphosphatemia,Metabolism and nutrition disorders,CTCAE v6.0,,Laboratory finding only and intervention not indicated,Noninvasive intervention indicated,Severe or medically significant but not immediately life-threatening; hospitalization or prolongation of existing hospitalization indicated,"Life-threatening consequences; urgent intervention indicated (e.g., dialysis)",Death,A disorder characterized by laboratory test results that indicate an elevation in the concentration of phosphate in a blood.,-,178
Hypertriglyceridemia,Metabolism and nutrition disorders,CTCAE v6.0,,150 mg/dL - 300 mg/dL; 1.71 mmol/L - 3.42 mmol/L,>300 mg/dL - 500 mg/dL; >3.42 mmol/L - 5.7 mmol/L,>500 mg/dL - 1000 mg/dL; >5.7 mmol/L - 11.4 mmol/L,>1000 mg/dL; >11.4 mmol/L; life-threatening consequences,Death,A disorder characterized by laboratory test results that indicate an elevation in the concentration of triglyceride concentration in the blood.,-,178
Hyperuricemia,Metabolism and nutrition disorders,CTCAE v6.0,,>ULN without physiologic consequences,-,>ULN with physiologic consequences,Life-threatening consequences,Death,A disorder characterized by laboratory test results that indicate an elevation in the concentration of uric acid.,-,178
Hypoalbuminemia,Metabolism and nutrition disorders,CTCAE v6.0,,<LLN - 3 g/dL; <LLN - 30 g/L,<3 - 2 g/dL; <30 - 20 g/L,<2 g/dL; <20 g/L,Life-threatening consequences; urgent intervention indicated,Death,A disorder characterized by laboratory test results that indicate a low concentration of albumin in the blood.,-,179
Hypocalcemia,Metabolism and nutrition disorders,CTCAE v6.0,,Corrected serum calcium of <LLN - 8.0 mg/dL; <LLN - 2.0 mmol/L; Ionized calcium <LLN - 1.0 mmol/L,Corrected serum calcium of <8.0 - 7.0 mg/dL; <2.0 - 1.75 mmol/L; Ionized calcium <1.0 - 0.9 mmol/L; symptomatic,Corrected serum calcium of <7.0 - 6.0 mg/dL; <1.75 - 1.5 mmol/L; Ionized calcium <0.9 - 0.8 mmol/L; hospitalization indicated,Corrected serum calcium of <6.0 mg/dL; <1.5 mmol/L; Ionized calcium <0.8 mmol/L; life-threatening consequences,Death,A disorder characterized by laboratory test results that indicate a low concentration of calcium (corrected for albumin) in the blood.,-,179
Hypoglycemia,Metabolism and nutrition disorders,CTCAE v6.0,,<LLN - 55 mg/dL; <LLN - 3.0 mmol/L,<55 - 40 mg/dL; <3.0 - 2.2 mmol/L,<40 - 30 mg/dL; <2.2 - 1.7 mmol/L,<30 mg/dL; <1.7 mmol/L; life-threatening consequences; seizures,Death,A condition characterized by laboratory test results that indicate a low concentration of glucose in the blood.,-,179
Hypokalemia,Metabolism and nutrition disorders,CTCAE v6.0,,<LLN - 3.0 mmol/L,Symptomatic with <LLN - 3.0 mmol/L; intervention indicated,<3.0 - 2.5 mmol/L; hospitalization indicated,<2.5 mmol/L; life-threatening consequences,Death,A disorder characterized by laboratory test results that indicate a low concentration of potassium in the blood.,-,180
Hypomagnesemia,Metabolism and nutrition disorders,CTCAE v6.0,,<LLN - 1.2 mg/dL; <LLN - 0.5 mmol/L,<1.2 - 0.9 mg/dL; <0.5 - 0.4 mmol/L,<0.9 - 0.7 mg/dL; <0.4 - 0.3 mmol/L,<0.7 mg/dL; <0.3 mmol/L; life-threatening consequences,Death,A disorder characterized by laboratory test results that indicate a low concentration of magnesium in the blood.,-,180
Hyponatremia,Metabolism and nutrition disorders,CTCAE v6.0,,<LLN - 130 mmol/L,125 - <130 mmol/L and asymptomatic,125 - <130 mmol/L symptomatic; 120 - <125 mmol/L regardless of symptoms,<120 mmol/L; life-threatening consequences,Death,A disorder characterized by laboratory test results that indicate a low concentration of sodium in the blood.,-,180
Hypophosphatemia,Metabolism and nutrition disorders,CTCAE v6.0,,Laboratory finding only and intervention not indicated,Oral replacement therapy indicated,Severe or medically significant but not immediately life-threatening; hospitalization or prolongation of existing hospitalization indicated,Life-threatening consequences,Death,A disorder characterized by laboratory test results that indicate a low concentration of phosphates in the blood.,-,181
Iron overload,Metabolism and nutrition disorders,CTCAE v6.0,,-,Moderate symptoms; intervention not indicated,Severe symptoms; intervention indicated,Life-threatening consequences; urgent intervention indicated,Death,A disorder characterized by accumulation of iron in the tissues.,-,181
"Metabolism and nutrition disorders - Other, specify",Metabolism and nutrition disorders,CTCAE v6.0,,Asymptomatic or mild symptoms; clinical or diagnostic observations only; intervention not indicated,"Moderate; minimal, local or noninvasive intervention indicated; limiting instrumental ADL or mild/moderate impact on age-appropriate normal daily activity (pediatric)",Severe or medically significant but not immediately life-threatening; hospitalization or prolongation of existing hospitalization indicated; limiting self-care ADL or severe impact on age-appropriate normal daily activity (pediatric),Life-threatening consequences; urgent intervention indicated,Death,-,-,181
Tumor lysis syndrome,Metabolism and nutrition disorders,CTCAE v6.0,,Laboratory tumor lysis syndrome (LTLS) AND creatinine >ULN - 1.5 × ULN,LTLS AND creatinine >1.5 – 3.0 × ULN; cardiac arrhythmia managed medically; one brief generalized seizure; seizure(s) well controlled by anticonvulsants; infrequent focal motor seizures not limiting age-appropriate instrumental ADL or mild/moderate impact on age-appropriate normal daily activity (pediatric),LTLS AND creatinine >3.0 – 6.0 × ULN; cardiac arrhythmia controlled with device (e.g. defibrillator); seizure in which consciousness is altered; poorly controlled seizure disorder; breakthrough generalized seizures despite medical intervention,LTLS AND creatinine >6.0 × ULN; life-threatening cardiac arrhythmia or seizure,Death,"A disorder characterized by metabolic abnormalities that result from a spontaneous or therapy-related cytolysis of tumor cells. Clinical tumor lysis syndrome (CTLS) requires one or more clinical manifestations along with criteria for laboratory tumor lysis syndrome (LTLS). LTLS is defined by two or more of the following laboratory abnormalities within 3 days before or 7 days after the initiation of chemotherapy: Uric acid ≥ 476 mcmol/L or 25% increase from baseline, Potassium ≥ 6.0 mmol/L or 25% increase from baseline, Phosphorous ≥ 2.1 mmol/L (children), ≥1.45 mmol/L (adults) or 25% increase from baseline, Calcium ≤ 1.75 mmol/L or 25% decrease from baseline.",-,182
Abdominal soft tissue necrosis,Musculoskeletal and connective tissue disorders,CTCAE v6.0,,-,"Local wound care; medical intervention indicated (e.g., dressings or topical medications)","Operative debridement or other invasive intervention indicated (e.g., tissue reconstruction, flap, or grafting)",Life-threatening consequences; urgent intervention indicated,Death,A disorder characterized by a necrotic process occurring in the soft tissues of the abdominal wall.,-,183
Arthralgia,Musculoskeletal and connective tissue disorders,CTCAE v6.0,,Mild pain,Moderate pain; limiting instrumental ADL or mild/moderate impact on age-appropriate normal daily activity (pediatric),Severe pain; limiting self-care ADL or severe impact on age-appropriate normal daily activity (pediatric),-,-,A disorder characterized by a sensation of marked discomfort in a joint.,"Report Inflammatory arthritis as Musculoskeletal and connective tissue disorder - Other, specify (Inflammatory arthritis).",183
Arthritis,Musculoskeletal and connective tissue disorders,CTCAE v6.0,,"Mild pain with inflammation, erythema, or joint swelling","Moderate pain associated with signs of inflammation, erythema, or joint swelling; limiting instrumental ADL or mild/moderate impact on age-appropriate normal daily activity (pediatric)","Severe pain associated with signs of inflammation, erythema, or joint swelling; irreversible joint damage; limiting self-care ADL or severe impact on age-appropriate normal daily activity (pediatric)",-,-,A disorder characterized by inflammation involving a joint.,"Report Inflammatory arthritis as Musculoskeletal and connective tissue disorder - Other, specify (Inflammatory arthritis).",184
Back pain,Musculoskeletal and connective tissue disorders,CTCAE v6.0,,Mild pain,Moderate pain; limiting instrumental ADL or mild/moderate impact on age-appropriate normal daily activity (pediatric),Severe pain; limiting self-care ADL or severe impact on age-appropriate normal daily activity (pediatric),-,-,A disorder characterized by a sensation of marked discomfort in the back region.,"Consider Injury, poisoning and procedural complications: Infusion related reaction; Record final diagnosis/cause once determined.",184
Bone pain,Musculoskeletal and connective tissue disorders,CTCAE v6.0,,Mild pain,Moderate pain; limiting instrumental ADL or mild/moderate impact on age-appropriate normal daily activity (pediatric),Severe pain; limiting self-care ADL or severe impact on age-appropriate normal daily activity (pediatric),-,-,A disorder characterized by a sensation of marked discomfort in the bones.,Record final diagnosis/cause once determined.,185
Buttock pain,Musculoskeletal and connective tissue disorders,CTCAE v6.0,,Mild pain,Moderate pain; limiting instrumental ADL or mild/moderate impact on age-appropriate normal daily activity (pediatric),Severe pain; limiting self-care ADL or severe impact on age-appropriate normal daily activity (pediatric),-,-,A disorder characterized by a sensation of marked discomfort in the buttocks.,Record final diagnosis/cause once determined.,185
Chest wall necrosis,Musculoskeletal and connective tissue disorders,CTCAE v6.0,,-,"Local wound care; medical intervention indicated (e.g., dressings or topical medications)","Operative debridement or other invasive intervention indicated (e.g., tissue reconstruction, flap, or grafting)",Life-threatening consequences; urgent intervention indicated,Death,A disorder characterized by a necrotic process occurring in the soft tissues of the chest wall including breast.,-,185
Chest wall pain,Musculoskeletal and connective tissue disorders,CTCAE v6.0,,Mild pain,Moderate pain; limiting instrumental ADL or mild/moderate impact on age-appropriate normal daily activity (pediatric),Severe pain; limiting self-care ADL or severe impact on age-appropriate normal daily activity (pediatric),-,-,A disorder characterized by a sensation of marked discomfort in the chest wall.,"Report Inflammatory costochondritis as Musculoskeletal and connective tissue disorder - Other, specify (Inflammatory costochondritis). Record final diagnosis/cause once determined.",186
Exostosis,Musculoskeletal and connective tissue disorders,CTCAE v6.0,,Asymptomatic; clinical or diagnostic observations only; intervention not indicated,Symptomatic; limiting instrumental ADL or mild/moderate impact on age-appropriate normal daily activity (pediatric),Severe symptoms; elective operative intervention indicated; limiting self-care ADL or severe impact on age-appropriate normal daily activity (pediatric),-,-,A disorder characterized by non-neoplastic overgrowth of bone.,-,186
Fibrosis deep connective tissue,Musculoskeletal and connective tissue disorders,CTCAE v6.0,,"Mild induration, able to move skin parallel to plane (sliding) and perpendicular to skin (pinching up)","Moderate induration, able to slide skin, unable to pinch skin; limiting instrumental ADL or mild/moderate impact on age-appropriate normal daily activity (pediatric)","Severe induration; unable to slide or pinch skin; limiting joint or orifice movement (e.g., mouth, anus); limiting self-care ADL or severe impact on age-appropriate normal daily activity (pediatric)",Generalized; associated with signs or symptoms of impaired breathing or feeding,Death,A disorder characterized by fibrotic degeneration of the deep connective tissues.,-,187
Flank pain,Musculoskeletal and connective tissue disorders,CTCAE v6.0,,Mild pain,Moderate pain; limiting instrumental ADL or mild/moderate impact on age-appropriate normal daily activity (pediatric),Severe pain; limiting self-care ADL or severe impact on age-appropriate normal daily activity (pediatric),-,-,A disorder characterized by a sensation of marked discomfort on the lateral side of the body in the region below the ribs and above the hip.,Record final diagnosis/cause once determined.,187
Generalized muscle weakness,Musculoskeletal and connective tissue disorders,CTCAE v6.0,,Symptomatic; perceived by patient but not evident on physical exam,Symptomatic; evident on physical exam; limiting instrumental ADL or mild/moderate impact on age-appropriate normal daily activity (pediatric),Limiting self-care ADL or severe impact on age-appropriate normal daily activity (pediatric),-,-,A disorder characterized by a reduction in the strength of muscles in multiple anatomic sites.,Record final diagnosis/cause once determined.,188
Growth accelerated,Musculoskeletal and connective tissue disorders,CTCAE v6.0,,-,≥+2 SD (standard deviation) above mid parental height or target height,-,-,-,A disorder characterized by greater growth than expected for age.,-,188
Growth suppression,Musculoskeletal and connective tissue disorders,CTCAE v6.0,,Reduction in growth velocity by 10 - 29% ideally measured over the period of a year,Reduction in growth velocity by 30 - 49% ideally measured over the period of a year or 0 - 49% reduction in growth from the baseline growth curve,Reduction in growth velocity of ≥50% ideally measured over the period of a year,-,-,A disorder characterized by stature that is smaller than normal as expected for age.,-,188
Head soft tissue necrosis,Musculoskeletal and connective tissue disorders,CTCAE v6.0,,-,"Local wound care; medical intervention indicated (e.g., dressings or topical medications)","Operative debridement or other invasive intervention indicated (e.g., tissue reconstruction, flap, or grafting)",Life-threatening consequences; urgent intervention indicated,Death,A disorder characterized by a necrotic process occurring in the soft tissues of the head.,"Consider Respiratory, thoracic and mediastinal disorders: Sinus disorder, Grade 4.",189
Joint effusion,Musculoskeletal and connective tissue disorders,CTCAE v6.0,,Asymptomatic; clinical or diagnostic observations only; intervention not indicated,Symptomatic; limiting instrumental ADL or mild/moderate impact on age-appropriate normal daily activity (pediatric),Severe symptoms; invasive intervention indicated; limiting self-care ADL or severe impact on age-appropriate normal daily activity (pediatric),-,-,"A disorder characterized by excessive fluid in a joint, usually as a result of joint inflammation.",-,189
Joint range of motion decreased,Musculoskeletal and connective tissue disorders,CTCAE v6.0,,≤25% loss of ROM (range of motion); decreased ROM limiting athletic activity,>25 - 50% decrease in ROM; limiting instrumental ADL or mild/moderate impact on age-appropriate normal daily activity (pediatric),>50% decrease in ROM; limiting self-care ADL or severe impact on age-appropriate normal daily activity (pediatric),-,-,A disorder characterized by a decrease in joint flexibility of any joint.,"Report Inflammatory arthritis as Musculoskeletal and connective tissue disorder - Other, specify (Inflammatory arthritis).",189
Joint range of motion decreased cervical spine,Musculoskeletal and connective tissue disorders,CTCAE v6.0,,Mild restriction of rotation or flexion between 60 - 70 degrees,Rotation <60 degrees to right or left; <60 degrees of flexion,Ankylosed/fused over multiple segments with no C- spine rotation,-,-,A disorder characterized by a decrease in flexibility of a cervical spine joint.,"Report Inflammatory arthritis as Musculoskeletal and connective tissue disorder - Other, specify (Inflammatory arthritis).",190
Joint range of motion decreased lumbar spine,Musculoskeletal and connective tissue disorders,CTCAE v6.0,,Stiffness; difficulty bending to the floor to pick up a very light object but able to do athletic activity,Pain with range of motion (ROM) in lumbar spine; requires a reaching aid to pick up a very light object from the floor,"<50% lumbar spine flexion; associated with symptoms of ankylosis or fused over multiple segments with no L- spine flexion (e.g., unable to reach to floor to pick up a very light object)",-,-,A disorder characterized by a decrease in flexibility of a lumbar spine joint.,"Report Inflammatory arthritis as Musculoskeletal and connective tissue disorder - Other, specify (Inflammatory arthritis).",190
Kyphosis,Musculoskeletal and connective tissue disorders,CTCAE v6.0,,Asymptomatic; clinical or diagnostic observations only; intervention not indicated,Moderate accentuation; limiting instrumental ADL or mild/moderate impact on age-appropriate normal daily activity (pediatric),Severe accentuation; operative intervention indicated; limiting self-care ADL or severe impact on age-appropriate normal daily activity (pediatric),-,-,A disorder characterized by an abnormal increase in the curvature of the thoracic portion of the spine.,-,190
Lordosis,Musculoskeletal and connective tissue disorders,CTCAE v6.0,,Asymptomatic; clinical or diagnostic observations only; intervention not indicated,Moderate accentuation; limiting instrumental ADL or mild/moderate impact on age-appropriate normal daily activity (pediatric),Severe accentuation; operative intervention indicated; limiting self-care ADL or severe impact on age-appropriate normal daily activity (pediatric),-,-,A disorder characterized by an abnormal increase in the curvature of the lumbar portion of the spine.,-,191
Muscle cramp,Musculoskeletal and connective tissue disorders,CTCAE v6.0,,Mild pain,Moderate pain; limiting instrumental ADL or mild/moderate impact on age-appropriate normal daily activity (pediatric),Severe pain; limiting self-care ADL or severe impact on age-appropriate normal daily activity (pediatric),-,-,A disorder characterized by marked cramping sensation originating from a muscle or group of muscles.,Synonym: Muscle spasm,191
Muscle weakness lower limb,Musculoskeletal and connective tissue disorders,CTCAE v6.0,,Symptomatic; perceived by patient but not evident on physical exam,Symptomatic; evident on physical exam; limiting instrumental ADL or mild/moderate impact on age-appropriate normal daily activity (pediatric),Limiting self-care ADL or severe impact on age-appropriate normal daily activity (pediatric),-,-,A disorder characterized by a reduction in the strength of the lower limb muscles.,"Consider Musculoskeletal and connective tissue disorders: Myositis; Immune system disorders: Immune system disorders - Other, specify; Injury, poisoning and procedural complications: Fall.",191
Muscle weakness trunk,Musculoskeletal and connective tissue disorders,CTCAE v6.0,,Symptomatic; perceived by patient but not evident on physical exam,Symptomatic; evident on physical exam; limiting instrumental ADL or mild/moderate impact on age-appropriate normal daily activity (pediatric),Limiting self-care ADL or severe impact on age-appropriate normal daily activity (pediatric),-,-,A disorder characterized by a reduction in the strength of the trunk muscles.,"Consider Musculoskeletal and connective tissue disorders: Myositis; Immune system disorders: Immune system disorders - Other, specify; Injury, poisoning and procedural complications: Fall.",192
Muscle weakness upper limb,Musculoskeletal and connective tissue disorders,CTCAE v6.0,,Symptomatic; perceived by patient but not evident on physical exam,Symptomatic; evident on physical exam; limiting instrumental ADL or mild/moderate impact on age-appropriate normal daily activity (pediatric),Limiting self-care ADL or severe impact on age-appropriate normal daily activity (pediatric),-,-,A disorder characterized by a reduction in the strength of the upper limb muscles.,"Consider Musculoskeletal and connective tissue disorders: Myositis; Immune system disorders: Immune system disorders - Other, specify; Injury, poisoning and procedural complications: Fall.",192
"Musculoskeletal and connective tissue disorder - Other, specify",Musculoskeletal and connective tissue disorders,CTCAE v6.0,,Asymptomatic or mild symptoms; clinical or diagnostic observations only; intervention not indicated,"Moderate; minimal, local or noninvasive intervention indicated; limiting instrumental ADL or mild/moderate impact on age-appropriate normal daily activity (pediatric)",Severe or medically significant but not immediately life-threatening; hospitalization or prolongation of existing hospitalization indicated; limiting self-care ADL or severe impact on age-appropriate normal daily activity (pediatric),Life-threatening consequences; urgent intervention indicated,Death,-,-,193
Musculoskeletal deformity,Musculoskeletal and connective tissue disorders,CTCAE v6.0,,Cosmetically and functionally insignificant hypoplasia,"Deformity, hypoplasia, or asymmetry able to be remediated by prosthesis (e.g., shoe insert) or covered by clothing","Significant deformity, hypoplasia, or asymmetry, unable to be remediated by prosthesis or covered by clothing; limiting self-care ADL or severe impact on age-appropriate normal daily activity (pediatric)",-,-,A disorder characterized by an abnormality of the musculoskeletal system.,-,193
Myalgia,Musculoskeletal and connective tissue disorders,CTCAE v6.0,,Mild pain,Moderate pain; limiting instrumental ADL or mild/moderate impact on age-appropriate normal daily activity (pediatric),Severe pain; limiting self-care ADL or severe impact on age-appropriate normal daily activity (pediatric),-,-,A disorder characterized by marked discomfort sensation originating from a muscle or group of muscles.,Record final diagnosis/cause once determined.,194
Myositis,Musculoskeletal and connective tissue disorders,CTCAE v6.0,,Mild pain,Moderate pain associated with weakness; pain limiting instrumental ADL or mild/moderate impact on age-appropriate normal daily activity (pediatric),Pain associated with severe weakness; limiting self-care ADL or severe impact on age-appropriate normal daily activity (pediatric),Life-threatening consequences; urgent intervention indicated,-,A disorder characterized by inflammation involving the skeletal muscles.,Record final diagnosis/cause once determined.,194
Neck pain,Musculoskeletal and connective tissue disorders,CTCAE v6.0,,Mild pain,Moderate pain; limiting instrumental ADL or mild/moderate impact on age-appropriate normal daily activity (pediatric),Severe pain; limiting self-care ADL or severe impact on age-appropriate normal daily activity (pediatric),-,-,A disorder characterized by a sensation of marked discomfort in the neck area.,Record final diagnosis/cause once determined.,194
Neck soft tissue necrosis,Musculoskeletal and connective tissue disorders,CTCAE v6.0,,-,"Local wound care; medical intervention indicated (e.g., dressings or topical medications)","Operative debridement or other invasive intervention indicated (e.g., tissue reconstruction, flap, or grafting)",Life-threatening consequences; urgent intervention indicated,Death,A disorder characterized by a necrotic process occurring in the soft tissues of the neck.,-,195
Osteonecrosis,Musculoskeletal and connective tissue disorders,CTCAE v6.0,,Asymptomatic; clinical or diagnostic observations only; intervention not indicated,"Symptomatic; medical intervention indicated (e.g., analgesics or bisphosphonates); limiting instrumental ADL or mild/moderate impact on age-appropriate normal daily activity (pediatric)",Severe symptoms; elective operative intervention indicated; limiting self-care ADL or severe impact on age-appropriate normal daily activity (pediatric),Life-threatening consequences; urgent intervention indicated,Death,"A disorder characterized by necrotic changes in the bone tissue due to interruption of blood supply. Most often affecting the epiphysis of the long bones, the necrotic changes result in the collapse and the destruction of the bone structure.",-,195
Osteonecrosis of jaw,Musculoskeletal and connective tissue disorders,CTCAE v6.0,,Asymptomatic; clinical or diagnostic observations only; intervention not indicated,"Symptomatic; medical intervention indicated (e.g., topical agents); limiting instrumental ADL or mild/moderate impact on age-appropriate normal daily activity (pediatric)",Severe symptoms; elective operative intervention indicated; limiting self-care ADL or severe impact on age-appropriate normal daily activity (pediatric),Life-threatening consequences; urgent intervention indicated,Death,A disorder characterized by a necrotic process occurring in the bone of the mandible.,-,196
Osteoporosis,Musculoskeletal and connective tissue disorders,CTCAE v6.0,,Adult: Radiologic evidence of osteoporosis or Bone Mineral Density (BMD) t-score -1 to - 2.5 (osteopenia); Pediatric: BMD z score of ≤- 2.0 and no history of significant fractures,"Adult: BMD t-score <-2.5; loss of height <2 cm; therapy to improve BMD indicated; limiting instrumental ADL; Pediatric: BMD z-score ≤- 2.0 and significant fracture history (defined as a long bone fracture of the lower extremity, vertebral compression, 2 or more long bone fractures of the upper extremities); mild/moderate impact on age-appropriate normal daily activity",Adult: Loss of height ≥2 cm; hospitalization indicated; limiting self-care ADL; Pediatric: Severe impact on age-appropriate normal daily activity,-,-,"A disorder characterized by reduced bone mass, with a decrease in cortical thickness and in the number and size of the trabeculae of cancellous bone (but normal chemical composition), resulting in increased fracture incidence.",-,196
Pain in extremity,Musculoskeletal and connective tissue disorders,CTCAE v6.0,,Mild pain,Moderate pain; limiting instrumental ADL or mild/moderate impact on age-appropriate normal daily activity (pediatric),Severe pain; limiting self-care ADL or severe impact on age-appropriate normal daily activity (pediatric),-,-,A disorder characterized by a sensation of marked discomfort in the upper or lower extremities.,Record final diagnosis/cause once determined.,197
Pelvic soft tissue necrosis,Musculoskeletal and connective tissue disorders,CTCAE v6.0,,-,"Local wound care; medical intervention indicated (e.g., dressings or topical medications)","Operative debridement or other invasive intervention indicated (e.g., tissue reconstruction, flap, or grafting)",Life-threatening consequences; urgent intervention indicated,Death,A disorder characterized by a necrotic process occurring in the soft tissues of the pelvis.,-,197
Rhabdomyolysis,Musculoskeletal and connective tissue disorders,CTCAE v6.0,,"Asymptomatic, intervention not indicated; laboratory findings only",Non-urgent intervention indicated,"Symptomatic, urgent intervention indicated",Life-threatening consequences; dialysis,Death,A disorder characterized by the breakdown of muscle tissue resulting in the release of muscle fiber contents into the bloodstream.,Record final diagnosis/cause once determined.,197
Rotator cuff injury,Musculoskeletal and connective tissue disorders,CTCAE v6.0,,Asymptomatic or mild symptoms; clinical or diagnostic observations only; intervention not indicated,"Moderate; minimal, local or noninvasive intervention indicated; limiting instrumental AD or mild/moderate impact on age-appropriate normal daily activity (pediatric)",Severe or medically significant but not immediately life-threatening; hospitalization or prolongation of existing hospitalization indicated; limiting self-care ADL or severe impact on age-appropriate normal daily activity (pediatric),-,-,A disorder characterized by an injury of the rotator cuff.,-,198
Scoliosis,Musculoskeletal and connective tissue disorders,CTCAE v6.0,,<20 degrees; clinically undetectable,>20 - 45 degrees; visible by forward flexion; limiting instrumental ADL or mild/moderate impact on age-appropriate normal daily activity (pediatric),>45 degrees; scapular prominence in forward flexion; operative intervention indicated; limiting self-care ADL or severe impact on age-appropriate normal daily activity (pediatric),-,-,A disorder characterized by a lateral curvature of the spine.,-,198
Soft tissue necrosis lower limb,Musculoskeletal and connective tissue disorders,CTCAE v6.0,,-,"Local wound care; medical intervention indicated (e.g., dressings or topical medications)","Operative debridement or other invasive intervention indicated (e.g., tissue reconstruction, flap, or grafting)",Life-threatening consequences; urgent intervention indicated,Death,A disorder characterized by a necrotic process occurring in the soft tissues of the lower extremity.,-,199
Soft tissue necrosis upper limb,Musculoskeletal and connective tissue disorders,CTCAE v6.0,,-,"Local wound care; medical intervention indicated (e.g., dressings or topical medications)","Operative debridement or other invasive intervention indicated (e.g., tissue reconstruction, flap, or grafting)",Life-threatening consequences; urgent intervention indicated,Death,A disorder characterized by a necrotic process occurring in the soft tissues of the upper extremity.,-,199
Superficial soft tissue fibrosis,Musculoskeletal and connective tissue disorders,CTCAE v6.0,,"Mild induration, able to move skin parallel to plane (sliding) and perpendicular to skin (pinching up)","Moderate induration, able to slide skin, unable to pinch skin; limiting instrumental ADL or mild/moderate impact on age-appropriate normal daily activity (pediatric)","Severe induration; unable to slide or pinch skin; limiting joint or orifice movement (e.g., mouth, anus); limiting self-care ADL or severe impact on age-appropriate normal daily activity (pediatric)",Generalized; associated with signs or symptoms of impaired breathing or feeding,Death,A disorder characterized by fibrotic degeneration of the superficial soft tissues.,-,199
Trismus,Musculoskeletal and connective tissue disorders,CTCAE v6.0,,Decreased ROM (range of motion) without impaired eating,"Decreased ROM requiring small bites, soft foods or purees",Decreased ROM with inability to adequately aliment or hydrate orally,-,-,A disorder characterized by lack of ability to open the mouth fully due to a decrease in the range of motion of the muscles of mastication.,-,200
Unequal limb length,Musculoskeletal and connective tissue disorders,CTCAE v6.0,,Mild length discrepancy <2 cm,Moderate length discrepancy 2 - 5 cm; shoe lift indicated; limiting instrumental ADL or mild/moderate impact on age-appropriate normal daily activity (pediatric),Severe length discrepancy >5 cm; operative intervention indicated; limiting self-care ADL or severe impact on age-appropriate normal daily activity (pediatric),-,-,A disorder characterized by a discrepancy between the lengths of the lower or upper extremities.,-,200
Differentiation syndrome,"Neoplasms benign, malignant and unspecified (incl cysts and polyps)",CTCAE v6.0,,Asymptomatic or mild symptoms; clinical or diagnostic observations only; intervention not indicated,"Moderate; minimal, local, or noninvasive intervention indicated; limiting age appropriate instrumental ADL",Severe or medically significant but not immediately life-threatening; limiting self-care ADL or severe impact on age-appropriate normal daily activity (pediatric),Life-threatening consequences; urgent intervention indicated,Death,"A potentially fatal complication of treatment in certain molecular subgroups of leukemia characterized by fever, rash, dyspnea and/or hypoxia, pulmonary infiltrates, peripheral edema with rapid weight gain, pleuropericardial effusion, acute renal failure, disseminated intravascular coagulation (DIC), bone pain and/or hypotension.",-,201
Keratoacanthoma,"Neoplasms benign, malignant and unspecified (incl cysts and polyps)",CTCAE v6.0,,-,Present,-,-,-,A disorder characterized by a cutaneous tumor that most commonly presents a dome-shaped nodule with a central keratin- filled crater.,-,201
Leukemia secondary to oncology chemotherapy,"Neoplasms benign, malignant and unspecified (incl cysts and polyps)",CTCAE v6.0,,-,-,-,Present,Death,A disorder characterized by leukemia arising as a result of the mutagenic effect of chemotherapy agents.,-,201
Myelodysplastic syndrome,"Neoplasms benign, malignant and unspecified (incl cysts and polyps)",CTCAE v6.0,,-,-,-,Life-threatening consequences; urgent intervention indicated,Death,A disorder characterized by insufficiently healthy hematapoietic cell production by the bone marrow.,-,202
"Neoplasms benign, malignant and unspecified (incl cysts and polyps) - Other, specify","Neoplasms benign, malignant and unspecified (incl cysts and polyps)",CTCAE v6.0,,Asymptomatic or mild symptoms; clinical or diagnostic observations only; intervention not indicated,"Moderate; minimal, local or noninvasive intervention indicated; limiting instrumental ADL or mild/moderate impact on age-appropriate normal daily activity (pediatric)",Severe or medically significant but not immediately life-threatening; hospitalization or prolongation of existing hospitalization indicated; limiting self-care ADL or severe impact on age-appropriate normal daily activity (pediatric),Life-threatening consequences; urgent intervention indicated,Death,-,-,202
Retinoic acid syndrome,"Neoplasms benign, malignant and unspecified (incl cysts and polyps)",CTCAE v6.0,,Fluid retention; <3 kg of weight gain; intervention with fluid restriction and/or diuretics indicated,Moderate signs or symptoms; steroids indicated,Severe symptoms; hospitalization indicated,Life-threatening consequences; ventilatory support indicated,Death,"A disorder characterized by weight gain, dyspnea, pleural and pericardial effusions, leukocytosis and/or renal failure originally described in patients treated with all-trans retinoic acid.",-,202
Skin papilloma,"Neoplasms benign, malignant and unspecified (incl cysts and polyps)",CTCAE v6.0,,Asymptomatic; intervention not indicated,Intervention initiated,-,-,-,A disorder characterized by the presence of one or more warts.,-,203
Treatment related secondary malignancy,"Neoplasms benign, malignant and unspecified (incl cysts and polyps)",CTCAE v6.0,,-,-,Non life-threatening secondary malignancy,Acute life-threatening secondary malignancy; blast crisis in leukemia,Death,A disorder characterized by development of a malignancy most probably as a result of treatment for a previously existing malignancy.,-,203
Tumor hemorrhage,"Neoplasms benign, malignant and unspecified (incl cysts and polyps)",CTCAE v6.0,,Mild symptoms; intervention not indicated,Moderate symptoms; intervention indicated,Hospitalization,Life-threatening consequences; urgent intervention indicated,Death,A disorder characterized by bleeding in a tumor.,-,203
Tumor pain,"Neoplasms benign, malignant and unspecified (incl cysts and polyps)",CTCAE v6.0,,Mild pain,Moderate pain; limiting instrumental ADL or mild/moderate impact on age-appropriate normal daily activity (pediatric),Severe pain; limiting self-care ADL or severe impact on age-appropriate normal daily activity (pediatric),-,-,"A disorder characterized by a sensation of marked discomfort from a neoplasm that may be pressing on a nerve, blocking blood vessels, inflamed or fractured from metastasis.",Record final diagnosis/cause once determined.,204
Abducens nerve disorder,Nervous system disorders,CTCAE v6.0,,Asymptomatic; clinical or diagnostic observations only; intervention not indicated,Moderate symptoms; limiting instrumental ADL or mild/moderate impact on age-appropriate normal daily activity (pediatric),Severe symptoms; limiting self-care ADL or severe impact on age-appropriate normal daily activity (pediatric),-,-,A disorder characterized by dysfunction of the abducens nerve (sixth cranial nerve).,"Consider Nervous system disorders: Peripheral motor neuropathy, Peripheral sensory neuropathy.",205
Accessory nerve disorder,Nervous system disorders,CTCAE v6.0,,Asymptomatic; clinical or diagnostic observations only; intervention not indicated,Moderate symptoms; limiting instrumental ADL or mild/moderate impact on age-appropriate normal daily activity (pediatric),Severe symptoms; limiting self-care ADL or severe impact on age-appropriate normal daily activity (pediatric),-,-,A disorder characterized by dysfunction of the accessory nerve (eleventh cranial nerve).,"Consider Nervous system disorders: Peripheral motor neuropathy, Peripheral sensory neuropathy.",205
Acoustic nerve disorder NOS,Nervous system disorders,CTCAE v6.0,,Asymptomatic; clinical or diagnostic observations only; intervention not indicated,Moderate symptoms; limiting instrumental ADL or mild/moderate impact on age-appropriate normal daily activity (pediatric),Severe symptoms; limiting self-care ADL or severe impact on age-appropriate normal daily activity (pediatric),-,-,A disorder characterized by dysfunction of the acoustic nerve (eighth cranial nerve).,"Consider Nervous system disorders: Peripheral motor neuropathy, Peripheral sensory neuropathy.",205
Akathisia,Nervous system disorders,CTCAE v6.0,,Mild restlessness or increased motor activity,Moderate restlessness or increased motor activity; limiting instrumental ADL or mild/moderate impact on age-appropriate normal daily activity (pediatric),Severe restlessness or increased motor activity; limiting self-care ADL or severe impact on age-appropriate normal daily activity (pediatric),-,-,A disorder characterized by an uncomfortable feeling of inner restlessness and inability to stay still; this is a side effect of some psychotropic drugs.,-,206
Amnesia,Nervous system disorders,CTCAE v6.0,,Mild; transient memory loss,Moderate; short term memory loss; limiting instrumental ADL or mild/moderate impact on age-appropriate normal daily activity (pediatric),Severe; long term memory loss; limiting self-care ADL or severe impact on age-appropriate normal daily activity (pediatric),-,-,A disorder characterized by systematic and extensive loss of memory.,-,206
Anosmia,Nervous system disorders,CTCAE v6.0,,Present,-,-,-,-,A disorder characterized by a change in the sense of smell.,Consider Nervous system disorders: Olfactory nerve disorder.,206
Arachnoiditis,Nervous system disorders,CTCAE v6.0,,Mild symptoms,Moderate symptoms; limiting instrumental ADL or mild/moderate impact on age-appropriate normal daily activity (pediatric),Severe symptoms; limiting self-care ADL or severe impact on age-appropriate normal daily activity (pediatric),Life-threatening consequences; urgent intervention indicated,Death,A disorder characterized by inflammation of the arachnoid membrane and adjacent subarachnoid space.,-,207
Ataxia,Nervous system disorders,CTCAE v6.0,,Mild symptoms; clinical or diagnostic observations only; intervention not indicated,Moderate symptoms; limiting instrumental ADL or mild/moderate impact on age-appropriate normal daily activity (pediatric),Severe symptoms; mechanical assistance indicated; limiting self-care ADL or severe impact on age-appropriate normal daily activity (pediatric),-,-,A disorder characterized by lack of coordination of muscle movements resulting in the impairment or inability to perform voluntary activities.,Record final diagnosis/cause once determined.,207
Autonomic neuropathy,Nervous system disorders,CTCAE v6.0,,Mild symptoms,Moderate symptoms; limiting instrumental ADL or mild/moderate impact on age-appropriate normal daily activity (pediatric),Severe symptoms; limiting self-care ADL or severe impact on age-appropriate normal daily activity (pediatric),Life-threatening consequences; urgent intervention indicated,Death,A disorder characterized by damage to nerves that control your internal organs.,-,207
Brachial plexopathy,Nervous system disorders,CTCAE v6.0,,Mild symptoms; clinical or diagnostic observations only; intervention not indicated,Moderate symptoms; limiting instrumental ADL or mild/moderate impact on age-appropriate normal daily activity (pediatric),Severe symptoms; limiting self-care ADL or severe impact on age-appropriate normal daily activity (pediatric),-,-,"A disorder characterized by regional paresthesia of the brachial plexus, marked discomfort and muscle weakness, and limited movement in the arm or hand.",-,208
Brain fog,Nervous system disorders,CTCAE v6.0,,Present,Limiting instrumental ADL or mild/moderate impact on age-appropriate normal daily activity (pediatric),-,-,-,A disorder characterized by thinking and memory problems that a patient with cancer may have during or after cancer treatment.,-,208
Central nervous system necrosis,Nervous system disorders,CTCAE v6.0,,Asymptomatic; clinical or diagnostic observations only; intervention not indicated,Moderate symptoms; corticosteroids indicated,Severe symptoms; medical intervention indicated,Life-threatening consequences; urgent intervention indicated,Death,A disorder characterized by a necrotic process occurring in the brain and/or spinal cord.,-,208
Cerebral venous sinus thrombosis,Nervous system disorders,CTCAE v6.0,,-,Intervention not indicated,"Medical intervention indicated (e.g., anticoagulants)",Life-threatening consequences; urgent intervention indicated,Death,A disorder characterized by a thrombus (blood clot) in the brain’s venous sinuses leading to swelling and bleeding.,-,209
Cerebrospinal fluid leakage,Nervous system disorders,CTCAE v6.0,,Post-craniotomy: asymptomatic; post-lumbar puncture: transient headache; postural care indicated,Post-craniotomy: moderate symptoms; medical intervention indicated; post- lumbar puncture: persistent moderate symptoms; blood patch indicated,Severe symptoms; medical intervention indicated,Life-threatening consequences; urgent intervention indicated,Death,A disorder characterized by loss of cerebrospinal fluid into the surrounding tissues.,-,209
Cognitive disturbance,Nervous system disorders,CTCAE v6.0,,Mild cognitive disability; not interfering with work/school/life performance; specialized educational services/devices not indicated,Moderate cognitive disability; interfering with work/school/life performance but capable of independent living; specialized resources on part time basis indicated,Severe cognitive disability; significant impairment of work/school/life performance,-,-,A disorder characterized by a conspicuous change in cognitive function.,Record final diagnosis/cause once determined.,209
Concentration impairment,Nervous system disorders,CTCAE v6.0,,Mild inattention or decreased level of concentration,Moderate impairment in attention or decreased level of concentration; limiting instrumental ADL or mild/moderate impact on age-appropriate normal daily activity (pediatric),Severe impairment in attention or decreased level of concentration; limiting self-care ADL or severe impact on age-appropriate normal daily activity (pediatric),-,-,A disorder characterized by a deterioration in the ability to concentrate.,-,210
Depressed level of consciousness,Nervous system disorders,CTCAE v6.0,,Decreased level of alertness,Sedation; slow response to stimuli; limiting instrumental ADL or mild/moderate impact on age-appropriate normal daily activity (pediatric),Difficult to arouse,Life-threatening consequences; coma; urgent intervention indicated,Death,A disorder characterized by a decrease in ability to perceive and respond.,Record final diagnosis/cause once determined.,210
Dizziness,Nervous system disorders,CTCAE v6.0,,Mild unsteadiness or sensation of movement,Moderate unsteadiness or sensation of movement; limiting instrumental ADL or mild/moderate impact on age-appropriate normal daily activity (pediatric),Severe unsteadiness or sensation of movement; limiting self-care ADL or severe impact on age-appropriate normal daily activity (pediatric),-,-,"A disorder characterized by a disturbing sensation of lightheadedness, unsteadiness, giddiness, spinning or rocking.",Record final diagnosis/cause once determined.,210
Dysarthria,Nervous system disorders,CTCAE v6.0,,Mild slurred speech,Moderate impairment of articulation or slurred speech,Severe impairment of articulation or slurred speech,-,-,A disorder characterized by slow and slurred speech resulting from an inability to coordinate the muscles used in speech.,Record final diagnosis/cause once determined.,211
Dysesthesia,Nervous system disorders,CTCAE v6.0,,Mild sensory alteration,Moderate sensory alteration; limiting instrumental ADL or mild/moderate impact on age-appropriate normal daily activity (pediatric),Severe sensory alteration; limiting self-care ADL or severe impact on age-appropriate normal daily activity (pediatric),-,-,"A disorder characterized by distortion of sensory perception, resulting in an abnormal and unpleasant sensation.",Record final diagnosis/cause once determined.,211
Dysgeusia,Nervous system disorders,CTCAE v6.0,,Altered taste but no change in diet,"Altered taste with change in diet (e.g., oral supplements); noxious or unpleasant taste; loss of taste",-,-,-,A disorder characterized by abnormal sensual experience with the taste of foodstuffs; it can be related to a decrease in the sense of smell.,-,211
Dysphasia,Nervous system disorders,CTCAE v6.0,,Awareness of receptive or expressive characteristics; not impairing ability to communicate,Moderate receptive or expressive characteristics; impairing ability to communicate spontaneously,"Severe receptive or expressive characteristics; impairing ability to read, write or communicate intelligibly","Total loss of the ability to read, write, or communicate intelligibly",-,"A disorder characterized by impairment of verbal communication skills, often resulting from brain damage.",Record final diagnosis/cause once determined.,212
Edema cerebral,Nervous system disorders,CTCAE v6.0,,Radiographic finding only and no medical management initiated,-,New onset; worsening from baseline; initiation of steroid therapy,Life-threatening consequences; urgent intervention indicated,Death,A disorder characterized by swelling due to an excessive accumulation of fluid in the brain.,Record final diagnosis/cause once determined.,212
Encephalopathy,Nervous system disorders,CTCAE v6.0,,Mild symptoms,Moderate symptoms; limiting instrumental ADL or mild/moderate impact on age-appropriate normal daily activity (pediatric),Severe symptoms; limiting self-care ADL or severe impact on age-appropriate normal daily activity (pediatric),Life-threatening consequences; urgent intervention indicated,Death,A disorder characterized by a pathologic process involving the brain.,-,212
Extrapyramidal disorder,Nervous system disorders,CTCAE v6.0,,Mild involuntary movements,Moderate involuntary movements; limiting instrumental ADL or mild/moderate impact on age-appropriate normal daily activity (pediatric),Severe involuntary movements or torticollis; limiting self-care ADL or severe impact on age-appropriate normal daily activity (pediatric),Life-threatening consequences; urgent intervention indicated,Death,"A disorder characterized by abnormal, repetitive, involuntary muscle movements, frenzied speech and extreme restlessness.",-,213
Facial muscle weakness,Nervous system disorders,CTCAE v6.0,,Mild symptoms; clinical or diagnostic observations only; intervention not indicated,Moderate symptoms; limiting instrumental ADL or mild/moderate impact on age-appropriate normal daily activity (pediatric),Severe symptoms; limiting self-care ADL or severe impact on age-appropriate normal daily activity (pediatric),-,-,A disorder characterized by a reduction in the strength of the facial muscles.,Record final diagnosis/cause once determined.,213
Facial nerve disorder,Nervous system disorders,CTCAE v6.0,,Mild symptoms; clinical or diagnostic observations only; intervention not indicated,Moderate symptoms; limiting instrumental ADL or mild/moderate impact on age-appropriate normal daily activity (pediatric),Severe symptoms; limiting self-care ADL or severe impact on age-appropriate normal daily activity (pediatric),-,-,A disorder characterized by dysfunction of the facial nerve (seventh cranial nerve).,-,213
Glossopharyngeal nerve disorder,Nervous system disorders,CTCAE v6.0,,Mild symptoms; clinical or diagnostic observations only; intervention not indicated,Moderate symptoms; limiting instrumental ADL or mild/moderate impact on age-appropriate normal daily activity (pediatric),Severe symptoms; limiting self-care ADL or severe impact on age-appropriate normal daily activity (pediatric),Life-threatening consequences; urgent intervention indicated,Death,A disorder characterized by dysfunction of the glossopharyngeal nerve (ninth cranial nerve).,-,214
Guillain-Barre syndrome,Nervous system disorders,CTCAE v6.0,,Mild symptoms,Moderate symptoms; limiting instrumental ADL or mild/moderate impact on age-appropriate normal daily activity (pediatric),Severe symptoms; limiting self-care ADL or severe impact on age-appropriate normal daily activity (pediatric),Life-threatening consequences; urgent intervention indicated; intubation,Death,A disorder characterized by the body's immune system attacking the peripheral nervous system causing ascending paralysis.,-,214
Headache,Nervous system disorders,CTCAE v6.0,,Mild pain,Moderate pain; limiting instrumental ADL or mild/moderate impact on age-appropriate normal daily activity (pediatric),Severe pain; limiting self-care ADL or severe impact on age-appropriate normal daily activity (pediatric),-,-,"A disorder characterized by a sensation of marked discomfort in various parts of the head, not confined to the area of distribution of any nerve.",-,214
Hemiparesis,Nervous system disorders,CTCAE v6.0,,Symptomatic; perceived by patient but not evident on physical exam,Symptomatic; evident on physical exam; limiting instrumental ADL or mild/moderate impact on age-appropriate normal daily activity (pediatric),Limiting self-care ADL or severe impact on age-appropriate normal daily activity (pediatric),-,-,A disorder characterized by a reduction in the strength of the muscles on one side of the body.,-,215
Hydrocephalus,Nervous system disorders,CTCAE v6.0,,Asymptomatic; clinical or diagnostic observations only; intervention not indicated,Moderate symptoms; intervention not indicated,Severe symptoms or neurological deficit; intervention indicated,Life-threatening consequences; urgent intervention indicated,Death,A disorder characterized by an abnormal increase of cerebrospinal fluid in the ventricles of the brain.,-,215
Hypersomnia,Nervous system disorders,CTCAE v6.0,,Mild increased need for sleep Moderate increased need for,sleep,Severe increased need for sleep,-,-,A disorder characterized by excessive sleepiness during the daytime.,-,215
Hypoglossal nerve disorder,Nervous system disorders,CTCAE v6.0,,Mild symptoms; clinical or diagnostic observations only; intervention not indicated,Moderate symptoms; limiting instrumental ADL or mild/moderate impact on age-appropriate normal daily activity (pediatric),Severe symptoms; limiting self-care ADL or severe impact on age-appropriate normal daily activity (pediatric),-,-,A disorder characterized by dysfunction of the hypoglossal nerve (twelfth cranial nerve).,-,216
Immune effector cell-associated neurotoxicity syndrome,Nervous system disorders,CTCAE v6.0,,Mild symptoms; Immune Effector Cell-Associated Encephalopathy (ICE) score 7 - 9; Cornell Assessment of Pediatric Delirium (CAPD) score 1 - 8 AND awakens spontaneously,Moderate symptoms; ICE score 3 - 6; CAPD score 1 - 8 AND awakens to voice; limiting instrumental ADL or mild/moderate impact on age-appropriate normal daily activity (pediatric),Severe symptoms; ICE score 0 - 2; CAPD score ≥9 AND awakens only to tactile stimulus; limiting self-care ADL or severe impact on age-appropriate normal daily activity (pediatric),Life-threatening consequences; urgent intervention indicated,Death,"A disorder characterized by a pathologic process involving the central nervous system following any immune therapy that results in the activation or engagement of endogenous or infused T cells and/or other immune effector cells. Symptoms or signs can be progressive and may include aphasia, altered level of consciousness, impairment of cognitive skills, motor weakness, seizures, and cerebral edema.",-,216
Intracranial hemorrhage,Nervous system disorders,CTCAE v6.0,,Mild symptoms; clinical or diagnostic observations only; intervention not indicated,Moderate symptoms; intervention indicated,"Ventriculostomy, ICP monitoring, intraventricular thrombolysis, or invasive intervention indicated; hospitalization",Life-threatening consequences; urgent intervention indicated,Death,A disorder characterized by bleeding from within the cranium.,-,217
Lethargy,Nervous system disorders,CTCAE v6.0,,Mild symptoms; reduced alertness and awareness,Moderate symptoms; limiting instrumental ADL or mild/moderate impact on age-appropriate normal daily activity (pediatric),-,-,-,A disorder characterized by a decrease in consciousness characterized by mental and physical inertness.,Record final diagnosis/cause once determined.,217
Leukoencephalopathy,Nervous system disorders,CTCAE v6.0,,Asymptomatic; small focal T2/FLAIR hyperintensities; involving periventricular white matter or <1/3 of susceptible areas of cerebrum +/- mild increase in subarachnoid space (SAS) and/or mild ventriculomegaly,"Moderate symptoms; focal T2/FLAIR hyperintensities, involving periventricular white matter extending into centrum semiovale or involving 1/3 to 2/3 of susceptible areas of cerebrum +/- moderate increase in SAS and/or moderate ventriculomegaly","Severe symptoms; extensive T2/FLAIR hyperintensities, involving periventricular white matter involving 2/3 or more of susceptible areas of cerebrum +/- moderate to severe increase in SAS and/or moderate to severe ventriculomegaly","Life-threatening consequences; extensive T2/FLAIR hyperintensities, involving periventricular white matter involving most of susceptible areas of cerebrum +/- moderate to severe increase in SAS and/or moderate to severe ventriculomegaly",Death,A disorder characterized by diffuse reactive astrocytosis with multiple areas of necrotic foci without inflammation.,-,218
Memory impairment,Nervous system disorders,CTCAE v6.0,,Mild memory impairment,Moderate memory impairment; limiting instrumental ADL or mild/moderate impact on age-appropriate normal daily activity (pediatric),Severe memory impairment; limiting self-care ADL or severe impact on age-appropriate normal daily activity (pediatric),-,-,A disorder characterized by a deterioration in memory function.,-,218
Meningismus,Nervous system disorders,CTCAE v6.0,,Mild symptoms,Moderate symptoms; limiting instrumental ADL or mild/moderate impact on age-appropriate normal daily activity (pediatric),Severe symptoms; limiting self-care ADL or severe impact on age-appropriate normal daily activity (pediatric),Life-threatening consequences; urgent intervention indicated,Death,"A disorder characterized by neck stiffness, headache, and photophobia resulting from irritation of the cerebral meninges.",-,219
Movements involuntary,Nervous system disorders,CTCAE v6.0,,Mild symptoms,Moderate symptoms; limiting instrumental ADL or mild/moderate impact on age-appropriate normal daily activity (pediatric),Severe symptoms; limiting self-care ADL or severe impact on age-appropriate normal daily activity (pediatric),-,-,A disorder characterized by uncontrolled and purposeless movements.,-,219
Myasthenia gravis,Nervous system disorders,CTCAE v6.0,,Asymptomatic or mild symptoms; clinical or diagnostic observations only; intervention not indicated,"Moderate; minimal, local or noninvasive intervention indicated; limiting instrumental ADL or mild/moderate impact on age-appropriate normal daily activity (pediatric)",Severe or medically significant but not immediately life-threatening; hospitalization or prolongation of existing hospitalization indicated; limiting self-care ADL or severe impact on age-appropriate normal daily activity (pediatric),Life-threatening consequences; urgent intervention indicated,Death,A disorder characterized by weakness and rapid fatigue of any of the skeletal muscles.,-,220
"Nervous system disorders - Other, specify",Nervous system disorders,CTCAE v6.0,,Asymptomatic or mild symptoms; clinical or diagnostic observations only; intervention not indicated,"Moderate; minimal, local or noninvasive intervention indicated; limiting instrumental ADL or mild/moderate impact on age-appropriate normal daily activity (pediatric)",Severe or medically significant but not immediately life-threatening; hospitalization or prolongation of existing hospitalization indicated; limiting self-care ADL or severe impact on age-appropriate normal daily activity (pediatric),Life-threatening consequences; urgent intervention indicated,Death,-,-,220
Neuralgia,Nervous system disorders,CTCAE v6.0,,Mild pain,Moderate pain; limiting instrumental ADL or mild/moderate impact on age-appropriate normal daily activity (pediatric),Severe pain; limiting self-care ADL or severe impact on age-appropriate normal daily activity (pediatric),-,-,A disorder characterized by intense painful sensation along a nerve or group of nerves.,-,221
Nystagmus,Nervous system disorders,CTCAE v6.0,,-,Moderate symptoms; limiting instrumental ADL or mild/moderate impact on age-appropriate normal daily activity (pediatric),Severe symptoms; limiting self-care ADL or severe impact on age-appropriate normal daily activity (pediatric),-,-,A disorder characterized by involuntary movements of the eyeballs.,-,221
Oculomotor nerve disorder,Nervous system disorders,CTCAE v6.0,,Mild symptoms; clinical or diagnostic observations only; intervention not indicated,Moderate symptoms; limiting instrumental ADL or mild/moderate impact on age-appropriate normal daily activity (pediatric),Severe symptoms; limiting self-care ADL or severe impact on age-appropriate normal daily activity (pediatric),-,-,A disorder characterized by dysfunction of the oculomotor nerve (third cranial nerve).,-,221
Olfactory nerve disorder,Nervous system disorders,CTCAE v6.0,,-,Moderate symptoms; limiting instrumental ADL or mild/moderate impact on age-appropriate normal daily activity (pediatric),Severe symptoms; limiting self-care ADL or severe impact on age-appropriate normal daily activity (pediatric),-,-,A disorder characterized by dysfunction of the olfactory nerve (first cranial nerve).,-,222
Optic neuritis,Nervous system disorders,CTCAE v6.0,,Asymptomatic or mild symptoms; only enhancement on MRI scan with no change in vision,Treatment indicated; best corrected visual acuity 20/40 and better or 3 lines or less decreased vision from known baseline in the affected eye; limiting instrumental ADL or mild/moderate impact on age-appropriate normal daily activity (pediatric),"Severe or medically significant but not immediately sight- threatening; decrease in visual acuity (best corrected visual acuity worse than 20/40 or more than 3 lines of decreased vision from known baseline, up to 20/200) in the affected eye; oral steroids indicated; limiting self-care ADL or severe impact on age-appropriate normal daily activity (pediatric)",Sight-threatening consequences; urgent intervention indicated; best corrected visual acuity of 20/200 or worse in the affected eye: significant visual field loss; marked optic disc edema or enhancement on MRI scan; intravenous steroids indicated; blindness,-,"A disorder characterized by inflammation and demyelination of the optic nerve that causes acute, usually monocular, visual loss.",-,222
Paresthesia,Nervous system disorders,CTCAE v6.0,,Mild symptoms,Moderate symptoms; limiting instrumental ADL or mild/moderate impact on age-appropriate normal daily activity (pediatric),Severe symptoms; limiting self-care ADL or severe impact on age-appropriate normal daily activity (pediatric),-,-,"A disorder characterized by functional disturbances of sensory neurons resulting in abnormal cutaneous sensations of tingling, numbness, pressure, cold, and/or warmth.","Consider Nervous system disorders: Peripheral motor neuropathy, Peripheral sensory neuropathy.",223
Peripheral motor neuropathy,Nervous system disorders,CTCAE v6.0,,Mild symptoms; clinical or diagnostic observations only,Moderate symptoms; limiting instrumental ADL or mild/moderate impact on age-appropriate normal daily activity (pediatric),Severe symptoms; limiting self-care ADL or severe impact on age-appropriate normal daily activity (pediatric),Life-threatening consequences; urgent intervention indicated,Death,A disorder characterized by damage or dysfunction of the peripheral motor nerves.,Consider Nervous system disorders: Peripheral sensory neuropathy.,223
Peripheral sensory neuropathy,Nervous system disorders,CTCAE v6.0,,Mild symptoms,Moderate symptoms; limiting instrumental ADL or mild/moderate impact on age-appropriate normal daily activity (pediatric),Severe symptoms; limiting self-care ADL or severe impact on age-appropriate normal daily activity (pediatric),Life-threatening consequences; urgent intervention indicated,-,A disorder characterized by damage or dysfunction of the peripheral sensory nerves.,-,223
Phantom pain,Nervous system disorders,CTCAE v6.0,,Mild pain,Moderate pain; limiting instrumental ADL or mild/moderate impact on age-appropriate normal daily activity (pediatric),Severe pain; limiting self-care ADL or severe impact on age-appropriate normal daily activity (pediatric),-,-,A disorder characterized by a sensation of marked discomfort related to a limb or an organ that is removed from or is not physically part of the body.,Record final diagnosis/cause once determined.,224
Presyncope,Nervous system disorders,CTCAE v6.0,,-,"Present (e.g., near fainting)",-,-,-,A disorder characterized by an episode of lightheadedness and dizziness which may precede an episode of syncope.,Record final diagnosis/cause once determined.,224
Pyramidal tract syndrome,Nervous system disorders,CTCAE v6.0,,Mild symptoms; clinical or diagnostic observations only; intervention not indicated,Moderate symptoms; limiting instrumental ADL or mild/moderate impact on age-appropriate normal daily activity (pediatric),Severe symptoms; limiting self-care ADL or severe impact on age-appropriate normal daily activity (pediatric),Life-threatening consequences; urgent intervention indicated,Death,"A disorder characterized by dysfunction of the corticospinal (pyramidal) tracts of the spinal cord. Symptoms include an increase in the muscle tone in the lower extremities, hyperreflexia, positive Babinski and a decrease in fine motor coordination.",-,224
Radiculitis,Nervous system disorders,CTCAE v6.0,,Mild symptoms,Moderate symptoms; medical intervention indicated; limiting instrumental ADL or mild/moderate impact on age-appropriate normal daily activity (pediatric),Severe symptoms; limiting self-care ADL or severe impact on age-appropriate normal daily activity (pediatric),Life-threatening consequences; urgent intervention indicated,Death,A disorder characterized by inflammation involving a nerve root. Patients experience marked discomfort radiating along a nerve path because of spinal pressure on the connecting nerve root.,-,225
Recurrent laryngeal nerve palsy,Nervous system disorders,CTCAE v6.0,,Mild symptoms; clinical or diagnostic observations only; intervention not indicated,Moderate symptoms,"Severe symptoms; medical intervention indicated (e.g., thyroplasty, vocal cord injection)",Life-threatening consequences; urgent intervention indicated,Death,A disorder characterized by paralysis of the recurrent laryngeal nerve.,-,225
Reversible posterior leukoencephalopathy syndrome,Nervous system disorders,CTCAE v6.0,,-,Moderate symptoms; limiting instrumental ADL or mild/moderate impact on age-appropriate normal daily activity (pediatric),Severe symptoms; hospitalization; limiting self-care ADL or severe impact on age-appropriate normal daily activity (pediatric),Life-threatening consequences,Death,"A disorder characterized by headaches, mental status changes, visual disturbances, and/or seizures associated with imaging findings of posterior leukoencephalopathy. It has been observed in association with hypertensive encephalopathy, eclampsia, and immunosuppressive and cytotoxic drug treatment. It is an acute or subacute reversible condition. Also known as posterior reversible encephalopathy syndrome (PRES).",-,226
Seizure,Nervous system disorders,CTCAE v6.0,,Brief partial/focal seizure and no loss of consciousness,Brief generalized seizure; seizure(s) well controlled by anticonvulsants; infrequent partial/focal motor seizures,New onset seizures (partial/focal or generalized); multiple seizures despite medical intervention,Life-threatening consequences; prolonged repetitive generalized seizures,Death,"A disorder characterized by a sudden, involuntary skeletal muscular contractions of cerebral or brain stem origin.",-,226
Somnolence,Nervous system disorders,CTCAE v6.0,,Mild but more than usual drowsiness or sleepiness,Moderate sedation; limiting instrumental ADL or mild/moderate impact on age-appropriate normal daily activity (pediatric),Obtundation or stupor,Life-threatening consequences; urgent intervention indicated,Death,A disorder characterized by characterized by excessive sleepiness and drowsiness.,-,226
Spasticity,Nervous system disorders,CTCAE v6.0,,Mild or slight increase in muscle tone,Moderate increase in muscle tone and increase in resistance through range of motion,Severe increase in muscle tone and increase in resistance through range of motion,Life-threatening consequences; unable to move active or passive range of motion,Death,"A disorder characterized by increased involuntary muscle tone that affects the regions interfering with voluntary movement. It results in gait, movement, and speech disturbances.",-,227
Spinal cord compression,Nervous system disorders,CTCAE v6.0,,Radiologic findings only,Mild or moderate symptoms; limiting instrumental ADL or mild/moderate impact on age-appropriate normal daily activity (pediatric),Severe symptoms; limiting self-care ADL or severe impact on age-appropriate normal daily activity (pediatric),Life-threatening consequences; urgent intervention indicated,Death,A disorder characterized by pressure on the spinal cord.,-,227
Stroke,Nervous system disorders,CTCAE v6.0,,Incidental radiographic findings only,Mild to moderate neurologic deficit; limiting instrumental ADL or mild/moderate impact on age-appropriate normal daily activity (pediatric),Severe neurologic deficit; hospitalization; limiting self-care ADL or severe impact on age-appropriate normal daily activity (pediatric),Life-threatening consequences; urgent intervention indicated,Death,A disorder characterized by an interruption of blood supply to parts of the brain resulting in neurological damage.,-,227
Syncope,Nervous system disorders,CTCAE v6.0,,-,-,Fainting; orthostatic collapse,-,-,A disorder characterized by spontaneous loss of consciousness caused by insufficient blood supply to the brain.,Record final diagnosis/cause once determined.,228
Tendon reflex decreased,Nervous system disorders,CTCAE v6.0,,Ankle reflex reduced,Ankle reflex absent; other reflexes reduced,Absence of all reflexes,-,-,A disorder characterized by less than normal deep tendon reflexes.,"Consider Nervous system disorders: Peripheral motor neuropathy, Peripheral sensory neuropathy.",228
Transient ischemic attacks,Nervous system disorders,CTCAE v6.0,,Mild neurologic deficit with or without imaging confirmation,Moderate neurologic deficit with or without imaging confirmation,-,-,-,"A disorder characterized by a brief attack (less than 24 hours) of cerebral dysfunction of vascular origin, with no persistent neurological deficit.","If >24 hours, Consider Nervous system disorders: Stroke.",228
Tremor,Nervous system disorders,CTCAE v6.0,,Mild symptoms,Moderate symptoms; limiting instrumental ADL or mild/moderate impact on age-appropriate normal daily activity (pediatric),Severe symptoms; limiting self-care ADL or severe impact on age-appropriate normal daily activity (pediatric),-,-,A disorder characterized by the uncontrolled shaking movement of the whole body or individual parts.,-,228
Trigeminal nerve disorder,Nervous system disorders,CTCAE v6.0,,Mild symptoms; clinical or diagnostic observations only; intervention not indicated,Moderate symptoms; limiting instrumental ADL or mild/moderate impact on age-appropriate normal daily activity (pediatric),Severe symptoms; limiting self-care ADL or severe impact on age-appropriate normal daily activity (pediatric),-,-,A disorder characterized by dysfunction of the trigeminal nerve (fifth cranial nerve).,-,229
Trochlear nerve disorder,Nervous system disorders,CTCAE v6.0,,Mild symptoms; clinical or diagnostic observations only; intervention not indicated,Moderate symptoms; limiting instrumental ADL or mild/moderate impact on age-appropriate normal daily activity (pediatric),Severe symptoms; limiting self-care ADL or severe impact on age-appropriate normal daily activity (pediatric),-,-,A disorder characterized by dysfunction of the trochlear nerve (fourth cranial nerve).,-,229
Tumor inflammation-associated neurotoxicity,Nervous system disorders,CTCAE v6.0,,"Headaches associated with fevers; mild worsening of existing neurological clinical signs and symptoms from baseline, resulting in minor functional deficits for which only observation or symptomatic management is needed",Moderate changes in the neurological exam from baseline that substantially affect function,Severe neurological clinical signs and symptoms that may affect critical cardiorespiratory functions; clinical signs and symptoms of increased intracranial pressure (>20 mmHg) that are responsive to intervention,"Life-threatening, clinically significant elevated ICP (>20 mmHg) refractory to CSF drainage with no improvement in clinical symptoms in response to CSF drainage, possibly warranting urgent escalation of neurosurgical intervention; clinical signs and symptoms of impending/early herniation; severe medullary dysfunction requiring endotracheal intubation for airway protection and/or mechanical ventilation",Death,A disorder characterized by localized neurotoxicity related to cellular therapies or other immunotherapies for CNS tumors (TIAN).,-,230
Vagus nerve disorder,Nervous system disorders,CTCAE v6.0,,Mild symptoms; clinical or diagnostic observations only; intervention not indicated,Moderate symptoms; limiting instrumental ADL or mild/moderate impact on age-appropriate normal daily activity (pediatric),Severe symptoms; limiting self-care ADL or severe impact on age-appropriate normal daily activity (pediatric),Life-threatening consequences; urgent intervention indicated,Death,A disorder characterized by dysfunction of the vagus nerve (tenth cranial nerve).,Record final diagnosis/cause once determined.,230
Vasovagal reaction,Nervous system disorders,CTCAE v6.0,,-,No management indicated,Requires active management,Life-threatening consequences; urgent intervention indicated,Death,"A disorder characterized by a sudden drop of the blood pressure, bradycardia, and peripheral vasodilation that may lead to loss of consciousness. It results from an increase in the stimulation of the vagus nerve.",-,231
Fetal growth retardation,"Pregnancy, puerperium and perinatal conditions",CTCAE v6.0,,-,5 - <10% percentile of weight for gestational age,1 - <5% percentile of weight for gestational age,<1% percentile of weight for gestational age,-,A disorder characterized by inhibition of fetal growth resulting in the inability of the fetus to achieve its potential weight.,-,232
Pregnancy loss,"Pregnancy, puerperium and perinatal conditions",CTCAE v6.0,,-,-,-,Fetal loss at any gestational age,-,Death in utero.,-,232
"Pregnancy, puerperium and perinatal conditions - Other, specify","Pregnancy, puerperium and perinatal conditions",CTCAE v6.0,,Asymptomatic or mild symptoms; clinical or diagnostic observations only; intervention not indicated,"Moderate; minimal, local or noninvasive intervention indicated; limiting instrumental ADL or mild/moderate impact on age-appropriate normal daily activity (pediatric)",Severe or medically significant but not immediately life-threatening; hospitalization or prolongation of existing hospitalization indicated; limiting self-care ADL or severe impact on age-appropriate normal daily activity (pediatric),Life-threatening consequences; urgent intervention indicated,Death,-,-,232
Premature delivery,"Pregnancy, puerperium and perinatal conditions",CTCAE v6.0,,Delivery of a liveborn infant at >34 to 37 weeks gestation,Delivery of a liveborn infant at >28 to 34 weeks gestation,Delivery of a liveborn infant at 24 to 28 weeks gestation,Delivery of a liveborn infant at 24 weeks of gestation or less,-,"A disorder characterized by delivery of a viable infant before the normal end of gestation. Typically, viability is achievable between the twentieth and thirty-seventh week of gestation.",-,233
Agitation,Psychiatric disorders,CTCAE v6.0,,Mild mood alteration,Moderate mood alteration,Severe agitation; hospitalization not indicated,Life-threatening consequences; urgent intervention indicated,-,A disorder characterized by a state of restlessness associated with unpleasant feelings of irritability and tension.,-,234
Anorgasmia,Psychiatric disorders,CTCAE v6.0,,Inability to achieve orgasm not adversely affecting relationship,Inability to achieve orgasm adversely affecting relationship,-,-,-,A disorder characterized by an inability to achieve orgasm.,-,234
Anxiety,Psychiatric disorders,CTCAE v6.0,,Mild symptoms; intervention not indicated,Moderate symptoms; limiting instrumental ADL or mild/moderate impact on age-appropriate normal daily activity (pediatric),Severe symptoms; hospitalization indicated; limiting self-care ADL or severe impact on age-appropriate normal daily activity (pediatric),Life-threatening consequences; urgent intervention indicated,-,"A disorder characterized by apprehension of danger and dread accompanied by restlessness, tension, tachycardia, and dyspnea unattached to a clearly identifiable stimulus.",-,234
Confusion,Psychiatric disorders,CTCAE v6.0,,Mild disorientation,Moderate disorientation; limiting instrumental ADL or mild/moderate impact on age-appropriate normal daily activity (pediatric),Severe disorientation; limiting self-care ADL or severe impact on age-appropriate normal daily activity (pediatric),Life-threatening consequences; urgent intervention indicated,-,A disorder characterized by a lack of clear and orderly thought and behavior.,-,235
Delayed orgasm,Psychiatric disorders,CTCAE v6.0,,Delay in achieving orgasm not adversely affecting relationship,Delay in achieving orgasm adversely affecting relationship,-,-,-,A disorder characterized by sexual dysfunction characterized by a delay in climax.,-,235
Delirium,Psychiatric disorders,CTCAE v6.0,,Mild acute confusional state,Moderate and acute confusional state; limiting instrumental ADL or mild/moderate impact on age-appropriate normal daily activity (pediatric),Severe and acute confusional state; hospitalization indicated; urgent intervention indicated; new onset; limiting self-care ADL or severe impact on age-appropriate normal daily activity (pediatric),"Life-threatening consequences, threats of harm to self or others; urgent intervention indicated",Death,"A disorder characterized by the acute and sudden development of confusion, illusions, movement changes, inattentiveness, agitation, and hallucinations. Usually, it is a reversible condition.",-,235
Delusions,Psychiatric disorders,CTCAE v6.0,,-,Moderate delusional symptoms,Severe delusional symptoms; outpatient management; new onset,"Life-threatening consequences, threats of harm to self or others; hospitalization indicated",Death,"A disorder characterized by false personal beliefs held contrary to reality, despite contradictory evidence and common sense.",-,236
Depression,Psychiatric disorders,CTCAE v6.0,,Mild depressive symptoms,Moderate depressive symptoms; limiting instrumental ADL or mild/moderate impact on age-appropriate normal daily activity (pediatric),Severe depressive symptoms; hospitalization not indicated; limiting self-care ADL or severe impact on age-appropriate normal daily activity (pediatric),"Life-threatening consequences, threats of harm to self or others; hospitalization indicated",Death,A disorder characterized by melancholic feelings of grief or unhappiness.,-,236
Euphoria,Psychiatric disorders,CTCAE v6.0,,Mild mood elevation,Moderate mood elevation,"Severe mood elevation (e.g., hypomania)",-,-,A disorder characterized by an exaggerated feeling of well-being which is disproportionate to events and stimuli.,-,236
Hallucinations,Psychiatric disorders,CTCAE v6.0,,"Mild hallucinations (e.g., perceptual distortions)",Moderate hallucinations,Severe hallucinations; hospitalization not indicated,"Life-threatening consequences, threats of harm to self or others; hospitalization indicated",Death,A disorder characterized by a false sensory perception in the absence of an external stimulus.,-,237
Insomnia,Psychiatric disorders,CTCAE v6.0,,"Mild difficulty falling asleep, staying asleep or waking up early","Moderate difficulty falling asleep, staying asleep or waking up early","Severe difficulty in falling asleep, staying asleep or waking up early",-,-,A disorder characterized by difficulty in falling asleep and/or remaining asleep.,-,237
Irritability,Psychiatric disorders,CTCAE v6.0,,Mild; easily consolable,Moderate; increased attention indicated; limiting instrumental ADL or mild/moderate impact on age-appropriate normal daily activity (pediatric),Severe abnormal or excessive response; inconsolable; medical or psychiatric intervention indicated; limiting self-care ADL or severe impact on age-appropriate normal daily activity (pediatric),-,-,"A disorder characterized by an abnormal responsiveness to stimuli or physiological arousal; may be in response to pain, fright, a drug, an emotional situation or a medical condition.",-,237
Libido decreased,Psychiatric disorders,CTCAE v6.0,,Decrease in sexual interest not adversely affecting relationship,Decrease in sexual interest adversely affecting relationship,-,-,-,A disorder characterized by a decrease in sexual desire.,-,238
Libido increased,Psychiatric disorders,CTCAE v6.0,,Present,-,-,-,-,A disorder characterized by an increase in sexual desire.,-,238
Mania,Psychiatric disorders,CTCAE v6.0,,"Mild manic symptoms (e.g., elevated mood, rapid thoughts, rapid speech, decreased need for sleep)","Moderate manic symptoms (e.g., relationship and work difficulties; poor hygiene)","Severe manic symptoms (e.g., hypomania; major sexual or financial indiscretions); hospitalization not indicated; new onset","Life-threatening consequences, threats of harm to self or others; hospitalization indicated",Death,"A disorder characterized by excitement of psychotic proportions manifested by mental and physical hyperactivity, disorganization of behavior and elevation of mood.",-,238
Personality change,Psychiatric disorders,CTCAE v6.0,,Mild personality change,Moderate personality change,Severe personality change; hospitalization not indicated,"Life-threatening consequences, threats of harm to self or others; hospitalization indicated",-,A disorder characterized by a conspicuous change in a person's behavior and thinking.,-,238
"Psychiatric disorders - Other, specify",Psychiatric disorders,CTCAE v6.0,,Asymptomatic or mild symptoms; clinical or diagnostic observations only; intervention not indicated,"Moderate; minimal, local or noninvasive intervention indicated; limiting instrumental ADL or mild/moderate impact on age-appropriate normal daily activity (pediatric)",Severe or medically significant but not immediately life-threatening; limiting self-care ADL or severe impact on age-appropriate normal daily activity (pediatric),Life-threatening consequences; hospitalization or urgent intervention indicated,Death,-,-,239
Psychosis,Psychiatric disorders,CTCAE v6.0,,Mild psychotic symptoms,"Moderate psychotic symptoms (e.g., disorganized speech; impaired reality testing)","Severe psychotic symptoms (e.g., paranoid, extreme disorganization); hospitalization not indicated; new onset","Life-threatening consequences, threats of harm to self or others; hospitalization indicated",Death,"A disorder characterized by personality change, impaired functioning, and loss of touch with reality. It may be a manifestation of schizophrenia, bipolar disorder or brain tumor.",-,239
Restlessness,Psychiatric disorders,CTCAE v6.0,,Mild symptoms; intervention not indicated,Moderate symptoms; limiting instrumental ADL or mild/moderate impact on age-appropriate normal daily activity (pediatric),Severe symptoms; limiting self-care ADL or severe impact on age-appropriate normal daily activity (pediatric),-,-,"A disorder characterized by an inability to rest, relax or be still.",-,239
Suicidal ideation,Psychiatric disorders,CTCAE v6.0,,Increased thoughts of death but no wish to kill oneself,Suicidal ideation with no specific plan or intent,Specific plan to commit suicide without serious intent to die which may not require hospitalization,Specific plan to commit suicide with serious intent to die which requires hospitalization,-,A disorder characterized by thoughts of taking one's own life.,-,240
Suicide attempt,Psychiatric disorders,CTCAE v6.0,,-,-,Suicide attempt or gesture without intent to die,Suicide attempt with intent to die which requires hospitalization,Death,A disorder characterized by self-inflicted harm in an attempt to end one's own life.,-,240
Acute kidney injury,Renal and urinary disorders,CTCAE v6.0,,-,-,Hospitalization indicated,Life-threatening consequences; dialysis indicated,Death,A disorder characterized by the acute loss of renal function (within 2 weeks).,Consider Investigations: Creatinine increased; Renal and urinary disorders: Tubulointerstitial nephritis.,241
Bladder perforation,Renal and urinary disorders,CTCAE v6.0,,-,Invasive intervention not indicated,Invasive intervention indicated,Life-threatening consequences; organ failure; urgent operative intervention indicated,Death,A disorder characterized by a rupture in the bladder wall.,-,241
Bladder spasm,Renal and urinary disorders,CTCAE v6.0,,Intervention not indicated,Antispasmodics indicated,Hospitalization indicated,-,-,A disorder characterized by a sudden and involuntary contraction of the bladder wall.,-,241
Chronic kidney disease,Renal and urinary disorders,CTCAE v6.0,,eGFR (estimated Glomerular Filtration Rate) or CrCl (creatinine clearance) <LLN - 60 ml/min/1.73 m2 or proteinuria 2+ present; urine protein/creatinine >0.5,eGFR or CrCl <60 - 30 ml/min/1.73 m2,eGFR or CrCl <30 - 15 ml/min/1.73 m2,eGFR or CrCl <15 ml/min/1.73 m2; dialysis or renal transplant indicated,Death,A disorder characterized by loss of kidney function greater than three months duration.,-,242
Cystitis noninfective,Renal and urinary disorders,CTCAE v6.0,,"Microscopic hematuria; minimal increase in frequency, urgency, dysuria, or nocturia; new onset of incontinence","Moderate hematuria; moderate increase in frequency, urgency, dysuria, nocturia or incontinence; urinary catheter placement or bladder irrigation indicated; limiting instrumental ADL or mild/moderate impact on age-appropriate normal daily activity (pediatric)","Gross hematuria; transfusion, IV medications, or hospitalization indicated; elective invasive intervention indicated",Life-threatening consequences; urgent invasive intervention indicated,Death,A disorder characterized by inflammation of the bladder which is not caused by an infection of the urinary tract.,-,242
Dysuria,Renal and urinary disorders,CTCAE v6.0,,Present,-,-,-,-,A disorder characterized by painful urination.,"If associated with an infection, report the infection. For grades higher than Grade 1, consider Renal and urinary disorders: Bladder spasm, Cystitis noninfective; Infections and infestations: Urinary tract infection.",243
Glomerulonephritis,Renal and urinary disorders,CTCAE v6.0,,Asymptomatic; laboratory findings only,Declining glomerular filtration rate (GFR); edema; hypertension; oral management indicated,IV therapy indicated; immunosuppressant indicated; hospitalization or prolongation of existing hospitalization indicated; limiting self-care ADL or severe impact on age-appropriate normal daily activity (pediatric),Life-threatening consequences; urgent intervention indicated; renal replacement therapy,Death,"A disorder characterized by inflammation of the glomerulus, usually based on renal biopsy.",-,243
Glucosuria,Renal and urinary disorders,CTCAE v6.0,,Present,-,-,-,-,A disorder characterized by laboratory test results that indicate glucose in the urine.,-,243
Hematuria,Renal and urinary disorders,CTCAE v6.0,,Asymptomatic; clinical or diagnostic observations only; intervention not indicated,Symptomatic; urinary catheter or bladder irrigation indicated; limiting instrumental ADL or mild/moderate impact on age-appropriate normal daily activity (pediatric),"Gross hematuria; transfusion, IV medications, or hospitalization indicated; elective invasive intervention indicated; limiting self-care ADL or severe impact on age-appropriate normal daily activity (pediatric)",Life-threatening consequences; urgent invasive intervention indicated,Death,A disorder characterized by laboratory test results that indicate blood in the urine.,-,244
Hemoglobinuria,Renal and urinary disorders,CTCAE v6.0,,Asymptomatic; clinical or diagnostic observations only; intervention not indicated,-,-,-,-,A disorder characterized by laboratory test results that indicate the presence of free hemoglobin in the urine.,Report underlying AE if > Grade 1.,244
Nephrotic syndrome,Renal and urinary disorders,CTCAE v6.0,,-,-,IV therapy indicated; hospitalization or prolongation of existing hospitalization indicated; limiting self-care ADL or severe impact on age-appropriate normal daily activity (pediatric),Life-threatening consequences; urgent intervention indicated; renal replacement therapy; anasarca,Death,"A disorder characterized by symptoms that include severe edema, proteinuria, and hypoalbuminemia; it is indicative of renal dysfunction.",-,245
Nocturia,Renal and urinary disorders,CTCAE v6.0,,Present,-,-,-,-,A disorder characterized by the need to get up at night on a regular basis to urinate.,-,245
"Renal and urinary disorders - Other, specify",Renal and urinary disorders,CTCAE v6.0,,Asymptomatic or mild symptoms; clinical or diagnostic observations only; intervention not indicated,"Moderate; minimal, local or noninvasive intervention indicated; limiting instrumental ADL or mild/moderate impact on age-appropriate normal daily activity (pediatric)",Severe or medically significant but not immediately life-threatening; hospitalization or prolongation of existing hospitalization indicated; limiting self-care ADL or severe impact on age-appropriate normal daily activity (pediatric),Life-threatening consequences; urgent intervention indicated,Death,-,-,246
Renal calculi,Renal and urinary disorders,CTCAE v6.0,,Asymptomatic or mild symptoms; occasional use of nonprescription analgesics indicated,Symptomatic; oral antiemetics indicated; around the clock nonprescription analgesics or any oral narcotic analgesics indicated,"Hospitalization indicated; IV intervention (e.g., analgesics, antiemetics); elective invasive intervention indicated",Life-threatening consequences; urgent invasive intervention indicated,Death,A disorder characterized by the formation of crystals/kidney stones in the pelvis of the kidney.,-,246
Renal colic,Renal and urinary disorders,CTCAE v6.0,,Mild pain not interfering with activity; nonprescription medication indicated,Moderate pain; prescription medication indicated; limiting instrumental ADL or mild/moderate impact on age-appropriate normal daily activity (pediatric),Hospitalization indicated; limiting self-care ADL or severe impact on age-appropriate normal daily activity (pediatric),-,-,"A disorder characterized by paroxysmal and severe flank marked discomfort radiating to the inguinal area. Often, the cause is the passage of crystals/kidney stones.",-,247
Renal hemorrhage,Renal and urinary disorders,CTCAE v6.0,,Mild symptoms; intervention not indicated,Analgesics and hematocrit monitoring indicated,Hospitalization,Life-threatening consequences; urgent intervention indicated,Death,A disorder characterized by bleeding from the kidney.,-,247
Tubulointerstitial nephritis,Renal and urinary disorders,CTCAE v6.0,,Laboratory findings without increase in creatinine,Increase in creatinine; oral management indicated with steroid,IV therapy indicated; hospitalization or prolongation of existing hospitalization indicated; limiting self-care ADL or severe impact on age-appropriate normal daily activity (pediatric),Life-threatening consequences; urgent intervention indicated,Death,A disorder characterized by inflammation of the renal tubule and surrounding tissues.,-,247
Urinary fistula,Renal and urinary disorders,CTCAE v6.0,,-,"Symptomatic, invasive intervention not indicated",Invasive intervention indicated,Life-threatening consequences; urgent invasive intervention indicated,Death,A disorder characterized by an abnormal communication between any part of the urinary system and another organ or anatomic site.,-,248
Urinary frequency,Renal and urinary disorders,CTCAE v6.0,,Present,Medical management indicated; limiting instrumental ADL or mild/moderate impact on age-appropriate normal daily activity (pediatric),-,-,-,A disorder characterized by urination at short intervals.,-,248
Urinary incontinence,Renal and urinary disorders,CTCAE v6.0,,"Occasional (e.g., with coughing, sneezing, etc.), pads not indicated",Spontaneous; pads indicated; limiting instrumental ADL or mild/moderate impact on age-appropriate normal daily activity (pediatric),"Intervention indicated (e.g., clamp, collagen injections); operative intervention indicated; limiting self-care ADL or severe impact on age-appropriate normal daily activity (pediatric)",-,-,A disorder characterized by inability to control the flow of urine from the bladder.,-,248
Urinary retention,Renal and urinary disorders,CTCAE v6.0,,"Urinary, suprapubic or intermittent catheter placement not indicated; able to void with some residual","Placement of urinary, suprapubic or intermittent catheter placement indicated; medication indicated",Elective invasive intervention indicated; substantial loss of affected kidney function or mass,Life-threatening consequences; organ failure; urgent operative intervention indicated,Death,A disorder characterized by accumulation of urine within the bladder because of the inability to urinate.,-,249
Urinary tract obstruction,Renal and urinary disorders,CTCAE v6.0,,Asymptomatic; clinical or diagnostic observations only; intervention not indicated,"Symptomatic but no hydronephrosis, sepsis, or renal dysfunction; urethral dilation, urinary or suprapubic catheter indicated","Altered organ function (e.g., hydronephrosis or renal dysfunction); invasive intervention indicated",Life-threatening consequences; urgent intervention indicated,Death,A disorder characterized by blockage of the normal flow of contents of the urinary tract.,-,249
Urinary tract pain,Renal and urinary disorders,CTCAE v6.0,,Mild pain,Moderate pain; limiting instrumental ADL or mild/moderate impact on age-appropriate normal daily activity (pediatric),Severe pain; limiting self-care ADL or severe impact on age-appropriate normal daily activity (pediatric),-,-,A disorder characterized by a sensation of marked discomfort in the urinary tract.,Record final diagnosis/cause once determined.,249
Urinary urgency,Renal and urinary disorders,CTCAE v6.0,,Present,Medical management indicated; limiting instrumental ADL or mild/moderate impact on age-appropriate normal daily activity (pediatric),-,-,-,A disorder characterized by a sudden compelling urge to urinate.,-,250
Urine discoloration,Renal and urinary disorders,CTCAE v6.0,,Present,-,-,-,-,A disorder characterized by a change in the color of the urine.,-,250
Amenorrhea,Reproductive system and breast disorders,CTCAE v6.0,,-,Present,-,-,-,A disorder characterized by the abnormal absence of menses for at least three consecutive menstrual cycles.,-,251
Azoospermia,Reproductive system and breast disorders,CTCAE v6.0,,-,Absence of sperm in ejaculate,-,-,-,A disorder characterized by laboratory test results that indicate complete absence of spermatozoa in the semen.,-,251
Breast pain,Reproductive system and breast disorders,CTCAE v6.0,,Mild pain,Moderate pain; limiting instrumental ADL or mild/moderate impact on age-appropriate normal daily activity (pediatric),Severe pain; limiting self-care ADL or severe impact on age-appropriate normal daily activity (pediatric),-,-,A disorder characterized by a sensation of marked discomfort in the breast region.,Record final diagnosis/cause once determined.,251
Dysmenorrhea,Reproductive system and breast disorders,CTCAE v6.0,,Mild symptoms; intervention not indicated,Moderate symptoms; limiting instrumental ADL or mild/moderate impact on age-appropriate normal daily activity (pediatric),Severe symptoms; limiting self-care ADL or severe impact on age-appropriate normal daily activity (pediatric),-,-,A disorder characterized by abnormally painful abdominal cramps during menses.,-,252
Dyspareunia,Reproductive system and breast disorders,CTCAE v6.0,,Mild discomfort or pain associated with vaginal penetration; discomfort relieved with use of vaginal lubricants or estrogen,Moderate discomfort or pain associated with vaginal penetration; discomfort or pain partially relieved with use of vaginal lubricants or estrogen,Severe discomfort or pain associated with vaginal penetration; discomfort or pain unrelieved by vaginal lubricants or estrogen,-,-,A disorder characterized by painful or difficult coitus.,-,252
Ejaculation disorder,Reproductive system and breast disorders,CTCAE v6.0,,Diminished ejaculation,Anejaculation or retrograde ejaculation,-,-,-,"A disorder characterized by problems related to ejaculation. This category includes premature, delayed, retrograde and painful ejaculation.",-,252
Erectile dysfunction,Reproductive system and breast disorders,CTCAE v6.0,,"Decrease in erectile function (frequency or rigidity of erections) but intervention not indicated (e.g., medication or use of mechanical device, penile pump)","Decrease in erectile function (frequency/rigidity of erections), erectile intervention indicated, (e.g., medication or mechanical devices such as penile pump)","Decrease in erectile function (frequency/rigidity of erections) but erectile intervention not helpful (e.g., medication or mechanical devices such as penile pump); placement of a permanent penile prosthesis indicated (not previously present)",-,-,A disorder characterized by the persistent or recurrent inability to achieve or to maintain an erection during sexual activity.,-,253
Fallopian tube obstruction,Reproductive system and breast disorders,CTCAE v6.0,,Asymptomatic; clinical or diagnostic observations only; intervention not indicated,Symptomatic; elective intervention indicated,Severe symptoms; invasive intervention indicated,-,-,A disorder characterized by blockage of the normal flow of the contents in the fallopian tube.,-,253
Feminization acquired,Reproductive system and breast disorders,CTCAE v6.0,,Mild symptoms; intervention not indicated,Moderate symptoms; medical intervention indicated,-,-,-,A disorder characterized by the development of secondary female sex characteristics in males due to extrinsic factors.,-,253
Gynecomastia,Reproductive system and breast disorders,CTCAE v6.0,,Asymptomatic,"Symptomatic (e.g., pain or psychosocial impact)",Severe symptoms; elective operative intervention indicated,-,-,A disorder characterized by excessive development of the breasts in males.,-,254
Hematosalpinx,Reproductive system and breast disorders,CTCAE v6.0,,Minimal bleeding identified on imaging study or laparoscopy; intervention not indicated,Moderate bleeding; medical intervention indicated,Invasive intervention indicated; hospitalization,Life-threatening consequences; urgent operative intervention indicated,Death,A disorder characterized by the presence of blood in a fallopian tube.,-,254
Irregular menstruation,Reproductive system and breast disorders,CTCAE v6.0,,Intermittent/irregular menses for ≤3 consecutive menstrual cycles,Intermittent/irregular menses for >3 consecutive menstrual cycles,-,-,-,A disorder characterized by a change in cycle or duration of menses from baseline.,Consider Reproductive system and breast disorders: Amenorrhea.,254
Lactation disorder,Reproductive system and breast disorders,CTCAE v6.0,,"Mild changes in lactation, not significantly affecting production or expression of breast milk","Changes in lactation, significantly affecting breast production or expression of breast milk",-,-,-,A disorder characterized by disturbances of milk secretion. It is not necessarily related to pregnancy that is observed in females and can be observed in males.,-,255
Menorrhagia,Reproductive system and breast disorders,CTCAE v6.0,,Mild; iron supplements indicated,"Moderate symptoms; medical intervention indicated (e.g., hormones)","Hospitalization; operative intervention indicated (e.g., hysterectomy)",Life-threatening consequences; urgent intervention indicated,Death,A disorder characterized by abnormally heavy vaginal bleeding during menses.,-,255
Nipple deformity,Reproductive system and breast disorders,CTCAE v6.0,,Asymptomatic; asymmetry with slight retraction and/or thickening of the nipple areolar complex,Symptomatic; asymmetry of nipple areolar complex with moderate retraction and/or thickening of the nipple areolar complex,-,-,-,A disorder characterized by an abnormality of the nipple.,-,255
Oligospermia,Reproductive system and breast disorders,CTCAE v6.0,,Sperm concentration >0 to <15 million/ml,-,-,-,-,A disorder characterized by a decrease in the number of spermatozoa in the semen.,-,256
Ovarian function insufficiency,Reproductive system and breast disorders,CTCAE v6.0,,Intermittent/irregular menses for 3 consecutive months with basal FSH levels >25 IU/L but less than postmenopausal range,Amenorrhea for 3 consecutive months with basal FSH levels >40 IU/L or in the postmenopausal range,-,-,-,"A disorder characterized by the development of oligomenorrhea or amenorrhea for at least 3 consecutive months and serum follicle-stimulating hormone (FSH) levels in the menopausal range before age 40. Symptoms of estrogen deficiency may include hot flashes, night sweats, mood swings, and vaginal dryness. Laboratory findings include elevated serum FSH. Other supportive laboratory findings include decreased serum estradiol and anti-Mullerian hormone (AMH) levels.",-,256
Ovarian hemorrhage,Reproductive system and breast disorders,CTCAE v6.0,,Mild symptoms; intervention not indicated,Moderate symptoms; intervention indicated,Hospitalization,Life-threatening consequences; urgent intervention indicated,Death,A disorder characterized by bleeding from the ovary.,-,256
Ovarian rupture,Reproductive system and breast disorders,CTCAE v6.0,,Asymptomatic clinical or diagnostic observations only; intervention not indicated,Symptomatic and intervention not indicated,Transfusion; invasive intervention indicated,Life-threatening consequences; urgent intervention indicated,Death,A disorder characterized by tearing or disruption of the ovarian tissue.,-,257
Ovulation pain,Reproductive system and breast disorders,CTCAE v6.0,,-,Present,-,-,-,"A disorder characterized by a sensation of marked discomfort in one side of the abdomen between menstrual cycles, around the time of the discharge of the ovum from the ovarian follicle.",Record final diagnosis/cause once determined.,257
Pelvic floor muscle weakness,Reproductive system and breast disorders,CTCAE v6.0,,Asymptomatic; clinical or diagnostic observations only; intervention not indicated,"Symptomatic, not interfering with bladder, bowel, or vaginal function; limiting instrumental ADL or mild/moderate impact on age-appropriate normal daily activity (pediatric)",Severe symptoms; limiting self-care ADL or severe impact on age-appropriate normal daily activity (pediatric),-,-,A disorder characterized by a reduction in the strength of the muscles of the pelvic floor.,-,257
Pelvic pain,Reproductive system and breast disorders,CTCAE v6.0,,Mild pain,Moderate pain; limiting instrumental ADL or mild/moderate impact on age-appropriate normal daily activity (pediatric),Severe pain; limiting self-care ADL or severe impact on age-appropriate normal daily activity (pediatric),-,-,A disorder characterized by a sensation of marked discomfort in the pelvis.,Record final diagnosis/cause once determined.,258
Penile pain,Reproductive system and breast disorders,CTCAE v6.0,,Mild pain,Moderate pain; limiting instrumental ADL or mild/moderate impact on age-appropriate normal daily activity (pediatric),Severe pain; limiting self-care ADL or severe impact on age-appropriate normal daily activity (pediatric),-,-,A disorder characterized by a sensation of marked discomfort in the penis.,Record final diagnosis/cause once determined.,258
Perineal pain,Reproductive system and breast disorders,CTCAE v6.0,,Mild pain,Moderate pain; limiting instrumental ADL or mild/moderate impact on age-appropriate normal daily activity (pediatric),Severe pain; limiting self-care ADL or severe impact on age-appropriate normal daily activity (pediatric),-,-,A disorder characterized by a sensation of marked discomfort in the area between the genital organs and the anus.,Record final diagnosis/cause once determined.,258
Prostatic hemorrhage,Reproductive system and breast disorders,CTCAE v6.0,,Mild symptoms; intervention not indicated,Moderate symptoms; intervention indicated,Hospitalization,Life-threatening consequences; urgent intervention indicated,Death,A disorder characterized by bleeding from the prostate gland.,-,259
Prostatic obstruction,Reproductive system and breast disorders,CTCAE v6.0,,Asymptomatic; clinical or diagnostic observations only; intervention not indicated,Symptomatic; elective intervention indicated,Severe symptoms; invasive intervention indicated,-,-,"A disorder characterized by compression of the urethra secondary to enlargement of the prostate gland. This results in voiding difficulties (straining to void, slow urine stream, and incomplete emptying of the bladder).",-,259
Prostatic pain,Reproductive system and breast disorders,CTCAE v6.0,,Mild pain,Moderate pain; limiting instrumental ADL or mild/moderate impact on age-appropriate normal daily activity (pediatric),Severe pain; limiting self-care ADL or severe impact on age-appropriate normal daily activity (pediatric),-,-,A disorder characterized by a sensation of marked discomfort in the prostate gland.,Record final diagnosis/cause once determined.,259
"Reproductive system and breast disorders - Other, specify",Reproductive system and breast disorders,CTCAE v6.0,,Asymptomatic or mild symptoms; clinical or diagnostic observations only; intervention not indicated,"Moderate; minimal, local or noninvasive intervention indicated; limiting instrumental ADL or mild/moderate impact on age-appropriate normal daily activity (pediatric)",Severe or medically significant but not immediately life-threatening; hospitalization or prolongation of existing hospitalization indicated; limiting self-care ADL or severe impact on age-appropriate normal daily activity (pediatric),Life-threatening consequences; urgent intervention indicated,Death,-,-,260
Scrotal pain,Reproductive system and breast disorders,CTCAE v6.0,,Mild pain,Moderate pain; limiting instrumental ADL or mild/moderate impact on age-appropriate normal daily activity (pediatric),Severe pain; limiting self-care ADL or severe impact on age-appropriate normal daily activity (pediatric),-,-,A disorder characterized by a sensation of marked discomfort in the scrotal area.,Record final diagnosis/cause once determined.,260
Spermatic cord hemorrhage,Reproductive system and breast disorders,CTCAE v6.0,,Mild symptoms; intervention not indicated,Moderate symptoms; intervention indicated,Hospitalization,Life-threatening consequences; urgent intervention indicated,Death,A disorder characterized by bleeding from the spermatic cord.,-,260
Spermatic cord obstruction,Reproductive system and breast disorders,CTCAE v6.0,,Asymptomatic; clinical or diagnostic observations only; intervention not indicated,Symptomatic; elective intervention indicated,Severe symptoms; invasive intervention indicated,-,-,A disorder characterized by blockage of the normal flow of the contents of the spermatic cord.,-,261
Testicular disorder,Reproductive system and breast disorders,CTCAE v6.0,,Asymptomatic; clinical or diagnostic observations only; intervention not indicated,Symptomatic but not interfering with sexual function; intervention not indicated; limiting instrumental ADL or mild/moderate impact on age-appropriate normal daily activity (pediatric),Severe symptoms; interfering with sexual function; intervention indicated; limiting self-care ADL or severe impact on age-appropriate normal daily activity (pediatric),Life-threatening consequences; urgent intervention indicated,-,A disorder characterized by abnormal function or appearance of the testis.,Consider other AE terms in the Renal and urinary disorders SOC or Reproductive system and breast disorders SOC.,261
Testicular hemorrhage,Reproductive system and breast disorders,CTCAE v6.0,,Mild symptoms; intervention not indicated,Moderate symptoms; intervention indicated,Hospitalization,Life-threatening consequences; urgent intervention indicated,Death,A disorder characterized by bleeding from the testis.,-,261
Testicular pain,Reproductive system and breast disorders,CTCAE v6.0,,Mild pain,Moderate pain; limiting instrumental ADL or mild/moderate impact on age-appropriate normal daily activity (pediatric),Severe pain; limiting self-care ADL or severe impact on age-appropriate normal daily activity (pediatric),-,-,A disorder characterized by a sensation of marked discomfort in the testis.,Record final diagnosis/cause once determined.,262
Uterine fistula,Reproductive system and breast disorders,CTCAE v6.0,,Asymptomatic,"Symptomatic, invasive intervention not indicated",Invasive intervention indicated,Life-threatening consequences; urgent intervention indicated,Death,A disorder characterized by an abnormal communication between the uterus and another organ or anatomic site.,-,262
Uterine hemorrhage,Reproductive system and breast disorders,CTCAE v6.0,,Mild symptoms; intervention not indicated,Moderate symptoms; intervention indicated,Hospitalization,Life-threatening consequences; urgent intervention indicated,Death,A disorder characterized by bleeding from the uterus.,-,262
Uterine obstruction,Reproductive system and breast disorders,CTCAE v6.0,,Asymptomatic; clinical or diagnostic observations only; intervention not indicated,Symptomatic; elective intervention indicated,Severe symptoms; invasive intervention indicated,-,-,A disorder characterized by blockage of the uterine outlet.,-,262
Uterine pain,Reproductive system and breast disorders,CTCAE v6.0,,Mild pain,Moderate pain; limiting instrumental ADL or mild/moderate impact on age-appropriate normal daily activity (pediatric),Severe pain; limiting self-care ADL or severe impact on age-appropriate normal daily activity (pediatric),-,-,A disorder characterized by a sensation of marked discomfort in the uterus.,Record final diagnosis/cause once determined.,263
Vaginal discharge,Reproductive system and breast disorders,CTCAE v6.0,,Mild vaginal discharge (greater than baseline for patient),Moderate to heavy vaginal discharge; use of perineal pad or tampon indicated,-,-,-,"A disorder characterized by vaginal secretions. Mucus produced by the cervical glands is discharged from the vagina naturally, especially during the childbearing years.",-,263
Vaginal dryness,Reproductive system and breast disorders,CTCAE v6.0,,Mild vaginal dryness not interfering with sexual function,Moderate vaginal dryness interfering with sexual function or causing frequent discomfort,Severe vaginal dryness resulting in dyspareunia or severe discomfort,-,-,A disorder characterized by an uncomfortable feeling of itching and burning in the vagina.,-,263
Vaginal fistula,Reproductive system and breast disorders,CTCAE v6.0,,Asymptomatic,"Symptomatic, invasive intervention not indicated",Invasive intervention indicated,Life-threatening consequences; urgent intervention indicated,Death,A disorder characterized by an abnormal communication between the vagina and another organ or anatomic site.,-,264
Vaginal hemorrhage,Reproductive system and breast disorders,CTCAE v6.0,,Mild symptoms; intervention not indicated,Moderate symptoms; intervention indicated,Hospitalization,Life-threatening consequences; urgent intervention indicated,Death,A disorder characterized by bleeding from the vagina.,-,264
Vaginal inflammation,Reproductive system and breast disorders,CTCAE v6.0,,"Mild discomfort or pain, edema, or redness","Moderate discomfort or pain, edema, or redness; limiting instrumental ADL or mild/moderate impact on age-appropriate normal daily activity (pediatric)","Severe discomfort or pain, edema, or redness; small areas of mucosal ulceration; limiting self-care ADL or severe impact on age-appropriate normal daily activity (pediatric)",Life-threatening consequences; widespread areas of mucosal ulceration; urgent intervention indicated,-,"A disorder characterized by inflammation involving the vagina. Symptoms may include redness, edema, marked discomfort and an increase in vaginal discharge.",-,264
Vaginal obstruction,Reproductive system and breast disorders,CTCAE v6.0,,Asymptomatic; clinical or diagnostic observations only; intervention not indicated,Symptomatic; elective intervention indicated,Severe symptoms; invasive intervention indicated,-,-,A disorder characterized by blockage of vaginal canal.,-,265
Vaginal pain,Reproductive system and breast disorders,CTCAE v6.0,,Mild pain,Moderate pain; limiting instrumental ADL or mild/moderate impact on age-appropriate normal daily activity (pediatric),Severe pain; limiting self-care ADL or severe impact on age-appropriate normal daily activity (pediatric),-,-,A disorder characterized by a sensation of marked discomfort in the vagina.,Record final diagnosis/cause once determined.,265
Vaginal perforation,Reproductive system and breast disorders,CTCAE v6.0,,-,Invasive intervention not indicated,Invasive intervention indicated,Life-threatening consequences; urgent intervention indicated,Death,A disorder characterized by a rupture in the vaginal wall.,-,265
Vaginal stricture,Reproductive system and breast disorders,CTCAE v6.0,,Asymptomatic; mild vaginal shortening or narrowing,Vaginal narrowing and/or shortening not interfering with physical examination,"Vaginal narrowing and/or shortening interfering with the use of tampons, sexual activity or physical examination",-,Death,A disorder characterized by a narrowing of the vaginal canal.,-,266
Adult respiratory distress syndrome,"Respiratory, thoracic and mediastinal disorders",CTCAE v6.0,,-,-,Present with radiologic findings; intubation not indicated,Life-threatening respiratory or hemodynamic compromise; intubation or urgent intervention indicated,Death,"A disorder characterized by progressive and life-threatening pulmonary distress in the absence of an underlying pulmonary condition, usually following major trauma or surgery.","Consider Respiratory, thoracic and mediastinal disorders: Pneumonitis.",267
Allergic rhinitis,"Respiratory, thoracic and mediastinal disorders",CTCAE v6.0,,Mild symptoms; intervention not indicated,Moderate symptoms; medical intervention indicated,-,-,-,"A disorder characterized by an inflammation of the nasal mucous membranes caused by an IgE-mediated response to external allergens. The inflammation may also involve the mucous membranes of the sinuses, eyes, middle ear, and pharynx. Symptoms include sneezing, nasal congestion, rhinorrhea and itching.",-,267
Aphonia,"Respiratory, thoracic and mediastinal disorders",CTCAE v6.0,,-,-,Voicelessness; unable to speak,-,-,A disorder characterized by the inability to speak. It may result from injuries to the vocal cords or may be functional (psychogenic).,-,267
Apnea,"Respiratory, thoracic and mediastinal disorders",CTCAE v6.0,,-,-,Present; medical intervention indicated,Life-threatening respiratory or hemodynamic compromise; intubation or urgent intervention indicated,Death,A disorder characterized by cessation of breathing.,-,268
Aspiration,"Respiratory, thoracic and mediastinal disorders",CTCAE v6.0,,Clinical or diagnostic observations only; intervention not indicated,"Altered eating habits; coughing or choking episodes after eating or swallowing; medical intervention indicated (e.g., suction or oxygen)","Dyspnea and pneumonia symptoms (e.g., aspiration pneumonia); hospitalization indicated; unable to aliment orally",Life-threatening respiratory or hemodynamic compromise; intubation or urgent intervention indicated,Death,A disorder characterized by inhalation of solids or liquids into the lungs.,-,268
Atelectasis,"Respiratory, thoracic and mediastinal disorders",CTCAE v6.0,,Asymptomatic; clinical or diagnostic observations only; intervention not indicated,"Symptomatic (e.g., dyspnea, cough); medical intervention indicated (e.g., chest physiotherapy, suctioning); bronchoscopic suctioning","Supplemental oxygen indicated; hospitalization or elective operative intervention indicated (e.g., stent, laser)",Life-threatening respiratory or hemodynamic compromise; intubation or urgent intervention indicated,Death,A disorder characterized by the collapse of part or the entire lung.,-,268
Bronchial fistula,"Respiratory, thoracic and mediastinal disorders",CTCAE v6.0,,Asymptomatic,"Symptomatic, invasive intervention not indicated",Invasive intervention indicated,Life-threatening consequences; urgent intervention indicated,Death,A disorder characterized by an abnormal communication between the bronchus and another organ or anatomic site.,-,269
Bronchial obstruction,"Respiratory, thoracic and mediastinal disorders",CTCAE v6.0,,Asymptomatic; clinical or diagnostic observations only; intervention not indicated,"Symptomatic (e.g., mild wheezing); endoscopic evaluation indicated; radiographic evidence of atelectasis/lobar collapse; medical management indicated (e.g., steroids, bronchodilators)","Shortness of breath with stridor; endoscopic intervention indicated (e.g., laser, stent placement)",Life-threatening respiratory or hemodynamic compromise; intubation or urgent intervention indicated,Death,"A disorder characterized by blockage of a bronchus passage, most often by bronchial secretions and exudates.",-,269
Bronchial stricture,"Respiratory, thoracic and mediastinal disorders",CTCAE v6.0,,Asymptomatic; clinical or diagnostic observations only; intervention not indicated,"Symptomatic (e.g., rhonchi or wheezing) but without respiratory distress; medical intervention indicated (e.g., steroids, bronchodilators)","Shortness of breath with stridor; endoscopic intervention indicated (e.g., laser, stent placement)",Life-threatening respiratory or hemodynamic compromise; intubation or urgent intervention indicated,Death,A disorder characterized by a narrowing of the bronchial tube.,-,269
Bronchopleural fistula,"Respiratory, thoracic and mediastinal disorders",CTCAE v6.0,,Asymptomatic,"Symptomatic, invasive intervention not indicated",Hospitalization; invasive intervention indicated,Life-threatening consequences; urgent intervention indicated,Death,A disorder characterized by an abnormal communication between a bronchus and the pleural cavity.,-,270
Bronchopulmonary hemorrhage,"Respiratory, thoracic and mediastinal disorders",CTCAE v6.0,,Mild symptoms; intervention not indicated,Moderate symptoms; invasive intervention not indicated,Hospitalization,Life-threatening consequences; intubation or urgent intervention indicated,Death,A disorder characterized by bleeding from the bronchial wall and/or lung parenchyma.,-,270
Bronchospasm,"Respiratory, thoracic and mediastinal disorders",CTCAE v6.0,,Mild symptoms; intervention not indicated,Symptomatic; medical intervention indicated; limiting instrumental ADL or mild/moderate impact on age-appropriate normal daily activity (pediatric),Supplemental oxygen indicated; limiting self-care ADL or severe impact on age-appropriate normal daily activity (pediatric),Life-threatening respiratory or hemodynamic compromise; intubation or urgent intervention indicated,Death,A disorder characterized by a sudden contraction of the smooth muscles of the bronchial wall or narrowing of the airway. May be manifested as wheezing.,-,270
Chylothorax,"Respiratory, thoracic and mediastinal disorders",CTCAE v6.0,,Asymptomatic; clinical or diagnostic observations only; intervention not indicated,"Symptomatic; medical intervention indicated (e.g., fat-restricted diet); thoracentesis or tube drainage indicated",Severe symptoms; elective operative intervention indicated,Life-threatening respiratory or hemodynamic compromise; intubation or urgent intervention indicated,Death,A disorder characterized by milky pleural effusion (abnormal collection of fluid) resulting from accumulation of lymph fluid in the pleural cavity.,-,271
Cough,"Respiratory, thoracic and mediastinal disorders",CTCAE v6.0,,Mild symptoms; nonprescription intervention indicated,"Moderate symptoms, medical intervention indicated; limiting instrumental ADL or mild/moderate impact on age-appropriate normal daily activity (pediatric)",Severe symptoms; limiting self-care ADL or severe impact on age-appropriate normal daily activity (pediatric),-,-,"A disorder characterized by sudden, often repetitive, spasmodic contraction of the thoracic cavity, resulting in violent release of air from the lungs and usually accompanied by a distinctive sound.",Record final diagnosis/cause once determined.,271
Dyspnea,"Respiratory, thoracic and mediastinal disorders",CTCAE v6.0,,Shortness of breath with moderate exertion,Shortness of breath with minimal exertion; limiting instrumental ADL or mild/moderate impact on age-appropriate normal daily activity (pediatric),Shortness of breath at rest; limiting self-care ADL or severe impact on age-appropriate normal daily activity (pediatric),Life-threatening consequences; urgent intervention indicated,Death,A disorder characterized by an uncomfortable sensation of difficulty breathing.,Consider Cardiac disorders: Heart failure; Record final diagnosis/cause once determined.,272
Epistaxis,"Respiratory, thoracic and mediastinal disorders",CTCAE v6.0,,Mild symptoms; intervention not indicated,"Moderate symptoms; medical intervention indicated (e.g., nasal packing, cauterization; topical vasoconstrictors)","Transfusion; invasive intervention indicated (e.g., hemostasis of bleeding site)",Life-threatening consequences; urgent intervention indicated,Death,A disorder characterized by bleeding from the nose.,-,272
Hiccups,"Respiratory, thoracic and mediastinal disorders",CTCAE v6.0,,Mild symptoms; intervention not indicated,Moderate symptoms; medical intervention indicated; limiting instrumental ADL or mild/moderate impact on age-appropriate normal daily activity (pediatric),Severe symptoms; interfering with sleep; limiting self-care ADL or severe impact on age-appropriate normal daily activity (pediatric),-,-,A disorder characterized by repeated gulp sounds that result from an involuntary opening and closing of the glottis. This is attributed to a spasm of the diaphragm.,-,272
Hoarseness,"Respiratory, thoracic and mediastinal disorders",CTCAE v6.0,,Mild or intermittent voice change; fully understandable; self-resolves,Moderate or persistent voice changes; may require occasional repetition but understandable on telephone; medical evaluation indicated,Severe voice changes including predominantly whispered speech,-,-,A disorder characterized by harsh and raspy voice arising from or spreading to the larynx.,-,273
Hypoxia,"Respiratory, thoracic and mediastinal disorders",CTCAE v6.0,,Asymptomatic decrease in oxygen saturation <LLN,"Decreased oxygen saturation with exercise (e.g., pulse oximeter <88%); intermittent supplemental oxygen","Decreased oxygen saturation at rest (e.g., pulse oximeter <88% or PaO2 ≤55 mmHg); continuous supplemental oxygen","Life-threatening airway compromise; urgent intervention indicated (e.g., tracheotomy or intubation)",Death,A disorder characterized by a decrease in the level of oxygen in the body.,"Consider Respiratory, thoracic and mediastinal disorders: Dyspnea, Pneumonitis; Record final diagnosis/cause once determined.",273
Laryngeal edema,"Respiratory, thoracic and mediastinal disorders",CTCAE v6.0,,Asymptomatic; clinical or diagnostic observations only; intervention not indicated,"Symptomatic; medical intervention indicated (e.g., dexamethasone, epinephrine, antihistamines)",Stridor; respiratory distress; hospitalization indicated,"Life-threatening airway compromise; urgent intervention indicated (e.g., tracheotomy or intubation)",Death,A disorder characterized by swelling due to an excessive accumulation of fluid in the larynx.,Record final diagnosis/cause once determined.,273
Laryngeal fistula,"Respiratory, thoracic and mediastinal disorders",CTCAE v6.0,,Asymptomatic,"Symptomatic, invasive intervention not indicated",Invasive intervention indicated,Life-threatening consequences; urgent intervention indicated,Death,A disorder characterized by an abnormal communication between the larynx and another organ or anatomic site.,-,274
Laryngeal hemorrhage,"Respiratory, thoracic and mediastinal disorders",CTCAE v6.0,,Mild cough or trace hemoptysis; laryngoscopic findings,Moderate symptoms; intervention indicated,Hospitalization,"Life-threatening consequences; urgent intervention indicated (e.g., tracheotomy or intubation)",Death,A disorder characterized by bleeding from the larynx.,-,274
Laryngeal inflammation,"Respiratory, thoracic and mediastinal disorders",CTCAE v6.0,,Mild sore throat; raspy voice,Moderate sore throat; analgesics indicated,Severe throat pain; endoscopic intervention indicated,-,-,A disorder characterized by an inflammation involving the larynx.,-,274
Laryngeal mucositis,"Respiratory, thoracic and mediastinal disorders",CTCAE v6.0,,Endoscopic findings only; mild discomfort with normal intake,"Moderate pain, analgesics indicated; altered oral intake; limiting instrumental ADL or mild/moderate impact on age-appropriate normal daily activity (pediatric)",Severe pain; severely altered eating/swallowing; medical intervention indicated,"Life-threatening airway compromise; urgent intervention indicated (e.g., tracheotomy or intubation)",Death,A disorder characterized by ulceration or inflammation involving the mucous membrane of the larynx.,-,275
Laryngeal obstruction,"Respiratory, thoracic and mediastinal disorders",CTCAE v6.0,,Asymptomatic; clinical or diagnostic observations only; intervention not indicated,"Symptomatic (e.g., noisy airway breathing), no respiratory distress; medical intervention indicated (e.g., steroids); limiting instrumental ADL or mild/moderate impact on age-appropriate normal daily activity (pediatric)","Stridor; endoscopic intervention indicated (e.g., stent, laser); limiting self-care ADL or severe impact on age-appropriate normal daily activity (pediatric)",Life-threatening consequences; urgent intervention indicated,Death,A disorder characterized by blockage of the laryngeal airway.,-,275
Laryngeal stenosis,"Respiratory, thoracic and mediastinal disorders",CTCAE v6.0,,Asymptomatic; clinical or diagnostic observations only; intervention not indicated,"Symptomatic (e.g., noisy airway breathing), no respiratory distress; medical intervention indicated (e.g., steroids); limiting instrumental ADL or mild/moderate impact on age-appropriate normal daily activity (pediatric)","Stridor; endoscopic intervention indicated (e.g., stent, laser); limiting self-care ADL or severe impact on age-appropriate normal daily activity (pediatric)",Life-threatening consequences; urgent intervention indicated,Death,A disorder characterized by a narrowing of the laryngeal airway.,-,276
Laryngopharyngeal dysesthesia,"Respiratory, thoracic and mediastinal disorders",CTCAE v6.0,,Mild symptoms; no anxiety; intervention not indicated,"Moderate symptoms; mild anxiety, but no dyspnea; short duration of observation and/or anxiolytic indicated; limiting instrumental ADL or mild/moderate impact on age-appropriate normal daily activity (pediatric)",Severe symptoms; dyspnea and swallowing difficulty; limiting self-care ADL or severe impact on age-appropriate normal daily activity (pediatric),Life-threatening consequences,Death,A disorder characterized by an uncomfortable persistent sensation in the area of the laryngopharynx.,-,276
Laryngospasm,"Respiratory, thoracic and mediastinal disorders",CTCAE v6.0,,-,Transient episode; intervention not indicated,"Recurrent episodes; noninvasive intervention indicated (e.g., breathing technique, pressure point massage)","Persistent or severe episodes associated with syncope; urgent intervention indicated (e.g., fiberoptic laryngoscopy, intubation, botox injection)",Death,A disorder characterized by paroxysmal spasmodic muscular contraction of the vocal cords.,-,277
Mediastinal hemorrhage,"Respiratory, thoracic and mediastinal disorders",CTCAE v6.0,,Mild symptoms; intervention not indicated; radiologic evidence only,Moderate symptoms; intervention indicated,Hospitalization,Life-threatening consequences; urgent intervention indicated,Death,A disorder characterized by bleeding from the mediastinum.,-,277
Nasal congestion,"Respiratory, thoracic and mediastinal disorders",CTCAE v6.0,,Mild symptoms; intervention not indicated,Moderate symptoms; medical intervention indicated,Associated with bloody nasal discharge or epistaxis,-,-,A disorder characterized by obstruction of the nasal passage due to mucosal edema.,-,277
Oropharyngeal pain,"Respiratory, thoracic and mediastinal disorders",CTCAE v6.0,,Mild pain,Moderate pain; altered oral intake; non-narcotics initiated; topical analgesics initiated,Severe pain; severely altered eating/swallowing; narcotics initiated; requires parenteral nutrition,-,-,A disorder characterized by a sensation of marked discomfort in the oropharynx or pain on swallowing.,Record final diagnosis/cause once determined.,278
Pharyngeal fistula,"Respiratory, thoracic and mediastinal disorders",CTCAE v6.0,,Asymptomatic,"Symptomatic, invasive intervention not indicated",Invasive intervention indicated,Life-threatening consequences; urgent intervention indicated,Death,A disorder characterized by an abnormal communication between the pharynx and another organ or anatomic site.,-,278
Pharyngeal hemorrhage,"Respiratory, thoracic and mediastinal disorders",CTCAE v6.0,,Mild symptoms; intervention not indicated,Moderate symptoms; intervention indicated,Hospitalization,Life-threatening consequences; intubation or urgent intervention indicated,Death,A disorder characterized by bleeding from the pharynx.,-,278
Pharyngeal mucositis,"Respiratory, thoracic and mediastinal disorders",CTCAE v6.0,,Endoscopic findings only; minimal symptoms with normal oral intake; mild pain but analgesics not indicated,"Moderate pain, analgesics indicated; altered oral intake; limiting instrumental ADL or mild/moderate impact on age-appropriate normal daily activity (pediatric)",Severe pain; unable to adequately aliment or hydrate orally; limiting self-care ADL or severe impact on age-appropriate normal daily activity (pediatric),Life-threatening consequences; urgent intervention indicated,Death,A disorder characterized by ulceration or inflammation involving the mucous membrane of the pharynx.,-,279
Pharyngeal necrosis,"Respiratory, thoracic and mediastinal disorders",CTCAE v6.0,,-,-,Inability to aliment adequately by GI tract; invasive intervention indicated; tube feeding or TPN indicated,Life-threatening consequences; urgent operative intervention indicated,Death,A disorder characterized by a necrotic process occurring in the pharynx.,-,279
Pharyngeal stenosis,"Respiratory, thoracic and mediastinal disorders",CTCAE v6.0,,Asymptomatic; clinical or diagnostic observations only; intervention not indicated,"Symptomatic (e.g., noisy airway breathing), no respiratory distress; medical intervention indicated (e.g., steroids); limiting instrumental ADL or mild/moderate impact on age-appropriate normal daily activity (pediatric)","Stridor; endoscopic intervention indicated (e.g., stent, laser); limiting self-care ADL or severe impact on age-appropriate normal daily activity (pediatric)","Life-threatening airway compromise; urgent intervention indicated (e.g., tracheotomy or intubation)",Death,A disorder characterized by a narrowing of the pharyngeal airway.,-,280
Pharyngolaryngeal pain,"Respiratory, thoracic and mediastinal disorders",CTCAE v6.0,,Mild pain,Moderate pain; limiting instrumental ADL or mild/moderate impact on age-appropriate normal daily activity (pediatric),Severe pain; limiting self-care ADL or severe impact on age-appropriate normal daily activity (pediatric),-,-,A disorder characterized by a sensation of marked discomfort in the pharyngolaryngeal region.,Record final diagnosis/cause once determined.,280
Pleural effusion,"Respiratory, thoracic and mediastinal disorders",CTCAE v6.0,,Asymptomatic; clinical or diagnostic observations only; intervention not indicated,"Symptomatic; intervention indicated (e.g., diuretics or therapeutic thoracentesis)",Symptomatic with respiratory distress and hypoxia; operative intervention including chest tube or pleurodesis indicated,Life-threatening respiratory or hemodynamic compromise; intubation or urgent intervention indicated,Death,"A disorder characterized by an increase in amounts of fluid within the pleural cavity. Symptoms include shortness of breath, cough and marked chest discomfort.",Record final diagnosis/cause once determined.,281
Pleural hemorrhage,"Respiratory, thoracic and mediastinal disorders",CTCAE v6.0,,Asymptomatic; mild hemorrhage confirmed by thoracentesis,Symptomatic or associated with pneumothorax; chest tube drainage indicated,>1000 ml of blood evacuated; persistent bleeding (150-200 ml/hr for 2 - 4 hr); persistent transfusion indicated; elective operative intervention indicated; hospitalization,Life-threatening consequences; intubation or urgent intervention indicated,Death,A disorder characterized by bleeding from the pleural cavity.,-,281
Pleuritic pain,"Respiratory, thoracic and mediastinal disorders",CTCAE v6.0,,Mild pain,Moderate pain; limiting instrumental ADL or mild/moderate impact on age-appropriate normal daily activity (pediatric),Severe pain; limiting self-care ADL or severe impact on age-appropriate normal daily activity (pediatric),-,-,A disorder characterized by a sensation of marked discomfort in the pleura.,Record final diagnosis/cause once determined.,281
Pneumonitis,"Respiratory, thoracic and mediastinal disorders",CTCAE v6.0,,Asymptomatic; clinical or diagnostic observations only; intervention not indicated,Symptomatic; medical intervention indicated; limiting instrumental ADL or mild/moderate impact on age-appropriate normal daily activity (pediatric),Severe symptoms; oxygen indicated; limiting self-care ADL or severe impact on age-appropriate normal daily activity (pediatric),"Life-threatening respiratory compromise; urgent intervention indicated (e.g., tracheotomy or intubation)",Death,A disorder characterized by inflammation focally or diffusely affecting the lung parenchyma.,-,282
Pneumothorax,"Respiratory, thoracic and mediastinal disorders",CTCAE v6.0,,Asymptomatic; clinical or diagnostic observations only; intervention not indicated,Symptomatic; intervention indicated,Sclerosis and/or operative intervention indicated; hospitalization indicated,Life-threatening consequences; urgent intervention indicated,Death,A disorder characterized by abnormal presence of air in the pleural cavity resulting in the collapse of the lung.,-,282
Postnasal drip,"Respiratory, thoracic and mediastinal disorders",CTCAE v6.0,,Mild symptoms; intervention not indicated,Moderate symptoms; medical intervention indicated,-,-,-,"A disorder characterized by excessive mucous secretion in the back of the nasal cavity or throat, causing sore throat and/or coughing.",-,282
Productive cough,"Respiratory, thoracic and mediastinal disorders",CTCAE v6.0,,Occasional/minimal production of sputum with cough,Moderate sputum production; limiting instrumental ADL or mild/moderate impact on age-appropriate normal daily activity (pediatric),Persistent or copious production of sputum; limiting self-care ADL or severe impact on age-appropriate normal daily activity (pediatric),-,-,A disorder characterized by expectorated secretions upon coughing.,Record final diagnosis/cause once determined.,283
Pulmonary edema,"Respiratory, thoracic and mediastinal disorders",CTCAE v6.0,,Radiologic findings only; minimal dyspnea on exertion,Moderate dyspnea on exertion; medical intervention indicated; limiting instrumental ADL or mild/moderate impact on age-appropriate normal daily activity (pediatric),Severe dyspnea or dyspnea at rest; oxygen indicated; limiting self-care ADL or severe impact on age-appropriate normal daily activity (pediatric),Life-threatening respiratory compromise; urgent intervention or intubation with ventilatory support indicated,Death,A disorder characterized by accumulation of fluid in the lung tissues that causes a disturbance of the gas exchange that may lead to respiratory failure.,"Unless there is a clear non-cardiac cause, please record this event as Cardiac disorders: Heart failure. Record final diagnosis/cause once determined.",283
Pulmonary fibrosis,"Respiratory, thoracic and mediastinal disorders",CTCAE v6.0,,Radiologic pulmonary fibrosis <25% of lung volume associated with hypoxia,Evidence of pulmonary hypertension; radiographic pulmonary fibrosis 25 - 50% associated with hypoxia,Severe hypoxia; evidence of right-sided heart failure; radiographic pulmonary fibrosis >50 - 75%,"Life-threatening consequences (e.g., hemodynamic/pulmonary complications); intubation with ventilatory support indicated; radiographic pulmonary fibrosis >75% with severe honeycombing",Death,"A disorder characterized by the replacement of the lung tissue by connective tissue, leading to progressive dyspnea, respiratory failure or right heart failure.",-,284
Pulmonary fistula,"Respiratory, thoracic and mediastinal disorders",CTCAE v6.0,,Asymptomatic,"Symptomatic, invasive intervention not indicated",Invasive intervention indicated,Life-threatening consequences; urgent intervention indicated,Death,A disorder characterized by an abnormal communication between the lung and another organ or anatomic site.,-,284
Pulmonary hypertension,"Respiratory, thoracic and mediastinal disorders",CTCAE v6.0,,"Asymptomatic; radiographic, physical, or diagnostic findings",Symptomatic; requiring medical intervention,"Severe symptoms, associated with hypoxia, right heart failure; oxygen indicated","Life-threatening airway consequences; urgent intervention indicated (e.g., tracheotomy or intubation)",Death,A disorder characterized by an increase in pressure within the pulmonary circulation due to lung or heart disorder.,-,284
Respiratory failure,"Respiratory, thoracic and mediastinal disorders",CTCAE v6.0,,-,-,-,"Life-threatening consequences; urgent intervention, intubation, or ventilatory support indicated",Death,A disorder characterized by impaired gas exchange by the respiratory system resulting in hypoxia and a decrease in oxygenation of the tissues that may be associated with an increase in arterial levels of carbon dioxide.,"Consider Respiratory, thoracic and mediastinal disorders: Pneumonitis.",285
"Respiratory, thoracic and mediastinal disorders - Other, specify","Respiratory, thoracic and mediastinal disorders",CTCAE v6.0,,Asymptomatic or mild symptoms; clinical or diagnostic observations only; intervention not indicated,"Moderate; minimal, local or noninvasive intervention indicated; limiting instrumental ADL or mild/moderate impact on age-appropriate normal daily activity (pediatric)",Severe or medically significant but not immediately life-threatening; hospitalization or prolongation of existing hospitalization indicated; limiting self-care ADL or severe impact on age-appropriate normal daily activity (pediatric),Life-threatening consequences; urgent intervention indicated,Death,-,-,285
Rhinorrhea,"Respiratory, thoracic and mediastinal disorders",CTCAE v6.0,,Present,-,-,-,-,A disorder characterized by excessive mucous secretions draining from the nose.,-,285
Sinus disorder,"Respiratory, thoracic and mediastinal disorders",CTCAE v6.0,,Asymptomatic mucosal crusting; blood-tinged secretions,Symptomatic stenosis or edema/narrowing interfering with airflow; limiting instrumental ADL or mild/moderate impact on age-appropriate normal daily activity (pediatric),Stenosis with significant nasal obstruction; limiting self-care ADL or severe impact on age-appropriate normal daily activity (pediatric),Necrosis of soft tissue or bone; urgent operative intervention indicated,Death,A disorder characterized by involvement of the paranasal sinuses.,-,286
Sinus pain,"Respiratory, thoracic and mediastinal disorders",CTCAE v6.0,,Mild pain,Moderate pain; limiting instrumental ADL or mild/moderate impact on age-appropriate normal daily activity (pediatric),Severe pain; limiting self-care ADL or severe impact on age-appropriate normal daily activity (pediatric),-,-,"A disorder characterized by a sensation of marked discomfort in the face, between the eyes, or upper teeth originating from the sinuses.",Record final diagnosis/cause once determined.,286
Sleep apnea,"Respiratory, thoracic and mediastinal disorders",CTCAE v6.0,,Snoring and nocturnal sleep arousal without apneic periods,Moderate apnea and oxygen desaturation; excessive daytime sleepiness; medical evaluation indicated; limiting instrumental ADL or mild/moderate impact on age-appropriate normal daily activity (pediatric),Oxygen desaturation; associated with pulmonary hypertension; medical intervention indicated; limiting self-care ADL or severe impact on age-appropriate normal daily activity (pediatric),Cardiovascular or neuropsychiatric symptoms; urgent operative intervention indicated,Death,A disorder characterized by cessation of breathing for short periods during sleep.,-,287
Sneezing,"Respiratory, thoracic and mediastinal disorders",CTCAE v6.0,,Mild symptoms; intervention not indicated,Moderate symptoms; medical intervention indicated,-,-,-,A disorder characterized by the involuntary expulsion of air from the nose.,-,287
Sore throat,"Respiratory, thoracic and mediastinal disorders",CTCAE v6.0,,Mild pain,Moderate pain; limiting instrumental ADL or mild/moderate impact on age-appropriate normal daily activity (pediatric),Severe pain; limiting ability to swallow; limiting self-care ADL or severe impact on age-appropriate normal daily activity (pediatric),-,-,A disorder characterized by marked discomfort in the throat.,-,287
Stridor,"Respiratory, thoracic and mediastinal disorders",CTCAE v6.0,,-,-,Respiratory distress; medical intervention indicated; limiting self-care ADL or severe impact on age-appropriate normal daily activity (pediatric),"Life-threatening airway compromise; urgent intervention indicated (e.g., tracheotomy or intubation)",Death,A disorder characterized by a high pitched breathing sound due to laryngeal or upper airway obstruction.,-,288
Tracheal fistula,"Respiratory, thoracic and mediastinal disorders",CTCAE v6.0,,Asymptomatic,"Symptomatic, invasive intervention not indicated",Invasive intervention indicated,Life-threatening consequences; urgent intervention indicated,Death,A disorder characterized by an abnormal communication between the trachea and another organ or anatomic site.,-,288
Tracheal mucositis,"Respiratory, thoracic and mediastinal disorders",CTCAE v6.0,,"Endoscopic findings only; minimal hemoptysis, pain, or respiratory symptoms",Moderate symptoms; medical intervention indicated; limiting instrumental ADL or mild/moderate impact on age-appropriate normal daily activity (pediatric),Severe pain; hemorrhage or respiratory symptoms; limiting self-care ADL or severe impact on age-appropriate normal daily activity (pediatric),Life-threatening consequences; urgent intervention indicated,Death,A disorder characterized by an inflammation or ulceration involving the mucous membrane of the trachea.,-,288
Tracheal stenosis,"Respiratory, thoracic and mediastinal disorders",CTCAE v6.0,,Asymptomatic; clinical or diagnostic observations only; intervention not indicated,"Symptomatic (e.g., noisy airway breathing), no respiratory distress; medical intervention indicated (e.g., steroids); limiting instrumental ADL or mild/moderate impact on age-appropriate normal daily activity (pediatric)","Stridor or respiratory distress; invasive intervention indicated (e.g., stent, laser); limiting self-care ADL or severe impact on age-appropriate normal daily activity (pediatric)","Life-threatening airway compromise; urgent intervention indicated (e.g., tracheotomy or intubation)",Death,A disorder characterized by a narrowing of the trachea.,-,289
Voice alteration,"Respiratory, thoracic and mediastinal disorders",CTCAE v6.0,,Mild or intermittent change from normal voice,Moderate or persistent change from normal voice; still understandable,Severe voice changes including predominantly whispered speech; may require frequent repetition or face-to-face contact for understandability; may require assistive technology,-,-,A disorder characterized by a change in the sound and/or speed of the voice.,-,289
Alopecia,Skin and subcutaneous tissue disorders,CTCAE v6.0,,Hair loss of <50% of normal for that individual that is not obvious from a distance but only on close inspection; a different hair style may be required to cover the hair loss but it does not require a wig or hair piece to camouflage,Hair loss of ≥50% normal for that individual that is readily apparent to others; a wig or hair piece is necessary if the patient desires to completely camouflage the hair loss; associated with psychosocial impact,-,-,-,A disorder characterized by a decrease in density of hair compared to normal for a given individual at a given age and body location.,-,290
Body odor,Skin and subcutaneous tissue disorders,CTCAE v6.0,,Mild odor; physician intervention not indicated; self care interventions,Pronounced odor; psychosocial impact; patient seeks medical intervention,-,-,-,A disorder characterized by an abnormal body smell resulting from the growth of bacteria on the body.,-,290
Dermatitis psoriasiform,Skin and subcutaneous tissue disorders,CTCAE v6.0,,Present; topical intervention indicated,oral intervention indicated,IV intervention indicated,-,-,"A disorder characterized by large, red, rounded plaques covered with thicker scales.",-,290
Dermatosis bullous,Skin and subcutaneous tissue disorders,CTCAE v6.0,,Asymptomatic,Painful blisters; limiting instrumental ADL or mild/moderate impact on age-appropriate normal daily activity (pediatric),Blisters covering >50% BSA; limiting self-care ADL or severe impact on age-appropriate normal daily activity (pediatric),Blisters covering >75% BSA; associated with fluid or electrolyte abnormalities; ICU care or burn unit indicated,Death,A disorder characterized by inflammation of the skin characterized by the presence of bullae which are filled with fluid.,"If infectious, consider Infections and infestations: Rash pustular or other site-specific Infections and infestations term.",291
Dry skin,Skin and subcutaneous tissue disorders,CTCAE v6.0,,No associated erythema or pruritus,Associated with erythema or pruritus; limiting instrumental ADL or mild/moderate impact on age-appropriate normal daily activity (pediatric),-,-,-,"A disorder characterized by flaky and dull skin; the pores are generally fine, the texture is a papery thin texture.",-,291
Eczematous dermatitis,Skin and subcutaneous tissue disorders,CTCAE v6.0,,Present; topical intervention indicated,Oral intervention indicated,IV intervention indicated,-,-,"A disorder characterized by dry and itchy patches of skin involving the epidermis and superficial dermis and includes some scaling, crusting, or serous oozing.",-,291
Erythema multiforme,Skin and subcutaneous tissue disorders,CTCAE v6.0,,Not associated with skin tenderness,Associated with skin tenderness,Associated with oral or genital erosions,Associated with fluid or electrolyte abnormalities; ICU care or burn unit indicated,Death,A disorder characterized by target lesions (a pink-red ring around a pale center).,-,292
Erythroderma,Skin and subcutaneous tissue disorders,CTCAE v6.0,,-,Erythema covering >90% BSA without associated symptoms; limiting instrumental ADL or mild/moderate impact on age-appropriate normal daily activity (pediatric),"Erythema covering >90% BSA with associated symptoms (e.g., pruritus or tenderness); limiting self-care ADL or severe impact on age-appropriate normal daily activity (pediatric)",Erythema covering >90% BSA with associated fluid or electrolyte abnormalities; ICU care or burn unit indicated,Death,A disorder characterized by generalized inflammatory erythema and exfoliation. The inflammatory process involves >90% of the body surface area.,-,292
Exfoliative dermatitis,Skin and subcutaneous tissue disorders,CTCAE v6.0,,Present; topical intervention indicated,oral intervention indicated,IV intervention indicated,Life-threatening consequences,Death,A disorder characterized by diffuse erythema and scaling involving > 90% of the body surface area.,-,292
Hair color changes,Skin and subcutaneous tissue disorders,CTCAE v6.0,,Present,-,-,-,-,A disorder characterized by change in hair color or loss of normal pigmentation.,-,292
Hair texture abnormal,Skin and subcutaneous tissue disorders,CTCAE v6.0,,Present,-,-,-,-,A disorder characterized by a change in the way the hair feels.,-,293
Hirsutism,Skin and subcutaneous tissue disorders,CTCAE v6.0,,"In women, increase in length, thickness or density of hair in a male distribution that the patient is able to camouflage by periodic shaving, bleaching, or removal of hair","In women, increase in length, thickness or density of hair in a male distribution that requires daily shaving or consistent destructive means of hair removal to camouflage; associated with psychosocial impact",-,-,-,"A disorder characterized by the presence of excess hair growth in women in anatomic sites where growth is considered to be a secondary male characteristic and under androgen control (beard, moustache, chest, abdomen).",-,293
Hyperhidrosis,Skin and subcutaneous tissue disorders,CTCAE v6.0,,"Limited to one site (palms, soles, or axillae); self care interventions",Involving >1 site; patient seeks medical intervention; associated with psychosocial impact,Associated with electrolyte/hemodynamic imbalance,-,-,A disorder characterized by excessive sweating.,"Synonym: Night sweats, diaphoresis.",293
Hyperkeratosis,Skin and subcutaneous tissue disorders,CTCAE v6.0,,Present,-,Limiting self-care ADLs or severe impact on age-appropriate normal daily activity (pediatric),-,-,A disorder characterized by a thickening of the outer layer of the skin.,-,294
Hypertrichosis,Skin and subcutaneous tissue disorders,CTCAE v6.0,,"Increase in length, thickness or density of hair that the patient is either able to camouflage by periodic shaving or removal of hairs or is not concerned enough about the overgrowth to use any form of hair removal","Increase in length, thickness or density of hair at least on the usual exposed areas of the body [face (not limited to beard/moustache area) plus/minus arms] that requires frequent shaving or use of destructive means of hair removal to camouflage; associated with psychosocial impact",-,-,-,"A disorder characterized by hair density or length beyond the accepted limits of normal in a particular body region, for a particular age or race.",-,294
Hypohidrosis,Skin and subcutaneous tissue disorders,CTCAE v6.0,,-,Symptomatic; limiting instrumental ADL or mild/moderate impact on age-appropriate normal daily activity (pediatric),Increase in body temperature; limiting self-care ADL or severe impact on age-appropriate normal daily activity (pediatric),Life-threatening consequences; urgent intervention indicated,Death,A disorder characterized by reduced sweating.,-,295
Lichenoid dermatitis,Skin and subcutaneous tissue disorders,CTCAE v6.0,,Present; topical intervention indicated,oral intervention indicated,IV intervention indicated,-,-,"A disorder characterized by a symmetric eruption of flat-topped, red or purple papules on the trunk and extremities.",-,295
Nail changes,Skin and subcutaneous tissue disorders,CTCAE v6.0,,Present,-,-,-,-,A disorder characterized by a change in the nails.,-,295
Nail discoloration,Skin and subcutaneous tissue disorders,CTCAE v6.0,,Present,-,-,-,-,A disorder characterized by a change in the color of the nail plate.,-,295
Nail loss,Skin and subcutaneous tissue disorders,CTCAE v6.0,,Asymptomatic separation of the nail bed from the nail plate or nail loss,Symptomatic separation of the nail bed from the nail plate or nail loss; limiting instrumental ADL or mild/moderate impact on age-appropriate normal daily activity (pediatric),-,-,-,A disorder characterized by loss of all or a portion of the nail.,-,296
Nail ridging,Skin and subcutaneous tissue disorders,CTCAE v6.0,,Present,-,-,-,-,A disorder characterized by vertical or horizontal ridges on the nails.,-,296
Pain of skin,Skin and subcutaneous tissue disorders,CTCAE v6.0,,Mild pain,Moderate pain; limiting instrumental ADL or mild/moderate impact on age-appropriate normal daily activity (pediatric),Severe pain; limiting self-care ADL or severe impact on age-appropriate normal daily activity (pediatric),-,-,A disorder characterized by a sensation of marked discomfort in the skin.,Record final diagnosis/cause once determined.,296
Palmar-plantar erythrodysesthesia syndrome,Skin and subcutaneous tissue disorders,CTCAE v6.0,,"Minimal skin changes or dermatitis (e.g., erythema, edema, or hyperkeratosis) without pain","Skin changes (e.g., peeling, blisters, bleeding, fissures, edema, or hyperkeratosis) with pain; limiting instrumental ADL or mild/moderate impact on age-appropriate normal daily activity (pediatric)","Severe skin changes (e.g., peeling, blisters, bleeding, fissures, edema, or hyperkeratosis) with pain; limiting self-care ADL or severe impact on age-appropriate normal daily activity (pediatric)",-,-,"A disorder characterized by redness, marked discomfort, swelling, and tingling in the palms of the hands or the soles of the feet. Also known as Hand-Foot Syndrome.",-,297
Papulovesicular rash,Skin and subcutaneous tissue disorders,CTCAE v6.0,,Asymptomatic,Associated with psychosocial impact; mild symptoms,Covering >50% BSA; moderate or severe symptoms,Blisters covering >75% BSA; life-threatening consequences,Death,"A disorder characterized by an eruption consisting of papules (a small, raised pimple) and vesicles (a small fluid filled blister).",-,297
Photosensitivity,Skin and subcutaneous tissue disorders,CTCAE v6.0,,Painless erythema,Tender erythema,"Erythema with blistering; oral corticosteroid therapy indicated; pain control indicated (e.g., narcotics or NSAIDs)",Life-threatening consequences; urgent intervention indicated,Death,A disorder characterized by an increase in sensitivity of the skin to light.,-,297
Pruritus,Skin and subcutaneous tissue disorders,CTCAE v6.0,,Mild or localized; topical intervention indicated,"Widespread and intermittent; skin changes from scratching (e.g., edema, papulation, excoriations, lichenification, oozing/crusts); oral intervention indicated; limiting instrumental ADL or mild/moderate impact on age-appropriate normal daily activity (pediatric)",Widespread and constant; systemic corticosteroid or immunosuppressive therapy indicated; limiting sleep or self-care ADL or severe impact on age-appropriate normal daily activity (pediatric),-,-,A disorder characterized by an intense itching sensation.,-,298
Purpura,Skin and subcutaneous tissue disorders,CTCAE v6.0,,Combined area of lesions covering <10% BSA,Combined area of lesions covering 10 - 30% BSA,Combined area of lesions covering >30% BSA,-,-,A disorder characterized by hemorrhagic areas of the skin and mucous membrane. Newer lesions appear reddish in color. Older lesions are usually a darker purple color and eventually become a brownish-yellow color.,-,298
Pustular drug eruption,Skin and subcutaneous tissue disorders,CTCAE v6.0,,Asymptomatic,"Associated with psychosocial impact; oral antibiotics or steroid indicated; local intervention indicated (e.g., topical antibiotic, antifungal, or antiviral); limiting instrumental ADL or mild/moderate impact on age-appropriate normal daily activity (pediatric)",Severe symptoms; IV antibiotic or steroid indicated; limiting self-care ADL or severe impact on age-appropriate normal daily activity (pediatric),Life-threatening consequences,Death,"A disorder characterized by the development of nonfollicular, sterile pustules on an erythematous base.",-,299
Rash maculo-papular,Skin and subcutaneous tissue disorders,CTCAE v6.0,,Asymptomatic,Mild symptoms,Macules/papules covering >50% BSA; moderate or severe symptoms,Life-threatening consequences; urgent intervention indicated,Death,"A disorder characterized by the presence of macules (flat) and papules (elevated). Also known as morbilliform rash, it is one of the most common cutaneous adverse events, frequently affecting the upper trunk, spreading centripetally and associated with pruritis.",Consider Skin and subcutaneous tissue disorders: Pustular drug eruption.,299
Scalp pain,Skin and subcutaneous tissue disorders,CTCAE v6.0,,Mild pain,Moderate pain; limiting instrumental ADL or mild/moderate impact on age-appropriate normal daily activity (pediatric),Severe pain; limiting self-care ADL or severe impact on age-appropriate normal daily activity (pediatric),-,-,A disorder characterized by a sensation of marked discomfort in the skin covering the top and the back of the head.,Record final diagnosis/cause once determined.,299
"Skin and subcutaneous tissue disorders - Other, specify",Skin and subcutaneous tissue disorders,CTCAE v6.0,,Asymptomatic or mild symptoms; clinical or diagnostic observations only; intervention not indicated,"Moderate; minimal, local or noninvasive intervention indicated; limiting instrumental ADL or mild/moderate impact on age-appropriate normal daily activity (pediatric)",Severe or medically significant but not immediately life-threatening; hospitalization or prolongation of existing hospitalization indicated; limiting self-care ADL or severe impact on age-appropriate normal daily activity (pediatric),Life-threatening consequences; urgent intervention indicated,Death,-,-,300
Skin atrophy,Skin and subcutaneous tissue disorders,CTCAE v6.0,,Associated with telangiectasias or changes in skin color,Associated with striae or adnexal structure loss,Associated with ulceration,-,-,A disorder characterized by the degeneration and thinning of the epidermis and dermis.,-,300
Skin hyperpigmentation,Skin and subcutaneous tissue disorders,CTCAE v6.0,,Present,Associated with psychosocial impact,-,-,-,A disorder characterized by darkening of the skin due to excessive melanin deposition.,-,300
Skin hypopigmentation,Skin and subcutaneous tissue disorders,CTCAE v6.0,,Present,Associated with psychosocial impact,-,-,-,"A disorder characterized by loss of skin pigment (e.g., vitiligo).",-,301
Skin induration,Skin and subcutaneous tissue disorders,CTCAE v6.0,,"Mild induration, able to move skin parallel to plane (sliding) and perpendicular to skin (pinching up)","Moderate induration, able to slide skin, unable to pinch skin; limiting instrumental ADL or mild/moderate impact on age-appropriate normal daily activity (pediatric)","Severe induration; unable to slide or pinch skin; limiting joint or orifice movement (e.g., mouth, anus); limiting self-care ADL or severe impact on age-appropriate normal daily activity (pediatric)",Generalized; associated with signs or symptoms of impaired breathing or feeding,Death,A disorder characterized by an area of hardness in the skin.,-,301
Skin ulceration,Skin and subcutaneous tissue disorders,CTCAE v6.0,,Combined area of ulcers <1 cm; nonblanchable erythema of intact skin with associated warmth or edema,Combined area of ulcers 1 - 2 cm; partial thickness skin loss involving skin or subcutaneous fat,Combined area of ulcers >2 cm; full-thickness skin loss involving damage to or necrosis of subcutaneous tissue that may extend down to fascia,"Any size ulcer with extensive destruction, tissue necrosis, or damage to muscle, bone, or supporting structures with or without full thickness skin loss",Death,"A disorder characterized by a circumscribed, erosive lesion on the skin.",-,301
Stevens-Johnson syndrome,Skin and subcutaneous tissue disorders,CTCAE v6.0,,-,-,Skin sloughing covering <10% BSA,Skin sloughing covering ≥10% BSA; life-threatening consequences,Death,A disorder characterized by less than 10% total body skin area separation of dermis. The syndrome is thought to be a hypersensitivity complex affecting the skin and the mucous membranes.,-,302
Subcutaneous emphysema,Skin and subcutaneous tissue disorders,CTCAE v6.0,,Asymptomatic or mild symptoms; clinical or diagnostic observations only; intervention not indicated,"Moderate; minimal, local or noninvasive intervention indicated",Severe or medically significant but not immediately life-threatening; hospitalization or prolongation of existing hospitalization indicated; limiting self-care ADL or severe impact on age-appropriate normal daily activity (pediatric),-,-,A disorder characterized by air in the subcutaneous tissue.,-,302
Telangiectasia,Skin and subcutaneous tissue disorders,CTCAE v6.0,,Present,Associated with psychosocial impact,-,-,-,A disorder characterized by local dilatation of small vessels resulting in red discoloration of the skin or mucous membranes.,-,302
Toxic epidermal necrolysis,Skin and subcutaneous tissue disorders,CTCAE v6.0,,-,-,-,"Skin sloughing covering ≥30% BSA with associated symptoms (e.g., erythema, purpura, or epidermal detachment); life-threatening consequences",Death,A disorder characterized by greater than 30% total body skin area separation of dermis. The syndrome is thought to be a hypersensitivity complex affecting the skin and the mucous membranes.,-,303
Urticaria,Skin and subcutaneous tissue disorders,CTCAE v6.0,,Topical intervention indicated Oral intervention indicated,-,IV intervention indicated,-,-,A disorder characterized by an itchy skin eruption characterized by wheals with pale interiors and well-defined red margins.,"Consider Immune system disorders: Allergic reaction, Anaphylaxis.",303
"Social circumstances - Other, specify",Social circumstances,CTCAE v6.0,,Asymptomatic or mild symptoms; clinical or diagnostic observations only; intervention not indicated,"Moderate; minimal, local or noninvasive intervention indicated; limiting instrumental ADL or mild/moderate impact on age-appropriate normal daily activity (pediatric)",Severe or medically significant but not immediately life-threatening; hospitalization or prolongation of existing hospitalization indicated; limiting self-care ADL or severe impact on age-appropriate normal daily activity (pediatric),Life-threatening consequences; urgent intervention indicated,Death,-,-,304
"Surgical and medical procedures - Other, specify",Surgical and medical procedures,CTCAE v6.0,,Asymptomatic or mild symptoms; clinical or diagnostic observations only; intervention not indicated,"Moderate; minimal, local or noninvasive intervention indicated; limiting instrumental ADL or mild/moderate impact on age-appropriate normal daily activity (pediatric)",Severe or medically significant but not immediately life-threatening; hospitalization or prolongation of existing hospitalization indicated; limiting self-care ADL or severe impact on age-appropriate normal daily activity (pediatric),Life-threatening consequences; urgent intervention indicated,Death,-,-,305
Arterial thromboembolism,Vascular disorders,CTCAE v6.0,,-,-,Urgent intervention indicated,Life-threatening consequences; hemodynamic or neurologic instability; organ damage; loss of extremity(ies),Death,A disorder characterized by occlusion of an arterial vessel by a blood clot that develops in an artery.,"Consider Nervous system disorders: Stroke, Transient ischemic attacks for CNS-related events or Cardiac disorders: Myocardial infarction.",306
Capillary leak syndrome,Vascular disorders,CTCAE v6.0,,Asymptomatic,Symptomatic; medical intervention indicated,Severe symptoms,Life-threatening consequences,Death,"A disorder characterized by leakage of intravascular fluids into the extravascular space. This syndrome is observed in patients who demonstrate a state of generalized leaky capillaries following shock syndromes, low-flow states, ischemia-reperfusion injuries, toxemias, medications, or poisoning. It can lead to generalized edema and multiple organ failure.",-,306
Cyanosis,Vascular disorders,CTCAE v6.0,,-,Present,-,-,-,A disorder characterized by a bluish discoloration of the skin and/or mucous membranes.,-,306
Flushing,Vascular disorders,CTCAE v6.0,,Mild symptoms; clinical or diagnostic observations only,Moderate symptoms; limiting instrumental ADL or mild/moderate impact on age-appropriate normal daily activity (pediatric),"Symptomatic, associated with hypotension and/or tachycardia; limiting self-care ADL or severe impact on age-appropriate normal daily activity (pediatric)",-,-,"A disorder characterized by episodic reddening of the skin, especially face, neck, or chest.",-,307
Hematoma,Vascular disorders,CTCAE v6.0,,Mild symptoms; intervention not indicated,Minimally invasive evacuation or aspiration indicated,Transfusion; invasive intervention indicated,Life-threatening consequences; urgent intervention indicated,Death,"A disorder characterized by a localized collection of blood, usually clotted, in an organ, space, or tissue, due to a break in the wall of a blood vessel.",Report subdural and epidural hematoma under Nervous system disorders: Intracranial hemorrhage.,307
Hot flashes,Vascular disorders,CTCAE v6.0,,Mild symptoms; intervention not indicated,Moderate symptoms; limiting instrumental ADL or mild/moderate impact on age-appropriate normal daily activity (pediatric),Severe symptoms; limiting self-care ADL or severe impact on age-appropriate normal daily activity (pediatric),-,-,"A disorder characterized by an uncomfortable and temporary sensation of intense body warmth, flushing, sometimes accompanied by sweating upon cooling.",-,307
Hypertension,Vascular disorders,CTCAE v6.0,,-,Adult: Systolic BP 140 - 159 mmHg or diastolic BP 90 - 99 mmHg; recurrent or persistent; Pediatric and adolescent: Recurrent or persistent (≥24 hrs) BP >ULN; monotherapy indicated; systolic and /or diastolic BP between the 95th percentile and 5 mmHg above the 99th percentile; Adolescent: Systolic between 130 - 139 or diastolic between 80 - 89 even if <95th percentile,Adult: Systolic BP 160 - 179 mmHg or diastolic BP 100 - 109 mmHg persisting over 1 hour; SBP >140 and plus either increase in SBP >20 mmHg or increase MAP >15 mmHg from baseline; Pediatric and adolescent: Systolic and/or diastolic >5 mmHg above the 99th percentile,"Adult and Pediatric: SBP≥180 or DBP ≥110 mmHg persisting over 1 hour; BP associated with acute hypertension mediated organ damage; life-threatening consequences (e.g., malignant hypertension, transient or permanent neurologic deficit, hypertensive crisis); urgent intervention indicated",Death,A disorder characterized by a pathological increase in blood pressure.,-,308
Hypotension,Vascular disorders,CTCAE v6.0,,"Asymptomatic, intervention not indicated",Non-urgent medical intervention indicated,Medical intervention indicated; hospitalization indicated,Life-threatening consequences and urgent intervention indicated,Death,A disorder characterized by a blood pressure that is below the normal expected for an individual in a given environment.,-,308
Lymph leakage,Vascular disorders,CTCAE v6.0,,-,Symptomatic; medical intervention indicated,Severe symptoms; invasive intervention indicated,Life-threatening consequences; urgent intervention indicated,Death,A disorder characterized by the loss of lymph fluid into the surrounding tissue or body cavity.,-,309
Lymphedema,Vascular disorders,CTCAE v6.0,,Trace thickening or faint discoloration,Marked discoloration; leathery skin texture; papillary formation; limiting instrumental ADL or mild/moderate impact on age-appropriate normal daily activity (pediatric),Severe symptoms; limiting self-care ADL or severe impact on age-appropriate normal daily activity (pediatric),-,-,A disorder characterized by excessive fluid collection in tissues that causes swelling.,Record final diagnosis/cause once determined.,309
Lymphocele,Vascular disorders,CTCAE v6.0,,Asymptomatic; clinical or diagnostic observations only; intervention not indicated,Symptomatic; medical intervention indicated,Severe symptoms; invasive intervention indicated,-,-,A disorder characterized by a cystic lesion containing lymph.,-,309
Peripheral ischemia,Vascular disorders,CTCAE v6.0,,-,Brief (<24 hrs) episode of ischemia managed medically and without permanent deficit; claudication,Prolonged (≥24 hrs) or recurring symptoms and/or invasive intervention indicated; pain at rest,Life-threatening consequences; major tissue loss; urgent operative intervention indicated,Death,A disorder characterized by impaired circulation to an extremity.,-,310
Phlebitis,Vascular disorders,CTCAE v6.0,,-,Present,-,-,-,A disorder characterized by inflammation of the wall of a peripheral vein associated with an intravenous line.,-,310
Superficial thrombophlebitis,Vascular disorders,CTCAE v6.0,,-,Present,-,-,-,A disorder characterized by a blood clot and inflammation involving a superficial vein of the extremities.,-,310
Superior vena cava syndrome,Vascular disorders,CTCAE v6.0,,Asymptomatic; incidental finding of SVC thrombosis,"Symptomatic; medical intervention indicated (e.g., anticoagulation, radiation or chemotherapy)","Severe symptoms; multi- modality intervention indicated (e.g., anticoagulation, chemotherapy, radiation, stenting)","Life-threatening consequences; urgent multi- modality intervention indicated (e.g., lysis, thrombectomy, surgery)",Death,"A disorder characterized by obstruction of the blood flow in the superior vena cava. Signs and symptoms include swelling and cyanosis of the face, neck, and upper arms, cough, orthopnea and headache.",-,310
"Vascular disorders - Other, specify",Vascular disorders,CTCAE v6.0,,Asymptomatic or mild symptoms; clinical or diagnostic observations only; intervention not indicated,"Moderate; minimal, local or noninvasive intervention indicated; limiting instrumental ADL or mild/moderate impact on age-appropriate normal daily activity (pediatric)",Severe or medically significant but not immediately life-threatening; hospitalization or prolongation of existing hospitalization indicated; limiting self-care ADL or severe impact on age-appropriate normal daily activity (pediatric),Life-threatening consequences; urgent intervention indicated,Death,-,-,311
Vasculitis,Vascular disorders,CTCAE v6.0,,"Asymptomatic, intervention not indicated","Moderate symptoms, medical intervention indicated","Severe symptoms, medical intervention indicated (e.g., steroids)",Life-threatening consequences; evidence of peripheral or visceral ischemia; urgent intervention indicated,Death,A disorder characterized by inflammation involving the wall of a vessel.,-,311
Venous thromboembolism,Vascular disorders,CTCAE v6.0,,"Medical intervention not indicated (e.g., superficial thrombosis)",Medical intervention indicated,Urgent medical intervention indicated,Life-threatening consequences with hemodynamic or neurologic instability,Death,"A disorder characterized by occlusion of a vessel by a thrombus that has migrated from a distal site via the blood stream (for example, deep vein thrombosis (DVT), pulmonary embolism (PE), etc.).","Consider Nervous system disorders: Stroke, Transient ischemic attacks for CNS-related events. Use Vascular disorders: Arterial thromboembolism for arterial thrombi. Use Injury, poisoning and procedural complications: Vascular access complication if related to a catheter.",312
