site,edition,classification,category_type,category,short_definition,detail_note,verification_status,source_pdf_page,source_section,definition_origin
Oral Cavity,AJCC8,any,T,TX,Primary tumor cannot be assessed,,strict_table_extracted_v1_6,29,Definition of Primary Tumor (T),strict_table_extraction_v1_6
Oral Cavity,AJCC8,any,T,Tis,Carcinoma in situ,,strict_table_extracted_v1_6,29,Definition of Primary Tumor (T),strict_table_extraction_v1_6
Oral Cavity,AJCC8,any,T,T1,"Tumor ≤ 2 cm, ≤ 5 mm depth of invasion (DOI) DOI is depth of invasion and not tumor thickness.",,strict_table_extracted_v1_6,29,Definition of Primary Tumor (T),strict_table_extraction_v1_6
Oral Cavity,AJCC8,any,T,T2,"Tumor ≤ 2 cm, DOI > 5 mm and ≤ 10 mm or tumor > 2 cm but ≤ 4 cm, and DOI ≤ 10 mm demonstrate a specific relationship with nerve, such as wrapping around nerves, in order to be classified as perineural invasion (PNI). Merely “bumping” into a nerve does not constitute PNI",,strict_table_extracted_v1_6,29,Definition of Primary Tumor (T),strict_table_extraction_v1_6
Oral Cavity,AJCC8,any,T,T3,Tumor > 4 cm or any tumor with DOI > 10 mm but ≤ 20 mm,,strict_table_extracted_v1_6,30,Definition of Primary Tumor (T),strict_table_extraction_v1_6
Oral Cavity,AJCC8,any,T,T4,Moderately advanced or very advanced local disease,,strict_table_extracted_v1_6,30,Definition of Primary Tumor (T),strict_table_extraction_v1_6
Oral Cavity,AJCC8,any,T,T4a,"Moderately advanced local disease Tumor invades adjacent structures only (e.g., through cortical bone of the mandible or maxilla, or involves the maxillary sinus or skin of the face) or extensive tumor with bilateral tongue involvement and/or DOI > 20 mm. (alone) by a gingival primary is not sufficient to classify a tumor as T4.",,strict_table_extracted_v1_6,30,Definition of Primary Tumor (T),strict_table_extraction_v1_6
Oral Cavity,AJCC8,any,T,T4b,"Very advanced local disease Tumor invades masticator space, pterygoid plates, or skull base and/or encases the internal carotid artery",,strict_table_extracted_v1_6,30,Definition of Primary Tumor (T),strict_table_extraction_v1_6
Oral Cavity,AJCC8,clinical,N,NX,Regional lymph nodes cannot be assessed,,strict_table_extracted_v1_6,30,Definition of Regional Lymph Node (N),strict_table_extraction_v1_6
Oral Cavity,AJCC8,clinical,N,N0,No regional lymph node metastasis,,strict_table_extracted_v1_6,30,Definition of Regional Lymph Node (N),strict_table_extraction_v1_6
Oral Cavity,AJCC8,clinical,N,N1,"Metastasis in a single ipsilateral lymph node, 3 cm or smaller in greatest dimension and ENE(−)",,strict_table_extracted_v1_6,30,Definition of Regional Lymph Node (N),strict_table_extraction_v1_6
Oral Cavity,AJCC8,clinical,N,N2,"Metastasis in a single ipsilateral lymph node, 3 cm or smaller in greatest dimension and ENE(+); or larger than 3 cm but not larger than 6 cm in greatest dimension and ENE(−); or metastases in multiple ipsilateral lymph nodes, none larger than 6 cm in greatest dimension and ENE(−); or in bilateral or contralateral lymph node(s), none larger than 6 cm in greatest dimension, ENE(−)",,strict_table_extracted_v1_6,30,Definition of Regional Lymph Node (N),strict_table_extraction_v1_6
Oral Cavity,AJCC8,clinical,N,N2a,Metastasis in single ipsilateral node 3 cm or smaller in greatest dimension and ENE(+); or a single ipsilateral node larger than 3 cm but not larger than 6 cm in greatest dimension and ENE(−),,strict_table_extracted_v1_6,30,Definition of Regional Lymph Node (N),strict_table_extraction_v1_6
Oral Cavity,AJCC8,clinical,N,N2b,"Metastasis in multiple ipsilateral nodes, none larger than 6 cm in greatest dimension, and ENE(−)",,strict_table_extracted_v1_6,30,Definition of Regional Lymph Node (N),strict_table_extraction_v1_6
Oral Cavity,AJCC8,clinical,N,N2c,"Metastasis in bilateral or contralateral lymph node(s), none larger than 6 cm in greatest dimension and ENE(−)",,strict_table_extracted_v1_6,30,Definition of Regional Lymph Node (N),strict_table_extraction_v1_6
Oral Cavity,AJCC8,clinical,N,N3,"Metastasis in a lymph node larger than 6 cm in greatest dimension and ENE(−); or metastasis in a single ipsilateral node larger than 3 cm in greatest dimension and ENE(+); or multiple ipsilateral, contralateral or bilateral nodes any with ENE(+); or a single contralateral node of any size and ENE (+)",,strict_table_extracted_v1_6,30,Definition of Regional Lymph Node (N),strict_table_extraction_v1_6
Oral Cavity,AJCC8,clinical,N,N3a,Metastasis in a lymph node larger than 6 cm in greatest dimension and ENE(−),,strict_table_extracted_v1_6,30,Definition of Regional Lymph Node (N),strict_table_extraction_v1_6
Oral Cavity,AJCC8,pathological,N,N3b,"Metastasis in any node(s) and clinically overt ENE(+) to indicate metastasis above the lower border of the cricoid (U) or below the lower border of the cricoid (L) Similarly, clinical and pathological ENE should be recorded as ENE(−) or ENE(+) Pathological N (pN)",,strict_table_extracted_v1_6,30,Definition of Regional Lymph Node (N),strict_table_extraction_v1_6
Oral Cavity,AJCC8,pathological,N,NX,Regional lymph nodes cannot be assessed,,strict_table_extracted_v1_6,30,Definition of Regional Lymph Node (N),strict_table_extraction_v1_6
Oral Cavity,AJCC8,pathological,N,N0,No regional lymph node metastasis,,strict_table_extracted_v1_6,30,Definition of Regional Lymph Node (N),strict_table_extraction_v1_6
Oral Cavity,AJCC8,any,N,N3b,"Metastasis in a single ipsilateral node larger than 3 cm in greatest dimension and ENE(+); or multiple ipsilateral, contralateral or bilateral nodes any with ENE(+); or a single contralateral node of any size and ENE (+) to indicate metastasis above the lower border of the cricoid (U) or below the lower border of the cricoid (L) Similarly, clinical and pathological ENE should be recorded as ENE(−) or ENE(+)",,strict_table_extracted_v1_6,30,Definition of Regional Lymph Node (N),strict_table_extraction_v1_6
Oral Cavity,AJCC8,any,M,M0,No distant metastasis,,strict_table_extracted_v1_6,31,Definition of Distant Metastasis (M),strict_table_extraction_v1_6
Oral Cavity,AJCC8,any,M,M1,Distant metastasis,,strict_table_extracted_v1_6,31,Definition of Distant Metastasis (M),strict_table_extraction_v1_6
Major Salivary Glands,AJCC8,clinical,N,NX,Regional lymph nodes cannot be assessed,,strict_table_extracted_v1_6,35,Definition of Regional Lymph Node (N),strict_table_extraction_v1_6
Major Salivary Glands,AJCC8,clinical,N,N0,No regional lymph node metastasis,,strict_table_extracted_v1_6,35,Definition of Regional Lymph Node (N),strict_table_extraction_v1_6
Major Salivary Glands,AJCC8,clinical,N,N1,"Metastasis in a single ipsilateral lymph node, 3 cm or smaller in greatest dimension and ENE(−)",,strict_table_extracted_v1_6,35,Definition of Regional Lymph Node (N),strict_table_extraction_v1_6
Major Salivary Glands,AJCC8,clinical,N,N2,"Metastasis in a single ipsilateral lymph node, 3 cm or smaller in greatest dimension and ENE(+); or larger than 3 cm but not larger than 6 cm in greatest dimension and ENE(−); or metastases in multiple ipsilateral lymph node(s), none larger than 6 cm in greatest dimension and ENE(−); or in bilateral or contralateral lymph nodes, none larger than 6 cm in greatest dimension and ENE(−)",,strict_table_extracted_v1_6,35,Definition of Regional Lymph Node (N),strict_table_extraction_v1_6
Major Salivary Glands,AJCC8,clinical,N,N2a,Metastasis in single ipsilateral node 3 cm or smaller in greatest dimension and ENE(+) or a single ipsilateral node larger than 3 cm but not larger than 6 cm in greatest dimension and ENE(−),,strict_table_extracted_v1_6,35,Definition of Regional Lymph Node (N),strict_table_extraction_v1_6
Major Salivary Glands,AJCC8,clinical,N,N2b,"Metastasis in multiple ipsilateral nodes, none larger than 6 cm in greatest dimension and ENE(−)",,strict_table_extracted_v1_6,35,Definition of Regional Lymph Node (N),strict_table_extraction_v1_6
Major Salivary Glands,AJCC8,clinical,N,N2c,"Metastasis in bilateral or contralateral lymph node(s), none larger than 6 cm in greatest dimension and ENE(−)",,strict_table_extracted_v1_6,35,Definition of Regional Lymph Node (N),strict_table_extraction_v1_6
Major Salivary Glands,AJCC8,clinical,N,N3,"Metastasis in a lymph node larger than 6 cm in greatest dimension and ENE(−); or in a single ipsilateral node larger than 3 cm in greatest dimension and ENE(+); or multiple ipsilateral, contralateral, or bilateral nodes any with ENE(+); or a single contralateral node of any size and ENE(+)",,strict_table_extracted_v1_6,35,Definition of Regional Lymph Node (N),strict_table_extraction_v1_6
Major Salivary Glands,AJCC8,clinical,N,N3a,Metastasis in a lymph node larger than 6 cm in greatest dimension and ENE(−),,strict_table_extracted_v1_6,35,Definition of Regional Lymph Node (N),strict_table_extraction_v1_6
Major Salivary Glands,AJCC8,pathological,N,N3b,"Metastasis in any node(s) with clinically overt ENE(+) to indicate metastasis above the lower border of the cricoid (U) or below the lower border of the cricoid (L) Similarly, clinical and pathological ENE should be recorded as ENE(−) or ENE(+) Pathological N (pN)",,strict_table_extracted_v1_6,35,Definition of Regional Lymph Node (N),strict_table_extraction_v1_6
Major Salivary Glands,AJCC8,pathological,N,NX,Regional lymph nodes cannot be assessed,,strict_table_extracted_v1_6,35,Definition of Regional Lymph Node (N),strict_table_extraction_v1_6
Major Salivary Glands,AJCC8,pathological,N,N0,No regional lymph node metastasis,,strict_table_extracted_v1_6,35,Definition of Regional Lymph Node (N),strict_table_extraction_v1_6
Major Salivary Glands,AJCC8,any,N,N3b,"Metastasis in a single ipsilateral node larger than 3 cm in greatest dimension and ENE(+); or multiple ipsilateral, contralateral, or bilateral nodes any with ENE(+); or a single contralateral node of any size and ENE(+) to indicate metastasis above the lower border of the cricoid (U) or below the lower border of the cricoid (L) Similarly, clinical and pathological ENE should be recorded as ENE(−) or ENE(+)",,strict_table_extracted_v1_6,35,Definition of Regional Lymph Node (N),strict_table_extraction_v1_6
Major Salivary Glands,AJCC8,any,M,M0,No distant metastasis,,strict_table_extracted_v1_6,35,Definition of Distant Metastasis (M),strict_table_extraction_v1_6
Major Salivary Glands,AJCC8,any,M,M1,Distant metastasis,,strict_table_extracted_v1_6,35,Definition of Distant Metastasis (M),strict_table_extraction_v1_6
Nasopharynx,AJCC8,any,T,TX,Primary tumor cannot be assessed,,strict_table_extracted_v1_6,37,Definition of Primary Tumor (T),strict_table_extraction_v1_6
Nasopharynx,AJCC8,any,T,T0,"No tumor identified, but EBV-positive cervical node(s) involvement",,strict_table_extracted_v1_6,37,Definition of Primary Tumor (T),strict_table_extraction_v1_6
Nasopharynx,AJCC8,any,T,Tis,Tumor in situ,,strict_table_extracted_v1_6,37,Definition of Primary Tumor (T),strict_table_extraction_v1_6
Nasopharynx,AJCC8,any,T,T1,"Tumor confined to nasopharynx, or extension to oropharynx and/or nasal cavity without parapharyngeal involvement",,strict_table_extracted_v1_6,37,Definition of Primary Tumor (T),strict_table_extraction_v1_6
Nasopharynx,AJCC8,any,T,T2,"Tumor with extension to parapharyngeal space, and/or adjacent soft tissue involvement (medial pterygoid, lateral pterygoid, prevertebral muscles)",,strict_table_extracted_v1_6,37,Definition of Primary Tumor (T),strict_table_extraction_v1_6
Nasopharynx,AJCC8,any,T,T3,"Tumor with infiltration of bony structures at skull base, cervical vertebra, pterygoid structures, and/or paranasal sinuses",,strict_table_extracted_v1_6,37,Definition of Primary Tumor (T),strict_table_extraction_v1_6
Nasopharynx,AJCC8,any,T,T4,"Tumor with intracranial extension, involvement of cranial nerves, hypopharynx, orbit, parotid gland, and/ or extensive soft tissue infiltration beyond the lateral surface of the lateral pterygoid muscle",,strict_table_extracted_v1_6,37,Definition of Primary Tumor (T),strict_table_extraction_v1_6
Nasopharynx,AJCC8,any,N,NX,Regional lymph nodes cannot be assessed,,strict_table_extracted_v1_6,37,Definition of Regional Lymph Node (N),strict_table_extraction_v1_6
Nasopharynx,AJCC8,any,N,N0,No regional lymph node metastasis,,strict_table_extracted_v1_6,37,Definition of Regional Lymph Node (N),strict_table_extraction_v1_6
Nasopharynx,AJCC8,clinical,N,N1,"Unilateral metastasis in cervical lymph node(s) and/ or unilateral or bilateral metastasis in retropharyngeal lymph node(s), 6 cm or smaller in greatest dimension, above the caudal border of cricoid cartilage",,strict_table_extracted_v1_6,37,Definition of Regional Lymph Node (N),strict_table_extraction_v1_6
Nasopharynx,AJCC8,clinical,N,N2,"Bilateral metastasis in cervical lymph node(s), 6 cm or smaller in greatest dimension, above the caudal border of cricoid cartilage",,strict_table_extracted_v1_6,37,Definition of Regional Lymph Node (N),strict_table_extraction_v1_6
Nasopharynx,AJCC8,clinical,N,N3,"Unilateral or bilateral metastasis in cervical lymph node(s), larger than 6 cm in greatest dimension, and/ or extension below the caudal border of cricoid cartilage",,strict_table_extracted_v1_6,37,Definition of Regional Lymph Node (N),strict_table_extraction_v1_6
Nasopharynx,AJCC8,any,M,M0,No distant metastasis,,strict_table_extracted_v1_6,37,Definition of Distant Metastasis (M),strict_table_extraction_v1_6
Nasopharynx,AJCC8,any,M,M1,Distant metastasis,,strict_table_extracted_v1_6,37,Definition of Distant Metastasis (M),strict_table_extraction_v1_6
HPV-Mediated (p16+) Oropharyngeal Cancer,AJCC8,any,T,T0,No primary identified,,strict_table_extracted_v1_6,39,Definition of Primary Tumor (T),strict_table_extraction_v1_6
HPV-Mediated (p16+) Oropharyngeal Cancer,AJCC8,any,T,T1,Tumor 2 cm or smaller in greatest dimension,,strict_table_extracted_v1_6,39,Definition of Primary Tumor (T),strict_table_extraction_v1_6
HPV-Mediated (p16+) Oropharyngeal Cancer,AJCC8,any,T,T2,Tumor larger than 2 cm but not larger than 4 cm in greatest dimension,,strict_table_extracted_v1_6,39,Definition of Primary Tumor (T),strict_table_extraction_v1_6
HPV-Mediated (p16+) Oropharyngeal Cancer,AJCC8,any,T,T3,Tumor larger than 4 cm in greatest dimension or extension to lingual surface of epiglottis,,strict_table_extracted_v1_6,39,Definition of Primary Tumor (T),strict_table_extraction_v1_6
HPV-Mediated (p16+) Oropharyngeal Cancer,AJCC8,any,T,T4,"Moderately advanced local disease Tumor invades the larynx, extrinsic muscle of tongue, medial pterygoid, hard palate, or mandible or beyond* *Mucosal extension to lingual surface of epiglottis from primary tumors of the base of the tongue and vallecula does not constitute inva- sion of the larynx.",,strict_table_extracted_v1_6,39,Definition of Primary Tumor (T),strict_table_extraction_v1_6
HPV-Mediated (p16+) Oropharyngeal Cancer,AJCC8,clinical,N,NX,Regional lymph nodes cannot be assessed,,strict_table_extracted_v1_6,39,Definition of Regional Lymph Node (N),strict_table_extraction_v1_6
HPV-Mediated (p16+) Oropharyngeal Cancer,AJCC8,clinical,N,N0,No regional lymph node metastasis,,strict_table_extracted_v1_6,39,Definition of Regional Lymph Node (N),strict_table_extraction_v1_6
HPV-Mediated (p16+) Oropharyngeal Cancer,AJCC8,clinical,N,N1,"One or more ipsilateral lymph nodes, none larger than 6 cm",,strict_table_extracted_v1_6,39,Definition of Regional Lymph Node (N),strict_table_extraction_v1_6
HPV-Mediated (p16+) Oropharyngeal Cancer,AJCC8,clinical,N,N2,"Contralateral or bilateral lymph nodes, none larger than 6 cm",,strict_table_extracted_v1_6,39,Definition of Regional Lymph Node (N),strict_table_extraction_v1_6
HPV-Mediated (p16+) Oropharyngeal Cancer,AJCC8,pathological,N,N3,Lymph node(s) larger than 6 cm Pathological N (pN),,strict_table_extracted_v1_6,39,Definition of Regional Lymph Node (N),strict_table_extraction_v1_6
HPV-Mediated (p16+) Oropharyngeal Cancer,AJCC8,pathological,N,NX,Regional lymph nodes cannot be assessed,,strict_table_extracted_v1_6,39,Definition of Regional Lymph Node (N),strict_table_extraction_v1_6
HPV-Mediated (p16+) Oropharyngeal Cancer,AJCC8,pathological,N,N0,No regional lymph node metastasis,,strict_table_extracted_v1_6,39,Definition of Regional Lymph Node (N),strict_table_extraction_v1_6
HPV-Mediated (p16+) Oropharyngeal Cancer,AJCC8,pathological,N,N1,Metastasis in 4 or fewer lymph nodes,,strict_table_extracted_v1_6,39,Definition of Regional Lymph Node (N),strict_table_extraction_v1_6
HPV-Mediated (p16+) Oropharyngeal Cancer,AJCC8,pathological,N,N2,Metastasis in more than 4 lymph nodes,,strict_table_extracted_v1_6,39,Definition of Regional Lymph Node (N),strict_table_extraction_v1_6
HPV-Mediated (p16+) Oropharyngeal Cancer,AJCC8,any,M,M0,No distant metastasis,,strict_table_extracted_v1_6,39,Definition of Distant Metastasis (M),strict_table_extraction_v1_6
HPV-Mediated (p16+) Oropharyngeal Cancer,AJCC8,any,M,M1,Distant metastasis,,strict_table_extracted_v1_6,39,Definition of Distant Metastasis (M),strict_table_extraction_v1_6
Oropharynx (p16-) and Hypopharynx,AJCC8,pathological,T,T4,Moderately advanced or very advanced local disease,,strict_table_extracted_v1_6,43,Definition of Regional Lymph Node (N),strict_table_extraction_v1_6
Oropharynx (p16-) and Hypopharynx,AJCC8,pathological,T,T4a,"Moderately advanced local disease Tumor invades the larynx, extrinsic muscle of tongue, medial pterygoid, hard palate, or mandible*",,strict_table_extracted_v1_6,43,Definition of Regional Lymph Node (N),strict_table_extraction_v1_6
Oropharynx (p16-) and Hypopharynx,AJCC8,pathological,T,T4b,"Very advanced local disease Tumor invades lateral pterygoid muscle, pterygoid plates, lateral nasopharynx, or skull base or encases carotid artery tumors of the base of the tongue and vallecula does not constitute inva- sion of the larynx Hypopharynx",,strict_table_extracted_v1_6,43,Definition of Regional Lymph Node (N),strict_table_extraction_v1_6
Oropharynx (p16-) and Hypopharynx,AJCC8,pathological,T,TX,Primary tumor cannot be assessed,,strict_table_extracted_v1_6,43,Definition of Regional Lymph Node (N),strict_table_extraction_v1_6
Oropharynx (p16-) and Hypopharynx,AJCC8,pathological,T,Tis,Carcinoma in situ,,strict_table_extracted_v1_6,43,Definition of Regional Lymph Node (N),strict_table_extraction_v1_6
Oropharynx (p16-) and Hypopharynx,AJCC8,clinical,T,T1,Tumor limited to one subsite of hypopharynx and/or 2 cm or smaller in greatest dimension,,strict_table_extracted_v1_6,43,Definition of Regional Lymph Node (N),strict_table_extraction_v1_6
Oropharynx (p16-) and Hypopharynx,AJCC8,clinical,T,T2,"Tumor invades more than one subsite of hypopharynx or an adjacent site, or measures larger than 2 cm but not larger than 4 cm in greatest dimension without fixation of hemilarynx",,strict_table_extracted_v1_6,43,Definition of Regional Lymph Node (N),strict_table_extraction_v1_6
Oropharynx (p16-) and Hypopharynx,AJCC8,clinical,T,T3,Tumor larger than 4 cm in greatest dimension or with fixation of hemilarynx or extension to esophageal mucosa,,strict_table_extracted_v1_6,43,Definition of Regional Lymph Node (N),strict_table_extraction_v1_6
Oropharynx (p16-) and Hypopharynx,AJCC8,clinical,T,T4,Moderately advanced and very advanced local disease,,strict_table_extracted_v1_6,43,Definition of Regional Lymph Node (N),strict_table_extraction_v1_6
Oropharynx (p16-) and Hypopharynx,AJCC8,clinical,T,T4a,"Moderately advanced local disease Tumor invades thyroid/cricoid cartilage, hyoid bone, thyroid gland, esophageal muscle or central compartment soft tissue*",,strict_table_extracted_v1_6,43,Definition of Regional Lymph Node (N),strict_table_extraction_v1_6
Oropharynx (p16-) and Hypopharynx,AJCC8,clinical,T,T4b,"Very advanced local disease Tumor invades prevertebral fascia, encases carotid artery, or involves mediastinal structures muscles and subcutaneous fat",,strict_table_extracted_v1_6,43,Definition of Regional Lymph Node (N),strict_table_extraction_v1_6
Oropharynx (p16-) and Hypopharynx,AJCC8,clinical,N,NX,Regional lymph nodes cannot be assessed,,strict_table_extracted_v1_6,43,Definition of Regional Lymph Node (N),strict_table_extraction_v1_6
Oropharynx (p16-) and Hypopharynx,AJCC8,clinical,N,N0,No regional lymph node metastasis,,strict_table_extracted_v1_6,43,Definition of Regional Lymph Node (N),strict_table_extraction_v1_6
Oropharynx (p16-) and Hypopharynx,AJCC8,clinical,N,N1,"Metastasis in a single ipsilateral lymph node, 3 cm or smaller in greatest dimension and ENE(−)",,strict_table_extracted_v1_6,43,Definition of Regional Lymph Node (N),strict_table_extraction_v1_6
Oropharynx (p16-) and Hypopharynx,AJCC8,clinical,N,N2,"Metastasis in a single ipsilateral lymph node, 3 cm or smaller in greatest dimension and ENE(+); or larger than 3 cm but not larger than 6 cm in greatest dimension and ENE(−); or metastases in multiple ipsilateral lymph nodes, none larger than 6 cm in greatest dimension and ENE(−); or in bilateral or contralateral lymph node(s), none larger than 6 cm in greatest dimension and ENE(−)",,strict_table_extracted_v1_6,43,Definition of Regional Lymph Node (N),strict_table_extraction_v1_6
Oropharynx (p16-) and Hypopharynx,AJCC8,clinical,N,N2a,Metastasis in single ipsilateral node 3 cm or smaller in greatest dimension and ENE(+); or a single ipsilateral node larger than 3 cm but not larger than 6 cm in greatest dimension and ENE(−),,strict_table_extracted_v1_6,43,Definition of Regional Lymph Node (N),strict_table_extraction_v1_6
Oropharynx (p16-) and Hypopharynx,AJCC8,clinical,N,N2b,"Metastasis in multiple ipsilateral nodes, none larger than 6 cm in greatest dimension and ENE(−)",,strict_table_extracted_v1_6,43,Definition of Regional Lymph Node (N),strict_table_extraction_v1_6
Oropharynx (p16-) and Hypopharynx,AJCC8,clinical,N,N2c,"Metastasis in bilateral or contralateral lymph node(s), none larger than 6 cm in greatest dimension and ENE(−)",,strict_table_extracted_v1_6,43,Definition of Regional Lymph Node (N),strict_table_extraction_v1_6
Oropharynx (p16-) and Hypopharynx,AJCC8,clinical,N,N3,"Metastasis in a lymph node larger than 6 cm in greatest dimension and ENE(−); or in a single ipsilateral node larger than 3 cm in greatest dimension and ENE(+); or multiple ipsilateral, contralateral or bilateral nodes, any with ENE(+); or a single contralateral node of any size and ENE(+)",,strict_table_extracted_v1_6,43,Definition of Regional Lymph Node (N),strict_table_extraction_v1_6
Oropharynx (p16-) and Hypopharynx,AJCC8,clinical,N,N3a,Metastasis in a lymph node larger than 6 cm in greatest dimension and ENE(−),,strict_table_extracted_v1_6,43,Definition of Regional Lymph Node (N),strict_table_extraction_v1_6
Oropharynx (p16-) and Hypopharynx,AJCC8,pathological,N,N3b,"Metastasis in any node(s) and clinically overt ENE(+) indicate metastasis above the lower border of the cricoid (U) or below the lower border of the cricoid (L). Similarly, clinical and pathological ENE should be recorded as ENE(−) or ENE(+) Pathological N (pN)-Oropharynx (p16-) and Hypopharynx",,strict_table_extracted_v1_6,43,Definition of Regional Lymph Node (N),strict_table_extraction_v1_6
Oropharynx (p16-) and Hypopharynx,AJCC8,pathological,N,NX,Regional lymph nodes cannot be assessed,,strict_table_extracted_v1_6,43,Definition of Regional Lymph Node (N),strict_table_extraction_v1_6
Oropharynx (p16-) and Hypopharynx,AJCC8,pathological,N,N0,No regional lymph node metastasis,,strict_table_extracted_v1_6,43,Definition of Regional Lymph Node (N),strict_table_extraction_v1_6
Nasal Cavity and Paranasal Sinuses,AJCC8,clinical,M,M0,No distant metastasis (no pathologic M0; use clinical M to complete stage group),,strict_table_extracted_v1_6,47,Definition of Distant Metastasis (M),strict_table_extraction_v1_6
Nasal Cavity and Paranasal Sinuses,AJCC8,clinical,M,M1,Distant metastasis,,strict_table_extracted_v1_6,47,Definition of Distant Metastasis (M),strict_table_extraction_v1_6
Larynx,AJCC8,pathological,N,NX,Regional lymph nodes cannot be assessed,,strict_table_extracted_v1_6,49,Definition of Regional Lymph Node (N),strict_table_extraction_v1_6
Larynx,AJCC8,pathological,N,N0,No regional lymph node metastasis,,strict_table_extracted_v1_6,49,Definition of Regional Lymph Node (N),strict_table_extraction_v1_6
Larynx,AJCC8,clinical,N,N1,"Metastasis in a single ipsilateral lymph node, 3 cm or smaller in greatest dimension and ENE(−)",,strict_table_extracted_v1_6,49,Definition of Regional Lymph Node (N),strict_table_extraction_v1_6
Larynx,AJCC8,clinical,N,N2,"Metastasis in a single ipsilateral lymph node, 3 cm or smaller in greatest dimension and ENE(+); or larger than 3 cm but not larger than 6 cm in greatest dimension and ENE(−); or metastases in multiple ipsilateral lymph nodes, none larger than 6 cm in greatest dimension and ENE(−); or in bilateral or contralateral lymph node(s), none larger than 6 cm in greatest dimension and ENE(−)",,strict_table_extracted_v1_6,49,Definition of Regional Lymph Node (N),strict_table_extraction_v1_6
Larynx,AJCC8,clinical,N,N2a,"Metastasis in a single ipsilateral node, 3 cm or smaller in greatest dimension and ENE(+); or metastasis in a single ipsilateral node, larger than 3 cm but not larger than 6 cm in greatest dimension and ENE(−)",,strict_table_extracted_v1_6,49,Definition of Regional Lymph Node (N),strict_table_extraction_v1_6
Larynx,AJCC8,clinical,N,N2b,"Metastases in multiple ipsilateral nodes, none larger than 6 cm in greatest dimension and ENE(−)",,strict_table_extracted_v1_6,49,Definition of Regional Lymph Node (N),strict_table_extraction_v1_6
Larynx,AJCC8,clinical,N,N2c,"Metastasis in bilateral or contralateral lymph node(s), none larger than 6 cm in greatest dimension and ENE(−)",,strict_table_extracted_v1_6,49,Definition of Regional Lymph Node (N),strict_table_extraction_v1_6
Larynx,AJCC8,clinical,N,N3,"Metastasis in a lymph node, larger than 6 cm in greatest dimension and ENE(−); or metastasis in a single ipsilateral node, larger than 3 cm in greatest dimension and ENE(+); or multiple ipsilateral, contralateral, or bilateral lymph nodes any with ENE(+); or a single contralateral node of any size and ENE(+)",,strict_table_extracted_v1_6,49,Definition of Regional Lymph Node (N),strict_table_extraction_v1_6
Larynx,AJCC8,clinical,N,N3a,"Metastasis in a lymph node, larger than 6 cm in greatest dimension and ENE(−)",,strict_table_extracted_v1_6,49,Definition of Regional Lymph Node (N),strict_table_extraction_v1_6
Larynx,AJCC8,any,N,N3b,"Metastasis in a single ipsilateral node, larger than 3 cm in greatest dimension and ENE(+); or multiple ipsilateral, contralateral, or bilateral lymph nodes any with ENE(+); or a single contralateral node of any size and ENE(+) indicate metastasis above the lower border of the cricoid (U) or below the lower border of the cricoid (L) Similarly, clinical and pathological ENE should be recorded as ENE(−) or ENE(+)",,strict_table_extracted_v1_6,49,Definition of Regional Lymph Node (N),strict_table_extraction_v1_6
Larynx,AJCC8,any,M,M0,No distant metastasis,,strict_table_extracted_v1_6,49,Definition of Distant Metastasis (M),strict_table_extraction_v1_6
Larynx,AJCC8,any,M,M1,Distant metastasis,,strict_table_extracted_v1_6,49,Definition of Distant Metastasis (M),strict_table_extraction_v1_6
Cutaneous Carcinoma of the Head and Neck,AJCC8,any,T,TX,Primary tumor cannot be assessed,,strict_table_extracted_v1_6,56,Definition of Primary Tumor (T),strict_table_extraction_v1_6
Cutaneous Carcinoma of the Head and Neck,AJCC8,any,T,Tis,Carcinoma in situ,,strict_table_extracted_v1_6,56,Definition of Primary Tumor (T),strict_table_extraction_v1_6
Cutaneous Carcinoma of the Head and Neck,AJCC8,any,T,T1,Tumor smaller than or equal to 2 cm in greatest dimension,,strict_table_extracted_v1_6,56,Definition of Primary Tumor (T),strict_table_extraction_v1_6
Cutaneous Carcinoma of the Head and Neck,AJCC8,any,T,T2,"Tumor larger than 2 cm, but smaller than or equal to 4 cm in greatest dimension",,strict_table_extracted_v1_6,56,Definition of Primary Tumor (T),strict_table_extraction_v1_6
Cutaneous Carcinoma of the Head and Neck,AJCC8,any,T,T3,Tumor larger than 4 cm in maximum dimension or minor bone erosion or perineural invasion or deep invasion*,,strict_table_extracted_v1_6,56,Definition of Primary Tumor (T),strict_table_extraction_v1_6
Cutaneous Carcinoma of the Head and Neck,AJCC8,any,T,T4,"Tumor with gross cortical bone/marrow, skull base invasion and/or skull base foramen invasion",,strict_table_extracted_v1_6,56,Definition of Primary Tumor (T),strict_table_extraction_v1_6
Cutaneous Carcinoma of the Head and Neck,AJCC8,any,T,T4a,Tumor with gross cortical bone/marrow invasion,,strict_table_extracted_v1_6,56,Definition of Primary Tumor (T),strict_table_extraction_v1_6
Cutaneous Carcinoma of the Head and Neck,AJCC8,any,T,T4b,"Tumor with skull base invasion and/or skull base foramen involvement *Deep invasion is defined as invasion beyond the subcutaneous fat or > 6 mm (as measured from the granular layer of adjacent normal epi- dermis to the base of the tumor); perineural invasion for T3 classification is defined as tumor cells within the nerve sheath of a nerve lying deeper than the dermis or measuring 0.1 mm or larger in caliber, or presenting with clinical or radiographic involvement of named nerves without skull base invasion or transgression.",,strict_table_extracted_v1_6,56,Definition of Primary Tumor (T),strict_table_extraction_v1_6
Cutaneous Carcinoma of the Head and Neck,AJCC8,clinical,N,NX,Regional lymph nodes cannot be assessed,,strict_table_extracted_v1_6,56,Definition of Regional Lymph Node (N),strict_table_extraction_v1_6
Cutaneous Carcinoma of the Head and Neck,AJCC8,clinical,N,N0,No regional lymph node metastasis,,strict_table_extracted_v1_6,56,Definition of Regional Lymph Node (N),strict_table_extraction_v1_6
Cutaneous Carcinoma of the Head and Neck,AJCC8,clinical,N,N1,"Metastasis in a single ipsilateral lymph node, 3 cm or smaller in greatest dimension and ENE(−)",,strict_table_extracted_v1_6,56,Definition of Regional Lymph Node (N),strict_table_extraction_v1_6
Cutaneous Carcinoma of the Head and Neck,AJCC8,clinical,N,N2,"Metastasis in a single ipsilateral lymph node, 3 cm or smaller in greatest dimension and ENE(+); or larger than 3 cm but not larger than 6 cm in greatest dimension and ENE(−); or metastases in multiple ipsilateral lymph nodes, none larger than 6 cm in greatest dimension and ENE(−); or in bilateral or contralateral lymph node(s), none larger than 6 cm in greatest dimension, ENE(−)",,strict_table_extracted_v1_6,56,Definition of Regional Lymph Node (N),strict_table_extraction_v1_6
Cutaneous Carcinoma of the Head and Neck,AJCC8,clinical,N,N2a,Metastasis in single ipsilateral node 3 cm or smaller in greatest dimension and ENE(+); or a single ipsilateral node larger than 3 cm but not larger than 6 cm in greatest dimension and ENE(−),,strict_table_extracted_v1_6,56,Definition of Regional Lymph Node (N),strict_table_extraction_v1_6
Cutaneous Carcinoma of the Head and Neck,AJCC8,clinical,N,N2b,"Metastasis in multiple ipsilateral nodes, none larger than 6 cm in greatest dimension and ENE(−)",,strict_table_extracted_v1_6,56,Definition of Regional Lymph Node (N),strict_table_extraction_v1_6
Cutaneous Carcinoma of the Head and Neck,AJCC8,clinical,N,N2c,"Metastasis in bilateral or contralateral lymph node(s), none larger than 6 cm in greatest dimension and ENE(−)",,strict_table_extracted_v1_6,56,Definition of Regional Lymph Node (N),strict_table_extraction_v1_6
Cutaneous Carcinoma of the Head and Neck,AJCC8,clinical,N,N3,"Metastasis in a lymph node larger than 6 cm in greatest dimension and ENE(−); or in a single ipsilateral node larger than 3 cm in greatest dimension and ENE(+); or multiple ipsilateral, contralateral, or bilateral nodes, any with ENE(+); or a single contralateral node of any size and ENE(+)",,strict_table_extracted_v1_6,56,Definition of Regional Lymph Node (N),strict_table_extraction_v1_6
Cutaneous Carcinoma of the Head and Neck,AJCC8,clinical,N,N3a,Metastasis in a lymph node larger than 6 cm in greatest dimension and ENE(−),,strict_table_extracted_v1_6,56,Definition of Regional Lymph Node (N),strict_table_extraction_v1_6
Cutaneous Carcinoma of the Head and Neck,AJCC8,pathological,N,N3b,"Metastasis in any node(s) and ENE(+) indicate metastasis above the lower border of the cricoid (U) or below the lower border of the cricoid (L). Similarly, clinical and pathological ENE should be recorded as ENE(−) or ENE(+). Pathological N (pN)",,strict_table_extracted_v1_6,56,Definition of Regional Lymph Node (N),strict_table_extraction_v1_6
Cutaneous Carcinoma of the Head and Neck,AJCC8,pathological,N,NX,Regional lymph nodes cannot be assessed,,strict_table_extracted_v1_6,56,Definition of Regional Lymph Node (N),strict_table_extraction_v1_6
Cutaneous Carcinoma of the Head and Neck,AJCC8,pathological,N,N0,No regional lymph node metastasis,,strict_table_extracted_v1_6,56,Definition of Regional Lymph Node (N),strict_table_extraction_v1_6
Cutaneous Carcinoma of the Head and Neck,AJCC8,any,N,N3b,"Metastasis in a single ipsilateral node larger than 3 cm in greatest dimension and ENE(+); or multiple ipsilateral, contralateral, or bilateral nodes, any with ENE(+); or a single contralateral node of any size and ENE(+) indicate metastasis above the lower border of the cricoid (U) or below the lower border of the cricoid (L). Similarly, clinical and pathological ENE should be recorded as ENE(−) or ENE(+).",,strict_table_extracted_v1_6,56,Definition of Regional Lymph Node (N),strict_table_extraction_v1_6
Cutaneous Carcinoma of the Head and Neck,AJCC8,any,M,M0,No distant metastasis,,strict_table_extracted_v1_6,57,Definition of Distant Metastasis (M),strict_table_extraction_v1_6
Cutaneous Carcinoma of the Head and Neck,AJCC8,any,M,M1,Distant metastasis,,strict_table_extracted_v1_6,57,Definition of Distant Metastasis (M),strict_table_extraction_v1_6
Appendix - Carcinoma,AJCC8,any,T,TX,Primary tumor cannot be assessed,,strict_table_extracted_v1_6,65,Definition of Primary Tumor (T),strict_table_extraction_v1_6
Appendix - Carcinoma,AJCC8,any,T,T0,No evidence of primary tumor,,strict_table_extracted_v1_6,65,Definition of Primary Tumor (T),strict_table_extraction_v1_6
Appendix - Carcinoma,AJCC8,any,T,Tis,Carcinoma in situ (intramucosal carcinoma; invasion of the lamina propria or extension into but not through the muscularis mucosae),,strict_table_extracted_v1_6,65,Definition of Primary Tumor (T),strict_table_extraction_v1_6
Appendix - Carcinoma,AJCC8,any,T,Tis(LAMN),Low-grade appendiceal mucinous neoplasm confined by the muscularis propria. Acellular mucin or mucinous epithelium may invade into the muscularis propria.,,strict_table_extracted_v1_6,65,Definition of Primary Tumor (T),strict_table_extraction_v1_6
Appendix - Carcinoma,AJCC8,any,T,T1,"and T2 are not applicable to LAMN. Acellular mucin or mucinous epithelium that extends into the subserosa or serosa should be classified as T3 or T4a, respectively.",,strict_table_extracted_v1_6,65,Definition of Primary Tumor (T),strict_table_extraction_v1_6
Appendix - Carcinoma,AJCC8,any,T,T2,Tumor invades the muscularis propria,,strict_table_extracted_v1_6,65,Definition of Primary Tumor (T),strict_table_extraction_v1_6
Appendix - Carcinoma,AJCC8,any,T,T3,Tumor invades through the muscularis propria into the subserosa or the mesoappendix,,strict_table_extracted_v1_6,65,Definition of Primary Tumor (T),strict_table_extraction_v1_6
Appendix - Carcinoma,AJCC8,any,T,T4,"Tumor invades the visceral peritoneum, including the acellular mucin or mucinous epithelium involving the serosa of the appendix or mesoappendix, and/or directly invades adjacent organs or structures",,strict_table_extracted_v1_6,65,Definition of Primary Tumor (T),strict_table_extraction_v1_6
Appendix - Carcinoma,AJCC8,any,T,T4a,"Tumor invades through the visceral peritoneum, including the acellular mucin or mucinous epithelium involving the serosa of the appendix or serosa of the mesoappendix",,strict_table_extracted_v1_6,65,Definition of Primary Tumor (T),strict_table_extraction_v1_6
Appendix - Carcinoma,AJCC8,any,T,T4b,Tumor directly invades or adheres to adjacent organs or structures,,strict_table_extracted_v1_6,65,Definition of Primary Tumor (T),strict_table_extraction_v1_6
Appendix - Carcinoma,AJCC8,any,N,NX,Regional lymph nodes cannot be assessed,,strict_table_extracted_v1_6,65,Definition of Regional Lymph Node (N),strict_table_extraction_v1_6
Appendix - Carcinoma,AJCC8,any,N,N0,No regional lymph node metastasis,,strict_table_extracted_v1_6,65,Definition of Regional Lymph Node (N),strict_table_extraction_v1_6
Appendix - Carcinoma,AJCC8,any,N,N1,"One to three regional lymph nodes are positive (tumor in lymph node measuring ≥0.2 mm) or any number of tumor deposits is present, and all identifiable lymph nodes are negative",,strict_table_extracted_v1_6,65,Definition of Regional Lymph Node (N),strict_table_extraction_v1_6
Appendix - Carcinoma,AJCC8,any,N,N1a,One regional lymph node is positive,,strict_table_extracted_v1_6,65,Definition of Regional Lymph Node (N),strict_table_extraction_v1_6
Appendix - Carcinoma,AJCC8,any,N,N1b,Two or three regional lymph nodes are positive,,strict_table_extracted_v1_6,65,Definition of Regional Lymph Node (N),strict_table_extraction_v1_6
Appendix - Carcinoma,AJCC8,any,N,N1c,"No regional lymph nodes are positive, but there are tumor deposits in the subserosa or mesentery",,strict_table_extracted_v1_6,65,Definition of Regional Lymph Node (N),strict_table_extraction_v1_6
Appendix - Carcinoma,AJCC8,any,N,N2,Four or more regional lymph nodes are positive,,strict_table_extracted_v1_6,65,Definition of Regional Lymph Node (N),strict_table_extraction_v1_6
Appendix - Carcinoma,AJCC8,any,M,M0,No distant metastasis,,strict_table_extracted_v1_6,65,Definition of Distant Metastasis (M),strict_table_extraction_v1_6
Appendix - Carcinoma,AJCC8,any,M,M1,Distant metastasis,,strict_table_extracted_v1_6,65,Definition of Distant Metastasis (M),strict_table_extraction_v1_6
Appendix - Carcinoma,AJCC8,any,M,M1a,"Intraperitoneal acellular mucin, without identifiable tumor cells in the disseminated peritoneal mucinous deposits",,strict_table_extracted_v1_6,65,Definition of Distant Metastasis (M),strict_table_extraction_v1_6
Appendix - Carcinoma,AJCC8,any,M,M1b,"Intraperitoneal metastasis only, including peritoneal mucinous deposits containing tumor cells",,strict_table_extracted_v1_6,65,Definition of Distant Metastasis (M),strict_table_extraction_v1_6
Appendix - Carcinoma,AJCC8,any,M,M1c,"Metastasis to sites other than peritoneum tumor cells, efforts should be made to obtain additional tissue for thor- ough histologic examination to evaluate for cellularity HISTOLOGIC GRADE (G) G Definition GX Grade cannot be assessed G1 Well differentiated G2 Moderately differentiated G3 Poorly differentiated",,strict_table_extracted_v1_6,65,Definition of Distant Metastasis (M),strict_table_extraction_v1_6
Ampulla of Vater,AJCC8,any,T,TX,Primary tumor cannot be assessed,,strict_table_extracted_v1_6,77,Definition of Primary Tumor (T),strict_table_extraction_v1_6
Ampulla of Vater,AJCC8,any,T,T0,No evidence of primary tumor,,strict_table_extracted_v1_6,77,Definition of Primary Tumor (T),strict_table_extraction_v1_6
Ampulla of Vater,AJCC8,any,T,Tis,Carcinoma in situ,,strict_table_extracted_v1_6,77,Definition of Primary Tumor (T),strict_table_extraction_v1_6
Ampulla of Vater,AJCC8,any,T,T1,Tumor limited to ampulla of Vater or sphincter of Oddi or tumor invades beyond the sphincter of Oddi (perisphincteric invasion) and/or into the duodenal submucosa,,strict_table_extracted_v1_6,77,Definition of Primary Tumor (T),strict_table_extraction_v1_6
Ampulla of Vater,AJCC8,any,T,T1a,Tumor limited to ampulla of Vater or sphincter of Oddi,,strict_table_extracted_v1_6,77,Definition of Primary Tumor (T),strict_table_extraction_v1_6
Ampulla of Vater,AJCC8,any,T,T1b,Tumor invades beyond the sphincter of Oddi (perisphincteric invasion) and/or into the duodenal submucosa,,strict_table_extracted_v1_6,77,Definition of Primary Tumor (T),strict_table_extraction_v1_6
Ampulla of Vater,AJCC8,any,T,T2,Tumor invades into the muscularis propria of the duodenum,,strict_table_extracted_v1_6,77,Definition of Primary Tumor (T),strict_table_extraction_v1_6
Ampulla of Vater,AJCC8,any,T,T3,"Tumor directly invades the pancreas (up to 0.5 cm) or tumor extends more than 0.5 cm into the pancreas, or extends into peripancreatic or periduodenal tissue or duodenal serosa without involvement of the celiac axis or superior mesenteric artery",,strict_table_extracted_v1_6,77,Definition of Primary Tumor (T),strict_table_extraction_v1_6
Ampulla of Vater,AJCC8,any,T,T3a,Tumor directly invades pancreas (up to 0.5 cm),,strict_table_extracted_v1_6,77,Definition of Primary Tumor (T),strict_table_extraction_v1_6
Ampulla of Vater,AJCC8,any,T,T3b,"Tumor extends more than 0.5 cm into the pancreas, or extends into peripancreatic tissue or periduodenal tissue or duodenal serosa without involvement of the celiac axis or superior mesenteric artery",,strict_table_extracted_v1_6,77,Definition of Primary Tumor (T),strict_table_extraction_v1_6
Ampulla of Vater,AJCC8,any,T,T4,"Tumor involves the celiac axis, superior mesenteric artery, and/or common hepatic artery, irrespective of size",,strict_table_extracted_v1_6,77,Definition of Primary Tumor (T),strict_table_extraction_v1_6
Ampulla of Vater,AJCC8,any,N,NX,Regional lymph nodes cannot be assessed,,strict_table_extracted_v1_6,77,Definition of Regional Lymph Node (N),strict_table_extraction_v1_6
Ampulla of Vater,AJCC8,any,N,N0,No regional lymph node metastasis,,strict_table_extracted_v1_6,77,Definition of Regional Lymph Node (N),strict_table_extraction_v1_6
Ampulla of Vater,AJCC8,any,N,N1,Metastasis to one to three regional lymph nodes,,strict_table_extracted_v1_6,77,Definition of Regional Lymph Node (N),strict_table_extraction_v1_6
Ampulla of Vater,AJCC8,any,N,N2,Metastasis to four or more regional lymph nodes,,strict_table_extracted_v1_6,77,Definition of Regional Lymph Node (N),strict_table_extraction_v1_6
Ampulla of Vater,AJCC8,any,M,M0,No distant metastasis,,strict_table_extracted_v1_6,77,Definition of Distant Metastasis (M),strict_table_extraction_v1_6
Ampulla of Vater,AJCC8,any,M,M1,Distant metastasis,,strict_table_extracted_v1_6,77,Definition of Distant Metastasis (M),strict_table_extraction_v1_6
Neuroendocrine Tumors of the Stomach,AJCC8,any,T,TX,Primary tumor cannot be assessed,,strict_table_extracted_v1_6,81,Definition of Primary Tumor (T),strict_table_extraction_v1_6
Neuroendocrine Tumors of the Stomach,AJCC8,any,T,T0,No evidence of primary tumor,,strict_table_extracted_v1_6,81,Definition of Primary Tumor (T),strict_table_extraction_v1_6
Neuroendocrine Tumors of the Stomach,AJCC8,any,T,T1,Invades the lamina propria or submucosa and less than or equal to 1 cm in size,,strict_table_extracted_v1_6,81,Definition of Primary Tumor (T),strict_table_extraction_v1_6
Neuroendocrine Tumors of the Stomach,AJCC8,any,T,T2,Invades the muscularis propria or greater than 1 cm in size,,strict_table_extracted_v1_6,81,Definition of Primary Tumor (T),strict_table_extraction_v1_6
Neuroendocrine Tumors of the Stomach,AJCC8,any,T,T3,Invades through the muscularis propria into subserosal tissue without penetration of overlying serosa,,strict_table_extracted_v1_6,81,Definition of Primary Tumor (T),strict_table_extraction_v1_6
Neuroendocrine Tumors of the Stomach,AJCC8,any,T,T4,"Invades visceral peritoneum (serosa) or other organs or adjacent structures X = 1-4 and # = number of primary tumors identified**]; for multiple tumors with different Ts, use the highest. **Example: If there are two primary tumors, one of which penetrates only the subserosa, we define the primary tumor as either T3(2) or T3(m).",,strict_table_extracted_v1_6,81,Definition of Primary Tumor (T),strict_table_extraction_v1_6
Neuroendocrine Tumors of the Stomach,AJCC8,any,N,NX,Regional lymph nodes cannot be assessed,,strict_table_extracted_v1_6,81,Definition of Regional Lymph Node (N),strict_table_extraction_v1_6
Neuroendocrine Tumors of the Stomach,AJCC8,any,N,N0,No regional lymph node metastasis,,strict_table_extracted_v1_6,81,Definition of Regional Lymph Node (N),strict_table_extraction_v1_6
Neuroendocrine Tumors of the Stomach,AJCC8,any,N,N1,Regional lymph node metastasis,,strict_table_extracted_v1_6,81,Definition of Regional Lymph Node (N),strict_table_extraction_v1_6
Neuroendocrine Tumors of the Stomach,AJCC8,any,M,M0,No distant metastasis,,strict_table_extracted_v1_6,81,Definition of Distant Metastasis (M),strict_table_extraction_v1_6
Neuroendocrine Tumors of the Stomach,AJCC8,any,M,M1,Distant metastasis,,strict_table_extracted_v1_6,81,Definition of Distant Metastasis (M),strict_table_extraction_v1_6
Neuroendocrine Tumors of the Stomach,AJCC8,any,M,M1a,Metastasis confined to liver,,strict_table_extracted_v1_6,81,Definition of Distant Metastasis (M),strict_table_extraction_v1_6
Neuroendocrine Tumors of the Stomach,AJCC8,any,M,M1b,"Metastases in at least one extrahepatic site (e.g., lung, ovary, nonregional lymph node, peritoneum, bone)",,strict_table_extracted_v1_6,81,Definition of Distant Metastasis (M),strict_table_extraction_v1_6
Neuroendocrine Tumors of the Stomach,AJCC8,any,M,M1c,Both hepatic and extrahepatic metastases,,strict_table_extracted_v1_6,81,Definition of Distant Metastasis (M),strict_table_extraction_v1_6
Neuroendocrine Tumors of the Jejunum and Ileum,AJCC8,any,T,TX,Primary tumor cannot be assessed,,strict_table_extracted_v1_6,84,Definition of Primary Tumor (T),strict_table_extraction_v1_6
Neuroendocrine Tumors of the Jejunum and Ileum,AJCC8,any,T,T0,No evidence of primary tumor,,strict_table_extracted_v1_6,84,Definition of Primary Tumor (T),strict_table_extraction_v1_6
Neuroendocrine Tumors of the Jejunum and Ileum,AJCC8,any,T,T1,Invades lamina propria or submucosa and less than or equal to1 cm in size,,strict_table_extracted_v1_6,84,Definition of Primary Tumor (T),strict_table_extraction_v1_6
Neuroendocrine Tumors of the Jejunum and Ileum,AJCC8,any,T,T2,Invades muscularis propria or greater than 1 cm in size,,strict_table_extracted_v1_6,84,Definition of Primary Tumor (T),strict_table_extraction_v1_6
Neuroendocrine Tumors of the Jejunum and Ileum,AJCC8,any,T,T3,Invades through the muscularis propria into subserosal tissue without penetration of overlying serosa,,strict_table_extracted_v1_6,84,Definition of Primary Tumor (T),strict_table_extraction_v1_6
Neuroendocrine Tumors of the Jejunum and Ileum,AJCC8,any,T,T4,"Invades visceral peritoneum (serosal) or other organs or adjacent structures X = 1-4, and # = number of primary tumors identified**]; for multiple tumors with different T, use the highest. **Example: If there are two primary tumors, only one of which invades through the muscularis propria into subserosal tissue without penetra- tion of overlying serosa (jejunal or ileal), we define the primary tumor as either T3(2) or T3(m).",,strict_table_extracted_v1_6,84,Definition of Primary Tumor (T),strict_table_extraction_v1_6
Neuroendocrine Tumors of the Jejunum and Ileum,AJCC8,any,N,NX,Regional lymph nodes cannot be assessed,,strict_table_extracted_v1_6,84,Definition of Regional Lymph Node (N),strict_table_extraction_v1_6
Neuroendocrine Tumors of the Jejunum and Ileum,AJCC8,any,N,N0,No regional lymph node metastasis has occurred,,strict_table_extracted_v1_6,84,Definition of Regional Lymph Node (N),strict_table_extraction_v1_6
Neuroendocrine Tumors of the Jejunum and Ileum,AJCC8,any,N,N1,Regional lymph node metastasis less than 12 nodes,,strict_table_extracted_v1_6,84,Definition of Regional Lymph Node (N),strict_table_extraction_v1_6
Neuroendocrine Tumors of the Jejunum and Ileum,AJCC8,clinical,N,N2,"Large mesenteric masses (>2 cm) and/or extensive nodal deposits (12 or greater), especially those that encase the superior mesenteric vessels",,strict_table_extracted_v1_6,84,Definition of Regional Lymph Node (N),strict_table_extraction_v1_6
Neuroendocrine Tumors of the Jejunum and Ileum,AJCC8,any,M,M0,No distant metastasis,,strict_table_extracted_v1_6,84,Definition of Distant Metastasis (M),strict_table_extraction_v1_6
Neuroendocrine Tumors of the Jejunum and Ileum,AJCC8,any,M,M1,Distant metastasis,,strict_table_extracted_v1_6,84,Definition of Distant Metastasis (M),strict_table_extraction_v1_6
Neuroendocrine Tumors of the Jejunum and Ileum,AJCC8,any,M,M1a,Metastasis confined to liver,,strict_table_extracted_v1_6,84,Definition of Distant Metastasis (M),strict_table_extraction_v1_6
Neuroendocrine Tumors of the Jejunum and Ileum,AJCC8,any,M,M1b,"Metastases in at least one extrahepatic site (e.g., lung, ovary, nonregional lymph node, peritoneum, bone)",,strict_table_extracted_v1_6,84,Definition of Distant Metastasis (M),strict_table_extraction_v1_6
Neuroendocrine Tumors of the Jejunum and Ileum,AJCC8,any,M,M1c,Both hepatic and extrahepatic metastases,,strict_table_extracted_v1_6,84,Definition of Distant Metastasis (M),strict_table_extraction_v1_6
Neuroendocrine Tumors of the Appendix,AJCC8,any,T,TX,Primary tumor cannot be assessed,,strict_table_extracted_v1_6,87,Definition of Primary Tumor (T),strict_table_extraction_v1_6
Neuroendocrine Tumors of the Appendix,AJCC8,any,T,T0,No evidence of primary tumor,,strict_table_extracted_v1_6,87,Definition of Primary Tumor (T),strict_table_extraction_v1_6
Neuroendocrine Tumors of the Appendix,AJCC8,any,T,T1,Tumor 2 cm or less in greatest dimension,,strict_table_extracted_v1_6,87,Definition of Primary Tumor (T),strict_table_extraction_v1_6
Neuroendocrine Tumors of the Appendix,AJCC8,any,T,T2,Tumor more than 2 cm but less than or equal to 4 cm,,strict_table_extracted_v1_6,87,Definition of Primary Tumor (T),strict_table_extraction_v1_6
Neuroendocrine Tumors of the Appendix,AJCC8,any,T,T3,Tumor more than 4 cm or with subserosal invasion or involvement of the mesoappendix,,strict_table_extracted_v1_6,87,Definition of Primary Tumor (T),strict_table_extraction_v1_6
Neuroendocrine Tumors of the Appendix,AJCC8,any,T,T4,"Tumor perforates the peritoneum or directly invades other adjacent organs or structures (excluding direct mural extension to adjacent subserosa of adjacent bowel), e.g., abdominal wall and skeletal muscle",,strict_table_extracted_v1_6,87,Definition of Primary Tumor (T),strict_table_extraction_v1_6
Neuroendocrine Tumors of the Appendix,AJCC8,any,N,NX,Regional lymph nodes cannot be assessed,,strict_table_extracted_v1_6,87,Definition of Regional Lymph Node (N),strict_table_extraction_v1_6
Neuroendocrine Tumors of the Appendix,AJCC8,any,N,N0,No regional lymph node metastasis,,strict_table_extracted_v1_6,87,Definition of Regional Lymph Node (N),strict_table_extraction_v1_6
Neuroendocrine Tumors of the Appendix,AJCC8,any,N,N1,Regional lymph node metastasis,,strict_table_extracted_v1_6,87,Definition of Regional Lymph Node (N),strict_table_extraction_v1_6
Neuroendocrine Tumors of the Appendix,AJCC8,any,M,M0,No distant metastasis,,strict_table_extracted_v1_6,87,Definition of Distant Metastasis (M),strict_table_extraction_v1_6
Neuroendocrine Tumors of the Appendix,AJCC8,any,M,M1,Distant metastasis,,strict_table_extracted_v1_6,87,Definition of Distant Metastasis (M),strict_table_extraction_v1_6
Neuroendocrine Tumors of the Appendix,AJCC8,any,M,M1a,Metastasis confined to liver,,strict_table_extracted_v1_6,87,Definition of Distant Metastasis (M),strict_table_extraction_v1_6
Neuroendocrine Tumors of the Appendix,AJCC8,any,M,M1b,"Metastases in at least one extrahepatic site (e.g., lung, ovary, nonregional lymph node, peritoneum, bone)",,strict_table_extracted_v1_6,87,Definition of Distant Metastasis (M),strict_table_extraction_v1_6
Neuroendocrine Tumors of the Appendix,AJCC8,any,M,M1c,Both hepatic and extrahepatic metastases,,strict_table_extracted_v1_6,87,Definition of Distant Metastasis (M),strict_table_extraction_v1_6
Neuroendocrine Tumors of the Colon and Rectum,AJCC8,any,T,TX,Primary tumor cannot be assessed,,strict_table_extracted_v1_6,91,Definition of Primary Tumor (T),strict_table_extraction_v1_6
Neuroendocrine Tumors of the Colon and Rectum,AJCC8,any,T,T0,No evidence of primary tumor,,strict_table_extracted_v1_6,91,Definition of Primary Tumor (T),strict_table_extraction_v1_6
Neuroendocrine Tumors of the Colon and Rectum,AJCC8,any,T,T1,Tumor invades the lamina propria or submucosa and is ≤2 cm,,strict_table_extracted_v1_6,91,Definition of Primary Tumor (T),strict_table_extraction_v1_6
Neuroendocrine Tumors of the Colon and Rectum,AJCC8,any,T,T1a,Tumor <1 cm in greatest dimension,,strict_table_extracted_v1_6,91,Definition of Primary Tumor (T),strict_table_extraction_v1_6
Neuroendocrine Tumors of the Colon and Rectum,AJCC8,any,T,T1b,Tumor 1-2 cm in greatest dimension,,strict_table_extracted_v1_6,91,Definition of Primary Tumor (T),strict_table_extraction_v1_6
Neuroendocrine Tumors of the Colon and Rectum,AJCC8,any,T,T2,Tumor invades the muscularis propria or is >2 cm with invasion of the lamina propria or submucosa,,strict_table_extracted_v1_6,91,Definition of Primary Tumor (T),strict_table_extraction_v1_6
Neuroendocrine Tumors of the Colon and Rectum,AJCC8,any,T,T3,Tumor invades through the muscularis propria into subserosal tissue without penetration of overlying serosa,,strict_table_extracted_v1_6,91,Definition of Primary Tumor (T),strict_table_extraction_v1_6
Neuroendocrine Tumors of the Colon and Rectum,AJCC8,any,T,T4,"Tumor invades the visceral peritoneum (serosa) or other organs or adjacent structures where X = 1-4 and # = number of primary tumors identified**]; for multiple tumors with different T, use the highest. **Example: If there are two primary tumors, only one of which invades through the muscularis propria into the subserosal tissue without pene- tration of the overlying serosa, we define the primary tumor as either T3(2) or T3(m).",,strict_table_extracted_v1_6,91,Definition of Primary Tumor (T),strict_table_extraction_v1_6
Neuroendocrine Tumors of the Colon and Rectum,AJCC8,any,N,NX,Regional lymph nodes cannot be assessed,,strict_table_extracted_v1_6,91,Definition of Regional Lymph Node (N),strict_table_extraction_v1_6
Neuroendocrine Tumors of the Colon and Rectum,AJCC8,any,N,N0,No regional lymph node metastasis has occurred,,strict_table_extracted_v1_6,91,Definition of Regional Lymph Node (N),strict_table_extraction_v1_6
Neuroendocrine Tumors of the Colon and Rectum,AJCC8,any,N,N1,Regional lymph node metastasis,,strict_table_extracted_v1_6,91,Definition of Regional Lymph Node (N),strict_table_extraction_v1_6
Neuroendocrine Tumors of the Colon and Rectum,AJCC8,any,M,M0,No distant metastasis,,strict_table_extracted_v1_6,91,Definition of Distant Metastasis (M),strict_table_extraction_v1_6
Neuroendocrine Tumors of the Colon and Rectum,AJCC8,any,M,M1,Distant metastasis,,strict_table_extracted_v1_6,91,Definition of Distant Metastasis (M),strict_table_extraction_v1_6
Neuroendocrine Tumors of the Colon and Rectum,AJCC8,any,M,M1a,Metastasis confined to liver,,strict_table_extracted_v1_6,91,Definition of Distant Metastasis (M),strict_table_extraction_v1_6
Neuroendocrine Tumors of the Colon and Rectum,AJCC8,any,M,M1b,"Metastases in at least one extrahepatic site (e.g., lung, ovary, nonregional lymph node, peritoneum, bone)",,strict_table_extracted_v1_6,91,Definition of Distant Metastasis (M),strict_table_extraction_v1_6
Neuroendocrine Tumors of the Colon and Rectum,AJCC8,any,M,M1c,Both hepatic and extrahepatic metastases,,strict_table_extracted_v1_6,91,Definition of Distant Metastasis (M),strict_table_extraction_v1_6
Neuroendocrine Tumors of the Pancreas,AJCC8,any,T,TX,Tumor cannot be assessed,,strict_table_extracted_v1_6,93,Definition of Primary Tumor (T),strict_table_extraction_v1_6
Neuroendocrine Tumors of the Pancreas,AJCC8,any,T,T1,"Tumor limited to the pancreas,* <2 cm",,strict_table_extracted_v1_6,93,Definition of Primary Tumor (T),strict_table_extraction_v1_6
Neuroendocrine Tumors of the Pancreas,AJCC8,any,T,T2,"Tumor limited to the pancreas,* 2−4 cm",,strict_table_extracted_v1_6,93,Definition of Primary Tumor (T),strict_table_extraction_v1_6
Neuroendocrine Tumors of the Pancreas,AJCC8,any,T,T3,"Tumor limited to the pancreas,* >4 cm; or tumor invading the duodenum or common bile duct",,strict_table_extracted_v1_6,93,Definition of Primary Tumor (T),strict_table_extraction_v1_6
Neuroendocrine Tumors of the Pancreas,AJCC8,any,T,T4,"Tumor invading adjacent organs (stomach, spleen, colon, adrenal gland) or the wall of large vessels (celiac axis or the superior mesenteric artery)",,strict_table_extracted_v1_6,93,Definition of Primary Tumor (T),strict_table_extraction_v1_6
Malignant Pleural Mesothelioma,AJCC8,any,T,TX,Primary tumor cannot be assessed,,strict_table_extracted_v1_6,98,Definition of Regional Lymph Node (N),strict_table_extraction_v1_6
Malignant Pleural Mesothelioma,AJCC8,any,T,T0,No evidence of primary tumor,,strict_table_extracted_v1_6,98,Definition of Regional Lymph Node (N),strict_table_extraction_v1_6
Malignant Pleural Mesothelioma,AJCC8,any,T,T1,Tumor limited to the ipsilateral parietal pleura with or without involvement of • visceral pleura • mediastinal pleura • diaphragmatic pleura,,strict_table_extracted_v1_6,98,Definition of Regional Lymph Node (N),strict_table_extraction_v1_6
Malignant Pleural Mesothelioma,AJCC8,any,T,T2,"Tumor involving each of the ipsilateral pleural surfaces (parietal, mediastinal, diaphragmatic, and visceral pleura) with at least one of the following features: • involvement of diaphragmatic muscle • extension of tumor from visceral pleura into the underlying pulmonary parenchyma",,strict_table_extracted_v1_6,98,Definition of Regional Lymph Node (N),strict_table_extraction_v1_6
Malignant Pleural Mesothelioma,AJCC8,any,T,T3,"Describes locally advanced but potentially resectable tumor. Tumor involving all the ipsilateral pleural surfaces (parietal, mediastinal, diaphragmatic, and visceral pleura) with at least one of the following features: • involvement of the endothoracic fascia • extension into the mediastinal fat • solitary, completely resectable focus of tumor extending into the soft tissues of the chest wall • nontransmural involvement of the pericardium",,strict_table_extracted_v1_6,98,Definition of Regional Lymph Node (N),strict_table_extraction_v1_6
Malignant Pleural Mesothelioma,AJCC8,any,T,T4,"Describes locally advanced technically unresectable tumor. Tumor involving all the ipsilateral pleural surfaces (parietal, mediastinal, diaphragmatic, and visceral pleura) with at least one of the following features: • diffuse extension or multifocal masses of tumor in the chest wall, with or without associated rib destruction • direct transdiaphragmatic extension of tumor to the peritoneum • direct extension of tumor to the contralateral pleura • direct extension of tumor to mediastinal organs • direct extension of tumor into the spine • tumor extending through to the internal surface of the pericardium with or without a pericardial effusion; or tumor involving the myocardium",,strict_table_extracted_v1_6,98,Definition of Regional Lymph Node (N),strict_table_extraction_v1_6
Malignant Pleural Mesothelioma,AJCC8,any,N,NX,Regional lymph nodes cannot be assessed,,strict_table_extracted_v1_6,98,Definition of Regional Lymph Node (N),strict_table_extraction_v1_6
Malignant Pleural Mesothelioma,AJCC8,any,N,N0,No regional lymph node metastases,,strict_table_extracted_v1_6,98,Definition of Regional Lymph Node (N),strict_table_extraction_v1_6
Malignant Pleural Mesothelioma,AJCC8,any,N,N1,"Metastases in the ipsilateral bronchopulmonary, hilar, or mediastinal (including the internal mammary, peridiaphragmatic, pericardial fat pad, or intercostal) lymph nodes",,strict_table_extracted_v1_6,98,Definition of Regional Lymph Node (N),strict_table_extraction_v1_6
Malignant Pleural Mesothelioma,AJCC8,any,N,N2,"Metastases in the contralateral mediastinal, ipsilateral, or contralateral supraclavicular lymph nodes",,strict_table_extracted_v1_6,98,Definition of Regional Lymph Node (N),strict_table_extraction_v1_6
Gastrointestinal Stromal Tumor,AJCC8,any,T,TX,Primary tumor cannot be assessed,,strict_table_extracted_v1_6,109,Definition of Primary Tumor (T),strict_table_extraction_v1_6
Gastrointestinal Stromal Tumor,AJCC8,any,T,T0,No evidence of primary tumor,,strict_table_extracted_v1_6,109,Definition of Primary Tumor (T),strict_table_extraction_v1_6
Gastrointestinal Stromal Tumor,AJCC8,any,T,T1,Tumor 2 cm or less,,strict_table_extracted_v1_6,109,Definition of Primary Tumor (T),strict_table_extraction_v1_6
Gastrointestinal Stromal Tumor,AJCC8,any,T,T2,Tumor more than 2 cm but not more than 5 cm,,strict_table_extracted_v1_6,109,Definition of Primary Tumor (T),strict_table_extraction_v1_6
Gastrointestinal Stromal Tumor,AJCC8,any,T,T3,Tumor more than 5 cm but not more than 10 cm,,strict_table_extracted_v1_6,109,Definition of Primary Tumor (T),strict_table_extraction_v1_6
Gastrointestinal Stromal Tumor,AJCC8,any,T,T4,Tumor more than 10 cm in greatest dimension,,strict_table_extracted_v1_6,109,Definition of Primary Tumor (T),strict_table_extraction_v1_6
Gastrointestinal Stromal Tumor,AJCC8,any,N,N0,No regional lymph node metastasis or unknown lymph node status,,strict_table_extracted_v1_6,109,Definition of Regional Lymph Node (N),strict_table_extraction_v1_6
Gastrointestinal Stromal Tumor,AJCC8,any,N,N1,Regional lymph node metastasis,,strict_table_extracted_v1_6,109,Definition of Regional Lymph Node (N),strict_table_extraction_v1_6
Gastrointestinal Stromal Tumor,AJCC8,any,M,M0,No distant metastasis,,strict_table_extracted_v1_6,109,Definition of Distant Metastasis (M),strict_table_extraction_v1_6
Gastrointestinal Stromal Tumor,AJCC8,any,M,M1,Distant metastasis Definition of Mitotic Rate Mitotic rate Definition Low 5 or fewer mitoses per 5 mm2 High Over 5 mitoses per 5 mm2,,strict_table_extracted_v1_6,109,Definition of Distant Metastasis (M),strict_table_extraction_v1_6
Breast,AJCC8,any,T,TX,Primary tumor cannot be assessed,,strict_table_extracted_v1_6,154,Definition of Primary Tumor (T) - Clinical,strict_table_extraction_v1_6
Breast,AJCC8,any,T,T0,No evidence of primary tumor,,strict_table_extracted_v1_6,154,Definition of Primary Tumor (T) - Clinical,strict_table_extraction_v1_6
Breast,AJCC8,any,T,Tis (DCIS),Ductal carcinoma in situ,,strict_table_extracted_v1_6,154,Definition of Primary Tumor (T) - Clinical,strict_table_extraction_v1_6
Breast,AJCC8,any,T,Tis (Paget),"Paget disease of the nipple NOT associated with invasive carcinoma and/or carcinoma in situ (DCIS) in the underlying breast parenchyma. Carcinomas in the breast parenchyma associated with Paget disease are categorized based on the size and characteristics of the parenchymal disease, although the presence of Paget disease should still be noted.",,strict_table_extracted_v1_6,154,Definition of Primary Tumor (T) - Clinical,strict_table_extraction_v1_6
Breast,AJCC8,any,T,T1,Tumor ≤20 mm in greatest dimension,,strict_table_extracted_v1_6,154,Definition of Primary Tumor (T) - Clinical,strict_table_extraction_v1_6
Breast,AJCC8,any,T,T1mi,Tumor ≤1 mm in greatest dimension,,strict_table_extracted_v1_6,154,Definition of Primary Tumor (T) - Clinical,strict_table_extraction_v1_6
Breast,AJCC8,any,T,T1a,Tumor >1 mm but ≤5 mm in greatest dimension (round any measurement >1.0-1.9 mm to 2 mm).,,strict_table_extracted_v1_6,154,Definition of Primary Tumor (T) - Clinical,strict_table_extraction_v1_6
Breast,AJCC8,any,T,T1b,Tumor >5 mm but ≤10 mm in greatest dimension,,strict_table_extracted_v1_6,154,Definition of Primary Tumor (T) - Clinical,strict_table_extraction_v1_6
Breast,AJCC8,any,T,T1c,Tumor >10 mm but ≤20 mm in greatest dimension,,strict_table_extracted_v1_6,154,Definition of Primary Tumor (T) - Clinical,strict_table_extraction_v1_6
Breast,AJCC8,any,T,T2,Tumor >20 mm but ≤50 mm in greatest dimension,,strict_table_extracted_v1_6,154,Definition of Primary Tumor (T) - Clinical,strict_table_extraction_v1_6
Breast,AJCC8,any,T,T3,Tumor >50 mm in greatest dimension,,strict_table_extracted_v1_6,154,Definition of Primary Tumor (T) - Clinical,strict_table_extraction_v1_6
Breast,AJCC8,any,T,T4,Tumor of any size with direct extension to the chest wall and/or to the skin (ulceration or macroscopic nodules); invasion of the dermis alone does not qualify as T4,,strict_table_extracted_v1_6,154,Definition of Primary Tumor (T) - Clinical,strict_table_extraction_v1_6
Breast,AJCC8,any,T,T4a,Extension to the chest wall; invasion or adherence to pectoralis muscle in the absence of invasion of chest wall structures does not qualify as T4,,strict_table_extracted_v1_6,154,Definition of Primary Tumor (T) - Clinical,strict_table_extraction_v1_6
Breast,AJCC8,any,T,T4b,Ulceration and/or ipsilateral macroscopic satellite nodules and/or edema (including peau d’orange) of the skin that does not meet the criteria for inflammatory carcinoma,,strict_table_extracted_v1_6,154,Definition of Primary Tumor (T) - Clinical,strict_table_extraction_v1_6
Breast,AJCC8,any,T,T4c,Both T4a and T4b are present,,strict_table_extracted_v1_6,154,Definition of Primary Tumor (T) - Clinical,strict_table_extraction_v1_6
Breast,AJCC8,any,T,T4d,"Inflammatory carcinoma (see section “Rules for Classification”) removed from TNM staging in the AJCC Cancer Staging Manual, 8th Edition.",,strict_table_extracted_v1_6,154,Definition of Primary Tumor (T) - Clinical,strict_table_extraction_v1_6
Breast,AJCC8,clinical,N,NX,"Regional lymph nodes cannot be assessed (e.g., previously removed)",,strict_table_extracted_v1_6,154,Definition of Regional Lymph Nodes -,strict_table_extraction_v1_6
Breast,AJCC8,clinical,N,N0,No regional lymph node metastases (by imaging or clinical examination),,strict_table_extracted_v1_6,154,Definition of Regional Lymph Nodes -,strict_table_extraction_v1_6
Breast,AJCC8,clinical,N,N1,"Metastases to movable ipsilateral Level I, II axillary lymph node(s)",,strict_table_extracted_v1_6,154,Definition of Regional Lymph Nodes -,strict_table_extraction_v1_6
Breast,AJCC8,clinical,N,N1mi,"Micrometastases (approximately 200 cells, larger than 0.2 mm, but none larger than 2.0 mm)",,strict_table_extracted_v1_6,154,Definition of Regional Lymph Nodes -,strict_table_extraction_v1_6
Breast,AJCC8,clinical,N,N2,"Metastases in ipsilateral Level I, II axillary lymph nodes that are clinically fixed or matted; or in ipsilateral internal mammary nodes in the absence of axillary lymph node metastases cN Criteria",,strict_table_extracted_v1_6,154,Definition of Regional Lymph Nodes -,strict_table_extraction_v1_6
Breast,AJCC8,clinical,N,N2a,"Metastases in ipsilateral Level I, II axillary lymph nodes fixed to one another (matted) or to other structures",,strict_table_extracted_v1_6,154,Definition of Regional Lymph Nodes -,strict_table_extraction_v1_6
Breast,AJCC8,clinical,N,N2b,Metastases only in ipsilateral internal mammary nodes in the absence of axillary lymph node metastases,,strict_table_extracted_v1_6,154,Definition of Regional Lymph Nodes -,strict_table_extraction_v1_6
Breast,AJCC8,clinical,N,N3,"Metastases in ipsilateral infraclavicular (Level III axillary) lymph node(s) with or without Level I, II axillary lymph node involvement; or in ipsilateral internal mammary lymph node(s) with Level I, II axillary lymph node metastases; or metastases in ipsilateral supraclavicular lymph node(s) with or without axillary or internal mammary lymph node involvement",,strict_table_extracted_v1_6,154,Definition of Regional Lymph Nodes -,strict_table_extraction_v1_6
Breast,AJCC8,clinical,N,N3a,Metastases in ipsilateral infraclavicular lymph node(s),,strict_table_extracted_v1_6,154,Definition of Regional Lymph Nodes -,strict_table_extraction_v1_6
Breast,AJCC8,clinical,N,N3b,Metastases in ipsilateral internal mammary lymph node(s) and axillary lymph node(s),,strict_table_extracted_v1_6,154,Definition of Regional Lymph Nodes -,strict_table_extraction_v1_6
Breast,AJCC8,clinical,N,N3c,"Metastases in ipsilateral supraclavicular lymph node(s) confirmation of metastasis by sentinel node biopsy or fine needle aspi- ration/core needle biopsy respectively. *The cNX category is used sparingly in cases where regional lymph nodes have previously been surgically removed or where there is no documentation of physical examination of the axilla. **cN1mi is rarely used but may be appropriate in cases where sentinel node biopsy is performed before tumor resection, most likely to occur in cases treated with neoadjuvant therapy.",,strict_table_extracted_v1_6,154,Definition of Regional Lymph Nodes -,strict_table_extraction_v1_6
Breast,AJCC8,pathological,N,NX,"Regional lymph nodes cannot be assessed (e.g., not removed for pathological study or previously removed)",,strict_table_extracted_v1_6,154,Definition of Regional Lymph Nodes -,strict_table_extraction_v1_6
Breast,AJCC8,pathological,N,N0,No regional lymph node metastasis identified or ITCs only,,strict_table_extracted_v1_6,154,Definition of Regional Lymph Nodes -,strict_table_extraction_v1_6
Breast,AJCC8,pathological,N,N0(i+),ITCs only (malignant cell clusters no larger than 0.2 mm) in regional lymph node(s),,strict_table_extracted_v1_6,154,Definition of Regional Lymph Nodes -,strict_table_extraction_v1_6
Breast,AJCC8,pathological,N,N0(mol+),Positive molecular findings by reverse transcriptase polymerase chain reaction (RT-PCR); no ITCs detected,,strict_table_extracted_v1_6,154,Definition of Regional Lymph Nodes -,strict_table_extraction_v1_6
Breast,AJCC8,pathological,N,N1,Micrometastases; or metastases in 1-3 axillary lymph nodes; and/or clinically negative internal mammary nodes with micrometastases or macrometastases by sentinel lymph node biopsy,,strict_table_extracted_v1_6,154,Definition of Regional Lymph Nodes -,strict_table_extraction_v1_6
Breast,AJCC8,pathological,N,N1mi,"Micrometastases (approximately 200 cells, larger than 0.2 mm, but none larger than 2.0 mm)",,strict_table_extracted_v1_6,154,Definition of Regional Lymph Nodes -,strict_table_extraction_v1_6
Breast,AJCC8,pathological,N,N1a,or pN2a in the presence of cN2b (positive internal mammary nodes by imaging); or pN2a in the presence of pN1b,,strict_table_extracted_v1_6,155,Definition of Regional Lymph Nodes -,strict_table_extraction_v1_6
Breast,AJCC8,pathological,N,N1b,"Metastases in ipsilateral internal mammary sentinel nodes, excluding ITCs",,strict_table_extracted_v1_6,154,Definition of Regional Lymph Nodes -,strict_table_extraction_v1_6
Breast,AJCC8,pathological,N,N2,Metastases in 4-9 axillary lymph nodes; or positive ipsilateral internal mammary lymph nodes by imaging in the absence of axillary lymph node metastases,,strict_table_extracted_v1_6,154,Definition of Regional Lymph Nodes -,strict_table_extraction_v1_6
Breast,AJCC8,pathological,N,N2a,Metastases in 4-9 axillary lymph nodes (at least one tumor deposit larger than 2.0 mm) pN Criteria,,strict_table_extracted_v1_6,154,Definition of Regional Lymph Nodes -,strict_table_extraction_v1_6
Breast,AJCC8,pathological,N,N2b,Metastases in clinically detected internal mammary lymph nodes with or without microscopic confirmation; with pathologically negative axillary nodes,,strict_table_extracted_v1_6,155,Definition of Regional Lymph Nodes -,strict_table_extraction_v1_6
Breast,AJCC8,pathological,N,N3,"Metastases in 10 or more axillary lymph nodes; or in infraclavicular (Level III axillary) lymph nodes; or positive ipsilateral internal mammary lymph nodes by imaging in the presence of one or more positive Level I, II axillary lymph nodes; or in more than three axillary lymph nodes and micrometastases or macrometastases by sentinel lymph node biopsy in clinically negative ipsilateral internal mammary lymph nodes; or in ipsilateral supraclavicular lymph nodes",,strict_table_extracted_v1_6,155,Definition of Regional Lymph Nodes -,strict_table_extraction_v1_6
Breast,AJCC8,pathological,N,N3a,Metastases in 10 or more axillary lymph nodes (at least one tumor deposit larger than 2.0 mm); or metastases to the infraclavicular (Level III axillary lymph) nodes,,strict_table_extracted_v1_6,155,Definition of Regional Lymph Nodes -,strict_table_extraction_v1_6
Breast,AJCC8,pathological,N,N3c,"Metastases in ipsilateral supraclavicular lymph nodes confirmation of metastasis by sentinel node biopsy or FNA/core needle biopsy respectively, with NO further resection of nodes",,strict_table_extracted_v1_6,155,Definition of Regional Lymph Nodes -,strict_table_extraction_v1_6
Breast,AJCC8,clinical,M,M0,No clinical or radiographic evidence of distant metastases*,,strict_table_extracted_v1_6,155,Definition of Distant Metastasis (M),strict_table_extraction_v1_6
Breast,AJCC8,clinical,M,M0(i+),"No clinical or radiographic evidence of distant metastases in the presence of tumor cells or deposits no larger than 0.2 mm detected microscopically or by molecular techniques in circulating blood, bone marrow, or other nonregional nodal tissue in a patient without symptoms or signs of metastases",,strict_table_extracted_v1_6,155,Definition of Distant Metastasis (M),strict_table_extraction_v1_6
Breast,AJCC8,clinical,M,M1,Distant metastases detected by clinical and radiographic means,,strict_table_extracted_v1_6,155,Definition of Distant Metastasis (M),strict_table_extraction_v1_6
Breast,AJCC8,pathological,M,M1,"Any histologically proven metastases in distant organs; or if in non-regional nodes, metastases greater than 0.2 mm AJCC ANATOMIC AND PROGNOSTIC STAGE GROUPS There are three stage group tables: The Anatomic Stage Group table, the Clinical Prognostic Stage Group table and the",,strict_table_extracted_v1_6,155,Definition of Distant Metastasis (M),strict_table_extraction_v1_6
Vulva,AJCC8,any,N,NX,Regional lymph nodes cannot be assessed,,strict_table_extracted_v1_6,170,Definition of Regional Lymph Node (N),strict_table_extraction_v1_6
Vulva,AJCC8,any,N,N0,No regional lymph node metastasis,,strict_table_extracted_v1_6,170,Definition of Regional Lymph Node (N),strict_table_extraction_v1_6
Vulva,AJCC8,any,N,N0(i+),Isolated tumor cells in regional lymph node(s) no greater than 0.2 mm,,strict_table_extracted_v1_6,170,Definition of Regional Lymph Node (N),strict_table_extraction_v1_6
Vulva,AJCC8,any,N,N1,"III Regional lymph node metastasis with one or two lymph node metastases each less than 5 mm, or one lymph node metastasis greater than or equal to 5 mm",,strict_table_extracted_v1_6,170,Definition of Regional Lymph Node (N),strict_table_extraction_v1_6
Vulva,AJCC8,any,N,N1a,IIIA One or two lymph node metastases each less than 5 mm,,strict_table_extracted_v1_6,170,Definition of Regional Lymph Node (N),strict_table_extraction_v1_6
Vulva,AJCC8,any,N,N1b,IIIA One lymph node metastasis greater than or equal to 5 mm,,strict_table_extracted_v1_6,170,Definition of Regional Lymph Node (N),strict_table_extraction_v1_6
Vulva,AJCC8,any,N,N2,"Regional lymph node metastasis with three or more lymph node metastases each less than 5 mm, or two or more lymph node metastases greater than or equal to 5 mm, or lymph node(s) with extranodal extension",,strict_table_extracted_v1_6,170,Definition of Regional Lymph Node (N),strict_table_extraction_v1_6
Vulva,AJCC8,any,N,N2a,IIIB Three or more lymph node metastases each less than 5 mm,,strict_table_extracted_v1_6,170,Definition of Regional Lymph Node (N),strict_table_extraction_v1_6
Vulva,AJCC8,any,N,N2b,IIIB Two or more lymph node metastases greater than or equal to 5 mm,,strict_table_extracted_v1_6,170,Definition of Regional Lymph Node (N),strict_table_extraction_v1_6
Vulva,AJCC8,any,N,N2c,IIIC Lymph node(s) with extranodal extension,,strict_table_extracted_v1_6,170,Definition of Regional Lymph Node (N),strict_table_extraction_v1_6
Vulva,AJCC8,any,N,N3,"IVA Fixed or ulcerated regional lymph node metastasis *Includes micrometastasis, N1mi and N2mi. be recorded.",,strict_table_extracted_v1_6,170,Definition of Regional Lymph Node (N),strict_table_extraction_v1_6
Vulva,AJCC8,clinical,M,M0,No distant metastasis (no pathological M0; use clinical M to complete stage group),,strict_table_extracted_v1_6,170,Definition of Distant Metastasis (M),strict_table_extraction_v1_6
Vulva,AJCC8,clinical,M,M1,IVB Distant metastasis (including pelvic lymph node metastasis),,strict_table_extracted_v1_6,170,Definition of Distant Metastasis (M),strict_table_extraction_v1_6
Vagina,AJCC8,any,T,TX,Primary tumor cannot be assessed,,strict_table_extracted_v1_6,173,Definition of Primary Tumor (T),strict_table_extraction_v1_6
Vagina,AJCC8,any,T,T0,No evidence of primary tumor,,strict_table_extracted_v1_6,173,Definition of Primary Tumor (T),strict_table_extraction_v1_6
Vagina,AJCC8,any,T,T1,Tumor confined to the vagina,,strict_table_extracted_v1_6,173,Definition of Primary Tumor (T),strict_table_extraction_v1_6
Vagina,AJCC8,any,T,T1a,"Tumor confined to the vagina, measuring ≤2.0 cm",,strict_table_extracted_v1_6,173,Definition of Primary Tumor (T),strict_table_extraction_v1_6
Vagina,AJCC8,any,T,T1b,"Tumor confined to the vagina, measuring >2.0 cm",,strict_table_extracted_v1_6,173,Definition of Primary Tumor (T),strict_table_extraction_v1_6
Vagina,AJCC8,any,T,T2,II Tumor invading paravaginal tissues but not to pelvic sidewall,,strict_table_extracted_v1_6,173,Definition of Primary Tumor (T),strict_table_extraction_v1_6
Vagina,AJCC8,any,T,T2a,"II Tumor invading paravaginal tissues but not to pelvic wall, measuring ≤2.0 cm",,strict_table_extracted_v1_6,173,Definition of Primary Tumor (T),strict_table_extraction_v1_6
Vagina,AJCC8,any,T,T2b,"II Tumor invading paravaginal tissues but not to pelvic wall, measuring >2.0 cm",,strict_table_extracted_v1_6,173,Definition of Primary Tumor (T),strict_table_extraction_v1_6
Vagina,AJCC8,any,T,T3,III Tumor extending to the pelvic sidewall* and/or causing hydronephrosis or nonfunctioning kidney,,strict_table_extracted_v1_6,173,Definition of Primary Tumor (T),strict_table_extraction_v1_6
Vagina,AJCC8,any,T,T4,"IVA Tumor invading the mucosa of the bladder or rectum and/or extending beyond the true pelvis (bullous edema is not sufficient evidence to classify a tumor as T4) *Pelvic sidewall is defined as the muscle, fascia, neurovascular struc- tures, or skeletal portions of the bony pelvis. On rectal examination, there is no cancer-free space between the tumor and pelvic sidewall.",,strict_table_extracted_v1_6,173,Definition of Primary Tumor (T),strict_table_extraction_v1_6
Vagina,AJCC8,any,N,NX,Regional lymph nodes cannot be assessed,,strict_table_extracted_v1_6,173,Definition of Regional Lymph Node (N),strict_table_extraction_v1_6
Vagina,AJCC8,any,N,N0,No regional lymph node metastasis,,strict_table_extracted_v1_6,173,Definition of Regional Lymph Node (N),strict_table_extraction_v1_6
Vagina,AJCC8,any,N,N0(i+),Isolated tumor cells in regional lymph node(s) no greater than 0.2 mm,,strict_table_extracted_v1_6,173,Definition of Regional Lymph Node (N),strict_table_extraction_v1_6
Vagina,AJCC8,any,N,N1,III Pelvic or inguinal lymph node metastasis,,strict_table_extracted_v1_6,173,Definition of Regional Lymph Node (N),strict_table_extraction_v1_6
Vagina,AJCC8,any,M,M0,No distant metastasis,,strict_table_extracted_v1_6,173,Definition of Distant Metastasis (M),strict_table_extraction_v1_6
Vagina,AJCC8,any,M,M1,IVB Distant metastasis,,strict_table_extracted_v1_6,173,Definition of Distant Metastasis (M),strict_table_extraction_v1_6
Corpus Uteri - Sarcoma,AJCC8,any,T,TX,Primary tumor cannot be assessed,,strict_table_extracted_v1_6,180,Definition of Distant Metastasis (M),strict_table_extraction_v1_6
Corpus Uteri - Sarcoma,AJCC8,any,T,T0,No evidence of primary tumor,,strict_table_extracted_v1_6,180,Definition of Distant Metastasis (M),strict_table_extraction_v1_6
Corpus Uteri - Sarcoma,AJCC8,any,T,T1,Tumor limited to the uterus,,strict_table_extracted_v1_6,180,Definition of Distant Metastasis (M),strict_table_extraction_v1_6
Corpus Uteri - Sarcoma,AJCC8,clinical,T,T1a,IA Tumor limited to the endometrium/ endocervix,,strict_table_extracted_v1_6,180,Definition of Distant Metastasis (M),strict_table_extraction_v1_6
Corpus Uteri - Sarcoma,AJCC8,clinical,T,T1b,IB Tumor invades to less than half of the myometrium,,strict_table_extracted_v1_6,180,Definition of Distant Metastasis (M),strict_table_extraction_v1_6
Corpus Uteri - Sarcoma,AJCC8,clinical,T,T2,"II Tumor extends beyond the uterus, within the pelvis",,strict_table_extracted_v1_6,180,Definition of Distant Metastasis (M),strict_table_extraction_v1_6
Corpus Uteri - Sarcoma,AJCC8,clinical,T,T2a,IIA Tumor involves adnexa,,strict_table_extracted_v1_6,180,Definition of Distant Metastasis (M),strict_table_extraction_v1_6
Corpus Uteri - Sarcoma,AJCC8,clinical,T,T2b,IIB Tumor involves other pelvic tissues,,strict_table_extracted_v1_6,180,Definition of Distant Metastasis (M),strict_table_extraction_v1_6
Corpus Uteri - Sarcoma,AJCC8,clinical,T,T3,III Tumor infiltrates abdominal tissues,,strict_table_extracted_v1_6,180,Definition of Distant Metastasis (M),strict_table_extraction_v1_6
Corpus Uteri - Sarcoma,AJCC8,clinical,T,T3a,IIIA One site,,strict_table_extracted_v1_6,180,Definition of Distant Metastasis (M),strict_table_extraction_v1_6
Corpus Uteri - Sarcoma,AJCC8,clinical,T,T3b,IIIB More than one site,,strict_table_extracted_v1_6,180,Definition of Distant Metastasis (M),strict_table_extraction_v1_6
Corpus Uteri - Sarcoma,AJCC8,clinical,T,T4,IVA Tumor invades bladder or rectum Leiomyosarcoma and Endometrial Stromal Sarcoma When T is… And N is… And M is… Then the stage group is…,,strict_table_extracted_v1_6,180,Definition of Distant Metastasis (M),strict_table_extraction_v1_6
Corpus Uteri - Sarcoma,AJCC8,clinical,N,NX,Regional lymph nodes cannot be assessed,,strict_table_extracted_v1_6,180,Definition of Distant Metastasis (M),strict_table_extraction_v1_6
Corpus Uteri - Sarcoma,AJCC8,clinical,N,N0,No regional lymph node metastasis,,strict_table_extracted_v1_6,180,Definition of Distant Metastasis (M),strict_table_extraction_v1_6
Corpus Uteri - Sarcoma,AJCC8,clinical,N,N0(i+),Isolated tumor cells in regional lymph node(s) no greater than 0.2 mm,,strict_table_extracted_v1_6,180,Definition of Distant Metastasis (M),strict_table_extraction_v1_6
Corpus Uteri - Sarcoma,AJCC8,clinical,N,N1,IIIC Regional lymph node metastasis All Uterine Sarcomas FIGO Stage,,strict_table_extracted_v1_6,180,Definition of Distant Metastasis (M),strict_table_extraction_v1_6
Corpus Uteri - Sarcoma,AJCC8,clinical,M,M0,No distant metastasis,,strict_table_extracted_v1_6,180,Definition of Distant Metastasis (M),strict_table_extraction_v1_6
Corpus Uteri - Sarcoma,AJCC8,clinical,M,M1,"IVB Distant metastasis (excluding adnexa, pelvic, and abdominal tissues) Adenosarcoma FIGO Stage T Criteria",,strict_table_extracted_v1_6,180,Definition of Distant Metastasis (M),strict_table_extraction_v1_6
Corpus Uteri - Sarcoma,AJCC8,clinical,T,TX,Primary tumor cannot be assessed,,strict_table_extracted_v1_6,180,Definition of Distant Metastasis (M),strict_table_extraction_v1_6
Corpus Uteri - Sarcoma,AJCC8,clinical,T,T0,No evidence of primary tumor,,strict_table_extracted_v1_6,180,Definition of Distant Metastasis (M),strict_table_extraction_v1_6
Corpus Uteri - Sarcoma,AJCC8,clinical,T,T1,Tumor limited to the uterus,,strict_table_extracted_v1_6,180,Definition of Distant Metastasis (M),strict_table_extraction_v1_6
Corpus Uteri - Sarcoma,AJCC8,clinical,T,T1c,IC Tumor invades one half or more of the myometrium FIGO Stage T Criteria,,strict_table_extracted_v1_6,180,Definition of Distant Metastasis (M),strict_table_extraction_v1_6
"Ovary, Fallopian Tube, and Primary Peritoneal Carcinoma",AJCC8,any,T,TX,Primary tumor cannot be assessed,,strict_table_extracted_v1_6,184,Definition of Primary Tumor (T),strict_table_extraction_v1_6
"Ovary, Fallopian Tube, and Primary Peritoneal Carcinoma",AJCC8,any,T,T0,No evidence of primary tumor,,strict_table_extracted_v1_6,184,Definition of Primary Tumor (T),strict_table_extraction_v1_6
"Ovary, Fallopian Tube, and Primary Peritoneal Carcinoma",AJCC8,any,T,T1,Tumor limited to ovaries (one or both) or fallopian tube(s),,strict_table_extracted_v1_6,184,Definition of Primary Tumor (T),strict_table_extraction_v1_6
"Ovary, Fallopian Tube, and Primary Peritoneal Carcinoma",AJCC8,any,T,T1a,"IA Tumor limited to one ovary (capsule intact) or fallopian tube, no tumor on ovarian or fallopian tube surface; no malignant cells in ascites or peritoneal washings",,strict_table_extracted_v1_6,184,Definition of Primary Tumor (T),strict_table_extraction_v1_6
"Ovary, Fallopian Tube, and Primary Peritoneal Carcinoma",AJCC8,any,T,T1b,IB Tumor limited to both ovaries (capsules intact) or fallopian tubes; no tumor on ovarian or fallopian tube surface; no malignant cells in ascites or peritoneal washings,,strict_table_extracted_v1_6,184,Definition of Primary Tumor (T),strict_table_extraction_v1_6
"Ovary, Fallopian Tube, and Primary Peritoneal Carcinoma",AJCC8,any,T,T1c,"IC Tumor limited to one or both ovaries or fallopian tubes, with any of the following: T1c1 IC1 Surgical spill T1c2 IC2 Capsule ruptured before surgery or tumor on ovarian or fallopian tube surface T1c3 IC3 Malignant cells in ascites or peritoneal washings",,strict_table_extracted_v1_6,184,Definition of Primary Tumor (T),strict_table_extraction_v1_6
"Ovary, Fallopian Tube, and Primary Peritoneal Carcinoma",AJCC8,any,T,T2,II Tumor involves one or both ovaries or fallopian tubes with pelvic extension below pelvic brim or primary peritoneal cancer,,strict_table_extracted_v1_6,184,Definition of Primary Tumor (T),strict_table_extraction_v1_6
"Ovary, Fallopian Tube, and Primary Peritoneal Carcinoma",AJCC8,any,T,T2a,IIA Extension and/or implants on the uterus and/or fallopian tube(s) and/or ovaries,,strict_table_extracted_v1_6,184,Definition of Primary Tumor (T),strict_table_extraction_v1_6
"Ovary, Fallopian Tube, and Primary Peritoneal Carcinoma",AJCC8,any,T,T2b,IIB Extension to and/or implants on other pelvic tissues,,strict_table_extracted_v1_6,184,Definition of Primary Tumor (T),strict_table_extraction_v1_6
"Ovary, Fallopian Tube, and Primary Peritoneal Carcinoma",AJCC8,any,T,T3,"III Tumor involves one or both ovaries or fallopian tubes, or primary peritoneal cancer, with microscopically confirmed peritoneal metastasis outside the pelvis and/or metastasis to the retroperitoneal (pelvic and/or para-aortic) lymph nodes",,strict_table_extracted_v1_6,184,Definition of Primary Tumor (T),strict_table_extraction_v1_6
"Ovary, Fallopian Tube, and Primary Peritoneal Carcinoma",AJCC8,any,T,T3a,IIIA2 Microscopic extrapelvic (above the pelvic brim) peritoneal involvement with or without positive retroperitoneal lymph nodes,,strict_table_extracted_v1_6,184,Definition of Primary Tumor (T),strict_table_extraction_v1_6
"Ovary, Fallopian Tube, and Primary Peritoneal Carcinoma",AJCC8,any,T,T3b,IIIB Macroscopic peritoneal metastasis beyond pelvis 2 cm or less in greatest dimension with or without metastasis to the retroperitoneal lymph nodes,,strict_table_extracted_v1_6,184,Definition of Primary Tumor (T),strict_table_extraction_v1_6
"Ovary, Fallopian Tube, and Primary Peritoneal Carcinoma",AJCC8,any,T,T3c,IIIC Macroscopic peritoneal metastasis beyond the pelvis more than 2 cm in greatest dimension with or without metastasis to the retroperitoneal lymph nodes (includes extension of tumor to capsule of liver and spleen without parenchymal involvement of either organ),,strict_table_extracted_v1_6,184,Definition of Primary Tumor (T),strict_table_extraction_v1_6
"Ovary, Fallopian Tube, and Primary Peritoneal Carcinoma",AJCC8,any,N,NX,Regional lymph nodes cannot be assessed,,strict_table_extracted_v1_6,184,Definition of Regional Lymph Node (N),strict_table_extraction_v1_6
"Ovary, Fallopian Tube, and Primary Peritoneal Carcinoma",AJCC8,any,N,N0,No regional lymph node metastasis,,strict_table_extracted_v1_6,184,Definition of Regional Lymph Node (N),strict_table_extraction_v1_6
"Ovary, Fallopian Tube, and Primary Peritoneal Carcinoma",AJCC8,any,N,N0(i+),Isolated tumor cells in regional lymph node(s) no greater than 0.2 mm,,strict_table_extracted_v1_6,184,Definition of Regional Lymph Node (N),strict_table_extraction_v1_6
"Ovary, Fallopian Tube, and Primary Peritoneal Carcinoma",AJCC8,any,N,N1,IIIA1 Positive retroperitoneal lymph nodes only (histologically confirmed),,strict_table_extracted_v1_6,184,Definition of Regional Lymph Node (N),strict_table_extraction_v1_6
"Ovary, Fallopian Tube, and Primary Peritoneal Carcinoma",AJCC8,any,N,N1a,IIIA1i Metastasis up to and including 10 mm in greatest dimension,,strict_table_extracted_v1_6,184,Definition of Regional Lymph Node (N),strict_table_extraction_v1_6
"Ovary, Fallopian Tube, and Primary Peritoneal Carcinoma",AJCC8,any,N,N1b,IIIA1ii Metastasis more than 10 mm in greatest dimension,,strict_table_extracted_v1_6,184,Definition of Regional Lymph Node (N),strict_table_extraction_v1_6
"Ovary, Fallopian Tube, and Primary Peritoneal Carcinoma",AJCC8,any,M,M0,No distant metastasis,,strict_table_extracted_v1_6,184,Definition of Distant Metastasis (M),strict_table_extraction_v1_6
"Ovary, Fallopian Tube, and Primary Peritoneal Carcinoma",AJCC8,any,M,M1,"IV Distant metastasis, including pleural effusion with positive cytology; liver or splenic parenchymal metastasis; metastasis to extra-abdominal organs (including inguinal lymph nodes and lymph nodes outside the abdominal cavity); and transmural involvement of intestine",,strict_table_extracted_v1_6,184,Definition of Distant Metastasis (M),strict_table_extraction_v1_6
"Ovary, Fallopian Tube, and Primary Peritoneal Carcinoma",AJCC8,any,M,M1a,IVA Pleural effusion with positive cytology,,strict_table_extracted_v1_6,184,Definition of Distant Metastasis (M),strict_table_extraction_v1_6
"Ovary, Fallopian Tube, and Primary Peritoneal Carcinoma",AJCC8,any,M,M1b,IVB Liver or splenic parenchymal metastases; metastases to extra-abdominal organs (including inguinal lymph nodes and lymph nodes outside the abdominal cavity); transmural involvement of intestine,,strict_table_extracted_v1_6,184,Definition of Distant Metastasis (M),strict_table_extraction_v1_6
Penis,AJCC8,clinical,N,NX,Regional lymph nodes cannot be assessed,,strict_table_extracted_v1_6,187,Definition of Regional Lymph Node (N),strict_table_extraction_v1_6
Penis,AJCC8,clinical,N,N0,No palpable or visibly enlarged inguinal lymph nodes,,strict_table_extracted_v1_6,187,Definition of Regional Lymph Node (N),strict_table_extraction_v1_6
Penis,AJCC8,clinical,N,N1,Palpable mobile unilateral inguinal lymph node,,strict_table_extracted_v1_6,187,Definition of Regional Lymph Node (N),strict_table_extraction_v1_6
Penis,AJCC8,clinical,N,N2,Palpable mobile ≥ 2 unilateral inguinal nodes or bilateral inguinal lymph nodes,,strict_table_extracted_v1_6,187,Definition of Regional Lymph Node (N),strict_table_extraction_v1_6
Penis,AJCC8,clinical,N,N3,Palpable fixed inguinal nodal mass or pelvic lymphadenopathy unilateral or bilateral Pathological N (pN) pN Criteria,,strict_table_extracted_v1_6,187,Definition of Regional Lymph Node (N),strict_table_extraction_v1_6
Penis,AJCC8,pathological,N,NX,Lymph node metastasis cannot be established,,strict_table_extracted_v1_6,187,Definition of Regional Lymph Node (N),strict_table_extraction_v1_6
Penis,AJCC8,pathological,N,N0,No lymph node metastasis,,strict_table_extracted_v1_6,187,Definition of Regional Lymph Node (N),strict_table_extraction_v1_6
Penis,AJCC8,pathological,N,N1,"≤2 unilateral inguinal metastases, no ENE",,strict_table_extracted_v1_6,187,Definition of Regional Lymph Node (N),strict_table_extraction_v1_6
Penis,AJCC8,pathological,N,N2,"≥3 unilateral inguinal metastases or bilateral metastases, no ENE",,strict_table_extracted_v1_6,187,Definition of Regional Lymph Node (N),strict_table_extraction_v1_6
Penis,AJCC8,pathological,N,N3,ENE of lymph node metastases or pelvic lymph node metastases,,strict_table_extracted_v1_6,187,Definition of Regional Lymph Node (N),strict_table_extraction_v1_6
Penis,AJCC8,any,M,M0,No distant metastasis,,strict_table_extracted_v1_6,187,Definition of Distant Metastasis (M),strict_table_extraction_v1_6
Penis,AJCC8,any,M,M1,Distant metastasis present,,strict_table_extracted_v1_6,187,Definition of Distant Metastasis (M),strict_table_extraction_v1_6
Prostate,AJCC8,any,T,T2,Organ confined,,strict_table_extracted_v1_6,190,Definition of Primary Tumor (T),strict_table_extraction_v1_6
Prostate,AJCC8,any,T,T3,Extraprostatic extension,,strict_table_extracted_v1_6,190,Definition of Primary Tumor (T),strict_table_extraction_v1_6
Prostate,AJCC8,any,T,T3a,Extraprostatic extension (unilateral or bilateral) or microscopic invasion of bladder neck,,strict_table_extracted_v1_6,190,Definition of Primary Tumor (T),strict_table_extraction_v1_6
Prostate,AJCC8,any,T,T3b,Tumor invades seminal vesicle(s),,strict_table_extracted_v1_6,190,Definition of Primary Tumor (T),strict_table_extraction_v1_6
Prostate,AJCC8,any,T,T4,"Tumor is fixed or invades adjacent structures other than seminal vesicles such as external sphincter, rectum, bladder, levator muscles, and/or pelvic wall indicating residual microscopic disease.",,strict_table_extracted_v1_6,190,Definition of Primary Tumor (T),strict_table_extraction_v1_6
Prostate,AJCC8,any,N,NX,Regional lymph nodes cannot be assessed,,strict_table_extracted_v1_6,190,Definition of Regional Lymph Node (N),strict_table_extraction_v1_6
Prostate,AJCC8,any,N,N0,No positive regional nodes,,strict_table_extracted_v1_6,190,Definition of Regional Lymph Node (N),strict_table_extraction_v1_6
Prostate,AJCC8,any,N,N1,Metastases in regional node(s),,strict_table_extracted_v1_6,190,Definition of Regional Lymph Node (N),strict_table_extraction_v1_6
Prostate,AJCC8,any,M,M0,No distant metastasis,,strict_table_extracted_v1_6,190,Definition of Distant Metastasis (M),strict_table_extraction_v1_6
Prostate,AJCC8,any,M,M1,Distant metastasis,,strict_table_extracted_v1_6,190,Definition of Distant Metastasis (M),strict_table_extraction_v1_6
Prostate,AJCC8,any,M,M1a,Nonregional lymph node(s),,strict_table_extracted_v1_6,190,Definition of Distant Metastasis (M),strict_table_extraction_v1_6
Prostate,AJCC8,any,M,M1b,Bone(s),,strict_table_extracted_v1_6,190,Definition of Distant Metastasis (M),strict_table_extraction_v1_6
Prostate,AJCC8,any,M,M1c,"Other site(s) with or without bone disease advanced category is used. M1c is most advanced. Definition of Prostate-Specific Antigen (PSA) PSA values are used to assign this category. PSA values <10 ≥10 <20 <20 ≥20 Any value Definition of Histologic Grade Group (G) Recently, the Gleason system has been compressed into so-called Grade Groups.44 Grade Group Gleason Score Gleason Pattern ≤6 ≤3+3 3+4 4+3 4+4, 3+5, 5+3 9 or 10 4+5, 5+4, or 5+5",,strict_table_extracted_v1_6,190,Definition of Distant Metastasis (M),strict_table_extraction_v1_6
Testis,AJCC8,clinical,T,TX,Primary tumor cannot be assessed,,strict_table_extracted_v1_6,193,Definition of Regional Lymph Node (N),strict_table_extraction_v1_6
Testis,AJCC8,clinical,T,T0,No evidence of primary tumor,,strict_table_extracted_v1_6,193,Definition of Regional Lymph Node (N),strict_table_extraction_v1_6
Testis,AJCC8,clinical,T,Tis,Germ cell neoplasia in situ,,strict_table_extracted_v1_6,193,Definition of Regional Lymph Node (N),strict_table_extraction_v1_6
Testis,AJCC8,clinical,T,T4,Tumor invades scrotum with or without vascular/ lymphatic invasion mary tumor is classified by radical orchiectomy. TX may be used for other categories for clinical staging. Clinical N (cN),,strict_table_extracted_v1_6,193,Definition of Regional Lymph Node (N),strict_table_extraction_v1_6
Testis,AJCC8,clinical,N,NX,Regional lymph nodes cannot be assessed,,strict_table_extracted_v1_6,193,Definition of Regional Lymph Node (N),strict_table_extraction_v1_6
Testis,AJCC8,clinical,N,N0,No regional lymph node metastasis,,strict_table_extracted_v1_6,193,Definition of Regional Lymph Node (N),strict_table_extraction_v1_6
Testis,AJCC8,clinical,N,N1,"Metastasis with a lymph node mass 2 cm or smaller in greatest dimension OR Multiple lymph nodes, none larger than 2 cm in greatest dimension",,strict_table_extracted_v1_6,193,Definition of Regional Lymph Node (N),strict_table_extraction_v1_6
Testis,AJCC8,clinical,N,N2,"Metastasis with a lymph node mass larger than 2 cm but not larger than 5 cm in greatest dimension OR Multiple lymph nodes, any one mass larger than 2 cm but not larger than 5 cm in greatest dimension",,strict_table_extracted_v1_6,193,Definition of Regional Lymph Node (N),strict_table_extraction_v1_6
Testis,AJCC8,clinical,N,N3,Metastasis with a lymph node mass larger than 5 cm in greatest dimension Pathological T (pT) pT Criteria,,strict_table_extracted_v1_6,193,Definition of Regional Lymph Node (N),strict_table_extraction_v1_6
Testis,AJCC8,pathological,T,TX,Primary tumor cannot be assessed,,strict_table_extracted_v1_6,193,Definition of Regional Lymph Node (N),strict_table_extraction_v1_6
Testis,AJCC8,pathological,T,T0,No evidence of primary tumor,,strict_table_extracted_v1_6,193,Definition of Regional Lymph Node (N),strict_table_extraction_v1_6
Testis,AJCC8,pathological,T,Tis,Germ cell neoplasia in situ,,strict_table_extracted_v1_6,193,Definition of Regional Lymph Node (N),strict_table_extraction_v1_6
Testis,AJCC8,pathological,T,T1,Tumor limited to testis (including rete testis invasion) without lymphovascular invasion,,strict_table_extracted_v1_6,193,Definition of Regional Lymph Node (N),strict_table_extraction_v1_6
Testis,AJCC8,pathological,T,T1a,Tumor smaller than 3 cm in size,,strict_table_extracted_v1_6,193,Definition of Regional Lymph Node (N),strict_table_extraction_v1_6
Testis,AJCC8,pathological,T,T1b,Tumor 3 cm or larger in size,,strict_table_extracted_v1_6,193,Definition of Regional Lymph Node (N),strict_table_extraction_v1_6
Testis,AJCC8,pathological,T,T2,Tumor limited to testis (including rete testis invasion) with lymphovascular invasion OR Tumor invading hilar soft tissue or epididymis or penetrating visceral mesothelial layer covering the external surface of tunica albuginea with or without lymphovascular invasion,,strict_table_extracted_v1_6,193,Definition of Regional Lymph Node (N),strict_table_extraction_v1_6
Testis,AJCC8,pathological,T,T3,Tumor directly invades spermatic cord soft tissue with or without lymphovascular invasion,,strict_table_extracted_v1_6,193,Definition of Regional Lymph Node (N),strict_table_extraction_v1_6
Testis,AJCC8,pathological,T,T4,Tumor invades scrotum with or without lymphovascular invasion *Subclassification of pT1 applies only to pure seminoma.,,strict_table_extracted_v1_6,193,Definition of Regional Lymph Node (N),strict_table_extraction_v1_6
Kidney,AJCC8,any,N,NX,Regional lymph nodes cannot be assessed,,strict_table_extracted_v1_6,196,Definition of Regional Lymph Node (N),strict_table_extraction_v1_6
Kidney,AJCC8,any,N,N0,No regional lymph node metastasis,,strict_table_extracted_v1_6,196,Definition of Regional Lymph Node (N),strict_table_extraction_v1_6
Kidney,AJCC8,any,N,N1,Metastasis in regional lymph node(s),,strict_table_extracted_v1_6,196,Definition of Regional Lymph Node (N),strict_table_extraction_v1_6
Kidney,AJCC8,any,M,M0,No distant metastasis,,strict_table_extracted_v1_6,196,Definition of Distant Metastasis (M),strict_table_extraction_v1_6
Kidney,AJCC8,any,M,M1,Distant metastasis,,strict_table_extracted_v1_6,196,Definition of Distant Metastasis (M),strict_table_extraction_v1_6
Renal Pelvis and Ureter,AJCC8,any,T,TX,Primary tumor cannot be assessed,,strict_table_extracted_v1_6,199,Definition of Primary Tumor (T),strict_table_extraction_v1_6
Renal Pelvis and Ureter,AJCC8,any,T,T0,No evidence of primary tumor Ta Papillary noninvasive carcinoma,,strict_table_extracted_v1_6,199,Definition of Primary Tumor (T),strict_table_extraction_v1_6
Renal Pelvis and Ureter,AJCC8,any,T,Tis,Carcinoma in situ,,strict_table_extracted_v1_6,199,Definition of Primary Tumor (T),strict_table_extraction_v1_6
Renal Pelvis and Ureter,AJCC8,any,T,T1,Tumor invades subepithelial connective tissue,,strict_table_extracted_v1_6,199,Definition of Primary Tumor (T),strict_table_extraction_v1_6
Renal Pelvis and Ureter,AJCC8,any,T,T2,Tumor invades the muscularis,,strict_table_extracted_v1_6,199,Definition of Primary Tumor (T),strict_table_extraction_v1_6
Renal Pelvis and Ureter,AJCC8,any,T,T3,For renal pelvis only: Tumor invades beyond muscularis into peripelvic fat or into the renal parenchyma For ureter only:Tumor invades beyond muscularis into periureteric fat,,strict_table_extracted_v1_6,199,Definition of Primary Tumor (T),strict_table_extraction_v1_6
Renal Pelvis and Ureter,AJCC8,any,T,T4,"Tumor invades adjacent organs, or through the kidney into the perinephric fat",,strict_table_extracted_v1_6,199,Definition of Primary Tumor (T),strict_table_extraction_v1_6
Renal Pelvis and Ureter,AJCC8,any,N,NX,Regional lymph nodes cannot be assessed,,strict_table_extracted_v1_6,199,Definition of Regional Lymph Node (N),strict_table_extraction_v1_6
Renal Pelvis and Ureter,AJCC8,any,N,N0,No regional lymph node metastasis,,strict_table_extracted_v1_6,199,Definition of Regional Lymph Node (N),strict_table_extraction_v1_6
Renal Pelvis and Ureter,AJCC8,clinical,N,N1,"Metastasis ≤2 cm in greatest dimension, in a single lymph node",,strict_table_extracted_v1_6,199,Definition of Regional Lymph Node (N),strict_table_extraction_v1_6
Renal Pelvis and Ureter,AJCC8,clinical,N,N2,"Metastasis >2 cm, in a single lymph node; or multiple lymph nodes",,strict_table_extracted_v1_6,199,Definition of Regional Lymph Node (N),strict_table_extraction_v1_6
Renal Pelvis and Ureter,AJCC8,any,M,M0,No distant metastasis,,strict_table_extracted_v1_6,199,Definition of Distant Metastasis (M),strict_table_extraction_v1_6
Renal Pelvis and Ureter,AJCC8,any,M,M1,Distant metastasis,,strict_table_extracted_v1_6,199,Definition of Distant Metastasis (M),strict_table_extraction_v1_6
Urinary Bladder,AJCC8,any,T,TX,Primary tumor cannot be assessed,,strict_table_extracted_v1_6,201,Definition of Primary Tumor (T),strict_table_extraction_v1_6
Urinary Bladder,AJCC8,any,T,T0,No evidence of primary tumor Ta Non-invasive papillary carcinoma,,strict_table_extracted_v1_6,201,Definition of Primary Tumor (T),strict_table_extraction_v1_6
Urinary Bladder,AJCC8,any,T,Tis,Urothelial carcinoma in situ: “flat tumor”,,strict_table_extracted_v1_6,201,Definition of Primary Tumor (T),strict_table_extraction_v1_6
Urinary Bladder,AJCC8,any,T,T1,Tumor invades lamina propria (subepithelial connective tissue),,strict_table_extracted_v1_6,201,Definition of Primary Tumor (T),strict_table_extraction_v1_6
Urinary Bladder,AJCC8,any,T,T2,Tumor invades muscularis propria,,strict_table_extracted_v1_6,201,Definition of Primary Tumor (T),strict_table_extraction_v1_6
Urinary Bladder,AJCC8,pathological,T,T2a,Tumor invades superficial muscularis propria (inner half),,strict_table_extracted_v1_6,201,Definition of Primary Tumor (T),strict_table_extraction_v1_6
Urinary Bladder,AJCC8,pathological,T,T2b,Tumor invades deep muscularis propria (outer half),,strict_table_extracted_v1_6,201,Definition of Primary Tumor (T),strict_table_extraction_v1_6
Urinary Bladder,AJCC8,any,T,T3,Tumor invades perivesical soft tissue,,strict_table_extracted_v1_6,201,Definition of Primary Tumor (T),strict_table_extraction_v1_6
Urinary Bladder,AJCC8,pathological,T,T3a,Microscopically,,strict_table_extracted_v1_6,201,Definition of Primary Tumor (T),strict_table_extraction_v1_6
Urinary Bladder,AJCC8,pathological,T,T3b,Macroscopically (extravesical mass),,strict_table_extracted_v1_6,201,Definition of Primary Tumor (T),strict_table_extraction_v1_6
Urinary Bladder,AJCC8,any,T,T4,"Extravesical tumor directly invades any of the following: prostatic stroma, seminal vesicles, uterus, vagina, pelvic wall, abdominal wall",,strict_table_extracted_v1_6,201,Definition of Primary Tumor (T),strict_table_extraction_v1_6
Urinary Bladder,AJCC8,any,T,T4a,"Extravesical tumor invades directly into prostatic stroma, seminal vesicles, uterus, vagina",,strict_table_extracted_v1_6,201,Definition of Primary Tumor (T),strict_table_extraction_v1_6
Urinary Bladder,AJCC8,any,T,T4b,"Extravesical tumor invades pelvic wall, abdominal wall",,strict_table_extracted_v1_6,201,Definition of Primary Tumor (T),strict_table_extraction_v1_6
Urinary Bladder,AJCC8,any,N,NX,Lymph nodes cannot be assessed,,strict_table_extracted_v1_6,202,Definition of Regional Lymph Node (N),strict_table_extraction_v1_6
Urinary Bladder,AJCC8,any,N,N0,No lymph node metastasis,,strict_table_extracted_v1_6,202,Definition of Regional Lymph Node (N),strict_table_extraction_v1_6
Urinary Bladder,AJCC8,any,N,N1,"Single regional lymph node metastasis in the true pelvis (perivesical, obturator, internal and external iliac, or sacral lymph node)",,strict_table_extracted_v1_6,202,Definition of Regional Lymph Node (N),strict_table_extraction_v1_6
Urinary Bladder,AJCC8,any,N,N2,"Multiple regional lymph node metastasis in the true pelvis (perivesical, obturator, internal and external iliac, or sacral lymph node metastasis)",,strict_table_extracted_v1_6,202,Definition of Regional Lymph Node (N),strict_table_extraction_v1_6
Urinary Bladder,AJCC8,any,N,N3,Lymph node metastasis to the common iliac lymph nodes,,strict_table_extracted_v1_6,202,Definition of Regional Lymph Node (N),strict_table_extraction_v1_6
Urinary Bladder,AJCC8,any,M,M0,No distant metastasis,,strict_table_extracted_v1_6,202,Definition of Distant Metastasis (M),strict_table_extraction_v1_6
Urinary Bladder,AJCC8,any,M,M1,Distant metastasis,,strict_table_extracted_v1_6,202,Definition of Distant Metastasis (M),strict_table_extraction_v1_6
Urinary Bladder,AJCC8,any,M,M1a,Distant metastasis limited to lymph nodes beyond the common iliacs,,strict_table_extracted_v1_6,202,Definition of Distant Metastasis (M),strict_table_extraction_v1_6
Urinary Bladder,AJCC8,any,M,M1b,Non-lymph-node distant metastases,,strict_table_extracted_v1_6,202,Definition of Distant Metastasis (M),strict_table_extraction_v1_6
Urethra,AJCC8,any,M,M0,No distant metastasis,,strict_table_extracted_v1_6,205,Definition of Distant Metastasis (M),strict_table_extraction_v1_6
Urethra,AJCC8,any,M,M1,IV G Definition LG Low grade HG High grade Male Penile Urethra and Female Urethra,,strict_table_extracted_v1_6,205,Definition of Regional Lymph Node (N),strict_table_extraction_v1_6
Urethra,AJCC8,any,N,NX,Regional lymph nodes cannot be assessed,,strict_table_extracted_v1_6,205,Definition of Regional Lymph Node (N),strict_table_extraction_v1_6
Urethra,AJCC8,any,N,N0,No regional lymph node metastasis,,strict_table_extracted_v1_6,205,Definition of Regional Lymph Node (N),strict_table_extraction_v1_6
Urethra,AJCC8,any,N,N1,"Single regional lymph node metastasis in the inguinal region or true pelvis [perivesical, obturator, internal (hypogastric) and external iliac], or presacral lymph node",,strict_table_extracted_v1_6,205,Definition of Regional Lymph Node (N),strict_table_extraction_v1_6
Urethra,AJCC8,any,N,N2,"Multiple regional lymph node metastasis in the inguinal region or true pelvis [perivesical, obturator, internal (hypogastric) and external iliac], or presacral lymph node When T is… And N is… And M is… Then the stage group is…",,strict_table_extracted_v1_6,205,Definition of Regional Lymph Node (N),strict_table_extraction_v1_6
Urethra,AJCC8,any,T,TX,Primary tumor cannot be assessed,,strict_table_extracted_v1_6,205,Definition of Regional Lymph Node (N),strict_table_extraction_v1_6
Urethra,AJCC8,any,T,T0,No evidence of primary tumor Ta Non-invasive papillary carcinoma,,strict_table_extracted_v1_6,205,Definition of Regional Lymph Node (N),strict_table_extraction_v1_6
Urethra,AJCC8,any,T,Tis,Carcinoma in situ involving the prostatic urethra or periurethral or prostatic ducts without stromal invasion,,strict_table_extracted_v1_6,205,Definition of Regional Lymph Node (N),strict_table_extraction_v1_6
Urethra,AJCC8,any,T,T1,Tumor invades urethral subepithelial connective tissue immediately underlying the urothelium,,strict_table_extracted_v1_6,205,Definition of Regional Lymph Node (N),strict_table_extraction_v1_6
Urethra,AJCC8,any,T,T2,Tumor invades the prostatic stroma surrounding ducts either by direct extension from the urothelial surface or by invasion from prostatic ducts,,strict_table_extracted_v1_6,205,Definition of Regional Lymph Node (N),strict_table_extraction_v1_6
Urethra,AJCC8,any,T,T3,"Tumor invades any of the following: corpus cavernosum, anterior vagina",,strict_table_extracted_v1_6,205,Definition of Regional Lymph Node (N),strict_table_extraction_v1_6
Urethra,AJCC8,any,T,T4,"Tumor invades other adjacent organs (e.g., invasion of the bladder wall) Prostatic Urethra T Definition",,strict_table_extracted_v1_6,205,Definition of Regional Lymph Node (N),strict_table_extraction_v1_6
Eyelid Carcinoma,AJCC8,any,N,NX,Regional lymph nodes cannot be assessed,,strict_table_extracted_v1_6,207,Definition of Regional Lymph Node (N),strict_table_extraction_v1_6
Eyelid Carcinoma,AJCC8,any,N,N0,No evidence of lymph node involvement,,strict_table_extracted_v1_6,207,Definition of Regional Lymph Node (N),strict_table_extraction_v1_6
Eyelid Carcinoma,AJCC8,clinical,N,N1,"Metastasis in a single ipsilateral regional lymph node, ≤3 cm in greatest dimension",,strict_table_extracted_v1_6,207,Definition of Regional Lymph Node (N),strict_table_extraction_v1_6
Eyelid Carcinoma,AJCC8,clinical,N,N1a,Metastasis in a single ipsilateral lymph node based on clinical evaluation or imaging findings,,strict_table_extracted_v1_6,207,Definition of Regional Lymph Node (N),strict_table_extraction_v1_6
Eyelid Carcinoma,AJCC8,clinical,N,N1b,Metastasis in a single ipsilateral lymph node based on lymph node biopsy,,strict_table_extracted_v1_6,207,Definition of Regional Lymph Node (N),strict_table_extraction_v1_6
Eyelid Carcinoma,AJCC8,clinical,N,N2,"Metastasis in a single ipsilateral lymph node, >3 cm in greatest dimension, or in bilateral or contralateral lymph nodes",,strict_table_extracted_v1_6,207,Definition of Regional Lymph Node (N),strict_table_extraction_v1_6
Eyelid Carcinoma,AJCC8,clinical,N,N2a,Metastasis documented based on clinical evaluation or imaging findings,,strict_table_extracted_v1_6,207,Definition of Regional Lymph Node (N),strict_table_extraction_v1_6
Eyelid Carcinoma,AJCC8,clinical,N,N2b,Metastasis documented based on microscopic findings on lymph node biopsy,,strict_table_extracted_v1_6,207,Definition of Regional Lymph Node (N),strict_table_extraction_v1_6
Eyelid Carcinoma,AJCC8,any,M,M0,No distant metastasis,,strict_table_extracted_v1_6,207,Definition of Distant Metastasis (M),strict_table_extraction_v1_6
Eyelid Carcinoma,AJCC8,any,M,M1,Distant metastasis,,strict_table_extracted_v1_6,207,Definition of Distant Metastasis (M),strict_table_extraction_v1_6
Conjunctival Melanoma,AJCC8,any,T,TX,Primary tumor cannot be assessed,,strict_table_extracted_v1_6,213,Definition of Primary Tumor (T),strict_table_extraction_v1_6
Conjunctival Melanoma,AJCC8,any,T,T0,No evidence of primary tumor cT Criteria,,strict_table_extracted_v1_6,213,Definition of Primary Tumor (T),strict_table_extraction_v1_6
Conjunctival Melanoma,AJCC8,any,T,T1,Tumor of the bulbar conjunctiva,,strict_table_extracted_v1_6,213,Definition of Primary Tumor (T),strict_table_extraction_v1_6
Conjunctival Melanoma,AJCC8,any,T,T1a,"Tumor of the bulbar conjunctiva with invasion of the substantia propria, not more than 2.0 mm in thickness",,strict_table_extracted_v1_6,213,Definition of Primary Tumor (T),strict_table_extraction_v1_6
Conjunctival Melanoma,AJCC8,any,T,T1b,"Tumor of the bulbar conjunctiva with invasion of the substantia propria, more than 2.0 mm in thickness",,strict_table_extracted_v1_6,213,Definition of Primary Tumor (T),strict_table_extraction_v1_6
Conjunctival Melanoma,AJCC8,any,T,T1c,≥2 to <3 quadrants,,strict_table_extracted_v1_6,213,Definition of Primary Tumor (T),strict_table_extraction_v1_6
Conjunctival Melanoma,AJCC8,any,T,T1d,≥3 quadrants,,strict_table_extracted_v1_6,213,Definition of Primary Tumor (T),strict_table_extraction_v1_6
Conjunctival Melanoma,AJCC8,any,T,T2,"Tumor of the nonbulbar (forniceal, palpebral, tarsal) conjunctiva, and tumor involving the caruncle",,strict_table_extracted_v1_6,213,Definition of Primary Tumor (T),strict_table_extraction_v1_6
Conjunctival Melanoma,AJCC8,any,T,T2a,"Tumor of the nonbulbar conjunctiva with invasion of the substantia propria, not more than 2.0 mm in thickness",,strict_table_extracted_v1_6,213,Definition of Primary Tumor (T),strict_table_extraction_v1_6
Conjunctival Melanoma,AJCC8,any,T,T2b,"Tumor of the nonbulbar conjunctiva with invasion of the substantia propria, more than 2.0 mm in thickness",,strict_table_extracted_v1_6,213,Definition of Primary Tumor (T),strict_table_extraction_v1_6
Conjunctival Melanoma,AJCC8,any,T,T2c,"Caruncular, and ≤1 quadrant of the nonbulbar conjunctiva involved T2d Caruncular, and >1 quadrant of the nonbulbar conjunctiva involved",,strict_table_extracted_v1_6,213,Definition of Primary Tumor (T),strict_table_extraction_v1_6
Conjunctival Melanoma,AJCC8,any,T,T3,Tumor of any size with local invasion,,strict_table_extracted_v1_6,213,Definition of Primary Tumor (T),strict_table_extraction_v1_6
Conjunctival Melanoma,AJCC8,any,T,T3a,Globe,,strict_table_extracted_v1_6,213,Definition of Primary Tumor (T),strict_table_extraction_v1_6
Conjunctival Melanoma,AJCC8,any,T,T3b,Eyelid,,strict_table_extracted_v1_6,213,Definition of Primary Tumor (T),strict_table_extraction_v1_6
Conjunctival Melanoma,AJCC8,any,T,T3c,Orbit,,strict_table_extracted_v1_6,213,Definition of Primary Tumor (T),strict_table_extraction_v1_6
Conjunctival Melanoma,AJCC8,any,T,T3d,Nasolacrimal duct and/or lacrimal sac and/or paranasal sinuses,,strict_table_extracted_v1_6,213,Definition of Primary Tumor (T),strict_table_extraction_v1_6
Conjunctival Melanoma,AJCC8,any,T,T4,Tumor of any size with invasion of the central nervous system Pathological Tumor (pT) pT Criteria,,strict_table_extracted_v1_6,213,Definition of Primary Tumor (T),strict_table_extraction_v1_6
Conjunctival Melanoma,AJCC8,any,T,Tis,Melanoma confined to the conjunctival epithelium,,strict_table_extracted_v1_6,213,Definition of Primary Tumor (T),strict_table_extraction_v1_6
Uveal Melanoma,AJCC8,any,T,TX,Primary tumor cannot be assessed,,strict_table_extracted_v1_6,215,Definition of Primary Tumor (T),strict_table_extraction_v1_6
Uveal Melanoma,AJCC8,any,T,T0,No evidence of primary tumor,,strict_table_extracted_v1_6,215,Definition of Primary Tumor (T),strict_table_extraction_v1_6
Uveal Melanoma,AJCC8,any,T,T1,Tumor limited to the iris,,strict_table_extracted_v1_6,215,Definition of Primary Tumor (T),strict_table_extraction_v1_6
Uveal Melanoma,AJCC8,any,T,T1a,Tumor size category 1 without ciliary body involvement and extraocular extension,,strict_table_extracted_v1_6,215,Definition of Primary Tumor (T),strict_table_extraction_v1_6
Uveal Melanoma,AJCC8,any,T,T1b,"Tumor limited to the iris, more than 3 clock hours in size",,strict_table_extracted_v1_6,215,Definition of Primary Tumor (T),strict_table_extraction_v1_6
Uveal Melanoma,AJCC8,any,T,T1c,Tumor size category 1 without ciliary body involvement but with extraocular extension ≤5 mm in largest diameter,,strict_table_extracted_v1_6,215,Definition of Primary Tumor (T),strict_table_extraction_v1_6
Uveal Melanoma,AJCC8,any,T,T2,"Tumor confluent with or extending into the ciliary body, choroid, or both",,strict_table_extracted_v1_6,215,Definition of Primary Tumor (T),strict_table_extraction_v1_6
Uveal Melanoma,AJCC8,any,T,T2a,"Tumor confluent with or extending into the ciliary body, without secondary glaucoma",,strict_table_extracted_v1_6,215,Definition of Primary Tumor (T),strict_table_extraction_v1_6
Uveal Melanoma,AJCC8,any,T,T2b,"Tumor confluent with or extending into the ciliary body and choroid, without secondary glaucoma",,strict_table_extracted_v1_6,215,Definition of Primary Tumor (T),strict_table_extraction_v1_6
Uveal Melanoma,AJCC8,any,T,T2c,Tumor size category 2 without ciliary body involvement but with extraocular extension ≤5 mm in largest diameter T2d Tumor size category 2 with ciliary body involvement and extraocular extension ≤5 mm in largest diameter,,strict_table_extracted_v1_6,215,Definition of Primary Tumor (T),strict_table_extraction_v1_6
Uveal Melanoma,AJCC8,any,T,T3,"Tumor confluent with or extending into the ciliary body, choroid, or both, with scleral extension",,strict_table_extracted_v1_6,215,Definition of Primary Tumor (T),strict_table_extraction_v1_6
Uveal Melanoma,AJCC8,any,T,T4,Tumor with extrascleral extension,,strict_table_extracted_v1_6,215,Definition of Primary Tumor (T),strict_table_extraction_v1_6
Uveal Melanoma,AJCC8,any,T,T4a,Tumor size category 4 without ciliary body involvement and extraocular extension,,strict_table_extracted_v1_6,215,Definition of Primary Tumor (T),strict_table_extraction_v1_6
Uveal Melanoma,AJCC8,any,T,T4b,"Tumor with extrascleral extension >5 mm in largest diameter this region of the uvea. If less than half the tumor volume is located within the iris, the tumor may have originated in the ciliary body, and consideration should be given to classifying it accordingly. Choroidal and Ciliary Body Melanomas",,strict_table_extracted_v1_6,215,Definition of Primary Tumor (T),strict_table_extraction_v1_6
Uveal Melanoma,AJCC8,any,T,T1d,Tumor size category 1 with ciliary body involvement and extraocular extension ≤5 mm in largest diameter,,strict_table_extracted_v1_6,215,Definition of Primary Tumor (T),strict_table_extraction_v1_6
Uveal Melanoma,AJCC8,any,T,T3a,Tumor size category 3 without ciliary body involvement and extraocular extension,,strict_table_extracted_v1_6,215,Definition of Primary Tumor (T),strict_table_extraction_v1_6
Uveal Melanoma,AJCC8,any,T,T3b,Tumor size category 3 with ciliary body involvement,,strict_table_extracted_v1_6,215,Definition of Primary Tumor (T),strict_table_extraction_v1_6
Uveal Melanoma,AJCC8,any,T,T3c,Tumor size category 3 without ciliary body involvement but with extraocular extension ≤5 mm in largest diameter,,strict_table_extracted_v1_6,215,Definition of Primary Tumor (T),strict_table_extraction_v1_6
Uveal Melanoma,AJCC8,any,T,T3d,Tumor size category 3 with ciliary body involvement and extraocular extension ≤5 mm in largest diameter,,strict_table_extracted_v1_6,215,Definition of Primary Tumor (T),strict_table_extraction_v1_6
Uveal Melanoma,AJCC8,any,T,T4c,Tumor size category 4 without ciliary body involvement but with extraocular extension ≤5 mm in largest diameter,,strict_table_extracted_v1_6,215,Definition of Primary Tumor (T),strict_table_extraction_v1_6
Uveal Melanoma,AJCC8,any,T,T4d,Tumor size category 4 with ciliary body involvement and extraocular extension ≤5 mm in largest diameter T4e Any tumor size category with extraocular extension >5 mm in largest diameter,,strict_table_extracted_v1_6,215,Definition of Primary Tumor (T),strict_table_extraction_v1_6
Uveal Melanoma,AJCC8,any,N,NX,Regional lymph nodes cannot be assessed,,strict_table_extracted_v1_6,216,Definition of Regional Lymph Node (N),strict_table_extraction_v1_6
Uveal Melanoma,AJCC8,any,N,N0,No regional lymph node involvement,,strict_table_extracted_v1_6,216,Definition of Regional Lymph Node (N),strict_table_extraction_v1_6
Uveal Melanoma,AJCC8,any,N,N1,Regional lymph node metastases or discrete tumor deposits in the orbit,,strict_table_extracted_v1_6,216,Definition of Regional Lymph Node (N),strict_table_extraction_v1_6
Uveal Melanoma,AJCC8,any,N,N1a,Metastasis in one or more regional lymph node(s),,strict_table_extracted_v1_6,216,Definition of Regional Lymph Node (N),strict_table_extraction_v1_6
Uveal Melanoma,AJCC8,any,N,N1b,"No regional lymph nodes are positive, but there are discrete tumor deposits in the orbit that are not contiguous to the eye (choroidal and ciliary body).",,strict_table_extracted_v1_6,216,Definition of Regional Lymph Node (N),strict_table_extraction_v1_6
Uveal Melanoma,AJCC8,clinical,M,M0,No distant metastasis by clinical classification,,strict_table_extracted_v1_6,216,Definition of Distant Metastasis (M),strict_table_extraction_v1_6
Uveal Melanoma,AJCC8,clinical,M,M1,Distant metastasis,,strict_table_extracted_v1_6,216,Definition of Distant Metastasis (M),strict_table_extraction_v1_6
Uveal Melanoma,AJCC8,clinical,M,M1a,Largest diameter of the largest metastasis ≤3.0 cm,,strict_table_extracted_v1_6,216,Definition of Distant Metastasis (M),strict_table_extraction_v1_6
Uveal Melanoma,AJCC8,clinical,M,M1b,Largest diameter of the largest metastasis 3.1-8.0 cm,,strict_table_extracted_v1_6,216,Definition of Distant Metastasis (M),strict_table_extraction_v1_6
Uveal Melanoma,AJCC8,clinical,M,M1c,Largest diameter of the largest metastasis ≥8.1 cm,,strict_table_extracted_v1_6,216,Definition of Distant Metastasis (M),strict_table_extraction_v1_6
Retinoblastoma,AJCC8,clinical,T,TX,Unknown evidence of intraocular tumor,,strict_table_extracted_v1_6,219,Definition of Primary Tumor (cT),strict_table_extraction_v1_6
Retinoblastoma,AJCC8,clinical,T,T0,No evidence of intraocular tumor,,strict_table_extracted_v1_6,219,Definition of Primary Tumor (cT),strict_table_extraction_v1_6
Retinoblastoma,AJCC8,clinical,T,T1,Intraretinal tumor(s) with subretinal fluid ≤5 mm from the base of any tumor,,strict_table_extracted_v1_6,219,Definition of Primary Tumor (cT),strict_table_extraction_v1_6
Retinoblastoma,AJCC8,clinical,T,T1a,Tumors ≤3 mm and further than 1.5 mm from disc and fovea,,strict_table_extracted_v1_6,219,Definition of Primary Tumor (cT),strict_table_extraction_v1_6
Retinoblastoma,AJCC8,clinical,T,T1b,Tumors >3 mm or closer than 1.5 mm from disc or fovea,,strict_table_extracted_v1_6,219,Definition of Primary Tumor (cT),strict_table_extraction_v1_6
Retinoblastoma,AJCC8,clinical,T,T2,"Intraocular tumor(s) with retinal detachment, vitreous seeding, or subretinal seeding",,strict_table_extracted_v1_6,219,Definition of Primary Tumor (cT),strict_table_extraction_v1_6
Retinoblastoma,AJCC8,clinical,T,T2a,Subretinal fluid >5 mm from the base of any tumor,,strict_table_extracted_v1_6,219,Definition of Primary Tumor (cT),strict_table_extraction_v1_6
Retinoblastoma,AJCC8,clinical,T,T2b,Vitreous seeding and/or subretinal seeding,,strict_table_extracted_v1_6,219,Definition of Primary Tumor (cT),strict_table_extraction_v1_6
Retinoblastoma,AJCC8,clinical,T,T3,Advanced intraocular tumor(s),,strict_table_extracted_v1_6,219,Definition of Primary Tumor (cT),strict_table_extraction_v1_6
Retinoblastoma,AJCC8,clinical,T,T3a,Phthisis or pre-phthisis bulbi,,strict_table_extracted_v1_6,219,Definition of Primary Tumor (cT),strict_table_extraction_v1_6
Retinoblastoma,AJCC8,clinical,T,T3b,"Tumor invasion of choroid, pars plana, ciliary body, lens, zonules, iris, or anterior chamber",,strict_table_extracted_v1_6,219,Definition of Primary Tumor (cT),strict_table_extraction_v1_6
Retinoblastoma,AJCC8,clinical,T,T3c,Raised intraocular pressure with neovascularization and/or buphthalmos,,strict_table_extracted_v1_6,219,Definition of Primary Tumor (cT),strict_table_extraction_v1_6
Retinoblastoma,AJCC8,clinical,T,T3d,Hyphema and/or massive vitreous hemorrhage cT3e Aseptic orbital cellulitis,,strict_table_extracted_v1_6,219,Definition of Primary Tumor (cT),strict_table_extraction_v1_6
Retinoblastoma,AJCC8,clinical,T,T4,"Extraocular tumor(s) involving orbit, including optic nerve",,strict_table_extracted_v1_6,219,Definition of Primary Tumor (cT),strict_table_extraction_v1_6
Retinoblastoma,AJCC8,clinical,T,T4a,Radiologic evidence of retrobulbar optic nerve involvement or thickening of optic nerve or involvement of orbital tissues,,strict_table_extracted_v1_6,219,Definition of Primary Tumor (cT),strict_table_extraction_v1_6
Retinoblastoma,AJCC8,clinical,T,T4b,Extraocular tumor clinically evident with proptosis and/or an orbital mass Definition of Regional Lymph Node (cN) cN Criteria,,strict_table_extracted_v1_6,219,Definition of Primary Tumor (cT),strict_table_extraction_v1_6
Retinoblastoma,AJCC8,clinical,N,NX,Regional lymph nodes cannot be assessed,,strict_table_extracted_v1_6,219,Definition of Primary Tumor (cT),strict_table_extraction_v1_6
Retinoblastoma,AJCC8,clinical,N,N0,No regional lymph node involvement,,strict_table_extracted_v1_6,219,Definition of Primary Tumor (cT),strict_table_extraction_v1_6
Retinoblastoma,AJCC8,clinical,N,N1,"Evidence of preauricular, submandibular, and cervical lymph node involvement",,strict_table_extracted_v1_6,219,Definition of Primary Tumor (cT),strict_table_extraction_v1_6
Retinoblastoma,AJCC8,clinical,M,M0,No signs or symptoms of intracranial or distant metastasis,,strict_table_extracted_v1_6,219,Definition of Distant Metastasis (M),strict_table_extraction_v1_6
Retinoblastoma,AJCC8,clinical,M,M1,Distant metastasis without microscopic confirmation,,strict_table_extracted_v1_6,219,Definition of Distant Metastasis (M),strict_table_extraction_v1_6
Retinoblastoma,AJCC8,clinical,M,M1a,"Tumor(s) involving any distant site (e.g., bone marrow, liver) on clinical or radiologic tests cM Criteria",,strict_table_extracted_v1_6,219,Definition of Distant Metastasis (M),strict_table_extraction_v1_6
Retinoblastoma,AJCC8,clinical,M,M1b,Tumor involving the CNS on radiologic imaging (not including trilateral retinoblastoma),,strict_table_extracted_v1_6,219,Definition of Distant Metastasis (M),strict_table_extraction_v1_6
Retinoblastoma,AJCC8,pathological,M,M1,Distant metastasis with histopathologic confirmation,,strict_table_extracted_v1_6,219,Definition of Distant Metastasis (M),strict_table_extraction_v1_6
Retinoblastoma,AJCC8,pathological,M,M1a,"Histopathologic confirmation of tumor at any distant site (e.g., bone marrow, liver, or other)",,strict_table_extracted_v1_6,220,Definition of Distant Metastasis (M),strict_table_extraction_v1_6
Retinoblastoma,AJCC8,pathological,M,M1b,"Pathological evidence of tumor in the cerebrospinal fluid or CNS parenchyma Definition of Heritable Trait (H) H Category H Criteria HX Unknown or insufficient evidence of a constitutional RB1 gene mutation. H0 Normal RB1 alleles in blood tested with demonstrated high-sensitivity assays H1 Bilateral retinoblastoma, retinoblastoma with an intracranial primitive neuroectodermal tumor (i.e., trilateral retinoblastoma), patient with family history of retinoblastoma, or molecular definition of a constitutional RB1 gene mutation Pathological Classification (pTNM)",,strict_table_extracted_v1_6,219,Definition of Distant Metastasis (M),strict_table_extraction_v1_6
Retinoblastoma,AJCC8,pathological,T,TX,Unknown evidence of intraocular tumor,,strict_table_extracted_v1_6,219,Definition of Primary Tumor (pT),strict_table_extraction_v1_6
Retinoblastoma,AJCC8,pathological,T,T0,No evidence of intraocular tumor,,strict_table_extracted_v1_6,219,Definition of Primary Tumor (pT),strict_table_extraction_v1_6
Retinoblastoma,AJCC8,pathological,T,T1,"Intraocular tumor(s) without any local invasion, focal choroidal invasion, or pre- or intralaminar involvement of the optic nerve head",,strict_table_extracted_v1_6,219,Definition of Primary Tumor (pT),strict_table_extraction_v1_6
Retinoblastoma,AJCC8,pathological,T,T2,Intraocular tumor(s) with local invasion,,strict_table_extracted_v1_6,219,Definition of Primary Tumor (pT),strict_table_extraction_v1_6
Retinoblastoma,AJCC8,pathological,T,T2a,Concomitant focal choroidal invasion and pre- or intralaminar involvement of the optic nerve head,,strict_table_extracted_v1_6,219,Definition of Primary Tumor (pT),strict_table_extraction_v1_6
Retinoblastoma,AJCC8,pathological,T,T2b,Tumor invasion of stroma of iris and/or trabecular meshwork and/or Schlemm's canal,,strict_table_extracted_v1_6,219,Definition of Primary Tumor (pT),strict_table_extraction_v1_6
Retinoblastoma,AJCC8,pathological,T,T3,Intraocular tumor(s) with significant local invasion,,strict_table_extracted_v1_6,219,Definition of Primary Tumor (pT),strict_table_extraction_v1_6
Retinoblastoma,AJCC8,pathological,T,T3a,"Massive choroidal invasion (>3 mm in largest diameter, or multiple foci of focal choroidal involvement totalling >3 mm, or any full-thickness choroidal involvement)",,strict_table_extracted_v1_6,219,Definition of Primary Tumor (pT),strict_table_extraction_v1_6
Retinoblastoma,AJCC8,pathological,T,T3b,"Retrolaminar invasion of the optic nerve head, not involving the transected end of the optic nerve",,strict_table_extracted_v1_6,219,Definition of Primary Tumor (pT),strict_table_extraction_v1_6
Retinoblastoma,AJCC8,pathological,T,T3c,Any partial-thickness involvement of the sclera within the inner two thirds,,strict_table_extracted_v1_6,219,Definition of Primary Tumor (pT),strict_table_extraction_v1_6
Retinoblastoma,AJCC8,pathological,T,T3d,Full-thickness invasion into the outer third of the sclera and/or invasion into or around emissary channels,,strict_table_extracted_v1_6,219,Definition of Primary Tumor (pT),strict_table_extraction_v1_6
Retinoblastoma,AJCC8,pathological,T,T4,"Evidence of extraocular tumor: tumor at the transected end of the optic nerve, tumor in the meningeal spaces around the optic nerve, full- thickness invasion of the sclera with invasion of the episclera, adjacent adipose tissue, extraocular muscle, bone, conjunctiva, or eyelids Definition of Regional Lymph Node (pN) pN Criteria",,strict_table_extracted_v1_6,219,Definition of Primary Tumor (pT),strict_table_extraction_v1_6
Retinoblastoma,AJCC8,pathological,N,NX,Regional lymph node involvement cannot be assessed,,strict_table_extracted_v1_6,220,Definition of Primary Tumor (pT),strict_table_extraction_v1_6
Retinoblastoma,AJCC8,pathological,N,N0,No lymph node involvement,,strict_table_extracted_v1_6,220,Definition of Primary Tumor (pT),strict_table_extraction_v1_6
Retinoblastoma,AJCC8,pathological,N,N1,Regional lymph node involvement,,strict_table_extracted_v1_6,220,Definition of Primary Tumor (pT),strict_table_extraction_v1_6
Ocular Adnexal Lymphoma,AJCC8,any,T,TX,Lymphoma extent not specified,,strict_table_extracted_v1_6,227,Definition of Primary Tumor (T),strict_table_extraction_v1_6
Ocular Adnexal Lymphoma,AJCC8,any,T,T0,No evidence of lymphoma,,strict_table_extracted_v1_6,227,Definition of Primary Tumor (T),strict_table_extraction_v1_6
Ocular Adnexal Lymphoma,AJCC8,any,T,T1,Lymphoma involving the conjunctiva alone without eyelid or orbital involvement,,strict_table_extracted_v1_6,227,Definition of Primary Tumor (T),strict_table_extraction_v1_6
Ocular Adnexal Lymphoma,AJCC8,any,T,T2,Lymphoma with orbital involvement with or without conjunctival involvement,,strict_table_extracted_v1_6,227,Definition of Primary Tumor (T),strict_table_extraction_v1_6
Ocular Adnexal Lymphoma,AJCC8,any,T,T3,Lymphoma with preseptal eyelid involvement with or without orbital involvement and with or without conjunctival involvement,,strict_table_extracted_v1_6,227,Definition of Primary Tumor (T),strict_table_extraction_v1_6
Ocular Adnexal Lymphoma,AJCC8,any,T,T4,"Orbital adnexal lymphoma and extraorbital lymphoma extending beyond the orbit to adjacent structures, such as bone, maxillofacial sinuses, and brain.",,strict_table_extracted_v1_6,227,Definition of Primary Tumor (T),strict_table_extraction_v1_6
Ocular Adnexal Lymphoma,AJCC8,any,N,NX,Involvement of lymph nodes not assessed,,strict_table_extracted_v1_6,227,Definition of Regional Lymph Node (N),strict_table_extraction_v1_6
Ocular Adnexal Lymphoma,AJCC8,any,N,N0,No evidence of lymph node involvement,,strict_table_extracted_v1_6,227,Definition of Regional Lymph Node (N),strict_table_extraction_v1_6
Ocular Adnexal Lymphoma,AJCC8,any,N,N1,"Involvement of lymph node region or regions draining the ocular adnexal structures and superior to the mediastinum (preauricular, parotid, submandibular, and cervical nodes)",,strict_table_extracted_v1_6,227,Definition of Regional Lymph Node (N),strict_table_extraction_v1_6
Ocular Adnexal Lymphoma,AJCC8,any,N,N1a,Involvement of a single lymph node region superior to the mediastinum,,strict_table_extracted_v1_6,227,Definition of Regional Lymph Node (N),strict_table_extraction_v1_6
Ocular Adnexal Lymphoma,AJCC8,any,N,N1b,"Involvement of two or more lymph node regions, superior to the mediastinum",,strict_table_extracted_v1_6,227,Definition of Regional Lymph Node (N),strict_table_extraction_v1_6
Ocular Adnexal Lymphoma,AJCC8,any,N,N2,Involvement of lymph node regions of the mediastinum,,strict_table_extracted_v1_6,227,Definition of Regional Lymph Node (N),strict_table_extraction_v1_6
Ocular Adnexal Lymphoma,AJCC8,any,N,N3,Diffuse or disseminated involvement of peripheral and central lymph node regions,,strict_table_extracted_v1_6,227,Definition of Regional Lymph Node (N),strict_table_extraction_v1_6
Ocular Adnexal Lymphoma,AJCC8,any,M,M0,No evidence of involvement of other extranodal sites,,strict_table_extracted_v1_6,227,Definition of Distant Metastasis (M),strict_table_extraction_v1_6
Ocular Adnexal Lymphoma,AJCC8,any,M,M1,Evidence of involvement of other extranodal sites,,strict_table_extracted_v1_6,227,Definition of Distant Metastasis (M),strict_table_extraction_v1_6
Ocular Adnexal Lymphoma,AJCC8,any,M,M1a,"Noncontiguous involvement of tissues or organs external to the ocular adnexa (e.g., parotid glands, submandibular gland, lung, liver, spleen, kidney, breast)",,strict_table_extracted_v1_6,227,Definition of Distant Metastasis (M),strict_table_extraction_v1_6
Ocular Adnexal Lymphoma,AJCC8,any,M,M1b,Lymphomatous involvement of the bone marrow,,strict_table_extracted_v1_6,227,Definition of Distant Metastasis (M),strict_table_extraction_v1_6
Ocular Adnexal Lymphoma,AJCC8,any,M,M1c,Both M1a and M1b involvement,,strict_table_extracted_v1_6,227,Definition of Distant Metastasis (M),strict_table_extraction_v1_6
Thyroid - Differentiated and Anaplastic Carcinoma,AJCC8,any,T,TX,Primary tumor cannot be assessed,,strict_table_extracted_v1_6,234,Definition of Primary Tumor (T),strict_table_extraction_v1_6
Thyroid - Differentiated and Anaplastic Carcinoma,AJCC8,any,T,T0,No evidence of primary tumor,,strict_table_extracted_v1_6,234,Definition of Primary Tumor (T),strict_table_extraction_v1_6
Thyroid - Differentiated and Anaplastic Carcinoma,AJCC8,any,T,T1,Tumor ≤2 cm in greatest dimension limited to the thyroid,,strict_table_extracted_v1_6,234,Definition of Primary Tumor (T),strict_table_extraction_v1_6
Thyroid - Differentiated and Anaplastic Carcinoma,AJCC8,any,T,T1a,Tumor ≤1 cm in greatest dimension limited to the thyroid,,strict_table_extracted_v1_6,234,Definition of Primary Tumor (T),strict_table_extraction_v1_6
Thyroid - Differentiated and Anaplastic Carcinoma,AJCC8,any,T,T1b,Tumor >1 cm but ≤2 cm in greatest dimension limited to the thyroid,,strict_table_extracted_v1_6,234,Definition of Primary Tumor (T),strict_table_extraction_v1_6
Thyroid - Differentiated and Anaplastic Carcinoma,AJCC8,any,T,T2,Tumor >2 cm but ≤4 cm in greatest dimension limited to the thyroid,,strict_table_extracted_v1_6,234,Definition of Primary Tumor (T),strict_table_extraction_v1_6
Thyroid - Differentiated and Anaplastic Carcinoma,AJCC8,any,T,T3,"Tumor >4 cm limited to the thyroid, or gross extrathyroidal extension invading only strap muscles",,strict_table_extracted_v1_6,234,Definition of Primary Tumor (T),strict_table_extraction_v1_6
Thyroid - Differentiated and Anaplastic Carcinoma,AJCC8,any,T,T3a,Tumor >4 cm limited to the thyroid,,strict_table_extracted_v1_6,234,Definition of Primary Tumor (T),strict_table_extraction_v1_6
Thyroid - Differentiated and Anaplastic Carcinoma,AJCC8,any,T,T3b,"Gross extrathyroidal extension invading only strap muscles (sternohyoid, sternothyroid, thyrohyoid, or omohyoid muscles) from a tumor of any size",,strict_table_extracted_v1_6,234,Definition of Primary Tumor (T),strict_table_extraction_v1_6
Thyroid - Differentiated and Anaplastic Carcinoma,AJCC8,any,T,T4,Includes gross extrathyroidal extension beyond the strap muscles,,strict_table_extracted_v1_6,234,Definition of Primary Tumor (T),strict_table_extraction_v1_6
Thyroid - Differentiated and Anaplastic Carcinoma,AJCC8,any,T,T4a,"Gross extrathyroidal extension invading subcutaneous soft tissues, larynx, trachea, esophagus, or recurrent laryngeal nerve from a tumor of any size",,strict_table_extracted_v1_6,234,Definition of Primary Tumor (T),strict_table_extraction_v1_6
Thyroid - Differentiated and Anaplastic Carcinoma,AJCC8,any,T,T4b,Gross extrathyroidal extension invading prevertebral fascia or encasing the carotid artery or mediastinal vessels from a tumor of any size multifocal tumor (the largest tumor determines the classification).,,strict_table_extracted_v1_6,234,Definition of Primary Tumor (T),strict_table_extraction_v1_6
Thyroid - Differentiated and Anaplastic Carcinoma,AJCC8,any,N,NX,Regional lymph nodes cannot be assessed,,strict_table_extracted_v1_6,234,Definition of Regional Lymph Node (N),strict_table_extraction_v1_6
Thyroid - Differentiated and Anaplastic Carcinoma,AJCC8,clinical,N,N0,No evidence of locoregional lymph node metastasis N0a One or more cytologically or histologically confirmed benign lymph nodes N0b No radiologic or clinical evidence of locoregional lymph node metastasis,,strict_table_extracted_v1_6,234,Definition of Regional Lymph Node (N),strict_table_extraction_v1_6
Thyroid - Differentiated and Anaplastic Carcinoma,AJCC8,clinical,N,N1,Metastasis to regional nodes,,strict_table_extracted_v1_6,234,Definition of Regional Lymph Node (N),strict_table_extraction_v1_6
Thyroid - Differentiated and Anaplastic Carcinoma,AJCC8,clinical,N,N1a,"Metastasis to level VI or VII (pretracheal, paratracheal, or prelaryngeal/Delphian, or upper mediastinal) lymph nodes. This can be unilateral or bilateral disease.",,strict_table_extracted_v1_6,234,Definition of Regional Lymph Node (N),strict_table_extraction_v1_6
Thyroid - Differentiated and Anaplastic Carcinoma,AJCC8,clinical,N,N1b,"Metastasis to unilateral, bilateral, or contralateral lateral neck lymph nodes (levels I, II, III, IV, or V) or retropharyngeal lymph nodes 73 Thyroid-Differentiated and Anaplastic Carcinoma",,strict_table_extracted_v1_6,234,Definition of Regional Lymph Node (N),strict_table_extraction_v1_6
Thyroid - Differentiated and Anaplastic Carcinoma,AJCC8,any,M,M0,No distant metastasis,,strict_table_extracted_v1_6,235,Definition of Distant Metastasis (M),strict_table_extraction_v1_6
Thyroid - Differentiated and Anaplastic Carcinoma,AJCC8,any,M,M1,Distant metastasis,,strict_table_extracted_v1_6,235,Definition of Distant Metastasis (M),strict_table_extraction_v1_6
Thyroid - Medullary,AJCC8,any,T,TX,Primary tumor cannot be assessed,,strict_table_extracted_v1_6,239,Definition of Primary Tumor (T),strict_table_extraction_v1_6
Thyroid - Medullary,AJCC8,any,T,T0,No evidence of primary tumor,,strict_table_extracted_v1_6,239,Definition of Primary Tumor (T),strict_table_extraction_v1_6
Thyroid - Medullary,AJCC8,any,T,T1,Tumor ≤2 cm in greatest dimension limited to the thyroid,,strict_table_extracted_v1_6,239,Definition of Primary Tumor (T),strict_table_extraction_v1_6
Thyroid - Medullary,AJCC8,any,T,T1a,Tumor ≤1 cm in greatest dimension limited to the thyroid,,strict_table_extracted_v1_6,239,Definition of Primary Tumor (T),strict_table_extraction_v1_6
Thyroid - Medullary,AJCC8,any,T,T1b,Tumor >1 cm but ≤2 cm in greatest dimension limited to the thyroid,,strict_table_extracted_v1_6,239,Definition of Primary Tumor (T),strict_table_extraction_v1_6
Thyroid - Medullary,AJCC8,any,T,T2,Tumor >2 cm but ≤4 cm in greatest dimension limited to the thyroid,,strict_table_extracted_v1_6,239,Definition of Primary Tumor (T),strict_table_extraction_v1_6
Thyroid - Medullary,AJCC8,any,T,T3,Tumor >4 cm or with extrathyroidal extension,,strict_table_extracted_v1_6,239,Definition of Primary Tumor (T),strict_table_extraction_v1_6
Thyroid - Medullary,AJCC8,any,T,T3a,Tumor >4 cm in greatest dimension limited to the thyroid,,strict_table_extracted_v1_6,239,Definition of Primary Tumor (T),strict_table_extraction_v1_6
Thyroid - Medullary,AJCC8,any,T,T3b,"Tumor of any size with gross extrathyroidal extension invading only strap muscles (sternohyoid, sternothyroid, thyrohyoid or omohyoid muscles)",,strict_table_extracted_v1_6,239,Definition of Primary Tumor (T),strict_table_extraction_v1_6
Thyroid - Medullary,AJCC8,any,T,T4,Advanced disease,,strict_table_extracted_v1_6,239,Definition of Primary Tumor (T),strict_table_extraction_v1_6
Thyroid - Medullary,AJCC8,any,T,T4a,"Moderately advanced disease; tumor of any size with gross extrathyroidal extension into the nearby tissues of the neck, including subcutaneous soft tissue, larynx, trachea, esophagus, or recurrent laryngeal nerve",,strict_table_extracted_v1_6,239,Definition of Primary Tumor (T),strict_table_extraction_v1_6
Thyroid - Medullary,AJCC8,any,T,T4b,"Very advanced disease; tumor of any size with extension toward the spine or into nearby large blood vessels, gross extrathyroidal extension invading the prevertebral fascia, or encasing the carotid artery or mediastinal vessels",,strict_table_extracted_v1_6,239,Definition of Primary Tumor (T),strict_table_extraction_v1_6
Thyroid - Medullary,AJCC8,any,N,NX,Regional lymph nodes cannot be assessed,,strict_table_extracted_v1_6,239,Definition of Regional Lymph Node (N),strict_table_extraction_v1_6
Thyroid - Medullary,AJCC8,clinical,N,N0,No evidence of locoregional lymph node metastasis N0a One or more cytologically or histologically confirmed benign lymph nodes N0b No radiologic or clinical evidence of locoregional lymph node metastasis,,strict_table_extracted_v1_6,239,Definition of Regional Lymph Node (N),strict_table_extraction_v1_6
Thyroid - Medullary,AJCC8,clinical,N,N1,Metastasis to regional nodes,,strict_table_extracted_v1_6,239,Definition of Regional Lymph Node (N),strict_table_extraction_v1_6
Thyroid - Medullary,AJCC8,clinical,N,N1a,"Metastasis to level VI or VII (pretracheal, paratracheal, or prelaryngeal/Delphian, or upper mediastinal) lymph nodes. This can be unilateral or bilateral disease.",,strict_table_extracted_v1_6,239,Definition of Regional Lymph Node (N),strict_table_extraction_v1_6
Thyroid - Medullary,AJCC8,clinical,N,N1b,"Metastasis to unilateral, bilateral, or contralateral lateral neck lymph nodes levels I, II, III, IV, or V) or retropharyngeal lymph nodes",,strict_table_extracted_v1_6,239,Definition of Regional Lymph Node (N),strict_table_extraction_v1_6
Thyroid - Medullary,AJCC8,any,M,M0,No distant metastasis,,strict_table_extracted_v1_6,239,Definition of Distant Metastasis (M),strict_table_extraction_v1_6
Thyroid - Medullary,AJCC8,any,M,M1,Distant metastasis,,strict_table_extracted_v1_6,239,Definition of Distant Metastasis (M),strict_table_extraction_v1_6
Primary Cutaneous Lymphomas,AJCC8,any,T,T1,"Limited patches,* papules, and/or plaques** covering < 10% of the skin surface",,strict_table_extracted_v1_6,251,Definition of Primary Tumor (T),strict_table_extraction_v1_6
Primary Cutaneous Lymphomas,AJCC8,any,T,T1a,Solitary lesion <5 cm,,strict_table_extracted_v1_6,253,Definition of Primary Tumor (T),strict_table_extraction_v1_6
Primary Cutaneous Lymphomas,AJCC8,any,T,T1b,Solitary lesion ≥5 cm,,strict_table_extracted_v1_6,253,Definition of Primary Tumor (T),strict_table_extraction_v1_6
Primary Cutaneous Lymphomas,AJCC8,any,T,T2,Regional skin involvement: multiple lesions limited to one body region or two contiguous body regions,,strict_table_extracted_v1_6,253,Definition of Primary Tumor (T),strict_table_extraction_v1_6
Primary Cutaneous Lymphomas,AJCC8,any,T,T2a,All disease encompassing in a <15-cm circular area,,strict_table_extracted_v1_6,253,Definition of Primary Tumor (T),strict_table_extraction_v1_6
Primary Cutaneous Lymphomas,AJCC8,any,T,T2b,All disease encompassing in a ≥15-cm and <30-cm circular area,,strict_table_extracted_v1_6,253,Definition of Primary Tumor (T),strict_table_extraction_v1_6
Primary Cutaneous Lymphomas,AJCC8,any,T,T3,One or more tumors*** (≥1 cm in diameter),,strict_table_extracted_v1_6,251,Definition of Primary Tumor (T),strict_table_extraction_v1_6
Primary Cutaneous Lymphomas,AJCC8,any,T,T4,"Confluence of erythema covering ≥80% of body surface area *For skin, patch indicates any size skin lesion without significant elevation or induration. Presence/absence of hypo- or hyperpigmentation, scale, crusting, and/or poikiloderma should be noted. **For skin, plaque indicates any size skin lesion that is elevated or indurated. Presence/absence of scale, crusting, and/or poikiloderma should be noted. Histologic features such as folliculotropism, large cell transformation (>25% large cells), and CD30 positivity or negativity, as well as clinical features such as ulceration, are important to document. ***For skin, tumor indicates at least one 1-cm diameter solid or nodular lesion with evidence of depth and/or vertical growth. Note the total number of lesions, total volume of lesions, largest size lesion, and region of body involved. Also note whether there is histologic evidence of large cell transformation. Phenotyping for CD30 is encouraged. surface area in the adult (From Olsen et al.,1 with permission)",,strict_table_extracted_v1_6,251,Definition of Primary Tumor (T),strict_table_extraction_v1_6
Primary Cutaneous Lymphomas,AJCC8,clinical,N,NX,Clinically abnormal peripheral lymph nodes; no histologic confirmation,,strict_table_extracted_v1_6,252,Definition of Regional Lymph Node (N),strict_table_extraction_v1_6
Primary Cutaneous Lymphomas,AJCC8,clinical,N,N0,No clinically abnormal peripheral lymph nodes*; biopsy not required,,strict_table_extracted_v1_6,252,Definition of Regional Lymph Node (N),strict_table_extraction_v1_6
Primary Cutaneous Lymphomas,AJCC8,clinical,N,N1,Clinically abnormal peripheral lymph nodes; histopathology Dutch grade 1 or National Cancer Institute (NCI) LN0-2,,strict_table_extracted_v1_6,252,Definition of Regional Lymph Node (N),strict_table_extraction_v1_6
Primary Cutaneous Lymphomas,AJCC8,clinical,N,N1a,Clone negative**,,strict_table_extracted_v1_6,252,Definition of Regional Lymph Node (N),strict_table_extraction_v1_6
Primary Cutaneous Lymphomas,AJCC8,clinical,N,N1b,Clone positive**,,strict_table_extracted_v1_6,252,Definition of Regional Lymph Node (N),strict_table_extraction_v1_6
Primary Cutaneous Lymphomas,AJCC8,clinical,N,N2,Clinically abnormal peripheral lymph nodes; histopathology Dutch grade 2 or NCI LN3,,strict_table_extracted_v1_6,252,Definition of Regional Lymph Node (N),strict_table_extraction_v1_6
Primary Cutaneous Lymphomas,AJCC8,clinical,N,N2a,Clone negative**,,strict_table_extracted_v1_6,252,Definition of Regional Lymph Node (N),strict_table_extraction_v1_6
Primary Cutaneous Lymphomas,AJCC8,clinical,N,N2b,Clone positive**,,strict_table_extracted_v1_6,252,Definition of Regional Lymph Node (N),strict_table_extraction_v1_6
Primary Cutaneous Lymphomas,AJCC8,pathological,N,N3,"Clinically abnormal peripheral lymph nodes; Histopathology Dutch grades 3-4 or NCI LN4; clone positive or negative *For node, abnormal peripheral lymph node(s) indicates any palpable peripheral node that on physical examination is firm, irregular, clustered, fixed or ≥1.5 cm in diameter. Node groups examined on physical examination include cervical, supraclavicular, epitrochlear, axillary, and inguinal. Central nodes, which generally are not amenable to pathological assessment, currently are not considered in the nodal classification unless used to establish N3 histopathologically. **A T-cell clone is defined by polymerase chain reaction (PCR) or Southern blot analysis of the TCR gene.",,strict_table_extracted_v1_6,252,Definition of Regional Lymph Node (N),strict_table_extraction_v1_6
Primary Cutaneous Lymphomas,AJCC8,any,M,M0,No visceral organ involvement,,strict_table_extracted_v1_6,252,Definition of Distant Metastasis (M),strict_table_extraction_v1_6
Primary Cutaneous Lymphomas,AJCC8,any,M,M1,"Visceral involvement (must have pathology confirmation,* and organ involved should be specified) *For viscera, spleen and liver may be diagnosed by imaging criteria. Peripheral Blood Involvement (B) B Category B Criteria B0 Absence of significant blood involvement: ≤5% of peripheral blood lymphocytes are atypical (Sézary) cells* B0a Clone negative** B0b Clone positive** B1 Low blood tumor burden: >5% of peripheral blood lymphocytes are atypical (Sézary) cells, but does not meet the criteria of B2 (continued) des and Sézary syndrome EORTC classification Dutch system NCI-VA classification",,strict_table_extracted_v1_6,252,Definition of Distant Metastasis (M),strict_table_extraction_v1_6
Primary Cutaneous Lymphomas,AJCC8,any,N,N1,Grade 1: dermatopathic lymphadenopathy (DL) LN0: no atypical lymphocytes LN1: occasional and isolated atypical lymphocytes (not arranged in clusters) LN2: many atypical lymphocytes or lymphocytes in 3-6-cell clusters,,strict_table_extracted_v1_6,253,Definition of Distant Metastasis (M),strict_table_extraction_v1_6
Primary Cutaneous Lymphomas,AJCC8,any,N,N2,Involvement of two or more peripheral node regions or involvement of any lymph node region that does not drain an area of current or prior skin involvement,,strict_table_extracted_v1_6,253,Definition of Regional Lymph Node (N),strict_table_extraction_v1_6
Primary Cutaneous Lymphomas,AJCC8,any,N,N3,"Grade 3: partial effacement of lymph node architecture; many atypical cerebriform mononuclear cells Grade 4: complete effacement LN4: partial/complete effacement of nodal architecture byatypical lymphocytes or franklyneoplastic cells From Olsen et al.,1 with permission from the American Society of Hematology.",,strict_table_extracted_v1_6,253,Definition of Distant Metastasis (M),strict_table_extraction_v1_6
Primary Cutaneous Lymphomas,AJCC8,any,T,T2c,All disease encompassing in a ≥30-cm circular area,,strict_table_extracted_v1_6,253,Definition of Primary Tumor (T),strict_table_extraction_v1_6
Primary Cutaneous Lymphomas,AJCC8,any,T,T3a,Multiple lesions involving 2 noncontiguous body regions,,strict_table_extracted_v1_6,253,Definition of Primary Tumor (T),strict_table_extraction_v1_6
Primary Cutaneous Lymphomas,AJCC8,any,T,T3b,"Multiple lesions involving ≥3 body regions B Category B Criteria B1a Clone negative** B1b Clone positive** B2 High blood tumor burden: ≥1,000/μL Sézary cells* with positive clone** *For blood, Sézary cells are defined as lymphocytes with hyperconvoluted cerebriform nuclei. If Sézary cells cannot be used to determine tumor burden for B2, then one of the following modified ISCL criteria, along with a positive clonal rearrangement of the TCR, may be used instead: (1) expanded CD4+ or CD3+ cells with a CD4/CD8 ratio of ≥10, or (2) expanded CD4+ cells with abnormal immunophenotype, including loss of CD7 or CD26. **A T-cell clone is defined by PCR or Southern blot analysis of the TCR gene. From Olsen et al., with permission from the American Society of Hematology.1 ISCL/EORTC revision to the staging of mycosis fungoides and Sézary syndrome When T is… And N is… And M is… And peripheral blood involvement (B) is… Then the stage group is… T1,2 N1,2",,strict_table_extracted_v1_6,253,Definition of Primary Tumor (T),strict_table_extraction_v1_6
Primary Cutaneous Lymphomas,AJCC8,any,N,NX,Regional lymph nodes cannot be assessed,,strict_table_extracted_v1_6,253,Definition of Regional Lymph Node (N),strict_table_extraction_v1_6
Primary Cutaneous Lymphomas,AJCC8,any,N,N0,No clinical or pathological lymph node involvement,,strict_table_extracted_v1_6,253,Definition of Regional Lymph Node (N),strict_table_extraction_v1_6
