site,edition,classification,t,n,m,grade,location,stage,note,source_pdf_page,source_site,raw_line,extract_method,needs_review
Lip and Oral Cavity,AJCC7,any,Tis,N0,M0,Any,Any,0,source_page=45; extract_method=stage_first; extra_factors/raw_extra=C00.0 External upper lip; duplicate_source_page=49; duplicate_source_page=54,45,Lip and Oral Cavity,Stage 0 Tis N0 M0 C00.0 External upper lip,stage_first,YES
Lip and Oral Cavity,AJCC7,any,T1,N0,M0,Any,Any,I,"source_page=45; extract_method=stage_first; extra_factors/raw_extra=C00.2 External lip, NOS; duplicate_source_page=49; duplicate_source_page=54",45,Lip and Oral Cavity,"Stage I T1 N0 M0 C00.2 External lip, NOS",stage_first,YES
Lip and Oral Cavity,AJCC7,any,T2,N0,M0,Any,Any,II,source_page=45; extract_method=stage_first; extra_factors/raw_extra=C00.4 Mucosa of lower lip; duplicate_source_page=54,45,Lip and Oral Cavity,Stage II T2 N0 M0 C00.4 Mucosa of lower lip,stage_first,YES
Lip and Oral Cavity,AJCC7,any,T3,N0,M0,Any,Any,III,source_page=45; extract_method=stage_first; extra_factors/raw_extra=C00.6 Commissure of lip; duplicate_source_page=49; duplicate_source_page=54,45,Lip and Oral Cavity,Stage III T3 N0 M0 C00.6 Commissure of lip,stage_first,YES
Lip and Oral Cavity,AJCC7,any,T1,N1,M0,Any,Any,III,source_page=45; extract_method=stage_carried; extra_factors/raw_extra=C00.8 Overlapping lesion of lip; duplicate_source_page=49; duplicate_source_page=54,45,Lip and Oral Cavity,T1 N1 M0 C00.8 Overlapping lesion of lip,stage_carried,YES
Lip and Oral Cavity,AJCC7,any,T2,N1,M0,Any,Any,III,"source_page=45; extract_method=stage_carried; extra_factors/raw_extra=C00.9 Lip, NOS; duplicate_source_page=49; duplicate_source_page=54",45,Lip and Oral Cavity,"T2 N1 M0 C00.9 Lip, NOS",stage_carried,YES
Lip and Oral Cavity,AJCC7,any,T3,N1,M0,Any,Any,III,"source_page=45; extract_method=stage_carried; extra_factors/raw_extra=C02.0 Dorsal surface of tongue, NOS; duplicate_source_page=49; duplicate_source_page=54",45,Lip and Oral Cavity,"T3 N1 M0 C02.0 Dorsal surface of tongue, NOS",stage_carried,YES
Lip and Oral Cavity,AJCC7,any,T4a,N0,M0,Any,Any,IVA,"source_page=45; extract_method=stage_first; extra_factors/raw_extra=C02.2 Ventral surface of tongue, NOS; duplicate_source_page=54",45,Lip and Oral Cavity,"Stage IVA T4a N0 M0 C02.2 Ventral surface of tongue, NOS",stage_first,YES
Lip and Oral Cavity,AJCC7,any,T4a,N1,M0,Any,Any,IVA,source_page=45; extract_method=stage_carried; extra_factors/raw_extra=C02.3 Anterior two-thirds of; duplicate_source_page=54,45,Lip and Oral Cavity,T4a N1 M0 C02.3 Anterior two-thirds of,stage_carried,YES
Lip and Oral Cavity,AJCC7,any,T1,N2,M0,Any,Any,IVA,"source_page=45; extract_method=stage_carried; extra_factors/raw_extra=tongue, NOS; duplicate_source_page=54",45,Lip and Oral Cavity,"T1 N2 M0 tongue, NOS",stage_carried,YES
Lip and Oral Cavity,AJCC7,any,T2,N2,M0,Any,Any,IVA,"source_page=45; extract_method=stage_carried; extra_factors/raw_extra=C02.9 Tongue, NOS; duplicate_source_page=54",45,Lip and Oral Cavity,"T2 N2 M0 C02.9 Tongue, NOS",stage_carried,YES
Lip and Oral Cavity,AJCC7,any,T3,N2,M0,Any,Any,IVA,source_page=45; extract_method=stage_carried; extra_factors/raw_extra=C03.0 Upper gum; duplicate_source_page=54,45,Lip and Oral Cavity,T3 N2 M0 C03.0 Upper gum,stage_carried,YES
Lip and Oral Cavity,AJCC7,any,T4a,N2,M0,Any,Any,IVA,source_page=45; extract_method=stage_carried; extra_factors/raw_extra=C03.1 Lower gum; duplicate_source_page=54,45,Lip and Oral Cavity,T4a N2 M0 C03.1 Lower gum,stage_carried,YES
Lip and Oral Cavity,AJCC7,any,Any,N3,M0,Any,Any,IVB,source_page=45; extract_method=stage_first; extra_factors/raw_extra=C04.0 Anterior floor of mouth; duplicate_source_page=50; duplicate_source_page=54,45,Lip and Oral Cavity,Stage IVB Any T N3 M0 C04.0 Anterior floor of mouth,stage_first,YES
Lip and Oral Cavity,AJCC7,any,T4b,Any,M0,Any,Any,IVB,source_page=45; extract_method=stage_carried; extra_factors/raw_extra=C04.1 Lateral floor of mouth; duplicate_source_page=50; duplicate_source_page=54,45,Lip and Oral Cavity,T4b Any N M0 C04.1 Lateral floor of mouth,stage_carried,YES
Lip and Oral Cavity,AJCC7,any,Any,Any,M1,Any,Any,IVC,source_page=45; extract_method=stage_first; extra_factors/raw_extra=of mouth; duplicate_source_page=50; duplicate_source_page=54,45,Lip and Oral Cavity,Stage IVC Any T Any N M1 of mouth,stage_first,YES
"Pharynx (Including base of tongue, soft palate, and uvula)",AJCC7,yp,Tis,N0,M0,Any,Any,0,source_page=57; extract_method=stage_first; extra_factors/raw_extra=C02.4 Lingual tonsil; duplicate_source_page=58; duplicate_source_page=62; duplicate_source_page=69,57,"Pharynx (Including base of tongue, soft palate, and uvula)",Stage 0 Tis N0 M0 C02.4 Lingual tonsil,stage_first,YES
"Pharynx (Including base of tongue, soft palate, and uvula)",AJCC7,yp,T1,N0,M0,Any,Any,I,source_page=57; extract_method=stage_first; extra_factors/raw_extra=C05.2 Uvula; duplicate_source_page=58; duplicate_source_page=62; duplicate_source_page=69,57,"Pharynx (Including base of tongue, soft palate, and uvula)",Stage I T1 N0 M0 C05.2 Uvula,stage_first,YES
"Pharynx (Including base of tongue, soft palate, and uvula)",AJCC7,yp,T1,N1,M0,Any,Any,II,source_page=57; extract_method=stage_first; extra_factors/raw_extra=C09.0 Tonsillar fossa,57,"Pharynx (Including base of tongue, soft palate, and uvula)",Stage II T1 N1 M0 C09.0 Tonsillar fossa,stage_first,YES
"Pharynx (Including base of tongue, soft palate, and uvula)",AJCC7,yp,T2,N0,M0,Any,Any,II,source_page=57; extract_method=stage_carried; extra_factors/raw_extra=C09.1 Tonsillar pillar; duplicate_source_page=58; duplicate_source_page=62; duplicate_source_page=69,57,"Pharynx (Including base of tongue, soft palate, and uvula)",T2 N0 M0 C09.1 Tonsillar pillar,stage_carried,YES
"Pharynx (Including base of tongue, soft palate, and uvula)",AJCC7,yp,T2,N1,M0,Any,Any,II,source_page=57; extract_method=stage_carried; extra_factors/raw_extra=C09.8 Overlapping lesion,57,"Pharynx (Including base of tongue, soft palate, and uvula)",T2 N1 M0 C09.8 Overlapping lesion,stage_carried,YES
"Pharynx (Including base of tongue, soft palate, and uvula)",AJCC7,yp,T1,N2,M0,Any,Any,III,"source_page=57; extract_method=stage_first; extra_factors/raw_extra=C09.9 Tonsil, NOS",57,"Pharynx (Including base of tongue, soft palate, and uvula)","Stage III T1 N2 M0 C09.9 Tonsil, NOS",stage_first,YES
"Pharynx (Including base of tongue, soft palate, and uvula)",AJCC7,yp,T2,N2,M0,Any,Any,III,source_page=57; extract_method=stage_carried; extra_factors/raw_extra=C10.0 Vallecula,57,"Pharynx (Including base of tongue, soft palate, and uvula)",T2 N2 M0 C10.0 Vallecula,stage_carried,YES
"Pharynx (Including base of tongue, soft palate, and uvula)",AJCC7,yp,T3,N0,M0,Any,Any,III,source_page=57; extract_method=stage_carried; extra_factors/raw_extra=C10.2 Lateral wall of; duplicate_source_page=58; duplicate_source_page=62; duplicate_source_page=69,57,"Pharynx (Including base of tongue, soft palate, and uvula)",T3 N0 M0 C10.2 Lateral wall of,stage_carried,YES
"Pharynx (Including base of tongue, soft palate, and uvula)",AJCC7,yp,T3,N1,M0,Any,Any,III,source_page=57; extract_method=stage_carried; extra_factors/raw_extra=oropharynx; duplicate_source_page=58; duplicate_source_page=62; duplicate_source_page=69,57,"Pharynx (Including base of tongue, soft palate, and uvula)",T3 N1 M0 oropharynx,stage_carried,YES
"Pharynx (Including base of tongue, soft palate, and uvula)",AJCC7,yp,T3,N2,M0,Any,Any,III,source_page=57; extract_method=stage_carried; extra_factors/raw_extra=C10.3 Posterior pharyngeal,57,"Pharynx (Including base of tongue, soft palate, and uvula)",T3 N2 M0 C10.3 Posterior pharyngeal,stage_carried,YES
"Pharynx (Including base of tongue, soft palate, and uvula)",AJCC7,yp,T4,N0,M0,Any,Any,IVA,source_page=57; extract_method=stage_first; extra_factors/raw_extra=wall,57,"Pharynx (Including base of tongue, soft palate, and uvula)",Stage IVA T4 N0 M0 wall,stage_first,YES
"Pharynx (Including base of tongue, soft palate, and uvula)",AJCC7,yp,T4,N1,M0,Any,Any,IVA,source_page=57; extract_method=stage_carried; extra_factors/raw_extra=C10.4 Branchial cleft,57,"Pharynx (Including base of tongue, soft palate, and uvula)",T4 N1 M0 C10.4 Branchial cleft,stage_carried,YES
"Pharynx (Including base of tongue, soft palate, and uvula)",AJCC7,yp,T4,N2,M0,Any,Any,IVA,source_page=57; extract_method=stage_carried; extra_factors/raw_extra=C10.8 Overlapping lesion,57,"Pharynx (Including base of tongue, soft palate, and uvula)",T4 N2 M0 C10.8 Overlapping lesion,stage_carried,YES
"Pharynx (Including base of tongue, soft palate, and uvula)",AJCC7,yp,Any,N3,M0,Any,Any,IVB,"source_page=57; extract_method=stage_first; extra_factors/raw_extra=C10.9 Oropharynx, NOS; duplicate_source_page=58; duplicate_source_page=62; duplicate_source_page=69",57,"Pharynx (Including base of tongue, soft palate, and uvula)","Stage IVB Any T N3 M0 C10.9 Oropharynx, NOS",stage_first,YES
"Pharynx (Including base of tongue, soft palate, and uvula)",AJCC7,yp,Any,Any,M1,Any,Any,IVC,source_page=57; extract_method=stage_first; extra_factors/raw_extra=C11.0 Superior wall of; duplicate_source_page=58; duplicate_source_page=62; duplicate_source_page=69,57,"Pharynx (Including base of tongue, soft palate, and uvula)",Stage IVC Any T Any N M1 C11.0 Superior wall of,stage_first,YES
"Pharynx (Including base of tongue, soft palate, and uvula)",AJCC7,yp,T1,N1,M0,Any,Any,III,source_page=58; extract_method=stage_carried; extra_factors/raw_extra=C13.0 | Postcricoid region; duplicate_source_page=62; duplicate_source_page=69,58,"Pharynx (Including base of tongue, soft palate, and uvula)",T1 N1 M0 C13.0 Postcricoid region,stage_carried,YES
"Pharynx (Including base of tongue, soft palate, and uvula)",AJCC7,yp,T2,N1,M0,Any,Any,III,source_page=58; extract_method=stage_carried; extra_factors/raw_extra=C13.1 | Hypopharyngeal; duplicate_source_page=62; duplicate_source_page=69,58,"Pharynx (Including base of tongue, soft palate, and uvula)",T2 N1 M0 C13.1 Hypopharyngeal,stage_carried,YES
"Pharynx (Including base of tongue, soft palate, and uvula)",AJCC7,yp,T4a,N0,M0,Any,Any,IVA,source_page=58; extract_method=stage_first; extra_factors/raw_extra=glottic fold; duplicate_source_page=62; duplicate_source_page=69,58,"Pharynx (Including base of tongue, soft palate, and uvula)",Stage IVA T4a N0 M0 glottic fold,stage_first,YES
"Pharynx (Including base of tongue, soft palate, and uvula)",AJCC7,yp,T4a,N1,M0,Any,Any,IVA,source_page=58; extract_method=stage_carried; extra_factors/raw_extra=C13.2 | Posterior wall of; duplicate_source_page=62; duplicate_source_page=69,58,"Pharynx (Including base of tongue, soft palate, and uvula)",T4a N1 M0 C13.2 Posterior wall of,stage_carried,YES
"Pharynx (Including base of tongue, soft palate, and uvula)",AJCC7,yp,T1,N2,M0,Any,Any,IVA,source_page=58; extract_method=stage_carried; extra_factors/raw_extra=hypopharynx; duplicate_source_page=62; duplicate_source_page=69,58,"Pharynx (Including base of tongue, soft palate, and uvula)",T1 N2 M0 hypopharynx,stage_carried,YES
"Pharynx (Including base of tongue, soft palate, and uvula)",AJCC7,yp,T2,N2,M0,Any,Any,IVA,source_page=58; extract_method=stage_carried; extra_factors/raw_extra=C13.8 | Overlapping lesion; duplicate_source_page=62; duplicate_source_page=69,58,"Pharynx (Including base of tongue, soft palate, and uvula)",T2 N2 M0 C13.8 Overlapping lesion,stage_carried,YES
"Pharynx (Including base of tongue, soft palate, and uvula)",AJCC7,yp,T3,N2,M0,Any,Any,IVA,source_page=58; extract_method=stage_carried; extra_factors/raw_extra=of hypopharynx; duplicate_source_page=62; duplicate_source_page=69,58,"Pharynx (Including base of tongue, soft palate, and uvula)",T3 N2 M0 of hypopharynx,stage_carried,YES
"Pharynx (Including base of tongue, soft palate, and uvula)",AJCC7,yp,T4a,N2,M0,Any,Any,IVA,"source_page=58; extract_method=stage_carried; extra_factors/raw_extra=C13.9 | Hypopharynx, NOS; duplicate_source_page=62; duplicate_source_page=69",58,"Pharynx (Including base of tongue, soft palate, and uvula)","T4a N2 M0 C13.9 Hypopharynx, NOS",stage_carried,YES
"Pharynx (Including base of tongue, soft palate, and uvula)",AJCC7,yp,T4b,Any,M0,Any,Any,IVB,source_page=58; extract_method=stage_first; extra_factors/raw_extra=ICD-O-3 HISTOLOGY; duplicate_source_page=62; duplicate_source_page=69,58,"Pharynx (Including base of tongue, soft palate, and uvula)",Stage IVB T4b Any N M0 ICD-O-3 HISTOLOGY,stage_first,YES
"Pharynx (Including base of tongue, soft palate, and uvula)",AJCC7,any,Tis,N0,M0,Any,Any,0,source_page=62; extract_method=stage_first; duplicate_source_page=69,62,"Pharynx (Including base of tongue, soft palate, and uvula)",Stage 0 Tis N0 M0,stage_first,YES
"Pharynx (Including base of tongue, soft palate, and uvula)",AJCC7,any,T1,N0,M0,Any,Any,I,source_page=62; extract_method=stage_first; duplicate_source_page=69,62,"Pharynx (Including base of tongue, soft palate, and uvula)",Stage I T1 N0 M0,stage_first,YES
"Pharynx (Including base of tongue, soft palate, and uvula)",AJCC7,any,T1,N1,M0,Any,Any,II,source_page=62; extract_method=stage_first; duplicate_source_page=69,62,"Pharynx (Including base of tongue, soft palate, and uvula)",Stage II T1 N1 M0,stage_first,YES
"Pharynx (Including base of tongue, soft palate, and uvula)",AJCC7,any,T2,N0,M0,Any,Any,II,source_page=62; extract_method=stage_carried; duplicate_source_page=69,62,"Pharynx (Including base of tongue, soft palate, and uvula)",T2 N0 M0,stage_carried,YES
"Pharynx (Including base of tongue, soft palate, and uvula)",AJCC7,any,T2,N1,M0,Any,Any,II,source_page=62; extract_method=stage_carried; duplicate_source_page=69,62,"Pharynx (Including base of tongue, soft palate, and uvula)",T2 N1 M0,stage_carried,YES
"Pharynx (Including base of tongue, soft palate, and uvula)",AJCC7,any,T1,N2,M0,Any,Any,III,source_page=62; extract_method=stage_first; duplicate_source_page=69,62,"Pharynx (Including base of tongue, soft palate, and uvula)",Stage III T1 N2 M0,stage_first,YES
"Pharynx (Including base of tongue, soft palate, and uvula)",AJCC7,any,T2,N2,M0,Any,Any,III,source_page=62; extract_method=stage_carried; duplicate_source_page=69,62,"Pharynx (Including base of tongue, soft palate, and uvula)",T2 N2 M0,stage_carried,YES
"Pharynx (Including base of tongue, soft palate, and uvula)",AJCC7,any,T3,N0,M0,Any,Any,III,source_page=62; extract_method=stage_carried; duplicate_source_page=69,62,"Pharynx (Including base of tongue, soft palate, and uvula)",T3 N0 M0,stage_carried,YES
"Pharynx (Including base of tongue, soft palate, and uvula)",AJCC7,any,T3,N1,M0,Any,Any,III,source_page=62; extract_method=stage_carried; duplicate_source_page=69,62,"Pharynx (Including base of tongue, soft palate, and uvula)",T3 N1 M0,stage_carried,YES
"Pharynx (Including base of tongue, soft palate, and uvula)",AJCC7,any,T3,N2,M0,Any,Any,III,source_page=62; extract_method=stage_carried; duplicate_source_page=69,62,"Pharynx (Including base of tongue, soft palate, and uvula)",T3 N2 M0,stage_carried,YES
"Pharynx (Including base of tongue, soft palate, and uvula)",AJCC7,any,T4,N0,M0,Any,Any,IVA,source_page=62; extract_method=stage_first; duplicate_source_page=69,62,"Pharynx (Including base of tongue, soft palate, and uvula)",Stage IVA T4 N0 M0,stage_first,YES
"Pharynx (Including base of tongue, soft palate, and uvula)",AJCC7,any,T4,N1,M0,Any,Any,IVA,source_page=62; extract_method=stage_carried; duplicate_source_page=69,62,"Pharynx (Including base of tongue, soft palate, and uvula)",T4 N1 M0,stage_carried,YES
"Pharynx (Including base of tongue, soft palate, and uvula)",AJCC7,any,T4,N2,M0,Any,Any,IVA,source_page=62; extract_method=stage_carried; duplicate_source_page=69,62,"Pharynx (Including base of tongue, soft palate, and uvula)",T4 N2 M0,stage_carried,YES
"Pharynx (Including base of tongue, soft palate, and uvula)",AJCC7,any,Any,N3,M0,Any,Any,IVB,source_page=62; extract_method=stage_first; duplicate_source_page=69,62,"Pharynx (Including base of tongue, soft palate, and uvula)",Stage IVB Any T N3 M0,stage_first,YES
"Pharynx (Including base of tongue, soft palate, and uvula)",AJCC7,any,Any,Any,M1,Any,Any,IVC,source_page=62; extract_method=stage_first; duplicate_source_page=69,62,"Pharynx (Including base of tongue, soft palate, and uvula)",Stage IVC Any T Any N M1,stage_first,YES
Larynx,AJCC7,any,Tis,N0,M0,Any,Any,0,source_page=73; extract_method=stage_first; extra_factors/raw_extra=C10.1 Anterior (lingual); duplicate_source_page=76; duplicate_source_page=80,73,Larynx,Stage 0 Tis N0 M0 C10.1 Anterior (lingual),stage_first,YES
Larynx,AJCC7,any,T1,N0,M0,Any,Any,I,source_page=73; extract_method=stage_first; extra_factors/raw_extra=surface of epiglottis; duplicate_source_page=76; duplicate_source_page=80,73,Larynx,Stage I T1 N0 M0 surface of epiglottis,stage_first,YES
Larynx,AJCC7,any,T2,N0,M0,Any,Any,II,source_page=73; extract_method=stage_first; extra_factors/raw_extra=C32.1 Supraglottis; duplicate_source_page=76; duplicate_source_page=80,73,Larynx,Stage II T2 N0 M0 C32.1 Supraglottis,stage_first,YES
Larynx,AJCC7,any,T3,N0,M0,Any,Any,III,source_page=73; extract_method=stage_first; extra_factors/raw_extra=(laryngeal surface); duplicate_source_page=76; duplicate_source_page=80,73,Larynx,Stage III T3 N0 M0 (laryngeal surface),stage_first,YES
Larynx,AJCC7,any,T1,N1,M0,Any,Any,III,source_page=73; extract_method=stage_carried; extra_factors/raw_extra=C32.2 Subglottis; duplicate_source_page=76; duplicate_source_page=80,73,Larynx,T1 N1 M0 C32.2 Subglottis,stage_carried,YES
Larynx,AJCC7,any,T2,N1,M0,Any,Any,III,source_page=73; extract_method=stage_carried; extra_factors/raw_extra=C32.8* Overlapping lesion; duplicate_source_page=76; duplicate_source_page=80,73,Larynx,T2 N1 M0 C32.8* Overlapping lesion,stage_carried,YES
Larynx,AJCC7,any,T3,N1,M0,Any,Any,III,source_page=73; extract_method=stage_carried; extra_factors/raw_extra=of larynx; duplicate_source_page=76; duplicate_source_page=80,73,Larynx,T3 N1 M0 of larynx,stage_carried,YES
Larynx,AJCC7,any,T4a,N0,M0,Any,Any,IVA,source_page=73; extract_method=stage_first; extra_factors/raw_extra=*Stage by location of tumor; duplicate_source_page=76; duplicate_source_page=80,73,Larynx,Stage IVA T4a N0 M0 *Stage by location of tumor,stage_first,YES
Larynx,AJCC7,any,T4a,N1,M0,Any,Any,IVA,source_page=73; extract_method=stage_carried; extra_factors/raw_extra=bulk or epicenter; duplicate_source_page=76; duplicate_source_page=80,73,Larynx,T4a N1 M0 bulk or epicenter,stage_carried,YES
Larynx,AJCC7,any,T1,N2,M0,Any,Any,IVA,source_page=73; extract_method=stage_carried; duplicate_source_page=76; duplicate_source_page=80,73,Larynx,T1 N2 M0,stage_carried,YES
Larynx,AJCC7,any,T2,N2,M0,Any,Any,IVA,source_page=73; extract_method=stage_carried; extra_factors/raw_extra=ICD-O-3 HISTOLOGY; duplicate_source_page=76; duplicate_source_page=80,73,Larynx,T2 N2 M0 ICD-O-3 HISTOLOGY,stage_carried,YES
Larynx,AJCC7,any,T3,N2,M0,Any,Any,IVA,source_page=73; extract_method=stage_carried; extra_factors/raw_extra=CODE RANGES; duplicate_source_page=76; duplicate_source_page=80,73,Larynx,T3 N2 M0 CODE RANGES,stage_carried,YES
Larynx,AJCC7,any,T4a,N2,M0,Any,Any,IVA,"source_page=73; extract_method=stage_carried; extra_factors/raw_extra=8000-8576, 8940-8950,; duplicate_source_page=76; duplicate_source_page=80",73,Larynx,"T4a N2 M0 8000-8576, 8940-8950,",stage_carried,YES
Larynx,AJCC7,any,T4b,Any,M0,Any,Any,IVB,source_page=73; extract_method=stage_first; extra_factors/raw_extra=8980-8981; duplicate_source_page=76; duplicate_source_page=80,73,Larynx,Stage IVB T4b Any N M0 8980-8981,stage_first,YES
Larynx,AJCC7,any,Any,N3,M0,Any,Any,IVB,source_page=73; extract_method=stage_carried; duplicate_source_page=76; duplicate_source_page=80,73,Larynx,Any T N3 M0,stage_carried,YES
Larynx,AJCC7,any,Any,Any,M1,Any,Any,IVC,source_page=73; extract_method=stage_first; duplicate_source_page=76; duplicate_source_page=80,73,Larynx,Stage IVC Any T Any N M1,stage_first,YES
Nasal Cavity and Paranasal Sinuses,AJCC7,any,Tis,N0,M0,Any,Any,0,source_page=85; extract_method=stage_first; extra_factors/raw_extra=C30.0 Nasal cavity; duplicate_source_page=88; duplicate_source_page=92,85,Nasal Cavity and Paranasal Sinuses,Stage 0 Tis N0 M0 C30.0 Nasal cavity,stage_first,YES
Nasal Cavity and Paranasal Sinuses,AJCC7,any,T1,N0,M0,Any,Any,I,source_page=85; extract_method=stage_first; extra_factors/raw_extra=C31.0 Maxillary sinus; duplicate_source_page=92,85,Nasal Cavity and Paranasal Sinuses,Stage I T1 N0 M0 C31.0 Maxillary sinus,stage_first,YES
Nasal Cavity and Paranasal Sinuses,AJCC7,any,T2,N0,M0,Any,Any,II,source_page=85; extract_method=stage_first; duplicate_source_page=88; duplicate_source_page=92,85,Nasal Cavity and Paranasal Sinuses,Stage II T2 N0 M0,stage_first,YES
Nasal Cavity and Paranasal Sinuses,AJCC7,any,T3,N0,M0,Any,Any,III,source_page=85; extract_method=stage_first; extra_factors/raw_extra=ICD-O-3 HISTOLOGY; duplicate_source_page=88; duplicate_source_page=92,85,Nasal Cavity and Paranasal Sinuses,Stage III T3 N0 M0 ICD-O-3 HISTOLOGY,stage_first,YES
Nasal Cavity and Paranasal Sinuses,AJCC7,any,T1,N1,M0,Any,Any,III,source_page=85; extract_method=stage_carried; extra_factors/raw_extra=CODE RANGES; duplicate_source_page=92,85,Nasal Cavity and Paranasal Sinuses,T1 N1 M0 CODE RANGES,stage_carried,YES
Nasal Cavity and Paranasal Sinuses,AJCC7,any,T2,N1,M0,Any,Any,III,"source_page=85; extract_method=stage_carried; extra_factors/raw_extra=8000-8576, 8940-8950,; duplicate_source_page=92",85,Nasal Cavity and Paranasal Sinuses,"T2 N1 M0 8000-8576, 8940-8950,",stage_carried,YES
Nasal Cavity and Paranasal Sinuses,AJCC7,any,T3,N1,M0,Any,Any,III,source_page=85; extract_method=stage_carried; extra_factors/raw_extra=8980-8981; duplicate_source_page=92,85,Nasal Cavity and Paranasal Sinuses,T3 N1 M0 8980-8981,stage_carried,YES
Nasal Cavity and Paranasal Sinuses,AJCC7,any,T4a,N0,M0,Any,Any,IVA,source_page=85; extract_method=stage_first; duplicate_source_page=88; duplicate_source_page=92,85,Nasal Cavity and Paranasal Sinuses,Stage IVA T4a N0 M0,stage_first,YES
Nasal Cavity and Paranasal Sinuses,AJCC7,any,T4a,N1,M0,Any,Any,IVA,source_page=85; extract_method=stage_carried; duplicate_source_page=88; duplicate_source_page=92,85,Nasal Cavity and Paranasal Sinuses,T4a N1 M0,stage_carried,YES
Nasal Cavity and Paranasal Sinuses,AJCC7,any,T1,N2,M0,Any,Any,IVA,source_page=85; extract_method=stage_carried; duplicate_source_page=88; duplicate_source_page=92,85,Nasal Cavity and Paranasal Sinuses,T1 N2 M0,stage_carried,YES
Nasal Cavity and Paranasal Sinuses,AJCC7,any,T2,N2,M0,Any,Any,IVA,source_page=85; extract_method=stage_carried; duplicate_source_page=88; duplicate_source_page=92,85,Nasal Cavity and Paranasal Sinuses,T2 N2 M0,stage_carried,YES
Nasal Cavity and Paranasal Sinuses,AJCC7,any,T3,N2,M0,Any,Any,IVA,source_page=85; extract_method=stage_carried; duplicate_source_page=88; duplicate_source_page=92,85,Nasal Cavity and Paranasal Sinuses,T3 N2 M0,stage_carried,YES
Nasal Cavity and Paranasal Sinuses,AJCC7,any,T4a,N2,M0,Any,Any,IVA,source_page=85; extract_method=stage_carried; duplicate_source_page=88; duplicate_source_page=92,85,Nasal Cavity and Paranasal Sinuses,T4a N2 M0,stage_carried,YES
Nasal Cavity and Paranasal Sinuses,AJCC7,any,T4b,Any,M0,Any,Any,IVB,source_page=85; extract_method=stage_first; duplicate_source_page=92,85,Nasal Cavity and Paranasal Sinuses,Stage IVB T4b Any N M0,stage_first,YES
Nasal Cavity and Paranasal Sinuses,AJCC7,any,Any,N3,M0,Any,Any,IVB,source_page=85; extract_method=stage_carried; duplicate_source_page=92,85,Nasal Cavity and Paranasal Sinuses,Any T N3 M0,stage_carried,YES
Nasal Cavity and Paranasal Sinuses,AJCC7,any,Any,Any,M1,Any,Any,IVC,source_page=85; extract_method=stage_first; duplicate_source_page=88; duplicate_source_page=92,85,Nasal Cavity and Paranasal Sinuses,Stage IVC Any T Any N M1,stage_first,YES
Major Salivary Glands,AJCC7,any,T1,N0,M0,Any,Any,I,source_page=95; extract_method=stage_first; extra_factors/raw_extra=C07.9 Parotid gland; duplicate_source_page=100,95,Major Salivary Glands,Stage I T1 N0 M0 C07.9 Parotid gland,stage_first,YES
Major Salivary Glands,AJCC7,any,T2,N0,M0,Any,Any,II,source_page=95; extract_method=stage_first; extra_factors/raw_extra=C08.0 Submandibular; duplicate_source_page=100,95,Major Salivary Glands,Stage II T2 N0 M0 C08.0 Submandibular,stage_first,YES
Major Salivary Glands,AJCC7,any,T3,N0,M0,Any,Any,III,source_page=95; extract_method=stage_first; extra_factors/raw_extra=C08.1 Sublingual gland; duplicate_source_page=96; duplicate_source_page=100,95,Major Salivary Glands,Stage III T3 N0 M0 C08.1 Sublingual gland,stage_first,YES
Major Salivary Glands,AJCC7,any,T1,N1,M0,Any,Any,III,source_page=95; extract_method=stage_carried; extra_factors/raw_extra=C08.8 Overlapping lesion; duplicate_source_page=96; duplicate_source_page=100,95,Major Salivary Glands,T1 N1 M0 C08.8 Overlapping lesion,stage_carried,YES
Major Salivary Glands,AJCC7,any,T2,N1,M0,Any,Any,III,source_page=95; extract_method=stage_carried; extra_factors/raw_extra=of major salivary; duplicate_source_page=100,95,Major Salivary Glands,T2 N1 M0 of major salivary,stage_carried,YES
Major Salivary Glands,AJCC7,any,T3,N1,M0,Any,Any,III,source_page=95; extract_method=stage_carried; extra_factors/raw_extra=glands; duplicate_source_page=96; duplicate_source_page=100,95,Major Salivary Glands,T3 N1 M0 glands,stage_carried,YES
Major Salivary Glands,AJCC7,any,T4a,N0,M0,Any,Any,IVA,source_page=95; extract_method=stage_first; extra_factors/raw_extra=C08.9 Major salivary | 7; duplicate_source_page=100,95,Major Salivary Glands,Stage IVA T4a N0 M0 C08.9 Major salivary 7,stage_first,YES
Major Salivary Glands,AJCC7,any,T4a,N1,M0,Any,Any,IVA,"source_page=95; extract_method=stage_carried; extra_factors/raw_extra=gland, NOS; duplicate_source_page=100",95,Major Salivary Glands,"T4a N1 M0 gland, NOS",stage_carried,YES
Major Salivary Glands,AJCC7,any,T1,N2,M0,Any,Any,IVA,source_page=95; extract_method=stage_carried; duplicate_source_page=100,95,Major Salivary Glands,T1 N2 M0,stage_carried,YES
Major Salivary Glands,AJCC7,any,T2,N2,M0,Any,Any,IVA,source_page=95; extract_method=stage_carried; extra_factors/raw_extra=ICD-O-3 HISTOLOGY; duplicate_source_page=100,95,Major Salivary Glands,T2 N2 M0 ICD-O-3 HISTOLOGY,stage_carried,YES
Major Salivary Glands,AJCC7,any,T3,N2,M0,Any,Any,IVA,source_page=95; extract_method=stage_carried; extra_factors/raw_extra=CODE RANGES; duplicate_source_page=100,95,Major Salivary Glands,T3 N2 M0 CODE RANGES,stage_carried,YES
Major Salivary Glands,AJCC7,any,T4a,N2,M0,Any,Any,IVA,"source_page=95; extract_method=stage_carried; extra_factors/raw_extra=8000-8576, 8940-8950,; duplicate_source_page=100",95,Major Salivary Glands,"T4a N2 M0 8000-8576, 8940-8950,",stage_carried,YES
Major Salivary Glands,AJCC7,any,T4b,Any,M0,Any,Any,IVB,source_page=95; extract_method=stage_first; duplicate_source_page=100,95,Major Salivary Glands,Stage IVB T4b Any N M0,stage_first,YES
Major Salivary Glands,AJCC7,any,Any,N3,M0,Any,Any,IVB,source_page=95; extract_method=stage_carried; duplicate_source_page=100,95,Major Salivary Glands,Any T N3 M0,stage_carried,YES
Major Salivary Glands,AJCC7,any,Any,Any,M1,Any,Any,IVC,source_page=95; extract_method=stage_first; duplicate_source_page=100,95,Major Salivary Glands,Stage IVC Any T Any N M1,stage_first,YES
Thyroid,AJCC7,any,Any,Any,M0,Any,Any,I,source_page=103; extract_method=stage_first; duplicate_source_page=105; duplicate_source_page=110,103,Thyroid,Stage I Any T Any N M0,stage_first,YES
Thyroid,AJCC7,any,Any,Any,M1,Any,Any,II,source_page=103; extract_method=stage_first; duplicate_source_page=110,103,Thyroid,Stage II Any T Any N M1,stage_first,YES
Thyroid,AJCC7,any,T1,N0,M0,Any,Any,I,source_page=103; extract_method=stage_first; duplicate_source_page=103; duplicate_source_page=105; duplicate_source_page=110; duplicate_source_page=110,103,Thyroid,Stage I T1 N0 M0,stage_first,YES
Thyroid,AJCC7,any,T2,N0,M0,Any,Any,II,source_page=103; extract_method=stage_first; duplicate_source_page=103; duplicate_source_page=105; duplicate_source_page=110; duplicate_source_page=110,103,Thyroid,Stage II T2 N0 M0,stage_first,YES
Thyroid,AJCC7,any,T3,N0,M0,Any,Any,III,source_page=103; extract_method=stage_first; duplicate_source_page=105; duplicate_source_page=110,103,Thyroid,Stage III T3 N0 M0,stage_first,YES
Thyroid,AJCC7,any,T1,N1a,M0,Any,Any,III,source_page=103; extract_method=stage_carried; duplicate_source_page=103; duplicate_source_page=105; duplicate_source_page=110; duplicate_source_page=110,103,Thyroid,T1 N1a M0,stage_carried,YES
Thyroid,AJCC7,any,T2,N1a,M0,Any,Any,III,source_page=103; extract_method=stage_carried; duplicate_source_page=103; duplicate_source_page=105; duplicate_source_page=110; duplicate_source_page=110,103,Thyroid,T2 N1a M0,stage_carried,YES
Thyroid,AJCC7,any,T3,N1a,M0,Any,Any,III,source_page=103; extract_method=stage_carried; duplicate_source_page=103; duplicate_source_page=105; duplicate_source_page=110; duplicate_source_page=110,103,Thyroid,T3 N1a M0,stage_carried,YES
Thyroid,AJCC7,any,T4a,N0,M0,Any,Any,IVA,source_page=103; extract_method=stage_first; duplicate_source_page=104; duplicate_source_page=105; duplicate_source_page=110; duplicate_source_page=110,103,Thyroid,Stage IVA T4a N0 M0,stage_first,YES
Thyroid,AJCC7,any,T4a,N1a,M0,Any,Any,IVA,source_page=103; extract_method=stage_carried; duplicate_source_page=104; duplicate_source_page=105; duplicate_source_page=110; duplicate_source_page=110,103,Thyroid,T4a N1a M0,stage_carried,YES
Thyroid,AJCC7,any,T1,N1b,M0,Any,Any,IVA,source_page=103; extract_method=stage_carried; duplicate_source_page=104; duplicate_source_page=105; duplicate_source_page=110; duplicate_source_page=110,103,Thyroid,T1 N1b M0,stage_carried,YES
Thyroid,AJCC7,any,T2,N1b,M0,Any,Any,IVA,source_page=103; extract_method=stage_carried; duplicate_source_page=104; duplicate_source_page=105; duplicate_source_page=110; duplicate_source_page=110,103,Thyroid,T2 N1b M0,stage_carried,YES
Thyroid,AJCC7,any,T3,N1b,M0,Any,Any,IVA,source_page=103; extract_method=stage_carried; duplicate_source_page=104; duplicate_source_page=110; duplicate_source_page=110,103,Thyroid,T3 N1b M0,stage_carried,YES
Thyroid,AJCC7,any,T4a,N1b,M0,Any,Any,IVA,source_page=103; extract_method=stage_carried; duplicate_source_page=104; duplicate_source_page=110; duplicate_source_page=110,103,Thyroid,T4a N1b M0,stage_carried,YES
Thyroid,AJCC7,any,T4b,Any,M0,Any,Any,IVB,source_page=103; extract_method=stage_first; duplicate_source_page=104; duplicate_source_page=104; duplicate_source_page=105; duplicate_source_page=105; duplicate_source_page=105; duplicate_source_page=110; duplicate_source_page=110; duplicate_source_page=110,103,Thyroid,Stage IVB T4b Any N M0,stage_first,YES
Thyroid,AJCC7,any,Any,Any,M1,Any,Any,IVC,source_page=103; extract_method=stage_first; duplicate_source_page=104; duplicate_source_page=104; duplicate_source_page=110; duplicate_source_page=110; duplicate_source_page=110,103,Thyroid,Stage IVC Any T Any N M1,stage_first,YES
Thyroid,AJCC7,any,T3,N0,M0,Any,Any,II,source_page=103; extract_method=stage_carried; duplicate_source_page=110,103,Thyroid,T3 N0 M0,stage_carried,YES
Thyroid,AJCC7,any,T4a,Any,M0,Any,Any,IVA,source_page=104; extract_method=stage_first; duplicate_source_page=105; duplicate_source_page=110,104,Thyroid,Stage IVA T4a Any N M0,stage_first,YES
Mucosal Melanoma of the Head and Neck,AJCC7,any,T3,N0,M0,Any,Any,III,source_page=113; extract_method=stage_first; extra_factors/raw_extra=For a complete description; duplicate_source_page=114; duplicate_source_page=115,113,Mucosal Melanoma of the Head and Neck,Stage III T3 N0 M0 For a complete description,stage_first,YES
Mucosal Melanoma of the Head and Neck,AJCC7,any,T4a,N0,M0,Any,Any,IVA,"source_page=113; extract_method=stage_first; extra_factors/raw_extra=of codes, refer to the appro-; duplicate_source_page=114; duplicate_source_page=115",113,Mucosal Melanoma of the Head and Neck,"Stage IVA T4a N0 M0 of codes, refer to the appro-",stage_first,YES
Mucosal Melanoma of the Head and Neck,AJCC7,any,T3-T4a,N1,M0,Any,Any,IVA,source_page=113; extract_method=stage_carried; extra_factors/raw_extra=priate anatomic site chapter; duplicate_source_page=114; duplicate_source_page=115,113,Mucosal Melanoma of the Head and Neck,T3-T4a N1 M0 priate anatomic site chapter,stage_carried,YES
Mucosal Melanoma of the Head and Neck,AJCC7,any,T4b,Any,M0,Any,Any,IVB,source_page=113; extract_method=stage_first; extra_factors/raw_extra=mucosal melanoma; duplicate_source_page=114; duplicate_source_page=115,113,Mucosal Melanoma of the Head and Neck,Stage IVB T4b Any N M0 mucosal melanoma,stage_first,YES
Mucosal Melanoma of the Head and Neck,AJCC7,any,Any,Any,M1,Any,Any,IVC,source_page=113; extract_method=stage_first; extra_factors/raw_extra=(see Chapters 3-6); duplicate_source_page=114; duplicate_source_page=115,113,Mucosal Melanoma of the Head and Neck,Stage IVC Any T Any N M1 (see Chapters 3-6),stage_first,YES
Esophagus and EGJ,AJCC7,any,T1,N0,M01|X,Any,Any,IA,source_page=119; extract_method=stage_first; extra_factors/raw_extra=Any | C15.3 Upper third,119,Esophagus and Esophagogastric Junction,"IA T1 N0 M0 1, X Any C15.3 Upper third",stage_first,YES
Esophagus and EGJ,AJCC7,any,T1,N0,M02-3,Any,Any,IB,source_page=119; extract_method=stage_first; extra_factors/raw_extra=Any | of esophagus,119,Esophagus and Esophagogastric Junction,IB T1 N0 M0 2-3 Any of esophagus,stage_first,YES
Esophagus and EGJ,AJCC7,any,T2|T3,N0,M01|X,Any,Any,IB,"source_page=119; extract_method=stage_carried; extra_factors/raw_extra=Lower, X | C15.4 Middle third",119,Esophagus and Esophagogastric Junction,"T2-3 N0 M0 1, X Lower, X C15.4 Middle third",stage_carried,YES
Esophagus and EGJ,AJCC7,any,T2|T3,N0,M01|X,Any,Any,IIA,"source_page=119; extract_method=stage_first; extra_factors/raw_extra=Upper, middle | C15.5 Lower third",119,Esophagus and Esophagogastric Junction,"IIA T2-3 N0 M0 1, X Upper, middle C15.5 Lower third",stage_first,YES
Esophagus and EGJ,AJCC7,any,T2|T3,N0,M02-3,Any,Any,IIA,"source_page=119; extract_method=stage_carried; extra_factors/raw_extra=Lower, X | of esophagus",119,Esophagus and Esophagogastric Junction,"T2-3 N0 M0 2-3 Lower, X of esophagus",stage_carried,YES
Esophagus and EGJ,AJCC7,any,T2|T3,N0,M02-3,Any,Any,IIB,"source_page=119; extract_method=stage_first; extra_factors/raw_extra=Upper, middle | C15.8 Overlapping lesion",119,Esophagus and Esophagogastric Junction,"IIB T2-3 N0 M0 2-3 Upper, middle C15.8 Overlapping lesion",stage_first,YES
Esophagus and EGJ,AJCC7,any,T1|T2,N1,M0Any,Any,Any,IIB,source_page=119; extract_method=stage_carried; extra_factors/raw_extra=Any | of esophagus,119,Esophagus and Esophagogastric Junction,T1-2 N1 M0 Any Any of esophagus,stage_carried,YES
Esophagus and EGJ,AJCC7,any,T1|T2,N2,M0Any,Any,Any,IIIA,"source_page=119; extract_method=stage_first; extra_factors/raw_extra=Any | C16.0 Cardia, esophago-",119,Esophagus and Esophagogastric Junction,"IIIA T1-2 N2 M0 Any Any C16.0 Cardia, esophago-",stage_first,YES
Esophagus and EGJ,AJCC7,any,T3,N1,M0Any,Any,Any,IIIA,source_page=119; extract_method=stage_carried; extra_factors/raw_extra=Any | gastric junction,119,Esophagus and Esophagogastric Junction,T3 N1 M0 Any Any gastric junction,stage_carried,YES
Esophagus and EGJ,AJCC7,any,T4a,N0,M0Any,Any,Any,IIIA,"source_page=119; extract_method=stage_carried; extra_factors/raw_extra=Any | C16.1 Fundus of stomach,",119,Esophagus and Esophagogastric Junction,"T4a N0 M0 Any Any C16.1 Fundus of stomach,",stage_carried,YES
Esophagus and EGJ,AJCC7,any,T3,N2,M0Any,Any,Any,IIIB,source_page=119; extract_method=stage_first; extra_factors/raw_extra=Any | proximal 5 cm only*,119,Esophagus and Esophagogastric Junction,IIIB T3 N2 M0 Any Any proximal 5 cm only*,stage_first,YES
Esophagus and EGJ,AJCC7,any,T4a,N1|N2M0Any,Any,Any,Any,IIIC,source_page=119; extract_method=stage_first; extra_factors/raw_extra=proximal 5 cm only*,119,Esophagus and Esophagogastric Junction,IIIC T4a N1-2 M0 Any Any proximal 5 cm only*,stage_first,YES
Esophagus and EGJ,AJCC7,any,T4b,AnyM0Any,Any,Any,Any,IIIC,source_page=119; extract_method=stage_carried,119,Esophagus and Esophagogastric Junction,T4b Any M0 Any Any,stage_carried,check
Esophagus and EGJ,AJCC7,any,Any,N3,M0Any,Any,Any,IIIC,source_page=119; extract_method=stage_carried; extra_factors/raw_extra=Any | *Note: If gastric tumor extends,119,Esophagus and Esophagogastric Junction,Any N3 M0 Any Any *Note: If gastric tumor extends,stage_carried,YES
Esophagus and EGJ,AJCC7,any,Any,Any,M1Any,Any,Any,IV,source_page=119; extract_method=stage_first; extra_factors/raw_extra=Any | junction.,119,Esophagus and Esophagogastric Junction,IV Any Any M1 Any Any junction.,stage_first,YES
Esophagus and EGJ,AJCC7,any,T1,N0,M0,Any,Any,IA,"source_page=120; extract_method=stage_first; extra_factors/raw_extra=1-2, X | 8980-8981 (C16 only); duplicate_source_page=129; duplicate_source_page=130",120,Esophagus and Esophagogastric Junction,"IA T1 N0 M0 1-2, X 8980-8981 (C16 only)",stage_first,YES
Esophagus and EGJ,AJCC7,any,T1,N0,M0,Any,Any,IB,source_page=120; extract_method=stage_first; extra_factors/raw_extra=3; duplicate_source_page=129; duplicate_source_page=130,120,Esophagus and Esophagogastric Junction,IB T1 N0 M0 3,stage_first,YES
Esophagus and EGJ,AJCC7,any,T2,N0,M0,Any,Any,IB,"source_page=120; extract_method=stage_carried; extra_factors/raw_extra=1-2, X; duplicate_source_page=130",120,Esophagus and Esophagogastric Junction,"T2 N0 M0 1-2, X",stage_carried,YES
Esophagus and EGJ,AJCC7,any,T2,N0,M0,Any,Any,IIA,source_page=120; extract_method=stage_first; extra_factors/raw_extra=3; duplicate_source_page=130,120,Esophagus and Esophagogastric Junction,IIA T2 N0 M0 3,stage_first,YES
Esophagus and EGJ,AJCC7,any,T3,N0,M0,Any,Any,IIB,source_page=120; extract_method=stage_first; duplicate_source_page=130,120,Esophagus and Esophagogastric Junction,IIB T3 N0 M0 Any,stage_first,YES
Esophagus and EGJ,AJCC7,any,T1|T2,N1,M0,Any,Any,IIB,source_page=120; extract_method=stage_carried; duplicate_source_page=129; duplicate_source_page=130,120,Esophagus and Esophagogastric Junction,T1-2 N1 M0 Any,stage_carried,YES
Esophagus and EGJ,AJCC7,any,T1|T2,N2,M0,Any,Any,IIIA,source_page=120; extract_method=stage_first; duplicate_source_page=129; duplicate_source_page=130,120,Esophagus and Esophagogastric Junction,IIIA T1-2 N2 M0 Any,stage_first,YES
Esophagus and EGJ,AJCC7,any,T3,N1,M0,Any,Any,IIIA,source_page=120; extract_method=stage_carried; duplicate_source_page=129; duplicate_source_page=130,120,Esophagus and Esophagogastric Junction,T3 N1 M0 Any,stage_carried,YES
Esophagus and EGJ,AJCC7,any,T4a,N0,M0,Any,Any,IIIA,source_page=120; extract_method=stage_carried; duplicate_source_page=129; duplicate_source_page=130,120,Esophagus and Esophagogastric Junction,T4a N0 M0 Any,stage_carried,YES
Esophagus and EGJ,AJCC7,any,T3,N2,M0,Any,Any,IIIB,source_page=120; extract_method=stage_first; duplicate_source_page=129; duplicate_source_page=130,120,Esophagus and Esophagogastric Junction,IIIB T3 N2 M0 Any,stage_first,YES
Esophagus and EGJ,AJCC7,any,T4a,N1|N2M0,Any,Any,Any,IIIC,source_page=120; extract_method=stage_first,120,Esophagus and Esophagogastric Junction,IIIC T4a N1-2 M0 Any,stage_first,check
Esophagus and EGJ,AJCC7,any,T4b,AnyM0,Any,Any,Any,IIIC,source_page=120; extract_method=stage_carried,120,Esophagus and Esophagogastric Junction,T4b Any M0 Any,stage_carried,check
Esophagus and EGJ,AJCC7,any,Any,N3,M0,Any,Any,IIIC,source_page=120; extract_method=stage_carried; duplicate_source_page=129; duplicate_source_page=130,120,Esophagus and Esophagogastric Junction,Any N3 M0 Any,stage_carried,YES
Esophagus and EGJ,AJCC7,any,Any,Any,M1,Any,Any,IV,source_page=120; extract_method=stage_first; duplicate_source_page=129; duplicate_source_page=130,120,Esophagus and Esophagogastric Junction,IV Any Any M1 Any,stage_first,YES
Esophagus and EGJ,AJCC7,yp,T2,N0,M03,Any,Any,IIA,source_page=125; extract_method=stage_first,125,Esophagus and Esophagogastric Junction,IIA T2 N0 M0 3,stage_first,check
Esophagus and EGJ,AJCC7,any,T2|T3,N0,M0,Any,Any,IB,"source_page=129; extract_method=stage_carried; extra_factors/raw_extra=1, X | Lower, X | T2-3 | N0 | M0 | 1, X | Lower, X",129,Esophagus and Esophagogastric Junction,"T2-3 N0 M0 1, X Lower, X T2-3 N0 M0 1, X Lower, X",stage_carried,YES
Esophagus and EGJ,AJCC7,any,T2|T3,N0,M0,Any,Any,IIA,"source_page=129; extract_method=stage_first; extra_factors/raw_extra=1, X | Upper, middle | IIA | T2-3 | N0 | M0 | 1, X | Upper, middle; duplicate_source_page=129",129,Esophagus and Esophagogastric Junction,"IIA T2-3 N0 M0 1, X Upper, middle IIA T2-3 N0 M0 1, X Upper, middle",stage_first,YES
Esophagus and EGJ,AJCC7,any,T2|T3,N0,M0,Any,Any,IIB,"source_page=129; extract_method=stage_first; extra_factors/raw_extra=2-3 | Upper, middle | IIB | T2-3 | N0 | M0 | 2-3 | Upper, middle",129,Esophagus and Esophagogastric Junction,"IIB T2-3 N0 M0 2-3 Upper, middle IIB T2-3 N0 M0 2-3 Upper, middle",stage_first,YES
Esophagus and EGJ,AJCC7,any,T4a,N1|N2,M0,Any,Any,IIIC,source_page=129; extract_method=stage_first; extra_factors/raw_extra=Any | Any | IIIC | T4a | N1-2 | M0 | Any | Any; duplicate_source_page=130,129,Esophagus and Esophagogastric Junction,IIIC T4a N1-2 M0 Any Any IIIC T4a N1-2 M0 Any Any,stage_first,YES
Esophagus and EGJ,AJCC7,any,T4b,Any,M0,Any,Any,IIIC,source_page=129; extract_method=stage_carried; extra_factors/raw_extra=Any | Any | T4b | Any | M0 | Any | Any; duplicate_source_page=130,129,Esophagus and Esophagogastric Junction,T4b Any M0 Any Any T4b Any M0 Any Any,stage_carried,YES
Esophagus and EGJ,AJCC7,any,Tis(HGD),N0,M0,Any,Any,0,"source_page=130; extract_method=stage_first; extra_factors/raw_extra=1, X | 0 | Tis (HGD) | N0 | M0 | 1, X",130,Esophagus and Esophagogastric Junction,"0 Tis (HGD) N0 M0 1, X 0 Tis (HGD) N0 M0 1, X",stage_first,YES
Stomach,AJCC7,any,Tis,N0,M0,Any,Any,0,source_page=133; extract_method=stage_first; extra_factors/raw_extra=C16.1 Fundus; duplicate_source_page=136; duplicate_source_page=140,133,Stomach,Stage 0 Tis N0 M0 C16.1 Fundus,stage_first,YES
Stomach,AJCC7,any,T1,N0,M0,Any,Any,IA,source_page=133; extract_method=stage_first; extra_factors/raw_extra=of stomach*; duplicate_source_page=140,133,Stomach,Stage IA T1 N0 M0 of stomach*,stage_first,YES
Stomach,AJCC7,any,T2,N0,M0,Any,Any,IB,source_page=133; extract_method=stage_first; extra_factors/raw_extra=C16.3 Gastric antrum; duplicate_source_page=136; duplicate_source_page=140,133,Stomach,Stage IB T2 N0 M0 C16.3 Gastric antrum,stage_first,YES
Stomach,AJCC7,any,T1,N1,M0,Any,Any,IB,source_page=133; extract_method=stage_carried; extra_factors/raw_extra=C16.4 Pylorus; duplicate_source_page=136; duplicate_source_page=140,133,Stomach,T1 N1 M0 C16.4 Pylorus,stage_carried,YES
Stomach,AJCC7,any,T3,N0,M0,Any,Any,IIA,source_page=133; extract_method=stage_first; extra_factors/raw_extra=C16.5 Lesser curvature; duplicate_source_page=140,133,Stomach,Stage IIA T3 N0 M0 C16.5 Lesser curvature,stage_first,YES
Stomach,AJCC7,any,T2,N1,M0,Any,Any,IIA,"source_page=133; extract_method=stage_carried; extra_factors/raw_extra=of stomach, NOS; duplicate_source_page=140",133,Stomach,"T2 N1 M0 of stomach, NOS",stage_carried,YES
Stomach,AJCC7,any,T1,N2,M0,Any,Any,IIA,source_page=133; extract_method=stage_carried; extra_factors/raw_extra=C16.6 Greater curvature; duplicate_source_page=140,133,Stomach,T1 N2 M0 C16.6 Greater curvature,stage_carried,YES
Stomach,AJCC7,any,T4a,N0,M0,Any,Any,IIB,source_page=133; extract_method=stage_first; extra_factors/raw_extra=C16.8 Overlapping lesion; duplicate_source_page=136; duplicate_source_page=140,133,Stomach,Stage IIB T4a N0 M0 C16.8 Overlapping lesion,stage_first,YES
Stomach,AJCC7,any,T3,N1,M0,Any,Any,IIB,source_page=133; extract_method=stage_carried; extra_factors/raw_extra=of stomach | 11; duplicate_source_page=136; duplicate_source_page=140,133,Stomach,T3 N1 M0 of stomach 11,stage_carried,YES
Stomach,AJCC7,any,T2,N2,M0,Any,Any,IIB,"source_page=133; extract_method=stage_carried; extra_factors/raw_extra=C16.9 Stomach, NOS; duplicate_source_page=136; duplicate_source_page=140",133,Stomach,"T2 N2 M0 C16.9 Stomach, NOS",stage_carried,YES
Stomach,AJCC7,any,T1,N3,M0,Any,Any,IIB,source_page=133; extract_method=stage_carried; duplicate_source_page=136; duplicate_source_page=140,133,Stomach,T1 N3 M0,stage_carried,YES
Stomach,AJCC7,any,T4a,N1,M0,Any,Any,IIIA,source_page=133; extract_method=stage_first; extra_factors/raw_extra=Summary of Changes.; duplicate_source_page=140,133,Stomach,Stage IIIA T4a N1 M0 Summary of Changes.,stage_first,YES
Stomach,AJCC7,any,T3,N2,M0,Any,Any,IIIA,source_page=133; extract_method=stage_carried; duplicate_source_page=140,133,Stomach,T3 N2 M0,stage_carried,YES
Stomach,AJCC7,any,T2,N3,M0,Any,Any,IIIA,source_page=133; extract_method=stage_carried; duplicate_source_page=140,133,Stomach,T2 N3 M0,stage_carried,YES
Stomach,AJCC7,any,T4b,N0,M0,Any,Any,IIIB,"source_page=134; extract_method=stage_first; extra_factors/raw_extra=8243-8245, 8247-8248,; duplicate_source_page=136; duplicate_source_page=140",134,Stomach,"Stage IIIB T4b N0 M0 8243-8245, 8247-8248,",stage_first,YES
Stomach,AJCC7,any,T4b,N1,M0,Any,Any,IIIB,"source_page=134; extract_method=stage_carried; extra_factors/raw_extra=8250-8576, 8940-8950,; duplicate_source_page=136; duplicate_source_page=140",134,Stomach,"T4b N1 M0 8250-8576, 8940-8950,",stage_carried,YES
Stomach,AJCC7,any,T4a,N2,M0,Any,Any,IIIB,source_page=134; extract_method=stage_carried; extra_factors/raw_extra=8980-8990; duplicate_source_page=140,134,Stomach,T4a N2 M0 8980-8990,stage_carried,YES
Stomach,AJCC7,any,T3,N3,M0,Any,Any,IIIB,source_page=134; extract_method=stage_carried; duplicate_source_page=140,134,Stomach,T3 N3 M0,stage_carried,YES
Stomach,AJCC7,any,T4b,N2,M0,Any,Any,IIIC,source_page=134; extract_method=stage_first; duplicate_source_page=140,134,Stomach,Stage IIIC T4b N2 M0,stage_first,YES
Stomach,AJCC7,any,T4b,N3,M0,Any,Any,IIIC,source_page=134; extract_method=stage_carried; duplicate_source_page=140,134,Stomach,T4b N3 M0,stage_carried,YES
Stomach,AJCC7,any,T4a,N3,M0,Any,Any,IIIC,source_page=134; extract_method=stage_carried; duplicate_source_page=140,134,Stomach,T4a N3 M0,stage_carried,YES
Stomach,AJCC7,any,Any,Any,M1,Any,Any,IV,source_page=134; extract_method=stage_first; duplicate_source_page=140,134,Stomach,Stage IV Any T Any N M1,stage_first,YES
Small intestine,AJCC7,any,Tis,N0,M0,Any,Any,0,source_page=143; extract_method=stage_first; extra_factors/raw_extra=C17.0 Duodenum; duplicate_source_page=147,143,Small Intestine,Stage 0 Tis N0 M0 C17.0 Duodenum,stage_first,YES
Small intestine,AJCC7,any,T1,N0,M0,Any,Any,I,source_page=143; extract_method=stage_first; extra_factors/raw_extra=C17.1 Jejunum; duplicate_source_page=147,143,Small Intestine,Stage I T1 N0 M0 C17.1 Jejunum,stage_first,YES
Small intestine,AJCC7,any,T2,N0,M0,Any,Any,I,source_page=143; extract_method=stage_carried; extra_factors/raw_extra=C17.2 Ileum; duplicate_source_page=147,143,Small Intestine,T2 N0 M0 C17.2 Ileum,stage_carried,YES
Small intestine,AJCC7,any,T3,N0,M0,Any,Any,IIA,source_page=143; extract_method=stage_first; extra_factors/raw_extra=of small intestine; duplicate_source_page=147,143,Small Intestine,Stage IIA T3 N0 M0 of small intestine,stage_first,YES
Small intestine,AJCC7,any,T4,N0,M0,Any,Any,IIB,"source_page=143; extract_method=stage_first; extra_factors/raw_extra=C17.9 Small intestine,; duplicate_source_page=147",143,Small Intestine,"Stage IIB T4 N0 M0 C17.9 Small intestine,",stage_first,YES
Small intestine,AJCC7,any,Any,N1,M0,Any,Any,IIIA,source_page=143; extract_method=stage_first; duplicate_source_page=147,143,Small Intestine,Stage IIIA Any T N1 M0,stage_first,YES
Small intestine,AJCC7,any,Any,N2,M0,Any,Any,IIIB,source_page=143; extract_method=stage_first; extra_factors/raw_extra=ICD-O-3 HISTOLOGY; duplicate_source_page=147,143,Small Intestine,Stage IIIB Any T N2 M0 ICD-O-3 HISTOLOGY,stage_first,YES
Small intestine,AJCC7,any,Any,Any,M1,Any,Any,IV,"source_page=143; extract_method=stage_first; extra_factors/raw_extra=8000-8152, 8154-8231,; duplicate_source_page=147",143,Small Intestine,"Stage IV Any T Any N M1 8000-8152, 8154-8231,",stage_first,YES
Small intestine,AJCC7,yp,Tis,N0,M0,Any,Any,0,source_page=145; extract_method=stage_first,145,Small Intestine,Stage 0 Tis N0 M0,stage_first,check
Small intestine,AJCC7,yp,T1,N0,M0,Any,Any,I,source_page=145; extract_method=stage_first,145,Small Intestine,Stage I T1 N0 M0,stage_first,check
Small intestine,AJCC7,yp,T2,N0,M0,Any,Any,I,source_page=145; extract_method=stage_carried,145,Small Intestine,T2 N0 M0,stage_carried,check
Small intestine,AJCC7,yp,T3,N0,M0,Any,Any,IIA,source_page=145; extract_method=stage_first,145,Small Intestine,Stage IIA T3 N0 M0,stage_first,check
Small intestine,AJCC7,yp,T4,N0,M0,Any,Any,IIB,"source_page=145; extract_method=stage_first; extra_factors/raw_extra=FIGURE 12.1. Observed survival rates for 3,086 cases with",145,Small Intestine,"Stage IIB T4 N0 M0 FIGURE 12.1. Observed survival rates for 3,086 cases with",stage_first,YES
Small intestine,AJCC7,yp,Any,N1,M0,Any,Any,IIIA,source_page=145; extract_method=stage_first,145,Small Intestine,Stage IIIA Any T N1 M0,stage_first,check
Small intestine,AJCC7,yp,Any,N2,M0,Any,Any,IIIB,source_page=145; extract_method=stage_first; extra_factors/raw_extra=College of Surgeons and the American Cancer Society) diag-,145,Small Intestine,Stage IIIB Any T N2 M0 College of Surgeons and the American Cancer Society) diag-,stage_first,YES
Small intestine,AJCC7,yp,Any,Any,M1,Any,Any,IV,"source_page=145; extract_method=stage_first; extra_factors/raw_extra=Stage IIB, 304; Stage IIIA, 715; Stage IIIB, 328; and Stage IV, 726.",145,Small Intestine,"Stage IV Any T Any N M1 Stage IIB, 304; Stage IIIA, 715; Stage IIIB, 328; and Stage IV, 726.",stage_first,YES
Appendix - carcinoma,AJCC7,any,Tis,N0,M0,Any,Any,0,source_page=150; extract_method=stage_first; duplicate_source_page=153; duplicate_source_page=156,150,Appendix,Stage 0 Tis N0 M0,stage_first,YES
Appendix - carcinoma,AJCC7,any,T1,N0,M0,Any,Any,I,source_page=150; extract_method=stage_first; extra_factors/raw_extra=CODE RANGES; duplicate_source_page=150; duplicate_source_page=153; duplicate_source_page=156; duplicate_source_page=156,150,Appendix,Stage I T1 N0 M0 CODE RANGES,stage_first,YES
Appendix - carcinoma,AJCC7,any,T2,N0,M0,Any,Any,I,"source_page=150; extract_method=stage_carried; extra_factors/raw_extra=8000-8576, 8940-8950,; duplicate_source_page=153; duplicate_source_page=156",150,Appendix,"T2 N0 M0 8000-8576, 8940-8950,",stage_carried,YES
Appendix - carcinoma,AJCC7,any,T3,N0,M0,Any,Any,IIA,source_page=150; extract_method=stage_first; extra_factors/raw_extra=8980-8981; duplicate_source_page=153; duplicate_source_page=156,150,Appendix,Stage IIA T3 N0 M0 8980-8981,stage_first,YES
Appendix - carcinoma,AJCC7,any,T4a,N0,M0,Any,Any,IIB,source_page=150; extract_method=stage_first; duplicate_source_page=153; duplicate_source_page=156,150,Appendix,Stage IIB T4a N0 M0,stage_first,YES
Appendix - carcinoma,AJCC7,any,T4b,N0,M0,Any,Any,IIC,source_page=150; extract_method=stage_first; duplicate_source_page=153; duplicate_source_page=156,150,Appendix,Stage IIC T4b N0 M0,stage_first,YES
Appendix - carcinoma,AJCC7,any,T1,N1,M0,Any,Any,IIIA,source_page=150; extract_method=stage_first; duplicate_source_page=153; duplicate_source_page=156,150,Appendix,Stage IIIA T1 N1 M0,stage_first,YES
Appendix - carcinoma,AJCC7,any,T2,N1,M0,Any,Any,IIIA,source_page=150; extract_method=stage_carried; duplicate_source_page=153; duplicate_source_page=156,150,Appendix,T2 N1 M0,stage_carried,YES
Appendix - carcinoma,AJCC7,any,T3,N1,M0,Any,Any,IIIB,source_page=150; extract_method=stage_first; duplicate_source_page=153; duplicate_source_page=156,150,Appendix,Stage IIIB T3 N1 M0,stage_first,YES
Appendix - carcinoma,AJCC7,any,T4,N1,M0,Any,Any,IIIB,source_page=150; extract_method=stage_carried; duplicate_source_page=153; duplicate_source_page=156,150,Appendix,T4 N1 M0,stage_carried,YES
Appendix - carcinoma,AJCC7,any,Any,N2,M0,Any,Any,IIIC,source_page=150; extract_method=stage_first; duplicate_source_page=156,150,Appendix,Stage IIIC Any T N2 M0,stage_first,YES
Appendix - carcinoma,AJCC7,any,Any,N0,M1a,G1,Any,IVA,source_page=150; extract_method=stage_first,150,Appendix,Stage IVA Any T N0 M1a G1,stage_first,check
Appendix - carcinoma,AJCC7,any,Any,N0,M1a,Any,Any,IVB,"source_page=150; extract_method=stage_first; extra_factors/raw_extra=G2, 3; duplicate_source_page=156",150,Appendix,"Stage IVB Any T N0 M1a G2, 3",stage_first,YES
Appendix - carcinoma,AJCC7,any,Any,N1,M1a,Any,Any,IVB,source_page=150; extract_method=stage_carried; duplicate_source_page=156,150,Appendix,Any T N1 M1a Any G,stage_carried,YES
Appendix - carcinoma,AJCC7,any,Any,N2,M1a,Any,Any,IVB,source_page=150; extract_method=stage_carried; duplicate_source_page=156,150,Appendix,Any T N2 M1a Any G,stage_carried,YES
Appendix - carcinoma,AJCC7,any,Any,Any,M1b,Any,Any,IVC,source_page=150; extract_method=stage_first; duplicate_source_page=156,150,Appendix,Stage IVC Any T Any N M1b Any G,stage_first,YES
Appendix - carcinoma,AJCC7,any,T2|T3,N0,M0,Any,Any,II,source_page=150; extract_method=stage_first; duplicate_source_page=156,150,Appendix,"Stage II T2, T3 N0 M0",stage_first,YES
Appendix - carcinoma,AJCC7,any,T4,N0,M0,Any,Any,III,source_page=150; extract_method=stage_first; duplicate_source_page=156,150,Appendix,Stage III T4 N0 M0,stage_first,YES
Appendix - carcinoma,AJCC7,any,Any,N1,M0,Any,Any,III,source_page=150; extract_method=stage_carried; duplicate_source_page=156,150,Appendix,Any T N1 M0,stage_carried,YES
Appendix - carcinoma,AJCC7,any,Any,Any,M1,Any,Any,IV,source_page=150; extract_method=stage_first; duplicate_source_page=156,150,Appendix,Stage IV Any T Any N M1,stage_first,YES
Appendix - carcinoma,AJCC7,yp,Any,N2,M0,Any,Any,IIIC,source_page=153; extract_method=stage_first; extra_factors/raw_extra=necrosis are features of atypical carcinoids (well-differentiated,153,Appendix,Stage IIIC Any T N2 M0 necrosis are features of atypical carcinoids (well-differentiated,stage_first,YES
Appendix - carcinoma,AJCC7,yp,Any,N0,M1a,Any,Any,IVA,"source_page=153; extract_method=stage_first; extra_factors/raw_extra=G1 | neuroendocrine carcinomas), a type seen much more com-",153,Appendix,"Stage IVA Any T N0 M1a G1 neuroendocrine carcinomas), a type seen much more com-",stage_first,YES
Appendix - carcinoma,AJCC7,yp,Any,N0,M1a,Any,Any,IVB,"source_page=153; extract_method=stage_first; extra_factors/raw_extra=G2, 3 | Goblet cell carcinoids are classified according to the",153,Appendix,"Stage IVB Any T N0 M1a G2, 3 Goblet cell carcinoids are classified according to the",stage_first,YES
Appendix - carcinoma,AJCC7,yp,Any,N1,M1a,Any,Any,IVB,source_page=153; extract_method=stage_carried; extra_factors/raw_extra=Any G | carcinoma scheme.,153,Appendix,Any T N1 M1a Any G carcinoma scheme.,stage_carried,YES
Appendix - carcinoma,AJCC7,yp,Any,N2,M1a,Any,Any,IVB,source_page=153; extract_method=stage_carried,153,Appendix,Any T N2 M1a Any G,stage_carried,check
Appendix - carcinoma,AJCC7,yp,Any,Any,M1b,Any,Any,IVC,source_page=153; extract_method=stage_first,153,Appendix,Stage IVC Any T Any N M1b Any G,stage_first,check
Appendix - carcinoma,AJCC7,yp,T1,N0,M0,Any,Any,I,source_page=153; extract_method=stage_first; extra_factors/raw_extra=Small cell carcinoma,153,Appendix,Stage I T1 N0 M0 Small cell carcinoma,stage_first,YES
Appendix - carcinoma,AJCC7,yp,T2|T3,N0,M0,Any,Any,II,"source_page=153; extract_method=stage_first; extra_factors/raw_extra=Carcinoma, NOS",153,Appendix,"Stage II T2, T3 N0 M0 Carcinoma, NOS",stage_first,YES
Appendix - carcinoma,AJCC7,yp,T4,N0,M0,Any,Any,III,source_page=153; extract_method=stage_first,153,Appendix,Stage III T4 N0 M0,stage_first,check
Appendix - carcinoma,AJCC7,yp,Any,N1,M0,Any,Any,III,source_page=153; extract_method=stage_carried; extra_factors/raw_extra=*The term “high-grade dysplasia” may be used as a syno-,153,Appendix,Any T N1 M0 *The term “high-grade dysplasia” may be used as a syno-,stage_carried,YES
Appendix - carcinoma,AJCC7,yp,Any,Any,M1,Any,Any,IV,source_page=153; extract_method=stage_first; extra_factors/raw_extra=pTis.,153,Appendix,Stage IV Any T Any N M1 pTis.,stage_first,YES
Appendix - carcinoma,AJCC7,any,Any,N0,M1a,Any,Any,IVA,source_page=156; extract_method=stage_first; extra_factors/raw_extra=G1 | IVA | Any T | N0 | M1a | G1,156,Appendix,IVA Any T N0 M1a G1 IVA Any T N0 M1a G1,stage_first,YES
Colon and Rectum,AJCC7,any,Tis,N0,M0,Any,Any,0,source_page=160; extract_method=stage_first; extra_factors/raw_extra=- | - | C18.2 Ascending colon; duplicate_source_page=178,160,Colon and Rectum,0 Tis N0 M0 - - C18.2 Ascending colon,stage_first,YES
Colon and Rectum,AJCC7,any,T1,N0,M0,Any,Any,I,source_page=160; extract_method=stage_first; extra_factors/raw_extra=A | A | of colon; duplicate_source_page=171; duplicate_source_page=178,160,Colon and Rectum,I T1 N0 M0 A A of colon,stage_first,YES
Colon and Rectum,AJCC7,any,T2,N0,M0,Any,Any,I,source_page=160; extract_method=stage_carried; extra_factors/raw_extra=A | B1 | C18.4 Transverse colon; duplicate_source_page=171; duplicate_source_page=178,160,Colon and Rectum,T2 N0 M0 A B1 C18.4 Transverse colon,stage_carried,YES
Colon and Rectum,AJCC7,any,T3,N0,M0,Any,Any,IIA,source_page=160; extract_method=stage_first; extra_factors/raw_extra=B | B2 | of colon; duplicate_source_page=178,160,Colon and Rectum,IIA T3 N0 M0 B B2 of colon,stage_first,YES
Colon and Rectum,AJCC7,any,T4a,N0,M0,Any,Any,IIB,source_page=160; extract_method=stage_first; extra_factors/raw_extra=B | B2 | C18.6 Descending colon; duplicate_source_page=171; duplicate_source_page=178,160,Colon and Rectum,IIB T4a N0 M0 B B2 C18.6 Descending colon,stage_first,YES
Colon and Rectum,AJCC7,any,T4b,N0,M0,Any,Any,IIC,source_page=160; extract_method=stage_first; extra_factors/raw_extra=B | B3 | C18.8 Overlapping lesion; duplicate_source_page=178,160,Colon and Rectum,IIC T4b N0 M0 B B3 C18.8 Overlapping lesion,stage_first,YES
Colon and Rectum,AJCC7,any,T1-T2,N1|N1c,M0,Any,Any,IIIA,source_page=160; extract_method=stage_first; extra_factors/raw_extra=C | C1 | of colon; duplicate_source_page=171; duplicate_source_page=178,160,Colon and Rectum,IIIA T1-T2 N1/N1c M0 C C1 of colon,stage_first,YES
Colon and Rectum,AJCC7,any,T1,N2a,M0,Any,Any,IIIA,source_page=160; extract_method=stage_carried; extra_factors/raw_extra=C | C1 | C19.9 Rectosigmoid; duplicate_source_page=171; duplicate_source_page=178,160,Colon and Rectum,T1 N2a M0 C C1 C19.9 Rectosigmoid,stage_carried,YES
Colon and Rectum,AJCC7,any,T3-T4a,N1|N1c,M0,Any,Any,IIIB,source_page=160; extract_method=stage_first; extra_factors/raw_extra=C | C2 | junction; duplicate_source_page=178,160,Colon and Rectum,IIIB T3-T4a N1/N1c M0 C C2 junction,stage_first,YES
Colon and Rectum,AJCC7,any,T2-T3,N2a,M0,Any,Any,IIIB,source_page=160; extract_method=stage_carried; extra_factors/raw_extra=C | C1/C2; duplicate_source_page=178,160,Colon and Rectum,T2-T3 N2a M0 C C1/C2,stage_carried,YES
Colon and Rectum,AJCC7,any,T1-T2,N2b,M0,Any,Any,IIIB,source_page=160; extract_method=stage_carried; extra_factors/raw_extra=C | C1 | ICD-O-3 HISTOLOGY; duplicate_source_page=178,160,Colon and Rectum,T1-T2 N2b M0 C C1 ICD-O-3 HISTOLOGY,stage_carried,YES
Colon and Rectum,AJCC7,any,T4a,N2a,M0,Any,Any,IIIC,"source_page=160; extract_method=stage_first; extra_factors/raw_extra=C | C2 | 8000-8152, 8154-8231,; duplicate_source_page=171; duplicate_source_page=178",160,Colon and Rectum,"IIIC T4a N2a M0 C C2 8000-8152, 8154-8231,",stage_first,YES
Colon and Rectum,AJCC7,any,T3-T4a,N2b,M0,Any,Any,IIIC,"source_page=160; extract_method=stage_carried; extra_factors/raw_extra=C | C2 | 8243-8245, 8247-8248,; duplicate_source_page=171; duplicate_source_page=178",160,Colon and Rectum,"T3-T4a N2b M0 C C2 8243-8245, 8247-8248,",stage_carried,YES
Colon and Rectum,AJCC7,any,T4b,N1-N2,M0,Any,Any,IIIC,source_page=160; extract_method=stage_carried; extra_factors/raw_extra=C | C3 | 8980-8981; duplicate_source_page=171; duplicate_source_page=178,160,Colon and Rectum,T4b N1-N2 M0 C C3 8980-8981,stage_carried,YES
Colon and Rectum,AJCC7,any,Any,Any,M1a,Any,Any,IVA,source_page=160; extract_method=stage_first; extra_factors/raw_extra=- | -; duplicate_source_page=178,160,Colon and Rectum,IVA Any T Any N M1a - -,stage_first,YES
Colon and Rectum,AJCC7,any,Any,Any,M1b,Any,Any,IVB,source_page=160; extract_method=stage_first; extra_factors/raw_extra=- | -; duplicate_source_page=171; duplicate_source_page=178,160,Colon and Rectum,IVB Any T Any N M1b - -,stage_first,YES
Anus,AJCC7,any,Tis,N0,M0,Any,Any,0,"source_page=181; extract_method=stage_first; extra_factors/raw_extra=C21.0 Anus, NOS; duplicate_source_page=185; duplicate_source_page=187",181,Anus,"0 Tis N0 M0 C21.0 Anus, NOS",stage_first,YES
Anus,AJCC7,any,T1,N0,M0,Any,Any,I,source_page=181; extract_method=stage_first; extra_factors/raw_extra=C21.1 Anal canal; duplicate_source_page=185; duplicate_source_page=187,181,Anus,I T1 N0 M0 C21.1 Anal canal,stage_first,YES
Anus,AJCC7,any,T2,N0,M0,Any,Any,II,source_page=181; extract_method=stage_first; extra_factors/raw_extra=C21.8 Overlapping lesion; duplicate_source_page=185; duplicate_source_page=187,181,Anus,II T2 N0 M0 C21.8 Overlapping lesion,stage_first,YES
Anus,AJCC7,any,T3,N0,M0,Any,Any,II,"source_page=181; extract_method=stage_carried; extra_factors/raw_extra=of rectum, anus,; duplicate_source_page=185; duplicate_source_page=187",181,Anus,"T3 N0 M0 of rectum, anus,",stage_carried,YES
Anus,AJCC7,any,T1,N1,M0,Any,Any,IIIA,source_page=181; extract_method=stage_first; extra_factors/raw_extra=and anal canal; duplicate_source_page=185; duplicate_source_page=187,181,Anus,IIIA T1 N1 M0 and anal canal,stage_first,YES
Anus,AJCC7,any,T2,N1,M0,Any,Any,IIIA,source_page=181; extract_method=stage_carried; duplicate_source_page=185; duplicate_source_page=187,181,Anus,T2 N1 M0,stage_carried,YES
Anus,AJCC7,any,T3,N1,M0,Any,Any,IIIA,source_page=181; extract_method=stage_carried; extra_factors/raw_extra=ICD-O-3 HISTOLOGY; duplicate_source_page=185; duplicate_source_page=187,181,Anus,T3 N1 M0 ICD-O-3 HISTOLOGY,stage_carried,YES
Anus,AJCC7,any,T4,N0,M0,Any,Any,IIIA,source_page=181; extract_method=stage_carried; extra_factors/raw_extra=CODE RANGES; duplicate_source_page=185; duplicate_source_page=187,181,Anus,T4 N0 M0 CODE RANGES,stage_carried,YES
Anus,AJCC7,any,T4,N1,M0,Any,Any,IIIB,"source_page=181; extract_method=stage_first; extra_factors/raw_extra=8243-8245, 8250-8576,; duplicate_source_page=185; duplicate_source_page=187",181,Anus,"IIIB T4 N1 M0 8243-8245, 8250-8576,",stage_first,YES
Anus,AJCC7,any,Any,N2,M0,Any,Any,IIIB,"source_page=181; extract_method=stage_carried; extra_factors/raw_extra=8940-8950, 8980-8981; duplicate_source_page=185; duplicate_source_page=187",181,Anus,"Any T N2 M0 8940-8950, 8980-8981",stage_carried,YES
Anus,AJCC7,any,Any,N3,M0,Any,Any,IIIB,source_page=181; extract_method=stage_carried; duplicate_source_page=185; duplicate_source_page=187,181,Anus,Any T N3 M0,stage_carried,YES
Anus,AJCC7,any,Any,Any,M1,Any,Any,IV,source_page=181; extract_method=stage_first; duplicate_source_page=185; duplicate_source_page=187,181,Anus,IV Any T Any N M1,stage_first,YES
Gastrointestinal Stromal Tumor,AJCC7,any,T1|T2,N0,M0,Any,Any,IA,source_page=191; extract_method=stage_first; extra_factors/raw_extra=Low | C17.8- | intestine; duplicate_source_page=195,191,Gastrointestinal Stromal Tumor,Stage IA T1 or T2 N0 M0 Low C17.8- intestine,stage_first,YES
Gastrointestinal Stromal Tumor,AJCC7,any,T3,N0,M0,Any,Any,IB,source_page=191; extract_method=stage_first; extra_factors/raw_extra=Low | C17.9; duplicate_source_page=195,191,Gastrointestinal Stromal Tumor,Stage IB T3 N0 M0 Low C17.9,stage_first,YES
Gastrointestinal Stromal Tumor,AJCC7,any,T1,N0,M0,Any,Any,II,source_page=191; extract_method=stage_first; extra_factors/raw_extra=High | C19.9 | Rectosigmoid; duplicate_source_page=195,191,Gastrointestinal Stromal Tumor,Stage II T1 N0 M0 High C19.9 Rectosigmoid,stage_first,YES
Gastrointestinal Stromal Tumor,AJCC7,any,T2,N0,M0,Any,Any,II,source_page=191; extract_method=stage_carried; extra_factors/raw_extra=High | junction; duplicate_source_page=195,191,Gastrointestinal Stromal Tumor,T2 N0 M0 High junction,stage_carried,YES
Gastrointestinal Stromal Tumor,AJCC7,any,T4,N0,M0,Any,Any,II,source_page=191; extract_method=stage_carried; extra_factors/raw_extra=Low | C20.9 | Rectum; duplicate_source_page=195,191,Gastrointestinal Stromal Tumor,T4 N0 M0 Low C20.9 Rectum,stage_carried,YES
Gastrointestinal Stromal Tumor,AJCC7,any,T3,N0,M0,Any,Any,IIIA,source_page=191; extract_method=stage_first; extra_factors/raw_extra=High | C48.0-C48.8 Retro-; duplicate_source_page=195,191,Gastrointestinal Stromal Tumor,Stage IIIA T3 N0 M0 High C48.0-C48.8 Retro-,stage_first,YES
Gastrointestinal Stromal Tumor,AJCC7,any,T4,N0,M0,Any,Any,IIIB,source_page=191; extract_method=stage_first; extra_factors/raw_extra=High | & Perito-; duplicate_source_page=191; duplicate_source_page=193; duplicate_source_page=195; duplicate_source_page=195,191,Gastrointestinal Stromal Tumor,Stage IIIB T4 N0 M0 High & Perito-,stage_first,YES
Gastrointestinal Stromal Tumor,AJCC7,any,Any,N1,M0,Any,Any,IV,source_page=191; extract_method=stage_first; extra_factors/raw_extra=Any rate | neum; duplicate_source_page=191; duplicate_source_page=195; duplicate_source_page=195,191,Gastrointestinal Stromal Tumor,Stage IV Any T N1 M0 Any rate neum,stage_first,YES
Gastrointestinal Stromal Tumor,AJCC7,any,Any,Any,M1,Any,Any,IV,source_page=191; extract_method=stage_carried; extra_factors/raw_extra=Any rate; duplicate_source_page=191; duplicate_source_page=195; duplicate_source_page=195,191,Gastrointestinal Stromal Tumor,Any T Any N M1 Any rate,stage_carried,YES
Gastrointestinal Stromal Tumor,AJCC7,any,T1|T2,N0,M0,Any,Any,I,source_page=191; extract_method=stage_first; extra_factors/raw_extra=Low; duplicate_source_page=195,191,Gastrointestinal Stromal Tumor,Stage I T1 or T2 N0 M0 Low,stage_first,YES
Gastrointestinal Stromal Tumor,AJCC7,any,T3,N0,M0,Any,Any,II,source_page=191; extract_method=stage_first; extra_factors/raw_extra=Low; duplicate_source_page=195,191,Gastrointestinal Stromal Tumor,Stage II T3 N0 M0 Low,stage_first,YES
Gastrointestinal Stromal Tumor,AJCC7,any,T1,N0,M0,Any,Any,IIIA,source_page=191; extract_method=stage_first; extra_factors/raw_extra=High; duplicate_source_page=195,191,Gastrointestinal Stromal Tumor,Stage IIIA T1 N0 M0 High,stage_first,YES
Gastrointestinal Stromal Tumor,AJCC7,any,T4,N0,M0,Any,Any,IIIA,source_page=191; extract_method=stage_carried; extra_factors/raw_extra=Low; duplicate_source_page=195,191,Gastrointestinal Stromal Tumor,T4 N0 M0 Low,stage_carried,YES
Gastrointestinal Stromal Tumor,AJCC7,any,T2,N0,M0,Any,Any,IIIB,source_page=191; extract_method=stage_first; extra_factors/raw_extra=High; duplicate_source_page=193; duplicate_source_page=195,191,Gastrointestinal Stromal Tumor,Stage IIIB T2 N0 M0 High,stage_first,YES
Gastrointestinal Stromal Tumor,AJCC7,any,T3,N0,M0,Any,Any,IIIB,source_page=191; extract_method=stage_carried; extra_factors/raw_extra=High; duplicate_source_page=193; duplicate_source_page=195,191,Gastrointestinal Stromal Tumor,T3 N0 M0 High,stage_carried,YES
Gastrointestinal Stromal Tumor,AJCC7,yp,T1,N0,M0,Any,Any,II,source_page=193; extract_method=stage_first; extra_factors/raw_extra=High,193,Gastrointestinal Stromal Tumor,Stage II T1 N0 M0 High,stage_first,YES
Gastrointestinal Stromal Tumor,AJCC7,yp,T2,N0,M0,Any,Any,II,source_page=193; extract_method=stage_carried; extra_factors/raw_extra=High,193,Gastrointestinal Stromal Tumor,T2 N0 M0 High,stage_carried,YES
Gastrointestinal Stromal Tumor,AJCC7,yp,T4,N0,M0,Any,Any,II,source_page=193; extract_method=stage_carried; extra_factors/raw_extra=Low,193,Gastrointestinal Stromal Tumor,T4 N0 M0 Low,stage_carried,YES
Gastrointestinal Stromal Tumor,AJCC7,yp,Any,N1,M0,Any,Any,IV,source_page=193; extract_method=stage_first; extra_factors/raw_extra=Any rate,193,Gastrointestinal Stromal Tumor,Stage IV Any T N1 M0 Any rate,stage_first,YES
Neuroendocrine Tumors,AJCC7,any,Tis,N0,M0,Any,Any,0,source_page=197; extract_method=stage_first; extra_factors/raw_extra=C16.0-C16.9 Stomach; duplicate_source_page=204,197,Neuroendocrine Tumors,Stage 0 Tis* N0 M0 C16.0-C16.9 Stomach,stage_first,YES
Neuroendocrine Tumors,AJCC7,any,T1,N0,M0,Any,Any,I,source_page=197; extract_method=stage_first; extra_factors/raw_extra=C17.0-C17.9 Small; duplicate_source_page=204,197,Neuroendocrine Tumors,Stage I T1 N0 M0 C17.0-C17.9 Small,stage_first,YES
Neuroendocrine Tumors,AJCC7,any,T2,N0,M0,Any,Any,IIA,"source_page=197; extract_method=stage_first; extra_factors/raw_extra=C18.0, | Colon; duplicate_source_page=204",197,Neuroendocrine Tumors,"Stage IIA T2 N0 M0 C18.0, Colon",stage_first,YES
Neuroendocrine Tumors,AJCC7,any,T3,N0,M0,Any,Any,IIB,source_page=197; extract_method=stage_first; extra_factors/raw_extra=C18.2-C18.9 (excludes; duplicate_source_page=204,197,Neuroendocrine Tumors,Stage IIB T3 N0 M0 C18.2-C18.9 (excludes,stage_first,YES
Neuroendocrine Tumors,AJCC7,any,T4,N0,M0,Any,Any,IIIA,source_page=197; extract_method=stage_first; extra_factors/raw_extra=C19.9 | Rectosigmoid; duplicate_source_page=204,197,Neuroendocrine Tumors,Stage IIIA T4 N0 M0 C19.9 Rectosigmoid,stage_first,YES
Neuroendocrine Tumors,AJCC7,any,Any,N1,M0,Any,Any,IIIB,source_page=197; extract_method=stage_first; extra_factors/raw_extra=junction; duplicate_source_page=204,197,Neuroendocrine Tumors,Stage IIIB Any T N1 M0 junction,stage_first,YES
Neuroendocrine Tumors,AJCC7,any,Any,Any,M1,Any,Any,IV,source_page=197; extract_method=stage_first; extra_factors/raw_extra=C24.1 | Ampulla of; duplicate_source_page=204,197,Neuroendocrine Tumors,Stage IV Any T Any N M1 C24.1 Ampulla of,stage_first,YES
HCC / Liver,AJCC7,any,T1,N0,M0,Any,Any,I,source_page=208; extract_method=stage_first; extra_factors/raw_extra=C22.0 Liver; duplicate_source_page=213,208,Liver (Excluding intrahepatic bile ducts),Stage I T1 N0 M0 C22.0 Liver,stage_first,YES
HCC / Liver,AJCC7,any,T2,N0,M0,Any,Any,II,source_page=208; extract_method=stage_first; duplicate_source_page=213,208,Liver (Excluding intrahepatic bile ducts),Stage II T2 N0 M0,stage_first,YES
HCC / Liver,AJCC7,any,T3a,N0,M0,Any,Any,IIIA,source_page=208; extract_method=stage_first; extra_factors/raw_extra=CODE RANGES; duplicate_source_page=213,208,Liver (Excluding intrahepatic bile ducts),Stage IIIA T3a N0 M0 CODE RANGES,stage_first,YES
HCC / Liver,AJCC7,any,T3b,N0,M0,Any,Any,IIIB,source_page=208; extract_method=stage_first; extra_factors/raw_extra=8170-8175; duplicate_source_page=210; duplicate_source_page=213,208,Liver (Excluding intrahepatic bile ducts),Stage IIIB T3b N0 M0 8170-8175,stage_first,YES
HCC / Liver,AJCC7,any,T4,N0,M0,Any,Any,IIIC,source_page=208; extract_method=stage_first; duplicate_source_page=213,208,Liver (Excluding intrahepatic bile ducts),Stage IIIC T4 N0 M0,stage_first,YES
HCC / Liver,AJCC7,any,Any,N1,M0,Any,Any,IVA,source_page=208; extract_method=stage_first; duplicate_source_page=213,208,Liver (Excluding intrahepatic bile ducts),Stage IVA Any T N1 M0,stage_first,YES
HCC / Liver,AJCC7,any,Any,Any,M1,Any,Any,IVB,source_page=208; extract_method=stage_first; duplicate_source_page=213,208,Liver (Excluding intrahepatic bile ducts),Stage IVB Any T Any N M1,stage_first,YES
Intrahepatic bile duct,AJCC7,any,Tis,N0,M0,Any,Any,0,source_page=217; extract_method=stage_first; extra_factors/raw_extra=C22.1 Intrahepatic bile; duplicate_source_page=220; duplicate_source_page=223,217,Intrahepatic Bile Ducts,Stage 0 Tis N0 M0 C22.1 Intrahepatic bile,stage_first,YES
Intrahepatic bile duct,AJCC7,any,T1,N0,M0,Any,Any,I,source_page=217; extract_method=stage_first; extra_factors/raw_extra=duct; duplicate_source_page=220; duplicate_source_page=223,217,Intrahepatic Bile Ducts,Stage I T1 N0 M0 duct,stage_first,YES
Intrahepatic bile duct,AJCC7,any,T2,N0,M0,Any,Any,II,source_page=217; extract_method=stage_first; extra_factors/raw_extra=ICD-O-3 HISTOLOGY; duplicate_source_page=220; duplicate_source_page=223,217,Intrahepatic Bile Ducts,Stage II T2 N0 M0 ICD-O-3 HISTOLOGY,stage_first,YES
Intrahepatic bile duct,AJCC7,any,T3,N0,M0,Any,Any,III,source_page=217; extract_method=stage_first; extra_factors/raw_extra=CODE RANGES; duplicate_source_page=220; duplicate_source_page=223,217,Intrahepatic Bile Ducts,Stage III T3 N0 M0 CODE RANGES,stage_first,YES
Intrahepatic bile duct,AJCC7,any,T4,N0,M0,Any,Any,IVA,source_page=217; extract_method=stage_first; duplicate_source_page=220; duplicate_source_page=223,217,Intrahepatic Bile Ducts,Stage IVA T4 N0 M0,stage_first,YES
Intrahepatic bile duct,AJCC7,any,Any,N1,M0,Any,Any,IVA,source_page=217; extract_method=stage_carried; duplicate_source_page=220; duplicate_source_page=223,217,Intrahepatic Bile Ducts,Any T N1 M0,stage_carried,YES
Intrahepatic bile duct,AJCC7,any,Any,Any,M1,Any,Any,IVB,source_page=217; extract_method=stage_first; duplicate_source_page=220; duplicate_source_page=223,217,Intrahepatic Bile Ducts,Stage IVB Any T Any N M1,stage_first,YES
Gallbladder,AJCC7,any,Tis,N0,M0,Any,Any,0,source_page=227; extract_method=stage_first; extra_factors/raw_extra=C23.9 Gallbladder; duplicate_source_page=230; duplicate_source_page=231,227,Gallbladder,Stage 0 Tis N0 M0 C23.9 Gallbladder,stage_first,YES
Gallbladder,AJCC7,any,T1,N0,M0,Any,Any,I,source_page=227; extract_method=stage_first; extra_factors/raw_extra=C24.0 Cystic duct only | 20; duplicate_source_page=230; duplicate_source_page=231,227,Gallbladder,Stage I T1 N0 M0 C24.0 Cystic duct only 20,stage_first,YES
Gallbladder,AJCC7,any,T2,N0,M0,Any,Any,II,source_page=227; extract_method=stage_first; extra_factors/raw_extra=ICD-O-3 HISTOLOGY; duplicate_source_page=230; duplicate_source_page=231,227,Gallbladder,Stage II T2 N0 M0 ICD-O-3 HISTOLOGY,stage_first,YES
Gallbladder,AJCC7,any,T3,N0,M0,Any,Any,IIIA,source_page=227; extract_method=stage_first; extra_factors/raw_extra=CODE RANGES; duplicate_source_page=231,227,Gallbladder,Stage IIIA T3 N0 M0 CODE RANGES,stage_first,YES
Gallbladder,AJCC7,any,T1|T2|T3,N1,M0,Any,Any,IIIB,"source_page=227; extract_method=stage_first; extra_factors/raw_extra=8243-8245, 8250-8576,; duplicate_source_page=231",227,Gallbladder,"Stage IIIB T1-3 N1 M0 8243-8245, 8250-8576,",stage_first,YES
Gallbladder,AJCC7,any,T4,N0|N1,M0,Any,Any,IVA,"source_page=227; extract_method=stage_first; extra_factors/raw_extra=8940-8950, 8980-8981; duplicate_source_page=231",227,Gallbladder,"Stage IVA T4 N0-1 M0 8940-8950, 8980-8981",stage_first,YES
Gallbladder,AJCC7,any,Any,N2,M0,Any,Any,IVB,source_page=227; extract_method=stage_first; duplicate_source_page=231,227,Gallbladder,Stage IVB Any T N2 M0,stage_first,YES
Gallbladder,AJCC7,any,Any,Any,M1,Any,Any,IVB,source_page=227; extract_method=stage_carried; duplicate_source_page=231,227,Gallbladder,Any T Any N M1,stage_carried,YES
Gallbladder,AJCC7,yp,T3,N0,M0,Any,Any,IIIA,source_page=230; extract_method=stage_first; extra_factors/raw_extra=Spindle and giant cell types,230,Gallbladder,Stage IIIA T3 N0 M0 Spindle and giant cell types,stage_first,YES
Gallbladder,AJCC7,yp,T1|T2|T3,N1,M0,Any,Any,IIIB,"source_page=230; extract_method=stage_first; extra_factors/raw_extra=Carcinoma, NOS",230,Gallbladder,"Stage IIIB T1-3 N1 M0 Carcinoma, NOS",stage_first,YES
Gallbladder,AJCC7,yp,T4,N0|N1,M0,Any,Any,IVA,source_page=230; extract_method=stage_first; extra_factors/raw_extra=Carcinosarcoma,230,Gallbladder,Stage IVA T4 N0-1 M0 Carcinosarcoma,stage_first,YES
Gallbladder,AJCC7,yp,Any,N2,M0,Any,Any,IVB,source_page=230; extract_method=stage_first,230,Gallbladder,Stage IVB Any T N2 M0,stage_first,check
Gallbladder,AJCC7,yp,Any,Any,M1,Any,Any,IVB,source_page=230; extract_method=stage_carried; extra_factors/raw_extra=*Grade 4 by definition,230,Gallbladder,Any T Any N M1 *Grade 4 by definition,stage_carried,YES
Perihilar bile duct,AJCC7,any,Tis,N0,M0,Any,Any,0,source_page=235; extract_method=stage_first; extra_factors/raw_extra=C24.0 Extrahepatic bile; duplicate_source_page=239,235,Perihilar Bile Ducts,Stage 0 Tis N0 M0 C24.0 Extrahepatic bile,stage_first,YES
Perihilar bile duct,AJCC7,any,T1,N0,M0,Any,Any,I,source_page=235; extract_method=stage_first; extra_factors/raw_extra=duct (proximal or; duplicate_source_page=239,235,Perihilar Bile Ducts,Stage I T1 N0 M0 duct (proximal or,stage_first,YES
Perihilar bile duct,AJCC7,any,T2a|T2b,N0,M0,Any,Any,II,source_page=235; extract_method=stage_first; duplicate_source_page=237; duplicate_source_page=239,235,Perihilar Bile Ducts,Stage II T2a-b N0 M0,stage_first,YES
Perihilar bile duct,AJCC7,any,T3,N0,M0,Any,Any,IIIA,source_page=235; extract_method=stage_first; extra_factors/raw_extra=ICD-O-3 HISTOLOGY; duplicate_source_page=239,235,Perihilar Bile Ducts,Stage IIIA T3 N0 M0 ICD-O-3 HISTOLOGY,stage_first,YES
Perihilar bile duct,AJCC7,any,T1|T2|T3,N1,M0,Any,Any,IIIB,"source_page=235; extract_method=stage_first; extra_factors/raw_extra=8000-8152, 8154-8231,; duplicate_source_page=239",235,Perihilar Bile Ducts,"Stage IIIB T1-3 N1 M0 8000-8152, 8154-8231,",stage_first,YES
Perihilar bile duct,AJCC7,any,T4,N0|N1,M0,Any,Any,IVA,"source_page=235; extract_method=stage_first; extra_factors/raw_extra=8243-8245, 8250-8576,; duplicate_source_page=239",235,Perihilar Bile Ducts,"Stage IVA T4 N0-1 M0 8243-8245, 8250-8576,",stage_first,YES
Perihilar bile duct,AJCC7,any,Any,N2,M0,Any,Any,IVB,source_page=235; extract_method=stage_first; duplicate_source_page=239,235,Perihilar Bile Ducts,Stage IVB Any T N2 M0,stage_first,YES
Perihilar bile duct,AJCC7,any,Any,Any,M1,Any,Any,IVB,source_page=235; extract_method=stage_carried; duplicate_source_page=239,235,Perihilar Bile Ducts,Any T Any N M1,stage_carried,YES
Distal bile duct,AJCC7,any,Tis,N0,M0,Any,Any,0,source_page=243; extract_method=stage_first; extra_factors/raw_extra=C24.0 Distal bile duct; duplicate_source_page=247,243,Distal Bile Duct,Stage 0 Tis N0 M0 C24.0 Distal bile duct,stage_first,YES
Distal bile duct,AJCC7,any,T1,N0,M0,Any,Any,IA,source_page=243; extract_method=stage_first; extra_factors/raw_extra=only; duplicate_source_page=247,243,Distal Bile Duct,Stage IA T1 N0 M0 only,stage_first,YES
Distal bile duct,AJCC7,any,T2,N0,M0,Any,Any,IB,source_page=243; extract_method=stage_first; extra_factors/raw_extra=ICD-O-3 HISTOLOGY; duplicate_source_page=247,243,Distal Bile Duct,Stage IB T2 N0 M0 ICD-O-3 HISTOLOGY,stage_first,YES
Distal bile duct,AJCC7,any,T3,N0,M0,Any,Any,IIA,source_page=243; extract_method=stage_first; extra_factors/raw_extra=CODE RANGES; duplicate_source_page=247,243,Distal Bile Duct,Stage IIA T3 N0 M0 CODE RANGES,stage_first,YES
Distal bile duct,AJCC7,any,T1,N1,M0,Any,Any,IIB,"source_page=243; extract_method=stage_first; extra_factors/raw_extra=8243-8245, 8250-8576,; duplicate_source_page=247",243,Distal Bile Duct,"Stage IIB T1 N1 M0 8243-8245, 8250-8576,",stage_first,YES
Distal bile duct,AJCC7,any,T2,N1,M0,Any,Any,IIB,"source_page=243; extract_method=stage_carried; extra_factors/raw_extra=8940-8950, 8980-8981; duplicate_source_page=247",243,Distal Bile Duct,"T2 N1 M0 8940-8950, 8980-8981",stage_carried,YES
Distal bile duct,AJCC7,any,T3,N1,M0,Any,Any,IIB,source_page=243; extract_method=stage_carried; duplicate_source_page=247,243,Distal Bile Duct,T3 N1 M0,stage_carried,YES
Distal bile duct,AJCC7,any,T4,Any,M0,Any,Any,III,source_page=243; extract_method=stage_first; duplicate_source_page=247,243,Distal Bile Duct,Stage III T4 Any N M0,stage_first,YES
Distal bile duct,AJCC7,any,Any,Any,M1,Any,Any,IV,source_page=243; extract_method=stage_first; duplicate_source_page=247,243,Distal Bile Duct,Stage IV Any T Any N M1,stage_first,YES
Ampulla of Vater,AJCC7,any,Tis,N0,M0,Any,Any,0,source_page=251; extract_method=stage_first; extra_factors/raw_extra=C24.1 Ampulla of Vater; duplicate_source_page=255,251,Ampulla of Vater,Stage 0 Tis N0 M0 C24.1 Ampulla of Vater,stage_first,YES
Ampulla of Vater,AJCC7,any,T1,N0,M0,Any,Any,IA,source_page=251; extract_method=stage_first; duplicate_source_page=255,251,Ampulla of Vater,Stage IA T1 N0 M0,stage_first,YES
Ampulla of Vater,AJCC7,any,T2,N0,M0,Any,Any,IB,source_page=251; extract_method=stage_first; extra_factors/raw_extra=CODE RANGES; duplicate_source_page=255,251,Ampulla of Vater,Stage IB T2 N0 M0 CODE RANGES,stage_first,YES
Ampulla of Vater,AJCC7,any,T3,N0,M0,Any,Any,IIA,"source_page=251; extract_method=stage_first; extra_factors/raw_extra=8000-8152, 8154-8231,; duplicate_source_page=255",251,Ampulla of Vater,"Stage IIA T3 N0 M0 8000-8152, 8154-8231,",stage_first,YES
Ampulla of Vater,AJCC7,any,T1,N1,M0,Any,Any,IIB,"source_page=251; extract_method=stage_first; extra_factors/raw_extra=8940-8950, 8980-8981; duplicate_source_page=255",251,Ampulla of Vater,"Stage IIB T1 N1 M0 8940-8950, 8980-8981",stage_first,YES
Ampulla of Vater,AJCC7,any,T2,N1,M0,Any,Any,IIB,source_page=251; extract_method=stage_carried; duplicate_source_page=255,251,Ampulla of Vater,T2 N1 M0,stage_carried,YES
Ampulla of Vater,AJCC7,any,T3,N1,M0,Any,Any,IIB,source_page=251; extract_method=stage_carried; duplicate_source_page=255,251,Ampulla of Vater,T3 N1 M0,stage_carried,YES
Ampulla of Vater,AJCC7,any,T4,Any,M0,Any,Any,III,source_page=251; extract_method=stage_first; duplicate_source_page=255,251,Ampulla of Vater,Stage III T4 Any N M0,stage_first,YES
Ampulla of Vater,AJCC7,any,Any,Any,M1,Any,Any,IV,source_page=251; extract_method=stage_first; duplicate_source_page=255,251,Ampulla of Vater,Stage IV Any T Any N M1,stage_first,YES
Ampulla of Vater,AJCC7,yp,Tis,N0,M0,Any,Any,0,"source_page=253; extract_method=stage_first; extra_factors/raw_extra=Papillary carcinoma, noninvasive",253,Ampulla of Vater,"Stage 0 Tis N0 M0 Papillary carcinoma, noninvasive",stage_first,YES
Ampulla of Vater,AJCC7,yp,T1,N0,M0,Any,Any,IA,source_page=253; extract_method=stage_first; extra_factors/raw_extra=Carcinoma,253,Ampulla of Vater,Stage IA T1 N0 M0 Carcinoma,stage_first,YES
Ampulla of Vater,AJCC7,yp,T2,N0,M0,Any,Any,IB,source_page=253; extract_method=stage_first; extra_factors/raw_extra=Other (specify),253,Ampulla of Vater,Stage IB T2 N0 M0 Other (specify),stage_first,YES
Ampulla of Vater,AJCC7,yp,T3,N0,M0,Any,Any,IIA,source_page=253; extract_method=stage_first; extra_factors/raw_extra=*Grade 4 by definition,253,Ampulla of Vater,Stage IIA T3 N0 M0 *Grade 4 by definition,stage_first,YES
Ampulla of Vater,AJCC7,yp,T1,N1,M0,Any,Any,IIB,source_page=253; extract_method=stage_first,253,Ampulla of Vater,Stage IIB T1 N1 M0,stage_first,check
Ampulla of Vater,AJCC7,yp,T2,N1,M0,Any,Any,IIB,source_page=253; extract_method=stage_carried,253,Ampulla of Vater,T2 N1 M0,stage_carried,check
Ampulla of Vater,AJCC7,yp,T3,N1,M0,Any,Any,IIB,source_page=253; extract_method=stage_carried; extra_factors/raw_extra=OUTCOMES RESULTS,253,Ampulla of Vater,T3 N1 M0 OUTCOMES RESULTS,stage_carried,YES
Ampulla of Vater,AJCC7,yp,T4,Any,M0,Any,Any,III,source_page=253; extract_method=stage_first,253,Ampulla of Vater,Stage III T4 Any N M0,stage_first,check
Ampulla of Vater,AJCC7,yp,Any,Any,M1,Any,Any,IV,source_page=253; extract_method=stage_first; extra_factors/raw_extra=ampulla of Vater from 1998 to 2002 are shown in Figure 23.2.,253,Ampulla of Vater,Stage IV Any T Any N M1 ampulla of Vater from 1998 to 2002 are shown in Figure 23.2.,stage_first,YES
Pancreas - exocrine/endocrine (AJCC7),AJCC7,any,Tis,N0,M0,Any,Any,0,source_page=257; extract_method=stage_first; extra_factors/raw_extra=C25.0 Head of pancreas; duplicate_source_page=263,257,Exocrine and Endocrine Pancreas,Stage 0 Tis N0 M0 C25.0 Head of pancreas,stage_first,YES
Pancreas - exocrine/endocrine (AJCC7),AJCC7,any,T1,N0,M0,Any,Any,IA,source_page=257; extract_method=stage_first; extra_factors/raw_extra=C25.1 Body of pancreas; duplicate_source_page=263,257,Exocrine and Endocrine Pancreas,Stage IA T1 N0 M0 C25.1 Body of pancreas,stage_first,YES
Pancreas - exocrine/endocrine (AJCC7),AJCC7,any,T2,N0,M0,Any,Any,IB,source_page=257; extract_method=stage_first; extra_factors/raw_extra=C25.3 Pancreatic duct; duplicate_source_page=263,257,Exocrine and Endocrine Pancreas,Stage IB T2 N0 M0 C25.3 Pancreatic duct,stage_first,YES
Pancreas - exocrine/endocrine (AJCC7),AJCC7,any,T3,N0,M0,Any,Any,IIA,source_page=257; extract_method=stage_first; extra_factors/raw_extra=C25.4 Islets of Langerhans; duplicate_source_page=263,257,Exocrine and Endocrine Pancreas,Stage IIA T3 N0 M0 C25.4 Islets of Langerhans,stage_first,YES
Pancreas - exocrine/endocrine (AJCC7),AJCC7,any,T1,N1,M0,Any,Any,IIB,source_page=257; extract_method=stage_first; extra_factors/raw_extra=C25.7 Other specified; duplicate_source_page=263,257,Exocrine and Endocrine Pancreas,Stage IIB T1 N1 M0 C25.7 Other specified,stage_first,YES
Pancreas - exocrine/endocrine (AJCC7),AJCC7,any,T2,N1,M0,Any,Any,IIB,source_page=257; extract_method=stage_carried; extra_factors/raw_extra=parts of pancreas; duplicate_source_page=263,257,Exocrine and Endocrine Pancreas,T2 N1 M0 parts of pancreas,stage_carried,YES
Pancreas - exocrine/endocrine (AJCC7),AJCC7,any,T3,N1,M0,Any,Any,IIB,source_page=257; extract_method=stage_carried; extra_factors/raw_extra=C25.8 Overlapping lesion; duplicate_source_page=263,257,Exocrine and Endocrine Pancreas,T3 N1 M0 C25.8 Overlapping lesion,stage_carried,YES
Pancreas - exocrine/endocrine (AJCC7),AJCC7,any,T4,Any,M0,Any,Any,III,source_page=257; extract_method=stage_first; extra_factors/raw_extra=of pancreas; duplicate_source_page=263,257,Exocrine and Endocrine Pancreas,Stage III T4 Any N M0 of pancreas,stage_first,YES
Pancreas - exocrine/endocrine (AJCC7),AJCC7,any,Any,Any,M1,Any,Any,IV,source_page=257; extract_method=stage_first; duplicate_source_page=263,257,Exocrine and Endocrine Pancreas,Stage IV Any T Any N M1,stage_first,YES
Pancreas - exocrine/endocrine (AJCC7),AJCC7,yp,Tis,N0,M0,Any,Any,0,source_page=261; extract_method=stage_first; extra_factors/raw_extra=Serous cystadenocarcinoma,261,Exocrine and Endocrine Pancreas,Stage 0 Tis N0 M0 Serous cystadenocarcinoma,stage_first,YES
Pancreas - exocrine/endocrine (AJCC7),AJCC7,yp,T1,N0,M0,Any,Any,IA,source_page=261; extract_method=stage_first; extra_factors/raw_extra=Intraductal papillary mucinous carcinoma with or with-,261,Exocrine and Endocrine Pancreas,Stage IA T1 N0 M0 Intraductal papillary mucinous carcinoma with or with-,stage_first,YES
Pancreas - exocrine/endocrine (AJCC7),AJCC7,yp,T2,N0,M0,Any,Any,IB,source_page=261; extract_method=stage_first; extra_factors/raw_extra=out invasion (IPMN),261,Exocrine and Endocrine Pancreas,Stage IB T2 N0 M0 out invasion (IPMN),stage_first,YES
Pancreas - exocrine/endocrine (AJCC7),AJCC7,yp,T3,N0,M0,Any,Any,IIA,source_page=261; extract_method=stage_first; extra_factors/raw_extra=Acinar cell cystadenocarcinoma,261,Exocrine and Endocrine Pancreas,Stage IIA T3 N0 M0 Acinar cell cystadenocarcinoma,stage_first,YES
Pancreas - exocrine/endocrine (AJCC7),AJCC7,yp,T1,N1,M0,Any,Any,IIB,source_page=261; extract_method=stage_first; extra_factors/raw_extra=Mixed acinar-endocrine carcinoma,261,Exocrine and Endocrine Pancreas,Stage IIB T1 N1 M0 Mixed acinar-endocrine carcinoma,stage_first,YES
Pancreas - exocrine/endocrine (AJCC7),AJCC7,yp,T2,N1,M0,Any,Any,IIB,source_page=261; extract_method=stage_carried; extra_factors/raw_extra=Pancreaticoblastoma,261,Exocrine and Endocrine Pancreas,T2 N1 M0 Pancreaticoblastoma,stage_carried,YES
Pancreas - exocrine/endocrine (AJCC7),AJCC7,yp,T3,N1,M0,Any,Any,IIB,source_page=261; extract_method=stage_carried; extra_factors/raw_extra=Solid pseudopapillary carcinoma,261,Exocrine and Endocrine Pancreas,T3 N1 M0 Solid pseudopapillary carcinoma,stage_carried,YES
Pancreas - exocrine/endocrine (AJCC7),AJCC7,yp,T4,Any,M0,Any,Any,III,source_page=261; extract_method=stage_first; extra_factors/raw_extra=Mucinous cystic tumor with moderate dysplasia,261,Exocrine and Endocrine Pancreas,Stage III T4 Any N M0 Mucinous cystic tumor with moderate dysplasia,stage_first,YES
Pancreas - exocrine/endocrine (AJCC7),AJCC7,yp,Any,Any,M1,Any,Any,IV,source_page=261; extract_method=stage_first; extra_factors/raw_extra=Intraductal papillary-mucinous tumor with moderate,261,Exocrine and Endocrine Pancreas,Stage IV Any T Any N M1 Intraductal papillary-mucinous tumor with moderate,stage_first,YES
Lung,AJCC7,any,Tis,N0,M0,Any,Any,0,"source_page=269; extract_method=stage_first; extra_factors/raw_extra=C34.1 Upper lobe, lung; duplicate_source_page=284",269,Lung,"Stage 0 Tis N0 M0 C34.1 Upper lobe, lung",stage_first,YES
Lung,AJCC7,any,T1a,N0,M0,Any,Any,IA,"source_page=269; extract_method=stage_first; extra_factors/raw_extra=C34.3 Lower lobe, lung; duplicate_source_page=284",269,Lung,"Stage IA T1a N0 M0 C34.3 Lower lobe, lung",stage_first,YES
Lung,AJCC7,any,T1b,N0,M0,Any,Any,IA,source_page=269; extract_method=stage_carried; extra_factors/raw_extra=C34.8 Overlapping lesion; duplicate_source_page=284,269,Lung,T1b N0 M0 C34.8 Overlapping lesion,stage_carried,YES
Lung,AJCC7,any,T2a,N0,M0,Any,Any,IB,source_page=269; extract_method=stage_first; extra_factors/raw_extra=of lung; duplicate_source_page=284,269,Lung,Stage IB T2a N0 M0 of lung,stage_first,YES
Lung,AJCC7,any,T2b,N0,M0,Any,Any,IIA,source_page=269; extract_method=stage_first; duplicate_source_page=284,269,Lung,Stage IIA T2b N0 M0,stage_first,YES
Lung,AJCC7,any,T1a,N1,M0,Any,Any,IIA,source_page=269; extract_method=stage_carried; extra_factors/raw_extra=25; duplicate_source_page=284,269,Lung,T1a N1 M0 25,stage_carried,YES
Lung,AJCC7,any,T1b,N1,M0,Any,Any,IIA,source_page=269; extract_method=stage_carried; duplicate_source_page=284,269,Lung,T1b N1 M0,stage_carried,YES
Lung,AJCC7,any,T2a,N1,M0,Any,Any,IIA,source_page=269; extract_method=stage_carried; duplicate_source_page=284,269,Lung,T2a N1 M0,stage_carried,YES
Lung,AJCC7,any,T2b,N1,M0,Any,Any,IIB,source_page=269; extract_method=stage_first; duplicate_source_page=284,269,Lung,Stage IIB T2b N1 M0,stage_first,YES
Lung,AJCC7,any,T3,N0,M0,Any,Any,IIB,source_page=269; extract_method=stage_carried; duplicate_source_page=284,269,Lung,T3 N0 M0,stage_carried,YES
Lung,AJCC7,any,T1a,N2,M0,Any,Any,IIIA,source_page=270; extract_method=stage_first; extra_factors/raw_extra=8980-8981; duplicate_source_page=284,270,Lung,Stage IIIA T1a N2 M0 8980-8981,stage_first,YES
Lung,AJCC7,any,T1b,N2,M0,Any,Any,IIIA,source_page=270; extract_method=stage_carried; duplicate_source_page=284,270,Lung,T1b N2 M0,stage_carried,YES
Lung,AJCC7,any,T2a,N2,M0,Any,Any,IIIA,source_page=270; extract_method=stage_carried; duplicate_source_page=284,270,Lung,T2a N2 M0,stage_carried,YES
Lung,AJCC7,any,T2b,N2,M0,Any,Any,IIIA,source_page=270; extract_method=stage_carried; duplicate_source_page=284,270,Lung,T2b N2 M0,stage_carried,YES
Lung,AJCC7,any,T3,N1,M0,Any,Any,IIIA,source_page=270; extract_method=stage_carried; duplicate_source_page=284,270,Lung,T3 N1 M0,stage_carried,YES
Lung,AJCC7,any,T3,N2,M0,Any,Any,IIIA,source_page=270; extract_method=stage_carried; duplicate_source_page=284,270,Lung,T3 N2 M0,stage_carried,YES
Lung,AJCC7,any,T4,N0,M0,Any,Any,IIIA,source_page=270; extract_method=stage_carried; duplicate_source_page=284,270,Lung,T4 N0 M0,stage_carried,YES
Lung,AJCC7,any,T4,N1,M0,Any,Any,IIIA,source_page=270; extract_method=stage_carried; duplicate_source_page=284,270,Lung,T4 N1 M0,stage_carried,YES
Lung,AJCC7,any,T1a,N3,M0,Any,Any,IIIB,source_page=270; extract_method=stage_first; duplicate_source_page=284,270,Lung,Stage IIIB T1a N3 M0,stage_first,YES
Lung,AJCC7,any,T1b,N3,M0,Any,Any,IIIB,source_page=270; extract_method=stage_carried; duplicate_source_page=284,270,Lung,T1b N3 M0,stage_carried,YES
Lung,AJCC7,any,T2a,N3,M0,Any,Any,IIIB,source_page=270; extract_method=stage_carried; duplicate_source_page=284,270,Lung,T2a N3 M0,stage_carried,YES
Lung,AJCC7,any,T2b,N3,M0,Any,Any,IIIB,source_page=270; extract_method=stage_carried; duplicate_source_page=284,270,Lung,T2b N3 M0,stage_carried,YES
Lung,AJCC7,any,T3,N3,M0,Any,Any,IIIB,source_page=270; extract_method=stage_carried; duplicate_source_page=284,270,Lung,T3 N3 M0,stage_carried,YES
Lung,AJCC7,any,T4,N2,M0,Any,Any,IIIB,source_page=270; extract_method=stage_carried; duplicate_source_page=284,270,Lung,T4 N2 M0,stage_carried,YES
Lung,AJCC7,any,T4,N3,M0,Any,Any,IIIB,source_page=270; extract_method=stage_carried; duplicate_source_page=284,270,Lung,T4 N3 M0,stage_carried,YES
Lung,AJCC7,any,Any,Any,M1a,Any,Any,IV,source_page=270; extract_method=stage_first; duplicate_source_page=284,270,Lung,Stage IV Any T Any N M1a,stage_first,YES
Lung,AJCC7,any,Any,Any,M1b,Any,Any,IV,source_page=270; extract_method=stage_carried; duplicate_source_page=284,270,Lung,Any T Any N M1b,stage_carried,YES
Lung,AJCC7,any,TX,N0,M0,Any,Any,Occult,source_page=284; extract_method=stage_first; extra_factors/raw_extra=Occult | TX | N0 | M0,284,Lung,Occult TX N0 M0 Occult TX N0 M0,stage_first,YES
Pleural Mesothelioma,AJCC7,any,T1,N0,M0,Any,Any,I,"source_page=287; extract_method=stage_first; extra_factors/raw_extra=C38.4 Pleura, NOS; duplicate_source_page=292",287,Pleural Mesothelioma,"Stage I T1 N0 M0 C38.4 Pleura, NOS",stage_first,YES
Pleural Mesothelioma,AJCC7,any,T1a,N0,M0,Any,Any,IA,source_page=287; extract_method=stage_first; duplicate_source_page=292,287,Pleural Mesothelioma,Stage IA T1a N0 M0,stage_first,YES
Pleural Mesothelioma,AJCC7,any,T1b,N0,M0,Any,Any,IB,source_page=287; extract_method=stage_first; extra_factors/raw_extra=CODE RANGES; duplicate_source_page=292,287,Pleural Mesothelioma,Stage IB T1b N0 M0 CODE RANGES,stage_first,YES
Pleural Mesothelioma,AJCC7,any,T2,N0,M0,Any,Any,II,source_page=287; extract_method=stage_first; extra_factors/raw_extra=9050-9053; duplicate_source_page=292,287,Pleural Mesothelioma,Stage II T2 N0 M0 9050-9053,stage_first,YES
Pleural Mesothelioma,AJCC7,any,T1|T2,N1,M0,Any,Any,III,source_page=287; extract_method=stage_first; duplicate_source_page=292,287,Pleural Mesothelioma,"Stage III T1, T2 N1 M0",stage_first,YES
Pleural Mesothelioma,AJCC7,any,T1|T2,N2,M0,Any,Any,III,source_page=287; extract_method=stage_carried; duplicate_source_page=292,287,Pleural Mesothelioma,"T1, T2 N2 M0",stage_carried,YES
Pleural Mesothelioma,AJCC7,any,T3,N0|N1|N2,M0,Any,Any,III,source_page=287; extract_method=stage_carried; duplicate_source_page=292,287,Pleural Mesothelioma,"T3 N0, N1, N2 M0",stage_carried,YES
Pleural Mesothelioma,AJCC7,any,T4,Any,M0,Any,Any,IV,source_page=287; extract_method=stage_first; duplicate_source_page=292,287,Pleural Mesothelioma,Stage IV T4 Any N M0,stage_first,YES
Pleural Mesothelioma,AJCC7,any,Any,N3,M0,Any,Any,IV,source_page=287; extract_method=stage_carried; duplicate_source_page=292,287,Pleural Mesothelioma,Any T N3 M0,stage_carried,YES
Pleural Mesothelioma,AJCC7,any,Any,Any,M1,Any,Any,IV,source_page=287; extract_method=stage_carried; duplicate_source_page=292,287,Pleural Mesothelioma,Any T Any N M1,stage_carried,YES
Pleural Mesothelioma,AJCC7,yp,T1,N0,M0,Any,Any,I,source_page=289; extract_method=stage_first; extra_factors/raw_extra=BIBLIOGRAPHY,289,Pleural Mesothelioma,Stage I T1 N0 M0 BIBLIOGRAPHY,stage_first,YES
Pleural Mesothelioma,AJCC7,yp,T1a,N0,M0,Any,Any,IA,"source_page=289; extract_method=stage_first; extra_factors/raw_extra=Bottomley A, Coens C, Efficace F, et al. Symptoms and patient-",289,Pleural Mesothelioma,"Stage IA T1a N0 M0 Bottomley A, Coens C, Efficace F, et al. Symptoms and patient-",stage_first,YES
Pleural Mesothelioma,AJCC7,yp,T1b,N0,M0,Any,Any,IB,source_page=289; extract_method=stage_first; extra_factors/raw_extra=pleural mesothelioma? A prognostic factor analysis of,289,Pleural Mesothelioma,Stage IB T1b N0 M0 pleural mesothelioma? A prognostic factor analysis of,stage_first,YES
Pleural Mesothelioma,AJCC7,yp,T2,N0,M0,Any,Any,II,source_page=289; extract_method=stage_first,289,Pleural Mesothelioma,Stage II T2 N0 M0,stage_first,check
Pleural Mesothelioma,AJCC7,yp,T1|T2,N1,M0,Any,Any,III,source_page=289; extract_method=stage_first; extra_factors/raw_extra=pleural mesothelioma. J Clin Oncol. 2007;25:5770-6.,289,Pleural Mesothelioma,"Stage III T1, T2 N1 M0 pleural mesothelioma. J Clin Oncol. 2007;25:5770-6.",stage_first,YES
Pleural Mesothelioma,AJCC7,yp,T1|T2,N2,M0,Any,Any,III,"source_page=289; extract_method=stage_carried; extra_factors/raw_extra=Boutin C, Rey F, Gouvernet J, et al. Thoracoscopy in pleural",289,Pleural Mesothelioma,"T1, T2 N2 M0 Boutin C, Rey F, Gouvernet J, et al. Thoracoscopy in pleural",stage_carried,YES
Pleural Mesothelioma,AJCC7,yp,T3,N0|N1|N2,M0,Any,Any,III,source_page=289; extract_method=stage_carried; extra_factors/raw_extra=malignant mesothelioma: a prospective study of 188 con-,289,Pleural Mesothelioma,"T3 N0, N1, N2 M0 malignant mesothelioma: a prospective study of 188 con-",stage_carried,YES
Pleural Mesothelioma,AJCC7,yp,T4,Any,M0,Any,Any,IV,source_page=289; extract_method=stage_first; extra_factors/raw_extra=1993;72:394-404.,289,Pleural Mesothelioma,Stage IV T4 Any N M0 1993;72:394-404.,stage_first,YES
Pleural Mesothelioma,AJCC7,yp,Any,N3,M0,Any,Any,IV,"source_page=289; extract_method=stage_carried; extra_factors/raw_extra=Edwards JG, Stewart DJ, Martin-Ucar A, et al. The pattern of",289,Pleural Mesothelioma,"Any T N3 M0 Edwards JG, Stewart DJ, Martin-Ucar A, et al. The pattern of",stage_carried,YES
Pleural Mesothelioma,AJCC7,yp,Any,Any,M1,Any,Any,IV,source_page=289; extract_method=stage_carried; extra_factors/raw_extra=lymph node involvement influences outcome after extrapleu-,289,Pleural Mesothelioma,Any T Any N M1 lymph node involvement influences outcome after extrapleu-,stage_carried,YES
Bone,AJCC7,any,T1,N0,M0,Any,Any,IA,"source_page=297; extract_method=stage_first; extra_factors/raw_extra=G1,2 Low grade, GX | C40.0 Long bones of; duplicate_source_page=300; duplicate_source_page=305",297,Bone,"Stage IA T1 N0 M0 G1,2 Low grade, GX C40.0 Long bones of",stage_first,YES
Bone,AJCC7,any,T2,N0,M0,Any,Any,IB,"source_page=297; extract_method=stage_first; extra_factors/raw_extra=G1,2 Low grade, GX | upper limb, scapula,; duplicate_source_page=300; duplicate_source_page=305",297,Bone,"Stage IB T2 N0 M0 G1,2 Low grade, GX upper limb, scapula,",stage_first,YES
Bone,AJCC7,any,T3,N0,M0,Any,Any,IB,"source_page=297; extract_method=stage_carried; extra_factors/raw_extra=G1,2 Low grade, GX | and associated; duplicate_source_page=300; duplicate_source_page=305",297,Bone,"T3 N0 M0 G1,2 Low grade, GX and associated",stage_carried,YES
Bone,AJCC7,any,T2,N0,M0,Any,Any,IIB,"source_page=297; extract_method=stage_first; extra_factors/raw_extra=G3, 4 High grade | upper limb and; duplicate_source_page=300; duplicate_source_page=305",297,Bone,"Stage IIB T2 N0 M0 G3, 4 High grade upper limb and",stage_first,YES
Bone,AJCC7,any,T3,N0,M0,Any,Any,III,"source_page=297; extract_method=stage_first; extra_factors/raw_extra=G3, 4 | C40.2 Long bones of; duplicate_source_page=300; duplicate_source_page=305",297,Bone,"Stage III T3 N0 M0 G3, 4 C40.2 Long bones of",stage_first,YES
Bone,AJCC7,any,T1,N0,M0,Any,Any,IIA,"source_page=300; extract_method=stage_first; extra_factors/raw_extra=G3, 4 High grade | Clear cell; duplicate_source_page=305",300,Bone,"Stage IIA T1 N0 M0 G3, 4 High grade Clear cell",stage_first,YES
Bone,AJCC7,any,Any,N0,M1a,Any,Any,IVA,source_page=305; extract_method=stage_first; extra_factors/raw_extra=Any G | IVA | Any T | N0 | M1a | Any G,305,Bone,IVA Any T N0 M1a Any G IVA Any T N0 M1a Any G,stage_first,YES
Bone,AJCC7,any,Any,N1,Any,Any,Any,IVB,source_page=305; extract_method=stage_first; extra_factors/raw_extra=Any G | IVB | Any T | N1 | Any M | Any G,305,Bone,IVB Any T N1 Any M Any G IVB Any T N1 Any M Any G,stage_first,YES
Bone,AJCC7,any,Any,Any,M1b,Any,Any,IVB,source_page=305; extract_method=stage_carried; extra_factors/raw_extra=Any G | Any T | Any N | M1b | Any G,305,Bone,Any T Any N M1b Any G Any T Any N M1b Any G,stage_carried,YES
Soft Tissue Sarcoma,AJCC7,yp,T1a,N0,M0,Any,Any,IA,"source_page=307; extract_method=stage_first; extra_factors/raw_extra=G1, GX | C38.0 Heart; duplicate_source_page=311",307,Soft Tissue Sarcoma,"Stage IA T1a N0 M0 G1, GX C38.0 Heart",stage_first,YES
Soft Tissue Sarcoma,AJCC7,yp,T1b,N0,M0,Any,Any,IA,"source_page=307; extract_method=stage_carried; extra_factors/raw_extra=G1, GX | C38.1 Anterior; duplicate_source_page=311",307,Soft Tissue Sarcoma,"T1b N0 M0 G1, GX C38.1 Anterior",stage_carried,YES
Soft Tissue Sarcoma,AJCC7,yp,T2a,N0,M0,Any,Any,IB,"source_page=307; extract_method=stage_first; extra_factors/raw_extra=G1, GX | mediastinum; duplicate_source_page=311",307,Soft Tissue Sarcoma,"Stage IB T2a N0 M0 G1, GX mediastinum",stage_first,YES
Soft Tissue Sarcoma,AJCC7,yp,T2b,N0,M0,Any,Any,IB,"source_page=307; extract_method=stage_carried; extra_factors/raw_extra=G1, GX | C38.2 Posterior; duplicate_source_page=311",307,Soft Tissue Sarcoma,"T2b N0 M0 G1, GX C38.2 Posterior",stage_carried,YES
Soft Tissue Sarcoma,AJCC7,yp,T1a,N0,M0,Any,Any,IIA,"source_page=307; extract_method=stage_first; extra_factors/raw_extra=G2, G3 | C38.3 Mediastinum, NOS; duplicate_source_page=311",307,Soft Tissue Sarcoma,"Stage IIA T1a N0 M0 G2, G3 C38.3 Mediastinum, NOS",stage_first,YES
Soft Tissue Sarcoma,AJCC7,yp,T1b,N0,M0,Any,Any,IIA,"source_page=307; extract_method=stage_carried; extra_factors/raw_extra=G2, G3 | C38.8 Overlapping lesion; duplicate_source_page=311",307,Soft Tissue Sarcoma,"T1b N0 M0 G2, G3 C38.8 Overlapping lesion",stage_carried,YES
Soft Tissue Sarcoma,AJCC7,yp,T2a,N0,M0,Any,Any,IIB,"source_page=307; extract_method=stage_first; extra_factors/raw_extra=G2 | of heart, mediasti-; duplicate_source_page=311",307,Soft Tissue Sarcoma,"Stage IIB T2a N0 M0 G2 of heart, mediasti-",stage_first,YES
Soft Tissue Sarcoma,AJCC7,yp,T2b,N0,M0,Any,Any,IIB,"source_page=307; extract_method=stage_carried; extra_factors/raw_extra=G2 | num, and pleura; duplicate_source_page=311",307,Soft Tissue Sarcoma,"T2b N0 M0 G2 num, and pleura",stage_carried,YES
Soft Tissue Sarcoma,AJCC7,yp,T2a|T2b,N0,M0,Any,Any,III,source_page=307; extract_method=stage_first; extra_factors/raw_extra=G3 | and autonomic; duplicate_source_page=311,307,Soft Tissue Sarcoma,"Stage III T2a, T2b N0 M0 G3 and autonomic",stage_first,YES
Soft Tissue Sarcoma,AJCC7,yp,Any,N1,M0,Any,Any,III,source_page=307; extract_method=stage_carried; extra_factors/raw_extra=Any G | nervous system of; duplicate_source_page=311,307,Soft Tissue Sarcoma,Any T N1 M0 Any G nervous system of,stage_carried,YES
Soft Tissue Sarcoma,AJCC7,yp,Any,Any,M1,Any,Any,IV,"source_page=307; extract_method=stage_first; extra_factors/raw_extra=Any G | head, face, and neck; duplicate_source_page=311",307,Soft Tissue Sarcoma,"Stage IV Any T Any N M1 Any G head, face, and neck",stage_first,YES
Soft Tissue Sarcoma,AJCC7,any,T1a,N0,M0,Any,Any,IA,"source_page=313; extract_method=stage_first; extra_factors/raw_extra=G1, GX | IA | T1a | N0 | M0 | G1, GX",313,Soft Tissue Sarcoma,"IA T1a N0 M0 G1, GX IA T1a N0 M0 G1, GX",stage_first,YES
Soft Tissue Sarcoma,AJCC7,any,T1b,N0,M0,Any,Any,IA,"source_page=313; extract_method=stage_carried; extra_factors/raw_extra=G1, GX | T1b | N0 | M0 | G1, GX",313,Soft Tissue Sarcoma,"T1b N0 M0 G1, GX T1b N0 M0 G1, GX",stage_carried,YES
Soft Tissue Sarcoma,AJCC7,any,T2a,N0,M0,Any,Any,IB,"source_page=313; extract_method=stage_first; extra_factors/raw_extra=G1, GX | IB | T2a | N0 | M0 | G1, GX",313,Soft Tissue Sarcoma,"IB T2a N0 M0 G1, GX IB T2a N0 M0 G1, GX",stage_first,YES
Soft Tissue Sarcoma,AJCC7,any,T2b,N0,M0,Any,Any,IB,"source_page=313; extract_method=stage_carried; extra_factors/raw_extra=G1, GX | T2b | N0 | M0 | G1, GX",313,Soft Tissue Sarcoma,"T2b N0 M0 G1, GX T2b N0 M0 G1, GX",stage_carried,YES
Soft Tissue Sarcoma,AJCC7,any,T1a,N0,M0,Any,Any,IIA,"source_page=313; extract_method=stage_first; extra_factors/raw_extra=G2, G3 | IIA | T1a | N0 | M0 | G2, G3",313,Soft Tissue Sarcoma,"IIA T1a N0 M0 G2, G3 IIA T1a N0 M0 G2, G3",stage_first,YES
Soft Tissue Sarcoma,AJCC7,any,T1b,N0,M0,Any,Any,IIA,"source_page=313; extract_method=stage_carried; extra_factors/raw_extra=G2, G3 | T1b | N0 | M0 | G2, G3",313,Soft Tissue Sarcoma,"T1b N0 M0 G2, G3 T1b N0 M0 G2, G3",stage_carried,YES
Soft Tissue Sarcoma,AJCC7,any,T2a,N0,M0,Any,Any,IIB,source_page=313; extract_method=stage_first; extra_factors/raw_extra=G2 | IIB | T2a | N0 | M0 | G2,313,Soft Tissue Sarcoma,IIB T2a N0 M0 G2 IIB T2a N0 M0 G2,stage_first,YES
Soft Tissue Sarcoma,AJCC7,any,T2b,N0,M0,Any,Any,IIB,source_page=313; extract_method=stage_carried; extra_factors/raw_extra=G2 | T2b | N0 | M0 | G2,313,Soft Tissue Sarcoma,T2b N0 M0 G2 T2b N0 M0 G2,stage_carried,YES
Soft Tissue Sarcoma,AJCC7,any,Any,N1,M0,Any,Any,IIB,source_page=313; extract_method=stage_carried; extra_factors/raw_extra=Any G | Any T N1 | M0 | Any G,313,Soft Tissue Sarcoma,Any T N1 M0 Any G Any T N1 M0 Any G,stage_carried,YES
Soft Tissue Sarcoma,AJCC7,any,Any,Any,M1,Any,Any,IV,source_page=313; extract_method=stage_first; extra_factors/raw_extra=Any G | IV | Any T Any N | M1 | Any G,313,Soft Tissue Sarcoma,IV Any T Any N M1 Any G IV Any T Any N M1 Any G,stage_first,YES
Cutaneous Squamous Cell Carcinoma and Other Cutaneous Carcinomas,AJCC7,any,Tis,N0,M0,Any,Any,0,"source_page=318; extract_method=stage_first; extra_factors/raw_extra=C44.0 Skin of lip, NOS; duplicate_source_page=328",318,Cutaneous Squamous Cell Carcinoma and Other Cutaneous Carcinomas,"Stage 0 Tis N0 M0 C44.0 Skin of lip, NOS",stage_first,YES
Cutaneous Squamous Cell Carcinoma and Other Cutaneous Carcinomas,AJCC7,any,T1,N0,M0,Any,Any,I,source_page=318; extract_method=stage_first; extra_factors/raw_extra=C44.2 External ear; duplicate_source_page=328,318,Cutaneous Squamous Cell Carcinoma and Other Cutaneous Carcinomas,Stage I T1 N0 M0 C44.2 External ear,stage_first,YES
Cutaneous Squamous Cell Carcinoma and Other Cutaneous Carcinomas,AJCC7,any,T2,N0,M0,Any,Any,II,source_page=318; extract_method=stage_first; extra_factors/raw_extra=unspecified parts; duplicate_source_page=328,318,Cutaneous Squamous Cell Carcinoma and Other Cutaneous Carcinomas,Stage II T2 N0 M0 unspecified parts,stage_first,YES
Cutaneous Squamous Cell Carcinoma and Other Cutaneous Carcinomas,AJCC7,any,T3,N0,M0,Any,Any,III,source_page=318; extract_method=stage_first; extra_factors/raw_extra=of the face; duplicate_source_page=328,318,Cutaneous Squamous Cell Carcinoma and Other Cutaneous Carcinomas,Stage III T3 N0 M0 of the face,stage_first,YES
Cutaneous Squamous Cell Carcinoma and Other Cutaneous Carcinomas,AJCC7,any,T1,N1,M0,Any,Any,III,source_page=318; extract_method=stage_carried; extra_factors/raw_extra=C44.4 Skin of scalp; duplicate_source_page=328,318,Cutaneous Squamous Cell Carcinoma and Other Cutaneous Carcinomas,T1 N1 M0 C44.4 Skin of scalp,stage_carried,YES
Cutaneous Squamous Cell Carcinoma and Other Cutaneous Carcinomas,AJCC7,any,T2,N1,M0,Any,Any,III,source_page=318; extract_method=stage_carried; extra_factors/raw_extra=and neck; duplicate_source_page=328,318,Cutaneous Squamous Cell Carcinoma and Other Cutaneous Carcinomas,T2 N1 M0 and neck,stage_carried,YES
Cutaneous Squamous Cell Carcinoma and Other Cutaneous Carcinomas,AJCC7,any,T3,N1,M0,Any,Any,III,source_page=318; extract_method=stage_carried; extra_factors/raw_extra=C44.5 Skin of trunk; duplicate_source_page=328,318,Cutaneous Squamous Cell Carcinoma and Other Cutaneous Carcinomas,T3 N1 M0 C44.5 Skin of trunk,stage_carried,YES
Cutaneous Squamous Cell Carcinoma and Other Cutaneous Carcinomas,AJCC7,any,T1,N2,M0,Any,Any,IV,source_page=318; extract_method=stage_first; extra_factors/raw_extra=and shoulder; duplicate_source_page=328,318,Cutaneous Squamous Cell Carcinoma and Other Cutaneous Carcinomas,Stage IV T1 N2 M0 and shoulder,stage_first,YES
Cutaneous Squamous Cell Carcinoma and Other Cutaneous Carcinomas,AJCC7,any,T2,N2,M0,Any,Any,IV,source_page=318; extract_method=stage_carried; extra_factors/raw_extra=C44.7 Skin of lower limb; duplicate_source_page=328,318,Cutaneous Squamous Cell Carcinoma and Other Cutaneous Carcinomas,T2 N2 M0 C44.7 Skin of lower limb,stage_carried,YES
Cutaneous Squamous Cell Carcinoma and Other Cutaneous Carcinomas,AJCC7,any,T3,N2,M0,Any,Any,IV,source_page=318; extract_method=stage_carried; extra_factors/raw_extra=and hip; duplicate_source_page=328,318,Cutaneous Squamous Cell Carcinoma and Other Cutaneous Carcinomas,T3 N2 M0 and hip,stage_carried,YES
Cutaneous Squamous Cell Carcinoma and Other Cutaneous Carcinomas,AJCC7,any,TAny,N3,M0,Any,Any,IV,source_page=318; extract_method=stage_carried; extra_factors/raw_extra=C44.8 Overlapping; duplicate_source_page=328,318,Cutaneous Squamous Cell Carcinoma and Other Cutaneous Carcinomas,T Any N3 M0 C44.8 Overlapping,stage_carried,YES
Cutaneous Squamous Cell Carcinoma and Other Cutaneous Carcinomas,AJCC7,any,T4,NAny,M0,Any,Any,IV,source_page=318; extract_method=stage_carried; extra_factors/raw_extra=lesion of skin; duplicate_source_page=328,318,Cutaneous Squamous Cell Carcinoma and Other Cutaneous Carcinomas,T4 N Any M0 lesion of skin,stage_carried,YES
Cutaneous Squamous Cell Carcinoma and Other Cutaneous Carcinomas,AJCC7,any,TAny,NAny,M1,Any,Any,IV,"source_page=318; extract_method=stage_carried; extra_factors/raw_extra=C44.9 Skin, NOS; duplicate_source_page=328",318,Cutaneous Squamous Cell Carcinoma and Other Cutaneous Carcinomas,"T Any N Any M1 C44.9 Skin, NOS",stage_carried,YES
Cutaneous Squamous Cell Carcinoma and Other Cutaneous Carcinomas,AJCC7,yp,Tis,N0,M0,Any,Any,0,source_page=324; extract_method=stage_first; extra_factors/raw_extra=Dermatol. 2002;146 Suppl 61:1-6.,324,Cutaneous Squamous Cell Carcinoma and Other Cutaneous Carcinomas,Stage 0 Tis N0 M0 Dermatol. 2002;146 Suppl 61:1-6.,stage_first,YES
Cutaneous Squamous Cell Carcinoma and Other Cutaneous Carcinomas,AJCC7,yp,T1,N0,M0,Any,Any,I,source_page=324; extract_method=stage_first; extra_factors/raw_extra=among the most costly of all cancers to treat for the Medicare,324,Cutaneous Squamous Cell Carcinoma and Other Cutaneous Carcinomas,Stage I T1 N0 M0 among the most costly of all cancers to treat for the Medicare,stage_first,YES
Cutaneous Squamous Cell Carcinoma and Other Cutaneous Carcinomas,AJCC7,yp,T2,N0,M0,Any,Any,II,"source_page=324; extract_method=stage_first; extra_factors/raw_extra=3. Alam M, Ratner D. Cutaneous squamous-cell carcinoma.",324,Cutaneous Squamous Cell Carcinoma and Other Cutaneous Carcinomas,"Stage II T2 N0 M0 3. Alam M, Ratner D. Cutaneous squamous-cell carcinoma.",stage_first,YES
Cutaneous Squamous Cell Carcinoma and Other Cutaneous Carcinomas,AJCC7,yp,T3,N0,M0,Any,Any,III,source_page=324; extract_method=stage_first; extra_factors/raw_extra=N Engl J Med. 2001;344:975-83.,324,Cutaneous Squamous Cell Carcinoma and Other Cutaneous Carcinomas,Stage III T3 N0 M0 N Engl J Med. 2001;344:975-83.,stage_first,YES
Cutaneous Squamous Cell Carcinoma and Other Cutaneous Carcinomas,AJCC7,yp,T1,N1,M0,Any,Any,III,"source_page=324; extract_method=stage_carried; extra_factors/raw_extra=4. Rowe DE, Carroll RJ, Day CL Jr. Prognostic factors for local",324,Cutaneous Squamous Cell Carcinoma and Other Cutaneous Carcinomas,"T1 N1 M0 4. Rowe DE, Carroll RJ, Day CL Jr. Prognostic factors for local",stage_carried,YES
Cutaneous Squamous Cell Carcinoma and Other Cutaneous Carcinomas,AJCC7,yp,T2,N1,M0,Any,Any,III,"source_page=324; extract_method=stage_carried; extra_factors/raw_extra=recurrence, metastasis, and survival rates in squamous cell",324,Cutaneous Squamous Cell Carcinoma and Other Cutaneous Carcinomas,"T2 N1 M0 recurrence, metastasis, and survival rates in squamous cell",stage_carried,YES
Cutaneous Squamous Cell Carcinoma and Other Cutaneous Carcinomas,AJCC7,yp,T3,N1,M0,Any,Any,III,source_page=324; extract_method=stage_carried,324,Cutaneous Squamous Cell Carcinoma and Other Cutaneous Carcinomas,T3 N1 M0,stage_carried,check
Cutaneous Squamous Cell Carcinoma and Other Cutaneous Carcinomas,AJCC7,yp,T1,N2,M0,Any,Any,IV,source_page=324; extract_method=stage_first; extra_factors/raw_extra=976-90.,324,Cutaneous Squamous Cell Carcinoma and Other Cutaneous Carcinomas,Stage IV T1 N2 M0 976-90.,stage_first,YES
Cutaneous Squamous Cell Carcinoma and Other Cutaneous Carcinomas,AJCC7,yp,T2,N2,M0,Any,Any,IV,"source_page=324; extract_method=stage_carried; extra_factors/raw_extra=5. Preston DS, Stern RS. Nonmelanoma cancers of the skin.",324,Cutaneous Squamous Cell Carcinoma and Other Cutaneous Carcinomas,"T2 N2 M0 5. Preston DS, Stern RS. Nonmelanoma cancers of the skin.",stage_carried,YES
Cutaneous Squamous Cell Carcinoma and Other Cutaneous Carcinomas,AJCC7,yp,T3,N2,M0,Any,Any,IV,source_page=324; extract_method=stage_carried; extra_factors/raw_extra=N Engl J Med. 1992;327:1649-62.,324,Cutaneous Squamous Cell Carcinoma and Other Cutaneous Carcinomas,T3 N2 M0 N Engl J Med. 1992;327:1649-62.,stage_carried,YES
Cutaneous Squamous Cell Carcinoma and Other Cutaneous Carcinomas,AJCC7,yp,TAny,N3,M0,Any,Any,IV,"source_page=324; extract_method=stage_carried; extra_factors/raw_extra=6. Zak-Prelich M, Narbutt J, Sysa-Jedrzejowska A. Environmen-",324,Cutaneous Squamous Cell Carcinoma and Other Cutaneous Carcinomas,"T Any N3 M0 6. Zak-Prelich M, Narbutt J, Sysa-Jedrzejowska A. Environmen-",stage_carried,YES
Cutaneous Squamous Cell Carcinoma and Other Cutaneous Carcinomas,AJCC7,yp,T4,NAny,M0,Any,Any,IV,source_page=324; extract_method=stage_carried,324,Cutaneous Squamous Cell Carcinoma and Other Cutaneous Carcinomas,T4 N Any M0,stage_carried,check
Cutaneous Squamous Cell Carcinoma and Other Cutaneous Carcinomas,AJCC7,yp,TAny,NAny,M1,Any,Any,IV,"source_page=324; extract_method=stage_carried; extra_factors/raw_extra=7. Nolan RC, Chan MT, Heenan PJ. A clinicopathologic review",324,Cutaneous Squamous Cell Carcinoma and Other Cutaneous Carcinomas,"T Any N Any M1 7. Nolan RC, Chan MT, Heenan PJ. A clinicopathologic review",stage_carried,YES
Merkel Cell Carcinoma,AJCC7,any,Tis,N0,M0,Any,Any,0,source_page=331; extract_method=stage_first; extra_factors/raw_extra=C51.8 Overlapping lesion; duplicate_source_page=337,331,Merkel Cell Carcinoma,Stage 0 Tis N0 M0 C51.8 Overlapping lesion,stage_first,YES
Merkel Cell Carcinoma,AJCC7,any,T1,N0,M0,Any,Any,IA,"source_page=331; extract_method=stage_first; extra_factors/raw_extra=C51.9 Vulva, NOS; duplicate_source_page=337",331,Merkel Cell Carcinoma,"Stage IA T1 pN0 M0 C51.9 Vulva, NOS",stage_first,YES
Merkel Cell Carcinoma,AJCC7,any,T1,N0,M0,Any,Any,IB,source_page=331; extract_method=stage_first; extra_factors/raw_extra=C60.0 Prepuce; duplicate_source_page=337,331,Merkel Cell Carcinoma,Stage IB T1 cN0 M0 C60.0 Prepuce,stage_first,YES
Merkel Cell Carcinoma,AJCC7,any,T2|T3,N0,M0,Any,Any,IIA,source_page=331; extract_method=stage_first; extra_factors/raw_extra=C60.2 Body of penis,331,Merkel Cell Carcinoma,Stage IIA T2/T3 pN0 M0 C60.2 Body of penis,stage_first,YES
Merkel Cell Carcinoma,AJCC7,any,T2|T3,N0,M0,Any,Any,IIB,source_page=331; extract_method=stage_first; extra_factors/raw_extra=C60.8 Overlapping lesion; duplicate_source_page=337,331,Merkel Cell Carcinoma,Stage IIB T2/T3 cN0 M0 C60.8 Overlapping lesion,stage_first,YES
Merkel Cell Carcinoma,AJCC7,any,T4,N0,M0,Any,Any,IIC,"source_page=331; extract_method=stage_first; extra_factors/raw_extra=C60.9 Penis, NOS; duplicate_source_page=337; duplicate_source_page=337",331,Merkel Cell Carcinoma,"Stage IIC T4 N0 M0 C60.9 Penis, NOS",stage_first,YES
Merkel Cell Carcinoma,AJCC7,any,Any,N1a,M0,Any,Any,IIIA,"source_page=331; extract_method=stage_first; extra_factors/raw_extra=C63.2 Scrotum, NOS",331,Merkel Cell Carcinoma,"Stage IIIA Any T N1a M0 C63.2 Scrotum, NOS",stage_first,YES
Merkel Cell Carcinoma,AJCC7,any,Any,N1|N1b|N2,M0,Any,Any,IIIB,source_page=331; extract_method=stage_first; extra_factors/raw_extra=ICD-O-3 HISTOLOGY,331,Merkel Cell Carcinoma,Stage IIIB Any T cN1/N1b/N2 M0 ICD-O-3 HISTOLOGY,stage_first,YES
Merkel Cell Carcinoma,AJCC7,any,Any,Any,M1,Any,Any,IV,source_page=331; extract_method=stage_first; extra_factors/raw_extra=CODE RANGES; duplicate_source_page=337; duplicate_source_page=337,331,Merkel Cell Carcinoma,Stage IV Any T Any N M1 CODE RANGES,stage_first,YES
Merkel Cell Carcinoma,AJCC7,yp,Tis,N0,M0,Any,Any,0,source_page=335; extract_method=stage_first; extra_factors/raw_extra=of a polyomavirus in human merkel cell carcinoma. Science.,335,Merkel Cell Carcinoma,Stage 0 Tis N0 M0 of a polyomavirus in human merkel cell carcinoma. Science.,stage_first,YES
Merkel Cell Carcinoma,AJCC7,yp,T1,N0,M0,Any,Any,IA,"source_page=335; extract_method=stage_first; extra_factors/raw_extra=3. Agelli M, Clegg LX. Epidemiology of primary Merkel cell",335,Merkel Cell Carcinoma,"Stage IA T1 pN0 M0 3. Agelli M, Clegg LX. Epidemiology of primary Merkel cell",stage_first,YES
Merkel Cell Carcinoma,AJCC7,yp,T1,N0,M0,Any,Any,IB,source_page=335; extract_method=stage_first; extra_factors/raw_extra=carcinoma in the United States. J Am Acad Dermatol.,335,Merkel Cell Carcinoma,Stage IB T1 cN0 M0 carcinoma in the United States. J Am Acad Dermatol.,stage_first,YES
Merkel Cell Carcinoma,AJCC7,yp,T2|T3,N0,M0,Any,Any,IIA,"source_page=335; extract_method=stage_first; extra_factors/raw_extra=4. Heath ML, Jaimes N, Lemos B, et al. Clinical characteris-",335,Merkel Cell Carcinoma,"Stage IIA T2/T3 pN0 M0 4. Heath ML, Jaimes N, Lemos B, et al. Clinical characteris-",stage_first,YES
Merkel Cell Carcinoma,AJCC7,yp,T2|T3,N0,M0,Any,Any,IIB,source_page=335; extract_method=stage_first; extra_factors/raw_extra=the AEIOU features. J Am Acad Dermatol. 2008;58(3):,335,Merkel Cell Carcinoma,Stage IIB T2/T3 cN0 M0 the AEIOU features. J Am Acad Dermatol. 2008;58(3):,stage_first,YES
Merkel Cell Carcinoma,AJCC7,yp,T4,N0,M0,Any,Any,IIC,source_page=335; extract_method=stage_first; extra_factors/raw_extra=375-81.,335,Merkel Cell Carcinoma,Stage IIC T4 N0 M0 375-81.,stage_first,YES
Merkel Cell Carcinoma,AJCC7,yp,Any,N1a,M0,Any,Any,IIIA,source_page=335; extract_method=stage_first; extra_factors/raw_extra=Merkel cell carcinoma in organ-transplant recipients: report,335,Merkel Cell Carcinoma,Stage IIIA Any T N1a M0 Merkel cell carcinoma in organ-transplant recipients: report,stage_first,YES
Merkel Cell Carcinoma,AJCC7,yp,Any,N1|N1b|N2,M0,Any,Any,IIIB,source_page=335; extract_method=stage_first,335,Merkel Cell Carcinoma,Stage IIIB Any T cN1/N1b/N2 M0,stage_first,check
Merkel Cell Carcinoma,AJCC7,yp,Any,Any,M1,Any,Any,IV,"source_page=335; extract_method=stage_first; extra_factors/raw_extra=6. Penn I, First MR. Merkel’s cell carcinoma in organ recipients:",335,Merkel Cell Carcinoma,"Stage IV Any T Any N M1 6. Penn I, First MR. Merkel’s cell carcinoma in organ recipients:",stage_first,YES
Melanoma of the Skin,AJCC7,any,Tis,N0,M0,Any,Any,0,source_page=342; extract_method=stage_first; extra_factors/raw_extra=0 | Tis | N0 | M0 | C44.1 Eyelid; duplicate_source_page=358,342,Melanoma of the Skin,Stage 0 Tis N0 M0 0 Tis N0 M0 C44.1 Eyelid,stage_first,YES
Melanoma of the Skin,AJCC7,any,T1a,N0,M0,Any,Any,IA,source_page=342; extract_method=stage_first; extra_factors/raw_extra=IA | T1a | N0 | M0; duplicate_source_page=358,342,Melanoma of the Skin,Stage IA T1a N0 M0 IA T1a N0 M0,stage_first,YES
Melanoma of the Skin,AJCC7,any,T1b,N0,M0,Any,Any,IB,source_page=342; extract_method=stage_first; extra_factors/raw_extra=IB | T1b | N0 | M0 | unspecified parts; duplicate_source_page=352; duplicate_source_page=358; duplicate_source_page=358,342,Melanoma of the Skin,Stage IB T1b N0 M0 IB T1b N0 M0 unspecified parts,stage_first,YES
Melanoma of the Skin,AJCC7,any,T2a,N0,M0,Any,Any,IB,source_page=342; extract_method=stage_carried; extra_factors/raw_extra=T2a | N0 | M0 | of face; duplicate_source_page=358; duplicate_source_page=358,342,Melanoma of the Skin,T2a N0 M0 T2a N0 M0 of face,stage_carried,YES
Melanoma of the Skin,AJCC7,any,T2b,N0,M0,Any,Any,IIA,source_page=342; extract_method=stage_first; extra_factors/raw_extra=IIA | T2b | N0 | M0 | C44.4 Skin of scalp; duplicate_source_page=358; duplicate_source_page=358,342,Melanoma of the Skin,Stage IIA T2b N0 M0 IIA T2b N0 M0 C44.4 Skin of scalp,stage_first,YES
Melanoma of the Skin,AJCC7,any,T3a,N0,M0,Any,Any,IIA,source_page=342; extract_method=stage_carried; extra_factors/raw_extra=T3a | N0 | M0 | and neck; duplicate_source_page=358,342,Melanoma of the Skin,T3a N0 M0 T3a N0 M0 and neck,stage_carried,YES
Melanoma of the Skin,AJCC7,any,T3b,N0,M0,Any,Any,IIB,source_page=342; extract_method=stage_first; extra_factors/raw_extra=IIB | T3b | N0 | M0; duplicate_source_page=358,342,Melanoma of the Skin,Stage IIB T3b N0 M0 IIB T3b N0 M0,stage_first,YES
Melanoma of the Skin,AJCC7,any,T4a,N0,M0,Any,Any,IIB,source_page=342; extract_method=stage_carried; extra_factors/raw_extra=T4a | N0 | M0 | C44.6 Skin of upper limb; duplicate_source_page=358,342,Melanoma of the Skin,T4a N0 M0 T4a N0 M0 C44.6 Skin of upper limb,stage_carried,YES
Melanoma of the Skin,AJCC7,any,T4b,N0,M0,Any,Any,IIC,source_page=342; extract_method=stage_first; extra_factors/raw_extra=IIC | T4b | N0 | M0; duplicate_source_page=358,342,Melanoma of the Skin,Stage IIC T4b N0 M0 IIC T4b N0 M0,stage_first,YES
Melanoma of the Skin,AJCC7,any,T1|T2|T3|T4a,N2a,M0,Any,Any,IIC,source_page=342; extract_method=stage_carried; extra_factors/raw_extra=C44.8 Overlapping lesion,342,Melanoma of the Skin,T1 - 4a N2a M0 C44.8 Overlapping lesion,stage_carried,YES
Melanoma of the Skin,AJCC7,any,T1|T2|T3|T4b,N1a,M0,Any,Any,IIIB,source_page=342; extract_method=stage_first; extra_factors/raw_extra=of skin,342,Melanoma of the Skin,IIIB T1 - 4b N1a M0 of skin,stage_first,YES
Melanoma of the Skin,AJCC7,any,T1|T2|T3|T4b,N2a,M0,Any,Any,IIIB,source_page=342; extract_method=stage_carried,342,Melanoma of the Skin,T1 - 4b N2a M0,stage_carried,check
Melanoma of the Skin,AJCC7,any,T1|T2|T3|T4a,N1b,M0,Any,Any,IIIB,source_page=342; extract_method=stage_carried,342,Melanoma of the Skin,T1 - 4a N1b M0,stage_carried,check
Melanoma of the Skin,AJCC7,any,T1|T2|T3|T4a,N2b,M0,Any,Any,IIIB,source_page=342; extract_method=stage_carried,342,Melanoma of the Skin,T1 - 4a N2b M0,stage_carried,check
Melanoma of the Skin,AJCC7,any,T1|T2|T3|T4a,N2c,M0,Any,Any,IIIB,source_page=342; extract_method=stage_carried; extra_factors/raw_extra=C51.1 Labium minus,342,Melanoma of the Skin,T1 - 4a N2c M0 C51.1 Labium minus,stage_carried,YES
Melanoma of the Skin,AJCC7,any,T1|T2|T3|T4b,N1b,M0,Any,Any,IIIC,source_page=342; extract_method=stage_first; extra_factors/raw_extra=C51.2 Clitoris; duplicate_source_page=352; duplicate_source_page=358,342,Melanoma of the Skin,IIIC T1 - 4b N1b M0 C51.2 Clitoris,stage_first,YES
Melanoma of the Skin,AJCC7,any,T1|T2|T3|T4b,N2b,M0,Any,Any,IIIC,source_page=342; extract_method=stage_carried; extra_factors/raw_extra=C51.8 Overlapping lesion; duplicate_source_page=358,342,Melanoma of the Skin,T1 - 4b N2b M0 C51.8 Overlapping lesion,stage_carried,YES
Melanoma of the Skin,AJCC7,any,T1|T2|T3|T4b,N2c,M0,Any,Any,IIIC,source_page=342; extract_method=stage_carried; extra_factors/raw_extra=of vulva; duplicate_source_page=358,342,Melanoma of the Skin,T1 - 4b N2c M0 of vulva,stage_carried,YES
Melanoma of the Skin,AJCC7,any,Any,N3,M0,Any,Any,IIIC,"source_page=342; extract_method=stage_carried; extra_factors/raw_extra=C51.9 Vulva, NOS; duplicate_source_page=358",342,Melanoma of the Skin,"Any T N3 M0 C51.9 Vulva, NOS",stage_carried,YES
Melanoma of the Skin,AJCC7,any,Any,Any,M1,Any,Any,IV,source_page=342; extract_method=stage_first; extra_factors/raw_extra=IV | Any T | Any N | M1 | C60.0 Prepuce; duplicate_source_page=358; duplicate_source_page=358,342,Melanoma of the Skin,Stage IV Any T Any N M1 IV Any T Any N M1 C60.0 Prepuce,stage_first,YES
Melanoma of the Skin,AJCC7,any,T3a,N0,M0,Any,Any,IB,source_page=352; extract_method=stage_carried; extra_factors/raw_extra=T3a | N0 | M0,352,Melanoma of the Skin,T3a N0 M0 T3a N0 M0,stage_carried,YES
Melanoma of the Skin,AJCC7,any,T4a,N0,M0,Any,Any,IB,source_page=352; extract_method=stage_carried; extra_factors/raw_extra=T4a | N0 | M0,352,Melanoma of the Skin,T4a N0 M0 T4a N0 M0,stage_carried,YES
Melanoma of the Skin,AJCC7,any,T1|T2|T3|T4a,N1b,M0,Any,Any,IB,source_page=352; extract_method=stage_carried,352,Melanoma of the Skin,T1 - 4a N1b M0,stage_carried,check
Melanoma of the Skin,AJCC7,any,T3a,N0,M0,Any,Any,IIB,source_page=358; extract_method=tnm_stage; extra_factors/raw_extra=T3b | N0 | M0,358,Melanoma of the Skin,T3a N0 M0 IIB T3b N0 M0,tnm_stage,YES
Melanoma of the Skin,AJCC7,any,T4a,N0,M0,Any,Any,IIC,source_page=358; extract_method=tnm_stage; extra_factors/raw_extra=T4b | N0 | M0,358,Melanoma of the Skin,T4a N0 M0 IIC T4b N0 M0,tnm_stage,YES
Melanoma of the Skin,AJCC7,any,T1|T2|T3|T4b,N2a,M0,Any,Any,IV,source_page=358; extract_method=stage_carried,358,Melanoma of the Skin,T1 - 4b N2a M0,stage_carried,check
Melanoma of the Skin,AJCC7,any,T1|T2|T3|T4a,N2c,M0,Any,Any,IV,source_page=358; extract_method=stage_carried,358,Melanoma of the Skin,T1 - 4a N2c M0,stage_carried,check
Breast,AJCC7,any,Tis,N0,M0,Any,Any,0,source_page=365; extract_method=stage_first; extra_factors/raw_extra=C50.0 Nipple; duplicate_source_page=390,365,Breast,Stage 0 Tis N0 M0 C50.0 Nipple,stage_first,YES
Breast,AJCC7,any,T1,N0,M0,Any,Any,IA,source_page=365; extract_method=stage_first; extra_factors/raw_extra=C50.1 Central portion; duplicate_source_page=390,365,Breast,Stage IA T1* N0 M0 C50.1 Central portion,stage_first,YES
Breast,AJCC7,any,T0,N1mi,M0,Any,Any,IB,source_page=365; extract_method=stage_first; extra_factors/raw_extra=C50.2 Upper inner; duplicate_source_page=390,365,Breast,Stage IB T0 N1mi M0 C50.2 Upper inner,stage_first,YES
Breast,AJCC7,any,T1,N1mi,M0,Any,Any,IB,source_page=365; extract_method=stage_carried; extra_factors/raw_extra=quadrant of breast; duplicate_source_page=390,365,Breast,T1* N1mi M0 quadrant of breast,stage_carried,YES
Breast,AJCC7,any,T0,N1,M0,Any,Any,IIA,source_page=365; extract_method=stage_first; extra_factors/raw_extra=C50.3 Lower inner; duplicate_source_page=390,365,Breast,Stage IIA T0 N1** M0 C50.3 Lower inner,stage_first,YES
Breast,AJCC7,any,T1,N1,M0,Any,Any,IIA,source_page=365; extract_method=stage_carried; extra_factors/raw_extra=quadrant of breast; duplicate_source_page=390,365,Breast,T1* N1** M0 quadrant of breast,stage_carried,YES
Breast,AJCC7,any,T2,N0,M0,Any,Any,IIA,source_page=365; extract_method=stage_carried; extra_factors/raw_extra=C50.4 Upper outer; duplicate_source_page=390,365,Breast,T2 N0 M0 C50.4 Upper outer,stage_carried,YES
Breast,AJCC7,any,T2,N1,M0,Any,Any,IIB,source_page=365; extract_method=stage_first; extra_factors/raw_extra=C50.5 Lower outer; duplicate_source_page=390,365,Breast,Stage IIB T2 N1 M0 C50.5 Lower outer,stage_first,YES
Breast,AJCC7,any,T3,N0,M0,Any,Any,IIB,source_page=365; extract_method=stage_carried; extra_factors/raw_extra=quadrant of breast; duplicate_source_page=390,365,Breast,T3 N0 M0 quadrant of breast,stage_carried,YES
Breast,AJCC7,any,T0,N2,M0,Any,Any,IIIA,source_page=365; extract_method=stage_first; extra_factors/raw_extra=C50.6 Axillary tail; duplicate_source_page=390,365,Breast,Stage IIIA T0 N2 M0 C50.6 Axillary tail,stage_first,YES
Breast,AJCC7,any,T1,N2,M0,Any,Any,IIIA,source_page=365; extract_method=stage_carried; extra_factors/raw_extra=of breast; duplicate_source_page=390,365,Breast,T1* N2 M0 of breast,stage_carried,YES
Breast,AJCC7,any,T2,N2,M0,Any,Any,IIIA,source_page=365; extract_method=stage_carried; extra_factors/raw_extra=C50.8 Overlapping; duplicate_source_page=390,365,Breast,T2 N2 M0 C50.8 Overlapping,stage_carried,YES
Breast,AJCC7,any,T3,N1,M0,Any,Any,IIIA,source_page=365; extract_method=stage_carried; extra_factors/raw_extra=lesion of breast; duplicate_source_page=390,365,Breast,T3 N1 M0 lesion of breast,stage_carried,YES
Breast,AJCC7,any,T3,N2,M0,Any,Any,IIIA,"source_page=365; extract_method=stage_carried; extra_factors/raw_extra=C50.9 Breast, NOS; duplicate_source_page=390",365,Breast,"T3 N2 M0 C50.9 Breast, NOS",stage_carried,YES
Breast,AJCC7,any,T4,N0,M0,Any,Any,IIIB,source_page=365; extract_method=stage_first; extra_factors/raw_extra=ICD-O-3 HISTOLOGY; duplicate_source_page=390,365,Breast,Stage IIIB T4 N0 M0 ICD-O-3 HISTOLOGY,stage_first,YES
Breast,AJCC7,any,T4,N1,M0,Any,Any,IIIB,source_page=365; extract_method=stage_carried; extra_factors/raw_extra=CODE RANGES; duplicate_source_page=390,365,Breast,T4 N1 M0 CODE RANGES,stage_carried,YES
Breast,AJCC7,any,T4,N2,M0,Any,Any,IIIB,"source_page=365; extract_method=stage_carried; extra_factors/raw_extra=8000-8576, 8940-8950,; duplicate_source_page=390",365,Breast,"T4 N2 M0 8000-8576, 8940-8950,",stage_carried,YES
Breast,AJCC7,any,Any,N3,M0,Any,Any,IIIC,"source_page=365; extract_method=stage_first; extra_factors/raw_extra=8980-8981, 9020",365,Breast,"Stage IIIC Any T N3 M0 8980-8981, 9020",stage_first,YES
Breast,AJCC7,any,Any,Any,M1,Any,Any,IV,source_page=365; extract_method=stage_first,365,Breast,Stage IV Any T Any N M1,stage_first,check
Breast,AJCC7,clinical,T2,N1,M0,Any,Any,IIB,source_page=376; extract_method=stage_first,376,Breast,Stage IIB T2 N1 M0,stage_first,check
Breast,AJCC7,clinical,T0,N2,M0,Any,Any,IIIA,source_page=376; extract_method=stage_first,376,Breast,Stage IIIA T0 N2 M0,stage_first,check
Breast,AJCC7,clinical,T1,N2,M0,Any,Any,IIIA,source_page=376; extract_method=stage_carried,376,Breast,T1* N2 M0,stage_carried,check
Breast,AJCC7,clinical,T4,N2,M0,Any,Any,IIIA,source_page=376; extract_method=stage_carried,376,Breast,T4 N2 M0,stage_carried,check
Breast,AJCC7,yp,Any,N3,M0,Any,Any,IIIC,source_page=376; extract_method=stage_first,376,Breast,Stage IIIC Any T N3 M0,stage_first,check
Vulva,AJCC7,any,Tis,N0,M0,Any,Any,0,source_page=395; extract_method=stage_first; extra_factors/raw_extra=C51.0 Labium majus; duplicate_source_page=400,395,Vulva,Stage 0* Tis N0 M0 C51.0 Labium majus,stage_first,YES
Vulva,AJCC7,any,T1,N0,M0,Any,Any,I,source_page=395; extract_method=stage_first; extra_factors/raw_extra=C51.1 Labium minus; duplicate_source_page=400,395,Vulva,Stage I T1 N0 M0 C51.1 Labium minus,stage_first,YES
Vulva,AJCC7,any,T1a,N0,M0,Any,Any,IA,source_page=395; extract_method=stage_first; extra_factors/raw_extra=C51.8 Overlapping lesion; duplicate_source_page=400,395,Vulva,Stage IA T1a N0 M0 C51.8 Overlapping lesion,stage_first,YES
Vulva,AJCC7,any,T1b,N0,M0,Any,Any,IB,source_page=395; extract_method=stage_first; extra_factors/raw_extra=of vulva; duplicate_source_page=400,395,Vulva,Stage IB T1b N0 M0 of vulva,stage_first,YES
Vulva,AJCC7,any,T2,N0,M0,Any,Any,II,source_page=395; extract_method=stage_first; duplicate_source_page=400,395,Vulva,Stage II T2 N0 M0,stage_first,YES
Vulva,AJCC7,any,T1|T2,N1a|N1b,M0,Any,Any,IIIA,source_page=395; extract_method=stage_first; extra_factors/raw_extra=ICD-O-3 HISTOLOGY; duplicate_source_page=400,395,Vulva,"Stage IIIA T1, T2 N1a, N1b M0 ICD-O-3 HISTOLOGY",stage_first,YES
Vulva,AJCC7,any,T1|T2,N2a|N2b,M0,Any,Any,IIIB,"source_page=395; extract_method=stage_first; extra_factors/raw_extra=8000-8246, 8248-8576,; duplicate_source_page=400",395,Vulva,"Stage IIIB T1, T2 N2a, N2b M0 8000-8246, 8248-8576,",stage_first,YES
Vulva,AJCC7,any,T1|T2,N2c,M0,Any,Any,IIIC,"source_page=395; extract_method=stage_first; extra_factors/raw_extra=8940-8950, 8980-8981; duplicate_source_page=400",395,Vulva,"Stage IIIC T1, T2 N2c M0 8940-8950, 8980-8981",stage_first,YES
Vulva,AJCC7,any,T1|T2,N3,M0,Any,Any,IVA,source_page=395; extract_method=stage_first; duplicate_source_page=400,395,Vulva,"Stage IVA T1, T2 N3 M0",stage_first,YES
Vulva,AJCC7,any,T3,Any,M0,Any,Any,IVA,source_page=395; extract_method=stage_carried,395,Vulva,T3 Any N M0,stage_carried,check
Vulva,AJCC7,any,Any,Any,M1,Any,Any,IVB,source_page=395; extract_method=stage_first; duplicate_source_page=400,395,Vulva,Stage IVB Any T Any N M1,stage_first,YES
Vulva,AJCC7,yp,Tis,N0,M0,Any,Any,0,source_page=397; extract_method=stage_first; extra_factors/raw_extra=Squamous cell carcinoma is the most frequent form of cancer,397,Vulva,Stage 0* Tis N0 M0 Squamous cell carcinoma is the most frequent form of cancer,stage_first,YES
Vulva,AJCC7,yp,T1,N0,M0,Any,Any,I,source_page=397; extract_method=stage_first; extra_factors/raw_extra=of the vulva. This staging classification does not apply to,397,Vulva,Stage I T1 N0 M0 of the vulva. This staging classification does not apply to,stage_first,YES
Vulva,AJCC7,yp,T1a,N0,M0,Any,Any,IA,source_page=397; extract_method=stage_first; extra_factors/raw_extra=The common histopathologic types are as follows:,397,Vulva,Stage IA T1a N0 M0 The common histopathologic types are as follows:,stage_first,YES
Vulva,AJCC7,yp,T1b,N0,M0,Any,Any,IB,source_page=397; extract_method=stage_first,397,Vulva,Stage IB T1b N0 M0,stage_first,check
Vulva,AJCC7,yp,T2,N0,M0,Any,Any,II,source_page=397; extract_method=stage_first; extra_factors/raw_extra=Verrucous carcinoma,397,Vulva,Stage II T2 N0 M0 Verrucous carcinoma,stage_first,YES
Vulva,AJCC7,yp,T1|T2,N1a|N1b,M0,Any,Any,IIIA,source_page=397; extract_method=stage_first; extra_factors/raw_extra=Paget’s disease of vulva,397,Vulva,"Stage IIIA T1, T2 N1a, N1b M0 Paget’s disease of vulva",stage_first,YES
Vulva,AJCC7,yp,T1|T2,N2a|N2b,M0,Any,Any,IIIB,"source_page=397; extract_method=stage_first; extra_factors/raw_extra=Basal cell carcinoma, NOS",397,Vulva,"Stage IIIB T1, T2 N2a, N2b M0 Basal cell carcinoma, NOS",stage_first,YES
Vulva,AJCC7,yp,T1|T2,N2c,M0,Any,Any,IIIC,source_page=397; extract_method=stage_first; extra_factors/raw_extra=Bartholin’s gland carcinoma,397,Vulva,"Stage IIIC T1, T2 N2c M0 Bartholin’s gland carcinoma",stage_first,YES
Vulva,AJCC7,yp,T1|T2,N3,M0,Any,Any,IVA,source_page=397; extract_method=stage_first; extra_factors/raw_extra=The presence or absence of lymphovascular space invasion,397,Vulva,"Stage IVA T1, T2 N3 M0 The presence or absence of lymphovascular space invasion",stage_first,YES
Vulva,AJCC7,yp,T3,Any,M0,Any,Any,IVA,source_page=397; extract_method=stage_carried; extra_factors/raw_extra=should be noted in the pathology report.,397,Vulva,T3 Any N M0 should be noted in the pathology report.,stage_carried,YES
Vulva,AJCC7,yp,Any,Any,M1,Any,Any,IVB,source_page=397; extract_method=stage_first,397,Vulva,Stage IVB Any T Any N M1,stage_first,check
Vulva,AJCC7,any,T3,Any,MO,Any,Any,IVA,source_page=400; extract_method=stage_carried; extra_factors/raw_extra=T3 | Any N | MO,400,Vulva,T3 Any N MO T3 Any N MO,stage_carried,YES
Vagina,AJCC7,any,Tis,N0,M0,Any,Any,0,"source_page=403; extract_method=stage_first; extra_factors/raw_extra=C52.9 Vagina, NOS; duplicate_source_page=407",403,Vagina,"Stage 0* Tis N0 M0 C52.9 Vagina, NOS",stage_first,YES
Vagina,AJCC7,any,T1,N0,M0,Any,Any,I,source_page=403; extract_method=stage_first; duplicate_source_page=404; duplicate_source_page=407,403,Vagina,Stage I T1 N0 M0,stage_first,YES
Vagina,AJCC7,any,T2,N0,M0,Any,Any,II,source_page=403; extract_method=stage_first; extra_factors/raw_extra=CODE RANGES; duplicate_source_page=407,403,Vagina,Stage II T2 N0 M0 CODE RANGES,stage_first,YES
Vagina,AJCC7,any,T1-T3,N1,M0,Any,Any,III,"source_page=403; extract_method=stage_first; extra_factors/raw_extra=8000-8576, 8800-8801,; duplicate_source_page=407",403,Vagina,"Stage III T1-T3 N1 M0 8000-8576, 8800-8801,",stage_first,YES
Vagina,AJCC7,any,T3,N0,M0,Any,Any,III,"source_page=403; extract_method=stage_carried; extra_factors/raw_extra=8940-8950, 8980-8981; duplicate_source_page=407",403,Vagina,"T3 N0 M0 8940-8950, 8980-8981",stage_carried,YES
Vagina,AJCC7,any,T4,Any,M0,Any,Any,IVA,source_page=403; extract_method=stage_first; duplicate_source_page=407,403,Vagina,Stage IVA T4 Any N M0,stage_first,YES
Vagina,AJCC7,any,Any,Any,M1,Any,Any,IVB,source_page=403; extract_method=stage_first; duplicate_source_page=404; duplicate_source_page=407,403,Vagina,Stage IVB Any T Any N M1,stage_first,YES
Vagina,AJCC7,any,T3,N0,M0,Any,Any,I,source_page=404; extract_method=stage_carried,404,Vagina,T3 N0 M0,stage_carried,check
Cervix Uteri,AJCC7,any,Tis,N0,M0,Any,Any,0,source_page=411; extract_method=stage_first; extra_factors/raw_extra=C53.1 Exocervix; duplicate_source_page=413,411,Cervix Uteri,Stage 0* Tis N0 M0 C53.1 Exocervix,stage_first,YES
Cervix Uteri,AJCC7,any,T1,N0,M0,Any,Any,I,source_page=411; extract_method=stage_first; extra_factors/raw_extra=C53.8 Overlapping lesion; duplicate_source_page=416,411,Cervix Uteri,Stage I T1 N0 M0 C53.8 Overlapping lesion,stage_first,YES
Cervix Uteri,AJCC7,any,T1a,N0,M0,Any,Any,IA,source_page=411; extract_method=stage_first; extra_factors/raw_extra=C53.9 Cervix uteri; duplicate_source_page=413,411,Cervix Uteri,Stage IA T1a N0 M0 C53.9 Cervix uteri,stage_first,YES
Cervix Uteri,AJCC7,any,T1b,N0,M0,Any,Any,IB,"source_page=411; extract_method=stage_first; extra_factors/raw_extra=8000-8576, 8940-8950,",411,Cervix Uteri,"Stage IB T1b N0 M0 8000-8576, 8940-8950,",stage_first,YES
Cervix Uteri,AJCC7,any,T2,N0,M0,Any,Any,II,source_page=411; extract_method=stage_first; duplicate_source_page=413; duplicate_source_page=416,411,Cervix Uteri,Stage II T2 N0 M0,stage_first,YES
Cervix Uteri,AJCC7,any,T2a,N0,M0,Any,Any,IIA,source_page=411; extract_method=stage_first,411,Cervix Uteri,Stage IIA T2a N0 M0,stage_first,check
Cervix Uteri,AJCC7,any,T2b,N0,M0,Any,Any,IIB,source_page=411; extract_method=stage_first; duplicate_source_page=413,411,Cervix Uteri,Stage IIB T2b N0 M0,stage_first,check
Cervix Uteri,AJCC7,any,T3,N0,M0,Any,Any,III,source_page=411; extract_method=stage_first,411,Cervix Uteri,Stage III T3 N0 M0,stage_first,check
Cervix Uteri,AJCC7,any,T3a,N0,M0,Any,Any,IIIA,source_page=411; extract_method=stage_first; duplicate_source_page=413,411,Cervix Uteri,Stage IIIA T3a N0 M0,stage_first,check
Cervix Uteri,AJCC7,any,T3b,Any,M0,Any,Any,IIIB,source_page=411; extract_method=stage_first,411,Cervix Uteri,Stage IIIB T3b Any N M0,stage_first,check
Cervix Uteri,AJCC7,any,T1|T2|T3,N1,M0,Any,Any,IIIB,source_page=411; extract_method=stage_carried,411,Cervix Uteri,T1-3 N1 M0,stage_carried,check
Cervix Uteri,AJCC7,any,T4,Any,M0,Any,Any,IVA,source_page=411; extract_method=stage_first,411,Cervix Uteri,Stage IVA T4 Any N M0,stage_first,check
Cervix Uteri,AJCC7,any,Any,Any,M1,Any,Any,IVB,source_page=411; extract_method=stage_first,411,Cervix Uteri,Stage IVB Any T Any N M1,stage_first,check
Cervix Uteri,AJCC7,any,T1|T2|T3,N1,M0,Any,Any,II,source_page=416; extract_method=stage_carried; extra_factors/raw_extra=T1-3 | N1 | M0,416,Cervix Uteri,T1-3 N1 M0 T1-3 N1 M0,stage_carried,YES
Corpus Uteri,AJCC7,any,Tis,N0,M0,Any,Any,0,source_page=419; extract_method=stage_first; extra_factors/raw_extra=CODES; duplicate_source_page=428,419,Corpus Uteri,Stage 0** Tis N0 M0 CODES,stage_first,YES
Corpus Uteri,AJCC7,any,T1,N0,M0,Any,Any,I,source_page=419; extract_method=stage_first; extra_factors/raw_extra=C54.1 Endometrium; duplicate_source_page=420; duplicate_source_page=422; duplicate_source_page=423; duplicate_source_page=428; duplicate_source_page=432,419,Corpus Uteri,Stage I T1 N0 M0 C54.1 Endometrium,stage_first,YES
Corpus Uteri,AJCC7,any,T1a,N0,M0,Any,Any,IA,source_page=419; extract_method=stage_first; extra_factors/raw_extra=C54.2 Myometrium; duplicate_source_page=420; duplicate_source_page=428; duplicate_source_page=432,419,Corpus Uteri,Stage IA T1a N0 M0 C54.2 Myometrium,stage_first,YES
Corpus Uteri,AJCC7,any,T1b,N0,M0,Any,Any,IB,source_page=419; extract_method=stage_first; extra_factors/raw_extra=C54.8 Overlapping lesion; duplicate_source_page=420; duplicate_source_page=422; duplicate_source_page=428; duplicate_source_page=432,419,Corpus Uteri,Stage IB T1b N0 M0 C54.8 Overlapping lesion,stage_first,YES
Corpus Uteri,AJCC7,any,T2,N0,M0,Any,Any,II,source_page=419; extract_method=stage_first; extra_factors/raw_extra=of corpus uteri; duplicate_source_page=420; duplicate_source_page=424; duplicate_source_page=428; duplicate_source_page=432,419,Corpus Uteri,Stage II T2 N0 M0 of corpus uteri,stage_first,YES
Corpus Uteri,AJCC7,any,T3,N0,M0,Any,Any,III,"source_page=419; extract_method=stage_first; extra_factors/raw_extra=C55.9 Uterus, NOS; duplicate_source_page=422; duplicate_source_page=428",419,Corpus Uteri,"Stage III T3 N0 M0 C55.9 Uterus, NOS",stage_first,YES
Corpus Uteri,AJCC7,any,T3a,N0,M0,Any,Any,IIIA,source_page=419; extract_method=stage_first; duplicate_source_page=420; duplicate_source_page=424; duplicate_source_page=428; duplicate_source_page=432,419,Corpus Uteri,Stage IIIA T3a N0 M0,stage_first,YES
Corpus Uteri,AJCC7,any,T3b,N0,M0,Any,Any,IIIB,source_page=419; extract_method=stage_first; duplicate_source_page=420; duplicate_source_page=422; duplicate_source_page=424; duplicate_source_page=428; duplicate_source_page=432,419,Corpus Uteri,Stage IIIB T3b N0 M0,stage_first,YES
Corpus Uteri,AJCC7,any,T4,Any,M0,Any,Any,IVA,source_page=419; extract_method=stage_first; duplicate_source_page=420; duplicate_source_page=424; duplicate_source_page=428; duplicate_source_page=432,419,Corpus Uteri,Stage IVA T4 Any N M0,stage_first,YES
Corpus Uteri,AJCC7,any,Any,Any,M1,Any,Any,IVB,source_page=419; extract_method=stage_first; duplicate_source_page=420; duplicate_source_page=422; duplicate_source_page=424; duplicate_source_page=428; duplicate_source_page=432,419,Corpus Uteri,Stage IVB Any T Any N M1,stage_first,YES
Corpus Uteri,AJCC7,any,T1c,N0,M0,Any,Any,IC,source_page=420; extract_method=stage_first; extra_factors/raw_extra=8933 (Adenosarcoma); duplicate_source_page=432,420,Corpus Uteri,Stage IC** T1c N0 M0 8933 (Adenosarcoma),stage_first,YES
Corpus Uteri,AJCC7,any,T1|T2|T3,N1,M0,Any,Any,IIIC,source_page=420; extract_method=stage_first; duplicate_source_page=424; duplicate_source_page=432,420,Corpus Uteri,"Stage IIIC T1, T2, T3 N1 M0",stage_first,YES
Ovary and Primary Peritoneal Carcinoma,AJCC7,any,T1,N0,M0,Any,Any,I,source_page=435; extract_method=stage_first; extra_factors/raw_extra=C56.9 Ovary; duplicate_source_page=442,435,Ovary and Primary Peritoneal Carcinoma,Stage I T1 N0 M0 C56.9 Ovary,stage_first,YES
Ovary and Primary Peritoneal Carcinoma,AJCC7,any,T1a,N0,M0,Any,Any,IA,source_page=435; extract_method=stage_first; extra_factors/raw_extra=C48.1 Specified parts; duplicate_source_page=442,435,Ovary and Primary Peritoneal Carcinoma,Stage IA T1a N0 M0 C48.1 Specified parts,stage_first,YES
Ovary and Primary Peritoneal Carcinoma,AJCC7,any,T1b,N0,M0,Any,Any,IB,source_page=435; extract_method=stage_first; extra_factors/raw_extra=(female only); duplicate_source_page=442,435,Ovary and Primary Peritoneal Carcinoma,Stage IB T1b N0 M0 (female only),stage_first,YES
Ovary and Primary Peritoneal Carcinoma,AJCC7,any,T1c,N0,M0,Any,Any,IC,source_page=435; extract_method=stage_first; extra_factors/raw_extra=C48.2 Peritoneum; duplicate_source_page=442,435,Ovary and Primary Peritoneal Carcinoma,Stage IC T1c N0 M0 C48.2 Peritoneum,stage_first,YES
Ovary and Primary Peritoneal Carcinoma,AJCC7,any,T2,N0,M0,Any,Any,II,source_page=435; extract_method=stage_first; extra_factors/raw_extra=C48.8 Overlapping lesion; duplicate_source_page=442,435,Ovary and Primary Peritoneal Carcinoma,Stage II T2 N0 M0 C48.8 Overlapping lesion,stage_first,YES
Ovary and Primary Peritoneal Carcinoma,AJCC7,any,T2a,N0,M0,Any,Any,IIA,source_page=435; extract_method=stage_first; extra_factors/raw_extra=of retroperitoneum; duplicate_source_page=442,435,Ovary and Primary Peritoneal Carcinoma,Stage IIA T2a N0 M0 of retroperitoneum,stage_first,YES
Ovary and Primary Peritoneal Carcinoma,AJCC7,any,T2b,N0,M0,Any,Any,IIB,source_page=435; extract_method=stage_first; extra_factors/raw_extra=(female only); duplicate_source_page=442,435,Ovary and Primary Peritoneal Carcinoma,Stage IIB T2b N0 M0 (female only),stage_first,YES
Ovary and Primary Peritoneal Carcinoma,AJCC7,any,T2c,N0,M0,Any,Any,IIC,source_page=435; extract_method=stage_first; duplicate_source_page=442,435,Ovary and Primary Peritoneal Carcinoma,Stage IIC T2c N0 M0,stage_first,YES
Ovary and Primary Peritoneal Carcinoma,AJCC7,any,T3,N0,M0,Any,Any,III,source_page=435; extract_method=stage_first; extra_factors/raw_extra=CODE RANGES; duplicate_source_page=442,435,Ovary and Primary Peritoneal Carcinoma,Stage III T3 N0 M0 CODE RANGES,stage_first,YES
Ovary and Primary Peritoneal Carcinoma,AJCC7,any,T3a,N0,M0,Any,Any,IIIA,"source_page=435; extract_method=stage_first; extra_factors/raw_extra=8000-8576, 8590-8671,; duplicate_source_page=442",435,Ovary and Primary Peritoneal Carcinoma,"Stage IIIA T3a N0 M0 8000-8576, 8590-8671,",stage_first,YES
Ovary and Primary Peritoneal Carcinoma,AJCC7,any,T3b,N0,M0,Any,Any,IIIB,"source_page=435; extract_method=stage_first; extra_factors/raw_extra=8000-8576, 8590-8671,; duplicate_source_page=442",435,Ovary and Primary Peritoneal Carcinoma,"Stage IIIB T3b N0 M0 8000-8576, 8590-8671,",stage_first,YES
Ovary and Primary Peritoneal Carcinoma,AJCC7,any,T3c,N0,M0,Any,Any,IIIC,"source_page=435; extract_method=stage_first; extra_factors/raw_extra=8930-8934, 8940-9110; duplicate_source_page=442",435,Ovary and Primary Peritoneal Carcinoma,"Stage IIIC T3c N0 M0 8930-8934, 8940-9110",stage_first,YES
Ovary and Primary Peritoneal Carcinoma,AJCC7,any,Any,N1,M0,Any,Any,IIIC,source_page=435; extract_method=stage_carried; extra_factors/raw_extra=(C48.1-C48.8 only); duplicate_source_page=442,435,Ovary and Primary Peritoneal Carcinoma,Any T N1 M0 (C48.1-C48.8 only),stage_carried,YES
Ovary and Primary Peritoneal Carcinoma,AJCC7,any,Any,Any,M1,Any,Any,IV,source_page=435; extract_method=stage_first; duplicate_source_page=442,435,Ovary and Primary Peritoneal Carcinoma,Stage IV Any T Any N M1,stage_first,YES
Fallopian Tube,AJCC7,any,Tis,N0,M0,Any,Any,0,source_page=445; extract_method=stage_first; extra_factors/raw_extra=C57.0 Fallopian tube; duplicate_source_page=447; duplicate_source_page=450,445,Fallopian Tube,Stage 0* Tis N0 M0 C57.0 Fallopian tube,stage_first,YES
Fallopian Tube,AJCC7,any,T1,N0,M0,Any,Any,I,source_page=445; extract_method=stage_first; duplicate_source_page=447; duplicate_source_page=450,445,Fallopian Tube,Stage I T1 N0 M0,stage_first,YES
Fallopian Tube,AJCC7,any,T1a,N0,M0,Any,Any,IA,source_page=445; extract_method=stage_first; extra_factors/raw_extra=CODE RANGES; duplicate_source_page=447; duplicate_source_page=450,445,Fallopian Tube,Stage IA T1a N0 M0 CODE RANGES,stage_first,YES
Fallopian Tube,AJCC7,any,T1b,N0,M0,Any,Any,IB,"source_page=445; extract_method=stage_first; extra_factors/raw_extra=8000-8576, 8940-8950,; duplicate_source_page=447; duplicate_source_page=450",445,Fallopian Tube,"Stage IB T1b N0 M0 8000-8576, 8940-8950,",stage_first,YES
Fallopian Tube,AJCC7,any,T1c,N0,M0,Any,Any,IC,source_page=445; extract_method=stage_first; duplicate_source_page=447; duplicate_source_page=450,445,Fallopian Tube,Stage IC T1c N0 M0,stage_first,YES
Fallopian Tube,AJCC7,any,T2,N0,M0,Any,Any,II,source_page=445; extract_method=stage_first; duplicate_source_page=447; duplicate_source_page=450,445,Fallopian Tube,Stage II T2 N0 M0,stage_first,YES
Fallopian Tube,AJCC7,any,T2a,N0,M0,Any,Any,IIA,source_page=445; extract_method=stage_first; duplicate_source_page=447; duplicate_source_page=450,445,Fallopian Tube,Stage IIA T2a N0 M0,stage_first,YES
Fallopian Tube,AJCC7,any,T2b,N0,M0,Any,Any,IIB,source_page=445; extract_method=stage_first; duplicate_source_page=447; duplicate_source_page=450,445,Fallopian Tube,Stage IIB T2b N0 M0,stage_first,YES
Fallopian Tube,AJCC7,any,T2c,N0,M0,Any,Any,IIC,source_page=445; extract_method=stage_first; duplicate_source_page=447; duplicate_source_page=450,445,Fallopian Tube,Stage IIC T2c N0 M0,stage_first,YES
Fallopian Tube,AJCC7,any,T3,N0,M0,Any,Any,III,source_page=445; extract_method=stage_first; duplicate_source_page=447; duplicate_source_page=450,445,Fallopian Tube,Stage III T3 N0 M0,stage_first,YES
Fallopian Tube,AJCC7,any,T3a,N0,M0,Any,Any,IIIA,source_page=445; extract_method=stage_first; duplicate_source_page=447; duplicate_source_page=450,445,Fallopian Tube,Stage IIIA T3a N0 M0,stage_first,YES
Fallopian Tube,AJCC7,any,T3b,N0,M0,Any,Any,IIIB,source_page=445; extract_method=stage_first; duplicate_source_page=447; duplicate_source_page=450,445,Fallopian Tube,Stage IIIB T3b N0 M0,stage_first,YES
Fallopian Tube,AJCC7,any,T3c,N0,M0,Any,Any,IIIC,source_page=445; extract_method=stage_first; duplicate_source_page=447; duplicate_source_page=450,445,Fallopian Tube,Stage IIIC T3c N0 M0,stage_first,YES
Fallopian Tube,AJCC7,any,Any,N1,M0,Any,Any,IIIC,source_page=445; extract_method=stage_carried; duplicate_source_page=450,445,Fallopian Tube,Any T N1 M0,stage_carried,YES
Fallopian Tube,AJCC7,any,Any,Any,M1,Any,Any,IV,source_page=445; extract_method=stage_first; duplicate_source_page=450,445,Fallopian Tube,Stage IV Any T Any N M1,stage_first,YES
Fallopian Tube,AJCC7,yp,Any,N1,M0,Any,Any,IIIC,source_page=447; extract_method=stage_carried; extra_factors/raw_extra=HISTOPATHOLOGIC TYPES,447,Fallopian Tube,Any T N1 M0 HISTOPATHOLOGIC TYPES,stage_carried,YES
Fallopian Tube,AJCC7,yp,Any,Any,M1,Any,Any,IV,source_page=447; extract_method=stage_first,447,Fallopian Tube,Stage IV Any T Any N M1,stage_first,check
Penis,AJCC7,any,Tis,N0,M0,Any,Any,0,source_page=463; extract_method=stage_first; extra_factors/raw_extra=C60.0 Prepuce; duplicate_source_page=470,463,Penis,Stage 0 Tis N0 M0 C60.0 Prepuce,stage_first,YES
Penis,AJCC7,any,Ta,N0,M0,Any,Any,0,source_page=463; extract_method=stage_carried; extra_factors/raw_extra=C60.1 Glans penis; duplicate_source_page=470,463,Penis,Ta N0 M0 C60.1 Glans penis,stage_carried,YES
Penis,AJCC7,any,T1a,N0,M0,Any,Any,I,source_page=463; extract_method=stage_first; extra_factors/raw_extra=C60.2 Body of penis; duplicate_source_page=470,463,Penis,Stage I T1a N0 M0 C60.2 Body of penis,stage_first,YES
Penis,AJCC7,any,T1b,N0,M0,Any,Any,II,source_page=463; extract_method=stage_first; extra_factors/raw_extra=of penis; duplicate_source_page=470,463,Penis,Stage II T1b N0 M0 of penis,stage_first,YES
Penis,AJCC7,any,T2,N0,M0,Any,Any,II,"source_page=463; extract_method=stage_carried; extra_factors/raw_extra=C60.9 Penis, NOS; duplicate_source_page=470",463,Penis,"T2 N0 M0 C60.9 Penis, NOS",stage_carried,YES
Penis,AJCC7,any,T3,N0,M0,Any,Any,II,source_page=463; extract_method=stage_carried; duplicate_source_page=470,463,Penis,T3 N0 M0,stage_carried,YES
Penis,AJCC7,any,T1|T2|T3,N1,M0,Any,Any,IIIA,source_page=463; extract_method=stage_first; extra_factors/raw_extra=ICD-O-3 HISTOLOGY; duplicate_source_page=470,463,Penis,Stage IIIA T1-3 N1 M0 ICD-O-3 HISTOLOGY,stage_first,YES
Penis,AJCC7,any,T1|T2|T3,N2,M0,Any,Any,IIIB,"source_page=463; extract_method=stage_first; extra_factors/raw_extra=8000-8246, 8248-8576,; duplicate_source_page=470",463,Penis,"Stage IIIB T1-3 N2 M0 8000-8246, 8248-8576,",stage_first,YES
Penis,AJCC7,any,T4,Any,M0,Any,Any,IV,"source_page=463; extract_method=stage_first; extra_factors/raw_extra=8940-8950, 8980-8981; duplicate_source_page=470",463,Penis,"Stage IV T4 Any N M0 8940-8950, 8980-8981",stage_first,YES
Penis,AJCC7,any,Any,N3,M0,Any,Any,IV,source_page=463; extract_method=stage_carried; duplicate_source_page=470,463,Penis,Any T N3 M0,stage_carried,YES
Penis,AJCC7,any,Any,Any,M1,Any,Any,IV,source_page=463; extract_method=stage_carried; duplicate_source_page=470,463,Penis,Any T Any N M1,stage_carried,YES
Penis,AJCC7,pathological,Tis,N0,M0,Any,Any,0,"source_page=466; extract_method=stage_first; extra_factors/raw_extra=Cubilla AL, Reuter VE, Gregoire L, et al. Basaloid squamous cell",466,Penis,"Stage 0 Tis N0 M0 Cubilla AL, Reuter VE, Gregoire L, et al. Basaloid squamous cell",stage_first,YES
Penis,AJCC7,pathological,Ta,N0,M0,Any,Any,0,source_page=466; extract_method=stage_carried; extra_factors/raw_extra=carcinoma: a distinctive human papilloma virus-related,466,Penis,Ta N0 M0 carcinoma: a distinctive human papilloma virus-related,stage_carried,YES
Penis,AJCC7,pathological,T1a,N0,M0,Any,Any,I,"source_page=466; extract_method=stage_first; extra_factors/raw_extra=Cubilla AL, Reuter V, Velasquez E, Piris A, Saito S, Young RH.",466,Penis,"Stage I T1a N0 M0 Cubilla AL, Reuter V, Velasquez E, Piris A, Saito S, Young RH.",stage_first,YES
Penis,AJCC7,pathological,T1b,N0,M0,Any,Any,II,source_page=466; extract_method=stage_first; extra_factors/raw_extra=to outcome in 61 patients with primary resection. Int J Surg,466,Penis,Stage II T1b N0 M0 to outcome in 61 patients with primary resection. Int J Surg,stage_first,YES
Penis,AJCC7,pathological,T2,N0,M0,Any,Any,II,source_page=466; extract_method=stage_carried; extra_factors/raw_extra=Pathol. 2001;9(2):111-20.,466,Penis,T2 N0 M0 Pathol. 2001;9(2):111-20.,stage_carried,YES
Penis,AJCC7,pathological,T3,N0,M0,Any,Any,II,"source_page=466; extract_method=stage_carried; extra_factors/raw_extra=Ficarra V, Zattoni F, Artibani W, et al. G.U.O.N.E. Penile Cancer",466,Penis,"T3 N0 M0 Ficarra V, Zattoni F, Artibani W, et al. G.U.O.N.E. Penile Cancer",stage_carried,YES
Penis,AJCC7,pathological,T1|T2|T3,N1,M0,Any,Any,IIIA,source_page=466; extract_method=stage_first; extra_factors/raw_extra=Project members: nomogram predictive of pathological,466,Penis,Stage IIIA T1-3 N1 M0 Project members: nomogram predictive of pathological,stage_first,YES
Penis,AJCC7,pathological,T1|T2|T3,N2,M0,Any,Any,IIIB,source_page=466; extract_method=stage_first; extra_factors/raw_extra=cell carcinoma of the penis. J Urol. 2006;175:1700-5.,466,Penis,Stage IIIB T1-3 N2 M0 cell carcinoma of the penis. J Urol. 2006;175:1700-5.,stage_first,YES
Penis,AJCC7,yp,T4,Any,M0,Any,Any,IV,source_page=466; extract_method=stage_first; extra_factors/raw_extra=inguinal lymphadenectomy and significance of histological,466,Penis,Stage IV T4 Any N M0 inguinal lymphadenectomy and significance of histological,stage_first,YES
Penis,AJCC7,yp,Any,N3,M0,Any,Any,IV,source_page=466; extract_method=stage_carried; extra_factors/raw_extra=differentiation in treatment of carcinoma of the penis. J Urol.,466,Penis,Any T N3 M0 differentiation in treatment of carcinoma of the penis. J Urol.,stage_carried,YES
Penis,AJCC7,yp,Any,Any,M1,Any,Any,IV,source_page=466; extract_method=stage_carried; extra_factors/raw_extra=1989;142:1478.,466,Penis,Any T Any N M1 1989;142:1478.,stage_carried,YES
Prostate,AJCC7,any,T1a|T1b|T1c,N0,M0,Any,Any,I,source_page=473; extract_method=stage_first; extra_factors/raw_extra=PSA < 10 | Gleason ≤ 6; duplicate_source_page=477; duplicate_source_page=482; duplicate_source_page=482,473,Prostate,I T1a - c N0 M0 PSA < 10 Gleason ≤ 6,stage_first,YES
Prostate,AJCC7,any,T2a,N0,M0,Any,Any,I,source_page=473; extract_method=stage_carried; extra_factors/raw_extra=PSA < 10 | Gleason ≤ 6 | ICD-O-3 HISTOLOGY; duplicate_source_page=477; duplicate_source_page=482; duplicate_source_page=482; duplicate_source_page=482,473,Prostate,T2a N0 M0 PSA < 10 Gleason ≤ 6 ICD-O-3 HISTOLOGY,stage_carried,YES
Prostate,AJCC7,any,T1|T2a,N0,M0,Any,Any,I,source_page=473; extract_method=stage_carried; extra_factors/raw_extra=PSA X | Gleason X | CODE RANGES; duplicate_source_page=477; duplicate_source_page=482,473,Prostate,T1 - 2a N0 M0 PSA X Gleason X CODE RANGES,stage_carried,YES
Prostate,AJCC7,any,T1a|T1b|T1c,N0,M0,Any,Any,IIA,"source_page=473; extract_method=stage_first; extra_factors/raw_extra=PSA < 20 | Gleason 7 | 8000-8110, 8140-8576,; duplicate_source_page=473; duplicate_source_page=477; duplicate_source_page=477",473,Prostate,"IIA T1a - c N0 M0 PSA < 20 Gleason 7 8000-8110, 8140-8576,",stage_first,YES
Prostate,AJCC7,any,T2a,N0,M0,Any,Any,IIA,source_page=473; extract_method=stage_carried; extra_factors/raw_extra=PSA ≥ 10 < 20 | Gleason ≤ 6; duplicate_source_page=473; duplicate_source_page=477,473,Prostate,T2a N0 M0 PSA ≥ 10 < 20 Gleason ≤ 6,stage_carried,YES
Prostate,AJCC7,any,T2b,N0,M0,Any,Any,IIA,source_page=473; extract_method=stage_carried; extra_factors/raw_extra=PSA < 20 | Gleason ≤ 7; duplicate_source_page=473,473,Prostate,T2b N0 M0 PSA < 20 Gleason ≤ 7,stage_carried,YES
Prostate,AJCC7,any,T2c,N0,M0,Any,Any,IIB,source_page=473; extract_method=stage_first; extra_factors/raw_extra=Any PSA | Any Gleason,473,Prostate,IIB T2c N0 M0 Any PSA Any Gleason,stage_first,YES
Prostate,AJCC7,any,T1|T2,N0,M0,Any,Any,IIB,source_page=473; extract_method=stage_carried; extra_factors/raw_extra=PSA ≥20 | Any Gleason; duplicate_source_page=473,473,Prostate,T1 - 2 N0 M0 PSA ≥20 Any Gleason,stage_carried,YES
Prostate,AJCC7,any,T3a|T3b,N0,M0,Any,Any,III,source_page=473; extract_method=stage_first; extra_factors/raw_extra=Any PSA | Any Gleason,473,Prostate,III T3a - b N0 M0 Any PSA Any Gleason,stage_first,YES
Prostate,AJCC7,any,T4,N0,M0,Any,Any,IV,source_page=473; extract_method=stage_first; extra_factors/raw_extra=Any PSA | Any Gleason; duplicate_source_page=482,473,Prostate,IV T4 N0 M0 Any PSA Any Gleason,stage_first,YES
Prostate,AJCC7,any,Any,N1,M0,Any,Any,IV,source_page=473; extract_method=stage_carried; extra_factors/raw_extra=Any PSA | Any Gleason; duplicate_source_page=482,473,Prostate,Any T N1 M0 Any PSA Any Gleason,stage_carried,YES
Prostate,AJCC7,any,Any,AnyM1,AnyPSA,Any,Any,IV,source_page=473; extract_method=stage_carried; extra_factors/raw_extra=Any Gleason,473,Prostate,Any T Any N M1 Any PSA Any Gleason,stage_carried,YES
Prostate,AJCC7,yp,T2c,N0,M0,Any,Any,IIB,source_page=478; extract_method=stage_first; extra_factors/raw_extra=Any PSA | Any Gleason | carcinoma of the prostate. Adjectives used to describe histo-,478,Prostate,IIB T2c N0 M0 Any PSA Any Gleason carcinoma of the prostate. Adjectives used to describe histo-,stage_first,YES
Prostate,AJCC7,yp,T1|T2,N0,M0,Any,Any,IIB,source_page=478; extract_method=stage_carried; extra_factors/raw_extra=PSA ≥ 20 | Any Gleason | logic variants of adenocarcinomas of prostate include muci-; duplicate_source_page=478,478,Prostate,T1 - 2 N0 M0 PSA ≥ 20 Any Gleason logic variants of adenocarcinomas of prostate include muci-,stage_carried,YES
Prostate,AJCC7,yp,T3a|T3b,N0,M0,Any,Any,III,source_page=478; extract_method=stage_first; extra_factors/raw_extra=Any PSA | Any Gleason | small cell carcinoma. Transitional cell (urothelial) carcinoma,478,Prostate,III T3a - b N0 M0 Any PSA Any Gleason small cell carcinoma. Transitional cell (urothelial) carcinoma,stage_first,YES
Prostate,AJCC7,yp,T4,N0,M0,Any,Any,IV,source_page=478; extract_method=stage_first; extra_factors/raw_extra=Any PSA | Any Gleason | There should be histologic confirmation of the disease.,478,Prostate,IV T4 N0 M0 Any PSA Any Gleason There should be histologic confirmation of the disease.,stage_first,YES
Prostate,AJCC7,yp,Any,N1,M0,Any,Any,IV,source_page=478; extract_method=stage_carried; extra_factors/raw_extra=Any PSA | Any Gleason,478,Prostate,Any T N1 M0 Any PSA Any Gleason,stage_carried,YES
Prostate,AJCC7,yp,Any,Any,M1,Any,Any,IV,source_page=478; extract_method=stage_carried; extra_factors/raw_extra=Any PSA | Any Gleason,478,Prostate,Any T Any N M1 Any PSA Any Gleason,stage_carried,YES
Prostate,AJCC7,any,T2b,N0,M0,Any,Any,I,source_page=482; extract_method=stage_carried; extra_factors/raw_extra=PSA < 20 | Gleason £ 7 | T2b | N0 | M0 | PSA < 20 | Gleason £ 7; duplicate_source_page=482,482,Prostate,T2b N0 M0 PSA < 20 Gleason £ 7 T2b N0 M0 PSA < 20 Gleason £ 7,stage_carried,YES
Prostate,AJCC7,any,T1|T2,N0,M0,Any,Any,I,source_page=482; extract_method=stage_carried; extra_factors/raw_extra=PSA ³ 20 | Any Gleason | T1-2 | N0 | M0 | PSA ³ 20 | Any Gleason; duplicate_source_page=482,482,Prostate,T1-2 N0 M0 PSA ³ 20 Any Gleason T1-2 N0 M0 PSA ³ 20 Any Gleason,stage_carried,YES
Prostate,AJCC7,any,Any,Any,M1,Any,Any,IV,source_page=482; extract_method=stage_carried; extra_factors/raw_extra=Any PSA | Any Gleason | Any T | Any N | M1 | Any PSA | Any Gleason,482,Prostate,Any T Any N M1 Any PSA Any Gleason Any T Any N M1 Any PSA Any Gleason,stage_carried,YES
Testis,AJCC7,any,Tis,N0,M0,Any,Any,0,source_page=485; extract_method=stage_first; extra_factors/raw_extra=S0; duplicate_source_page=488; duplicate_source_page=492,485,Testis,Stage 0 pTis N0 M0 S0,stage_first,YES
Testis,AJCC7,any,T1|T2|T3|T4,N0,M0,Any,Any,I,source_page=485; extract_method=stage_first; extra_factors/raw_extra=SX | CODE RANGES; duplicate_source_page=488; duplicate_source_page=492,485,Testis,Stage I pT1-4 N0 M0 SX CODE RANGES,stage_first,YES
Testis,AJCC7,any,T1,N0,M0,Any,Any,IA,"source_page=485; extract_method=stage_first; extra_factors/raw_extra=S0 | 8000-8576, 8590-8670,; duplicate_source_page=488; duplicate_source_page=492",485,Testis,"Stage IA pT1 N0 M0 S0 8000-8576, 8590-8670,",stage_first,YES
Testis,AJCC7,any,T2,N0,M0,Any,Any,IB,"source_page=485; extract_method=stage_first; extra_factors/raw_extra=S0 | 9060-9090, 9100-9105; duplicate_source_page=488; duplicate_source_page=492",485,Testis,"Stage IB pT2 N0 M0 S0 9060-9090, 9100-9105",stage_first,YES
Testis,AJCC7,any,T3,N0,M0,Any,Any,IB,source_page=485; extract_method=stage_carried; extra_factors/raw_extra=S0; duplicate_source_page=488; duplicate_source_page=492,485,Testis,pT3 N0 M0 S0,stage_carried,YES
Testis,AJCC7,any,T4,N0,M0,Any,Any,IB,source_page=485; extract_method=stage_carried; extra_factors/raw_extra=S0; duplicate_source_page=488; duplicate_source_page=492,485,Testis,pT4 N0 M0 S0,stage_carried,YES
Testis,AJCC7,any,AnypT|Tx,N1|N2|N3,M0,Any,Any,II,source_page=485; extract_method=stage_first; extra_factors/raw_extra=SX; duplicate_source_page=488; duplicate_source_page=492,485,Testis,Stage II Any pT/Tx N1-3 M0 SX,stage_first,YES
Testis,AJCC7,any,AnypT|Tx,N1,M0,Any,Any,IIA,source_page=485; extract_method=stage_first; extra_factors/raw_extra=S0; duplicate_source_page=485; duplicate_source_page=492; duplicate_source_page=492,485,Testis,Stage IIA Any pT/Tx N1 M0 S0,stage_first,YES
Testis,AJCC7,any,AnypT|Tx,N2,M0,Any,Any,IIB,source_page=485; extract_method=stage_first; extra_factors/raw_extra=S0; duplicate_source_page=485; duplicate_source_page=492; duplicate_source_page=492,485,Testis,Stage IIB Any pT/Tx N2 M0 S0,stage_first,YES
Testis,AJCC7,any,AnypT|Tx,N3,M0,Any,Any,IIC,source_page=485; extract_method=stage_first; extra_factors/raw_extra=S0; duplicate_source_page=485; duplicate_source_page=492; duplicate_source_page=492,485,Testis,Stage IIC Any pT/Tx N3 M0 S0,stage_first,YES
Testis,AJCC7,any,AnypT|Tx,Any,M1,Any,Any,III,source_page=485; extract_method=stage_first; extra_factors/raw_extra=SX; duplicate_source_page=492,485,Testis,Stage III Any pT/Tx Any N M1 SX,stage_first,YES
Testis,AJCC7,any,AnypT|Tx,Any,M1a,Any,Any,IIIA,source_page=485; extract_method=stage_first; extra_factors/raw_extra=S0; duplicate_source_page=485; duplicate_source_page=492; duplicate_source_page=492,485,Testis,Stage IIIA Any pT/Tx Any N M1a S0,stage_first,YES
Testis,AJCC7,any,AnypT|Tx,N1|N2|N3,M0,Any,Any,IIIB,source_page=485; extract_method=stage_first; extra_factors/raw_extra=S2; duplicate_source_page=492,485,Testis,Stage IIIB Any pT/Tx N1-3 M0 S2,stage_first,YES
Testis,AJCC7,any,AnypT|Tx,Any,M1a,Any,Any,IIIB,source_page=485; extract_method=stage_carried; extra_factors/raw_extra=S2; duplicate_source_page=492,485,Testis,Any pT/Tx Any N M1a S2,stage_carried,YES
Testis,AJCC7,any,AnypT|Tx,N1|N2|N3,M0,Any,Any,IIIC,source_page=485; extract_method=stage_first; extra_factors/raw_extra=S3; duplicate_source_page=492,485,Testis,Stage IIIC Any pT/Tx N1-3 M0 S3,stage_first,YES
Testis,AJCC7,any,AnypT|Tx,Any,M1a,Any,Any,IIIC,source_page=485; extract_method=stage_carried; extra_factors/raw_extra=S3; duplicate_source_page=492,485,Testis,Any pT/Tx Any N M1a S3,stage_carried,YES
Testis,AJCC7,any,AnypT|Tx,Any,M1b,Any,Any,IIIC,source_page=485; extract_method=stage_carried; extra_factors/raw_extra=Any S; duplicate_source_page=492,485,Testis,Any pT/Tx Any N M1b Any S,stage_carried,YES
Kidney,AJCC7,any,T1,N0,M0,Any,Any,I,"source_page=495; extract_method=stage_first; extra_factors/raw_extra=C64.9 Kidney, NOS; duplicate_source_page=503",495,Kidney,"Stage I T1 N0 M0 C64.9 Kidney, NOS",stage_first,YES
Kidney,AJCC7,any,T2,N0,M0,Any,Any,II,source_page=495; extract_method=stage_first; duplicate_source_page=503,495,Kidney,Stage II T2 N0 M0,stage_first,YES
Kidney,AJCC7,any,T1|T2,N1,M0,Any,Any,III,source_page=495; extract_method=stage_first; extra_factors/raw_extra=CODE RANGES; duplicate_source_page=503,495,Kidney,Stage III T1 or T2 N1 M0 CODE RANGES,stage_first,YES
Kidney,AJCC7,any,T3,N0|N1,M0,Any,Any,III,"source_page=495; extract_method=stage_carried; extra_factors/raw_extra=8000-8576, 8940-8950,; duplicate_source_page=503",495,Kidney,"T3 N0 or N1 M0 8000-8576, 8940-8950,",stage_carried,YES
Kidney,AJCC7,any,T4,Any,M0,Any,Any,IV,source_page=495; extract_method=stage_first; extra_factors/raw_extra=8980-8981; duplicate_source_page=503,495,Kidney,Stage IV T4 Any N M0 8980-8981,stage_first,YES
Kidney,AJCC7,any,Any,Any,M1,Any,Any,IV,source_page=495; extract_method=stage_carried; duplicate_source_page=503,495,Kidney,Any T Any N M1,stage_carried,YES
Kidney,AJCC7,yp,T1,N0,M0,Any,Any,I,"source_page=501; extract_method=stage_first; extra_factors/raw_extra=Campbell-Walsh urology. 9th ed. Philadelphia, PA: Elsevier;",501,Kidney,"Stage I T1 N0 M0 Campbell-Walsh urology. 9th ed. Philadelphia, PA: Elsevier;",stage_first,YES
Kidney,AJCC7,yp,T2,N0,M0,Any,Any,II,"source_page=501; extract_method=stage_first; extra_factors/raw_extra=2006. Chapter 46, p. 1567-637.",501,Kidney,"Stage II T2 N0 M0 2006. Chapter 46, p. 1567-637.",stage_first,YES
Kidney,AJCC7,yp,T1|T2,N1,M0,Any,Any,III,source_page=501; extract_method=stage_first; extra_factors/raw_extra=accuracy of four prognostic models for nonmetastatic renal,501,Kidney,Stage III T1 or T2 N1 M0 accuracy of four prognostic models for nonmetastatic renal,stage_first,YES
Kidney,AJCC7,yp,T3,N0|N1,M0,Any,Any,III,source_page=501; extract_method=stage_carried; extra_factors/raw_extra=cell carcinoma after nephrectomy. Cancer. 2005;104:1362.,501,Kidney,T3 N0 or N1 M0 cell carcinoma after nephrectomy. Cancer. 2005;104:1362.,stage_carried,YES
Kidney,AJCC7,yp,Any,Any,M1,Any,Any,III,source_page=501; extract_method=stage_carried; extra_factors/raw_extra=with outcome in patients with renal cell carcinoma. J Urol.,501,Kidney,Any T Any N M1 with outcome in patients with renal cell carcinoma. J Urol.,stage_carried,YES
Renal Pelvis and Ureter,AJCC7,any,Ta,N0,M0,Any,Any,0a,source_page=507; extract_method=stage_first; extra_factors/raw_extra=C65.9 Renal pelvis; duplicate_source_page=511,507,Renal Pelvis and Ureter,Stage 0a Ta N0 M0 C65.9 Renal pelvis,stage_first,YES
Renal Pelvis and Ureter,AJCC7,any,Tis,N0,M0,Any,Any,0is,source_page=507; extract_method=stage_first; extra_factors/raw_extra=C66.9 Ureter; duplicate_source_page=511,507,Renal Pelvis and Ureter,Stage 0is Tis N0 M0 C66.9 Ureter,stage_first,YES
Renal Pelvis and Ureter,AJCC7,any,T1,N0,M0,Any,Any,I,source_page=507; extract_method=stage_first; extra_factors/raw_extra=ICD-O-3 HISTOLOGY; duplicate_source_page=511,507,Renal Pelvis and Ureter,Stage I T1 N0 M0 ICD-O-3 HISTOLOGY,stage_first,YES
Renal Pelvis and Ureter,AJCC7,any,T2,N0,M0,Any,Any,II,source_page=507; extract_method=stage_first; extra_factors/raw_extra=CODE RANGES; duplicate_source_page=511,507,Renal Pelvis and Ureter,Stage II T2 N0 M0 CODE RANGES,stage_first,YES
Renal Pelvis and Ureter,AJCC7,any,T3,N0,M0,Any,Any,III,source_page=507; extract_method=stage_first; extra_factors/raw_extra=8980-8981; duplicate_source_page=511,507,Renal Pelvis and Ureter,Stage III T3 N0 M0 8980-8981,stage_first,YES
Renal Pelvis and Ureter,AJCC7,any,T4,N0,M0,Any,Any,IV,source_page=507; extract_method=stage_first; duplicate_source_page=511,507,Renal Pelvis and Ureter,Stage IV T4 N0 M0,stage_first,YES
Renal Pelvis and Ureter,AJCC7,any,Any,N1,M0,Any,Any,IV,source_page=507; extract_method=stage_carried; duplicate_source_page=511,507,Renal Pelvis and Ureter,Any T N1 M0,stage_carried,YES
Renal Pelvis and Ureter,AJCC7,any,Any,N2,M0,Any,Any,IV,source_page=507; extract_method=stage_carried; duplicate_source_page=511,507,Renal Pelvis and Ureter,Any T N2 M0,stage_carried,YES
Renal Pelvis and Ureter,AJCC7,any,Any,N3,M0,Any,Any,IV,source_page=507; extract_method=stage_carried; duplicate_source_page=511,507,Renal Pelvis and Ureter,Any T N3 M0,stage_carried,YES
Renal Pelvis and Ureter,AJCC7,any,Any,Any,M1,Any,Any,IV,source_page=507; extract_method=stage_carried; duplicate_source_page=511,507,Renal Pelvis and Ureter,Any T Any N M1,stage_carried,YES
Renal Pelvis and Ureter,AJCC7,yp,Ta,N0,M0,Any,Any,0a,source_page=509; extract_method=stage_first; extra_factors/raw_extra=Adenocarcinoma,509,Renal Pelvis and Ureter,Stage 0a Ta N0 M0 Adenocarcinoma,stage_first,YES
Renal Pelvis and Ureter,AJCC7,yp,Tis,N0,M0,Any,Any,0is,source_page=509; extract_method=stage_first,509,Renal Pelvis and Ureter,Stage 0is Tis N0 M0,stage_first,check
Renal Pelvis and Ureter,AJCC7,yp,T1,N0,M0,Any,Any,I,source_page=509; extract_method=stage_first; extra_factors/raw_extra=The predominant cancer is urothelial (transitional cell) carci-,509,Renal Pelvis and Ureter,Stage I T1 N0 M0 The predominant cancer is urothelial (transitional cell) carci-,stage_first,YES
Renal Pelvis and Ureter,AJCC7,yp,T2,N0,M0,Any,Any,II,source_page=509; extract_method=stage_first; extra_factors/raw_extra=subtypes.,509,Renal Pelvis and Ureter,Stage II T2 N0 M0 subtypes.,stage_first,YES
Renal Pelvis and Ureter,AJCC7,yp,T3,N0,M0,Any,Any,III,source_page=509; extract_method=stage_first,509,Renal Pelvis and Ureter,Stage III T3 N0 M0,stage_first,check
Renal Pelvis and Ureter,AJCC7,yp,T4,N0,M0,Any,Any,IV,source_page=509; extract_method=stage_first; extra_factors/raw_extra=OUTCOMES RESULTS,509,Renal Pelvis and Ureter,Stage IV T4 N0 M0 OUTCOMES RESULTS,stage_first,YES
Renal Pelvis and Ureter,AJCC7,yp,Any,N1,M0,Any,Any,IV,source_page=509; extract_method=stage_carried,509,Renal Pelvis and Ureter,Any T N1 M0,stage_carried,check
Renal Pelvis and Ureter,AJCC7,yp,Any,N2,M0,Any,Any,IV,"source_page=509; extract_method=stage_carried; extra_factors/raw_extra=Observed survival rates for 6,174 patients with renal pelvis",509,Renal Pelvis and Ureter,"Any T N2 M0 Observed survival rates for 6,174 patients with renal pelvis",stage_carried,YES
Renal Pelvis and Ureter,AJCC7,yp,Any,N3,M0,Any,Any,IV,source_page=509; extract_method=stage_carried; extra_factors/raw_extra=and ureter cancer classified by the current AJCC staging clas-,509,Renal Pelvis and Ureter,Any T N3 M0 and ureter cancer classified by the current AJCC staging clas-,stage_carried,YES
Renal Pelvis and Ureter,AJCC7,yp,Any,Any,M1,Any,Any,IV,source_page=509; extract_method=stage_carried; extra_factors/raw_extra=sification from 2000 to 2002 are shown in Figure 44.3.,509,Renal Pelvis and Ureter,Any T Any N M1 sification from 2000 to 2002 are shown in Figure 44.3.,stage_carried,YES
Urinary Bladder,AJCC7,any,Ta,N0,M0,Any,Any,0a,source_page=513; extract_method=stage_first; extra_factors/raw_extra=C67.0 Trigone of bladder,513,Urinary Bladder,Stage 0a Ta N0 M0 C67.0 Trigone of bladder,stage_first,YES
Urinary Bladder,AJCC7,any,Tis,N0,M0,Any,Any,0is,source_page=513; extract_method=stage_first; extra_factors/raw_extra=C67.1 Dome of bladder,513,Urinary Bladder,Stage 0is Tis N0 M0 C67.1 Dome of bladder,stage_first,YES
Urinary Bladder,AJCC7,any,T1,N0,M0,Any,Any,I,source_page=513; extract_method=stage_first; extra_factors/raw_extra=of bladder,513,Urinary Bladder,Stage I T1 N0 M0 of bladder,stage_first,YES
Urinary Bladder,AJCC7,any,T2a,N0,M0,Any,Any,II,source_page=513; extract_method=stage_first; extra_factors/raw_extra=C67.3 Anterior wall,513,Urinary Bladder,Stage II T2a N0 M0 C67.3 Anterior wall,stage_first,YES
Urinary Bladder,AJCC7,any,T2b,N0,M0,Any,Any,II,source_page=513; extract_method=stage_carried; extra_factors/raw_extra=of bladder,513,Urinary Bladder,T2b N0 M0 of bladder,stage_carried,YES
Urinary Bladder,AJCC7,any,T3a,N0,M0,Any,Any,III,source_page=513; extract_method=stage_first; extra_factors/raw_extra=of bladder,513,Urinary Bladder,Stage III T3a N0 M0 of bladder,stage_first,YES
Urinary Bladder,AJCC7,any,T3b,N0,M0,Any,Any,III,source_page=513; extract_method=stage_carried; extra_factors/raw_extra=C67.5 Bladder neck,513,Urinary Bladder,T3b N0 M0 C67.5 Bladder neck,stage_carried,YES
Urinary Bladder,AJCC7,any,T4a,N0,M0,Any,Any,III,source_page=513; extract_method=stage_carried; extra_factors/raw_extra=C67.6 Ureteric orifice,513,Urinary Bladder,T4a N0 M0 C67.6 Ureteric orifice,stage_carried,YES
Urinary Bladder,AJCC7,any,T4b,N0,M0,Any,Any,IV,source_page=513; extract_method=stage_first; extra_factors/raw_extra=C67.7 Urachus,513,Urinary Bladder,Stage IV T4b N0 M0 C67.7 Urachus,stage_first,YES
Urinary Bladder,AJCC7,any,Any,N1|N2|N3,M0,Any,Any,IV,source_page=513; extract_method=stage_carried; extra_factors/raw_extra=C67.8 Overlapping,513,Urinary Bladder,Any T N1-3 M0 C67.8 Overlapping,stage_carried,YES
Urinary Bladder,AJCC7,any,Any,Any,M1,Any,Any,IV,source_page=513; extract_method=stage_carried; extra_factors/raw_extra=lesion of bladder,513,Urinary Bladder,Any T Any N M1 lesion of bladder,stage_carried,YES
Urinary Bladder,AJCC7,yp,Tis,N0,M0,Any,Any,0is,source_page=516; extract_method=stage_first; duplicate_source_page=519,516,Urinary Bladder,Stage 0is Tis N0 M0,stage_first,YES
Urinary Bladder,AJCC7,yp,T2a,N0,M0,Any,Any,II,source_page=516; extract_method=stage_first; duplicate_source_page=519,516,Urinary Bladder,Stage II T2a N0 M0,stage_first,YES
Urinary Bladder,AJCC7,yp,T2b,N0,M0,Any,Any,II,source_page=516; extract_method=stage_carried; duplicate_source_page=519,516,Urinary Bladder,T2b N0 M0,stage_carried,YES
Urinary Bladder,AJCC7,yp,T4b,N0,M0,Any,Any,IV,source_page=516; extract_method=stage_first; duplicate_source_page=519,516,Urinary Bladder,Stage IV T4b N0 M0,stage_first,YES
Urinary Bladder,AJCC7,yp,Any,N1|N2|N3,M0,Any,Any,IV,source_page=516; extract_method=stage_carried; duplicate_source_page=519,516,Urinary Bladder,Any T N1-3 M0,stage_carried,YES
Urinary Bladder,AJCC7,yp,Ta,N0,M0,Any,Any,0a,source_page=519; extract_method=stage_first; extra_factors/raw_extra=0a | Ta | N0 | M0,519,Urinary Bladder,0a Ta N0 M0 0a Ta N0 M0,stage_first,YES
Urinary Bladder,AJCC7,yp,T1,N0,M0,Any,Any,I,source_page=519; extract_method=stage_first; extra_factors/raw_extra=I | T1 | N0 | M0,519,Urinary Bladder,I T1 N0 M0 I T1 N0 M0,stage_first,YES
Urinary Bladder,AJCC7,yp,T3a,N0,M0,Any,Any,III,source_page=519; extract_method=stage_first; extra_factors/raw_extra=III | T3a | N0 | M0,519,Urinary Bladder,III T3a N0 M0 III T3a N0 M0,stage_first,YES
Urinary Bladder,AJCC7,yp,T3b,N0,M0,Any,Any,III,source_page=519; extract_method=stage_carried; extra_factors/raw_extra=T3b | N0 | M0,519,Urinary Bladder,T3b N0 M0 T3b N0 M0,stage_carried,YES
Urinary Bladder,AJCC7,yp,T4a,N0,M0,Any,Any,III,source_page=519; extract_method=stage_carried; extra_factors/raw_extra=T4a | N0 | M0,519,Urinary Bladder,T4a N0 M0 T4a N0 M0,stage_carried,YES
Urinary Bladder,AJCC7,yp,Any,Any,M1,Any,Any,IV,source_page=519; extract_method=stage_carried; extra_factors/raw_extra=Any T | Any N | M1,519,Urinary Bladder,Any T Any N M1 Any T Any N M1,stage_carried,YES
Urethra,AJCC7,any,Ta,N0,M0,Any,Any,0a,source_page=523; extract_method=stage_first; extra_factors/raw_extra=C68.0 Urethra; duplicate_source_page=525; duplicate_source_page=528,523,Urethra,Stage 0a Ta N0 M0 C68.0 Urethra,stage_first,YES
Urethra,AJCC7,any,Tis,N0,M0,Any,Any,0is,source_page=523; extract_method=stage_first; duplicate_source_page=525; duplicate_source_page=528,523,Urethra,Stage 0is Tis N0 M0,stage_first,YES
Urethra,AJCC7,any,Tispu,N0,M0,Any,Any,0is,source_page=523; extract_method=stage_carried; extra_factors/raw_extra=ICD-O-3 HISTOLOGY; duplicate_source_page=525; duplicate_source_page=528,523,Urethra,Tis pu N0 M0 ICD-O-3 HISTOLOGY,stage_carried,YES
Urethra,AJCC7,any,Tispd,N0,M0,Any,Any,0is,source_page=523; extract_method=stage_carried; extra_factors/raw_extra=CODE RANGES; duplicate_source_page=525; duplicate_source_page=528,523,Urethra,Tis pd N0 M0 CODE RANGES,stage_carried,YES
Urethra,AJCC7,any,T1,N0,M0,Any,Any,I,source_page=523; extract_method=stage_first; extra_factors/raw_extra=8980-8981; duplicate_source_page=525; duplicate_source_page=528,523,Urethra,Stage I T1 N0 M0 8980-8981,stage_first,YES
Urethra,AJCC7,any,T2,N0,M0,Any,Any,II,source_page=523; extract_method=stage_first; duplicate_source_page=525; duplicate_source_page=528,523,Urethra,Stage II T2 N0 M0,stage_first,YES
Urethra,AJCC7,any,T1,N1,M0,Any,Any,III,source_page=523; extract_method=stage_first; duplicate_source_page=525; duplicate_source_page=528,523,Urethra,Stage III T1 N1 M0,stage_first,YES
Urethra,AJCC7,any,T2,N1,M0,Any,Any,III,source_page=523; extract_method=stage_carried; duplicate_source_page=525; duplicate_source_page=528,523,Urethra,T2 N1 M0,stage_carried,YES
Urethra,AJCC7,any,T3,N0,M0,Any,Any,III,source_page=523; extract_method=stage_carried; duplicate_source_page=525; duplicate_source_page=528,523,Urethra,T3 N0 M0,stage_carried,YES
Urethra,AJCC7,any,T3,N1,M0,Any,Any,III,source_page=523; extract_method=stage_carried; extra_factors/raw_extra=46; duplicate_source_page=525; duplicate_source_page=528,523,Urethra,T3 N1 M0 46,stage_carried,YES
Urethra,AJCC7,any,T4,N0,M0,Any,Any,IV,source_page=523; extract_method=stage_first; duplicate_source_page=525; duplicate_source_page=528,523,Urethra,Stage IV T4 N0 M0,stage_first,YES
Urethra,AJCC7,any,T4,N1,M0,Any,Any,IV,source_page=523; extract_method=stage_carried; duplicate_source_page=525; duplicate_source_page=528,523,Urethra,T4 N1 M0,stage_carried,YES
Urethra,AJCC7,any,Any,N2,M0,Any,Any,IV,source_page=523; extract_method=stage_carried; duplicate_source_page=525; duplicate_source_page=528,523,Urethra,Any T N2 M0,stage_carried,YES
Urethra,AJCC7,any,Any,Any,M1,Any,Any,IV,source_page=523; extract_method=stage_carried; duplicate_source_page=528,523,Urethra,Any T Any N M1,stage_carried,YES
Urethra,AJCC7,yp,Any,Any,M1,Any,Any,IV,source_page=525; extract_method=stage_carried; extra_factors/raw_extra=HISTOPATHOLOGIC TYPE,525,Urethra,Any T Any N M1 HISTOPATHOLOGIC TYPE,stage_carried,YES
Adrenal,AJCC7,any,T1,N0,M0,Any,Any,I,source_page=531; extract_method=stage_first; extra_factors/raw_extra=C74.0 Cortex of adrenal; duplicate_source_page=533; duplicate_source_page=535,531,Adrenal,Stage I T1 N0 M0 C74.0 Cortex of adrenal,stage_first,YES
Adrenal,AJCC7,any,T2,N0,M0,Any,Any,II,source_page=531; extract_method=stage_first; extra_factors/raw_extra=gland; duplicate_source_page=533; duplicate_source_page=535,531,Adrenal,Stage II T2 N0 M0 gland,stage_first,YES
Adrenal,AJCC7,any,T1,N1,M0,Any,Any,III,source_page=531; extract_method=stage_first; duplicate_source_page=533; duplicate_source_page=535,531,Adrenal,Stage III T1 N1 M0,stage_first,YES
Adrenal,AJCC7,any,T2,N1,M0,Any,Any,III,source_page=531; extract_method=stage_carried; extra_factors/raw_extra=ICD-O-3 HISTOLOGY; duplicate_source_page=533; duplicate_source_page=535,531,Adrenal,T2 N1 M0 ICD-O-3 HISTOLOGY,stage_carried,YES
Adrenal,AJCC7,any,T3,N0,M0,Any,Any,III,source_page=531; extract_method=stage_carried; extra_factors/raw_extra=CODE; duplicate_source_page=533; duplicate_source_page=535,531,Adrenal,T3 N0 M0 CODE,stage_carried,YES
Adrenal,AJCC7,any,T3,N1,M0,Any,Any,IV,"source_page=531; extract_method=stage_first; extra_factors/raw_extra=8010 (C74.0 only),; duplicate_source_page=533; duplicate_source_page=535",531,Adrenal,"Stage IV T3 N1 M0 8010 (C74.0 only),",stage_first,YES
Adrenal,AJCC7,any,T4,N0,M0,Any,Any,IV,"source_page=531; extract_method=stage_carried; extra_factors/raw_extra=8140 (C74.0 only), 8370; duplicate_source_page=533; duplicate_source_page=535",531,Adrenal,"T4 N0 M0 8140 (C74.0 only), 8370",stage_carried,YES
Adrenal,AJCC7,any,T4,N1,M0,Any,Any,IV,source_page=531; extract_method=stage_carried; duplicate_source_page=533; duplicate_source_page=535,531,Adrenal,T4 N1 M0,stage_carried,YES
Adrenal,AJCC7,any,Any,Any,M1,Any,Any,IV,source_page=531; extract_method=stage_carried; duplicate_source_page=533; duplicate_source_page=535,531,Adrenal,Any T Any N M1,stage_carried,YES
Carcinoma of the Eyelid,AJCC7,any,Tis,N0,M0,Any,Any,0,source_page=539; extract_method=stage_first; extra_factors/raw_extra=C:44.1 Eyelid; duplicate_source_page=541; duplicate_source_page=543,539,Carcinoma of the Eyelid,Stage 0 Tis N0 M0 C:44.1 Eyelid,stage_first,YES
Carcinoma of the Eyelid,AJCC7,any,T1,N0,M0,Any,Any,IA,source_page=539; extract_method=stage_first; duplicate_source_page=541; duplicate_source_page=543,539,Carcinoma of the Eyelid,Stage IA T1 N0 M0,stage_first,YES
Carcinoma of the Eyelid,AJCC7,any,T2a,N0,M0,Any,Any,IB,source_page=539; extract_method=stage_first; extra_factors/raw_extra=CODE RANGES; duplicate_source_page=541; duplicate_source_page=543,539,Carcinoma of the Eyelid,Stage IB T2a N0 M0 CODE RANGES,stage_first,YES
Carcinoma of the Eyelid,AJCC7,any,T2b,N0,M0,Any,Any,IC,"source_page=539; extract_method=stage_first; extra_factors/raw_extra=8000-8576, 8940-8950,; duplicate_source_page=541; duplicate_source_page=543",539,Carcinoma of the Eyelid,"Stage IC T2b N0 M0 8000-8576, 8940-8950,",stage_first,YES
Carcinoma of the Eyelid,AJCC7,any,T3a,N0,M0,Any,Any,II,source_page=539; extract_method=stage_first; duplicate_source_page=541; duplicate_source_page=543,539,Carcinoma of the Eyelid,Stage II T3a N0 M0,stage_first,YES
Carcinoma of the Eyelid,AJCC7,any,T3b,N0,M0,Any,Any,IIIA,source_page=539; extract_method=stage_first; duplicate_source_page=541,539,Carcinoma of the Eyelid,Stage IIIA T3b N0 M0,stage_first,YES
Carcinoma of the Eyelid,AJCC7,any,Any,N1,M0,Any,Any,IIIB,source_page=539; extract_method=stage_first; duplicate_source_page=541,539,Carcinoma of the Eyelid,Stage IIIB Any T N1 M0,stage_first,check
Carcinoma of the Eyelid,AJCC7,any,T4,Any,M0,Any,Any,IIIC,source_page=539; extract_method=stage_first,539,Carcinoma of the Eyelid,Stage IIIC T4 Any N M0,stage_first,check
Carcinoma of the Eyelid,AJCC7,any,Any,Any,M1,Any,Any,IV,source_page=539; extract_method=stage_first; extra_factors/raw_extra=48; duplicate_source_page=543,539,Carcinoma of the Eyelid,Stage IV Any T Any N M1 48,stage_first,YES
Carcinoma of the Eyelid,AJCC7,yp,T4,Any,M0,Any,Any,IIIC,source_page=541; extract_method=stage_first; extra_factors/raw_extra=HISTOPATHOLOGIC TYPE,541,Carcinoma of the Eyelid,Stage IIIC T4 Any N M0 HISTOPATHOLOGIC TYPE,stage_first,YES
Carcinoma of the Eyelid,AJCC7,yp,Any,Any,M1,Any,Any,IV,source_page=541; extract_method=stage_first,541,Carcinoma of the Eyelid,Stage IV Any T Any N M1,stage_first,check
Malignant Melanoma of the Uvea,AJCC7,any,T1a,N0,M0,Any,Any,I,source_page=563; extract_method=stage_first; extra_factors/raw_extra=C69.3 Choroid; duplicate_source_page=573,563,Malignant Melanoma of the Uvea,Stage I T1a N0 M0 C69.3 Choroid,stage_first,YES
Malignant Melanoma of the Uvea,AJCC7,any,T1b-d,N0,M0,Any,Any,IIA,source_page=563; extract_method=stage_first; extra_factors/raw_extra=C69.4 Ciliary body and; duplicate_source_page=573,563,Malignant Melanoma of the Uvea,Stage IIA T1b-d N0 M0 C69.4 Ciliary body and,stage_first,YES
Malignant Melanoma of the Uvea,AJCC7,any,T2a,N0,M0,Any,Any,IIA,source_page=563; extract_method=stage_carried; extra_factors/raw_extra=iris; duplicate_source_page=573,563,Malignant Melanoma of the Uvea,T2a N0 M0 iris,stage_carried,YES
Malignant Melanoma of the Uvea,AJCC7,any,T2b,N0,M0,Any,Any,IIB,source_page=563; extract_method=stage_first; extra_factors/raw_extra=ICD-O-3 HISTOLOGY; duplicate_source_page=573,563,Malignant Melanoma of the Uvea,Stage IIB T2b N0 M0 ICD-O-3 HISTOLOGY,stage_first,YES
Malignant Melanoma of the Uvea,AJCC7,any,T3a,N0,M0,Any,Any,IIB,source_page=563; extract_method=stage_carried; extra_factors/raw_extra=CODE RANGES; duplicate_source_page=573,563,Malignant Melanoma of the Uvea,T3a N0 M0 CODE RANGES,stage_carried,YES
Malignant Melanoma of the Uvea,AJCC7,any,T2c-d,N0,M0,Any,Any,IIIA,source_page=563; extract_method=stage_first; extra_factors/raw_extra=8720-8790; duplicate_source_page=573,563,Malignant Melanoma of the Uvea,Stage IIIA T2c-d N0 M0 8720-8790,stage_first,YES
Malignant Melanoma of the Uvea,AJCC7,any,T3b|T3c,N0,M0,Any,Any,IIIA,source_page=563; extract_method=stage_carried; duplicate_source_page=573,563,Malignant Melanoma of the Uvea,T3b-c N0 M0,stage_carried,YES
Malignant Melanoma of the Uvea,AJCC7,any,T4a,N0,M0,Any,Any,IIIA,source_page=563; extract_method=stage_carried; duplicate_source_page=573,563,Malignant Melanoma of the Uvea,T4a N0 M0,stage_carried,YES
Malignant Melanoma of the Uvea,AJCC7,any,T3d,N0,M0,Any,Any,IIIB,source_page=563; extract_method=stage_first; extra_factors/raw_extra=51; duplicate_source_page=573,563,Malignant Melanoma of the Uvea,Stage IIIB T3d N0 M0 51,stage_first,YES
Malignant Melanoma of the Uvea,AJCC7,any,T4b|T4c,N0,M0,Any,Any,IIIB,source_page=563; extract_method=stage_carried; duplicate_source_page=573,563,Malignant Melanoma of the Uvea,T4b-c N0 M0,stage_carried,YES
Malignant Melanoma of the Uvea,AJCC7,any,T4d-e,N0,M0,Any,Any,IIIC,source_page=563; extract_method=stage_first; duplicate_source_page=573,563,Malignant Melanoma of the Uvea,Stage IIIC T4d-e N0 M0,stage_first,YES
Malignant Melanoma of the Uvea,AJCC7,any,Any,N1,M0,Any,Any,IV,source_page=563; extract_method=stage_first; duplicate_source_page=573,563,Malignant Melanoma of the Uvea,Stage IV Any T N1 M0,stage_first,YES
Malignant Melanoma of the Uvea,AJCC7,any,Any,Any,M1a|M1b|M1c,Any,Any,IV,source_page=563; extract_method=stage_carried; duplicate_source_page=573,563,Malignant Melanoma of the Uvea,Any T Any N M1a-c,stage_carried,YES
Malignant Melanoma of the Uvea,AJCC7,yp,T1a,N0,M0,Any,Any,I,"source_page=568; extract_method=stage_first; extra_factors/raw_extra=and epithelioid in type, some ophthalmic pathologists cur-",568,Malignant Melanoma of the Uvea,"Stage I T1a N0 M0 and epithelioid in type, some ophthalmic pathologists cur-",stage_first,YES
Malignant Melanoma of the Uvea,AJCC7,yp,T1b-d,N0,M0,Any,Any,IIA,"source_page=568; extract_method=stage_first; extra_factors/raw_extra=rently combine grades 2 and 3 (nonspindle, epithelioid cells",568,Malignant Melanoma of the Uvea,"Stage IIA T1b-d N0 M0 rently combine grades 2 and 3 (nonspindle, epithelioid cells",stage_first,YES
Malignant Melanoma of the Uvea,AJCC7,yp,T2a,N0,M0,Any,Any,IIA,"source_page=568; extract_method=stage_carried; extra_factors/raw_extra=detected) and contrast them with grade 1 (spindle, no epithe-",568,Malignant Melanoma of the Uvea,"T2a N0 M0 detected) and contrast them with grade 1 (spindle, no epithe-",stage_carried,YES
Malignant Melanoma of the Uvea,AJCC7,yp,T2b,N0,M0,Any,Any,IIB,source_page=568; extract_method=stage_first,568,Malignant Melanoma of the Uvea,Stage IIB T2b N0 M0,stage_first,check
Malignant Melanoma of the Uvea,AJCC7,yp,T3a,N0,M0,Any,Any,IIB,source_page=568; extract_method=stage_carried,568,Malignant Melanoma of the Uvea,T3a N0 M0,stage_carried,check
Malignant Melanoma of the Uvea,AJCC7,yp,T2c-d,N0,M0,Any,Any,IIIA,source_page=568; extract_method=stage_first,568,Malignant Melanoma of the Uvea,Stage IIIA T2c-d N0 M0,stage_first,check
Malignant Melanoma of the Uvea,AJCC7,yp,T3b|T3c,N0,M0,Any,Any,IIIA,"source_page=568; extract_method=stage_carried; extra_factors/raw_extra=Al Jamal RT, Kivelä T. KI-67 immunopositivity in choroi-",568,Malignant Melanoma of the Uvea,"T3b-c N0 M0 Al Jamal RT, Kivelä T. KI-67 immunopositivity in choroi-",stage_carried,YES
Malignant Melanoma of the Uvea,AJCC7,yp,T4a,N0,M0,Any,Any,IIIA,source_page=568; extract_method=stage_carried,568,Malignant Melanoma of the Uvea,T4a N0 M0,stage_carried,check
Malignant Melanoma of the Uvea,AJCC7,yp,T3d,N0,M0,Any,Any,IIIB,source_page=568; extract_method=stage_first; extra_factors/raw_extra=2006;31:57-67.,568,Malignant Melanoma of the Uvea,Stage IIIB T3d N0 M0 2006;31:57-67.,stage_first,YES
Malignant Melanoma of the Uvea,AJCC7,yp,T4b|T4c,N0,M0,Any,Any,IIIB,"source_page=568; extract_method=stage_carried; extra_factors/raw_extra=All-Ericsson C, Girnita L, Seregard S, Bartolazzi A, Jager",568,Malignant Melanoma of the Uvea,"T4b-c N0 M0 All-Ericsson C, Girnita L, Seregard S, Bartolazzi A, Jager",stage_carried,YES
Malignant Melanoma of the Uvea,AJCC7,yp,T4d-e,N0,M0,Any,Any,IIIC,source_page=568; extract_method=stage_first; extra_factors/raw_extra=uveal melanoma: a predictor for metastatic disease and,568,Malignant Melanoma of the Uvea,Stage IIIC T4d-e N0 M0 uveal melanoma: a predictor for metastatic disease and,stage_first,YES
Malignant Melanoma of the Uvea,AJCC7,yp,Any,N1,M0,Any,Any,IV,source_page=568; extract_method=stage_first,568,Malignant Melanoma of the Uvea,Stage IV Any T N1 M0,stage_first,check
Malignant Melanoma of the Uvea,AJCC7,yp,Any,Any,M1a|M1b|M1c,Any,Any,IV,source_page=568; extract_method=stage_carried; extra_factors/raw_extra=Blanco G. Diagnosis and treatment of orbital invasion in uveal,568,Malignant Melanoma of the Uvea,Any T Any N M1a-c Blanco G. Diagnosis and treatment of orbital invasion in uveal,stage_carried,YES
Cervical Lymph Nodes and Unknown Primary Tumors of the Head and Neck,AJCC8,any,T0,N1,M0,Any,Any,III,source_page=16; extract_method=tnm_stage,16,Cervical Lymph Nodes and Unknown Primary Tumors of the Head and Neck,T0 N1 M0 III,tnm_stage,check
Cervical Lymph Nodes and Unknown Primary Tumors of the Head and Neck,AJCC8,any,T0,N2,M0,Any,Any,III,source_page=16; extract_method=stage_carried; extra_factors/raw_extra=IVA,16,Cervical Lymph Nodes and Unknown Primary Tumors of the Head and Neck,T0 N2 M0 IVA,stage_carried,YES
Cervical Lymph Nodes and Unknown Primary Tumors of the Head and Neck,AJCC8,any,T0,N2,M0,Any,Any,IVA,source_page=16; extract_method=tnm_stage,16,Cervical Lymph Nodes and Unknown Primary Tumors of the Head and Neck,T0 N2 M0 IVA,tnm_stage,check
Cervical Lymph Nodes and Unknown Primary Tumors of the Head and Neck,AJCC8,any,T0,N3,M0,Any,Any,IVA,source_page=16; extract_method=stage_carried; extra_factors/raw_extra=IVB,16,Cervical Lymph Nodes and Unknown Primary Tumors of the Head and Neck,T0 N3 M0 IVB,stage_carried,YES
Cervical Lymph Nodes and Unknown Primary Tumors of the Head and Neck,AJCC8,any,T0,N3,M0,Any,Any,IVB,source_page=16; extract_method=tnm_stage,16,Cervical Lymph Nodes and Unknown Primary Tumors of the Head and Neck,T0 N3 M0 IVB,tnm_stage,check
Oral Cavity,AJCC8,any,Tis,N0,M0,Any,Any,0,source_page=31; extract_method=tnm_stage,31,Oral Cavity,Tis N0 M0 0,tnm_stage,check
Oral Cavity,AJCC8,any,T1,N0,M0,Any,Any,0,source_page=31; extract_method=stage_carried; extra_factors/raw_extra=I | G | G Definition,31,Oral Cavity,T1 N0 M0 I G G Definition,stage_carried,YES
Oral Cavity,AJCC8,any,T1,N0,M0,Any,Any,I,source_page=31; extract_method=tnm_stage; extra_factors/raw_extra=G | G Definition,31,Oral Cavity,T1 N0 M0 I G G Definition,tnm_stage,YES
Oral Cavity,AJCC8,any,T2,N0,M0,Any,Any,I,source_page=31; extract_method=stage_carried; extra_factors/raw_extra=II | GX | Cannot be assessed,31,Oral Cavity,T2 N0 M0 II GX Cannot be assessed,stage_carried,YES
Oral Cavity,AJCC8,any,T2,N0,M0,Any,Any,II,source_page=31; extract_method=tnm_stage; extra_factors/raw_extra=GX | Cannot be assessed,31,Oral Cavity,T2 N0 M0 II GX Cannot be assessed,tnm_stage,YES
Oral Cavity,AJCC8,any,T3,N0,M0,Any,Any,II,source_page=31; extract_method=stage_carried; extra_factors/raw_extra=III | G1 | Well differentiated,31,Oral Cavity,T3 N0 M0 III G1 Well differentiated,stage_carried,YES
Oral Cavity,AJCC8,any,T3,N0,M0,Any,Any,III,source_page=31; extract_method=tnm_stage; extra_factors/raw_extra=G1 | Well differentiated,31,Oral Cavity,T3 N0 M0 III G1 Well differentiated,tnm_stage,YES
Oral Cavity,AJCC8,any,T1|2|3,N1,M0,Any,Any,III,source_page=31; extract_method=stage_carried; extra_factors/raw_extra=III | G2 | Moderately differentiated; duplicate_source_page=31,31,Oral Cavity,"T1,2,3 N1 M0 III G2 Moderately differentiated",stage_carried,YES
Oral Cavity,AJCC8,any,T4a,N0|1,M0,Any,Any,III,source_page=31; extract_method=stage_carried; extra_factors/raw_extra=IVA | G3 | Poorly differentiated,31,Oral Cavity,"T4a N0,1 M0 IVA G3 Poorly differentiated",stage_carried,YES
Oral Cavity,AJCC8,any,T4a,N0|1,M0,Any,Any,IVA,source_page=31; extract_method=tnm_stage; extra_factors/raw_extra=G3 | Poorly differentiated,31,Oral Cavity,"T4a N0,1 M0 IVA G3 Poorly differentiated",tnm_stage,YES
Oral Cavity,AJCC8,any,T1|2|3|4a,N2,M0,Any,Any,IVA,source_page=31; extract_method=stage_carried; extra_factors/raw_extra=IVA; duplicate_source_page=31,31,Oral Cavity,"T1,2,3,4a N2 M0 IVA",stage_carried,YES
Oral Cavity,AJCC8,any,Any,N3,M0,Any,Any,IVA,source_page=31; extract_method=stage_carried; extra_factors/raw_extra=IVB,31,Oral Cavity,Any T N3 M0 IVB,stage_carried,YES
Oral Cavity,AJCC8,any,Any,N3,M0,Any,Any,IVB,source_page=31; extract_method=tnm_stage,31,Oral Cavity,Any T N3 M0 IVB,tnm_stage,check
Oral Cavity,AJCC8,any,T4b,Any,M0,Any,Any,IVB,source_page=31; extract_method=stage_carried; extra_factors/raw_extra=IVB; duplicate_source_page=31,31,Oral Cavity,T4b Any N M0 IVB,stage_carried,YES
Oral Cavity,AJCC8,yp,Any,Any,M1,Any,Any,IVB,source_page=31; extract_method=stage_carried; extra_factors/raw_extra=IVC,31,Oral Cavity,Any T Any N M1 IVC,stage_carried,YES
Oral Cavity,AJCC8,yp,Any,Any,M1,Any,Any,IVC,source_page=31; extract_method=tnm_stage,31,Oral Cavity,Any T Any N M1 IVC,tnm_stage,check
Major Salivary Glands,AJCC8,any,T1,N0,M0,Any,Any,I,source_page=35; extract_method=tnm_stage,35,Major Salivary Glands,T1 N0 M0 I,tnm_stage,check
Major Salivary Glands,AJCC8,any,T2,N0,M0,Any,Any,I,source_page=35; extract_method=stage_carried; extra_factors/raw_extra=II,35,Major Salivary Glands,T2 N0 M0 II,stage_carried,YES
Major Salivary Glands,AJCC8,any,T2,N0,M0,Any,Any,II,source_page=35; extract_method=tnm_stage,35,Major Salivary Glands,T2 N0 M0 II,tnm_stage,check
Major Salivary Glands,AJCC8,any,T0|T1|T2|T3,N1,M0,Any,Any,II,source_page=35; extract_method=stage_carried; extra_factors/raw_extra=III,35,Major Salivary Glands,"T0, T1, T2, T3 N1 M0 III",stage_carried,YES
Major Salivary Glands,AJCC8,any,T0|T1|T2|T3,N1,M0,Any,Any,III,source_page=35; extract_method=tnm_stage,35,Major Salivary Glands,"T0, T1, T2, T3 N1 M0 III",tnm_stage,check
Major Salivary Glands,AJCC8,any,T4a,N0|N1,M0,Any,Any,III,source_page=35; extract_method=stage_carried; extra_factors/raw_extra=IVA,35,Major Salivary Glands,"T4a N0, N1 M0 IVA",stage_carried,YES
Major Salivary Glands,AJCC8,any,T4a,N0|N1,M0,Any,Any,IVA,source_page=35; extract_method=tnm_stage,35,Major Salivary Glands,"T4a N0, N1 M0 IVA",tnm_stage,check
Major Salivary Glands,AJCC8,any,T0|T1|T2|T3|,N2,M0,Any,Any,IVA,source_page=35; extract_method=stage_carried; extra_factors/raw_extra=IVA; duplicate_source_page=35,35,Major Salivary Glands,"T0, T1, T2, T3, N2 M0 IVA",stage_carried,YES
Major Salivary Glands,AJCC8,any,T4b,Any,M0,Any,Any,IVA,source_page=35; extract_method=stage_carried; extra_factors/raw_extra=IVB,35,Major Salivary Glands,T4b Any N M0 IVB,stage_carried,YES
Major Salivary Glands,AJCC8,any,T4b,Any,M0,Any,Any,IVB,source_page=35; extract_method=tnm_stage,35,Major Salivary Glands,T4b Any N M0 IVB,tnm_stage,check
HPV-Mediated (p16+) Oropharyngeal Cancer,AJCC8,any,T0|T1|T2,N0|N1,M0,Any,Any,I,source_page=39; extract_method=tnm_stage; duplicate_source_page=39,39,HPV-Mediated (p16+) Oropharyngeal Cancer,"T0, T1 or T2 N0 or N1 M0 I",tnm_stage,check
HPV-Mediated (p16+) Oropharyngeal Cancer,AJCC8,any,T0|T1|T2,N2,M0,Any,Any,I,source_page=39; extract_method=stage_carried; extra_factors/raw_extra=II,39,HPV-Mediated (p16+) Oropharyngeal Cancer,"T0, T1 or T2 N2 M0 II",stage_carried,YES
HPV-Mediated (p16+) Oropharyngeal Cancer,AJCC8,any,T0|T1|T2,N2,M0,Any,Any,II,source_page=39; extract_method=tnm_stage,39,HPV-Mediated (p16+) Oropharyngeal Cancer,"T0, T1 or T2 N2 M0 II",tnm_stage,check
HPV-Mediated (p16+) Oropharyngeal Cancer,AJCC8,any,T0|T1|T2|,N3,M0,Any,Any,II,source_page=39; extract_method=stage_carried; extra_factors/raw_extra=III,39,HPV-Mediated (p16+) Oropharyngeal Cancer,"T0, T1, T2, N3 M0 III",stage_carried,YES
HPV-Mediated (p16+) Oropharyngeal Cancer,AJCC8,any,T0|T1|T2|,N3,M0,Any,Any,III,source_page=39; extract_method=tnm_stage,39,HPV-Mediated (p16+) Oropharyngeal Cancer,"T0, T1, T2, N3 M0 III",tnm_stage,check
HPV-Mediated (p16+) Oropharyngeal Cancer,AJCC8,any,T4,N0|N1|N2or,M0,Any,Any,III,source_page=39; extract_method=stage_carried; extra_factors/raw_extra=III; duplicate_source_page=39,39,HPV-Mediated (p16+) Oropharyngeal Cancer,"T4 N0, N1, N2 or M0 III",stage_carried,YES
HPV-Mediated (p16+) Oropharyngeal Cancer,AJCC8,any,T0|T1|T2,N0|N1,M0,Any,Any,III,source_page=39; extract_method=stage_carried; extra_factors/raw_extra=I,39,HPV-Mediated (p16+) Oropharyngeal Cancer,"T0, T1 or T2 N0, N1 M0 I",stage_carried,YES
HPV-Mediated (p16+) Oropharyngeal Cancer,AJCC8,any,T3|T4,N2,M0,Any,Any,I,source_page=39; extract_method=stage_carried; extra_factors/raw_extra=III,39,HPV-Mediated (p16+) Oropharyngeal Cancer,T3 or T4 N2 M0 III,stage_carried,YES
HPV-Mediated (p16+) Oropharyngeal Cancer,AJCC8,any,T3|T4,N2,M0,Any,Any,III,source_page=39; extract_method=tnm_stage,39,HPV-Mediated (p16+) Oropharyngeal Cancer,T3 or T4 N2 M0 III,tnm_stage,check
HPV-Mediated (p16+) Oropharyngeal Cancer,AJCC8,any,Any,Any,M1,Any,Any,III,source_page=39; extract_method=stage_carried; extra_factors/raw_extra=IV,39,HPV-Mediated (p16+) Oropharyngeal Cancer,Any T Any N M1 IV,stage_carried,YES
HPV-Mediated (p16+) Oropharyngeal Cancer,AJCC8,any,Any,Any,M1,Any,Any,IV,source_page=39; extract_method=tnm_stage,39,HPV-Mediated (p16+) Oropharyngeal Cancer,Any T Any N M1 IV,tnm_stage,check
Nasal Cavity and Paranasal Sinuses,AJCC8,any,T1,N0,M0,Any,Any,I,source_page=47; extract_method=tnm_stage,47,Nasal Cavity and Paranasal Sinuses,T1 N0 M0 I,tnm_stage,check
Larynx,AJCC8,any,Tis,N0,M0,Any,Any,0,source_page=49; extract_method=tnm_stage,49,Larynx,Tis N0 M0 0,tnm_stage,check
Larynx,AJCC8,any,T1|T2|T3|T4a,N2,M0,Any,Any,0,source_page=49; extract_method=stage_carried; extra_factors/raw_extra=IVA,49,Larynx,"T1, T2, T3, T4a N2 M0 IVA",stage_carried,YES
Larynx,AJCC8,any,T1|T2|T3|T4a,N2,M0,Any,Any,IVA,source_page=49; extract_method=tnm_stage,49,Larynx,"T1, T2, T3, T4a N2 M0 IVA",tnm_stage,check
Cutaneous Carcinoma of the Head and Neck,AJCC8,yp,Tis,N0,M0,Any,Any,0,source_page=57; extract_method=tnm_stage,57,Cutaneous Carcinoma of the Head and Neck,Tis N0 M0 0,tnm_stage,check
Cutaneous Carcinoma of the Head and Neck,AJCC8,yp,T1,N0,M0,Any,Any,0,source_page=57; extract_method=stage_carried; extra_factors/raw_extra=I,57,Cutaneous Carcinoma of the Head and Neck,T1 N0 M0 I,stage_carried,YES
Cutaneous Carcinoma of the Head and Neck,AJCC8,yp,T1,N0,M0,Any,Any,I,source_page=57; extract_method=tnm_stage,57,Cutaneous Carcinoma of the Head and Neck,T1 N0 M0 I,tnm_stage,check
Cutaneous Carcinoma of the Head and Neck,AJCC8,yp,T2,N0,M0,Any,Any,I,source_page=57; extract_method=stage_carried; extra_factors/raw_extra=II,57,Cutaneous Carcinoma of the Head and Neck,T2 N0 M0 II,stage_carried,YES
Cutaneous Carcinoma of the Head and Neck,AJCC8,yp,T2,N0,M0,Any,Any,II,source_page=57; extract_method=tnm_stage,57,Cutaneous Carcinoma of the Head and Neck,T2 N0 M0 II,tnm_stage,check
Cutaneous Carcinoma of the Head and Neck,AJCC8,yp,T3,N0,M0,Any,Any,II,source_page=57; extract_method=stage_carried; extra_factors/raw_extra=III,57,Cutaneous Carcinoma of the Head and Neck,T3 N0 M0 III,stage_carried,YES
Cutaneous Carcinoma of the Head and Neck,AJCC8,yp,T3,N0,M0,Any,Any,III,source_page=57; extract_method=tnm_stage,57,Cutaneous Carcinoma of the Head and Neck,T3 N0 M0 III,tnm_stage,check
Cutaneous Carcinoma of the Head and Neck,AJCC8,yp,T1,N1,M0,Any,Any,III,source_page=57; extract_method=stage_carried; extra_factors/raw_extra=III; duplicate_source_page=57,57,Cutaneous Carcinoma of the Head and Neck,T1 N1 M0 III,stage_carried,YES
Cutaneous Carcinoma of the Head and Neck,AJCC8,yp,T2,N1,M0,Any,Any,III,source_page=57; extract_method=stage_carried; extra_factors/raw_extra=III | Bibliography; duplicate_source_page=57,57,Cutaneous Carcinoma of the Head and Neck,T2 N1 M0 III Bibliography,stage_carried,YES
Cutaneous Carcinoma of the Head and Neck,AJCC8,yp,T3,N1,M0,Any,Any,III,source_page=57; extract_method=stage_carried; extra_factors/raw_extra=III; duplicate_source_page=57,57,Cutaneous Carcinoma of the Head and Neck,T3 N1 M0 III,stage_carried,YES
Cutaneous Carcinoma of the Head and Neck,AJCC8,yp,T1,N2,M0,Any,Any,III,"source_page=57; extract_method=stage_carried; extra_factors/raw_extra=IV | 1. Diepgen TL, Mahler V. The epidemiology of skin cancer. Br",57,Cutaneous Carcinoma of the Head and Neck,"T1 N2 M0 IV 1. Diepgen TL, Mahler V. The epidemiology of skin cancer. Br",stage_carried,YES
Cutaneous Carcinoma of the Head and Neck,AJCC8,yp,T1,N2,M0,Any,Any,IV,"source_page=57; extract_method=tnm_stage; extra_factors/raw_extra=1. Diepgen TL, Mahler V. The epidemiology of skin cancer. Br",57,Cutaneous Carcinoma of the Head and Neck,"T1 N2 M0 IV 1. Diepgen TL, Mahler V. The epidemiology of skin cancer. Br",tnm_stage,YES
Cutaneous Carcinoma of the Head and Neck,AJCC8,yp,T2,N2,M0,Any,Any,IV,source_page=57; extract_method=stage_carried; extra_factors/raw_extra=IV | J Dermatol. Apr 2002;146 Suppl 61(s61):1-6.; duplicate_source_page=57,57,Cutaneous Carcinoma of the Head and Neck,T2 N2 M0 IV J Dermatol. Apr 2002;146 Suppl 61(s61):1-6.,stage_carried,YES
Cutaneous Carcinoma of the Head and Neck,AJCC8,yp,T3,N2,M0,Any,Any,IV,"source_page=57; extract_method=stage_carried; extra_factors/raw_extra=IV | 2. Housman TS, Feldman SR, Williford PM, et al. Skin cancer is; duplicate_source_page=57",57,Cutaneous Carcinoma of the Head and Neck,"T3 N2 M0 IV 2. Housman TS, Feldman SR, Williford PM, et al. Skin cancer is",stage_carried,YES
Cutaneous Carcinoma of the Head and Neck,AJCC8,yp,Any,N3,M0,Any,Any,IV,source_page=57; extract_method=stage_carried; extra_factors/raw_extra=IV | among the most costly of all cancers to treat for the Medicare popu-; duplicate_source_page=57,57,Cutaneous Carcinoma of the Head and Neck,Any T N3 M0 IV among the most costly of all cancers to treat for the Medicare popu-,stage_carried,YES
Cutaneous Carcinoma of the Head and Neck,AJCC8,yp,T4,Any,M0,Any,Any,IV,source_page=57; extract_method=stage_carried; extra_factors/raw_extra=IV; duplicate_source_page=57,57,Cutaneous Carcinoma of the Head and Neck,T4 Any N M0 IV,stage_carried,YES
Cutaneous Carcinoma of the Head and Neck,AJCC8,yp,Any,Any,M1,Any,Any,IV,"source_page=57; extract_method=stage_carried; extra_factors/raw_extra=IV | 3. Alam M, Ratner D. Cutaneous squamous-cell carcinoma. N Engl; duplicate_source_page=57",57,Cutaneous Carcinoma of the Head and Neck,"Any T Any N M1 IV 3. Alam M, Ratner D. Cutaneous squamous-cell carcinoma. N Engl",stage_carried,YES
Appendix - carcinoma,AJCC8,any,T3,N0,M0,Any,Any,IIA,source_page=65; extract_method=tnm_stage,65,Appendix - Carcinoma,T3 N0 M0 IIA,tnm_stage,check
Appendix - carcinoma,AJCC8,any,T4a,N0,M0,Any,Any,IIA,source_page=65; extract_method=stage_carried; extra_factors/raw_extra=IIB,65,Appendix - Carcinoma,T4a N0 M0 IIB,stage_carried,YES
Appendix - carcinoma,AJCC8,any,T4a,N0,M0,Any,Any,IIB,source_page=65; extract_method=tnm_stage,65,Appendix - Carcinoma,T4a N0 M0 IIB,tnm_stage,check
Appendix - carcinoma,AJCC8,any,T4,N1,M0,Any,Any,IIB,source_page=65; extract_method=stage_carried; extra_factors/raw_extra=IIIB,65,Appendix - Carcinoma,T4 N1 M0 IIIB,stage_carried,YES
Appendix - carcinoma,AJCC8,any,T4,N1,M0,Any,Any,IIIB,source_page=65; extract_method=tnm_stage,65,Appendix - Carcinoma,T4 N1 M0 IIIB,tnm_stage,check
Appendix - carcinoma,AJCC8,any,Any,N2,M0,Any,Any,IIIB,source_page=65; extract_method=stage_carried; extra_factors/raw_extra=IIIC,65,Appendix - Carcinoma,Any T N2 M0 IIIC,stage_carried,YES
Appendix - carcinoma,AJCC8,any,Any,N2,M0,Any,Any,IIIC,source_page=65; extract_method=tnm_stage,65,Appendix - Carcinoma,Any T N2 M0 IIIC,tnm_stage,check
Appendix - carcinoma,AJCC8,any,Any,Any,M1b,Any,Any,IIIC,source_page=65; extract_method=stage_carried; extra_factors/raw_extra=G1 | IVA,65,Appendix - Carcinoma,Any T Any N M1b G1 IVA,stage_carried,YES
Appendix - carcinoma,AJCC8,any,Any,Any,M1b,G1,Any,IVA,source_page=65; extract_method=tnm_extra_stage; duplicate_source_page=65,65,Appendix - Carcinoma,Any T Any N M1b G1 IVA,tnm_extra_stage,check
Ampulla of Vater,AJCC8,any,T1a,N0,M0,Any,Any,IA,source_page=77; extract_method=tnm_stage,77,Ampulla of Vater,T1a N0 M0 IA,tnm_stage,check
Ampulla of Vater,AJCC8,any,T3b,N0,M0,Any,Any,IA,source_page=77; extract_method=stage_carried; extra_factors/raw_extra=IIB,77,Ampulla of Vater,T3b N0 M0 IIB,stage_carried,YES
Ampulla of Vater,AJCC8,any,T3b,N0,M0,Any,Any,IIB,source_page=77; extract_method=tnm_stage,77,Ampulla of Vater,T3b N0 M0 IIB,tnm_stage,check
Neuroendocrine Tumors of the Stomach,AJCC8,any,TX|T0,NX|N0|N1,M1,Any,Any,IV,source_page=81; extract_method=tnm_stage,81,Neuroendocrine Tumors of the Stomach,"TX, T0 NX, N0, N1 M1 IV",tnm_stage,check
Neuroendocrine Tumors of the Stomach,AJCC8,any,T1,N0,M0,Any,Any,IV,source_page=81; extract_method=stage_carried; extra_factors/raw_extra=I,81,Neuroendocrine Tumors of the Stomach,T1 N0 M0 I,stage_carried,YES
Neuroendocrine Tumors of the Stomach,AJCC8,any,T1,N0,M0,Any,Any,I,source_page=81; extract_method=tnm_stage,81,Neuroendocrine Tumors of the Stomach,T1 N0 M0 I,tnm_stage,check
Neuroendocrine Tumors of the Stomach,AJCC8,any,T1,N1,M0,Any,Any,I,source_page=81; extract_method=stage_carried; extra_factors/raw_extra=III,81,Neuroendocrine Tumors of the Stomach,T1 N1 M0 III,stage_carried,YES
Neuroendocrine Tumors of the Stomach,AJCC8,any,T1,N1,M0,Any,Any,III,source_page=81; extract_method=tnm_stage,81,Neuroendocrine Tumors of the Stomach,T1 N1 M0 III,tnm_stage,check
Neuroendocrine Tumors of the Stomach,AJCC8,any,T2,N1,M0,Any,Any,III,source_page=81; extract_method=stage_carried; extra_factors/raw_extra=III; duplicate_source_page=81,81,Neuroendocrine Tumors of the Stomach,T2 N1 M0 III,stage_carried,YES
Neuroendocrine Tumors of the Stomach,AJCC8,any,T2,NX|N0|N1,M1,Any,Any,III,source_page=81; extract_method=stage_carried; extra_factors/raw_extra=IV,81,Neuroendocrine Tumors of the Stomach,"T2 NX, N0, N1 M1 IV",stage_carried,YES
Neuroendocrine Tumors of the Stomach,AJCC8,any,T2,NX|N0|N1,M1,Any,Any,IV,source_page=81; extract_method=tnm_stage,81,Neuroendocrine Tumors of the Stomach,"T2 NX, N0, N1 M1 IV",tnm_stage,check
Neuroendocrine Tumors of the Stomach,AJCC8,any,T3,N0,M0,Any,Any,IV,source_page=81; extract_method=stage_carried; extra_factors/raw_extra=II,81,Neuroendocrine Tumors of the Stomach,T3 N0 M0 II,stage_carried,YES
Neuroendocrine Tumors of the Stomach,AJCC8,any,T3,N0,M0,Any,Any,II,source_page=81; extract_method=tnm_stage,81,Neuroendocrine Tumors of the Stomach,T3 N0 M0 II,tnm_stage,check
Neuroendocrine Tumors of the Stomach,AJCC8,any,T3,NX|N0|N1,M1,Any,Any,II,source_page=81; extract_method=stage_carried; extra_factors/raw_extra=IV,81,Neuroendocrine Tumors of the Stomach,"T3 NX, N0, N1 M1 IV",stage_carried,YES
Neuroendocrine Tumors of the Stomach,AJCC8,any,T3,NX|N0|N1,M1,Any,Any,IV,source_page=81; extract_method=tnm_stage,81,Neuroendocrine Tumors of the Stomach,"T3 NX, N0, N1 M1 IV",tnm_stage,check
Neuroendocrine Tumors of the Stomach,AJCC8,any,T4,N1,M0,Any,Any,IV,source_page=81; extract_method=stage_carried; extra_factors/raw_extra=III,81,Neuroendocrine Tumors of the Stomach,T4 N1 M0 III,stage_carried,YES
Neuroendocrine Tumors of the Stomach,AJCC8,any,T4,N1,M0,Any,Any,III,source_page=81; extract_method=tnm_stage,81,Neuroendocrine Tumors of the Stomach,T4 N1 M0 III,tnm_stage,check
Neuroendocrine Tumors of the Jejunum and Ileum,AJCC8,any,T2,NX|N0|,M1,Any,Any,IV,source_page=84; extract_method=tnm_stage,84,Neuroendocrine Tumors of the Jejunum and Ileum,"T2 NX, N0, M1 IV",tnm_stage,check
Neuroendocrine Tumors of the Jejunum and Ileum,AJCC8,any,T3,N0,M0,Any,Any,IV,source_page=84; extract_method=stage_carried; extra_factors/raw_extra=II,84,Neuroendocrine Tumors of the Jejunum and Ileum,T3 N0 M0 II,stage_carried,YES
Neuroendocrine Tumors of the Jejunum and Ileum,AJCC8,any,T3,N0,M0,Any,Any,II,source_page=84; extract_method=tnm_stage,84,Neuroendocrine Tumors of the Jejunum and Ileum,T3 N0 M0 II,tnm_stage,check
Neuroendocrine Tumors of the Jejunum and Ileum,AJCC8,any,T3,N1|N2,M0,Any,Any,II,source_page=84; extract_method=stage_carried; extra_factors/raw_extra=III,84,Neuroendocrine Tumors of the Jejunum and Ileum,"T3 N1, N2 M0 III",stage_carried,YES
Neuroendocrine Tumors of the Jejunum and Ileum,AJCC8,any,T3,N1|N2,M0,Any,Any,III,source_page=84; extract_method=tnm_stage,84,Neuroendocrine Tumors of the Jejunum and Ileum,"T3 N1, N2 M0 III",tnm_stage,check
Neuroendocrine Tumors of the Jejunum and Ileum,AJCC8,any,TX|T0,NX|N0|,M1,Any,Any,III,"source_page=84; extract_method=stage_carried; extra_factors/raw_extra=IV | MIB1 antibody; % of 500-2,000 tumor cells in areas of highest",84,Neuroendocrine Tumors of the Jejunum and Ileum,"TX, T0 NX, N0, M1 IV MIB1 antibody; % of 500-2,000 tumor cells in areas of highest",stage_carried,YES
Neuroendocrine Tumors of the Jejunum and Ileum,AJCC8,any,TX|T0,NX|N0|,M1,Any,Any,IV,"source_page=84; extract_method=tnm_stage; extra_factors/raw_extra=MIB1 antibody; % of 500-2,000 tumor cells in areas of highest",84,Neuroendocrine Tumors of the Jejunum and Ileum,"TX, T0 NX, N0, M1 IV MIB1 antibody; % of 500-2,000 tumor cells in areas of highest",tnm_stage,YES
Neuroendocrine Tumors of the Jejunum and Ileum,AJCC8,any,T1,N0,M0,Any,Any,IV,source_page=84; extract_method=stage_carried; extra_factors/raw_extra=I,84,Neuroendocrine Tumors of the Jejunum and Ileum,T1 N0 M0 I,stage_carried,YES
Neuroendocrine Tumors of the Jejunum and Ileum,AJCC8,any,T1,N0,M0,Any,Any,I,source_page=84; extract_method=tnm_stage,84,Neuroendocrine Tumors of the Jejunum and Ileum,T1 N0 M0 I,tnm_stage,check
Neuroendocrine Tumors of the Jejunum and Ileum,AJCC8,any,T1,N1|N2,M0,Any,Any,I,source_page=84; extract_method=stage_carried; extra_factors/raw_extra=III | In cases of disparity between Ki-67 proliferative index,84,Neuroendocrine Tumors of the Jejunum and Ileum,"T1 N1, N2 M0 III In cases of disparity between Ki-67 proliferative index",stage_carried,YES
Neuroendocrine Tumors of the Jejunum and Ileum,AJCC8,any,T1,N1|N2,M0,Any,Any,III,source_page=84; extract_method=tnm_stage; extra_factors/raw_extra=In cases of disparity between Ki-67 proliferative index,84,Neuroendocrine Tumors of the Jejunum and Ileum,"T1 N1, N2 M0 III In cases of disparity between Ki-67 proliferative index",tnm_stage,YES
Neuroendocrine Tumors of the Jejunum and Ileum,AJCC8,any,T1,NX|N0|,M1,Any,Any,III,"source_page=84; extract_method=stage_carried; extra_factors/raw_extra=IV | and mitotic count, the result indicating a higher-grade tumor",84,Neuroendocrine Tumors of the Jejunum and Ileum,"T1 NX, N0, M1 IV and mitotic count, the result indicating a higher-grade tumor",stage_carried,YES
Neuroendocrine Tumors of the Jejunum and Ileum,AJCC8,any,T1,NX|N0|,M1,Any,Any,IV,"source_page=84; extract_method=tnm_stage; extra_factors/raw_extra=and mitotic count, the result indicating a higher-grade tumor",84,Neuroendocrine Tumors of the Jejunum and Ileum,"T1 NX, N0, M1 IV and mitotic count, the result indicating a higher-grade tumor",tnm_stage,YES
Neuroendocrine Tumors of the Jejunum and Ileum,AJCC8,any,T2,N0,M0,Any,Any,IV,source_page=84; extract_method=stage_carried; extra_factors/raw_extra=II | count of 1 per 10 HPF and a Ki-67 of 12% should be desig-,84,Neuroendocrine Tumors of the Jejunum and Ileum,T2 N0 M0 II count of 1 per 10 HPF and a Ki-67 of 12% should be desig-,stage_carried,YES
Neuroendocrine Tumors of the Jejunum and Ileum,AJCC8,any,T2,N0,M0,Any,Any,II,source_page=84; extract_method=tnm_stage; extra_factors/raw_extra=count of 1 per 10 HPF and a Ki-67 of 12% should be desig-,84,Neuroendocrine Tumors of the Jejunum and Ileum,T2 N0 M0 II count of 1 per 10 HPF and a Ki-67 of 12% should be desig-,tnm_stage,YES
Neuroendocrine Tumors of the Jejunum and Ileum,AJCC8,any,T2,N1|N2,M0,Any,Any,II,source_page=84; extract_method=stage_carried; extra_factors/raw_extra=III | nated as a G2 NET.,84,Neuroendocrine Tumors of the Jejunum and Ileum,"T2 N1, N2 M0 III nated as a G2 NET.",stage_carried,YES
Neuroendocrine Tumors of the Jejunum and Ileum,AJCC8,any,T2,N1|N2,M0,Any,Any,III,source_page=84; extract_method=tnm_stage; extra_factors/raw_extra=nated as a G2 NET.,84,Neuroendocrine Tumors of the Jejunum and Ileum,"T2 N1, N2 M0 III nated as a G2 NET.",tnm_stage,YES
Neuroendocrine Tumors of the Appendix,AJCC8,yp,TX|T0,NX|N0|N1,M1,Any,Any,IV,source_page=87; extract_method=tnm_stage,87,Neuroendocrine Tumors of the Appendix,"TX, T0 NX, N0, N1 M1 IV",tnm_stage,check
Neuroendocrine Tumors of the Appendix,AJCC8,yp,T1,N0,M0,Any,Any,IV,source_page=87; extract_method=stage_carried; extra_factors/raw_extra=I,87,Neuroendocrine Tumors of the Appendix,T1 N0 M0 I,stage_carried,YES
Neuroendocrine Tumors of the Appendix,AJCC8,yp,T1,N0,M0,Any,Any,I,source_page=87; extract_method=tnm_stage,87,Neuroendocrine Tumors of the Appendix,T1 N0 M0 I,tnm_stage,check
Neuroendocrine Tumors of the Appendix,AJCC8,yp,T1,N1,M0,Any,Any,I,source_page=87; extract_method=stage_carried; extra_factors/raw_extra=III,87,Neuroendocrine Tumors of the Appendix,T1 N1 M0 III,stage_carried,YES
Neuroendocrine Tumors of the Appendix,AJCC8,yp,T1,N1,M0,Any,Any,III,source_page=87; extract_method=tnm_stage,87,Neuroendocrine Tumors of the Appendix,T1 N1 M0 III,tnm_stage,check
Neuroendocrine Tumors of the Appendix,AJCC8,any,T2,N0,M0,Any,Any,II,source_page=88; extract_method=tnm_stage,88,Neuroendocrine Tumors of the Appendix,T2 N0 M0 II,tnm_stage,check
Neuroendocrine Tumors of the Appendix,AJCC8,any,T2,N1,M0,Any,Any,II,source_page=88; extract_method=stage_carried; extra_factors/raw_extra=III,88,Neuroendocrine Tumors of the Appendix,T2 N1 M0 III,stage_carried,YES
Neuroendocrine Tumors of the Appendix,AJCC8,any,T2,N1,M0,Any,Any,III,source_page=88; extract_method=tnm_stage,88,Neuroendocrine Tumors of the Appendix,T2 N1 M0 III,tnm_stage,check
Neuroendocrine Tumors of the Appendix,AJCC8,yp,T2,NX|N0|N1,M1,Any,Any,III,source_page=88; extract_method=stage_carried; extra_factors/raw_extra=IV | HISTOPATHOLOGIC TYPE,88,Neuroendocrine Tumors of the Appendix,"T2 NX, N0, N1 M1 IV HISTOPATHOLOGIC TYPE",stage_carried,YES
Neuroendocrine Tumors of the Appendix,AJCC8,yp,T2,NX|N0|N1,M1,Any,Any,IV,source_page=88; extract_method=tnm_stage; extra_factors/raw_extra=HISTOPATHOLOGIC TYPE,88,Neuroendocrine Tumors of the Appendix,"T2 NX, N0, N1 M1 IV HISTOPATHOLOGIC TYPE",tnm_stage,YES
Neuroendocrine Tumors of the Appendix,AJCC8,yp,T3,N0,M0,Any,Any,IV,source_page=88; extract_method=stage_carried; extra_factors/raw_extra=II,88,Neuroendocrine Tumors of the Appendix,T3 N0 M0 II,stage_carried,YES
Neuroendocrine Tumors of the Appendix,AJCC8,yp,T3,N0,M0,Any,Any,II,source_page=88; extract_method=tnm_stage,88,Neuroendocrine Tumors of the Appendix,T3 N0 M0 II,tnm_stage,check
Neuroendocrine Tumors of the Appendix,AJCC8,yp,T3,N1,M0,Any,Any,II,source_page=88; extract_method=stage_carried; extra_factors/raw_extra=III,88,Neuroendocrine Tumors of the Appendix,T3 N1 M0 III,stage_carried,YES
Neuroendocrine Tumors of the Appendix,AJCC8,yp,T3,N1,M0,Any,Any,III,source_page=88; extract_method=tnm_stage,88,Neuroendocrine Tumors of the Appendix,T3 N1 M0 III,tnm_stage,check
Neuroendocrine Tumors of the Appendix,AJCC8,yp,T3,NX|N0|N1,M1,Any,Any,III,source_page=88; extract_method=stage_carried; extra_factors/raw_extra=IV,88,Neuroendocrine Tumors of the Appendix,"T3 NX, N0, N1 M1 IV",stage_carried,YES
Neuroendocrine Tumors of the Appendix,AJCC8,yp,T3,NX|N0|N1,M1,Any,Any,IV,source_page=88; extract_method=tnm_stage,88,Neuroendocrine Tumors of the Appendix,"T3 NX, N0, N1 M1 IV",tnm_stage,check
Neuroendocrine Tumors of the Appendix,AJCC8,yp,T4,N0,M0,Any,Any,IV,source_page=88; extract_method=stage_carried; extra_factors/raw_extra=III,88,Neuroendocrine Tumors of the Appendix,T4 N0 M0 III,stage_carried,YES
Neuroendocrine Tumors of the Appendix,AJCC8,yp,T4,N0,M0,Any,Any,III,source_page=88; extract_method=tnm_stage,88,Neuroendocrine Tumors of the Appendix,T4 N0 M0 III,tnm_stage,check
Neuroendocrine Tumors of the Appendix,AJCC8,yp,T4,N1,M0,Any,Any,III,source_page=88; extract_method=stage_carried; extra_factors/raw_extra=III; duplicate_source_page=88,88,Neuroendocrine Tumors of the Appendix,T4 N1 M0 III,stage_carried,YES
Neuroendocrine Tumors of the Appendix,AJCC8,yp,T4,NX|N0|N1,M1,Any,Any,III,source_page=88; extract_method=stage_carried; extra_factors/raw_extra=IV,88,Neuroendocrine Tumors of the Appendix,"T4 NX, N0, N1 M1 IV",stage_carried,YES
Neuroendocrine Tumors of the Appendix,AJCC8,yp,T4,NX|N0|N1,M1,Any,Any,IV,source_page=88; extract_method=tnm_stage,88,Neuroendocrine Tumors of the Appendix,"T4 NX, N0, N1 M1 IV",tnm_stage,check
Neuroendocrine Tumors of the Colon and Rectum,AJCC8,any,TX|T0,Any,M1,Any,Any,IV,source_page=91; extract_method=tnm_stage,91,Neuroendocrine Tumors of the Colon and Rectum,"TX, T0 Any N M1 IV",tnm_stage,check
Neuroendocrine Tumors of the Colon and Rectum,AJCC8,any,T1,N0,M0,Any,Any,IV,source_page=91; extract_method=stage_carried; extra_factors/raw_extra=I,91,Neuroendocrine Tumors of the Colon and Rectum,T1 N0 M0 I,stage_carried,YES
Neuroendocrine Tumors of the Colon and Rectum,AJCC8,any,T1,N0,M0,Any,Any,I,source_page=91; extract_method=tnm_stage,91,Neuroendocrine Tumors of the Colon and Rectum,T1 N0 M0 I,tnm_stage,check
Neuroendocrine Tumors of the Colon and Rectum,AJCC8,any,T1,N1,M0,Any,Any,I,source_page=91; extract_method=stage_carried; extra_factors/raw_extra=IIIB,91,Neuroendocrine Tumors of the Colon and Rectum,T1 N1 M0 IIIB,stage_carried,YES
Neuroendocrine Tumors of the Colon and Rectum,AJCC8,any,T1,N1,M0,Any,Any,IIIB,source_page=91; extract_method=tnm_stage,91,Neuroendocrine Tumors of the Colon and Rectum,T1 N1 M0 IIIB,tnm_stage,check
Neuroendocrine Tumors of the Colon and Rectum,AJCC8,any,T1,Any,M1,Any,Any,IIIB,source_page=91; extract_method=stage_carried; extra_factors/raw_extra=IV,91,Neuroendocrine Tumors of the Colon and Rectum,T1 Any N M1 IV,stage_carried,YES
Neuroendocrine Tumors of the Colon and Rectum,AJCC8,any,T1,Any,M1,Any,Any,IV,source_page=91; extract_method=tnm_stage,91,Neuroendocrine Tumors of the Colon and Rectum,T1 Any N M1 IV,tnm_stage,check
Neuroendocrine Tumors of the Colon and Rectum,AJCC8,any,T2,N0,M0,Any,Any,IV,source_page=91; extract_method=stage_carried; extra_factors/raw_extra=IIA,91,Neuroendocrine Tumors of the Colon and Rectum,T2 N0 M0 IIA,stage_carried,YES
Neuroendocrine Tumors of the Colon and Rectum,AJCC8,any,T2,N0,M0,Any,Any,IIA,source_page=91; extract_method=tnm_stage,91,Neuroendocrine Tumors of the Colon and Rectum,T2 N0 M0 IIA,tnm_stage,check
Neuroendocrine Tumors of the Colon and Rectum,AJCC8,any,T2,Any,M1,Any,Any,IIA,source_page=91; extract_method=stage_carried; extra_factors/raw_extra=IV,91,Neuroendocrine Tumors of the Colon and Rectum,T2 Any N M1 IV,stage_carried,YES
Neuroendocrine Tumors of the Colon and Rectum,AJCC8,any,T2,Any,M1,Any,Any,IV,source_page=91; extract_method=tnm_stage,91,Neuroendocrine Tumors of the Colon and Rectum,T2 Any N M1 IV,tnm_stage,check
Neuroendocrine Tumors of the Colon and Rectum,AJCC8,any,T3,N1,M0,Any,Any,IV,source_page=91; extract_method=stage_carried; extra_factors/raw_extra=IIIB,91,Neuroendocrine Tumors of the Colon and Rectum,T3 N1 M0 IIIB,stage_carried,YES
Neuroendocrine Tumors of the Colon and Rectum,AJCC8,any,T3,N1,M0,Any,Any,IIIB,source_page=91; extract_method=tnm_stage,91,Neuroendocrine Tumors of the Colon and Rectum,T3 N1 M0 IIIB,tnm_stage,check
Breast,AJCC8,pathological,T2,N0,M0,Any,Any,IIA,source_page=155; extract_method=tnm_stage,155,Breast,T2 N0 M0 IIA,tnm_stage,check
Breast,AJCC8,pathological,T3,N0,M0,Any,Any,IIA,source_page=155; extract_method=stage_carried; extra_factors/raw_extra=IIB,155,Breast,T3 N0 M0 IIB,stage_carried,YES
Breast,AJCC8,pathological,T3,N0,M0,Any,Any,IIB,source_page=155; extract_method=tnm_stage,155,Breast,T3 N0 M0 IIB,tnm_stage,check
Breast,AJCC8,pathological,T2,N2,M0,Any,Any,IIB,source_page=155; extract_method=stage_carried; extra_factors/raw_extra=IIIA,155,Breast,T2 N2 M0 IIIA,stage_carried,YES
Breast,AJCC8,pathological,T2,N2,M0,Any,Any,IIIA,source_page=155; extract_method=tnm_stage,155,Breast,T2 N2 M0 IIIA,tnm_stage,check
Breast,AJCC8,pathological,T3,N1,M0,Any,Any,IIIA,source_page=155; extract_method=stage_carried; extra_factors/raw_extra=IIIA; duplicate_source_page=155,155,Breast,T3 N1 M0 IIIA,stage_carried,YES
Breast,AJCC8,pathological,Any,Any,M1,Any,Any,IIIA,source_page=155; extract_method=stage_carried; extra_factors/raw_extra=IV,155,Breast,Any T Any N M1 IV,stage_carried,YES
Breast,AJCC8,pathological,Any,Any,M1,Any,Any,IV,source_page=155; extract_method=tnm_stage,155,Breast,Any T Any N M1 IV,tnm_stage,check
Breast,AJCC8,pathological,TisN0M0,Any,Any,Any,Any,0,source_page=156; extract_method=tnm_extra_stage; extra_factors/raw_extra=Any | Any; duplicate_source_page=159,156,Breast,Tis N0 M0 Any Any Any Any 0,tnm_extra_stage,YES
Breast,AJCC8,pathological,Tis,N0,M0,Any,Any,0,source_page=156; extract_method=combined_tnm_stage; extra_factors/raw_extra=Any | Any | Any | Any; duplicate_source_page=159,156,Breast,Tis N0 M0 Any Any Any Any 0,combined_tnm_stage,YES
Breast,AJCC8,pathological,T1,N0,M0,Any,Any,IA,source_page=156; extract_method=combined_tnm_stage; extra_factors/raw_extra=G1 | Positive | Positive | Positive; duplicate_source_page=159; duplicate_source_page=162,156,Breast,T1* N0 M0 G1 Positive Positive Positive IA,combined_tnm_stage,YES
Breast,AJCC8,pathological,T0,N1mi,M0,Any,Any,IA,source_page=156; extract_method=combined_tnm_stage; extra_factors/raw_extra=Negative; duplicate_source_page=159,156,Breast,T0 N1mi M0 Negative IA,combined_tnm_stage,YES
Breast,AJCC8,clinical,T0,N1,M0,Any,Any,IB,source_page=157; extract_method=combined_tnm_stage; extra_factors/raw_extra=G1 | Positive | Positive | Positive,157,Breast,T0 N1** M0 G1 Positive Positive Positive IB,combined_tnm_stage,YES
Breast,AJCC8,clinical,T1,N1,M0,Any,Any,IIA,source_page=157; extract_method=combined_tnm_stage; extra_factors/raw_extra=Negative,157,Breast,T1* N1** M0 Negative IIA,combined_tnm_stage,YES
Breast,AJCC8,clinical,T2,N1,M0,Any,Any,IB,source_page=157; extract_method=combined_tnm_stage; extra_factors/raw_extra=G1 | Positive | Positive | Positive,157,Breast,T2 N1*** M0 G1 Positive Positive Positive IB,combined_tnm_stage,YES
Breast,AJCC8,clinical,T3,N0,M0,Any,Any,IIA,source_page=157; extract_method=combined_tnm_stage; extra_factors/raw_extra=Negative,157,Breast,T3 N0 M0 Negative IIA,combined_tnm_stage,YES
Breast,AJCC8,clinical,T0,N2,M0,Any,Any,IIA,source_page=158; extract_method=combined_tnm_stage; extra_factors/raw_extra=G1 | Positive | Positive | Positive,158,Breast,T0 N2 M0 G1 Positive Positive Positive IIA,combined_tnm_stage,YES
Breast,AJCC8,clinical,T1,N2,M0,Any,Any,IIIA,source_page=158; extract_method=combined_tnm_stage; extra_factors/raw_extra=Negative,158,Breast,T1* N2 M0 Negative IIIA,combined_tnm_stage,YES
Breast,AJCC8,clinical,T3,N2,M0,Any,Any,IIIA,source_page=158; extract_method=combined_tnm_stage; extra_factors/raw_extra=Negative,158,Breast,T3 N2 M0 Negative IIIA,combined_tnm_stage,YES
Breast,AJCC8,clinical,T4,N0,M0,Any,Any,IIIA,source_page=158; extract_method=combined_tnm_stage; extra_factors/raw_extra=G1 | Positive | Positive | Positive,158,Breast,T4 N0 M0 G1 Positive Positive Positive IIIA,combined_tnm_stage,YES
Breast,AJCC8,clinical,T4,N1,M0,Any,Any,IIIB,source_page=158; extract_method=combined_tnm_stage; extra_factors/raw_extra=Negative,158,Breast,T4 N1*** M0 Negative IIIB,combined_tnm_stage,YES
Breast,AJCC8,clinical,AnyAnyNM1,Any,Any,Any,Any,IV,source_page=159; extract_method=tnm_extra_stage; extra_factors/raw_extra=Any | Any,159,Breast,Any T Any N M1 Any Any Any Any IV,tnm_extra_stage,YES
Breast,AJCC8,clinical,Any,Any,M1,Any,Any,IV,source_page=159; extract_method=combined_tnm_stage; extra_factors/raw_extra=Any | Any | Any | Any,159,Breast,Any T Any N M1 Any Any Any Any IV,combined_tnm_stage,YES
Breast,AJCC8,pathological,TisN0M0,Any,Any,Any,Any,IV,source_page=159; extract_method=stage_carried; extra_factors/raw_extra=Any | Any | 0,159,Breast,Tis N0 M0 Any Any Any Any 0,stage_carried,YES
Breast,AJCC8,any,T0,N1,M0,Any,Any,IA,source_page=160; extract_method=combined_tnm_stage; extra_factors/raw_extra=G1 | Positive | Positive | Positive,160,Breast,T0 N1** M0 G1 Positive Positive Positive IA,combined_tnm_stage,YES
Breast,AJCC8,any,T1,N1,M0,Any,Any,IB,source_page=160; extract_method=combined_tnm_stage; extra_factors/raw_extra=Negative,160,Breast,T1* N1** M0 Negative IB,combined_tnm_stage,YES
Breast,AJCC8,any,T2,N1,M0,Any,Any,IA,source_page=160; extract_method=combined_tnm_stage; extra_factors/raw_extra=G1 | Positive | Positive | Positive,160,Breast,T2 N1*** M0 G1 Positive Positive Positive IA,combined_tnm_stage,YES
Breast,AJCC8,any,T3,N0,M0,Any,Any,IIB,source_page=160; extract_method=combined_tnm_stage; extra_factors/raw_extra=Negative,160,Breast,T3 N0 M0 Negative IIB,combined_tnm_stage,YES
Breast,AJCC8,any,T0,N2,M0,Any,Any,IB,source_page=161; extract_method=combined_tnm_stage; extra_factors/raw_extra=G1 | Positive | Positive | Positive,161,Breast,T0 N2 M0 G1 Positive Positive Positive IB,combined_tnm_stage,YES
Breast,AJCC8,any,T1,N2,M0,Any,Any,IIIA,source_page=161; extract_method=combined_tnm_stage; extra_factors/raw_extra=Negative,161,Breast,T1* N2 M0 Negative IIIA,combined_tnm_stage,YES
Breast,AJCC8,any,T3,N2,M0,Any,Any,IIIA,source_page=161; extract_method=combined_tnm_stage; extra_factors/raw_extra=Negative,161,Breast,T3 N2 M0 Negative IIIA,combined_tnm_stage,YES
Breast,AJCC8,any,T4,N0,M0,Any,Any,IIIA,source_page=161; extract_method=combined_tnm_stage; extra_factors/raw_extra=G1 | Positive | Positive | Positive,161,Breast,T4 N0 M0 G1 Positive Positive Positive IIIA,combined_tnm_stage,YES
Breast,AJCC8,any,T4,N1,M0,Any,Any,IIIB,source_page=161; extract_method=combined_tnm_stage; extra_factors/raw_extra=Negative,161,Breast,T4 N1*** M0 Negative IIIB,combined_tnm_stage,YES
Breast,AJCC8,any,AnyAnyN,Any,Any,Any,Any,IV,source_page=162; extract_method=tnm_extra_stage; extra_factors/raw_extra=Any | Any,162,Breast,Any T Any N Any Any Any Any IV,tnm_extra_stage,YES
Vulva,AJCC8,any,T1-T2,N1,M0,Any,Any,IIIA,source_page=170; extract_method=tnm_stage,170,Vulva,T1-T2 N1 M0 IIIA,tnm_stage,check
Vulva,AJCC8,any,T1-T2,N2a|N2b,M0,Any,Any,IIIA,source_page=170; extract_method=stage_carried; extra_factors/raw_extra=IIIB,170,Vulva,"T1-T2 N2a, N2b M0 IIIB",stage_carried,YES
Vulva,AJCC8,any,T1-T2,N2a|N2b,M0,Any,Any,IIIB,source_page=170; extract_method=tnm_stage,170,Vulva,"T1-T2 N2a, N2b M0 IIIB",tnm_stage,check
Corpus Uteri - Sarcoma,AJCC8,any,T1,N0,M0,Any,Any,I,source_page=180; extract_method=tnm_stage,180,Corpus Uteri - Sarcoma,T1 N0 M0 I,tnm_stage,check
Corpus Uteri - Sarcoma,AJCC8,any,T1b,N0,M0,Any,Any,I,source_page=180; extract_method=stage_carried; extra_factors/raw_extra=IB,180,Corpus Uteri - Sarcoma,T1b N0 M0 IB,stage_carried,YES
Corpus Uteri - Sarcoma,AJCC8,any,T1b,N0,M0,Any,Any,IB,source_page=180; extract_method=tnm_stage,180,Corpus Uteri - Sarcoma,T1b N0 M0 IB,tnm_stage,check
Corpus Uteri - Sarcoma,AJCC8,yp,T1,N0,M0,Any,Any,I,source_page=181; extract_method=tnm_stage; extra_factors/raw_extra=Epithelioid leiomyosarcoma,181,Corpus Uteri - Sarcoma,T1 N0 M0 I Epithelioid leiomyosarcoma,tnm_stage,YES
Corpus Uteri - Sarcoma,AJCC8,yp,T1a,N0,M0,Any,Any,I,source_page=181; extract_method=stage_carried; extra_factors/raw_extra=IA | Myxoid leiomyosarcoma,181,Corpus Uteri - Sarcoma,T1a N0 M0 IA Myxoid leiomyosarcoma,stage_carried,YES
Corpus Uteri - Sarcoma,AJCC8,yp,T1a,N0,M0,Any,Any,IA,source_page=181; extract_method=tnm_stage; extra_factors/raw_extra=Myxoid leiomyosarcoma,181,Corpus Uteri - Sarcoma,T1a N0 M0 IA Myxoid leiomyosarcoma,tnm_stage,YES
Corpus Uteri - Sarcoma,AJCC8,yp,T1b,N0,M0,Any,Any,IA,source_page=181; extract_method=stage_carried; extra_factors/raw_extra=IB,181,Corpus Uteri - Sarcoma,T1b N0 M0 IB,stage_carried,YES
Corpus Uteri - Sarcoma,AJCC8,yp,T1b,N0,M0,Any,Any,IB,source_page=181; extract_method=tnm_stage,181,Corpus Uteri - Sarcoma,T1b N0 M0 IB,tnm_stage,check
Corpus Uteri - Sarcoma,AJCC8,yp,T1c,N0,M0,Any,Any,IB,source_page=181; extract_method=stage_carried; extra_factors/raw_extra=IC,181,Corpus Uteri - Sarcoma,T1c N0 M0 IC,stage_carried,YES
Corpus Uteri - Sarcoma,AJCC8,yp,T1c,N0,M0,Any,Any,IC,source_page=181; extract_method=tnm_stage,181,Corpus Uteri - Sarcoma,T1c N0 M0 IC,tnm_stage,check
Corpus Uteri - Sarcoma,AJCC8,yp,T2,N0,M0,Any,Any,IC,source_page=181; extract_method=stage_carried; extra_factors/raw_extra=II,181,Corpus Uteri - Sarcoma,T2 N0 M0 II,stage_carried,YES
Corpus Uteri - Sarcoma,AJCC8,yp,T2,N0,M0,Any,Any,II,source_page=181; extract_method=tnm_stage,181,Corpus Uteri - Sarcoma,T2 N0 M0 II,tnm_stage,check
Corpus Uteri - Sarcoma,AJCC8,yp,T3a,N0,M0,Any,Any,II,source_page=181; extract_method=stage_carried; extra_factors/raw_extra=IIIA,181,Corpus Uteri - Sarcoma,T3a N0 M0 IIIA,stage_carried,YES
Corpus Uteri - Sarcoma,AJCC8,yp,T3a,N0,M0,Any,Any,IIIA,source_page=181; extract_method=tnm_stage,181,Corpus Uteri - Sarcoma,T3a N0 M0 IIIA,tnm_stage,check
Corpus Uteri - Sarcoma,AJCC8,yp,T3b,N0,M0,Any,Any,IIIA,source_page=181; extract_method=stage_carried; extra_factors/raw_extra=IIIB,181,Corpus Uteri - Sarcoma,T3b N0 M0 IIIB,stage_carried,YES
Corpus Uteri - Sarcoma,AJCC8,yp,T3b,N0,M0,Any,Any,IIIB,source_page=181; extract_method=tnm_stage,181,Corpus Uteri - Sarcoma,T3b N0 M0 IIIB,tnm_stage,check
Corpus Uteri - Sarcoma,AJCC8,yp,T1|T2|T3,N1,M0,Any,Any,IIIB,source_page=181; extract_method=stage_carried; extra_factors/raw_extra=IIIC,181,Corpus Uteri - Sarcoma,T1-3 N1 M0 IIIC,stage_carried,YES
Corpus Uteri - Sarcoma,AJCC8,yp,T1|T2|T3,N1,M0,Any,Any,IIIC,source_page=181; extract_method=tnm_stage,181,Corpus Uteri - Sarcoma,T1-3 N1 M0 IIIC,tnm_stage,check
Corpus Uteri - Sarcoma,AJCC8,yp,T4,Any,M0,Any,Any,IIIC,source_page=181; extract_method=stage_carried; extra_factors/raw_extra=IVA | Glandular elements,181,Corpus Uteri - Sarcoma,T4 Any N M0 IVA Glandular elements,stage_carried,YES
Corpus Uteri - Sarcoma,AJCC8,yp,T4,Any,M0,Any,Any,IVA,source_page=181; extract_method=tnm_stage; extra_factors/raw_extra=Glandular elements,181,Corpus Uteri - Sarcoma,T4 Any N M0 IVA Glandular elements,tnm_stage,YES
Corpus Uteri - Sarcoma,AJCC8,yp,Any,Any,M1,Any,Any,IVA,source_page=181; extract_method=stage_carried; extra_factors/raw_extra=IVB | High-grade endometrial stromal sarcoma,181,Corpus Uteri - Sarcoma,Any T Any N M1 IVB High-grade endometrial stromal sarcoma,stage_carried,YES
Corpus Uteri - Sarcoma,AJCC8,yp,Any,Any,M1,Any,Any,IVB,source_page=181; extract_method=tnm_stage; extra_factors/raw_extra=High-grade endometrial stromal sarcoma,181,Corpus Uteri - Sarcoma,Any T Any N M1 IVB High-grade endometrial stromal sarcoma,tnm_stage,YES
"Ovary, Fallopian Tube, and Primary Peritoneal Carcinoma",AJCC8,any,T1,N0,M0,Any,Any,I,source_page=184; extract_method=tnm_stage,184,"Ovary, Fallopian Tube, and Primary Peritoneal Carcinoma",T1 N0 M0 I,tnm_stage,check
"Ovary, Fallopian Tube, and Primary Peritoneal Carcinoma",AJCC8,any,T1|T2,N1,M0,Any,Any,I,source_page=184; extract_method=stage_carried; extra_factors/raw_extra=IIIA1,184,"Ovary, Fallopian Tube, and Primary Peritoneal Carcinoma",T1/T2 N1 M0 IIIA1,stage_carried,YES
"Ovary, Fallopian Tube, and Primary Peritoneal Carcinoma",AJCC8,any,Any,Any,M1b,Any,Any,I,source_page=184; extract_method=stage_carried; extra_factors/raw_extra=IVB,184,"Ovary, Fallopian Tube, and Primary Peritoneal Carcinoma",Any T Any N M1b IVB,stage_carried,YES
"Ovary, Fallopian Tube, and Primary Peritoneal Carcinoma",AJCC8,any,Any,Any,M1b,Any,Any,IVB,source_page=184; extract_method=tnm_stage,184,"Ovary, Fallopian Tube, and Primary Peritoneal Carcinoma",Any T Any N M1b IVB,tnm_stage,check
Penis,AJCC8,any,T3,N0,M0,Any,Any,IIB,source_page=187; extract_method=tnm_stage,187,Penis,T3 N0 M0 IIB,tnm_stage,check
Penis,AJCC8,yp,Tis,N0,M0,Any,Any,IIB,source_page=187; extract_method=stage_carried; extra_factors/raw_extra=0is,187,Penis,Tis N0 M0 0is,stage_carried,YES
Penis,AJCC8,yp,Tis,N0,M0,Any,Any,0is,source_page=187; extract_method=tnm_stage,187,Penis,Tis N0 M0 0is,tnm_stage,check
Penis,AJCC8,yp,Ta,N0,M0,Any,Any,0is,source_page=187; extract_method=stage_carried; extra_factors/raw_extra=0a | Rare Other Squamous Cell Carcinomas,187,Penis,Ta N0 M0 0a Rare Other Squamous Cell Carcinomas,stage_carried,YES
Penis,AJCC8,yp,Ta,N0,M0,Any,Any,0a,source_page=187; extract_method=tnm_stage; extra_factors/raw_extra=Rare Other Squamous Cell Carcinomas,187,Penis,Ta N0 M0 0a Rare Other Squamous Cell Carcinomas,tnm_stage,YES
Prostate,AJCC8,any,T2b|T2c,N0,M0,Any,Any,IIA,source_page=190; extract_method=tnm_extra_stage; extra_factors/raw_extra=<20 | 1,190,Prostate,cT2b-c N0 M0 <20 1 IIA,tnm_extra_stage,YES
Prostate,AJCC8,any,T1|T2,N0,M0,Any,Any,IIA,source_page=190; extract_method=stage_carried; extra_factors/raw_extra=<20 | 3 | IIC,190,Prostate,T1-2 N0 M0 <20 3 IIC,stage_carried,YES
Prostate,AJCC8,any,T1|T2,N0,M0,Any,Any,IIC,source_page=190; extract_method=tnm_extra_stage; extra_factors/raw_extra=<20 | 3; duplicate_source_page=190; duplicate_source_page=190; duplicate_source_page=190,190,Prostate,T1-2 N0 M0 <20 3 IIC,tnm_extra_stage,YES
Prostate,AJCC8,any,T1|T2,N0,M0,Any,Any,IIIA,source_page=190; extract_method=tnm_extra_stage; extra_factors/raw_extra=≥20 | 1-4,190,Prostate,T1-2 N0 M0 ≥20 1-4 IIIA,tnm_extra_stage,YES
Prostate,AJCC8,any,Any,N0,M0,Any,Any,IIIA,source_page=190; extract_method=stage_carried; extra_factors/raw_extra=Any | 5 | IIIC,190,Prostate,Any T N0 M0 Any 5 IIIC,stage_carried,YES
Prostate,AJCC8,any,Any,N0,M0,Any,Any,IIIC,source_page=190; extract_method=tnm_extra_stage; extra_factors/raw_extra=Any | 5,190,Prostate,Any T N0 M0 Any 5 IIIC,tnm_extra_stage,YES
Kidney,AJCC8,yp,T1,N0,M0,Any,Any,I,source_page=196; extract_method=tnm_stage; extra_factors/raw_extra=G1 | Nucleoli absent or inconspicuous and basophilic at 400x,196,Kidney,T1 N0 M0 I G1 Nucleoli absent or inconspicuous and basophilic at 400x,tnm_stage,YES
Kidney,AJCC8,yp,T1,N1,M0,Any,Any,I,source_page=196; extract_method=stage_carried; extra_factors/raw_extra=III | magnification,196,Kidney,T1 N1 M0 III magnification,stage_carried,YES
Kidney,AJCC8,yp,T1,N1,M0,Any,Any,III,source_page=196; extract_method=tnm_stage; extra_factors/raw_extra=magnification,196,Kidney,T1 N1 M0 III magnification,tnm_stage,YES
Kidney,AJCC8,yp,T2,N0,M0,Any,Any,III,"source_page=196; extract_method=stage_carried; extra_factors/raw_extra=II | G2 | Nucleoli conspicuous and eosinophilic at 400x magnification,",196,Kidney,"T2 N0 M0 II G2 Nucleoli conspicuous and eosinophilic at 400x magnification,",stage_carried,YES
Kidney,AJCC8,yp,T2,N0,M0,Any,Any,II,"source_page=196; extract_method=tnm_stage; extra_factors/raw_extra=G2 | Nucleoli conspicuous and eosinophilic at 400x magnification,",196,Kidney,"T2 N0 M0 II G2 Nucleoli conspicuous and eosinophilic at 400x magnification,",tnm_stage,YES
Kidney,AJCC8,yp,T2,N1,M0,Any,Any,II,source_page=196; extract_method=stage_carried; extra_factors/raw_extra=III | visible but not prominent at 100x magnification,196,Kidney,T2 N1 M0 III visible but not prominent at 100x magnification,stage_carried,YES
Kidney,AJCC8,yp,T2,N1,M0,Any,Any,III,source_page=196; extract_method=tnm_stage; extra_factors/raw_extra=visible but not prominent at 100x magnification,196,Kidney,T2 N1 M0 III visible but not prominent at 100x magnification,tnm_stage,YES
Kidney,AJCC8,yp,T3,NX|N0,M0,Any,Any,III,source_page=196; extract_method=stage_carried; extra_factors/raw_extra=III | G3 | Nucleoli conspicuous and eosinophilic at 100x magnification; duplicate_source_page=196,196,Kidney,"T3 NX, N0 M0 III G3 Nucleoli conspicuous and eosinophilic at 100x magnification",stage_carried,YES
Kidney,AJCC8,yp,T3,N1,M0,Any,Any,III,source_page=196; extract_method=stage_carried; extra_factors/raw_extra=III | G4 | Marked nuclear pleomorphism and/or multinucleate giant; duplicate_source_page=196,196,Kidney,T3 N1 M0 III G4 Marked nuclear pleomorphism and/or multinucleate giant,stage_carried,YES
Kidney,AJCC8,yp,T4,Any,M0,Any,Any,III,source_page=196; extract_method=stage_carried; extra_factors/raw_extra=IV,196,Kidney,T4 Any N M0 IV,stage_carried,YES
Kidney,AJCC8,yp,T4,Any,M0,Any,Any,IV,source_page=196; extract_method=tnm_stage,196,Kidney,T4 Any N M0 IV,tnm_stage,check
Kidney,AJCC8,yp,Any,Any,M1,Any,Any,IV,source_page=196; extract_method=stage_carried; extra_factors/raw_extra=IV; duplicate_source_page=196,196,Kidney,Any T Any N M1 IV,stage_carried,YES
Renal Pelvis and Ureter,AJCC8,any,Any,Any,M1,Any,Any,IV,source_page=199; extract_method=tnm_stage,199,Renal Pelvis and Ureter,Any T Any N M1 IV,tnm_stage,check
Renal Pelvis and Ureter,AJCC8,any,Ta,N0,M0,Any,Any,IV,source_page=199; extract_method=stage_carried; extra_factors/raw_extra=0a,199,Renal Pelvis and Ureter,Ta N0 M0 0a,stage_carried,YES
Renal Pelvis and Ureter,AJCC8,any,Ta,N0,M0,Any,Any,0a,source_page=199; extract_method=tnm_stage,199,Renal Pelvis and Ureter,Ta N0 M0 0a,tnm_stage,check
Renal Pelvis and Ureter,AJCC8,any,Tis,N0,M0,Any,Any,0a,source_page=199; extract_method=stage_carried; extra_factors/raw_extra=0is,199,Renal Pelvis and Ureter,Tis N0 M0 0is,stage_carried,YES
Renal Pelvis and Ureter,AJCC8,any,Tis,N0,M0,Any,Any,0is,source_page=199; extract_method=tnm_stage,199,Renal Pelvis and Ureter,Tis N0 M0 0is,tnm_stage,check
Renal Pelvis and Ureter,AJCC8,any,T1,N0,M0,Any,Any,0is,source_page=199; extract_method=stage_carried; extra_factors/raw_extra=I,199,Renal Pelvis and Ureter,T1 N0 M0 I,stage_carried,YES
Renal Pelvis and Ureter,AJCC8,any,T1,N0,M0,Any,Any,I,source_page=199; extract_method=tnm_stage,199,Renal Pelvis and Ureter,T1 N0 M0 I,tnm_stage,check
Renal Pelvis and Ureter,AJCC8,any,T2,N0,M0,Any,Any,I,source_page=199; extract_method=stage_carried; extra_factors/raw_extra=II,199,Renal Pelvis and Ureter,T2 N0 M0 II,stage_carried,YES
Renal Pelvis and Ureter,AJCC8,any,T2,N0,M0,Any,Any,II,source_page=199; extract_method=tnm_stage,199,Renal Pelvis and Ureter,T2 N0 M0 II,tnm_stage,check
Urinary Bladder,AJCC8,yp,Ta,N0,M0,Any,Any,0a,source_page=202; extract_method=tnm_stage; extra_factors/raw_extra=noma. The histologic subtypes are as follows:,202,Urinary Bladder,Ta N0 M0 0a noma. The histologic subtypes are as follows:,tnm_stage,YES
Urinary Bladder,AJCC8,yp,Tis,N0,M0,Any,Any,0a,source_page=202; extract_method=stage_carried; extra_factors/raw_extra=0is,202,Urinary Bladder,Tis N0 M0 0is,stage_carried,YES
Urinary Bladder,AJCC8,yp,Tis,N0,M0,Any,Any,0is,source_page=202; extract_method=tnm_stage,202,Urinary Bladder,Tis N0 M0 0is,tnm_stage,check
Urinary Bladder,AJCC8,yp,T1,N0,M0,Any,Any,0is,source_page=202; extract_method=stage_carried; extra_factors/raw_extra=I | Non-invasive carcinoma,202,Urinary Bladder,T1 N0 M0 I Non-invasive carcinoma,stage_carried,YES
Urinary Bladder,AJCC8,yp,T1,N0,M0,Any,Any,I,source_page=202; extract_method=tnm_stage; extra_factors/raw_extra=Non-invasive carcinoma,202,Urinary Bladder,T1 N0 M0 I Non-invasive carcinoma,tnm_stage,YES
Urinary Bladder,AJCC8,yp,T2a,N0,M0,Any,Any,I,source_page=202; extract_method=stage_carried; extra_factors/raw_extra=II,202,Urinary Bladder,T2a N0 M0 II,stage_carried,YES
Urinary Bladder,AJCC8,yp,T2a,N0,M0,Any,Any,II,source_page=202; extract_method=tnm_stage,202,Urinary Bladder,T2a N0 M0 II,tnm_stage,check
Urinary Bladder,AJCC8,yp,T2b,N0,M0,Any,Any,II,source_page=202; extract_method=stage_carried; extra_factors/raw_extra=II | • Low-grade papillary urothelial carcinoma; duplicate_source_page=202,202,Urinary Bladder,T2b N0 M0 II • Low-grade papillary urothelial carcinoma,stage_carried,YES
Urinary Bladder,AJCC8,yp,T3a|T3b|T4a,N0,M0,Any,Any,II,source_page=202; extract_method=stage_carried; extra_factors/raw_extra=IIIA | • High-grade papillary urothelial carcinoma,202,Urinary Bladder,"T3a, T3b, T4a N0 M0 IIIA • High-grade papillary urothelial carcinoma",stage_carried,YES
Urinary Bladder,AJCC8,yp,T3a|T3b|T4a,N0,M0,Any,Any,IIIA,source_page=202; extract_method=tnm_stage; extra_factors/raw_extra=• High-grade papillary urothelial carcinoma,202,Urinary Bladder,"T3a, T3b, T4a N0 M0 IIIA • High-grade papillary urothelial carcinoma",tnm_stage,YES
Urinary Bladder,AJCC8,yp,T1-T4a,N1,M0,Any,Any,IIIA,source_page=202; extract_method=stage_carried; extra_factors/raw_extra=IIIA | • Urothelial carcinoma in situ; duplicate_source_page=202,202,Urinary Bladder,T1-T4a N1 M0 IIIA • Urothelial carcinoma in situ,stage_carried,YES
Urinary Bladder,AJCC8,yp,T1-T4a,N2|N3,M0,Any,Any,IIIA,source_page=202; extract_method=stage_carried; extra_factors/raw_extra=IIIB,202,Urinary Bladder,"T1-T4a N2, N3 M0 IIIB",stage_carried,YES
Urinary Bladder,AJCC8,yp,T1-T4a,N2|N3,M0,Any,Any,IIIB,source_page=202; extract_method=tnm_stage,202,Urinary Bladder,"T1-T4a N2, N3 M0 IIIB",tnm_stage,check
Urinary Bladder,AJCC8,yp,T4b,Any,M0,Any,Any,IIIB,source_page=202; extract_method=stage_carried; extra_factors/raw_extra=IVA | Invasive carcinoma,202,Urinary Bladder,T4b Any N M0 IVA Invasive carcinoma,stage_carried,YES
Urinary Bladder,AJCC8,yp,T4b,Any,M0,Any,Any,IVA,source_page=202; extract_method=tnm_stage; extra_factors/raw_extra=Invasive carcinoma,202,Urinary Bladder,T4b Any N M0 IVA Invasive carcinoma,tnm_stage,YES
Urinary Bladder,AJCC8,yp,Any,Any,M1a,Any,Any,IVA,source_page=202; extract_method=stage_carried; extra_factors/raw_extra=IVA; duplicate_source_page=202,202,Urinary Bladder,Any T Any N M1a IVA,stage_carried,YES
Urinary Bladder,AJCC8,yp,Any,Any,M1b,Any,Any,IVA,source_page=202; extract_method=stage_carried; extra_factors/raw_extra=IVB | • Conventional urothelial carcinoma,202,Urinary Bladder,Any T Any N M1b IVB • Conventional urothelial carcinoma,stage_carried,YES
Urinary Bladder,AJCC8,yp,Any,Any,M1b,Any,Any,IVB,source_page=202; extract_method=tnm_stage; extra_factors/raw_extra=• Conventional urothelial carcinoma,202,Urinary Bladder,Any T Any N M1b IVB • Conventional urothelial carcinoma,tnm_stage,YES
Urethra,AJCC8,any,Tis,N0,M0,Any,Any,0is,source_page=205; extract_method=tnm_stage,205,Urethra,Tis N0 M0 0is,tnm_stage,check
Urethra,AJCC8,any,Ta,N0,M0,Any,Any,0is,source_page=205; extract_method=stage_carried; extra_factors/raw_extra=0a,205,Urethra,Ta N0 M0 0a,stage_carried,YES
Urethra,AJCC8,any,Ta,N0,M0,Any,Any,0a,source_page=205; extract_method=tnm_stage,205,Urethra,Ta N0 M0 0a,tnm_stage,check
Urethra,AJCC8,any,T1,N0,M0,Any,Any,0a,source_page=205; extract_method=stage_carried; extra_factors/raw_extra=I,205,Urethra,T1 N0 M0 I,stage_carried,YES
Urethra,AJCC8,any,T1,N0,M0,Any,Any,I,source_page=205; extract_method=tnm_stage,205,Urethra,T1 N0 M0 I,tnm_stage,check
Urethra,AJCC8,any,T1,N1,M0,Any,Any,I,source_page=205; extract_method=stage_carried; extra_factors/raw_extra=III,205,Urethra,T1 N1 M0 III,stage_carried,YES
Urethra,AJCC8,any,T1,N1,M0,Any,Any,III,source_page=205; extract_method=tnm_stage,205,Urethra,T1 N1 M0 III,tnm_stage,check
Urethra,AJCC8,any,T2,N0,M0,Any,Any,III,source_page=205; extract_method=stage_carried; extra_factors/raw_extra=II,205,Urethra,T2 N0 M0 II,stage_carried,YES
Urethra,AJCC8,any,T2,N0,M0,Any,Any,II,source_page=205; extract_method=tnm_stage,205,Urethra,T2 N0 M0 II,tnm_stage,check
Urethra,AJCC8,any,T2,N1,M0,Any,Any,II,source_page=205; extract_method=stage_carried; extra_factors/raw_extra=III,205,Urethra,T2 N1 M0 III,stage_carried,YES
Urethra,AJCC8,any,T2,N1,M0,Any,Any,III,source_page=205; extract_method=tnm_stage,205,Urethra,T2 N1 M0 III,tnm_stage,check
Urethra,AJCC8,any,Any,Any,M1,Any,Any,III,source_page=205; extract_method=stage_carried; extra_factors/raw_extra=IV,205,Urethra,Any T Any N M1 IV,stage_carried,YES
Urethra,AJCC8,any,Any,Any,M1,Any,Any,IV,source_page=205; extract_method=tnm_stage,205,Urethra,Any T Any N M1 IV,tnm_stage,check
Eyelid Carcinoma,AJCC8,yp,Tis,N0,M0,Any,Any,0,source_page=207; extract_method=tnm_stage; extra_factors/raw_extra=Primary eccrine adenocarcinoma,207,Eyelid Carcinoma,Tis N0 M0 0 Primary eccrine adenocarcinoma,tnm_stage,YES
Eyelid Carcinoma,AJCC8,yp,T1,N0,M0,Any,Any,0,source_page=207; extract_method=stage_carried; extra_factors/raw_extra=IA | Microcystic adnexal carcinoma (sclerosing sweat duct,207,Eyelid Carcinoma,T1 N0 M0 IA Microcystic adnexal carcinoma (sclerosing sweat duct,stage_carried,YES
Eyelid Carcinoma,AJCC8,yp,T1,N0,M0,Any,Any,IA,source_page=207; extract_method=tnm_stage; extra_factors/raw_extra=Microcystic adnexal carcinoma (sclerosing sweat duct,207,Eyelid Carcinoma,T1 N0 M0 IA Microcystic adnexal carcinoma (sclerosing sweat duct,tnm_stage,YES
Eyelid Carcinoma,AJCC8,yp,T2a,N0,M0,Any,Any,IA,source_page=207; extract_method=stage_carried; extra_factors/raw_extra=IB | adenocarcinoma),207,Eyelid Carcinoma,T2a N0 M0 IB adenocarcinoma),stage_carried,YES
Eyelid Carcinoma,AJCC8,yp,T2a,N0,M0,Any,Any,IB,source_page=207; extract_method=tnm_stage; extra_factors/raw_extra=adenocarcinoma),207,Eyelid Carcinoma,T2a N0 M0 IB adenocarcinoma),tnm_stage,YES
Uveal Melanoma,AJCC8,yp,T1a,N0,M0,Any,Any,I,"source_page=216; extract_method=tnm_stage; extra_factors/raw_extra=spindle, i.e. epithelioid cells detected) and contrast them with grade 1",216,Uveal Melanoma,"T1a N0 M0 I spindle, i.e. epithelioid cells detected) and contrast them with grade 1",tnm_stage,YES
Uveal Melanoma,AJCC8,any,T1b-d,N0,M0,Any,Any,I,source_page=216; extract_method=stage_carried; extra_factors/raw_extra=IIA,216,Uveal Melanoma,T1b-d N0 M0 IIA,stage_carried,YES
Uveal Melanoma,AJCC8,any,T1b-d,N0,M0,Any,Any,IIA,source_page=216; extract_method=tnm_stage,216,Uveal Melanoma,T1b-d N0 M0 IIA,tnm_stage,check
Uveal Melanoma,AJCC8,any,T2a,N0,M0,Any,Any,IIA,source_page=216; extract_method=stage_carried; extra_factors/raw_extra=IIA; duplicate_source_page=216,216,Uveal Melanoma,T2a N0 M0 IIA,stage_carried,YES
Uveal Melanoma,AJCC8,any,T2b,N0,M0,Any,Any,IIA,source_page=216; extract_method=stage_carried; extra_factors/raw_extra=IIB,216,Uveal Melanoma,T2b N0 M0 IIB,stage_carried,YES
Uveal Melanoma,AJCC8,any,T2b,N0,M0,Any,Any,IIB,source_page=216; extract_method=tnm_stage,216,Uveal Melanoma,T2b N0 M0 IIB,tnm_stage,check
Uveal Melanoma,AJCC8,yp,T3a,N0,M0,Any,Any,IIB,source_page=216; extract_method=stage_carried; extra_factors/raw_extra=IIB | HISTOPATHOLOGIC TYPE; duplicate_source_page=216,216,Uveal Melanoma,T3a N0 M0 IIB HISTOPATHOLOGIC TYPE,stage_carried,YES
Uveal Melanoma,AJCC8,yp,T2c-d,N0,M0,Any,Any,IIB,source_page=216; extract_method=stage_carried; extra_factors/raw_extra=IIIA,216,Uveal Melanoma,T2c-d N0 M0 IIIA,stage_carried,YES
Uveal Melanoma,AJCC8,yp,T2c-d,N0,M0,Any,Any,IIIA,source_page=216; extract_method=tnm_stage,216,Uveal Melanoma,T2c-d N0 M0 IIIA,tnm_stage,check
Uveal Melanoma,AJCC8,yp,T3b|T3c,N0,M0,Any,Any,IIIA,source_page=216; extract_method=stage_carried; extra_factors/raw_extra=IIIA | Mixed epithelioid and spindle cell melanoma; duplicate_source_page=216,216,Uveal Melanoma,T3b-c N0 M0 IIIA Mixed epithelioid and spindle cell melanoma,stage_carried,YES
Uveal Melanoma,AJCC8,yp,T4a,N0,M0,Any,Any,IIIA,source_page=216; extract_method=stage_carried; extra_factors/raw_extra=IIIA | Epithelioid cell melanoma; duplicate_source_page=216,216,Uveal Melanoma,T4a N0 M0 IIIA Epithelioid cell melanoma,stage_carried,YES
Uveal Melanoma,AJCC8,yp,T3d,N0,M0,Any,Any,IIIA,source_page=216; extract_method=stage_carried; extra_factors/raw_extra=IIIB | Spindle cell melanoma,216,Uveal Melanoma,T3d N0 M0 IIIB Spindle cell melanoma,stage_carried,YES
Uveal Melanoma,AJCC8,yp,T3d,N0,M0,Any,Any,IIIB,source_page=216; extract_method=tnm_stage; extra_factors/raw_extra=Spindle cell melanoma,216,Uveal Melanoma,T3d N0 M0 IIIB Spindle cell melanoma,tnm_stage,YES
Uveal Melanoma,AJCC8,yp,T4b|T4c,N0,M0,Any,Any,IIIB,"source_page=216; extract_method=stage_carried; extra_factors/raw_extra=IIIB | Spindle cell melanoma, type A; duplicate_source_page=216",216,Uveal Melanoma,"T4b-c N0 M0 IIIB Spindle cell melanoma, type A",stage_carried,YES
Uveal Melanoma,AJCC8,yp,T4d-e,N0,M0,Any,Any,IIIB,"source_page=216; extract_method=stage_carried; extra_factors/raw_extra=IIIC | Spindle cell melanoma, type B",216,Uveal Melanoma,"T4d-e N0 M0 IIIC Spindle cell melanoma, type B",stage_carried,YES
Uveal Melanoma,AJCC8,yp,T4d-e,N0,M0,Any,Any,IIIC,"source_page=216; extract_method=tnm_stage; extra_factors/raw_extra=Spindle cell melanoma, type B",216,Uveal Melanoma,"T4d-e N0 M0 IIIC Spindle cell melanoma, type B",tnm_stage,YES
Uveal Melanoma,AJCC8,yp,Any,N1,M0,Any,Any,IIIC,source_page=216; extract_method=stage_carried; extra_factors/raw_extra=IV,216,Uveal Melanoma,Any T N1 M0 IV,stage_carried,YES
Uveal Melanoma,AJCC8,yp,Any,N1,M0,Any,Any,IV,source_page=216; extract_method=tnm_stage,216,Uveal Melanoma,Any T N1 M0 IV,tnm_stage,check
Uveal Melanoma,AJCC8,yp,Any,Any,M1a|M1b|M1c,Any,Any,IV,source_page=216; extract_method=stage_carried; extra_factors/raw_extra=IV; duplicate_source_page=216,216,Uveal Melanoma,Any T Any N M1a-c IV,stage_carried,YES
Retinoblastoma,AJCC8,clinical,T4a,N0,M0,Any,Any,II,source_page=220; extract_method=tnm_grade_stage; extra_factors/raw_extra=Any H | This classification applies only to retinoblastoma. The cen-,220,Retinoblastoma,cT4a cN0 cM0 Any H II This classification applies only to retinoblastoma. The cen-,tnm_grade_stage,YES
Retinoblastoma,AJCC8,clinical,T4b,N0,M0,Any,Any,II,source_page=220; extract_method=stage_carried; extra_factors/raw_extra=Any H | III | tral nervous system component of “trilateral retinoblastoma”,220,Retinoblastoma,cT4b cN0 cM0 Any H III tral nervous system component of “trilateral retinoblastoma”,stage_carried,YES
Retinoblastoma,AJCC8,clinical,T4b,N0,M0,Any,Any,III,source_page=220; extract_method=tnm_grade_stage; extra_factors/raw_extra=Any H | tral nervous system component of “trilateral retinoblastoma”,220,Retinoblastoma,cT4b cN0 cM0 Any H III tral nervous system component of “trilateral retinoblastoma”,tnm_grade_stage,YES
Retinoblastoma,AJCC8,clinical,Any,N1,M0,Any,Any,III,"source_page=220; extract_method=stage_carried; extra_factors/raw_extra=Any H | III | would be required in addition to this staging, using the sec-; duplicate_source_page=220",220,Retinoblastoma,"Any T cN1 cM0 Any H III would be required in addition to this staging, using the sec-",stage_carried,YES
Retinoblastoma,AJCC8,clinical,Any,Any,M1|M1AnyH,Any,Any,III,source_page=220; extract_method=stage_carried; extra_factors/raw_extra=IV | tion pertinent to brain and spinal cord tumors (Chap. 72).,220,Retinoblastoma,Any T Any N cM1 or pM1 Any H IV tion pertinent to brain and spinal cord tumors (Chap. 72).,stage_carried,YES
Retinoblastoma,AJCC8,clinical,Any,Any,M1|M1AnyH,Any,Any,IV,source_page=220; extract_method=tnm_stage; extra_factors/raw_extra=tion pertinent to brain and spinal cord tumors (Chap. 72).,220,Retinoblastoma,Any T Any N cM1 or pM1 Any H IV tion pertinent to brain and spinal cord tumors (Chap. 72).,tnm_stage,YES
Thyroid - Differentiated and Anaplastic Carcinoma,AJCC8,yp,T1-T3a,N0|NX,M0,Any,Any,IVA,source_page=235; extract_method=tnm_stage; extra_factors/raw_extra=Hürthle cell carcinoma,235,Thyroid - Differentiated and Anaplastic Carcinoma,T1-T3a N0/NX M0 IVA Hürthle cell carcinoma,tnm_stage,YES
Thyroid - Differentiated and Anaplastic Carcinoma,AJCC8,yp,T1-T3a,N1,M0,Any,Any,IVA,source_page=235; extract_method=stage_carried; extra_factors/raw_extra=IVB,235,Thyroid - Differentiated and Anaplastic Carcinoma,T1-T3a N1 M0 IVB,stage_carried,YES
Thyroid - Differentiated and Anaplastic Carcinoma,AJCC8,yp,T1-T3a,N1,M0,Any,Any,IVB,source_page=235; extract_method=tnm_stage,235,Thyroid - Differentiated and Anaplastic Carcinoma,T1-T3a N1 M0 IVB,tnm_stage,check
Thyroid - Differentiated and Anaplastic Carcinoma,AJCC8,yp,T3b,Any,M0,Any,Any,IVB,source_page=235; extract_method=stage_carried; extra_factors/raw_extra=IVB; duplicate_source_page=235,235,Thyroid - Differentiated and Anaplastic Carcinoma,T3b Any N M0 IVB,stage_carried,YES
Thyroid - Differentiated and Anaplastic Carcinoma,AJCC8,yp,T4,Any,M0,Any,Any,IVB,source_page=235; extract_method=stage_carried; extra_factors/raw_extra=IVB; duplicate_source_page=235,235,Thyroid - Differentiated and Anaplastic Carcinoma,T4 Any N M0 IVB,stage_carried,YES
Thyroid - Differentiated and Anaplastic Carcinoma,AJCC8,yp,Any,Any,M1,Any,Any,IVB,source_page=235; extract_method=stage_carried; extra_factors/raw_extra=IVC,235,Thyroid - Differentiated and Anaplastic Carcinoma,Any T Any N M1 IVC,stage_carried,YES
Thyroid - Differentiated and Anaplastic Carcinoma,AJCC8,yp,Any,Any,M1,Any,Any,IVC,source_page=235; extract_method=tnm_stage,235,Thyroid - Differentiated and Anaplastic Carcinoma,Any T Any N M1 IVC,tnm_stage,check
Thyroid - Medullary,AJCC8,any,tothethyroid,AnyT,AnyN,Any,Any,IVC,source_page=239; extract_method=tnm_extra_stage; extra_factors/raw_extra=M1; duplicate_source_page=239,239,Thyroid - Medullary,to the thyroid Any T Any N M1 IVC,tnm_extra_stage,YES
Primary Cutaneous Lymphomas,AJCC8,yp,T1,N0,M0,Any,Any,IA,"source_page=253; extract_method=tnm_grade_stage; extra_factors/raw_extra=B0,1 | or involvement of any lymph node region that does",253,Primary Cutaneous Lymphomas,"T1 N0 M0 B0,1 IA or involvement of any lymph node region that does",tnm_grade_stage,YES
Primary Cutaneous Lymphomas,AJCC8,yp,T2,N0,M0,Any,Any,IA,"source_page=253; extract_method=stage_carried; extra_factors/raw_extra=B0,1 | IB | not drain an area of current or prior skin involvement",253,Primary Cutaneous Lymphomas,"T2 N0 M0 B0,1 IB not drain an area of current or prior skin involvement",stage_carried,YES
Primary Cutaneous Lymphomas,AJCC8,yp,T2,N0,M0,Any,Any,IB,"source_page=253; extract_method=tnm_grade_stage; extra_factors/raw_extra=B0,1 | not drain an area of current or prior skin involvement",253,Primary Cutaneous Lymphomas,"T2 N0 M0 B0,1 IB not drain an area of current or prior skin involvement",tnm_grade_stage,YES
