site,edition,classification,t,n,m,grade,location,stage,note,source_block_id,source_pdf_page,printed_page,section_heading,extraction_status
Lip and Oral Cavity,AJCC7,any,Tis,N0,M0,Any,Any,0,extracted_candidate_v2_1 from B00011; cancer committee review pending,B00011,45,29,ANATOMIC STAGE/PROGNOSTIC GROUPS,simple_tnm_stage_table_candidate
Lip and Oral Cavity,AJCC7,any,T2,N0,M0,Any,Any,II,extracted_candidate_v2_1 from B00011; cancer committee review pending,B00011,45,29,ANATOMIC STAGE/PROGNOSTIC GROUPS,simple_tnm_stage_table_candidate
Lip and Oral Cavity,AJCC7,any,T3,N0,M0,Any,Any,III,extracted_candidate_v2_1 from B00011; cancer committee review pending,B00011,45,29,ANATOMIC STAGE/PROGNOSTIC GROUPS,simple_tnm_stage_table_candidate
Lip and Oral Cavity,AJCC7,any,T4a,N0,M0,Any,Any,IVA,extracted_candidate_v2_1 from B00011; cancer committee review pending,B00011,45,29,ANATOMIC STAGE/PROGNOSTIC GROUPS,simple_tnm_stage_table_candidate
Lip and Oral Cavity,AJCC7,any,Any,N3,M0,Any,Any,IVB,extracted_candidate_v2_1 from B00011; cancer committee review pending,B00011,45,29,ANATOMIC STAGE/PROGNOSTIC GROUPS,simple_tnm_stage_table_candidate
Lip and Oral Cavity,AJCC7,any,Any,Any,M1,Any,Any,IVC,extracted_candidate_v2_1 from B00011; cancer committee review pending,B00011,45,29,ANATOMIC STAGE/PROGNOSTIC GROUPS,simple_tnm_stage_table_candidate
Lip and Oral Cavity,AJCC7,any,Tis,N0,M0,Any,Any,0,extracted_candidate_v2_1 from B00014; cancer committee review pending,B00014,49,33,ANATOMIC STAGE/PROGNOSTIC GROUPS,simple_tnm_stage_table_candidate
Lip and Oral Cavity,AJCC7,any,T2,N0,M0,Any,Any,II,extracted_candidate_v2_1 from B00014; cancer committee review pending,B00014,49,33,ANATOMIC STAGE/PROGNOSTIC GROUPS,simple_tnm_stage_table_candidate
Lip and Oral Cavity,AJCC7,any,T3,N0,M0,Any,Any,III,extracted_candidate_v2_1 from B00014; cancer committee review pending,B00014,49,33,ANATOMIC STAGE/PROGNOSTIC GROUPS,simple_tnm_stage_table_candidate
Lip and Oral Cavity,AJCC7,any,T4a,N0,M0,Any,Any,IVA,extracted_candidate_v2_1 from B00014; cancer committee review pending,B00014,49,33,ANATOMIC STAGE/PROGNOSTIC GROUPS,simple_tnm_stage_table_candidate
Lip and Oral Cavity,AJCC7,any,Any,N3,M0,Any,Any,IVB,extracted_candidate_v2_1 from B00015; cancer committee review pending,B00015,50,34,ANATOMIC STAGE/PROGNOSTIC GROUPS,simple_tnm_stage_table_candidate
Lip and Oral Cavity,AJCC7,any,Any,Any,M1,Any,Any,IVC,extracted_candidate_v2_1 from B00015; cancer committee review pending,B00015,50,34,ANATOMIC STAGE/PROGNOSTIC GROUPS,simple_tnm_stage_table_candidate
"Pharynx (Including base of tongue, soft palate, and uvula)",AJCC7,any,Tis,N0,M0,Any,Any,0,extracted_candidate_v2_1 from B00021; cancer committee review pending,B00021,57,41,ANATOMIC STAGE/PROGNOSTIC GROUPS,simple_tnm_stage_table_candidate
"Pharynx (Including base of tongue, soft palate, and uvula)",AJCC7,any,T1,N1,M0,Any,Any,II,extracted_candidate_v2_1 from B00021; cancer committee review pending,B00021,57,41,ANATOMIC STAGE/PROGNOSTIC GROUPS,simple_tnm_stage_table_candidate
"Pharynx (Including base of tongue, soft palate, and uvula)",AJCC7,any,T1,N2,M0,Any,Any,III,extracted_candidate_v2_1 from B00021; cancer committee review pending,B00021,57,41,ANATOMIC STAGE/PROGNOSTIC GROUPS,simple_tnm_stage_table_candidate
"Pharynx (Including base of tongue, soft palate, and uvula)",AJCC7,any,T4,N0,M0,Any,Any,IVA,extracted_candidate_v2_1 from B00021; cancer committee review pending,B00021,57,41,ANATOMIC STAGE/PROGNOSTIC GROUPS,simple_tnm_stage_table_candidate
"Pharynx (Including base of tongue, soft palate, and uvula)",AJCC7,any,Any,N3,M0,Any,Any,IVB,extracted_candidate_v2_1 from B00021; cancer committee review pending,B00021,57,41,ANATOMIC STAGE/PROGNOSTIC GROUPS,simple_tnm_stage_table_candidate
"Pharynx (Including base of tongue, soft palate, and uvula)",AJCC7,any,Any,Any,M1,Any,Any,IVC,extracted_candidate_v2_1 from B00021; cancer committee review pending,B00021,57,41,ANATOMIC STAGE/PROGNOSTIC GROUPS,simple_tnm_stage_table_candidate
"Pharynx (Including base of tongue, soft palate, and uvula)",AJCC7,any,Tis,N0,M0,Any,Any,0,extracted_candidate_v2_1 from B00022; cancer committee review pending,B00022,58,42,ANATOMIC STAGE/PROGNOSTIC GROUPS,simple_tnm_stage_table_candidate
"Pharynx (Including base of tongue, soft palate, and uvula)",AJCC7,any,T2,N0,M0,Any,Any,II,extracted_candidate_v2_1 from B00022; cancer committee review pending,B00022,58,42,ANATOMIC STAGE/PROGNOSTIC GROUPS,simple_tnm_stage_table_candidate
"Pharynx (Including base of tongue, soft palate, and uvula)",AJCC7,any,T3,N0,M0,Any,Any,III,extracted_candidate_v2_1 from B00022; cancer committee review pending,B00022,58,42,ANATOMIC STAGE/PROGNOSTIC GROUPS,simple_tnm_stage_table_candidate
"Pharynx (Including base of tongue, soft palate, and uvula)",AJCC7,any,T4a,N0,M0,Any,Any,IVA,extracted_candidate_v2_1 from B00022; cancer committee review pending,B00022,58,42,ANATOMIC STAGE/PROGNOSTIC GROUPS,simple_tnm_stage_table_candidate
"Pharynx (Including base of tongue, soft palate, and uvula)",AJCC7,any,T4b,Any,M0,Any,Any,IVB,extracted_candidate_v2_1 from B00022; cancer committee review pending,B00022,58,42,ANATOMIC STAGE/PROGNOSTIC GROUPS,simple_tnm_stage_table_candidate
"Pharynx (Including base of tongue, soft palate, and uvula)",AJCC7,any,Any,Any,M1,Any,Any,IVC,extracted_candidate_v2_1 from B00022; cancer committee review pending,B00022,58,42,ANATOMIC STAGE/PROGNOSTIC GROUPS,simple_tnm_stage_table_candidate
"Pharynx (Including base of tongue, soft palate, and uvula)",AJCC7,any,Tis,N0,M0,Any,Any,0,extracted_candidate_v2_1 from B00027; cancer committee review pending,B00027,62,46,ANATOMIC STAGE/PROGNOSTIC GROUPS,simple_tnm_stage_table_candidate
"Pharynx (Including base of tongue, soft palate, and uvula)",AJCC7,any,T1,N1,M0,Any,Any,II,extracted_candidate_v2_1 from B00027; cancer committee review pending,B00027,62,46,ANATOMIC STAGE/PROGNOSTIC GROUPS,simple_tnm_stage_table_candidate
"Pharynx (Including base of tongue, soft palate, and uvula)",AJCC7,any,T1,N2,M0,Any,Any,III,extracted_candidate_v2_1 from B00027; cancer committee review pending,B00027,62,46,ANATOMIC STAGE/PROGNOSTIC GROUPS,simple_tnm_stage_table_candidate
"Pharynx (Including base of tongue, soft palate, and uvula)",AJCC7,any,T4,N0,M0,Any,Any,IVA,extracted_candidate_v2_1 from B00027; cancer committee review pending,B00027,62,46,ANATOMIC STAGE/PROGNOSTIC GROUPS,simple_tnm_stage_table_candidate
"Pharynx (Including base of tongue, soft palate, and uvula)",AJCC7,any,Any,N3,M0,Any,Any,IVB,extracted_candidate_v2_1 from B00027; cancer committee review pending,B00027,62,46,ANATOMIC STAGE/PROGNOSTIC GROUPS,simple_tnm_stage_table_candidate
"Pharynx (Including base of tongue, soft palate, and uvula)",AJCC7,any,Any,Any,M1,Any,Any,IVC,extracted_candidate_v2_1 from B00027; cancer committee review pending,B00027,62,46,ANATOMIC STAGE/PROGNOSTIC GROUPS,simple_tnm_stage_table_candidate
"Pharynx (Including base of tongue, soft palate, and uvula)",AJCC7,any,T2,N0,M0,Any,Any,II,extracted_candidate_v2_1 from B00027; cancer committee review pending,B00027,62,46,ANATOMIC STAGE/PROGNOSTIC GROUPS,simple_tnm_stage_table_candidate
"Pharynx (Including base of tongue, soft palate, and uvula)",AJCC7,any,T3,N0,M0,Any,Any,III,extracted_candidate_v2_1 from B00027; cancer committee review pending,B00027,62,46,ANATOMIC STAGE/PROGNOSTIC GROUPS,simple_tnm_stage_table_candidate
"Pharynx (Including base of tongue, soft palate, and uvula)",AJCC7,any,T4a,N0,M0,Any,Any,IVA,extracted_candidate_v2_1 from B00027; cancer committee review pending,B00027,62,46,ANATOMIC STAGE/PROGNOSTIC GROUPS,simple_tnm_stage_table_candidate
"Pharynx (Including base of tongue, soft palate, and uvula)",AJCC7,any,T4b,Any,M0,Any,Any,IVB,extracted_candidate_v2_1 from B00027; cancer committee review pending,B00027,62,46,ANATOMIC STAGE/PROGNOSTIC GROUPS,simple_tnm_stage_table_candidate
Larynx,AJCC7,any,Tis,N0,M0,Any,Any,0,extracted_candidate_v2_1 from B00033; cancer committee review pending,B00033,73,57,ANATOMIC STAGE/PROGNOSTIC GROUPS,simple_tnm_stage_table_candidate
Larynx,AJCC7,any,T2,N0,M0,Any,Any,II,extracted_candidate_v2_1 from B00033; cancer committee review pending,B00033,73,57,ANATOMIC STAGE/PROGNOSTIC GROUPS,simple_tnm_stage_table_candidate
Larynx,AJCC7,any,T3,N0,M0,Any,Any,III,extracted_candidate_v2_1 from B00033; cancer committee review pending,B00033,73,57,ANATOMIC STAGE/PROGNOSTIC GROUPS,simple_tnm_stage_table_candidate
Larynx,AJCC7,any,T4a,N0,M0,Any,Any,IVA,extracted_candidate_v2_1 from B00033; cancer committee review pending,B00033,73,57,ANATOMIC STAGE/PROGNOSTIC GROUPS,simple_tnm_stage_table_candidate
Larynx,AJCC7,any,T4b,Any,M0,Any,Any,IVB,extracted_candidate_v2_1 from B00033; cancer committee review pending,B00033,73,57,ANATOMIC STAGE/PROGNOSTIC GROUPS,simple_tnm_stage_table_candidate
Larynx,AJCC7,any,Any,Any,M1,Any,Any,IVC,extracted_candidate_v2_1 from B00033; cancer committee review pending,B00033,73,57,ANATOMIC STAGE/PROGNOSTIC GROUPS,simple_tnm_stage_table_candidate
Larynx,AJCC7,any,Tis,N0,M0,Any,Any,0,extracted_candidate_v2_1 from B00036; cancer committee review pending,B00036,76,60,ANATOMIC STAGE/PROGNOSTIC GROUPS,simple_tnm_stage_table_candidate
Larynx,AJCC7,any,T2,N0,M0,Any,Any,II,extracted_candidate_v2_1 from B00036; cancer committee review pending,B00036,76,60,ANATOMIC STAGE/PROGNOSTIC GROUPS,simple_tnm_stage_table_candidate
Larynx,AJCC7,any,T3,N0,M0,Any,Any,III,extracted_candidate_v2_1 from B00036; cancer committee review pending,B00036,76,60,ANATOMIC STAGE/PROGNOSTIC GROUPS,simple_tnm_stage_table_candidate
Larynx,AJCC7,any,T4a,N0,M0,Any,Any,IVA,extracted_candidate_v2_1 from B00036; cancer committee review pending,B00036,76,60,ANATOMIC STAGE/PROGNOSTIC GROUPS,simple_tnm_stage_table_candidate
Larynx,AJCC7,any,T4b,Any,M0,Any,Any,IVB,extracted_candidate_v2_1 from B00036; cancer committee review pending,B00036,76,60,ANATOMIC STAGE/PROGNOSTIC GROUPS,simple_tnm_stage_table_candidate
Larynx,AJCC7,any,Any,Any,M1,Any,Any,IVC,extracted_candidate_v2_1 from B00036; cancer committee review pending,B00036,76,60,ANATOMIC STAGE/PROGNOSTIC GROUPS,simple_tnm_stage_table_candidate
Nasal Cavity and Paranasal Sinuses,AJCC7,any,Tis,N0,M0,Any,Any,0,extracted_candidate_v2_1 from B00042; cancer committee review pending,B00042,85,69,ANATOMIC STAGE/PROGNOSTIC GROUPS,simple_tnm_stage_table_candidate
Nasal Cavity and Paranasal Sinuses,AJCC7,any,T2,N0,M0,Any,Any,II,extracted_candidate_v2_1 from B00042; cancer committee review pending,B00042,85,69,ANATOMIC STAGE/PROGNOSTIC GROUPS,simple_tnm_stage_table_candidate
Nasal Cavity and Paranasal Sinuses,AJCC7,any,T3,N0,M0,Any,Any,III,extracted_candidate_v2_1 from B00042; cancer committee review pending,B00042,85,69,ANATOMIC STAGE/PROGNOSTIC GROUPS,simple_tnm_stage_table_candidate
Nasal Cavity and Paranasal Sinuses,AJCC7,any,T4a,N0,M0,Any,Any,IVA,extracted_candidate_v2_1 from B00042; cancer committee review pending,B00042,85,69,ANATOMIC STAGE/PROGNOSTIC GROUPS,simple_tnm_stage_table_candidate
Nasal Cavity and Paranasal Sinuses,AJCC7,any,T4b,Any,M0,Any,Any,IVB,extracted_candidate_v2_1 from B00042; cancer committee review pending,B00042,85,69,ANATOMIC STAGE/PROGNOSTIC GROUPS,simple_tnm_stage_table_candidate
Nasal Cavity and Paranasal Sinuses,AJCC7,any,Any,Any,M1,Any,Any,IVC,extracted_candidate_v2_1 from B00042; cancer committee review pending,B00042,85,69,ANATOMIC STAGE/PROGNOSTIC GROUPS,simple_tnm_stage_table_candidate
Nasal Cavity and Paranasal Sinuses,AJCC7,any,Tis,N0,M0,Any,Any,0,extracted_candidate_v2_1 from B00046; cancer committee review pending,B00046,88,72,ANATOMIC STAGE/PROGNOSTIC GROUPS,simple_tnm_stage_table_candidate
Nasal Cavity and Paranasal Sinuses,AJCC7,any,T2,N0,M0,Any,Any,II,extracted_candidate_v2_1 from B00046; cancer committee review pending,B00046,88,72,ANATOMIC STAGE/PROGNOSTIC GROUPS,simple_tnm_stage_table_candidate
Nasal Cavity and Paranasal Sinuses,AJCC7,any,T3,N0,M0,Any,Any,III,extracted_candidate_v2_1 from B00046; cancer committee review pending,B00046,88,72,ANATOMIC STAGE/PROGNOSTIC GROUPS,simple_tnm_stage_table_candidate
Nasal Cavity and Paranasal Sinuses,AJCC7,any,T4a,N0,M0,Any,Any,IVA,extracted_candidate_v2_1 from B00046; cancer committee review pending,B00046,88,72,ANATOMIC STAGE/PROGNOSTIC GROUPS,simple_tnm_stage_table_candidate
Nasal Cavity and Paranasal Sinuses,AJCC7,any,T4b,Any,M0,Any,Any,IVB,extracted_candidate_v2_1 from B00046; cancer committee review pending,B00046,88,72,ANATOMIC STAGE/PROGNOSTIC GROUPS,simple_tnm_stage_table_candidate
Nasal Cavity and Paranasal Sinuses,AJCC7,any,Any,Any,M1,Any,Any,IVC,extracted_candidate_v2_1 from B00046; cancer committee review pending,B00046,88,72,ANATOMIC STAGE/PROGNOSTIC GROUPS,simple_tnm_stage_table_candidate
Major Salivary Glands,AJCC7,any,T2,N0,M0,Any,Any,II,extracted_candidate_v2_1 from B00052; cancer committee review pending,B00052,95,79,ANATOMIC STAGE/PROGNOSTIC GROUPS,simple_tnm_stage_table_candidate
Major Salivary Glands,AJCC7,any,T3,N0,M0,Any,Any,III,extracted_candidate_v2_1 from B00052; cancer committee review pending,B00052,95,79,ANATOMIC STAGE/PROGNOSTIC GROUPS,simple_tnm_stage_table_candidate
Major Salivary Glands,AJCC7,any,T4a,N0,M0,Any,Any,IVA,extracted_candidate_v2_1 from B00052; cancer committee review pending,B00052,95,79,ANATOMIC STAGE/PROGNOSTIC GROUPS,simple_tnm_stage_table_candidate
Major Salivary Glands,AJCC7,any,T4b,Any,M0,Any,Any,IVB,extracted_candidate_v2_1 from B00052; cancer committee review pending,B00052,95,79,ANATOMIC STAGE/PROGNOSTIC GROUPS,simple_tnm_stage_table_candidate
Major Salivary Glands,AJCC7,any,Any,Any,M1,Any,Any,IVC,extracted_candidate_v2_1 from B00052; cancer committee review pending,B00052,95,79,ANATOMIC STAGE/PROGNOSTIC GROUPS,simple_tnm_stage_table_candidate
Major Salivary Glands,AJCC7,any,T2,N0,M0,Any,Any,II,extracted_candidate_v2_1 from B00055; cancer committee review pending,B00055,96,80,ANATOMIC STAGE/PROGNOSTIC GROUPS,simple_tnm_stage_table_candidate
Major Salivary Glands,AJCC7,any,T3,N0,M0,Any,Any,III,extracted_candidate_v2_1 from B00055; cancer committee review pending,B00055,96,80,ANATOMIC STAGE/PROGNOSTIC GROUPS,simple_tnm_stage_table_candidate
Major Salivary Glands,AJCC7,any,T4a,N0,M0,Any,Any,IVA,extracted_candidate_v2_1 from B00055; cancer committee review pending,B00055,96,80,ANATOMIC STAGE/PROGNOSTIC GROUPS,simple_tnm_stage_table_candidate
Major Salivary Glands,AJCC7,any,T4b,Any,M0,Any,Any,IVB,extracted_candidate_v2_1 from B00055; cancer committee review pending,B00055,96,80,ANATOMIC STAGE/PROGNOSTIC GROUPS,simple_tnm_stage_table_candidate
Major Salivary Glands,AJCC7,any,Any,Any,M1,Any,Any,IVC,extracted_candidate_v2_1 from B00055; cancer committee review pending,B00055,96,80,ANATOMIC STAGE/PROGNOSTIC GROUPS,simple_tnm_stage_table_candidate
Thyroid,AJCC7,any,Any,Any,M1,Any,Any,II,extracted_candidate_v2_1 from B00062; cancer committee review pending,B00062,103,87,ANATOMIC STAGE/PROGNOSTIC GROUPS,simple_tnm_stage_table_candidate
Thyroid,AJCC7,any,T2,N0,M0,Any,Any,II,extracted_candidate_v2_1 from B00062; cancer committee review pending,B00062,103,87,ANATOMIC STAGE/PROGNOSTIC GROUPS,simple_tnm_stage_table_candidate
Thyroid,AJCC7,any,T3,N0,M0,Any,Any,III,extracted_candidate_v2_1 from B00062; cancer committee review pending,B00062,103,87,ANATOMIC STAGE/PROGNOSTIC GROUPS,simple_tnm_stage_table_candidate
Thyroid,AJCC7,any,T4a,N0,M0,Any,Any,IVA,extracted_candidate_v2_1 from B00062; cancer committee review pending,B00062,103,87,ANATOMIC STAGE/PROGNOSTIC GROUPS,simple_tnm_stage_table_candidate
Thyroid,AJCC7,any,T4b,Any,M0,Any,Any,IVB,extracted_candidate_v2_1 from B00062; cancer committee review pending,B00062,103,87,ANATOMIC STAGE/PROGNOSTIC GROUPS,simple_tnm_stage_table_candidate
Thyroid,AJCC7,any,Any,Any,M1,Any,Any,IVC,extracted_candidate_v2_1 from B00062; cancer committee review pending,B00062,103,87,ANATOMIC STAGE/PROGNOSTIC GROUPS,simple_tnm_stage_table_candidate
Thyroid,AJCC7,any,T1,N1a,M0,Any,Any,III,extracted_candidate_v2_1 from B00062; cancer committee review pending,B00062,103,87,ANATOMIC STAGE/PROGNOSTIC GROUPS,simple_tnm_stage_table_candidate
Thyroid,AJCC7,any,T4a,N0,M0,Any,Any,IVA,extracted_candidate_v2_1 from B00063; cancer committee review pending,B00063,104,88,ANATOMIC STAGE/PROGNOSTIC GROUPS,simple_tnm_stage_table_candidate
Thyroid,AJCC7,any,T4b,Any,M0,Any,Any,IVB,extracted_candidate_v2_1 from B00063; cancer committee review pending,B00063,104,88,ANATOMIC STAGE/PROGNOSTIC GROUPS,simple_tnm_stage_table_candidate
Thyroid,AJCC7,any,Any,Any,M1,Any,Any,IVC,extracted_candidate_v2_1 from B00063; cancer committee review pending,B00063,104,88,ANATOMIC STAGE/PROGNOSTIC GROUPS,simple_tnm_stage_table_candidate
Thyroid,AJCC7,any,T4a,Any,M0,Any,Any,IVA,extracted_candidate_v2_1 from B00063; cancer committee review pending,B00063,104,88,ANATOMIC STAGE/PROGNOSTIC GROUPS,simple_tnm_stage_table_candidate
Thyroid,AJCC7,any,Any,Any,M1,Any,Any,II,extracted_candidate_v2_1 from B00066; cancer committee review pending,B00066,105,89,ANATOMIC STAGE/PROGNOSTIC GROUPS,simple_tnm_stage_table_candidate
Thyroid,AJCC7,any,T2,N0,M0,Any,Any,II,extracted_candidate_v2_1 from B00066; cancer committee review pending,B00066,105,89,ANATOMIC STAGE/PROGNOSTIC GROUPS,simple_tnm_stage_table_candidate
Thyroid,AJCC7,any,T3,N0,M0,Any,Any,III,extracted_candidate_v2_1 from B00066; cancer committee review pending,B00066,105,89,ANATOMIC STAGE/PROGNOSTIC GROUPS,simple_tnm_stage_table_candidate
Thyroid,AJCC7,any,T4a,N0,M0,Any,Any,IVA,extracted_candidate_v2_1 from B00066; cancer committee review pending,B00066,105,89,ANATOMIC STAGE/PROGNOSTIC GROUPS,simple_tnm_stage_table_candidate
Thyroid,AJCC7,any,T4b,Any,M0,Any,Any,IVB,extracted_candidate_v2_1 from B00066; cancer committee review pending,B00066,105,89,ANATOMIC STAGE/PROGNOSTIC GROUPS,simple_tnm_stage_table_candidate
Thyroid,AJCC7,any,Any,Any,M1,Any,Any,IVC,extracted_candidate_v2_1 from B00066; cancer committee review pending,B00066,105,89,ANATOMIC STAGE/PROGNOSTIC GROUPS,simple_tnm_stage_table_candidate
Thyroid,AJCC7,any,T1,N1a,M0,Any,Any,III,extracted_candidate_v2_1 from B00066; cancer committee review pending,B00066,105,89,ANATOMIC STAGE/PROGNOSTIC GROUPS,simple_tnm_stage_table_candidate
Thyroid,AJCC7,any,T4a,Any,M0,Any,Any,IVA,extracted_candidate_v2_1 from B00066; cancer committee review pending,B00066,105,89,ANATOMIC STAGE/PROGNOSTIC GROUPS,simple_tnm_stage_table_candidate
Mucosal Melanoma of the Head and Neck,AJCC7,any,T3,N0,M0,Any,Any,III,extracted_candidate_v2_1 from B00073; cancer committee review pending,B00073,113,97,ANATOMIC STAGE/PROGNOSTIC GROUPS,simple_tnm_stage_table_candidate
Mucosal Melanoma of the Head and Neck,AJCC7,any,T4a,N0,M0,Any,Any,IVA,extracted_candidate_v2_1 from B00073; cancer committee review pending,B00073,113,97,ANATOMIC STAGE/PROGNOSTIC GROUPS,simple_tnm_stage_table_candidate
Mucosal Melanoma of the Head and Neck,AJCC7,any,T4b,Any,M0,Any,Any,IVB,extracted_candidate_v2_1 from B00073; cancer committee review pending,B00073,113,97,ANATOMIC STAGE/PROGNOSTIC GROUPS,simple_tnm_stage_table_candidate
Mucosal Melanoma of the Head and Neck,AJCC7,any,Any,Any,M1,Any,Any,IVC,extracted_candidate_v2_1 from B00073; cancer committee review pending,B00073,113,97,ANATOMIC STAGE/PROGNOSTIC GROUPS,simple_tnm_stage_table_candidate
Mucosal Melanoma of the Head and Neck,AJCC7,any,T3,N0,M0,Any,Any,III,extracted_candidate_v2_1 from B00074; cancer committee review pending,B00074,114,98,ANATOMIC STAGE/PROGNOSTIC GROUPS,simple_tnm_stage_table_candidate
Mucosal Melanoma of the Head and Neck,AJCC7,any,T4a,N0,M0,Any,Any,IVA,extracted_candidate_v2_1 from B00074; cancer committee review pending,B00074,114,98,ANATOMIC STAGE/PROGNOSTIC GROUPS,simple_tnm_stage_table_candidate
Mucosal Melanoma of the Head and Neck,AJCC7,any,T4b,Any,M0,Any,Any,IVB,extracted_candidate_v2_1 from B00074; cancer committee review pending,B00074,114,98,ANATOMIC STAGE/PROGNOSTIC GROUPS,simple_tnm_stage_table_candidate
Mucosal Melanoma of the Head and Neck,AJCC7,any,Any,Any,M1,Any,Any,IVC,extracted_candidate_v2_1 from B00074; cancer committee review pending,B00074,114,98,ANATOMIC STAGE/PROGNOSTIC GROUPS,simple_tnm_stage_table_candidate
Stomach,AJCC7,any,Tis,N0,M0,Any,Any,0,extracted_candidate_v2_1 from B00091; cancer committee review pending,B00091,133,117,ANATOMIC STAGE/PROGNOSTIC GROUPS,simple_tnm_stage_table_candidate
Stomach,AJCC7,any,T1,N0,M0,Any,Any,IA,extracted_candidate_v2_1 from B00091; cancer committee review pending,B00091,133,117,ANATOMIC STAGE/PROGNOSTIC GROUPS,simple_tnm_stage_table_candidate
Stomach,AJCC7,any,T2,N0,M0,Any,Any,IB,extracted_candidate_v2_1 from B00091; cancer committee review pending,B00091,133,117,ANATOMIC STAGE/PROGNOSTIC GROUPS,simple_tnm_stage_table_candidate
Stomach,AJCC7,any,T3,N0,M0,Any,Any,IIA,extracted_candidate_v2_1 from B00091; cancer committee review pending,B00091,133,117,ANATOMIC STAGE/PROGNOSTIC GROUPS,simple_tnm_stage_table_candidate
Stomach,AJCC7,any,T4a,N0,M0,Any,Any,IIB,extracted_candidate_v2_1 from B00091; cancer committee review pending,B00091,133,117,ANATOMIC STAGE/PROGNOSTIC GROUPS,simple_tnm_stage_table_candidate
Stomach,AJCC7,any,T4a,N1,M0,Any,Any,IIIA,extracted_candidate_v2_1 from B00091; cancer committee review pending,B00091,133,117,ANATOMIC STAGE/PROGNOSTIC GROUPS,simple_tnm_stage_table_candidate
Stomach,AJCC7,any,T4b,N0,M0,Any,Any,IIIB,extracted_candidate_v2_1 from B00092; cancer committee review pending,B00092,134,118,ANATOMIC STAGE/PROGNOSTIC GROUPS,simple_tnm_stage_table_candidate
Stomach,AJCC7,any,T4b,N2,M0,Any,Any,IIIC,extracted_candidate_v2_1 from B00092; cancer committee review pending,B00092,134,118,ANATOMIC STAGE/PROGNOSTIC GROUPS,simple_tnm_stage_table_candidate
Stomach,AJCC7,any,Any,Any,M1,Any,Any,IV,extracted_candidate_v2_1 from B00092; cancer committee review pending,B00092,134,118,ANATOMIC STAGE/PROGNOSTIC GROUPS,simple_tnm_stage_table_candidate
Stomach,AJCC7,any,Tis,N0,M0,Any,Any,0,extracted_candidate_v2_1 from B00095; cancer committee review pending,B00095,136,120,ANATOMIC STAGE/PROGNOSTIC GROUPS,simple_tnm_stage_table_candidate
Stomach,AJCC7,any,T1,N0,M0,Any,Any,IA,extracted_candidate_v2_1 from B00095; cancer committee review pending,B00095,136,120,ANATOMIC STAGE/PROGNOSTIC GROUPS,simple_tnm_stage_table_candidate
Stomach,AJCC7,any,T2,N0,M0,Any,Any,IB,extracted_candidate_v2_1 from B00095; cancer committee review pending,B00095,136,120,ANATOMIC STAGE/PROGNOSTIC GROUPS,simple_tnm_stage_table_candidate
Stomach,AJCC7,any,T3,N0,M0,Any,Any,IIA,extracted_candidate_v2_1 from B00095; cancer committee review pending,B00095,136,120,ANATOMIC STAGE/PROGNOSTIC GROUPS,simple_tnm_stage_table_candidate
Stomach,AJCC7,any,T4a,N0,M0,Any,Any,IIB,extracted_candidate_v2_1 from B00095; cancer committee review pending,B00095,136,120,ANATOMIC STAGE/PROGNOSTIC GROUPS,simple_tnm_stage_table_candidate
Stomach,AJCC7,any,T4a,N1,M0,Any,Any,IIIA,extracted_candidate_v2_1 from B00095; cancer committee review pending,B00095,136,120,ANATOMIC STAGE/PROGNOSTIC GROUPS,simple_tnm_stage_table_candidate
Stomach,AJCC7,any,T4b,N0,M0,Any,Any,IIIB,extracted_candidate_v2_1 from B00095; cancer committee review pending,B00095,136,120,ANATOMIC STAGE/PROGNOSTIC GROUPS,simple_tnm_stage_table_candidate
Stomach,AJCC7,any,T4b,N2,M0,Any,Any,IIIC,extracted_candidate_v2_1 from B00095; cancer committee review pending,B00095,136,120,ANATOMIC STAGE/PROGNOSTIC GROUPS,simple_tnm_stage_table_candidate
Stomach,AJCC7,any,Any,Any,M1,Any,Any,IV,extracted_candidate_v2_1 from B00095; cancer committee review pending,B00095,136,120,ANATOMIC STAGE/PROGNOSTIC GROUPS,simple_tnm_stage_table_candidate
Small Intestine,AJCC7,any,Tis,N0,M0,Any,Any,0,extracted_candidate_v2_1 from B00101; cancer committee review pending,B00101,143,127,ANATOMIC STAGE/PROGNOSTIC GROUPS,simple_tnm_stage_table_candidate
Small Intestine,AJCC7,any,T3,N0,M0,Any,Any,IIA,extracted_candidate_v2_1 from B00101; cancer committee review pending,B00101,143,127,ANATOMIC STAGE/PROGNOSTIC GROUPS,simple_tnm_stage_table_candidate
Small Intestine,AJCC7,any,T4,N0,M0,Any,Any,IIB,extracted_candidate_v2_1 from B00101; cancer committee review pending,B00101,143,127,ANATOMIC STAGE/PROGNOSTIC GROUPS,simple_tnm_stage_table_candidate
Small Intestine,AJCC7,any,Any,N1,M0,Any,Any,IIIA,extracted_candidate_v2_1 from B00101; cancer committee review pending,B00101,143,127,ANATOMIC STAGE/PROGNOSTIC GROUPS,simple_tnm_stage_table_candidate
Small Intestine,AJCC7,any,Any,N2,M0,Any,Any,IIIB,extracted_candidate_v2_1 from B00101; cancer committee review pending,B00101,143,127,ANATOMIC STAGE/PROGNOSTIC GROUPS,simple_tnm_stage_table_candidate
Small Intestine,AJCC7,any,Any,Any,M1,Any,Any,IV,extracted_candidate_v2_1 from B00101; cancer committee review pending,B00101,143,127,ANATOMIC STAGE/PROGNOSTIC GROUPS,simple_tnm_stage_table_candidate
Small Intestine,AJCC7,any,Tis,N0,M0,Any,Any,0,extracted_candidate_v2_1 from B00104; cancer committee review pending,B00104,145,129,ANATOMIC STAGE/PROGNOSTIC GROUPS,simple_tnm_stage_table_candidate
Small Intestine,AJCC7,any,T3,N0,M0,Any,Any,IIA,extracted_candidate_v2_1 from B00104; cancer committee review pending,B00104,145,129,ANATOMIC STAGE/PROGNOSTIC GROUPS,simple_tnm_stage_table_candidate
Small Intestine,AJCC7,any,T4,N0,M0,Any,Any,IIB,extracted_candidate_v2_1 from B00104; cancer committee review pending,B00104,145,129,ANATOMIC STAGE/PROGNOSTIC GROUPS,simple_tnm_stage_table_candidate
Small Intestine,AJCC7,any,Any,N1,M0,Any,Any,IIIA,extracted_candidate_v2_1 from B00104; cancer committee review pending,B00104,145,129,ANATOMIC STAGE/PROGNOSTIC GROUPS,simple_tnm_stage_table_candidate
Small Intestine,AJCC7,any,Any,N2,M0,Any,Any,IIIB,extracted_candidate_v2_1 from B00104; cancer committee review pending,B00104,145,129,ANATOMIC STAGE/PROGNOSTIC GROUPS,simple_tnm_stage_table_candidate
Small Intestine,AJCC7,any,Any,Any,M1,Any,Any,IV,extracted_candidate_v2_1 from B00104; cancer committee review pending,B00104,145,129,ANATOMIC STAGE/PROGNOSTIC GROUPS,simple_tnm_stage_table_candidate
Appendix,AJCC7,any,Tis,N0,M0,Any,Any,0,extracted_candidate_v2_1 from B00110; cancer committee review pending,B00110,150,134,ANATOMIC STAGE/PROGNOSTIC GROUPS,simple_tnm_stage_table_candidate
Appendix,AJCC7,any,T3,N0,M0,Any,Any,IIA,extracted_candidate_v2_1 from B00110; cancer committee review pending,B00110,150,134,ANATOMIC STAGE/PROGNOSTIC GROUPS,simple_tnm_stage_table_candidate
Appendix,AJCC7,any,T4a,N0,M0,Any,Any,IIB,extracted_candidate_v2_1 from B00110; cancer committee review pending,B00110,150,134,ANATOMIC STAGE/PROGNOSTIC GROUPS,simple_tnm_stage_table_candidate
Appendix,AJCC7,any,T4b,N0,M0,Any,Any,IIC,extracted_candidate_v2_1 from B00110; cancer committee review pending,B00110,150,134,ANATOMIC STAGE/PROGNOSTIC GROUPS,simple_tnm_stage_table_candidate
Appendix,AJCC7,any,T1,N1,M0,Any,Any,IIIA,extracted_candidate_v2_1 from B00110; cancer committee review pending,B00110,150,134,ANATOMIC STAGE/PROGNOSTIC GROUPS,simple_tnm_stage_table_candidate
Appendix,AJCC7,any,T3,N1,M0,Any,Any,IIIB,extracted_candidate_v2_1 from B00110; cancer committee review pending,B00110,150,134,ANATOMIC STAGE/PROGNOSTIC GROUPS,simple_tnm_stage_table_candidate
Appendix,AJCC7,any,Any,N2,M0,Any,Any,IIIC,extracted_candidate_v2_1 from B00110; cancer committee review pending,B00110,150,134,ANATOMIC STAGE/PROGNOSTIC GROUPS,simple_tnm_stage_table_candidate
Appendix,AJCC7,any,Any,N0,M1a,Any,Any,IVA,extracted_candidate_v2_1 from B00110; cancer committee review pending,B00110,150,134,ANATOMIC STAGE/PROGNOSTIC GROUPS,simple_tnm_stage_table_candidate
Appendix,AJCC7,any,Any,N0,M1a,Any,Any,IVB,extracted_candidate_v2_1 from B00110; cancer committee review pending,B00110,150,134,ANATOMIC STAGE/PROGNOSTIC GROUPS,simple_tnm_stage_table_candidate
Appendix,AJCC7,any,Any,Any,M1b,Any,Any,IVC,extracted_candidate_v2_1 from B00110; cancer committee review pending,B00110,150,134,ANATOMIC STAGE/PROGNOSTIC GROUPS,simple_tnm_stage_table_candidate
Appendix,AJCC7,any,"T2, T3",N0,M0,Any,Any,II,extracted_candidate_v2_1 from B00110; cancer committee review pending,B00110,150,134,ANATOMIC STAGE/PROGNOSTIC GROUPS,simple_tnm_stage_table_candidate
Appendix,AJCC7,any,T4,N0,M0,Any,Any,III,extracted_candidate_v2_1 from B00110; cancer committee review pending,B00110,150,134,ANATOMIC STAGE/PROGNOSTIC GROUPS,simple_tnm_stage_table_candidate
Appendix,AJCC7,any,Any,Any,M1,Any,Any,IV,extracted_candidate_v2_1 from B00110; cancer committee review pending,B00110,150,134,ANATOMIC STAGE/PROGNOSTIC GROUPS,simple_tnm_stage_table_candidate
Appendix,AJCC7,any,Tis,N0,M0,Any,Any,0,extracted_candidate_v2_1 from B00117; cancer committee review pending,B00117,153,137,ANATOMIC STAGE/PROGNOSTIC GROUPS,simple_tnm_stage_table_candidate
Appendix,AJCC7,any,T3,N0,M0,Any,Any,IIA,extracted_candidate_v2_1 from B00117; cancer committee review pending,B00117,153,137,ANATOMIC STAGE/PROGNOSTIC GROUPS,simple_tnm_stage_table_candidate
Appendix,AJCC7,any,T4a,N0,M0,Any,Any,IIB,extracted_candidate_v2_1 from B00117; cancer committee review pending,B00117,153,137,ANATOMIC STAGE/PROGNOSTIC GROUPS,simple_tnm_stage_table_candidate
Appendix,AJCC7,any,T4b,N0,M0,Any,Any,IIC,extracted_candidate_v2_1 from B00117; cancer committee review pending,B00117,153,137,ANATOMIC STAGE/PROGNOSTIC GROUPS,simple_tnm_stage_table_candidate
Appendix,AJCC7,any,T1,N1,M0,Any,Any,IIIA,extracted_candidate_v2_1 from B00117; cancer committee review pending,B00117,153,137,ANATOMIC STAGE/PROGNOSTIC GROUPS,simple_tnm_stage_table_candidate
Appendix,AJCC7,any,T3,N1,M0,Any,Any,IIIB,extracted_candidate_v2_1 from B00117; cancer committee review pending,B00117,153,137,ANATOMIC STAGE/PROGNOSTIC GROUPS,simple_tnm_stage_table_candidate
Appendix,AJCC7,any,Any,N2,M0,Any,Any,IIIC,extracted_candidate_v2_1 from B00117; cancer committee review pending,B00117,153,137,ANATOMIC STAGE/PROGNOSTIC GROUPS,simple_tnm_stage_table_candidate
Appendix,AJCC7,any,Any,N0,M1a,Any,Any,IVA,extracted_candidate_v2_1 from B00117; cancer committee review pending,B00117,153,137,ANATOMIC STAGE/PROGNOSTIC GROUPS,simple_tnm_stage_table_candidate
Appendix,AJCC7,any,Any,N0,M1a,Any,Any,IVB,extracted_candidate_v2_1 from B00117; cancer committee review pending,B00117,153,137,ANATOMIC STAGE/PROGNOSTIC GROUPS,simple_tnm_stage_table_candidate
Appendix,AJCC7,any,Any,Any,M1b,Any,Any,IVC,extracted_candidate_v2_1 from B00117; cancer committee review pending,B00117,153,137,ANATOMIC STAGE/PROGNOSTIC GROUPS,simple_tnm_stage_table_candidate
Appendix,AJCC7,any,"T2, T3",N0,M0,Any,Any,II,extracted_candidate_v2_1 from B00118; cancer committee review pending,B00118,153,137,ANATOMIC STAGE/PROGNOSTIC GROUPS,simple_tnm_stage_table_candidate
Appendix,AJCC7,any,T4,N0,M0,Any,Any,III,extracted_candidate_v2_1 from B00118; cancer committee review pending,B00118,153,137,ANATOMIC STAGE/PROGNOSTIC GROUPS,simple_tnm_stage_table_candidate
Appendix,AJCC7,any,Any,Any,M1,Any,Any,IV,extracted_candidate_v2_1 from B00118; cancer committee review pending,B00118,153,137,ANATOMIC STAGE/PROGNOSTIC GROUPS,simple_tnm_stage_table_candidate
Anus,AJCC7,any,T1,N0,M0,Any,Any,II,extracted_candidate_v2_1 from B00134; cancer committee review pending,B00134,181,165,ANATOMIC STAGE/PROGNOSTIC GROUPS,simple_tnm_stage_table_candidate
Anus,AJCC7,any,T3,N0,M0,Any,Any,IIIA,extracted_candidate_v2_1 from B00134; cancer committee review pending,B00134,181,165,ANATOMIC STAGE/PROGNOSTIC GROUPS,simple_tnm_stage_table_candidate
Anus,AJCC7,any,T4,N0,M0,Any,Any,IIIB,extracted_candidate_v2_1 from B00134; cancer committee review pending,B00134,181,165,ANATOMIC STAGE/PROGNOSTIC GROUPS,simple_tnm_stage_table_candidate
Anus,AJCC7,any,Any,N3,M0,Any,Any,IV,extracted_candidate_v2_1 from B00134; cancer committee review pending,B00134,181,165,ANATOMIC STAGE/PROGNOSTIC GROUPS,simple_tnm_stage_table_candidate
Anus,AJCC7,any,T1,N0,M0,Any,Any,II,extracted_candidate_v2_1 from B00138; cancer committee review pending,B00138,185,169,ANATOMIC STAGE/PROGNOSTIC GROUPS,simple_tnm_stage_table_candidate
Anus,AJCC7,any,T3,N0,M0,Any,Any,IIIA,extracted_candidate_v2_1 from B00138; cancer committee review pending,B00138,185,169,ANATOMIC STAGE/PROGNOSTIC GROUPS,simple_tnm_stage_table_candidate
Anus,AJCC7,any,T4,N0,M0,Any,Any,IIIB,extracted_candidate_v2_1 from B00138; cancer committee review pending,B00138,185,169,ANATOMIC STAGE/PROGNOSTIC GROUPS,simple_tnm_stage_table_candidate
Anus,AJCC7,any,Any,N3,M0,Any,Any,IV,extracted_candidate_v2_1 from B00138; cancer committee review pending,B00138,185,169,ANATOMIC STAGE/PROGNOSTIC GROUPS,simple_tnm_stage_table_candidate
Gastrointestinal Stromal Tumor,AJCC7,any,T1 or T2,N0,M0,Any,Any,IA,extracted_candidate_v2_1 from B00144; cancer committee review pending,B00144,191,175,ANATOMIC STAGE/PROGNOSTIC GROUPS,simple_tnm_stage_table_candidate
Gastrointestinal Stromal Tumor,AJCC7,any,T3,N0,M0,Any,Any,IB,extracted_candidate_v2_1 from B00144; cancer committee review pending,B00144,191,175,ANATOMIC STAGE/PROGNOSTIC GROUPS,simple_tnm_stage_table_candidate
Gastrointestinal Stromal Tumor,AJCC7,any,T1,N0,M0,Any,Any,II,extracted_candidate_v2_1 from B00144; cancer committee review pending,B00144,191,175,ANATOMIC STAGE/PROGNOSTIC GROUPS,simple_tnm_stage_table_candidate
Gastrointestinal Stromal Tumor,AJCC7,any,T3,N0,M0,Any,Any,IIIA,extracted_candidate_v2_1 from B00144; cancer committee review pending,B00144,191,175,ANATOMIC STAGE/PROGNOSTIC GROUPS,simple_tnm_stage_table_candidate
Gastrointestinal Stromal Tumor,AJCC7,any,T4,N0,M0,Any,Any,IIIB,extracted_candidate_v2_1 from B00144; cancer committee review pending,B00144,191,175,ANATOMIC STAGE/PROGNOSTIC GROUPS,simple_tnm_stage_table_candidate
Gastrointestinal Stromal Tumor,AJCC7,any,Any,N1,M0,Any,Any,IV,extracted_candidate_v2_1 from B00144; cancer committee review pending,B00144,191,175,ANATOMIC STAGE/PROGNOSTIC GROUPS,simple_tnm_stage_table_candidate
Gastrointestinal Stromal Tumor,AJCC7,any,T3,N0,M0,Any,Any,II,extracted_candidate_v2_1 from B00144; cancer committee review pending,B00144,191,175,ANATOMIC STAGE/PROGNOSTIC GROUPS,simple_tnm_stage_table_candidate
Gastrointestinal Stromal Tumor,AJCC7,any,T1,N0,M0,Any,Any,IIIA,extracted_candidate_v2_1 from B00144; cancer committee review pending,B00144,191,175,ANATOMIC STAGE/PROGNOSTIC GROUPS,simple_tnm_stage_table_candidate
Gastrointestinal Stromal Tumor,AJCC7,any,T2,N0,M0,Any,Any,IIIB,extracted_candidate_v2_1 from B00144; cancer committee review pending,B00144,191,175,ANATOMIC STAGE/PROGNOSTIC GROUPS,simple_tnm_stage_table_candidate
Gastrointestinal Stromal Tumor,AJCC7,any,T1 or T2,N0,M0,Any,Any,IA,extracted_candidate_v2_1 from B00148; cancer committee review pending,B00148,193,177,ANATOMIC STAGE/PROGNOSTIC GROUPS,simple_tnm_stage_table_candidate
Gastrointestinal Stromal Tumor,AJCC7,any,T3,N0,M0,Any,Any,IB,extracted_candidate_v2_1 from B00148; cancer committee review pending,B00148,193,177,ANATOMIC STAGE/PROGNOSTIC GROUPS,simple_tnm_stage_table_candidate
Gastrointestinal Stromal Tumor,AJCC7,any,T1,N0,M0,Any,Any,II,extracted_candidate_v2_1 from B00148; cancer committee review pending,B00148,193,177,ANATOMIC STAGE/PROGNOSTIC GROUPS,simple_tnm_stage_table_candidate
Gastrointestinal Stromal Tumor,AJCC7,any,T3,N0,M0,Any,Any,IIIA,extracted_candidate_v2_1 from B00148; cancer committee review pending,B00148,193,177,ANATOMIC STAGE/PROGNOSTIC GROUPS,simple_tnm_stage_table_candidate
Gastrointestinal Stromal Tumor,AJCC7,any,T4,N0,M0,Any,Any,IIIB,extracted_candidate_v2_1 from B00148; cancer committee review pending,B00148,193,177,ANATOMIC STAGE/PROGNOSTIC GROUPS,simple_tnm_stage_table_candidate
Gastrointestinal Stromal Tumor,AJCC7,any,Any,N1,M0,Any,Any,IV,extracted_candidate_v2_1 from B00148; cancer committee review pending,B00148,193,177,ANATOMIC STAGE/PROGNOSTIC GROUPS,simple_tnm_stage_table_candidate
Gastrointestinal Stromal Tumor,AJCC7,any,T3,N0,M0,Any,Any,II,extracted_candidate_v2_1 from B00148; cancer committee review pending,B00148,193,177,ANATOMIC STAGE/PROGNOSTIC GROUPS,simple_tnm_stage_table_candidate
Gastrointestinal Stromal Tumor,AJCC7,any,T1,N0,M0,Any,Any,IIIA,extracted_candidate_v2_1 from B00148; cancer committee review pending,B00148,193,177,ANATOMIC STAGE/PROGNOSTIC GROUPS,simple_tnm_stage_table_candidate
Gastrointestinal Stromal Tumor,AJCC7,any,T2,N0,M0,Any,Any,IIIB,extracted_candidate_v2_1 from B00148; cancer committee review pending,B00148,193,177,ANATOMIC STAGE/PROGNOSTIC GROUPS,simple_tnm_stage_table_candidate
Neuroendocrine Tumors,AJCC7,any,T2,N0,M0,Any,Any,IIA,extracted_candidate_v2_1 from B00155; cancer committee review pending,B00155,197,181,ANATOMIC STAGE/PROGNOSTIC GROUPS,simple_tnm_stage_table_candidate
Neuroendocrine Tumors,AJCC7,any,T3,N0,M0,Any,Any,IIB,extracted_candidate_v2_1 from B00155; cancer committee review pending,B00155,197,181,ANATOMIC STAGE/PROGNOSTIC GROUPS,simple_tnm_stage_table_candidate
Neuroendocrine Tumors,AJCC7,any,T4,N0,M0,Any,Any,IIIA,extracted_candidate_v2_1 from B00155; cancer committee review pending,B00155,197,181,ANATOMIC STAGE/PROGNOSTIC GROUPS,simple_tnm_stage_table_candidate
Neuroendocrine Tumors,AJCC7,any,Any,N1,M0,Any,Any,IIIB,extracted_candidate_v2_1 from B00155; cancer committee review pending,B00155,197,181,ANATOMIC STAGE/PROGNOSTIC GROUPS,simple_tnm_stage_table_candidate
Neuroendocrine Tumors,AJCC7,any,Any,Any,M1,Any,Any,IV,extracted_candidate_v2_1 from B00155; cancer committee review pending,B00155,197,181,ANATOMIC STAGE/PROGNOSTIC GROUPS,simple_tnm_stage_table_candidate
Neuroendocrine Tumors,AJCC7,any,Tis,N0,M0,Any,Any,0,extracted_candidate_v2_1 from B00162; cancer committee review pending,B00162,200,184,ANATOMIC STAGE/PROGNOSTIC GROUPS,simple_tnm_stage_table_candidate
Neuroendocrine Tumors,AJCC7,any,T2,N0,M0,Any,Any,IIA,extracted_candidate_v2_1 from B00162; cancer committee review pending,B00162,200,184,ANATOMIC STAGE/PROGNOSTIC GROUPS,simple_tnm_stage_table_candidate
Neuroendocrine Tumors,AJCC7,any,T3,N0,M0,Any,Any,IIB,extracted_candidate_v2_1 from B00162; cancer committee review pending,B00162,200,184,ANATOMIC STAGE/PROGNOSTIC GROUPS,simple_tnm_stage_table_candidate
Neuroendocrine Tumors,AJCC7,any,T4,N0,M0,Any,Any,IIIA,extracted_candidate_v2_1 from B00162; cancer committee review pending,B00162,200,184,ANATOMIC STAGE/PROGNOSTIC GROUPS,simple_tnm_stage_table_candidate
Neuroendocrine Tumors,AJCC7,any,Any,N1,M0,Any,Any,IIIB,extracted_candidate_v2_1 from B00162; cancer committee review pending,B00162,200,184,ANATOMIC STAGE/PROGNOSTIC GROUPS,simple_tnm_stage_table_candidate
Neuroendocrine Tumors,AJCC7,any,Any,Any,M1,Any,Any,IV,extracted_candidate_v2_1 from B00162; cancer committee review pending,B00162,200,184,ANATOMIC STAGE/PROGNOSTIC GROUPS,simple_tnm_stage_table_candidate
Liver (Excluding intrahepatic bile ducts),AJCC7,any,T2,N0,M0,Any,Any,II,extracted_candidate_v2_1 from B00169; cancer committee review pending,B00169,208,192,ANATOMIC STAGE/PROGNOSTIC GROUPS,simple_tnm_stage_table_candidate
Liver (Excluding intrahepatic bile ducts),AJCC7,any,T3a,N0,M0,Any,Any,IIIA,extracted_candidate_v2_1 from B00169; cancer committee review pending,B00169,208,192,ANATOMIC STAGE/PROGNOSTIC GROUPS,simple_tnm_stage_table_candidate
Liver (Excluding intrahepatic bile ducts),AJCC7,any,T3b,N0,M0,Any,Any,IIIB,extracted_candidate_v2_1 from B00169; cancer committee review pending,B00169,208,192,ANATOMIC STAGE/PROGNOSTIC GROUPS,simple_tnm_stage_table_candidate
Liver (Excluding intrahepatic bile ducts),AJCC7,any,T4,N0,M0,Any,Any,IIIC,extracted_candidate_v2_1 from B00169; cancer committee review pending,B00169,208,192,ANATOMIC STAGE/PROGNOSTIC GROUPS,simple_tnm_stage_table_candidate
Liver (Excluding intrahepatic bile ducts),AJCC7,any,Any,N1,M0,Any,Any,IVA,extracted_candidate_v2_1 from B00169; cancer committee review pending,B00169,208,192,ANATOMIC STAGE/PROGNOSTIC GROUPS,simple_tnm_stage_table_candidate
Liver (Excluding intrahepatic bile ducts),AJCC7,any,Any,Any,M1,Any,Any,IVB,extracted_candidate_v2_1 from B00169; cancer committee review pending,B00169,208,192,ANATOMIC STAGE/PROGNOSTIC GROUPS,simple_tnm_stage_table_candidate
Liver (Excluding intrahepatic bile ducts),AJCC7,any,T2,N0,M0,Any,Any,II,extracted_candidate_v2_1 from B00172; cancer committee review pending,B00172,210,194,ANATOMIC STAGE/PROGNOSTIC GROUPS,simple_tnm_stage_table_candidate
Liver (Excluding intrahepatic bile ducts),AJCC7,any,T3a,N0,M0,Any,Any,IIIA,extracted_candidate_v2_1 from B00172; cancer committee review pending,B00172,210,194,ANATOMIC STAGE/PROGNOSTIC GROUPS,simple_tnm_stage_table_candidate
Liver (Excluding intrahepatic bile ducts),AJCC7,any,T3b,N0,M0,Any,Any,IIIB,extracted_candidate_v2_1 from B00172; cancer committee review pending,B00172,210,194,ANATOMIC STAGE/PROGNOSTIC GROUPS,simple_tnm_stage_table_candidate
Liver (Excluding intrahepatic bile ducts),AJCC7,any,T4,N0,M0,Any,Any,IIIC,extracted_candidate_v2_1 from B00172; cancer committee review pending,B00172,210,194,ANATOMIC STAGE/PROGNOSTIC GROUPS,simple_tnm_stage_table_candidate
Liver (Excluding intrahepatic bile ducts),AJCC7,any,Any,N1,M0,Any,Any,IVA,extracted_candidate_v2_1 from B00172; cancer committee review pending,B00172,210,194,ANATOMIC STAGE/PROGNOSTIC GROUPS,simple_tnm_stage_table_candidate
Liver (Excluding intrahepatic bile ducts),AJCC7,any,Any,Any,M1,Any,Any,IVB,extracted_candidate_v2_1 from B00172; cancer committee review pending,B00172,210,194,ANATOMIC STAGE/PROGNOSTIC GROUPS,simple_tnm_stage_table_candidate
Intrahepatic Bile Ducts,AJCC7,any,Tis,N0,M0,Any,Any,0,extracted_candidate_v2_1 from B00179; cancer committee review pending,B00179,217,201,ANATOMIC STAGE/PROGNOSTIC GROUPS,simple_tnm_stage_table_candidate
Intrahepatic Bile Ducts,AJCC7,any,T2,N0,M0,Any,Any,II,extracted_candidate_v2_1 from B00179; cancer committee review pending,B00179,217,201,ANATOMIC STAGE/PROGNOSTIC GROUPS,simple_tnm_stage_table_candidate
Intrahepatic Bile Ducts,AJCC7,any,T3,N0,M0,Any,Any,III,extracted_candidate_v2_1 from B00179; cancer committee review pending,B00179,217,201,ANATOMIC STAGE/PROGNOSTIC GROUPS,simple_tnm_stage_table_candidate
Intrahepatic Bile Ducts,AJCC7,any,T4,N0,M0,Any,Any,IVA,extracted_candidate_v2_1 from B00179; cancer committee review pending,B00179,217,201,ANATOMIC STAGE/PROGNOSTIC GROUPS,simple_tnm_stage_table_candidate
Intrahepatic Bile Ducts,AJCC7,any,Any,Any,M1,Any,Any,IVB,extracted_candidate_v2_1 from B00179; cancer committee review pending,B00179,217,201,ANATOMIC STAGE/PROGNOSTIC GROUPS,simple_tnm_stage_table_candidate
Intrahepatic Bile Ducts,AJCC7,any,Tis,N0,M0,Any,Any,0,extracted_candidate_v2_1 from B00183; cancer committee review pending,B00183,220,204,ANATOMIC STAGE/PROGNOSTIC GROUPS,simple_tnm_stage_table_candidate
Intrahepatic Bile Ducts,AJCC7,any,T2,N0,M0,Any,Any,II,extracted_candidate_v2_1 from B00183; cancer committee review pending,B00183,220,204,ANATOMIC STAGE/PROGNOSTIC GROUPS,simple_tnm_stage_table_candidate
Intrahepatic Bile Ducts,AJCC7,any,T3,N0,M0,Any,Any,III,extracted_candidate_v2_1 from B00183; cancer committee review pending,B00183,220,204,ANATOMIC STAGE/PROGNOSTIC GROUPS,simple_tnm_stage_table_candidate
Intrahepatic Bile Ducts,AJCC7,any,T4,N0,M0,Any,Any,IVA,extracted_candidate_v2_1 from B00183; cancer committee review pending,B00183,220,204,ANATOMIC STAGE/PROGNOSTIC GROUPS,simple_tnm_stage_table_candidate
Intrahepatic Bile Ducts,AJCC7,any,Any,Any,M1,Any,Any,IVB,extracted_candidate_v2_1 from B00183; cancer committee review pending,B00183,220,204,ANATOMIC STAGE/PROGNOSTIC GROUPS,simple_tnm_stage_table_candidate
Gallbladder,AJCC7,any,Tis,N0,M0,Any,Any,0,extracted_candidate_v2_1 from B00190; cancer committee review pending,B00190,227,211,ANATOMIC STAGE/PROGNOSTIC GROUPS,simple_tnm_stage_table_candidate
Gallbladder,AJCC7,any,T2,N0,M0,Any,Any,II,extracted_candidate_v2_1 from B00190; cancer committee review pending,B00190,227,211,ANATOMIC STAGE/PROGNOSTIC GROUPS,simple_tnm_stage_table_candidate
Gallbladder,AJCC7,any,T3,N0,M0,Any,Any,IIIA,extracted_candidate_v2_1 from B00190; cancer committee review pending,B00190,227,211,ANATOMIC STAGE/PROGNOSTIC GROUPS,simple_tnm_stage_table_candidate
Gallbladder,AJCC7,any,Any,N2,M0,Any,Any,IVB,extracted_candidate_v2_1 from B00190; cancer committee review pending,B00190,227,211,ANATOMIC STAGE/PROGNOSTIC GROUPS,simple_tnm_stage_table_candidate
Gallbladder,AJCC7,any,Tis,N0,M0,Any,Any,0,extracted_candidate_v2_1 from B00194; cancer committee review pending,B00194,230,214,ANATOMIC STAGE/PROGNOSTIC GROUPS,simple_tnm_stage_table_candidate
Gallbladder,AJCC7,any,T2,N0,M0,Any,Any,II,extracted_candidate_v2_1 from B00194; cancer committee review pending,B00194,230,214,ANATOMIC STAGE/PROGNOSTIC GROUPS,simple_tnm_stage_table_candidate
Gallbladder,AJCC7,any,T3,N0,M0,Any,Any,IIIA,extracted_candidate_v2_1 from B00194; cancer committee review pending,B00194,230,214,ANATOMIC STAGE/PROGNOSTIC GROUPS,simple_tnm_stage_table_candidate
Gallbladder,AJCC7,any,Any,N2,M0,Any,Any,IVB,extracted_candidate_v2_1 from B00194; cancer committee review pending,B00194,230,214,ANATOMIC STAGE/PROGNOSTIC GROUPS,simple_tnm_stage_table_candidate
Perihilar Bile Ducts,AJCC7,any,Tis,N0,M0,Any,Any,0,extracted_candidate_v2_1 from B00201; cancer committee review pending,B00201,235,219,ANATOMIC STAGE/PROGNOSTIC GROUPS,simple_tnm_stage_table_candidate
Perihilar Bile Ducts,AJCC7,any,T2a-b,N0,M0,Any,Any,II,extracted_candidate_v2_1 from B00201; cancer committee review pending,B00201,235,219,ANATOMIC STAGE/PROGNOSTIC GROUPS,simple_tnm_stage_table_candidate
Perihilar Bile Ducts,AJCC7,any,T3,N0,M0,Any,Any,IIIA,extracted_candidate_v2_1 from B00201; cancer committee review pending,B00201,235,219,ANATOMIC STAGE/PROGNOSTIC GROUPS,simple_tnm_stage_table_candidate
Perihilar Bile Ducts,AJCC7,any,Any,N2,M0,Any,Any,IVB,extracted_candidate_v2_1 from B00201; cancer committee review pending,B00201,235,219,ANATOMIC STAGE/PROGNOSTIC GROUPS,simple_tnm_stage_table_candidate
Perihilar Bile Ducts,AJCC7,any,Tis,N0,M0,Any,Any,0,extracted_candidate_v2_1 from B00204; cancer committee review pending,B00204,237,221,ANATOMIC STAGE/PROGNOSTIC GROUPS,simple_tnm_stage_table_candidate
Perihilar Bile Ducts,AJCC7,any,T2a-b,N0,M0,Any,Any,II,extracted_candidate_v2_1 from B00204; cancer committee review pending,B00204,237,221,ANATOMIC STAGE/PROGNOSTIC GROUPS,simple_tnm_stage_table_candidate
Perihilar Bile Ducts,AJCC7,any,T3,N0,M0,Any,Any,IIIA,extracted_candidate_v2_1 from B00204; cancer committee review pending,B00204,237,221,ANATOMIC STAGE/PROGNOSTIC GROUPS,simple_tnm_stage_table_candidate
Perihilar Bile Ducts,AJCC7,any,Any,N2,M0,Any,Any,IVB,extracted_candidate_v2_1 from B00204; cancer committee review pending,B00204,237,221,ANATOMIC STAGE/PROGNOSTIC GROUPS,simple_tnm_stage_table_candidate
Distal Bile Duct,AJCC7,any,Tis,N0,M0,Any,Any,0,extracted_candidate_v2_1 from B00211; cancer committee review pending,B00211,243,227,ANATOMIC STAGE/PROGNOSTIC GROUPS,simple_tnm_stage_table_candidate
Distal Bile Duct,AJCC7,any,T1,N0,M0,Any,Any,IA,extracted_candidate_v2_1 from B00211; cancer committee review pending,B00211,243,227,ANATOMIC STAGE/PROGNOSTIC GROUPS,simple_tnm_stage_table_candidate
Distal Bile Duct,AJCC7,any,T2,N0,M0,Any,Any,IB,extracted_candidate_v2_1 from B00211; cancer committee review pending,B00211,243,227,ANATOMIC STAGE/PROGNOSTIC GROUPS,simple_tnm_stage_table_candidate
Distal Bile Duct,AJCC7,any,T3,N0,M0,Any,Any,IIA,extracted_candidate_v2_1 from B00211; cancer committee review pending,B00211,243,227,ANATOMIC STAGE/PROGNOSTIC GROUPS,simple_tnm_stage_table_candidate
Distal Bile Duct,AJCC7,any,T1,N1,M0,Any,Any,IIB,extracted_candidate_v2_1 from B00211; cancer committee review pending,B00211,243,227,ANATOMIC STAGE/PROGNOSTIC GROUPS,simple_tnm_stage_table_candidate
Distal Bile Duct,AJCC7,any,T4,Any,M0,Any,Any,III,extracted_candidate_v2_1 from B00211; cancer committee review pending,B00211,243,227,ANATOMIC STAGE/PROGNOSTIC GROUPS,simple_tnm_stage_table_candidate
Distal Bile Duct,AJCC7,any,Any,Any,M1,Any,Any,IV,extracted_candidate_v2_1 from B00211; cancer committee review pending,B00211,243,227,ANATOMIC STAGE/PROGNOSTIC GROUPS,simple_tnm_stage_table_candidate
Distal Bile Duct,AJCC7,any,Tis,N0,M0,Any,Any,0,extracted_candidate_v2_1 from B00214; cancer committee review pending,B00214,245,229,ANATOMIC STAGE/PROGNOSTIC GROUPS,simple_tnm_stage_table_candidate
Distal Bile Duct,AJCC7,any,T1,N0,M0,Any,Any,IA,extracted_candidate_v2_1 from B00214; cancer committee review pending,B00214,245,229,ANATOMIC STAGE/PROGNOSTIC GROUPS,simple_tnm_stage_table_candidate
Distal Bile Duct,AJCC7,any,T2,N0,M0,Any,Any,IB,extracted_candidate_v2_1 from B00214; cancer committee review pending,B00214,245,229,ANATOMIC STAGE/PROGNOSTIC GROUPS,simple_tnm_stage_table_candidate
Distal Bile Duct,AJCC7,any,T3,N0,M0,Any,Any,IIA,extracted_candidate_v2_1 from B00214; cancer committee review pending,B00214,245,229,ANATOMIC STAGE/PROGNOSTIC GROUPS,simple_tnm_stage_table_candidate
Distal Bile Duct,AJCC7,any,T1,N1,M0,Any,Any,IIB,extracted_candidate_v2_1 from B00214; cancer committee review pending,B00214,245,229,ANATOMIC STAGE/PROGNOSTIC GROUPS,simple_tnm_stage_table_candidate
Distal Bile Duct,AJCC7,any,T4,Any,M0,Any,Any,III,extracted_candidate_v2_1 from B00214; cancer committee review pending,B00214,245,229,ANATOMIC STAGE/PROGNOSTIC GROUPS,simple_tnm_stage_table_candidate
Distal Bile Duct,AJCC7,any,Any,Any,M1,Any,Any,IV,extracted_candidate_v2_1 from B00214; cancer committee review pending,B00214,245,229,ANATOMIC STAGE/PROGNOSTIC GROUPS,simple_tnm_stage_table_candidate
Ampulla of Vater,AJCC7,any,Tis,N0,M0,Any,Any,0,extracted_candidate_v2_1 from B00221; cancer committee review pending,B00221,251,235,ANATOMIC STAGE/PROGNOSTIC GROUPS,simple_tnm_stage_table_candidate
Ampulla of Vater,AJCC7,any,T1,N0,M0,Any,Any,IA,extracted_candidate_v2_1 from B00221; cancer committee review pending,B00221,251,235,ANATOMIC STAGE/PROGNOSTIC GROUPS,simple_tnm_stage_table_candidate
Ampulla of Vater,AJCC7,any,T2,N0,M0,Any,Any,IB,extracted_candidate_v2_1 from B00221; cancer committee review pending,B00221,251,235,ANATOMIC STAGE/PROGNOSTIC GROUPS,simple_tnm_stage_table_candidate
Ampulla of Vater,AJCC7,any,T3,N0,M0,Any,Any,IIA,extracted_candidate_v2_1 from B00221; cancer committee review pending,B00221,251,235,ANATOMIC STAGE/PROGNOSTIC GROUPS,simple_tnm_stage_table_candidate
Ampulla of Vater,AJCC7,any,T1,N1,M0,Any,Any,IIB,extracted_candidate_v2_1 from B00221; cancer committee review pending,B00221,251,235,ANATOMIC STAGE/PROGNOSTIC GROUPS,simple_tnm_stage_table_candidate
Ampulla of Vater,AJCC7,any,T4,Any,M0,Any,Any,III,extracted_candidate_v2_1 from B00221; cancer committee review pending,B00221,251,235,ANATOMIC STAGE/PROGNOSTIC GROUPS,simple_tnm_stage_table_candidate
Ampulla of Vater,AJCC7,any,Any,Any,M1,Any,Any,IV,extracted_candidate_v2_1 from B00221; cancer committee review pending,B00221,251,235,ANATOMIC STAGE/PROGNOSTIC GROUPS,simple_tnm_stage_table_candidate
Ampulla of Vater,AJCC7,any,Tis,N0,M0,Any,Any,0,extracted_candidate_v2_1 from B00224; cancer committee review pending,B00224,253,237,ANATOMIC STAGE/PROGNOSTIC GROUPS,simple_tnm_stage_table_candidate
Ampulla of Vater,AJCC7,any,T1,N0,M0,Any,Any,IA,extracted_candidate_v2_1 from B00224; cancer committee review pending,B00224,253,237,ANATOMIC STAGE/PROGNOSTIC GROUPS,simple_tnm_stage_table_candidate
Ampulla of Vater,AJCC7,any,T2,N0,M0,Any,Any,IB,extracted_candidate_v2_1 from B00224; cancer committee review pending,B00224,253,237,ANATOMIC STAGE/PROGNOSTIC GROUPS,simple_tnm_stage_table_candidate
Ampulla of Vater,AJCC7,any,T3,N0,M0,Any,Any,IIA,extracted_candidate_v2_1 from B00224; cancer committee review pending,B00224,253,237,ANATOMIC STAGE/PROGNOSTIC GROUPS,simple_tnm_stage_table_candidate
Ampulla of Vater,AJCC7,any,T1,N1,M0,Any,Any,IIB,extracted_candidate_v2_1 from B00224; cancer committee review pending,B00224,253,237,ANATOMIC STAGE/PROGNOSTIC GROUPS,simple_tnm_stage_table_candidate
Ampulla of Vater,AJCC7,any,T4,Any,M0,Any,Any,III,extracted_candidate_v2_1 from B00224; cancer committee review pending,B00224,253,237,ANATOMIC STAGE/PROGNOSTIC GROUPS,simple_tnm_stage_table_candidate
Ampulla of Vater,AJCC7,any,Any,Any,M1,Any,Any,IV,extracted_candidate_v2_1 from B00224; cancer committee review pending,B00224,253,237,ANATOMIC STAGE/PROGNOSTIC GROUPS,simple_tnm_stage_table_candidate
Exocrine and Endocrine Pancreas,AJCC7,any,Tis,N0,M0,Any,Any,0,extracted_candidate_v2_1 from B00232; cancer committee review pending,B00232,257,241,ANATOMIC STAGE/PROGNOSTIC GROUPS,simple_tnm_stage_table_candidate
Exocrine and Endocrine Pancreas,AJCC7,any,T1,N0,M0,Any,Any,IA,extracted_candidate_v2_1 from B00232; cancer committee review pending,B00232,257,241,ANATOMIC STAGE/PROGNOSTIC GROUPS,simple_tnm_stage_table_candidate
Exocrine and Endocrine Pancreas,AJCC7,any,T2,N0,M0,Any,Any,IB,extracted_candidate_v2_1 from B00232; cancer committee review pending,B00232,257,241,ANATOMIC STAGE/PROGNOSTIC GROUPS,simple_tnm_stage_table_candidate
Exocrine and Endocrine Pancreas,AJCC7,any,T3,N0,M0,Any,Any,IIA,extracted_candidate_v2_1 from B00232; cancer committee review pending,B00232,257,241,ANATOMIC STAGE/PROGNOSTIC GROUPS,simple_tnm_stage_table_candidate
Exocrine and Endocrine Pancreas,AJCC7,any,T1,N1,M0,Any,Any,IIB,extracted_candidate_v2_1 from B00232; cancer committee review pending,B00232,257,241,ANATOMIC STAGE/PROGNOSTIC GROUPS,simple_tnm_stage_table_candidate
Exocrine and Endocrine Pancreas,AJCC7,any,T4,Any,M0,Any,Any,III,extracted_candidate_v2_1 from B00232; cancer committee review pending,B00232,257,241,ANATOMIC STAGE/PROGNOSTIC GROUPS,simple_tnm_stage_table_candidate
Exocrine and Endocrine Pancreas,AJCC7,any,Any,Any,M1,Any,Any,IV,extracted_candidate_v2_1 from B00232; cancer committee review pending,B00232,257,241,ANATOMIC STAGE/PROGNOSTIC GROUPS,simple_tnm_stage_table_candidate
Exocrine and Endocrine Pancreas,AJCC7,any,Tis,N0,M0,Any,Any,0,extracted_candidate_v2_1 from B00236; cancer committee review pending,B00236,261,245,ANATOMIC STAGE/PROGNOSTIC GROUPS,simple_tnm_stage_table_candidate
Exocrine and Endocrine Pancreas,AJCC7,any,T1,N0,M0,Any,Any,IA,extracted_candidate_v2_1 from B00236; cancer committee review pending,B00236,261,245,ANATOMIC STAGE/PROGNOSTIC GROUPS,simple_tnm_stage_table_candidate
Exocrine and Endocrine Pancreas,AJCC7,any,T2,N0,M0,Any,Any,IB,extracted_candidate_v2_1 from B00236; cancer committee review pending,B00236,261,245,ANATOMIC STAGE/PROGNOSTIC GROUPS,simple_tnm_stage_table_candidate
Exocrine and Endocrine Pancreas,AJCC7,any,T3,N0,M0,Any,Any,IIA,extracted_candidate_v2_1 from B00236; cancer committee review pending,B00236,261,245,ANATOMIC STAGE/PROGNOSTIC GROUPS,simple_tnm_stage_table_candidate
Exocrine and Endocrine Pancreas,AJCC7,any,T1,N1,M0,Any,Any,IIB,extracted_candidate_v2_1 from B00236; cancer committee review pending,B00236,261,245,ANATOMIC STAGE/PROGNOSTIC GROUPS,simple_tnm_stage_table_candidate
Exocrine and Endocrine Pancreas,AJCC7,any,T4,Any,M0,Any,Any,III,extracted_candidate_v2_1 from B00236; cancer committee review pending,B00236,261,245,ANATOMIC STAGE/PROGNOSTIC GROUPS,simple_tnm_stage_table_candidate
Exocrine and Endocrine Pancreas,AJCC7,any,Any,Any,M1,Any,Any,IV,extracted_candidate_v2_1 from B00236; cancer committee review pending,B00236,261,245,ANATOMIC STAGE/PROGNOSTIC GROUPS,simple_tnm_stage_table_candidate
Lung,AJCC7,any,Tis,N0,M0,Any,Any,0,extracted_candidate_v2_1 from B00243; cancer committee review pending,B00243,269,253,ANATOMIC STAGE/PROGNOSTIC GROUPS,simple_tnm_stage_table_candidate
Lung,AJCC7,any,T1a,N0,M0,Any,Any,IA,extracted_candidate_v2_1 from B00243; cancer committee review pending,B00243,269,253,ANATOMIC STAGE/PROGNOSTIC GROUPS,simple_tnm_stage_table_candidate
Lung,AJCC7,any,T2a,N0,M0,Any,Any,IB,extracted_candidate_v2_1 from B00243; cancer committee review pending,B00243,269,253,ANATOMIC STAGE/PROGNOSTIC GROUPS,simple_tnm_stage_table_candidate
Lung,AJCC7,any,T2b,N0,M0,Any,Any,IIA,extracted_candidate_v2_1 from B00243; cancer committee review pending,B00243,269,253,ANATOMIC STAGE/PROGNOSTIC GROUPS,simple_tnm_stage_table_candidate
Lung,AJCC7,any,T2b,N1,M0,Any,Any,IIB,extracted_candidate_v2_1 from B00243; cancer committee review pending,B00243,269,253,ANATOMIC STAGE/PROGNOSTIC GROUPS,simple_tnm_stage_table_candidate
Lung,AJCC7,any,T1a,N2,M0,Any,Any,IIIA,extracted_candidate_v2_1 from B00244; cancer committee review pending,B00244,270,254,ANATOMIC STAGE/PROGNOSTIC GROUPS,simple_tnm_stage_table_candidate
Lung,AJCC7,any,T1a,N3,M0,Any,Any,IIIB,extracted_candidate_v2_1 from B00244; cancer committee review pending,B00244,270,254,ANATOMIC STAGE/PROGNOSTIC GROUPS,simple_tnm_stage_table_candidate
Lung,AJCC7,any,Any,Any,M1a,Any,Any,IV,extracted_candidate_v2_1 from B00244; cancer committee review pending,B00244,270,254,ANATOMIC STAGE/PROGNOSTIC GROUPS,simple_tnm_stage_table_candidate
Lung,AJCC7,any,Tis,N0,M0,Any,Any,0,extracted_candidate_v2_1 from B00248; cancer committee review pending,B00248,279,263,ANATOMIC STAGE/PROGNOSTIC GROUPS,simple_tnm_stage_table_candidate
Lung,AJCC7,any,T1a,N0,M0,Any,Any,IA,extracted_candidate_v2_1 from B00248; cancer committee review pending,B00248,279,263,ANATOMIC STAGE/PROGNOSTIC GROUPS,simple_tnm_stage_table_candidate
Lung,AJCC7,any,T2a,N0,M0,Any,Any,IB,extracted_candidate_v2_1 from B00248; cancer committee review pending,B00248,279,263,ANATOMIC STAGE/PROGNOSTIC GROUPS,simple_tnm_stage_table_candidate
Lung,AJCC7,any,T2b,N0,M0,Any,Any,IIA,extracted_candidate_v2_1 from B00248; cancer committee review pending,B00248,279,263,ANATOMIC STAGE/PROGNOSTIC GROUPS,simple_tnm_stage_table_candidate
Lung,AJCC7,any,T2b,N1,M0,Any,Any,IIB,extracted_candidate_v2_1 from B00248; cancer committee review pending,B00248,279,263,ANATOMIC STAGE/PROGNOSTIC GROUPS,simple_tnm_stage_table_candidate
Lung,AJCC7,any,T1a,N2,M0,Any,Any,IIIA,extracted_candidate_v2_1 from B00248; cancer committee review pending,B00248,279,263,ANATOMIC STAGE/PROGNOSTIC GROUPS,simple_tnm_stage_table_candidate
Lung,AJCC7,any,T1a,N3,M0,Any,Any,IIIB,extracted_candidate_v2_1 from B00248; cancer committee review pending,B00248,279,263,ANATOMIC STAGE/PROGNOSTIC GROUPS,simple_tnm_stage_table_candidate
Lung,AJCC7,any,Any,Any,M1a,Any,Any,IV,extracted_candidate_v2_1 from B00248; cancer committee review pending,B00248,279,263,ANATOMIC STAGE/PROGNOSTIC GROUPS,simple_tnm_stage_table_candidate
Pleural Mesothelioma,AJCC7,any,T1a,N0,M0,Any,Any,IA,extracted_candidate_v2_1 from B00254; cancer committee review pending,B00254,287,271,ANATOMIC STAGE/PROGNOSTIC GROUPS,simple_tnm_stage_table_candidate
Pleural Mesothelioma,AJCC7,any,T1b,N0,M0,Any,Any,IB,extracted_candidate_v2_1 from B00254; cancer committee review pending,B00254,287,271,ANATOMIC STAGE/PROGNOSTIC GROUPS,simple_tnm_stage_table_candidate
Pleural Mesothelioma,AJCC7,any,T2,N0,M0,Any,Any,II,extracted_candidate_v2_1 from B00254; cancer committee review pending,B00254,287,271,ANATOMIC STAGE/PROGNOSTIC GROUPS,simple_tnm_stage_table_candidate
Pleural Mesothelioma,AJCC7,any,"T1, T2",N1,M0,Any,Any,III,extracted_candidate_v2_1 from B00254; cancer committee review pending,B00254,287,271,ANATOMIC STAGE/PROGNOSTIC GROUPS,simple_tnm_stage_table_candidate
Pleural Mesothelioma,AJCC7,any,T4,Any,M0,Any,Any,IV,extracted_candidate_v2_1 from B00254; cancer committee review pending,B00254,287,271,ANATOMIC STAGE/PROGNOSTIC GROUPS,simple_tnm_stage_table_candidate
Pleural Mesothelioma,AJCC7,any,T1a,N0,M0,Any,Any,IA,extracted_candidate_v2_1 from B00257; cancer committee review pending,B00257,289,273,ANATOMIC STAGE/PROGNOSTIC GROUPS,simple_tnm_stage_table_candidate
Pleural Mesothelioma,AJCC7,any,T1b,N0,M0,Any,Any,IB,extracted_candidate_v2_1 from B00257; cancer committee review pending,B00257,289,273,ANATOMIC STAGE/PROGNOSTIC GROUPS,simple_tnm_stage_table_candidate
Pleural Mesothelioma,AJCC7,any,T2,N0,M0,Any,Any,II,extracted_candidate_v2_1 from B00257; cancer committee review pending,B00257,289,273,ANATOMIC STAGE/PROGNOSTIC GROUPS,simple_tnm_stage_table_candidate
Pleural Mesothelioma,AJCC7,any,"T1, T2",N1,M0,Any,Any,III,extracted_candidate_v2_1 from B00257; cancer committee review pending,B00257,289,273,ANATOMIC STAGE/PROGNOSTIC GROUPS,simple_tnm_stage_table_candidate
Pleural Mesothelioma,AJCC7,any,T4,Any,M0,Any,Any,IV,extracted_candidate_v2_1 from B00257; cancer committee review pending,B00257,289,273,ANATOMIC STAGE/PROGNOSTIC GROUPS,simple_tnm_stage_table_candidate
Bone,AJCC7,any,T1,N0,M0,Any,Any,IA,extracted_candidate_v2_1 from B00264; cancer committee review pending,B00264,297,281,ANATOMIC STAGE/PROGNOSTIC GROUPS,simple_tnm_stage_table_candidate
Bone,AJCC7,any,T2,N0,M0,Any,Any,IB,extracted_candidate_v2_1 from B00264; cancer committee review pending,B00264,297,281,ANATOMIC STAGE/PROGNOSTIC GROUPS,simple_tnm_stage_table_candidate
Bone,AJCC7,any,T2,N0,M0,Any,Any,IIB,extracted_candidate_v2_1 from B00264; cancer committee review pending,B00264,297,281,ANATOMIC STAGE/PROGNOSTIC GROUPS,simple_tnm_stage_table_candidate
Bone,AJCC7,any,T3,N0,M0,Any,Any,III,extracted_candidate_v2_1 from B00264; cancer committee review pending,B00264,297,281,ANATOMIC STAGE/PROGNOSTIC GROUPS,simple_tnm_stage_table_candidate
Bone,AJCC7,any,T1,N0,M0,Any,Any,IA,extracted_candidate_v2_1 from B00268; cancer committee review pending,B00268,300,284,ANATOMIC STAGE/PROGNOSTIC GROUPS,simple_tnm_stage_table_candidate
Bone,AJCC7,any,T2,N0,M0,Any,Any,IB,extracted_candidate_v2_1 from B00268; cancer committee review pending,B00268,300,284,ANATOMIC STAGE/PROGNOSTIC GROUPS,simple_tnm_stage_table_candidate
Bone,AJCC7,any,T1,N0,M0,Any,Any,IIA,extracted_candidate_v2_1 from B00268; cancer committee review pending,B00268,300,284,ANATOMIC STAGE/PROGNOSTIC GROUPS,simple_tnm_stage_table_candidate
Bone,AJCC7,any,T2,N0,M0,Any,Any,IIB,extracted_candidate_v2_1 from B00268; cancer committee review pending,B00268,300,284,ANATOMIC STAGE/PROGNOSTIC GROUPS,simple_tnm_stage_table_candidate
Bone,AJCC7,any,T3,N0,M0,Any,Any,III,extracted_candidate_v2_1 from B00268; cancer committee review pending,B00268,300,284,ANATOMIC STAGE/PROGNOSTIC GROUPS,simple_tnm_stage_table_candidate
Soft Tissue Sarcoma,AJCC7,any,T1a,N0,M0,Any,Any,IA,extracted_candidate_v2_1 from B00275; cancer committee review pending,B00275,307,291,ANATOMIC STAGE/PROGNOSTIC GROUPS,simple_tnm_stage_table_candidate
Soft Tissue Sarcoma,AJCC7,any,T2a,N0,M0,Any,Any,IB,extracted_candidate_v2_1 from B00275; cancer committee review pending,B00275,307,291,ANATOMIC STAGE/PROGNOSTIC GROUPS,simple_tnm_stage_table_candidate
Soft Tissue Sarcoma,AJCC7,any,T1a,N0,M0,Any,Any,IIA,extracted_candidate_v2_1 from B00275; cancer committee review pending,B00275,307,291,ANATOMIC STAGE/PROGNOSTIC GROUPS,simple_tnm_stage_table_candidate
Soft Tissue Sarcoma,AJCC7,any,T2a,N0,M0,Any,Any,IIB,extracted_candidate_v2_1 from B00275; cancer committee review pending,B00275,307,291,ANATOMIC STAGE/PROGNOSTIC GROUPS,simple_tnm_stage_table_candidate
Soft Tissue Sarcoma,AJCC7,any,"T2a, T2b",N0,M0,Any,Any,III,extracted_candidate_v2_1 from B00275; cancer committee review pending,B00275,307,291,ANATOMIC STAGE/PROGNOSTIC GROUPS,simple_tnm_stage_table_candidate
Soft Tissue Sarcoma,AJCC7,any,Any,Any,M1,Any,Any,IV,extracted_candidate_v2_1 from B00275; cancer committee review pending,B00275,307,291,ANATOMIC STAGE/PROGNOSTIC GROUPS,simple_tnm_stage_table_candidate
Soft Tissue Sarcoma,AJCC7,any,T1a,N0,M0,Any,Any,IA,extracted_candidate_v2_1 from B00278; cancer committee review pending,B00278,311,295,ANATOMIC STAGE/PROGNOSTIC GROUPS,simple_tnm_stage_table_candidate
Soft Tissue Sarcoma,AJCC7,any,T2a,N0,M0,Any,Any,IB,extracted_candidate_v2_1 from B00278; cancer committee review pending,B00278,311,295,ANATOMIC STAGE/PROGNOSTIC GROUPS,simple_tnm_stage_table_candidate
Soft Tissue Sarcoma,AJCC7,any,T1a,N0,M0,Any,Any,IIA,extracted_candidate_v2_1 from B00278; cancer committee review pending,B00278,311,295,ANATOMIC STAGE/PROGNOSTIC GROUPS,simple_tnm_stage_table_candidate
Soft Tissue Sarcoma,AJCC7,any,T2a,N0,M0,Any,Any,IIB,extracted_candidate_v2_1 from B00278; cancer committee review pending,B00278,311,295,ANATOMIC STAGE/PROGNOSTIC GROUPS,simple_tnm_stage_table_candidate
Soft Tissue Sarcoma,AJCC7,any,"T2a, T2b",N0,M0,Any,Any,III,extracted_candidate_v2_1 from B00278; cancer committee review pending,B00278,311,295,ANATOMIC STAGE/PROGNOSTIC GROUPS,simple_tnm_stage_table_candidate
Soft Tissue Sarcoma,AJCC7,any,Any,Any,M1,Any,Any,IV,extracted_candidate_v2_1 from B00278; cancer committee review pending,B00278,311,295,ANATOMIC STAGE/PROGNOSTIC GROUPS,simple_tnm_stage_table_candidate
Cutaneous Squamous Cell Carcinoma and Other Cutaneous Carcinomas,AJCC7,any,Tis,N0,M0,Any,Any,0,extracted_candidate_v2_1 from B00285; cancer committee review pending,B00285,318,302,ANATOMIC STAGE/PROGNOSTIC GROUPS,simple_tnm_stage_table_candidate
Cutaneous Squamous Cell Carcinoma and Other Cutaneous Carcinomas,AJCC7,any,T2,N0,M0,Any,Any,II,extracted_candidate_v2_1 from B00285; cancer committee review pending,B00285,318,302,ANATOMIC STAGE/PROGNOSTIC GROUPS,simple_tnm_stage_table_candidate
Cutaneous Squamous Cell Carcinoma and Other Cutaneous Carcinomas,AJCC7,any,T3,N0,M0,Any,Any,III,extracted_candidate_v2_1 from B00285; cancer committee review pending,B00285,318,302,ANATOMIC STAGE/PROGNOSTIC GROUPS,simple_tnm_stage_table_candidate
Cutaneous Squamous Cell Carcinoma and Other Cutaneous Carcinomas,AJCC7,any,T1,N2,M0,Any,Any,IV,extracted_candidate_v2_1 from B00285; cancer committee review pending,B00285,318,302,ANATOMIC STAGE/PROGNOSTIC GROUPS,simple_tnm_stage_table_candidate
Cutaneous Squamous Cell Carcinoma and Other Cutaneous Carcinomas,AJCC7,any,Tis,N0,M0,Any,Any,0,extracted_candidate_v2_1 from B00288; cancer committee review pending,B00288,324,308,ANATOMIC STAGE/PROGNOSTIC GROUPS,simple_tnm_stage_table_candidate
Cutaneous Squamous Cell Carcinoma and Other Cutaneous Carcinomas,AJCC7,any,T2,N0,M0,Any,Any,II,extracted_candidate_v2_1 from B00288; cancer committee review pending,B00288,324,308,ANATOMIC STAGE/PROGNOSTIC GROUPS,simple_tnm_stage_table_candidate
Cutaneous Squamous Cell Carcinoma and Other Cutaneous Carcinomas,AJCC7,any,T3,N0,M0,Any,Any,III,extracted_candidate_v2_1 from B00288; cancer committee review pending,B00288,324,308,ANATOMIC STAGE/PROGNOSTIC GROUPS,simple_tnm_stage_table_candidate
Cutaneous Squamous Cell Carcinoma and Other Cutaneous Carcinomas,AJCC7,any,T1,N2,M0,Any,Any,IV,extracted_candidate_v2_1 from B00288; cancer committee review pending,B00288,324,308,ANATOMIC STAGE/PROGNOSTIC GROUPS,simple_tnm_stage_table_candidate
Merkel Cell Carcinoma,AJCC7,any,Tis,N0,M0,Any,Any,0,extracted_candidate_v2_1 from B00295; cancer committee review pending,B00295,331,315,ANATOMIC STAGE/PROGNOSTIC GROUPS,simple_tnm_stage_table_candidate
Merkel Cell Carcinoma,AJCC7,any,T1,pN0,M0,Any,Any,IA,extracted_candidate_v2_1 from B00295; cancer committee review pending,B00295,331,315,ANATOMIC STAGE/PROGNOSTIC GROUPS,simple_tnm_stage_table_candidate
Merkel Cell Carcinoma,AJCC7,any,T1,cN0,M0,Any,Any,IB,extracted_candidate_v2_1 from B00295; cancer committee review pending,B00295,331,315,ANATOMIC STAGE/PROGNOSTIC GROUPS,simple_tnm_stage_table_candidate
Merkel Cell Carcinoma,AJCC7,any,T2/T3,pN0,M0,Any,Any,IIA,extracted_candidate_v2_1 from B00295; cancer committee review pending,B00295,331,315,ANATOMIC STAGE/PROGNOSTIC GROUPS,simple_tnm_stage_table_candidate
Merkel Cell Carcinoma,AJCC7,any,T2/T3,cN0,M0,Any,Any,IIB,extracted_candidate_v2_1 from B00295; cancer committee review pending,B00295,331,315,ANATOMIC STAGE/PROGNOSTIC GROUPS,simple_tnm_stage_table_candidate
Merkel Cell Carcinoma,AJCC7,any,T4,N0,M0,Any,Any,IIC,extracted_candidate_v2_1 from B00295; cancer committee review pending,B00295,331,315,ANATOMIC STAGE/PROGNOSTIC GROUPS,simple_tnm_stage_table_candidate
Merkel Cell Carcinoma,AJCC7,any,Any,N1a,M0,Any,Any,IIIA,extracted_candidate_v2_1 from B00295; cancer committee review pending,B00295,331,315,ANATOMIC STAGE/PROGNOSTIC GROUPS,simple_tnm_stage_table_candidate
Merkel Cell Carcinoma,AJCC7,any,Any,Any,M1,Any,Any,IV,extracted_candidate_v2_1 from B00295; cancer committee review pending,B00295,331,315,ANATOMIC STAGE/PROGNOSTIC GROUPS,simple_tnm_stage_table_candidate
Melanoma of the Skin,AJCC7,any,Tis,N0,M0,Any,Any,0,extracted_candidate_v2_1 from B00306; cancer committee review pending,B00306,342,326,ANATOMIC STAGE/PROGNOSTIC GROUPS,simple_tnm_stage_table_candidate
Melanoma of the Skin,AJCC7,any,T1a,N0,M0,Any,Any,IA,extracted_candidate_v2_1 from B00306; cancer committee review pending,B00306,342,326,ANATOMIC STAGE/PROGNOSTIC GROUPS,simple_tnm_stage_table_candidate
Melanoma of the Skin,AJCC7,any,T1b,N0,M0,Any,Any,IB,extracted_candidate_v2_1 from B00306; cancer committee review pending,B00306,342,326,ANATOMIC STAGE/PROGNOSTIC GROUPS,simple_tnm_stage_table_candidate
Melanoma of the Skin,AJCC7,any,T2b,N0,M0,Any,Any,IIA,extracted_candidate_v2_1 from B00306; cancer committee review pending,B00306,342,326,ANATOMIC STAGE/PROGNOSTIC GROUPS,simple_tnm_stage_table_candidate
Melanoma of the Skin,AJCC7,any,T3b,N0,M0,Any,Any,IIB,extracted_candidate_v2_1 from B00306; cancer committee review pending,B00306,342,326,ANATOMIC STAGE/PROGNOSTIC GROUPS,simple_tnm_stage_table_candidate
Melanoma of the Skin,AJCC7,any,T4b,N0,M0,Any,Any,IIC,extracted_candidate_v2_1 from B00306; cancer committee review pending,B00306,342,326,ANATOMIC STAGE/PROGNOSTIC GROUPS,simple_tnm_stage_table_candidate
Melanoma of the Skin,AJCC7,any,T1 - 4a,N1a,M0,Any,Any,IIIA,extracted_candidate_v2_1 from B00306; cancer committee review pending,B00306,342,326,ANATOMIC STAGE/PROGNOSTIC GROUPS,simple_tnm_stage_table_candidate
Melanoma of the Skin,AJCC7,any,T1 - 4b,N1a,M0,Any,Any,IIIB,extracted_candidate_v2_1 from B00306; cancer committee review pending,B00306,342,326,ANATOMIC STAGE/PROGNOSTIC GROUPS,simple_tnm_stage_table_candidate
Melanoma of the Skin,AJCC7,any,T1 - 4b,N1b,M0,Any,Any,IIIC,extracted_candidate_v2_1 from B00306; cancer committee review pending,B00306,342,326,ANATOMIC STAGE/PROGNOSTIC GROUPS,simple_tnm_stage_table_candidate
Melanoma of the Skin,AJCC7,any,Any,Any,M1,Any,Any,IV,extracted_candidate_v2_1 from B00306; cancer committee review pending,B00306,342,326,ANATOMIC STAGE/PROGNOSTIC GROUPS,simple_tnm_stage_table_candidate
Melanoma of the Skin,AJCC7,any,Tis,N0,M0,Any,Any,0,extracted_candidate_v2_1 from B00310; cancer committee review pending,B00310,352,336,ANATOMIC STAGE/PROGNOSTIC GROUPS,simple_tnm_stage_table_candidate
Melanoma of the Skin,AJCC7,any,T1a,N0,M0,Any,Any,IA,extracted_candidate_v2_1 from B00310; cancer committee review pending,B00310,352,336,ANATOMIC STAGE/PROGNOSTIC GROUPS,simple_tnm_stage_table_candidate
Melanoma of the Skin,AJCC7,any,T1b,N0,M0,Any,Any,IB,extracted_candidate_v2_1 from B00310; cancer committee review pending,B00310,352,336,ANATOMIC STAGE/PROGNOSTIC GROUPS,simple_tnm_stage_table_candidate
Melanoma of the Skin,AJCC7,any,T2b,N0,M0,Any,Any,IIA,extracted_candidate_v2_1 from B00310; cancer committee review pending,B00310,352,336,ANATOMIC STAGE/PROGNOSTIC GROUPS,simple_tnm_stage_table_candidate
Melanoma of the Skin,AJCC7,any,T3b,N0,M0,Any,Any,IIB,extracted_candidate_v2_1 from B00310; cancer committee review pending,B00310,352,336,ANATOMIC STAGE/PROGNOSTIC GROUPS,simple_tnm_stage_table_candidate
Melanoma of the Skin,AJCC7,any,T4b,N0,M0,Any,Any,IIC,extracted_candidate_v2_1 from B00310; cancer committee review pending,B00310,352,336,ANATOMIC STAGE/PROGNOSTIC GROUPS,simple_tnm_stage_table_candidate
Melanoma of the Skin,AJCC7,any,T1 - 4a,N1a,M0,Any,Any,IIIA,extracted_candidate_v2_1 from B00310; cancer committee review pending,B00310,352,336,ANATOMIC STAGE/PROGNOSTIC GROUPS,simple_tnm_stage_table_candidate
Melanoma of the Skin,AJCC7,any,T1 - 4b,N1a,M0,Any,Any,IIIB,extracted_candidate_v2_1 from B00310; cancer committee review pending,B00310,352,336,ANATOMIC STAGE/PROGNOSTIC GROUPS,simple_tnm_stage_table_candidate
Melanoma of the Skin,AJCC7,any,T1 - 4b,N1b,M0,Any,Any,IIIC,extracted_candidate_v2_1 from B00310; cancer committee review pending,B00310,352,336,ANATOMIC STAGE/PROGNOSTIC GROUPS,simple_tnm_stage_table_candidate
Melanoma of the Skin,AJCC7,any,Any,Any,M1,Any,Any,IV,extracted_candidate_v2_1 from B00310; cancer committee review pending,B00310,352,336,ANATOMIC STAGE/PROGNOSTIC GROUPS,simple_tnm_stage_table_candidate
Breast,AJCC7,any,Tis,N0,M0,Any,Any,0,extracted_candidate_v2_1 from B00317; cancer committee review pending,B00317,365,349,ANATOMIC STAGE/PROGNOSTIC GROUPS,simple_tnm_stage_table_candidate
Breast,AJCC7,any,T1 *,N0,M0,Any,Any,IA,extracted_candidate_v2_1 from B00317; cancer committee review pending,B00317,365,349,ANATOMIC STAGE/PROGNOSTIC GROUPS,simple_tnm_stage_table_candidate
Breast,AJCC7,any,T0,N1mi,M0,Any,Any,IB,extracted_candidate_v2_1 from B00317; cancer committee review pending,B00317,365,349,ANATOMIC STAGE/PROGNOSTIC GROUPS,simple_tnm_stage_table_candidate
Breast,AJCC7,any,T0,N1 **,M0,Any,Any,IIA,extracted_candidate_v2_1 from B00317; cancer committee review pending,B00317,365,349,ANATOMIC STAGE/PROGNOSTIC GROUPS,simple_tnm_stage_table_candidate
Breast,AJCC7,any,T2,N1,M0,Any,Any,IIB,extracted_candidate_v2_1 from B00317; cancer committee review pending,B00317,365,349,ANATOMIC STAGE/PROGNOSTIC GROUPS,simple_tnm_stage_table_candidate
Breast,AJCC7,any,T0,N2,M0,Any,Any,IIIA,extracted_candidate_v2_1 from B00317; cancer committee review pending,B00317,365,349,ANATOMIC STAGE/PROGNOSTIC GROUPS,simple_tnm_stage_table_candidate
Breast,AJCC7,any,T4,N0,M0,Any,Any,IIIB,extracted_candidate_v2_1 from B00317; cancer committee review pending,B00317,365,349,ANATOMIC STAGE/PROGNOSTIC GROUPS,simple_tnm_stage_table_candidate
Breast,AJCC7,any,Any,N3,M0,Any,Any,IIIC,extracted_candidate_v2_1 from B00317; cancer committee review pending,B00317,365,349,ANATOMIC STAGE/PROGNOSTIC GROUPS,simple_tnm_stage_table_candidate
Breast,AJCC7,any,Any,Any,M1,Any,Any,IV,extracted_candidate_v2_1 from B00317; cancer committee review pending,B00317,365,349,ANATOMIC STAGE/PROGNOSTIC GROUPS,simple_tnm_stage_table_candidate
Breast,AJCC7,any,Tis,N0,M0,Any,Any,0,extracted_candidate_v2_1 from B00322; cancer committee review pending,B00322,376,360,ANATOMIC STAGE/PROGNOSTIC GROUPS,simple_tnm_stage_table_candidate
Breast,AJCC7,any,T1 *,N0,M0,Any,Any,IA,extracted_candidate_v2_1 from B00322; cancer committee review pending,B00322,376,360,ANATOMIC STAGE/PROGNOSTIC GROUPS,simple_tnm_stage_table_candidate
Breast,AJCC7,any,T0,N1mi,M0,Any,Any,IB,extracted_candidate_v2_1 from B00322; cancer committee review pending,B00322,376,360,ANATOMIC STAGE/PROGNOSTIC GROUPS,simple_tnm_stage_table_candidate
Breast,AJCC7,any,T0,N1 **,M0,Any,Any,IIA,extracted_candidate_v2_1 from B00322; cancer committee review pending,B00322,376,360,ANATOMIC STAGE/PROGNOSTIC GROUPS,simple_tnm_stage_table_candidate
Breast,AJCC7,any,T2,N1,M0,Any,Any,IIB,extracted_candidate_v2_1 from B00322; cancer committee review pending,B00322,376,360,ANATOMIC STAGE/PROGNOSTIC GROUPS,simple_tnm_stage_table_candidate
Breast,AJCC7,any,T0,N2,M0,Any,Any,IIIA,extracted_candidate_v2_1 from B00322; cancer committee review pending,B00322,376,360,ANATOMIC STAGE/PROGNOSTIC GROUPS,simple_tnm_stage_table_candidate
Breast,AJCC7,any,T4,N0,M0,Any,Any,IIIB,extracted_candidate_v2_1 from B00322; cancer committee review pending,B00322,376,360,ANATOMIC STAGE/PROGNOSTIC GROUPS,simple_tnm_stage_table_candidate
Breast,AJCC7,any,Any,N3,M0,Any,Any,IIIC,extracted_candidate_v2_1 from B00322; cancer committee review pending,B00322,376,360,ANATOMIC STAGE/PROGNOSTIC GROUPS,simple_tnm_stage_table_candidate
Breast,AJCC7,any,Any,Any,M1,Any,Any,IV,extracted_candidate_v2_1 from B00322; cancer committee review pending,B00322,376,360,ANATOMIC STAGE/PROGNOSTIC GROUPS,simple_tnm_stage_table_candidate
Vulva,AJCC7,any,T1a,N0,M0,Any,Any,IA,extracted_candidate_v2_1 from B00331; cancer committee review pending,B00331,395,379,ANATOMIC STAGE/PROGNOSTIC GROUPS,simple_tnm_stage_table_candidate
Vulva,AJCC7,any,T1b,N0,M0,Any,Any,IB,extracted_candidate_v2_1 from B00331; cancer committee review pending,B00331,395,379,ANATOMIC STAGE/PROGNOSTIC GROUPS,simple_tnm_stage_table_candidate
Vulva,AJCC7,any,T2,N0,M0,Any,Any,II,extracted_candidate_v2_1 from B00331; cancer committee review pending,B00331,395,379,ANATOMIC STAGE/PROGNOSTIC GROUPS,simple_tnm_stage_table_candidate
Vulva,AJCC7,any,"T1, T2",N2c,M0,Any,Any,IIIC,extracted_candidate_v2_1 from B00331; cancer committee review pending,B00331,395,379,ANATOMIC STAGE/PROGNOSTIC GROUPS,simple_tnm_stage_table_candidate
Vulva,AJCC7,any,"T1, T2",N3,M0,Any,Any,IVA,extracted_candidate_v2_1 from B00331; cancer committee review pending,B00331,395,379,ANATOMIC STAGE/PROGNOSTIC GROUPS,simple_tnm_stage_table_candidate
Vulva,AJCC7,any,Any,Any,M1,Any,Any,IVB,extracted_candidate_v2_1 from B00331; cancer committee review pending,B00331,395,379,ANATOMIC STAGE/PROGNOSTIC GROUPS,simple_tnm_stage_table_candidate
Vulva,AJCC7,any,T1a,N0,M0,Any,Any,IA,extracted_candidate_v2_1 from B00336; cancer committee review pending,B00336,397,381,ANATOMIC STAGE/PROGNOSTIC GROUPS,simple_tnm_stage_table_candidate
Vulva,AJCC7,any,T1b,N0,M0,Any,Any,IB,extracted_candidate_v2_1 from B00336; cancer committee review pending,B00336,397,381,ANATOMIC STAGE/PROGNOSTIC GROUPS,simple_tnm_stage_table_candidate
Vulva,AJCC7,any,T2,N0,M0,Any,Any,II,extracted_candidate_v2_1 from B00336; cancer committee review pending,B00336,397,381,ANATOMIC STAGE/PROGNOSTIC GROUPS,simple_tnm_stage_table_candidate
Vulva,AJCC7,any,"T1, T2",N2c,M0,Any,Any,IIIC,extracted_candidate_v2_1 from B00336; cancer committee review pending,B00336,397,381,ANATOMIC STAGE/PROGNOSTIC GROUPS,simple_tnm_stage_table_candidate
Vulva,AJCC7,any,"T1, T2",N3,M0,Any,Any,IVA,extracted_candidate_v2_1 from B00336; cancer committee review pending,B00336,397,381,ANATOMIC STAGE/PROGNOSTIC GROUPS,simple_tnm_stage_table_candidate
Vulva,AJCC7,any,Any,Any,M1,Any,Any,IVB,extracted_candidate_v2_1 from B00336; cancer committee review pending,B00336,397,381,ANATOMIC STAGE/PROGNOSTIC GROUPS,simple_tnm_stage_table_candidate
Vagina,AJCC7,any,T2,N0,M0,Any,Any,II,extracted_candidate_v2_1 from B00343; cancer committee review pending,B00343,403,387,ANATOMIC STAGE/PROGNOSTIC GROUPS,simple_tnm_stage_table_candidate
Vagina,AJCC7,any,T4,Any,M0,Any,Any,IVA,extracted_candidate_v2_1 from B00343; cancer committee review pending,B00343,403,387,ANATOMIC STAGE/PROGNOSTIC GROUPS,simple_tnm_stage_table_candidate
Vagina,AJCC7,any,Any,Any,M1,Any,Any,IVB,extracted_candidate_v2_1 from B00343; cancer committee review pending,B00343,403,387,ANATOMIC STAGE/PROGNOSTIC GROUPS,simple_tnm_stage_table_candidate
Vagina,AJCC7,any,T2,N0,M0,Any,Any,II,extracted_candidate_v2_1 from B00347; cancer committee review pending,B00347,404,388,ANATOMIC STAGE/PROGNOSTIC GROUPS,simple_tnm_stage_table_candidate
Vagina,AJCC7,any,T4,Any,M0,Any,Any,IVA,extracted_candidate_v2_1 from B00347; cancer committee review pending,B00347,404,388,ANATOMIC STAGE/PROGNOSTIC GROUPS,simple_tnm_stage_table_candidate
Vagina,AJCC7,any,Any,Any,M1,Any,Any,IVB,extracted_candidate_v2_1 from B00347; cancer committee review pending,B00347,404,388,ANATOMIC STAGE/PROGNOSTIC GROUPS,simple_tnm_stage_table_candidate
Cervix Uteri,AJCC7,any,T1a,N0,M0,Any,Any,IA,extracted_candidate_v2_1 from B00354; cancer committee review pending,B00354,411,395,ANATOMIC STAGE/PROGNOSTIC GROUPS,simple_tnm_stage_table_candidate
Cervix Uteri,AJCC7,any,T1b,N0,M0,Any,Any,IB,extracted_candidate_v2_1 from B00354; cancer committee review pending,B00354,411,395,ANATOMIC STAGE/PROGNOSTIC GROUPS,simple_tnm_stage_table_candidate
Cervix Uteri,AJCC7,any,T2,N0,M0,Any,Any,II,extracted_candidate_v2_1 from B00354; cancer committee review pending,B00354,411,395,ANATOMIC STAGE/PROGNOSTIC GROUPS,simple_tnm_stage_table_candidate
Cervix Uteri,AJCC7,any,T2a,N0,M0,Any,Any,IIA,extracted_candidate_v2_1 from B00354; cancer committee review pending,B00354,411,395,ANATOMIC STAGE/PROGNOSTIC GROUPS,simple_tnm_stage_table_candidate
Cervix Uteri,AJCC7,any,T2b,N0,M0,Any,Any,IIB,extracted_candidate_v2_1 from B00354; cancer committee review pending,B00354,411,395,ANATOMIC STAGE/PROGNOSTIC GROUPS,simple_tnm_stage_table_candidate
Cervix Uteri,AJCC7,any,T3,N0,M0,Any,Any,III,extracted_candidate_v2_1 from B00354; cancer committee review pending,B00354,411,395,ANATOMIC STAGE/PROGNOSTIC GROUPS,simple_tnm_stage_table_candidate
Cervix Uteri,AJCC7,any,T3a,N0,M0,Any,Any,IIIA,extracted_candidate_v2_1 from B00354; cancer committee review pending,B00354,411,395,ANATOMIC STAGE/PROGNOSTIC GROUPS,simple_tnm_stage_table_candidate
Cervix Uteri,AJCC7,any,T3b,Any,M0,Any,Any,IIIB,extracted_candidate_v2_1 from B00354; cancer committee review pending,B00354,411,395,ANATOMIC STAGE/PROGNOSTIC GROUPS,simple_tnm_stage_table_candidate
Cervix Uteri,AJCC7,any,T4,Any,M0,Any,Any,IVA,extracted_candidate_v2_1 from B00354; cancer committee review pending,B00354,411,395,ANATOMIC STAGE/PROGNOSTIC GROUPS,simple_tnm_stage_table_candidate
Cervix Uteri,AJCC7,any,Any,Any,M1,Any,Any,IVB,extracted_candidate_v2_1 from B00354; cancer committee review pending,B00354,411,395,ANATOMIC STAGE/PROGNOSTIC GROUPS,simple_tnm_stage_table_candidate
Cervix Uteri,AJCC7,any,T1a,N0,M0,Any,Any,IA,extracted_candidate_v2_1 from B00358; cancer committee review pending,B00358,413,397,ANATOMIC STAGE/PROGNOSTIC GROUPS (FIGO 2008),simple_tnm_stage_table_candidate
Cervix Uteri,AJCC7,any,T1b,N0,M0,Any,Any,IB,extracted_candidate_v2_1 from B00358; cancer committee review pending,B00358,413,397,ANATOMIC STAGE/PROGNOSTIC GROUPS (FIGO 2008),simple_tnm_stage_table_candidate
Cervix Uteri,AJCC7,any,T2,N0,M0,Any,Any,II,extracted_candidate_v2_1 from B00358; cancer committee review pending,B00358,413,397,ANATOMIC STAGE/PROGNOSTIC GROUPS (FIGO 2008),simple_tnm_stage_table_candidate
Cervix Uteri,AJCC7,any,T2a,N0,M0,Any,Any,IIA,extracted_candidate_v2_1 from B00358; cancer committee review pending,B00358,413,397,ANATOMIC STAGE/PROGNOSTIC GROUPS (FIGO 2008),simple_tnm_stage_table_candidate
Cervix Uteri,AJCC7,any,T2b,N0,M0,Any,Any,IIB,extracted_candidate_v2_1 from B00358; cancer committee review pending,B00358,413,397,ANATOMIC STAGE/PROGNOSTIC GROUPS (FIGO 2008),simple_tnm_stage_table_candidate
Cervix Uteri,AJCC7,any,T3,N0,M0,Any,Any,III,extracted_candidate_v2_1 from B00358; cancer committee review pending,B00358,413,397,ANATOMIC STAGE/PROGNOSTIC GROUPS (FIGO 2008),simple_tnm_stage_table_candidate
Cervix Uteri,AJCC7,any,T3a,N0,M0,Any,Any,IIIA,extracted_candidate_v2_1 from B00358; cancer committee review pending,B00358,413,397,ANATOMIC STAGE/PROGNOSTIC GROUPS (FIGO 2008),simple_tnm_stage_table_candidate
Cervix Uteri,AJCC7,any,T3b,Any,M0,Any,Any,IIIB,extracted_candidate_v2_1 from B00358; cancer committee review pending,B00358,413,397,ANATOMIC STAGE/PROGNOSTIC GROUPS (FIGO 2008),simple_tnm_stage_table_candidate
Cervix Uteri,AJCC7,any,T4,Any,M0,Any,Any,IVA,extracted_candidate_v2_1 from B00358; cancer committee review pending,B00358,413,397,ANATOMIC STAGE/PROGNOSTIC GROUPS (FIGO 2008),simple_tnm_stage_table_candidate
Cervix Uteri,AJCC7,any,Any,Any,M1,Any,Any,IVB,extracted_candidate_v2_1 from B00358; cancer committee review pending,B00358,413,397,ANATOMIC STAGE/PROGNOSTIC GROUPS (FIGO 2008),simple_tnm_stage_table_candidate
Corpus Uteri,AJCC7,any,T1a,N0,M0,Any,Any,IA,extracted_candidate_v2_1 from B00365; cancer committee review pending,B00365,419,403,ANATOMIC STAGE/PROGNOSTIC GROUPS,simple_tnm_stage_table_candidate
Corpus Uteri,AJCC7,any,T1b,N0,M0,Any,Any,IB,extracted_candidate_v2_1 from B00365; cancer committee review pending,B00365,419,403,ANATOMIC STAGE/PROGNOSTIC GROUPS,simple_tnm_stage_table_candidate
Corpus Uteri,AJCC7,any,T2,N0,M0,Any,Any,II,extracted_candidate_v2_1 from B00365; cancer committee review pending,B00365,419,403,ANATOMIC STAGE/PROGNOSTIC GROUPS,simple_tnm_stage_table_candidate
Corpus Uteri,AJCC7,any,T3,N0,M0,Any,Any,III,extracted_candidate_v2_1 from B00365; cancer committee review pending,B00365,419,403,ANATOMIC STAGE/PROGNOSTIC GROUPS,simple_tnm_stage_table_candidate
Corpus Uteri,AJCC7,any,T3a,N0,M0,Any,Any,IIIA,extracted_candidate_v2_1 from B00365; cancer committee review pending,B00365,419,403,ANATOMIC STAGE/PROGNOSTIC GROUPS,simple_tnm_stage_table_candidate
Corpus Uteri,AJCC7,any,T3b,N0,M0,Any,Any,IIIB,extracted_candidate_v2_1 from B00365; cancer committee review pending,B00365,419,403,ANATOMIC STAGE/PROGNOSTIC GROUPS,simple_tnm_stage_table_candidate
Corpus Uteri,AJCC7,any,T4,Any,M0,Any,Any,IVA,extracted_candidate_v2_1 from B00365; cancer committee review pending,B00365,419,403,ANATOMIC STAGE/PROGNOSTIC GROUPS,simple_tnm_stage_table_candidate
Corpus Uteri,AJCC7,any,Any,Any,M1,Any,Any,IVB,extracted_candidate_v2_1 from B00365; cancer committee review pending,B00365,419,403,ANATOMIC STAGE/PROGNOSTIC GROUPS,simple_tnm_stage_table_candidate
Corpus Uteri,AJCC7,any,T2,N0,M0,Any,Any,II,extracted_candidate_v2_1 from B00366; cancer committee review pending,B00366,420,404,ANATOMIC STAGE/PROGNOSTIC GROUPS,simple_tnm_stage_table_candidate
Corpus Uteri,AJCC7,any,T3a,N0,M0,Any,Any,IIIA,extracted_candidate_v2_1 from B00366; cancer committee review pending,B00366,420,404,ANATOMIC STAGE/PROGNOSTIC GROUPS,simple_tnm_stage_table_candidate
Corpus Uteri,AJCC7,any,T3b,N0,M0,Any,Any,IIIB,extracted_candidate_v2_1 from B00366; cancer committee review pending,B00366,420,404,ANATOMIC STAGE/PROGNOSTIC GROUPS,simple_tnm_stage_table_candidate
Corpus Uteri,AJCC7,any,"T1, T2, T3",N1,M0,Any,Any,IIIC,extracted_candidate_v2_1 from B00366; cancer committee review pending,B00366,420,404,ANATOMIC STAGE/PROGNOSTIC GROUPS,simple_tnm_stage_table_candidate
Corpus Uteri,AJCC7,any,T4,Any,M0,Any,Any,IVA,extracted_candidate_v2_1 from B00366; cancer committee review pending,B00366,420,404,ANATOMIC STAGE/PROGNOSTIC GROUPS,simple_tnm_stage_table_candidate
Corpus Uteri,AJCC7,any,Any,Any,M1,Any,Any,IVB,extracted_candidate_v2_1 from B00366; cancer committee review pending,B00366,420,404,ANATOMIC STAGE/PROGNOSTIC GROUPS,simple_tnm_stage_table_candidate
Corpus Uteri,AJCC7,any,T1a,N0,M0,Any,Any,IA,extracted_candidate_v2_1 from B00370; cancer committee review pending,B00370,422,406,ANATOMIC STAGE/PROGNOSTIC GROUPS,simple_tnm_stage_table_candidate
Corpus Uteri,AJCC7,any,T1b,N0,M0,Any,Any,IB,extracted_candidate_v2_1 from B00370; cancer committee review pending,B00370,422,406,ANATOMIC STAGE/PROGNOSTIC GROUPS,simple_tnm_stage_table_candidate
Corpus Uteri,AJCC7,any,T2,N0,M0,Any,Any,II,extracted_candidate_v2_1 from B00370; cancer committee review pending,B00370,422,406,ANATOMIC STAGE/PROGNOSTIC GROUPS,simple_tnm_stage_table_candidate
Corpus Uteri,AJCC7,any,T3,N0,M0,Any,Any,III,extracted_candidate_v2_1 from B00370; cancer committee review pending,B00370,422,406,ANATOMIC STAGE/PROGNOSTIC GROUPS,simple_tnm_stage_table_candidate
Corpus Uteri,AJCC7,any,T3a,N0,M0,Any,Any,IIIA,extracted_candidate_v2_1 from B00370; cancer committee review pending,B00370,422,406,ANATOMIC STAGE/PROGNOSTIC GROUPS,simple_tnm_stage_table_candidate
Corpus Uteri,AJCC7,any,T3b,N0,M0,Any,Any,IIIB,extracted_candidate_v2_1 from B00370; cancer committee review pending,B00370,422,406,ANATOMIC STAGE/PROGNOSTIC GROUPS,simple_tnm_stage_table_candidate
Corpus Uteri,AJCC7,any,T4,Any,M0,Any,Any,IVA,extracted_candidate_v2_1 from B00370; cancer committee review pending,B00370,422,406,ANATOMIC STAGE/PROGNOSTIC GROUPS,simple_tnm_stage_table_candidate
Corpus Uteri,AJCC7,any,Any,Any,M1,Any,Any,IVB,extracted_candidate_v2_1 from B00370; cancer committee review pending,B00370,422,406,ANATOMIC STAGE/PROGNOSTIC GROUPS,simple_tnm_stage_table_candidate
Corpus Uteri,AJCC7,any,T2,N0,M0,Any,Any,II,extracted_candidate_v2_1 from B00379; cancer committee review pending,B00379,424,408,ANATOMIC STAGE/PROGNOSTIC GROUPS,simple_tnm_stage_table_candidate
Corpus Uteri,AJCC7,any,T3a,N0,M0,Any,Any,IIIA,extracted_candidate_v2_1 from B00379; cancer committee review pending,B00379,424,408,ANATOMIC STAGE/PROGNOSTIC GROUPS,simple_tnm_stage_table_candidate
Corpus Uteri,AJCC7,any,T3b,N0,M0,Any,Any,IIIB,extracted_candidate_v2_1 from B00379; cancer committee review pending,B00379,424,408,ANATOMIC STAGE/PROGNOSTIC GROUPS,simple_tnm_stage_table_candidate
Corpus Uteri,AJCC7,any,"T1, T2, T3",N1,M0,Any,Any,IIIC,extracted_candidate_v2_1 from B00379; cancer committee review pending,B00379,424,408,ANATOMIC STAGE/PROGNOSTIC GROUPS,simple_tnm_stage_table_candidate
Corpus Uteri,AJCC7,any,T4,Any,M0,Any,Any,IVA,extracted_candidate_v2_1 from B00379; cancer committee review pending,B00379,424,408,ANATOMIC STAGE/PROGNOSTIC GROUPS,simple_tnm_stage_table_candidate
Corpus Uteri,AJCC7,any,Any,Any,M1,Any,Any,IVB,extracted_candidate_v2_1 from B00379; cancer committee review pending,B00379,424,408,ANATOMIC STAGE/PROGNOSTIC GROUPS,simple_tnm_stage_table_candidate
Ovary and Primary Peritoneal Carcinoma,AJCC7,any,T1a,N0,M0,Any,Any,IA,extracted_candidate_v2_1 from B00390; cancer committee review pending,B00390,435,419,ANATOMIC STAGE/PROGNOSTIC GROUPS,simple_tnm_stage_table_candidate
Ovary and Primary Peritoneal Carcinoma,AJCC7,any,T1b,N0,M0,Any,Any,IB,extracted_candidate_v2_1 from B00390; cancer committee review pending,B00390,435,419,ANATOMIC STAGE/PROGNOSTIC GROUPS,simple_tnm_stage_table_candidate
Ovary and Primary Peritoneal Carcinoma,AJCC7,any,T1c,N0,M0,Any,Any,IC,extracted_candidate_v2_1 from B00390; cancer committee review pending,B00390,435,419,ANATOMIC STAGE/PROGNOSTIC GROUPS,simple_tnm_stage_table_candidate
Ovary and Primary Peritoneal Carcinoma,AJCC7,any,T2,N0,M0,Any,Any,II,extracted_candidate_v2_1 from B00390; cancer committee review pending,B00390,435,419,ANATOMIC STAGE/PROGNOSTIC GROUPS,simple_tnm_stage_table_candidate
Ovary and Primary Peritoneal Carcinoma,AJCC7,any,T2a,N0,M0,Any,Any,IIA,extracted_candidate_v2_1 from B00390; cancer committee review pending,B00390,435,419,ANATOMIC STAGE/PROGNOSTIC GROUPS,simple_tnm_stage_table_candidate
Ovary and Primary Peritoneal Carcinoma,AJCC7,any,T2b,N0,M0,Any,Any,IIB,extracted_candidate_v2_1 from B00390; cancer committee review pending,B00390,435,419,ANATOMIC STAGE/PROGNOSTIC GROUPS,simple_tnm_stage_table_candidate
Ovary and Primary Peritoneal Carcinoma,AJCC7,any,T2c,N0,M0,Any,Any,IIC,extracted_candidate_v2_1 from B00390; cancer committee review pending,B00390,435,419,ANATOMIC STAGE/PROGNOSTIC GROUPS,simple_tnm_stage_table_candidate
Ovary and Primary Peritoneal Carcinoma,AJCC7,any,T3,N0,M0,Any,Any,III,extracted_candidate_v2_1 from B00390; cancer committee review pending,B00390,435,419,ANATOMIC STAGE/PROGNOSTIC GROUPS,simple_tnm_stage_table_candidate
Ovary and Primary Peritoneal Carcinoma,AJCC7,any,T3a,N0,M0,Any,Any,IIIA,extracted_candidate_v2_1 from B00390; cancer committee review pending,B00390,435,419,ANATOMIC STAGE/PROGNOSTIC GROUPS,simple_tnm_stage_table_candidate
Ovary and Primary Peritoneal Carcinoma,AJCC7,any,T3b,N0,M0,Any,Any,IIIB,extracted_candidate_v2_1 from B00390; cancer committee review pending,B00390,435,419,ANATOMIC STAGE/PROGNOSTIC GROUPS,simple_tnm_stage_table_candidate
Ovary and Primary Peritoneal Carcinoma,AJCC7,any,T3c,N0,M0,Any,Any,IIIC,extracted_candidate_v2_1 from B00390; cancer committee review pending,B00390,435,419,ANATOMIC STAGE/PROGNOSTIC GROUPS,simple_tnm_stage_table_candidate
Ovary and Primary Peritoneal Carcinoma,AJCC7,any,Any,Any,M1,Any,Any,IV,extracted_candidate_v2_1 from B00390; cancer committee review pending,B00390,435,419,ANATOMIC STAGE/PROGNOSTIC GROUPS,simple_tnm_stage_table_candidate
Ovary and Primary Peritoneal Carcinoma,AJCC7,any,T1a,N0,M0,Any,Any,IA,extracted_candidate_v2_1 from B00394; cancer committee review pending,B00394,437,421,ANATOMIC STAGE/PROGNOSTIC GROUPS,simple_tnm_stage_table_candidate
Ovary and Primary Peritoneal Carcinoma,AJCC7,any,T1b,N0,M0,Any,Any,IB,extracted_candidate_v2_1 from B00394; cancer committee review pending,B00394,437,421,ANATOMIC STAGE/PROGNOSTIC GROUPS,simple_tnm_stage_table_candidate
Ovary and Primary Peritoneal Carcinoma,AJCC7,any,T1c,N0,M0,Any,Any,IC,extracted_candidate_v2_1 from B00394; cancer committee review pending,B00394,437,421,ANATOMIC STAGE/PROGNOSTIC GROUPS,simple_tnm_stage_table_candidate
Ovary and Primary Peritoneal Carcinoma,AJCC7,any,T2,N0,M0,Any,Any,II,extracted_candidate_v2_1 from B00394; cancer committee review pending,B00394,437,421,ANATOMIC STAGE/PROGNOSTIC GROUPS,simple_tnm_stage_table_candidate
Ovary and Primary Peritoneal Carcinoma,AJCC7,any,T2a,N0,M0,Any,Any,IIA,extracted_candidate_v2_1 from B00394; cancer committee review pending,B00394,437,421,ANATOMIC STAGE/PROGNOSTIC GROUPS,simple_tnm_stage_table_candidate
Ovary and Primary Peritoneal Carcinoma,AJCC7,any,T2b,N0,M0,Any,Any,IIB,extracted_candidate_v2_1 from B00394; cancer committee review pending,B00394,437,421,ANATOMIC STAGE/PROGNOSTIC GROUPS,simple_tnm_stage_table_candidate
Ovary and Primary Peritoneal Carcinoma,AJCC7,any,T2c,N0,M0,Any,Any,IIC,extracted_candidate_v2_1 from B00394; cancer committee review pending,B00394,437,421,ANATOMIC STAGE/PROGNOSTIC GROUPS,simple_tnm_stage_table_candidate
Ovary and Primary Peritoneal Carcinoma,AJCC7,any,T3,N0,M0,Any,Any,III,extracted_candidate_v2_1 from B00394; cancer committee review pending,B00394,437,421,ANATOMIC STAGE/PROGNOSTIC GROUPS,simple_tnm_stage_table_candidate
Ovary and Primary Peritoneal Carcinoma,AJCC7,any,T3a,N0,M0,Any,Any,IIIA,extracted_candidate_v2_1 from B00394; cancer committee review pending,B00394,437,421,ANATOMIC STAGE/PROGNOSTIC GROUPS,simple_tnm_stage_table_candidate
Ovary and Primary Peritoneal Carcinoma,AJCC7,any,T3b,N0,M0,Any,Any,IIIB,extracted_candidate_v2_1 from B00394; cancer committee review pending,B00394,437,421,ANATOMIC STAGE/PROGNOSTIC GROUPS,simple_tnm_stage_table_candidate
Ovary and Primary Peritoneal Carcinoma,AJCC7,any,T3c,N0,M0,Any,Any,IIIC,extracted_candidate_v2_1 from B00394; cancer committee review pending,B00394,437,421,ANATOMIC STAGE/PROGNOSTIC GROUPS,simple_tnm_stage_table_candidate
Ovary and Primary Peritoneal Carcinoma,AJCC7,any,Any,Any,M1,Any,Any,IV,extracted_candidate_v2_1 from B00394; cancer committee review pending,B00394,437,421,ANATOMIC STAGE/PROGNOSTIC GROUPS,simple_tnm_stage_table_candidate
Fallopian Tube,AJCC7,any,T1a,N0,M0,Any,Any,IA,extracted_candidate_v2_1 from B00401; cancer committee review pending,B00401,445,429,ANATOMIC STAGE/PROGNOSTIC GROUPS,simple_tnm_stage_table_candidate
Fallopian Tube,AJCC7,any,T1b,N0,M0,Any,Any,IB,extracted_candidate_v2_1 from B00401; cancer committee review pending,B00401,445,429,ANATOMIC STAGE/PROGNOSTIC GROUPS,simple_tnm_stage_table_candidate
Fallopian Tube,AJCC7,any,T1c,N0,M0,Any,Any,IC,extracted_candidate_v2_1 from B00401; cancer committee review pending,B00401,445,429,ANATOMIC STAGE/PROGNOSTIC GROUPS,simple_tnm_stage_table_candidate
Fallopian Tube,AJCC7,any,T2,N0,M0,Any,Any,II,extracted_candidate_v2_1 from B00401; cancer committee review pending,B00401,445,429,ANATOMIC STAGE/PROGNOSTIC GROUPS,simple_tnm_stage_table_candidate
Fallopian Tube,AJCC7,any,T2a,N0,M0,Any,Any,IIA,extracted_candidate_v2_1 from B00401; cancer committee review pending,B00401,445,429,ANATOMIC STAGE/PROGNOSTIC GROUPS,simple_tnm_stage_table_candidate
Fallopian Tube,AJCC7,any,T2b,N0,M0,Any,Any,IIB,extracted_candidate_v2_1 from B00401; cancer committee review pending,B00401,445,429,ANATOMIC STAGE/PROGNOSTIC GROUPS,simple_tnm_stage_table_candidate
Fallopian Tube,AJCC7,any,T2c,N0,M0,Any,Any,IIC,extracted_candidate_v2_1 from B00401; cancer committee review pending,B00401,445,429,ANATOMIC STAGE/PROGNOSTIC GROUPS,simple_tnm_stage_table_candidate
Fallopian Tube,AJCC7,any,T3,N0,M0,Any,Any,III,extracted_candidate_v2_1 from B00401; cancer committee review pending,B00401,445,429,ANATOMIC STAGE/PROGNOSTIC GROUPS,simple_tnm_stage_table_candidate
Fallopian Tube,AJCC7,any,T3a,N0,M0,Any,Any,IIIA,extracted_candidate_v2_1 from B00401; cancer committee review pending,B00401,445,429,ANATOMIC STAGE/PROGNOSTIC GROUPS,simple_tnm_stage_table_candidate
Fallopian Tube,AJCC7,any,T3b,N0,M0,Any,Any,IIIB,extracted_candidate_v2_1 from B00401; cancer committee review pending,B00401,445,429,ANATOMIC STAGE/PROGNOSTIC GROUPS,simple_tnm_stage_table_candidate
Fallopian Tube,AJCC7,any,T3c,N0,M0,Any,Any,IIIC,extracted_candidate_v2_1 from B00401; cancer committee review pending,B00401,445,429,ANATOMIC STAGE/PROGNOSTIC GROUPS,simple_tnm_stage_table_candidate
Fallopian Tube,AJCC7,any,Any,Any,M1,Any,Any,IV,extracted_candidate_v2_1 from B00401; cancer committee review pending,B00401,445,429,ANATOMIC STAGE/PROGNOSTIC GROUPS,simple_tnm_stage_table_candidate
Fallopian Tube,AJCC7,any,T1a,N0,M0,Any,Any,IA,extracted_candidate_v2_1 from B00405; cancer committee review pending,B00405,447,431,ANATOMIC STAGE/PROGNOSTIC GROUPS,simple_tnm_stage_table_candidate
Fallopian Tube,AJCC7,any,T1b,N0,M0,Any,Any,IB,extracted_candidate_v2_1 from B00405; cancer committee review pending,B00405,447,431,ANATOMIC STAGE/PROGNOSTIC GROUPS,simple_tnm_stage_table_candidate
Fallopian Tube,AJCC7,any,T1c,N0,M0,Any,Any,IC,extracted_candidate_v2_1 from B00405; cancer committee review pending,B00405,447,431,ANATOMIC STAGE/PROGNOSTIC GROUPS,simple_tnm_stage_table_candidate
Fallopian Tube,AJCC7,any,T2,N0,M0,Any,Any,II,extracted_candidate_v2_1 from B00405; cancer committee review pending,B00405,447,431,ANATOMIC STAGE/PROGNOSTIC GROUPS,simple_tnm_stage_table_candidate
Fallopian Tube,AJCC7,any,T2a,N0,M0,Any,Any,IIA,extracted_candidate_v2_1 from B00405; cancer committee review pending,B00405,447,431,ANATOMIC STAGE/PROGNOSTIC GROUPS,simple_tnm_stage_table_candidate
Fallopian Tube,AJCC7,any,T2b,N0,M0,Any,Any,IIB,extracted_candidate_v2_1 from B00405; cancer committee review pending,B00405,447,431,ANATOMIC STAGE/PROGNOSTIC GROUPS,simple_tnm_stage_table_candidate
Fallopian Tube,AJCC7,any,T2c,N0,M0,Any,Any,IIC,extracted_candidate_v2_1 from B00405; cancer committee review pending,B00405,447,431,ANATOMIC STAGE/PROGNOSTIC GROUPS,simple_tnm_stage_table_candidate
Fallopian Tube,AJCC7,any,T3,N0,M0,Any,Any,III,extracted_candidate_v2_1 from B00405; cancer committee review pending,B00405,447,431,ANATOMIC STAGE/PROGNOSTIC GROUPS,simple_tnm_stage_table_candidate
Fallopian Tube,AJCC7,any,T3a,N0,M0,Any,Any,IIIA,extracted_candidate_v2_1 from B00405; cancer committee review pending,B00405,447,431,ANATOMIC STAGE/PROGNOSTIC GROUPS,simple_tnm_stage_table_candidate
Fallopian Tube,AJCC7,any,T3b,N0,M0,Any,Any,IIIB,extracted_candidate_v2_1 from B00405; cancer committee review pending,B00405,447,431,ANATOMIC STAGE/PROGNOSTIC GROUPS,simple_tnm_stage_table_candidate
Fallopian Tube,AJCC7,any,T3c,N0,M0,Any,Any,IIIC,extracted_candidate_v2_1 from B00405; cancer committee review pending,B00405,447,431,ANATOMIC STAGE/PROGNOSTIC GROUPS,simple_tnm_stage_table_candidate
Fallopian Tube,AJCC7,any,Any,Any,M1,Any,Any,IV,extracted_candidate_v2_1 from B00405; cancer committee review pending,B00405,447,431,ANATOMIC STAGE/PROGNOSTIC GROUPS,simple_tnm_stage_table_candidate
Penis,AJCC7,any,Tis,N0,M0,Any,Any,0,extracted_candidate_v2_1 from B00422; cancer committee review pending,B00422,463,447,ANATOMIC STAGE/PROGNOSTIC GROUPS,simple_tnm_stage_table_candidate
Penis,AJCC7,any,T1b,N0,M0,Any,Any,II,extracted_candidate_v2_1 from B00422; cancer committee review pending,B00422,463,447,ANATOMIC STAGE/PROGNOSTIC GROUPS,simple_tnm_stage_table_candidate
Penis,AJCC7,any,T4,Any,M0,Any,Any,IV,extracted_candidate_v2_1 from B00422; cancer committee review pending,B00422,463,447,ANATOMIC STAGE/PROGNOSTIC GROUPS,simple_tnm_stage_table_candidate
Penis,AJCC7,any,Tis,N0,M0,Any,Any,0,extracted_candidate_v2_1 from B00426; cancer committee review pending,B00426,466,450,ANATOMIC STAGE/PROGNOSTIC GROUPS,simple_tnm_stage_table_candidate
Penis,AJCC7,any,T1b,N0,M0,Any,Any,II,extracted_candidate_v2_1 from B00426; cancer committee review pending,B00426,466,450,ANATOMIC STAGE/PROGNOSTIC GROUPS,simple_tnm_stage_table_candidate
Penis,AJCC7,any,T4,Any,M0,Any,Any,IV,extracted_candidate_v2_1 from B00426; cancer committee review pending,B00426,466,450,ANATOMIC STAGE/PROGNOSTIC GROUPS,simple_tnm_stage_table_candidate
Prostate,AJCC7,any,T1a - c,N0,M0,Any,Any,IIA,extracted_candidate_v2_1 from B00437; cancer committee review pending,B00437,477,461,ANATOMIC STAGE/PROGNOSTIC GROUPS *,simple_tnm_stage_table_candidate
Prostate,AJCC7,any,T2c,N0,M0,Any,Any,IIB,extracted_candidate_v2_1 from B00438; cancer committee review pending,B00438,478,462,ANATOMIC STAGE/PROGNOSTIC GROUPS *,simple_tnm_stage_table_candidate
Prostate,AJCC7,any,T3a - b,N0,M0,Any,Any,III,extracted_candidate_v2_1 from B00438; cancer committee review pending,B00438,478,462,ANATOMIC STAGE/PROGNOSTIC GROUPS *,simple_tnm_stage_table_candidate
Prostate,AJCC7,any,T4,N0,M0,Any,Any,IV,extracted_candidate_v2_1 from B00438; cancer committee review pending,B00438,478,462,ANATOMIC STAGE/PROGNOSTIC GROUPS *,simple_tnm_stage_table_candidate
Testis,AJCC7,any,Any pT/Tx,N1,M0,Any,Any,IIA,extracted_candidate_v2_1 from B00445; cancer committee review pending,B00445,485,469,ANATOMIC STAGE/PROGNOSTIC GROUPS,simple_tnm_stage_table_candidate
Testis,AJCC7,any,Any pT/Tx,N2,M0,Any,Any,IIB,extracted_candidate_v2_1 from B00445; cancer committee review pending,B00445,485,469,ANATOMIC STAGE/PROGNOSTIC GROUPS,simple_tnm_stage_table_candidate
Testis,AJCC7,any,Any pT/Tx,N3,M0,Any,Any,IIC,extracted_candidate_v2_1 from B00445; cancer committee review pending,B00445,485,469,ANATOMIC STAGE/PROGNOSTIC GROUPS,simple_tnm_stage_table_candidate
Testis,AJCC7,any,Any pT/Tx,Any,M1,Any,Any,III,extracted_candidate_v2_1 from B00445; cancer committee review pending,B00445,485,469,ANATOMIC STAGE/PROGNOSTIC GROUPS,simple_tnm_stage_table_candidate
Testis,AJCC7,any,Any pT/Tx,Any,M1a,Any,Any,IIIA,extracted_candidate_v2_1 from B00445; cancer committee review pending,B00445,485,469,ANATOMIC STAGE/PROGNOSTIC GROUPS,simple_tnm_stage_table_candidate
Testis,AJCC7,any,Any pT/Tx,N1,M0,Any,Any,IIA,extracted_candidate_v2_1 from B00449; cancer committee review pending,B00449,488,472,ANATOMIC STAGE/PROGNOSTIC GROUPS,simple_tnm_stage_table_candidate
Testis,AJCC7,any,Any pT/Tx,N2,M0,Any,Any,IIB,extracted_candidate_v2_1 from B00449; cancer committee review pending,B00449,488,472,ANATOMIC STAGE/PROGNOSTIC GROUPS,simple_tnm_stage_table_candidate
Testis,AJCC7,any,Any pT/Tx,N3,M0,Any,Any,IIC,extracted_candidate_v2_1 from B00449; cancer committee review pending,B00449,488,472,ANATOMIC STAGE/PROGNOSTIC GROUPS,simple_tnm_stage_table_candidate
Testis,AJCC7,any,Any pT/Tx,Any,M1,Any,Any,III,extracted_candidate_v2_1 from B00449; cancer committee review pending,B00449,488,472,ANATOMIC STAGE/PROGNOSTIC GROUPS,simple_tnm_stage_table_candidate
Testis,AJCC7,any,Any pT/Tx,Any,M1a,Any,Any,IIIA,extracted_candidate_v2_1 from B00449; cancer committee review pending,B00449,488,472,ANATOMIC STAGE/PROGNOSTIC GROUPS,simple_tnm_stage_table_candidate
Kidney,AJCC7,any,T2,N0,M0,Any,Any,II,extracted_candidate_v2_1 from B00455; cancer committee review pending,B00455,495,479,ANATOMIC STAGE/PROGNOSTIC GROUPS,simple_tnm_stage_table_candidate
Kidney,AJCC7,any,T1 or T2,N1,M0,Any,Any,III,extracted_candidate_v2_1 from B00455; cancer committee review pending,B00455,495,479,ANATOMIC STAGE/PROGNOSTIC GROUPS,simple_tnm_stage_table_candidate
Kidney,AJCC7,any,T4,Any,M0,Any,Any,IV,extracted_candidate_v2_1 from B00455; cancer committee review pending,B00455,495,479,ANATOMIC STAGE/PROGNOSTIC GROUPS,simple_tnm_stage_table_candidate
Kidney,AJCC7,any,T2,N0,M0,Any,Any,II,extracted_candidate_v2_1 from B00459; cancer committee review pending,B00459,501,485,ANATOMIC STAGE/PROGNOSTIC GROUPS,simple_tnm_stage_table_candidate
Kidney,AJCC7,any,T1 or T2,N1,M0,Any,Any,III,extracted_candidate_v2_1 from B00459; cancer committee review pending,B00459,501,485,ANATOMIC STAGE/PROGNOSTIC GROUPS,simple_tnm_stage_table_candidate
Renal Pelvis and Ureter,AJCC7,any,T2,N0,M0,Any,Any,II,extracted_candidate_v2_1 from B00465; cancer committee review pending,B00465,507,491,ANATOMIC STAGE/PROGNOSTIC GROUPS,simple_tnm_stage_table_candidate
Renal Pelvis and Ureter,AJCC7,any,T3,N0,M0,Any,Any,III,extracted_candidate_v2_1 from B00465; cancer committee review pending,B00465,507,491,ANATOMIC STAGE/PROGNOSTIC GROUPS,simple_tnm_stage_table_candidate
Renal Pelvis and Ureter,AJCC7,any,T4,N0,M0,Any,Any,IV,extracted_candidate_v2_1 from B00465; cancer committee review pending,B00465,507,491,ANATOMIC STAGE/PROGNOSTIC GROUPS,simple_tnm_stage_table_candidate
Renal Pelvis and Ureter,AJCC7,any,T2,N0,M0,Any,Any,II,extracted_candidate_v2_1 from B00468; cancer committee review pending,B00468,509,493,ANATOMIC STAGE/PROGNOSTIC GROUPS,simple_tnm_stage_table_candidate
Renal Pelvis and Ureter,AJCC7,any,T3,N0,M0,Any,Any,III,extracted_candidate_v2_1 from B00468; cancer committee review pending,B00468,509,493,ANATOMIC STAGE/PROGNOSTIC GROUPS,simple_tnm_stage_table_candidate
Renal Pelvis and Ureter,AJCC7,any,T4,N0,M0,Any,Any,IV,extracted_candidate_v2_1 from B00468; cancer committee review pending,B00468,509,493,ANATOMIC STAGE/PROGNOSTIC GROUPS,simple_tnm_stage_table_candidate
Urinary Bladder,AJCC7,any,T2a,N0,M0,Any,Any,II,extracted_candidate_v2_1 from B00475; cancer committee review pending,B00475,513,497,ANATOMIC STAGE/PROGNOSTIC GROUPS,simple_tnm_stage_table_candidate
Urinary Bladder,AJCC7,any,T3a,N0,M0,Any,Any,III,extracted_candidate_v2_1 from B00475; cancer committee review pending,B00475,513,497,ANATOMIC STAGE/PROGNOSTIC GROUPS,simple_tnm_stage_table_candidate
Urinary Bladder,AJCC7,any,T4b,N0,M0,Any,Any,IV,extracted_candidate_v2_1 from B00475; cancer committee review pending,B00475,513,497,ANATOMIC STAGE/PROGNOSTIC GROUPS,simple_tnm_stage_table_candidate
Urinary Bladder,AJCC7,any,T2a,N0,M0,Any,Any,II,extracted_candidate_v2_1 from B00479; cancer committee review pending,B00479,516,500,ANATOMIC STAGE/PROGNOSTIC GROUPS,simple_tnm_stage_table_candidate
Urinary Bladder,AJCC7,any,T3a,N0,M0,Any,Any,III,extracted_candidate_v2_1 from B00479; cancer committee review pending,B00479,516,500,ANATOMIC STAGE/PROGNOSTIC GROUPS,simple_tnm_stage_table_candidate
Urinary Bladder,AJCC7,any,T4b,N0,M0,Any,Any,IV,extracted_candidate_v2_1 from B00479; cancer committee review pending,B00479,516,500,ANATOMIC STAGE/PROGNOSTIC GROUPS,simple_tnm_stage_table_candidate
Urethra,AJCC7,any,T2,N0,M0,Any,Any,II,extracted_candidate_v2_1 from B00486; cancer committee review pending,B00486,523,507,ANATOMIC STAGE/PROGNOSTIC GROUPS,simple_tnm_stage_table_candidate
Urethra,AJCC7,any,T1,N1,M0,Any,Any,III,extracted_candidate_v2_1 from B00486; cancer committee review pending,B00486,523,507,ANATOMIC STAGE/PROGNOSTIC GROUPS,simple_tnm_stage_table_candidate
Urethra,AJCC7,any,T4,N0,M0,Any,Any,IV,extracted_candidate_v2_1 from B00486; cancer committee review pending,B00486,523,507,ANATOMIC STAGE/PROGNOSTIC GROUPS,simple_tnm_stage_table_candidate
Urethra,AJCC7,any,T2,N0,M0,Any,Any,II,extracted_candidate_v2_1 from B00489; cancer committee review pending,B00489,525,509,ANATOMIC STAGE/PROGNOSTIC GROUPS,simple_tnm_stage_table_candidate
Urethra,AJCC7,any,T1,N1,M0,Any,Any,III,extracted_candidate_v2_1 from B00489; cancer committee review pending,B00489,525,509,ANATOMIC STAGE/PROGNOSTIC GROUPS,simple_tnm_stage_table_candidate
Urethra,AJCC7,any,T4,N0,M0,Any,Any,IV,extracted_candidate_v2_1 from B00489; cancer committee review pending,B00489,525,509,ANATOMIC STAGE/PROGNOSTIC GROUPS,simple_tnm_stage_table_candidate
Adrenal,AJCC7,any,T2,N0,M0,Any,Any,II,extracted_candidate_v2_1 from B00497; cancer committee review pending,B00497,531,515,ANATOMIC STAGE/PROGNOSTIC GROUPS,simple_tnm_stage_table_candidate
Adrenal,AJCC7,any,T1,N1,M0,Any,Any,III,extracted_candidate_v2_1 from B00497; cancer committee review pending,B00497,531,515,ANATOMIC STAGE/PROGNOSTIC GROUPS,simple_tnm_stage_table_candidate
Adrenal,AJCC7,any,T3,N1,M0,Any,Any,IV,extracted_candidate_v2_1 from B00497; cancer committee review pending,B00497,531,515,ANATOMIC STAGE/PROGNOSTIC GROUPS,simple_tnm_stage_table_candidate
Adrenal,AJCC7,any,T2,N0,M0,Any,Any,II,extracted_candidate_v2_1 from B00501; cancer committee review pending,B00501,533,517,ANATOMIC STAGE/PROGNOSTIC GROUPS,simple_tnm_stage_table_candidate
Adrenal,AJCC7,any,T1,N1,M0,Any,Any,III,extracted_candidate_v2_1 from B00501; cancer committee review pending,B00501,533,517,ANATOMIC STAGE/PROGNOSTIC GROUPS,simple_tnm_stage_table_candidate
Adrenal,AJCC7,any,T3,N1,M0,Any,Any,IV,extracted_candidate_v2_1 from B00501; cancer committee review pending,B00501,533,517,ANATOMIC STAGE/PROGNOSTIC GROUPS,simple_tnm_stage_table_candidate
Carcinoma of the Eyelid,AJCC7,any,Tis,N0,M0,Any,Any,0,extracted_candidate_v2_1 from B00507; cancer committee review pending,B00507,539,523,ANATOMIC STAGE/PROGNOSTIC GROUPS,simple_tnm_stage_table_candidate
Carcinoma of the Eyelid,AJCC7,any,T1,N0,M0,Any,Any,IA,extracted_candidate_v2_1 from B00507; cancer committee review pending,B00507,539,523,ANATOMIC STAGE/PROGNOSTIC GROUPS,simple_tnm_stage_table_candidate
Carcinoma of the Eyelid,AJCC7,any,T2a,N0,M0,Any,Any,IB,extracted_candidate_v2_1 from B00507; cancer committee review pending,B00507,539,523,ANATOMIC STAGE/PROGNOSTIC GROUPS,simple_tnm_stage_table_candidate
Carcinoma of the Eyelid,AJCC7,any,T2b,N0,M0,Any,Any,IC,extracted_candidate_v2_1 from B00507; cancer committee review pending,B00507,539,523,ANATOMIC STAGE/PROGNOSTIC GROUPS,simple_tnm_stage_table_candidate
Carcinoma of the Eyelid,AJCC7,any,T3a,N0,M0,Any,Any,II,extracted_candidate_v2_1 from B00507; cancer committee review pending,B00507,539,523,ANATOMIC STAGE/PROGNOSTIC GROUPS,simple_tnm_stage_table_candidate
Carcinoma of the Eyelid,AJCC7,any,T3b,N0,M0,Any,Any,IIIA,extracted_candidate_v2_1 from B00507; cancer committee review pending,B00507,539,523,ANATOMIC STAGE/PROGNOSTIC GROUPS,simple_tnm_stage_table_candidate
Carcinoma of the Eyelid,AJCC7,any,Any,N1,M0,Any,Any,IIIB,extracted_candidate_v2_1 from B00507; cancer committee review pending,B00507,539,523,ANATOMIC STAGE/PROGNOSTIC GROUPS,simple_tnm_stage_table_candidate
Carcinoma of the Eyelid,AJCC7,any,T4,Any,M0,Any,Any,IIIC,extracted_candidate_v2_1 from B00507; cancer committee review pending,B00507,539,523,ANATOMIC STAGE/PROGNOSTIC GROUPS,simple_tnm_stage_table_candidate
Carcinoma of the Eyelid,AJCC7,any,Any,Any,M1,Any,Any,IV,extracted_candidate_v2_1 from B00507; cancer committee review pending,B00507,539,523,ANATOMIC STAGE/PROGNOSTIC GROUPS,simple_tnm_stage_table_candidate
Carcinoma of the Eyelid,AJCC7,any,Tis,N0,M0,Any,Any,0,extracted_candidate_v2_1 from B00510; cancer committee review pending,B00510,541,525,ANATOMIC STAGE/PROGNOSTIC GROUPS,simple_tnm_stage_table_candidate
Carcinoma of the Eyelid,AJCC7,any,T1,N0,M0,Any,Any,IA,extracted_candidate_v2_1 from B00510; cancer committee review pending,B00510,541,525,ANATOMIC STAGE/PROGNOSTIC GROUPS,simple_tnm_stage_table_candidate
Carcinoma of the Eyelid,AJCC7,any,T2a,N0,M0,Any,Any,IB,extracted_candidate_v2_1 from B00510; cancer committee review pending,B00510,541,525,ANATOMIC STAGE/PROGNOSTIC GROUPS,simple_tnm_stage_table_candidate
Carcinoma of the Eyelid,AJCC7,any,T2b,N0,M0,Any,Any,IC,extracted_candidate_v2_1 from B00510; cancer committee review pending,B00510,541,525,ANATOMIC STAGE/PROGNOSTIC GROUPS,simple_tnm_stage_table_candidate
Carcinoma of the Eyelid,AJCC7,any,T3a,N0,M0,Any,Any,II,extracted_candidate_v2_1 from B00510; cancer committee review pending,B00510,541,525,ANATOMIC STAGE/PROGNOSTIC GROUPS,simple_tnm_stage_table_candidate
Carcinoma of the Eyelid,AJCC7,any,T3b,N0,M0,Any,Any,IIIA,extracted_candidate_v2_1 from B00510; cancer committee review pending,B00510,541,525,ANATOMIC STAGE/PROGNOSTIC GROUPS,simple_tnm_stage_table_candidate
Carcinoma of the Eyelid,AJCC7,any,Any,N1,M0,Any,Any,IIIB,extracted_candidate_v2_1 from B00510; cancer committee review pending,B00510,541,525,ANATOMIC STAGE/PROGNOSTIC GROUPS,simple_tnm_stage_table_candidate
Carcinoma of the Eyelid,AJCC7,any,T4,Any,M0,Any,Any,IIIC,extracted_candidate_v2_1 from B00510; cancer committee review pending,B00510,541,525,ANATOMIC STAGE/PROGNOSTIC GROUPS,simple_tnm_stage_table_candidate
Carcinoma of the Eyelid,AJCC7,any,Any,Any,M1,Any,Any,IV,extracted_candidate_v2_1 from B00510; cancer committee review pending,B00510,541,525,ANATOMIC STAGE/PROGNOSTIC GROUPS,simple_tnm_stage_table_candidate
Malignant Melanoma of the Uvea,AJCC7,any,T1b-d,N0,M0,Any,Any,IIA,extracted_candidate_v2_1 from B00535; cancer committee review pending,B00535,563,547,ANATOMIC STAGE/PROGNOSTIC GROUPS,simple_tnm_stage_table_candidate
Malignant Melanoma of the Uvea,AJCC7,any,T2b,N0,M0,Any,Any,IIB,extracted_candidate_v2_1 from B00535; cancer committee review pending,B00535,563,547,ANATOMIC STAGE/PROGNOSTIC GROUPS,simple_tnm_stage_table_candidate
Malignant Melanoma of the Uvea,AJCC7,any,T2c-d,N0,M0,Any,Any,IIIA,extracted_candidate_v2_1 from B00535; cancer committee review pending,B00535,563,547,ANATOMIC STAGE/PROGNOSTIC GROUPS,simple_tnm_stage_table_candidate
Malignant Melanoma of the Uvea,AJCC7,any,T3d,N0,M0,Any,Any,IIIB,extracted_candidate_v2_1 from B00535; cancer committee review pending,B00535,563,547,ANATOMIC STAGE/PROGNOSTIC GROUPS,simple_tnm_stage_table_candidate
Malignant Melanoma of the Uvea,AJCC7,any,Any,N1,M0,Any,Any,IV,extracted_candidate_v2_1 from B00535; cancer committee review pending,B00535,563,547,ANATOMIC STAGE/PROGNOSTIC GROUPS,simple_tnm_stage_table_candidate
Malignant Melanoma of the Uvea,AJCC7,any,T1b-d,N0,M0,Any,Any,IIA,extracted_candidate_v2_1 from B00536; cancer committee review pending,B00536,568,552,ANATOMIC STAGE/PROGNOSTIC GROUPS,simple_tnm_stage_table_candidate
Malignant Melanoma of the Uvea,AJCC7,any,T2b,N0,M0,Any,Any,IIB,extracted_candidate_v2_1 from B00536; cancer committee review pending,B00536,568,552,ANATOMIC STAGE/PROGNOSTIC GROUPS,simple_tnm_stage_table_candidate
Malignant Melanoma of the Uvea,AJCC7,any,T2c-d,N0,M0,Any,Any,IIIA,extracted_candidate_v2_1 from B00536; cancer committee review pending,B00536,568,552,ANATOMIC STAGE/PROGNOSTIC GROUPS,simple_tnm_stage_table_candidate
Malignant Melanoma of the Uvea,AJCC7,any,T3d,N0,M0,Any,Any,IIIB,extracted_candidate_v2_1 from B00536; cancer committee review pending,B00536,568,552,ANATOMIC STAGE/PROGNOSTIC GROUPS,simple_tnm_stage_table_candidate
Malignant Melanoma of the Uvea,AJCC7,any,Any,N1,M0,Any,Any,IV,extracted_candidate_v2_1 from B00536; cancer committee review pending,B00536,568,552,ANATOMIC STAGE/PROGNOSTIC GROUPS,simple_tnm_stage_table_candidate
Cervical Lymph Nodes and Unknown Primary Tumors of the Head and Neck,AJCC8,any,T0,N1,M0,Any,Any,III,extracted_candidate_v2_1 from B00606; cancer committee review pending,B00606,16,75,AJCC PROGNOSTIC STAGE GROUPS,simple_tnm_stage_table_candidate
Cervical Lymph Nodes and Unknown Primary Tumors of the Head and Neck,AJCC8,any,T0,N2,M0,Any,Any,IVA,extracted_candidate_v2_1 from B00606; cancer committee review pending,B00606,16,75,AJCC PROGNOSTIC STAGE GROUPS,simple_tnm_stage_table_candidate
Cervical Lymph Nodes and Unknown Primary Tumors of the Head and Neck,AJCC8,any,T0,N3,M0,Any,Any,IVB,extracted_candidate_v2_1 from B00606; cancer committee review pending,B00606,16,75,AJCC PROGNOSTIC STAGE GROUPS,simple_tnm_stage_table_candidate
Cervical Lymph Nodes and Unknown Primary Tumors of the Head and Neck,AJCC8,any,T0,Any,M1,Any,Any,IVC,extracted_candidate_v2_1 from B00606; cancer committee review pending,B00606,16,75,AJCC PROGNOSTIC STAGE GROUPS,simple_tnm_stage_table_candidate
Cervical Lymph Nodes and Unknown Primary Tumors of the Head and Neck,AJCC8,any,T0,N1,M0,Any,Any,III,extracted_candidate_v2_1 from B00607; cancer committee review pending,B00607,16,75,Prognostic Stage Groups for metastatic cervical adenopathy,simple_tnm_stage_table_candidate
Cervical Lymph Nodes and Unknown Primary Tumors of the Head and Neck,AJCC8,any,T0,N2,M0,Any,Any,IVA,extracted_candidate_v2_1 from B00607; cancer committee review pending,B00607,16,75,Prognostic Stage Groups for metastatic cervical adenopathy,simple_tnm_stage_table_candidate
Cervical Lymph Nodes and Unknown Primary Tumors of the Head and Neck,AJCC8,any,T0,N3,M0,Any,Any,IVB,extracted_candidate_v2_1 from B00607; cancer committee review pending,B00607,16,75,Prognostic Stage Groups for metastatic cervical adenopathy,simple_tnm_stage_table_candidate
Cervical Lymph Nodes and Unknown Primary Tumors of the Head and Neck,AJCC8,any,T0,Any,M1,Any,Any,IVC,extracted_candidate_v2_1 from B00607; cancer committee review pending,B00607,16,75,Prognostic Stage Groups for metastatic cervical adenopathy,simple_tnm_stage_table_candidate
Oral Cavity,AJCC8,any,Tis,N0,M0,Any,Any,0,extracted_candidate_v2_1 from B00625; cancer committee review pending,B00625,31,92,AJCC PROGNOSTIC STAGE GROUPS,simple_tnm_stage_table_candidate
Oral Cavity,AJCC8,any,T2,N0,M0,Any,Any,II,extracted_candidate_v2_1 from B00625; cancer committee review pending,B00625,31,92,AJCC PROGNOSTIC STAGE GROUPS,simple_tnm_stage_table_candidate
Oral Cavity,AJCC8,any,T3,N0,M0,Any,Any,III,extracted_candidate_v2_1 from B00625; cancer committee review pending,B00625,31,92,AJCC PROGNOSTIC STAGE GROUPS,simple_tnm_stage_table_candidate
Oral Cavity,AJCC8,any,Any,N3,M0,Any,Any,IVB,extracted_candidate_v2_1 from B00625; cancer committee review pending,B00625,31,92,AJCC PROGNOSTIC STAGE GROUPS,simple_tnm_stage_table_candidate
Oral Cavity,AJCC8,any,T4b,Any,M0,Any,Any,IVB,extracted_candidate_v2_1 from B00625; cancer committee review pending,B00625,31,92,AJCC PROGNOSTIC STAGE GROUPS,simple_tnm_stage_table_candidate
Oral Cavity,AJCC8,any,Any,Any,M1,Any,Any,IVC,extracted_candidate_v2_1 from B00625; cancer committee review pending,B00625,31,92,AJCC PROGNOSTIC STAGE GROUPS,simple_tnm_stage_table_candidate
Major Salivary Glands,AJCC8,any,Tis,N0,M0,Any,Any,0,extracted_candidate_v2_1 from B00631; cancer committee review pending,B00631,35,100,AJCC PROGNOSTIC STAGE GROUPS,simple_tnm_stage_table_candidate
Major Salivary Glands,AJCC8,any,T2,N0,M0,Any,Any,II,extracted_candidate_v2_1 from B00631; cancer committee review pending,B00631,35,100,AJCC PROGNOSTIC STAGE GROUPS,simple_tnm_stage_table_candidate
Major Salivary Glands,AJCC8,any,T3,N0,M0,Any,Any,III,extracted_candidate_v2_1 from B00631; cancer committee review pending,B00631,35,100,AJCC PROGNOSTIC STAGE GROUPS,simple_tnm_stage_table_candidate
Major Salivary Glands,AJCC8,any,"T0, T1, T2, T3",N1,M0,Any,Any,III,extracted_candidate_v2_1 from B00631; cancer committee review pending,B00631,35,100,AJCC PROGNOSTIC STAGE GROUPS,simple_tnm_stage_table_candidate
Major Salivary Glands,AJCC8,any,T4a,N2,M0,Any,Any,IVA,extracted_candidate_v2_1 from B00631; cancer committee review pending,B00631,35,100,AJCC PROGNOSTIC STAGE GROUPS,simple_tnm_stage_table_candidate
Major Salivary Glands,AJCC8,any,Any,N3,M0,Any,Any,IVB,extracted_candidate_v2_1 from B00631; cancer committee review pending,B00631,35,100,AJCC PROGNOSTIC STAGE GROUPS,simple_tnm_stage_table_candidate
Major Salivary Glands,AJCC8,any,T4b,Any,M0,Any,Any,IVB,extracted_candidate_v2_1 from B00631; cancer committee review pending,B00631,35,100,AJCC PROGNOSTIC STAGE GROUPS,simple_tnm_stage_table_candidate
Major Salivary Glands,AJCC8,any,Any,Any,M1,Any,Any,IVC,extracted_candidate_v2_1 from B00631; cancer committee review pending,B00631,35,100,AJCC PROGNOSTIC STAGE GROUPS,simple_tnm_stage_table_candidate
HPV-Mediated (p16+) Oropharyngeal Cancer,AJCC8,any,"T0, T1 or T2",N2,M0,Any,Any,II,extracted_candidate_v2_1 from B00642; cancer committee review pending,B00642,39,120,AJCC PROGNOSTIC STAGE GROUPS,simple_tnm_stage_table_candidate
HPV-Mediated (p16+) Oropharyngeal Cancer,AJCC8,any,T3 or T4,N3,M0,Any,Any,III,extracted_candidate_v2_1 from B00642; cancer committee review pending,B00642,39,120,AJCC PROGNOSTIC STAGE GROUPS,simple_tnm_stage_table_candidate
HPV-Mediated (p16+) Oropharyngeal Cancer,AJCC8,any,Any,Any,M1,Any,Any,IV,extracted_candidate_v2_1 from B00642; cancer committee review pending,B00642,39,120,AJCC PROGNOSTIC STAGE GROUPS,simple_tnm_stage_table_candidate
HPV-Mediated (p16+) Oropharyngeal Cancer,AJCC8,any,T3 or T4,N2,M0,Any,Any,III,extracted_candidate_v2_1 from B00642; cancer committee review pending,B00642,39,120,AJCC PROGNOSTIC STAGE GROUPS,simple_tnm_stage_table_candidate
Nasal Cavity and Paranasal Sinuses,AJCC8,any,Tis,N0,M0,Any,Any,0,extracted_candidate_v2_1 from B00658; cancer committee review pending,B00658,47,12,clinical M to complete stage group),simple_tnm_stage_table_candidate
Nasal Cavity and Paranasal Sinuses,AJCC8,any,T2,N0,M0,Any,Any,II,extracted_candidate_v2_1 from B00658; cancer committee review pending,B00658,47,12,clinical M to complete stage group),simple_tnm_stage_table_candidate
Nasal Cavity and Paranasal Sinuses,AJCC8,any,T3,N0,M0,Any,Any,III,extracted_candidate_v2_1 from B00658; cancer committee review pending,B00658,47,12,clinical M to complete stage group),simple_tnm_stage_table_candidate
Nasal Cavity and Paranasal Sinuses,AJCC8,any,"T1,T2,T3",N1,M0,Any,Any,III,extracted_candidate_v2_1 from B00658; cancer committee review pending,B00658,47,12,clinical M to complete stage group),simple_tnm_stage_table_candidate
Nasal Cavity and Paranasal Sinuses,AJCC8,any,Any,N3,M0,Any,Any,IVB,extracted_candidate_v2_1 from B00658; cancer committee review pending,B00658,47,12,clinical M to complete stage group),simple_tnm_stage_table_candidate
Nasal Cavity and Paranasal Sinuses,AJCC8,any,T4b,Any,M0,Any,Any,IVB,extracted_candidate_v2_1 from B00658; cancer committee review pending,B00658,47,12,clinical M to complete stage group),simple_tnm_stage_table_candidate
Nasal Cavity and Paranasal Sinuses,AJCC8,any,Any,Any,M1,Any,Any,IVC,extracted_candidate_v2_1 from B00658; cancer committee review pending,B00658,47,12,clinical M to complete stage group),simple_tnm_stage_table_candidate
Nasal Cavity and Paranasal Sinuses,AJCC8,any,Tis,N0,M0,Any,Any,0,extracted_candidate_v2_1 from B00659; cancer committee review pending,B00659,47,12,AJCC PROGNOSTIC STAGE GROUPS,simple_tnm_stage_table_candidate
Nasal Cavity and Paranasal Sinuses,AJCC8,any,T2,N0,M0,Any,Any,II,extracted_candidate_v2_1 from B00659; cancer committee review pending,B00659,47,12,AJCC PROGNOSTIC STAGE GROUPS,simple_tnm_stage_table_candidate
Nasal Cavity and Paranasal Sinuses,AJCC8,any,T3,N0,M0,Any,Any,III,extracted_candidate_v2_1 from B00659; cancer committee review pending,B00659,47,12,AJCC PROGNOSTIC STAGE GROUPS,simple_tnm_stage_table_candidate
Nasal Cavity and Paranasal Sinuses,AJCC8,any,"T1,T2,T3",N1,M0,Any,Any,III,extracted_candidate_v2_1 from B00659; cancer committee review pending,B00659,47,12,AJCC PROGNOSTIC STAGE GROUPS,simple_tnm_stage_table_candidate
Nasal Cavity and Paranasal Sinuses,AJCC8,any,Any,N3,M0,Any,Any,IVB,extracted_candidate_v2_1 from B00659; cancer committee review pending,B00659,47,12,AJCC PROGNOSTIC STAGE GROUPS,simple_tnm_stage_table_candidate
Nasal Cavity and Paranasal Sinuses,AJCC8,any,T4b,Any,M0,Any,Any,IVB,extracted_candidate_v2_1 from B00659; cancer committee review pending,B00659,47,12,AJCC PROGNOSTIC STAGE GROUPS,simple_tnm_stage_table_candidate
Nasal Cavity and Paranasal Sinuses,AJCC8,any,Any,Any,M1,Any,Any,IVC,extracted_candidate_v2_1 from B00659; cancer committee review pending,B00659,47,12,AJCC PROGNOSTIC STAGE GROUPS,simple_tnm_stage_table_candidate
Larynx,AJCC8,any,Tis,N0,M0,Any,Any,0,extracted_candidate_v2_1 from B00666; cancer committee review pending,B00666,49,156,AJCC PROGNOSTIC STAGE GROUPS,simple_tnm_stage_table_candidate
Larynx,AJCC8,any,T2,N0,M0,Any,Any,II,extracted_candidate_v2_1 from B00666; cancer committee review pending,B00666,49,156,AJCC PROGNOSTIC STAGE GROUPS,simple_tnm_stage_table_candidate
Larynx,AJCC8,any,T3,N0,M0,Any,Any,III,extracted_candidate_v2_1 from B00666; cancer committee review pending,B00666,49,156,AJCC PROGNOSTIC STAGE GROUPS,simple_tnm_stage_table_candidate
Larynx,AJCC8,any,"T1, T2, T3",N1,M0,Any,Any,III,extracted_candidate_v2_1 from B00666; cancer committee review pending,B00666,49,156,AJCC PROGNOSTIC STAGE GROUPS,simple_tnm_stage_table_candidate
Larynx,AJCC8,any,"T1, T2, T3, T4a",N2,M0,Any,Any,IVA,extracted_candidate_v2_1 from B00666; cancer committee review pending,B00666,49,156,AJCC PROGNOSTIC STAGE GROUPS,simple_tnm_stage_table_candidate
Larynx,AJCC8,any,Any,N3,M0,Any,Any,IVB,extracted_candidate_v2_1 from B00666; cancer committee review pending,B00666,49,156,AJCC PROGNOSTIC STAGE GROUPS,simple_tnm_stage_table_candidate
Larynx,AJCC8,any,T4b,Any,M0,Any,Any,IVB,extracted_candidate_v2_1 from B00666; cancer committee review pending,B00666,49,156,AJCC PROGNOSTIC STAGE GROUPS,simple_tnm_stage_table_candidate
Larynx,AJCC8,any,Any,Any,M1,Any,Any,IVC,extracted_candidate_v2_1 from B00666; cancer committee review pending,B00666,49,156,AJCC PROGNOSTIC STAGE GROUPS,simple_tnm_stage_table_candidate
Cutaneous Carcinoma of the Head and Neck,AJCC8,any,Tis,N0,M0,Any,Any,0,extracted_candidate_v2_1 from B00676; cancer committee review pending,B00676,57,179,AJCC PROGNOSTIC STAGE GROUPS,simple_tnm_stage_table_candidate
Cutaneous Carcinoma of the Head and Neck,AJCC8,any,T2,N0,M0,Any,Any,II,extracted_candidate_v2_1 from B00676; cancer committee review pending,B00676,57,179,AJCC PROGNOSTIC STAGE GROUPS,simple_tnm_stage_table_candidate
Cutaneous Carcinoma of the Head and Neck,AJCC8,any,T3,N0,M0,Any,Any,III,extracted_candidate_v2_1 from B00676; cancer committee review pending,B00676,57,179,AJCC PROGNOSTIC STAGE GROUPS,simple_tnm_stage_table_candidate
Cutaneous Carcinoma of the Head and Neck,AJCC8,any,T1,N1,M0,Any,Any,III,extracted_candidate_v2_1 from B00676; cancer committee review pending,B00676,57,179,AJCC PROGNOSTIC STAGE GROUPS,simple_tnm_stage_table_candidate
Cutaneous Carcinoma of the Head and Neck,AJCC8,any,T2,N1,M0,Any,Any,III,extracted_candidate_v2_1 from B00676; cancer committee review pending,B00676,57,179,AJCC PROGNOSTIC STAGE GROUPS,simple_tnm_stage_table_candidate
Cutaneous Carcinoma of the Head and Neck,AJCC8,any,T3,N1,M0,Any,Any,III,extracted_candidate_v2_1 from B00676; cancer committee review pending,B00676,57,179,AJCC PROGNOSTIC STAGE GROUPS,simple_tnm_stage_table_candidate
Cutaneous Carcinoma of the Head and Neck,AJCC8,any,T1,N2,M0,Any,Any,IV,extracted_candidate_v2_1 from B00676; cancer committee review pending,B00676,57,179,AJCC PROGNOSTIC STAGE GROUPS,simple_tnm_stage_table_candidate
Cutaneous Carcinoma of the Head and Neck,AJCC8,any,T2,N2,M0,Any,Any,IV,extracted_candidate_v2_1 from B00676; cancer committee review pending,B00676,57,179,AJCC PROGNOSTIC STAGE GROUPS,simple_tnm_stage_table_candidate
Cutaneous Carcinoma of the Head and Neck,AJCC8,any,T3,N2,M0,Any,Any,IV,extracted_candidate_v2_1 from B00676; cancer committee review pending,B00676,57,179,AJCC PROGNOSTIC STAGE GROUPS,simple_tnm_stage_table_candidate
Cutaneous Carcinoma of the Head and Neck,AJCC8,any,Any,N3,M0,Any,Any,IV,extracted_candidate_v2_1 from B00676; cancer committee review pending,B00676,57,179,AJCC PROGNOSTIC STAGE GROUPS,simple_tnm_stage_table_candidate
Cutaneous Carcinoma of the Head and Neck,AJCC8,any,T4,Any,M0,Any,Any,IV,extracted_candidate_v2_1 from B00676; cancer committee review pending,B00676,57,179,AJCC PROGNOSTIC STAGE GROUPS,simple_tnm_stage_table_candidate
Cutaneous Carcinoma of the Head and Neck,AJCC8,any,Any,Any,M1,Any,Any,IV,extracted_candidate_v2_1 from B00676; cancer committee review pending,B00676,57,179,AJCC PROGNOSTIC STAGE GROUPS,simple_tnm_stage_table_candidate
Appendix - Carcinoma,AJCC8,any,Tis,N0,M0,Any,Any,0,extracted_candidate_v2_1 from B00690; cancer committee review pending,B00690,65,243,AJCC PROGNOSTIC STAGE GROUPS,simple_tnm_stage_table_candidate
Appendix - Carcinoma,AJCC8,any,Tis(LAMN),N0,M0,Any,Any,0,extracted_candidate_v2_1 from B00690; cancer committee review pending,B00690,65,243,AJCC PROGNOSTIC STAGE GROUPS,simple_tnm_stage_table_candidate
Appendix - Carcinoma,AJCC8,any,T3,N0,M0,Any,Any,IIA,extracted_candidate_v2_1 from B00690; cancer committee review pending,B00690,65,243,AJCC PROGNOSTIC STAGE GROUPS,simple_tnm_stage_table_candidate
Appendix - Carcinoma,AJCC8,any,T4a,N0,M0,Any,Any,IIB,extracted_candidate_v2_1 from B00690; cancer committee review pending,B00690,65,243,AJCC PROGNOSTIC STAGE GROUPS,simple_tnm_stage_table_candidate
Appendix - Carcinoma,AJCC8,any,T4b,N0,M0,Any,Any,IIC,extracted_candidate_v2_1 from B00690; cancer committee review pending,B00690,65,243,AJCC PROGNOSTIC STAGE GROUPS,simple_tnm_stage_table_candidate
Appendix - Carcinoma,AJCC8,any,T1,N1,M0,Any,Any,IIIA,extracted_candidate_v2_1 from B00690; cancer committee review pending,B00690,65,243,AJCC PROGNOSTIC STAGE GROUPS,simple_tnm_stage_table_candidate
Appendix - Carcinoma,AJCC8,any,T2,N1,M0,Any,Any,IIIA,extracted_candidate_v2_1 from B00690; cancer committee review pending,B00690,65,243,AJCC PROGNOSTIC STAGE GROUPS,simple_tnm_stage_table_candidate
Appendix - Carcinoma,AJCC8,any,T3,N1,M0,Any,Any,IIIB,extracted_candidate_v2_1 from B00690; cancer committee review pending,B00690,65,243,AJCC PROGNOSTIC STAGE GROUPS,simple_tnm_stage_table_candidate
Appendix - Carcinoma,AJCC8,any,T4,N1,M0,Any,Any,IIIB,extracted_candidate_v2_1 from B00690; cancer committee review pending,B00690,65,243,AJCC PROGNOSTIC STAGE GROUPS,simple_tnm_stage_table_candidate
Appendix - Carcinoma,AJCC8,any,Any,N2,M0,Any,Any,IIIC,extracted_candidate_v2_1 from B00690; cancer committee review pending,B00690,65,243,AJCC PROGNOSTIC STAGE GROUPS,simple_tnm_stage_table_candidate
Appendix - Carcinoma,AJCC8,any,Any,Any,M1a,Any,Any,IVA,extracted_candidate_v2_1 from B00690; cancer committee review pending,B00690,65,243,AJCC PROGNOSTIC STAGE GROUPS,simple_tnm_stage_table_candidate
Ampulla of Vater,AJCC8,any,Tis,N0,M0,Any,Any,0,extracted_candidate_v2_1 from B00699; cancer committee review pending,B00699,77,333,AJCC PROGNOSTIC STAGE GROUPS,simple_tnm_stage_table_candidate
Ampulla of Vater,AJCC8,any,T1a,N0,M0,Any,Any,IA,extracted_candidate_v2_1 from B00699; cancer committee review pending,B00699,77,333,AJCC PROGNOSTIC STAGE GROUPS,simple_tnm_stage_table_candidate
Ampulla of Vater,AJCC8,any,T1a,N1,M0,Any,Any,IIIA,extracted_candidate_v2_1 from B00699; cancer committee review pending,B00699,77,333,AJCC PROGNOSTIC STAGE GROUPS,simple_tnm_stage_table_candidate
Ampulla of Vater,AJCC8,any,T1b,N0,M0,Any,Any,IB,extracted_candidate_v2_1 from B00699; cancer committee review pending,B00699,77,333,AJCC PROGNOSTIC STAGE GROUPS,simple_tnm_stage_table_candidate
Ampulla of Vater,AJCC8,any,T1b,N1,M0,Any,Any,IIIA,extracted_candidate_v2_1 from B00699; cancer committee review pending,B00699,77,333,AJCC PROGNOSTIC STAGE GROUPS,simple_tnm_stage_table_candidate
Ampulla of Vater,AJCC8,any,T2,N0,M0,Any,Any,IB,extracted_candidate_v2_1 from B00699; cancer committee review pending,B00699,77,333,AJCC PROGNOSTIC STAGE GROUPS,simple_tnm_stage_table_candidate
Ampulla of Vater,AJCC8,any,T2,N1,M0,Any,Any,IIIA,extracted_candidate_v2_1 from B00699; cancer committee review pending,B00699,77,333,AJCC PROGNOSTIC STAGE GROUPS,simple_tnm_stage_table_candidate
Ampulla of Vater,AJCC8,any,T3a,N0,M0,Any,Any,IIA,extracted_candidate_v2_1 from B00699; cancer committee review pending,B00699,77,333,AJCC PROGNOSTIC STAGE GROUPS,simple_tnm_stage_table_candidate
Ampulla of Vater,AJCC8,any,T3a,N1,M0,Any,Any,IIIA,extracted_candidate_v2_1 from B00699; cancer committee review pending,B00699,77,333,AJCC PROGNOSTIC STAGE GROUPS,simple_tnm_stage_table_candidate
Ampulla of Vater,AJCC8,any,T3b,N0,M0,Any,Any,IIB,extracted_candidate_v2_1 from B00699; cancer committee review pending,B00699,77,333,AJCC PROGNOSTIC STAGE GROUPS,simple_tnm_stage_table_candidate
Ampulla of Vater,AJCC8,any,T3b,N1,M0,Any,Any,IIIA,extracted_candidate_v2_1 from B00699; cancer committee review pending,B00699,77,333,AJCC PROGNOSTIC STAGE GROUPS,simple_tnm_stage_table_candidate
Ampulla of Vater,AJCC8,any,T4,Any,M0,Any,Any,IIIB,extracted_candidate_v2_1 from B00699; cancer committee review pending,B00699,77,333,AJCC PROGNOSTIC STAGE GROUPS,simple_tnm_stage_table_candidate
Ampulla of Vater,AJCC8,any,Any,N2,M0,Any,Any,IIIB,extracted_candidate_v2_1 from B00699; cancer committee review pending,B00699,77,333,AJCC PROGNOSTIC STAGE GROUPS,simple_tnm_stage_table_candidate
Ampulla of Vater,AJCC8,any,Any,Any,M1,Any,Any,IV,extracted_candidate_v2_1 from B00699; cancer committee review pending,B00699,77,333,AJCC PROGNOSTIC STAGE GROUPS,simple_tnm_stage_table_candidate
Neuroendocrine Tumors of the Stomach,AJCC8,any,T1,N1,M0,Any,Any,III,extracted_candidate_v2_1 from B00705; cancer committee review pending,B00705,81,355,AJCC PROGNOSTIC STAGE GROUPS,simple_tnm_stage_table_candidate
Neuroendocrine Tumors of the Stomach,AJCC8,any,T2,N0,M0,Any,Any,II,extracted_candidate_v2_1 from B00705; cancer committee review pending,B00705,81,355,AJCC PROGNOSTIC STAGE GROUPS,simple_tnm_stage_table_candidate
Neuroendocrine Tumors of the Stomach,AJCC8,any,T2,N1,M0,Any,Any,III,extracted_candidate_v2_1 from B00705; cancer committee review pending,B00705,81,355,AJCC PROGNOSTIC STAGE GROUPS,simple_tnm_stage_table_candidate
Neuroendocrine Tumors of the Stomach,AJCC8,any,T3,N0,M0,Any,Any,II,extracted_candidate_v2_1 from B00705; cancer committee review pending,B00705,81,355,AJCC PROGNOSTIC STAGE GROUPS,simple_tnm_stage_table_candidate
Neuroendocrine Tumors of the Stomach,AJCC8,any,T3,N1,M0,Any,Any,III,extracted_candidate_v2_1 from B00705; cancer committee review pending,B00705,81,355,AJCC PROGNOSTIC STAGE GROUPS,simple_tnm_stage_table_candidate
Neuroendocrine Tumors of the Stomach,AJCC8,any,T4,N0,M0,Any,Any,III,extracted_candidate_v2_1 from B00705; cancer committee review pending,B00705,81,355,AJCC PROGNOSTIC STAGE GROUPS,simple_tnm_stage_table_candidate
Neuroendocrine Tumors of the Stomach,AJCC8,any,T4,N1,M0,Any,Any,III,extracted_candidate_v2_1 from B00705; cancer committee review pending,B00705,81,355,AJCC PROGNOSTIC STAGE GROUPS,simple_tnm_stage_table_candidate
Neuroendocrine Tumors of the Jejunum and Ileum,AJCC8,any,T2,N0,M0,Any,Any,II,extracted_candidate_v2_1 from B00711; cancer committee review pending,B00711,84,380,AJCC PROGNOSTIC STAGE GROUPS,simple_tnm_stage_table_candidate
Neuroendocrine Tumors of the Jejunum and Ileum,AJCC8,any,T3,N0,M0,Any,Any,II,extracted_candidate_v2_1 from B00711; cancer committee review pending,B00711,84,380,AJCC PROGNOSTIC STAGE GROUPS,simple_tnm_stage_table_candidate
Neuroendocrine Tumors of the Jejunum and Ileum,AJCC8,any,T4,N0,M0,Any,Any,III,extracted_candidate_v2_1 from B00711; cancer committee review pending,B00711,84,380,AJCC PROGNOSTIC STAGE GROUPS,simple_tnm_stage_table_candidate
Neuroendocrine Tumors of the Appendix,AJCC8,any,T1,N1,M0,Any,Any,III,extracted_candidate_v2_1 from B00718; cancer committee review pending,B00718,87,392,AJCC PROGNOSTIC STAGE GROUPS,simple_tnm_stage_table_candidate
Neuroendocrine Tumors of the Colon and Rectum,AJCC8,any,T1,N1,M0,Any,Any,IIIB,extracted_candidate_v2_1 from B00724; cancer committee review pending,B00724,91,399,AJCC PROGNOSTIC STAGE GROUPS,simple_tnm_stage_table_candidate
Neuroendocrine Tumors of the Colon and Rectum,AJCC8,any,T1,Any,M1,Any,Any,IV,extracted_candidate_v2_1 from B00724; cancer committee review pending,B00724,91,399,AJCC PROGNOSTIC STAGE GROUPS,simple_tnm_stage_table_candidate
Neuroendocrine Tumors of the Colon and Rectum,AJCC8,any,T2,N0,M0,Any,Any,IIA,extracted_candidate_v2_1 from B00724; cancer committee review pending,B00724,91,399,AJCC PROGNOSTIC STAGE GROUPS,simple_tnm_stage_table_candidate
Neuroendocrine Tumors of the Colon and Rectum,AJCC8,any,T2,N1,M0,Any,Any,IIIB,extracted_candidate_v2_1 from B00724; cancer committee review pending,B00724,91,399,AJCC PROGNOSTIC STAGE GROUPS,simple_tnm_stage_table_candidate
Neuroendocrine Tumors of the Colon and Rectum,AJCC8,any,T2,Any,M1,Any,Any,IV,extracted_candidate_v2_1 from B00724; cancer committee review pending,B00724,91,399,AJCC PROGNOSTIC STAGE GROUPS,simple_tnm_stage_table_candidate
Neuroendocrine Tumors of the Colon and Rectum,AJCC8,any,T3,N0,M0,Any,Any,IIB,extracted_candidate_v2_1 from B00724; cancer committee review pending,B00724,91,399,AJCC PROGNOSTIC STAGE GROUPS,simple_tnm_stage_table_candidate
Neuroendocrine Tumors of the Colon and Rectum,AJCC8,any,T3,N1,M0,Any,Any,IIIB,extracted_candidate_v2_1 from B00724; cancer committee review pending,B00724,91,399,AJCC PROGNOSTIC STAGE GROUPS,simple_tnm_stage_table_candidate
Neuroendocrine Tumors of the Colon and Rectum,AJCC8,any,T3,Any,M1,Any,Any,IV,extracted_candidate_v2_1 from B00724; cancer committee review pending,B00724,91,399,AJCC PROGNOSTIC STAGE GROUPS,simple_tnm_stage_table_candidate
Neuroendocrine Tumors of the Colon and Rectum,AJCC8,any,T4,N0,M0,Any,Any,IIIA,extracted_candidate_v2_1 from B00724; cancer committee review pending,B00724,91,399,AJCC PROGNOSTIC STAGE GROUPS,simple_tnm_stage_table_candidate
Neuroendocrine Tumors of the Colon and Rectum,AJCC8,any,T4,N1,M0,Any,Any,IIIB,extracted_candidate_v2_1 from B00724; cancer committee review pending,B00724,91,399,AJCC PROGNOSTIC STAGE GROUPS,simple_tnm_stage_table_candidate
Neuroendocrine Tumors of the Colon and Rectum,AJCC8,any,T4,Any,M1,Any,Any,IV,extracted_candidate_v2_1 from B00724; cancer committee review pending,B00724,91,399,AJCC PROGNOSTIC STAGE GROUPS,simple_tnm_stage_table_candidate
Breast,AJCC8,any,Tis,N0,M0,Any,Any,0,extracted_candidate_v2_1 from B00797; cancer committee review pending,B00797,155,625,Pathological Prognostic Stage Group tables for case reporting.,simple_tnm_stage_table_candidate
Breast,AJCC8,any,T1,N0,M0,Any,Any,IA,extracted_candidate_v2_1 from B00797; cancer committee review pending,B00797,155,625,Pathological Prognostic Stage Group tables for case reporting.,simple_tnm_stage_table_candidate
Breast,AJCC8,any,T0,N1mi,M0,Any,Any,IB,extracted_candidate_v2_1 from B00797; cancer committee review pending,B00797,155,625,Pathological Prognostic Stage Group tables for case reporting.,simple_tnm_stage_table_candidate
Breast,AJCC8,any,T1,N1mi,M0,Any,Any,IB,extracted_candidate_v2_1 from B00797; cancer committee review pending,B00797,155,625,Pathological Prognostic Stage Group tables for case reporting.,simple_tnm_stage_table_candidate
Breast,AJCC8,any,T0,N1,M0,Any,Any,IIA,extracted_candidate_v2_1 from B00797; cancer committee review pending,B00797,155,625,Pathological Prognostic Stage Group tables for case reporting.,simple_tnm_stage_table_candidate
Breast,AJCC8,any,T1,N1,M0,Any,Any,IIA,extracted_candidate_v2_1 from B00797; cancer committee review pending,B00797,155,625,Pathological Prognostic Stage Group tables for case reporting.,simple_tnm_stage_table_candidate
Breast,AJCC8,any,T2,N0,M0,Any,Any,IIA,extracted_candidate_v2_1 from B00797; cancer committee review pending,B00797,155,625,Pathological Prognostic Stage Group tables for case reporting.,simple_tnm_stage_table_candidate
Breast,AJCC8,any,T2,N1,M0,Any,Any,IIB,extracted_candidate_v2_1 from B00797; cancer committee review pending,B00797,155,625,Pathological Prognostic Stage Group tables for case reporting.,simple_tnm_stage_table_candidate
Breast,AJCC8,any,T3,N0,M0,Any,Any,IIB,extracted_candidate_v2_1 from B00797; cancer committee review pending,B00797,155,625,Pathological Prognostic Stage Group tables for case reporting.,simple_tnm_stage_table_candidate
Breast,AJCC8,any,T0,N2,M0,Any,Any,IIIA,extracted_candidate_v2_1 from B00797; cancer committee review pending,B00797,155,625,Pathological Prognostic Stage Group tables for case reporting.,simple_tnm_stage_table_candidate
Breast,AJCC8,any,T1,N2,M0,Any,Any,IIIA,extracted_candidate_v2_1 from B00797; cancer committee review pending,B00797,155,625,Pathological Prognostic Stage Group tables for case reporting.,simple_tnm_stage_table_candidate
Breast,AJCC8,any,T2,N2,M0,Any,Any,IIIA,extracted_candidate_v2_1 from B00797; cancer committee review pending,B00797,155,625,Pathological Prognostic Stage Group tables for case reporting.,simple_tnm_stage_table_candidate
Breast,AJCC8,any,T3,N1,M0,Any,Any,IIIA,extracted_candidate_v2_1 from B00797; cancer committee review pending,B00797,155,625,Pathological Prognostic Stage Group tables for case reporting.,simple_tnm_stage_table_candidate
Breast,AJCC8,any,T3,N2,M0,Any,Any,IIIA,extracted_candidate_v2_1 from B00797; cancer committee review pending,B00797,155,625,Pathological Prognostic Stage Group tables for case reporting.,simple_tnm_stage_table_candidate
Breast,AJCC8,any,T4,N0,M0,Any,Any,IIIB,extracted_candidate_v2_1 from B00797; cancer committee review pending,B00797,155,625,Pathological Prognostic Stage Group tables for case reporting.,simple_tnm_stage_table_candidate
Breast,AJCC8,any,T4,N1,M0,Any,Any,IIIB,extracted_candidate_v2_1 from B00797; cancer committee review pending,B00797,155,625,Pathological Prognostic Stage Group tables for case reporting.,simple_tnm_stage_table_candidate
Breast,AJCC8,any,T4,N2,M0,Any,Any,IIIB,extracted_candidate_v2_1 from B00797; cancer committee review pending,B00797,155,625,Pathological Prognostic Stage Group tables for case reporting.,simple_tnm_stage_table_candidate
Breast,AJCC8,any,Any,N3,M0,Any,Any,IIIC,extracted_candidate_v2_1 from B00797; cancer committee review pending,B00797,155,625,Pathological Prognostic Stage Group tables for case reporting.,simple_tnm_stage_table_candidate
Breast,AJCC8,any,Any,Any,M1,Any,Any,IV,extracted_candidate_v2_1 from B00797; cancer committee review pending,B00797,155,625,Pathological Prognostic Stage Group tables for case reporting.,simple_tnm_stage_table_candidate
Breast,AJCC8,any,Any,Any,Any,Any,Any,0,extracted_candidate_v2_1 from B00802; cancer committee review pending,B00802,159,629,Pathological Prognostic Stage,simple_tnm_stage_table_candidate
Breast,AJCC8,any,Any,Any,Any,Any,Any,0,extracted_candidate_v2_1 from B00803; cancer committee review pending,B00803,159,629,Pathological Prognostic Stage applies to patients with breast,simple_tnm_stage_table_candidate
Vulva,AJCC8,any,T1a,N0,M0,Any,Any,IA,extracted_candidate_v2_1 from B00809; cancer committee review pending,B00809,170,645,AJCC PROGNOSTIC STAGE GROUPS,simple_tnm_stage_table_candidate
Vulva,AJCC8,any,T1b,N0,M0,Any,Any,IB,extracted_candidate_v2_1 from B00809; cancer committee review pending,B00809,170,645,AJCC PROGNOSTIC STAGE GROUPS,simple_tnm_stage_table_candidate
Vulva,AJCC8,any,T2,N0,M0,Any,Any,II,extracted_candidate_v2_1 from B00809; cancer committee review pending,B00809,170,645,AJCC PROGNOSTIC STAGE GROUPS,simple_tnm_stage_table_candidate
Vulva,AJCC8,any,T3,Any,M0,Any,Any,IVA,extracted_candidate_v2_1 from B00809; cancer committee review pending,B00809,170,645,AJCC PROGNOSTIC STAGE GROUPS,simple_tnm_stage_table_candidate
Vulva,AJCC8,any,Any,Any,M1,Any,Any,IVB,extracted_candidate_v2_1 from B00809; cancer committee review pending,B00809,170,645,AJCC PROGNOSTIC STAGE GROUPS,simple_tnm_stage_table_candidate
Corpus Uteri - Sarcoma,AJCC8,any,T1a,N0,M0,Any,Any,IA,extracted_candidate_v2_1 from B00826; cancer committee review pending,B00826,180,683,AJCC PROGNOSTIC STAGE GROUPS,simple_tnm_stage_table_candidate
Corpus Uteri - Sarcoma,AJCC8,any,T1b,N0,M0,Any,Any,IB,extracted_candidate_v2_1 from B00826; cancer committee review pending,B00826,180,683,AJCC PROGNOSTIC STAGE GROUPS,simple_tnm_stage_table_candidate
Corpus Uteri - Sarcoma,AJCC8,any,T2,N0,M0,Any,Any,II,extracted_candidate_v2_1 from B00826; cancer committee review pending,B00826,180,683,AJCC PROGNOSTIC STAGE GROUPS,simple_tnm_stage_table_candidate
Corpus Uteri - Sarcoma,AJCC8,any,T3a,N0,M0,Any,Any,IIIA,extracted_candidate_v2_1 from B00826; cancer committee review pending,B00826,180,683,AJCC PROGNOSTIC STAGE GROUPS,simple_tnm_stage_table_candidate
Corpus Uteri - Sarcoma,AJCC8,any,T3b,N0,M0,Any,Any,IIIB,extracted_candidate_v2_1 from B00826; cancer committee review pending,B00826,180,683,AJCC PROGNOSTIC STAGE GROUPS,simple_tnm_stage_table_candidate
Corpus Uteri - Sarcoma,AJCC8,any,T4,Any,M0,Any,Any,IVA,extracted_candidate_v2_1 from B00826; cancer committee review pending,B00826,180,683,AJCC PROGNOSTIC STAGE GROUPS,simple_tnm_stage_table_candidate
Corpus Uteri - Sarcoma,AJCC8,any,Any,Any,M1,Any,Any,IVB,extracted_candidate_v2_1 from B00826; cancer committee review pending,B00826,180,683,AJCC PROGNOSTIC STAGE GROUPS,simple_tnm_stage_table_candidate
"Ovary, Fallopian Tube, and Primary Peritoneal Carcinoma",AJCC8,any,T1a,N0,M0,Any,Any,IA,extracted_candidate_v2_1 from B00836; cancer committee review pending,B00836,184,696,AJCC PROGNOSTIC STAGE GROUPS,simple_tnm_stage_table_candidate
"Ovary, Fallopian Tube, and Primary Peritoneal Carcinoma",AJCC8,any,T1b,N0,M0,Any,Any,IB,extracted_candidate_v2_1 from B00836; cancer committee review pending,B00836,184,696,AJCC PROGNOSTIC STAGE GROUPS,simple_tnm_stage_table_candidate
"Ovary, Fallopian Tube, and Primary Peritoneal Carcinoma",AJCC8,any,T1c,N0,M0,Any,Any,IC,extracted_candidate_v2_1 from B00836; cancer committee review pending,B00836,184,696,AJCC PROGNOSTIC STAGE GROUPS,simple_tnm_stage_table_candidate
"Ovary, Fallopian Tube, and Primary Peritoneal Carcinoma",AJCC8,any,T2,N0,M0,Any,Any,II,extracted_candidate_v2_1 from B00836; cancer committee review pending,B00836,184,696,AJCC PROGNOSTIC STAGE GROUPS,simple_tnm_stage_table_candidate
"Ovary, Fallopian Tube, and Primary Peritoneal Carcinoma",AJCC8,any,T2a,N0,M0,Any,Any,IIA,extracted_candidate_v2_1 from B00836; cancer committee review pending,B00836,184,696,AJCC PROGNOSTIC STAGE GROUPS,simple_tnm_stage_table_candidate
"Ovary, Fallopian Tube, and Primary Peritoneal Carcinoma",AJCC8,any,T2b,N0,M0,Any,Any,IIB,extracted_candidate_v2_1 from B00836; cancer committee review pending,B00836,184,696,AJCC PROGNOSTIC STAGE GROUPS,simple_tnm_stage_table_candidate
"Ovary, Fallopian Tube, and Primary Peritoneal Carcinoma",AJCC8,any,Any,Any,M1,Any,Any,IV,extracted_candidate_v2_1 from B00836; cancer committee review pending,B00836,184,696,AJCC PROGNOSTIC STAGE GROUPS,simple_tnm_stage_table_candidate
"Ovary, Fallopian Tube, and Primary Peritoneal Carcinoma",AJCC8,any,Any,Any,M1a,Any,Any,IVA,extracted_candidate_v2_1 from B00836; cancer committee review pending,B00836,184,696,AJCC PROGNOSTIC STAGE GROUPS,simple_tnm_stage_table_candidate
"Ovary, Fallopian Tube, and Primary Peritoneal Carcinoma",AJCC8,any,Any,Any,M1b,Any,Any,IVB,extracted_candidate_v2_1 from B00836; cancer committee review pending,B00836,184,696,AJCC PROGNOSTIC STAGE GROUPS,simple_tnm_stage_table_candidate
Penis,AJCC8,any,T1b,N0,M0,Any,Any,IIA,extracted_candidate_v2_1 from B00841; cancer committee review pending,B00841,187,715,AJCC PROGNOSTIC STAGE GROUPS,simple_tnm_stage_table_candidate
Penis,AJCC8,any,T2,N0,M0,Any,Any,IIA,extracted_candidate_v2_1 from B00841; cancer committee review pending,B00841,187,715,AJCC PROGNOSTIC STAGE GROUPS,simple_tnm_stage_table_candidate
Penis,AJCC8,any,T3,N0,M0,Any,Any,IIB,extracted_candidate_v2_1 from B00841; cancer committee review pending,B00841,187,715,AJCC PROGNOSTIC STAGE GROUPS,simple_tnm_stage_table_candidate
Penis,AJCC8,any,T4,Any,M0,Any,Any,IV,extracted_candidate_v2_1 from B00841; cancer committee review pending,B00841,187,715,AJCC PROGNOSTIC STAGE GROUPS,simple_tnm_stage_table_candidate
Penis,AJCC8,any,Any,N3,M0,Any,Any,IV,extracted_candidate_v2_1 from B00841; cancer committee review pending,B00841,187,715,AJCC PROGNOSTIC STAGE GROUPS,simple_tnm_stage_table_candidate
Penis,AJCC8,any,Any,Any,M1,Any,Any,IV,extracted_candidate_v2_1 from B00841; cancer committee review pending,B00841,187,715,AJCC PROGNOSTIC STAGE GROUPS,simple_tnm_stage_table_candidate
Kidney,AJCC8,any,T1,N1,M0,Any,Any,III,extracted_candidate_v2_1 from B00864; cancer committee review pending,B00864,196,752,AJCC PROGNOSTIC STAGE GROUPS,simple_tnm_stage_table_candidate
Kidney,AJCC8,any,T2,N0,M0,Any,Any,II,extracted_candidate_v2_1 from B00864; cancer committee review pending,B00864,196,752,AJCC PROGNOSTIC STAGE GROUPS,simple_tnm_stage_table_candidate
Kidney,AJCC8,any,T2,N1,M0,Any,Any,III,extracted_candidate_v2_1 from B00864; cancer committee review pending,B00864,196,752,AJCC PROGNOSTIC STAGE GROUPS,simple_tnm_stage_table_candidate
Kidney,AJCC8,any,T3,N1,M0,Any,Any,III,extracted_candidate_v2_1 from B00864; cancer committee review pending,B00864,196,752,AJCC PROGNOSTIC STAGE GROUPS,simple_tnm_stage_table_candidate
Kidney,AJCC8,any,T4,Any,M0,Any,Any,IV,extracted_candidate_v2_1 from B00864; cancer committee review pending,B00864,196,752,AJCC PROGNOSTIC STAGE GROUPS,simple_tnm_stage_table_candidate
Kidney,AJCC8,any,Any,Any,M1,Any,Any,IV,extracted_candidate_v2_1 from B00864; cancer committee review pending,B00864,196,752,AJCC PROGNOSTIC STAGE GROUPS,simple_tnm_stage_table_candidate
Renal Pelvis and Ureter,AJCC8,any,T2,N0,M0,Any,Any,II,extracted_candidate_v2_1 from B00871; cancer committee review pending,B00871,199,762,AJCC PROGNOSTIC STAGE GROUPS,simple_tnm_stage_table_candidate
Renal Pelvis and Ureter,AJCC8,any,T3,N0,M0,Any,Any,III,extracted_candidate_v2_1 from B00871; cancer committee review pending,B00871,199,762,AJCC PROGNOSTIC STAGE GROUPS,simple_tnm_stage_table_candidate
Renal Pelvis and Ureter,AJCC8,any,Any,N1,M0,Any,Any,IV,extracted_candidate_v2_1 from B00871; cancer committee review pending,B00871,199,762,AJCC PROGNOSTIC STAGE GROUPS,simple_tnm_stage_table_candidate
Renal Pelvis and Ureter,AJCC8,any,Any,N2,M0,Any,Any,IV,extracted_candidate_v2_1 from B00871; cancer committee review pending,B00871,199,762,AJCC PROGNOSTIC STAGE GROUPS,simple_tnm_stage_table_candidate
Renal Pelvis and Ureter,AJCC8,any,Any,Any,M1,Any,Any,IV,extracted_candidate_v2_1 from B00871; cancer committee review pending,B00871,199,762,AJCC PROGNOSTIC STAGE GROUPS,simple_tnm_stage_table_candidate
Urinary Bladder,AJCC8,any,T2a,N0,M0,Any,Any,II,extracted_candidate_v2_1 from B00877; cancer committee review pending,B00877,202,772,AJCC PROGNOSTIC STAGE GROUPS,simple_tnm_stage_table_candidate
Urinary Bladder,AJCC8,any,T2b,N0,M0,Any,Any,II,extracted_candidate_v2_1 from B00877; cancer committee review pending,B00877,202,772,AJCC PROGNOSTIC STAGE GROUPS,simple_tnm_stage_table_candidate
Urinary Bladder,AJCC8,any,"T3a, T3b, T4a",N0,M0,Any,Any,IIIA,extracted_candidate_v2_1 from B00877; cancer committee review pending,B00877,202,772,AJCC PROGNOSTIC STAGE GROUPS,simple_tnm_stage_table_candidate
Urinary Bladder,AJCC8,any,T4b,Any,M0,Any,Any,IVA,extracted_candidate_v2_1 from B00877; cancer committee review pending,B00877,202,772,AJCC PROGNOSTIC STAGE GROUPS,simple_tnm_stage_table_candidate
Urinary Bladder,AJCC8,any,Any,Any,M1a,Any,Any,IVA,extracted_candidate_v2_1 from B00877; cancer committee review pending,B00877,202,772,AJCC PROGNOSTIC STAGE GROUPS,simple_tnm_stage_table_candidate
Urinary Bladder,AJCC8,any,Any,Any,M1b,Any,Any,IVB,extracted_candidate_v2_1 from B00877; cancer committee review pending,B00877,202,772,AJCC PROGNOSTIC STAGE GROUPS,simple_tnm_stage_table_candidate
Eyelid Carcinoma,AJCC8,any,Tis,N0,M0,Any,Any,0,extracted_candidate_v2_1 from B00890; cancer committee review pending,B00890,207,791,AJCC PROGNOSTIC STAGE GROUPS,simple_tnm_stage_table_candidate
Eyelid Carcinoma,AJCC8,any,T1,N0,M0,Any,Any,IA,extracted_candidate_v2_1 from B00890; cancer committee review pending,B00890,207,791,AJCC PROGNOSTIC STAGE GROUPS,simple_tnm_stage_table_candidate
Eyelid Carcinoma,AJCC8,any,T2a,N0,M0,Any,Any,IB,extracted_candidate_v2_1 from B00890; cancer committee review pending,B00890,207,791,AJCC PROGNOSTIC STAGE GROUPS,simple_tnm_stage_table_candidate
Eyelid Carcinoma,AJCC8,any,"T2b-c, T3",N0,M0,Any,Any,IIA,extracted_candidate_v2_1 from B00890; cancer committee review pending,B00890,207,791,AJCC PROGNOSTIC STAGE GROUPS,simple_tnm_stage_table_candidate
Eyelid Carcinoma,AJCC8,any,T4,N0,M0,Any,Any,IIB,extracted_candidate_v2_1 from B00890; cancer committee review pending,B00890,207,791,AJCC PROGNOSTIC STAGE GROUPS,simple_tnm_stage_table_candidate
Eyelid Carcinoma,AJCC8,any,Any,N1,M0,Any,Any,IIIA,extracted_candidate_v2_1 from B00890; cancer committee review pending,B00890,207,791,AJCC PROGNOSTIC STAGE GROUPS,simple_tnm_stage_table_candidate
Eyelid Carcinoma,AJCC8,any,Any,N2,M0,Any,Any,IIIB,extracted_candidate_v2_1 from B00890; cancer committee review pending,B00890,207,791,AJCC PROGNOSTIC STAGE GROUPS,simple_tnm_stage_table_candidate
Eyelid Carcinoma,AJCC8,any,Any,Any,M1,Any,Any,IV,extracted_candidate_v2_1 from B00890; cancer committee review pending,B00890,207,791,AJCC PROGNOSTIC STAGE GROUPS,simple_tnm_stage_table_candidate
Uveal Melanoma,AJCC8,any,T1b-d,N0,M0,Any,Any,IIA,extracted_candidate_v2_1 from B00904; cancer committee review pending,B00904,216,821,AJCC PROGNOSTIC STAGE GROUPS,simple_tnm_stage_table_candidate
Uveal Melanoma,AJCC8,any,T2a,N0,M0,Any,Any,IIA,extracted_candidate_v2_1 from B00904; cancer committee review pending,B00904,216,821,AJCC PROGNOSTIC STAGE GROUPS,simple_tnm_stage_table_candidate
Uveal Melanoma,AJCC8,any,T2b,N0,M0,Any,Any,IIB,extracted_candidate_v2_1 from B00904; cancer committee review pending,B00904,216,821,AJCC PROGNOSTIC STAGE GROUPS,simple_tnm_stage_table_candidate
Uveal Melanoma,AJCC8,any,T3a,N0,M0,Any,Any,IIB,extracted_candidate_v2_1 from B00904; cancer committee review pending,B00904,216,821,AJCC PROGNOSTIC STAGE GROUPS,simple_tnm_stage_table_candidate
Uveal Melanoma,AJCC8,any,T2c-d,N0,M0,Any,Any,IIIA,extracted_candidate_v2_1 from B00904; cancer committee review pending,B00904,216,821,AJCC PROGNOSTIC STAGE GROUPS,simple_tnm_stage_table_candidate
Uveal Melanoma,AJCC8,any,T3b-c,N0,M0,Any,Any,IIIA,extracted_candidate_v2_1 from B00904; cancer committee review pending,B00904,216,821,AJCC PROGNOSTIC STAGE GROUPS,simple_tnm_stage_table_candidate
Uveal Melanoma,AJCC8,any,T4a,N0,M0,Any,Any,IIIA,extracted_candidate_v2_1 from B00904; cancer committee review pending,B00904,216,821,AJCC PROGNOSTIC STAGE GROUPS,simple_tnm_stage_table_candidate
Uveal Melanoma,AJCC8,any,T3d,N0,M0,Any,Any,IIIB,extracted_candidate_v2_1 from B00904; cancer committee review pending,B00904,216,821,AJCC PROGNOSTIC STAGE GROUPS,simple_tnm_stage_table_candidate
Uveal Melanoma,AJCC8,any,T4b-c,N0,M0,Any,Any,IIIB,extracted_candidate_v2_1 from B00904; cancer committee review pending,B00904,216,821,AJCC PROGNOSTIC STAGE GROUPS,simple_tnm_stage_table_candidate
Uveal Melanoma,AJCC8,any,Any,N1,M0,Any,Any,IV,extracted_candidate_v2_1 from B00904; cancer committee review pending,B00904,216,821,AJCC PROGNOSTIC STAGE GROUPS,simple_tnm_stage_table_candidate
Thyroid - Differentiated and Anaplastic Carcinoma,AJCC8,any,Any,Any,M1,Any,Any,II,extracted_candidate_v2_1 from B00938; cancer committee review pending,B00938,235,892,AJCC PROGNOSTIC STAGE GROUPS,simple_tnm_stage_table_candidate
Thyroid - Differentiated and Anaplastic Carcinoma,AJCC8,any,T1,N1,M0,Any,Any,II,extracted_candidate_v2_1 from B00938; cancer committee review pending,B00938,235,892,AJCC PROGNOSTIC STAGE GROUPS,simple_tnm_stage_table_candidate
Thyroid - Differentiated and Anaplastic Carcinoma,AJCC8,any,T2,N1,M0,Any,Any,II,extracted_candidate_v2_1 from B00938; cancer committee review pending,B00938,235,892,AJCC PROGNOSTIC STAGE GROUPS,simple_tnm_stage_table_candidate
Thyroid - Differentiated and Anaplastic Carcinoma,AJCC8,any,T3a/T3b,Any,M0,Any,Any,II,extracted_candidate_v2_1 from B00938; cancer committee review pending,B00938,235,892,AJCC PROGNOSTIC STAGE GROUPS,simple_tnm_stage_table_candidate
Thyroid - Differentiated and Anaplastic Carcinoma,AJCC8,any,T4a,Any,M0,Any,Any,III,extracted_candidate_v2_1 from B00938; cancer committee review pending,B00938,235,892,AJCC PROGNOSTIC STAGE GROUPS,simple_tnm_stage_table_candidate
Thyroid - Differentiated and Anaplastic Carcinoma,AJCC8,any,T4b,Any,M0,Any,Any,IVA,extracted_candidate_v2_1 from B00938; cancer committee review pending,B00938,235,892,AJCC PROGNOSTIC STAGE GROUPS,simple_tnm_stage_table_candidate
Thyroid - Differentiated and Anaplastic Carcinoma,AJCC8,any,Any,Any,M1,Any,Any,IVB,extracted_candidate_v2_1 from B00938; cancer committee review pending,B00938,235,892,AJCC PROGNOSTIC STAGE GROUPS,simple_tnm_stage_table_candidate
Thyroid - Differentiated and Anaplastic Carcinoma,AJCC8,any,T3b,Any,M0,Any,Any,IVB,extracted_candidate_v2_1 from B00938; cancer committee review pending,B00938,235,892,AJCC PROGNOSTIC STAGE GROUPS,simple_tnm_stage_table_candidate
Thyroid - Differentiated and Anaplastic Carcinoma,AJCC8,any,T4,Any,M0,Any,Any,IVB,extracted_candidate_v2_1 from B00938; cancer committee review pending,B00938,235,892,AJCC PROGNOSTIC STAGE GROUPS,simple_tnm_stage_table_candidate
Thyroid - Differentiated and Anaplastic Carcinoma,AJCC8,any,Any,Any,M1,Any,Any,IVC,extracted_candidate_v2_1 from B00938; cancer committee review pending,B00938,235,892,AJCC PROGNOSTIC STAGE GROUPS,simple_tnm_stage_table_candidate
Thyroid - Medullary,AJCC8,any,T2,N0,M0,Any,Any,II,extracted_candidate_v2_1 from B00945; cancer committee review pending,B00945,239,905,AJCC PROGNOSTIC STAGE GROUPS,simple_tnm_stage_table_candidate
Thyroid - Medullary,AJCC8,any,T3,N0,M0,Any,Any,II,extracted_candidate_v2_1 from B00945; cancer committee review pending,B00945,239,905,AJCC PROGNOSTIC STAGE GROUPS,simple_tnm_stage_table_candidate
Thyroid - Medullary,AJCC8,any,T4a,Any,M0,Any,Any,IVA,extracted_candidate_v2_1 from B00945; cancer committee review pending,B00945,239,905,AJCC PROGNOSTIC STAGE GROUPS,simple_tnm_stage_table_candidate
Thyroid - Medullary,AJCC8,any,T4b,Any,M0,Any,Any,IVB,extracted_candidate_v2_1 from B00945; cancer committee review pending,B00945,239,905,AJCC PROGNOSTIC STAGE GROUPS,simple_tnm_stage_table_candidate
Thyroid - Medullary,AJCC8,any,Any,Any,M1,Any,Any,IVC,extracted_candidate_v2_1 from B00945; cancer committee review pending,B00945,239,905,AJCC PROGNOSTIC STAGE GROUPS,simple_tnm_stage_table_candidate
