edition,site,category_type,category,candidate_definition,source_block_id,source_pdf_page,printed_page,section_heading,extraction_status,review_instruction
AJCC7,UNKNOWN,T,T0,No evidence of primary tumor,B00004,23,7,Primary Tumor (T),formal_definition_table_candidate,Check wording/category against AJCC manual; edit only if extraction merged/split rows incorrectly.
AJCC7,UNKNOWN,T,Tis,"Carcinoma in situ T1, T2, T3, T4 Increasing size and/or local extension of the primary tumor",B00004,23,7,Primary Tumor (T),formal_definition_table_candidate,Check wording/category against AJCC manual; edit only if extraction merged/split rows incorrectly.
AJCC7,UNKNOWN,T,TX,Primary tumor cannot be assessed (use of TX should be minimized),B00004,23,7,Primary Tumor (T),formal_definition_table_candidate,Check wording/category against AJCC manual; edit only if extraction merged/split rows incorrectly.
AJCC7,UNKNOWN,N,N0,"No regional lymph node metastases N1, N2, N3 Increasing number or extent of regional lymph node involvement",B00005,23,7,Regional Lymph Nodes (N),formal_definition_table_candidate,Check wording/category against AJCC manual; edit only if extraction merged/split rows incorrectly.
AJCC7,UNKNOWN,N,NX,"Regional lymph nodes cannot be assessed (use of NX should be minimized) In order to view this proof accurately, the Overprint Preview Option must be set to Always in Acrobat Professional or Adobe Reader. Please contact your Customer Service Representative if you have questions about finding this option. Job Name: -- /381449t",B00005,23,7,Regional Lymph Nodes (N),formal_definition_table_candidate,Check wording/category against AJCC manual; edit only if extraction merged/split rows incorrectly.
AJCC7,UNKNOWN,M,M0,No distant metastases,B00006,24,8,Distant Metastasis (M),formal_definition_table_candidate,Check wording/category against AJCC manual; edit only if extraction merged/split rows incorrectly.
AJCC7,UNKNOWN,M,M1,"Distant metastases present Note : The MX designation has been eliminated from the AJCC/UICC TNM system. The M1 category may be further specifi ed according to the following notation signifying the location of metastases: Pulmonary PUL Osseous OSS Hepatic HEP Brain BRA Lymph nodes LYM Bone marrow MAR Pleura PLE Peritoneum PER Adrenal ADR Skin SKI Other OTH Nonanatomic Prognostic Factors Required for Staging. In some cancer types, nonanatomic factors are required for assigning the anatomic stage/prognostic group. These are clearly defi ned in each chapter. These factors are collected separately from T, N, and M, which remain purely anatomic, and are used to assign stage groups. Where nonan- atomic factors are used in groupings, there is a defi nition of the groupings provided for cases where the nonanatomic factor is not available (X) or where it is desired to assign a group ignoring the nonanatomic factor. Use of the Unknown X Designation. The X category is used when information on a specifi c component is unknown. Cases where T or N is classifi ed as X cannot be assigned a stage (an exception is Any T or Any N M1 , which includes TX or NX, classifi ed as Stage IV - e.g., TX NX M1 or TX N3 M1 are Stage IV). Therefore, the X category for T and N should be used only when absolutely necessary. The category MX has been eliminated from the AJCC/ UICC TNM system. Unless there is clinical or pathologic evi- dence of distant metastases, the case is classifi ed as clinical M0 (cM0). Because of the requirement for pathologists to assign TNM on cancer pathology reports, and because the patholo- gist often does not have information to assign M, the CAP has dropped the M component from pathology templates to fur- ther discourage use of MX. The elimination of the code MX is a change in the seventh edition of the AJCC Cancer Staging Manual and UICC TNM Cancer Staging Manual . See later for rules for M classifi cation. The following general rules apply to application of T, N, and M for all sites and classifi cations (Table 1.3 ): 1. Microscopic confi rmation: All cases should be confi rmed microscopically for classifi cation by TNM (including clinical classifi cation). Rare cases that do not have any biopsy or cytology of the tumor can be staged, but sur- vival should be analyzed separately. These cases should not be included in overall disease survival analyses. TABLE 1.3. General rules for TNM staging General rules for staging Microscopic confi rmation Microscopic confi rmation required for TNM classifi cation Rare cases without microscopic confi rmation should be analyzed separately Cancers classifi ed by ICD-O-3 Recommend pathology reporting using CAP cancer protocols Timing of data eligible for clinical staging Data obtained before defi nitive treatment as part of primary treatment or within 4 months of diagnosis, whichever is shorter The time frame for collecting clinical stage data also ends when a decision is made for active surveillance (“watchful waiting”) without therapy Timing data eligible for pathologic staging Data obtained through defi nitive surgery as part of primary treatment or within 4 months of diagnosis, whichever is longer Timing of data eligible for staging with neoadjuvant therapy Stage in cases with neoadjuvant therapy is (a) clinical as defi ned earlier before initiation of therapy and (b) clinical or pathologic using data obtained after completion of neoadjuvant therapy (ycTNM or ypTNM) Staging in cases with uncertainty among T, N, or M categories Assign the lower (less advanced) category of T, N, or M, prognostic factor, or stage group Absence of staging-required nonanatomic prognostic factor Assign stage grouping by the group defi ned by the lower (less advanced) designation for that factor Multiple synchronous primary tumors in single organ Stage T by most advanced tumor; use “m” suffi x or the number of tumors in parentheses, e.g., pT3(m)N0M0 or pT3(4)N0M0 Synchronous primary tumors in paired organs Stage and report independently Metachronous primary tumors in single organ (not recurrence) Stage and report independently T0 staging - unknown primary Stage based on clinical suspicion of primary tumor (e.g., T0 N1 M0 Group IIA breast cancer) In order to view this proof accurately, the Overprint Preview Option must be set to Always in Acrobat Professional or Adobe Reader. Please contact your Customer Service Representative if you have questions about finding this option. Job Name: -- /381449t",B00006,24,8,Distant Metastasis (M),formal_definition_table_candidate,Check wording/category against AJCC manual; edit only if extraction merged/split rows incorrectly.
AJCC7,UNKNOWN,N,NX,Regional lymph nodes cannot be assessed,B00009,41,25,Regional Lymph Nodes (N),formal_definition_table_candidate,Check wording/category against AJCC manual; edit only if extraction merged/split rows incorrectly.
AJCC7,UNKNOWN,N,N0,"No regional lymph node metastasis N1* Metastasis in a single ipsilateral lymph node, 3 cm or less in greatest dimension N2* Metastasis in a single ipsilateral lymph node, more than 3 cm but not more than 6 cm in greatest dimension; or in multiple ipsilateral lymph nodes, none more than 6 cm in greatest dimension; or in bilateral or contralateral lymph nodes, none more than 6 cm in greatest dimension N2a* Metastasis in single ipsilateral lymph node more than 3 cm but not more than 6 cm in greatest dimension N2b* Metastasis in multiple ipsilateral lymph nodes, none more than 6 cm in greatest dimension N2c* Metastasis in bilateral or contralateral lymph nodes, none more than 6 cm in greatest dimension N3* Metastasis in a lymph node more than 6 cm in greatest dimension FIGURE 1. Schematic indicating the location of the lymph node levels in the neck as described in Table 1. In order to view this proof accurately, the Overprint Preview Option must be set to Always in Acrobat Professional or Adobe Reader. Please contact your Customer Service Representative if you have questions about finding this option. Job Name: -- /381449t",B00009,41,25,Regional Lymph Nodes (N),formal_definition_table_candidate,Check wording/category against AJCC manual; edit only if extraction merged/split rows incorrectly.
AJCC7,UNKNOWN,M,M0,No distant metastasis,B00010,42,26,Distant Metastasis (M),formal_definition_table_candidate,Check wording/category against AJCC manual; edit only if extraction merged/split rows incorrectly.
AJCC7,UNKNOWN,M,M1,"Distant metastasis OUTCOME RESULTS The survival curves shown for each anatomic site were constructed using head and neck cancer cases extracted from the National Cancer Data Base (NCDB) for cases diagnosed in 1997 and 1998. Only cases that were staged according to the fi fth edi- tion of the AJCC’s Cancer Staging Manual were included. The 5-year survival analyses for the different sites were stratifi ed by AJCC com- bined stage, which represents pathologic stage when available and only clinical stage when pathologic stage is not available. The survival methods were performed using SPSS software and included observed survival (death from all causes) as well as relative survival (representing an estimation of death from cancer derived from observed survival rates adjusted for expected deaths based on age, race, and gender). The 95% confi dence intervals were provided for each year-5 survival rate to permit analysis of signifi cant differences between the year-5 survival rates of the different stages. Anatomic sites and histologic types were coded according to the third edi- tion of the International Classification of Diseases for Oncology (ICD-0-3). The subsites included in each analysis were chosen on the basis of those listed in the fifth edition of the AJCC’s Cancer Staging Manual . Survival analysis for lip, oral cavity, oropharynx, nasopharynx, hypopharynx, and the larynx’s sub- sites was limited to squamous cell carcinomas only (M8050, 8051-8082). Sur- vival analyses for the maxillary sinus and the major salivary glands included all histologic types. Survival analyses for the thyroid gland included papillary adenocarcinoma (M8050, 8260, 8340, 8503-8604), follicular adenocarcinoma (M8330-8332), medullary carcinoma (M8510-M8512), and anaplastic carci- noma (M8021). BIBLIOGRAPHY Beahrs O, Henson DE, Hutter RVP, Kennedy BJ, editors. American Joint Committee on Cancer: manual for staging of cancer. 4th ed. Philadelphia: JB Lippincott; 1992. Bernier J, Cooper JS. Chemoradiation after surgery for high-risk head and neck cancer patients: how strong is the evidence? Oncologist. 2005;10(3):215-24. Cerezo L, Millan I, Torre A, Aragon G, Otero J. Prognostic factors for survival and tumor control in cervical lymph node metastases from head and neck cancer: a multivariate study of 492 cases. Cancer. 1992;69:1224-34. Cooper JS, Farnan NC, Asbell SO, et al. Recursive partitioning analysis of 2105 patients treated in Radiation Therapy Oncology Group studies of head and neck cancer. Cancer. 1996;77:1905-11. de Leeuw JR, de Graeff A, Ros WJ, Blijham GH, Hordijk GJ, Winnubst JA. Prediction of depressive symptomatology after treatment of head and neck cancer: the infl uence of pre-treatment physical and depressive symptoms, coping, and social support. Head Neck. 2000;22(8):799-807. Deleyiannis FW, Thomas DB, Vaughan TL, et al. Alcoholism: independent pre- dictor of survival in patients with head and neck cancer. J Natl Cancer Inst. 1996;88:542-9. In order to view this proof accurately, the Overprint Preview Option must be set to Always in Acrobat Professional or Adobe Reader. Please contact your Customer Service Representative if you have questions about finding this option. Job Name: -- /381449t",B00010,42,26,Distant Metastasis (M),formal_definition_table_candidate,Check wording/category against AJCC manual; edit only if extraction merged/split rows incorrectly.
AJCC7,Lip and Oral Cavity,T,TX,Primary tumor cannot be assessed,B00012,49,33,Primary Tumor (T),formal_definition_table_candidate,Check wording/category against AJCC manual; edit only if extraction merged/split rows incorrectly.
AJCC7,Lip and Oral Cavity,T,T0,No evidence of primary tumor,B00012,49,33,Primary Tumor (T),formal_definition_table_candidate,Check wording/category against AJCC manual; edit only if extraction merged/split rows incorrectly.
AJCC7,Lip and Oral Cavity,T,Tis,Carcinoma in situ,B00012,49,33,Primary Tumor (T),formal_definition_table_candidate,Check wording/category against AJCC manual; edit only if extraction merged/split rows incorrectly.
AJCC7,Lip and Oral Cavity,T,T1,Tumor 2 cm or less in greatest dimension,B00012,49,33,Primary Tumor (T),formal_definition_table_candidate,Check wording/category against AJCC manual; edit only if extraction merged/split rows incorrectly.
AJCC7,Lip and Oral Cavity,T,T2,Tumor more than 2 cm but not more than 4 cm in greatest dimension,B00012,49,33,Primary Tumor (T),formal_definition_table_candidate,Check wording/category against AJCC manual; edit only if extraction merged/split rows incorrectly.
AJCC7,Lip and Oral Cavity,T,T3,Tumor more than 4 cm in greatest dimension,B00012,49,33,Primary Tumor (T),formal_definition_table_candidate,Check wording/category against AJCC manual; edit only if extraction merged/split rows incorrectly.
AJCC7,Lip and Oral Cavity,T,T4a,"Moderately advanced local disease* (lip) Tumor invades through cortical bone, inferior alveolar nerve, fl oor of mouth, or skin of face, that is, chin or nose (oral cavity) Tumor invades adjacent structures only (e.g., through cortical bone [mandible or maxilla] into deep [extrinsic] muscle of tongue [genioglossus, hyoglossus, palatoglossus, and sty- loglossus], maxillary sinus, skin of face)",B00012,49,33,Primary Tumor (T),formal_definition_table_candidate,Check wording/category against AJCC manual; edit only if extraction merged/split rows incorrectly.
AJCC7,Lip and Oral Cavity,T,T4b,"Very advanced local disease Tumor invades masticator space, pterygoid plates, or skull base and/or encases internal carotid artery * Note : Superficial erosion alone of bone/tooth socket by gingival primary is not suffi cient to classify a tumor as T4.",B00012,49,33,Primary Tumor (T),formal_definition_table_candidate,Check wording/category against AJCC manual; edit only if extraction merged/split rows incorrectly.
AJCC7,Lip and Oral Cavity,N,NX,Regional lymph nodes cannot be assessed,B00013,49,33,Regional Lymph Nodes (N),formal_definition_table_candidate,Check wording/category against AJCC manual; edit only if extraction merged/split rows incorrectly.
AJCC7,Lip and Oral Cavity,N,N0,No regional lymph node metastasis,B00013,49,33,Regional Lymph Nodes (N),formal_definition_table_candidate,Check wording/category against AJCC manual; edit only if extraction merged/split rows incorrectly.
AJCC7,Lip and Oral Cavity,N,N1,"Metastasis in a single ipsilateral lymph node, 3 cm or less in greatest dimension",B00013,49,33,Regional Lymph Nodes (N),formal_definition_table_candidate,Check wording/category against AJCC manual; edit only if extraction merged/split rows incorrectly.
AJCC7,Lip and Oral Cavity,N,N2,"Metastasis in a single ipsilateral lymph node, more than 3 cm but not more than 6 cm in great- est dimension; or in multiple ipsilateral lymph nodes, none more than 6 cm in greatest dimen- sion; or in bilateral or contralateral lymph nodes, none more than 6 cm in greatest dimension",B00013,49,33,Regional Lymph Nodes (N),formal_definition_table_candidate,Check wording/category against AJCC manual; edit only if extraction merged/split rows incorrectly.
AJCC7,Lip and Oral Cavity,N,N2a,Metastasis in single ipsilateral lymph node more than 3 cm but not more than 6 cm in greatest dimension,B00013,49,33,Regional Lymph Nodes (N),formal_definition_table_candidate,Check wording/category against AJCC manual; edit only if extraction merged/split rows incorrectly.
AJCC7,Lip and Oral Cavity,N,N2b,"Metastasis in multiple ipsilateral lymph nodes, none more than 6 cm in greatest dimension",B00013,49,33,Regional Lymph Nodes (N),formal_definition_table_candidate,Check wording/category against AJCC manual; edit only if extraction merged/split rows incorrectly.
AJCC7,Lip and Oral Cavity,N,N2c,"Metastasis in bilateral or contralateral lymph nodes, none more than 6 cm in greatest dimension",B00013,49,33,Regional Lymph Nodes (N),formal_definition_table_candidate,Check wording/category against AJCC manual; edit only if extraction merged/split rows incorrectly.
AJCC7,Lip and Oral Cavity,N,N3,Metastasis in a lymph node more than 6 cm in greatest dimension,B00013,49,33,Regional Lymph Nodes (N),formal_definition_table_candidate,Check wording/category against AJCC manual; edit only if extraction merged/split rows incorrectly.
AJCC7,Lip and Oral Cavity,G,GX,Grade cannot be assessed,B00016,50,34,HISTOLOGIC GRADE (G),formal_definition_table_candidate,Check wording/category against AJCC manual; edit only if extraction merged/split rows incorrectly.
AJCC7,Lip and Oral Cavity,G,G1,Well differentiated,B00016,50,34,HISTOLOGIC GRADE (G),formal_definition_table_candidate,Check wording/category against AJCC manual; edit only if extraction merged/split rows incorrectly.
AJCC7,Lip and Oral Cavity,G,G2,Moderately differentiated,B00016,50,34,HISTOLOGIC GRADE (G),formal_definition_table_candidate,Check wording/category against AJCC manual; edit only if extraction merged/split rows incorrectly.
AJCC7,Lip and Oral Cavity,G,G3,Poorly differentiated,B00016,50,34,HISTOLOGIC GRADE (G),formal_definition_table_candidate,Check wording/category against AJCC manual; edit only if extraction merged/split rows incorrectly.
AJCC7,Lip and Oral Cavity,G,G4,Undifferentiated,B00016,50,34,HISTOLOGIC GRADE (G),formal_definition_table_candidate,Check wording/category against AJCC manual; edit only if extraction merged/split rows incorrectly.
AJCC7,"Pharynx (Including base of tongue, soft palate, and uvula)",T,TX,Primary tumor cannot be assessed,B00023,60,44,Primary Tumor (T),formal_definition_table_candidate,Check wording/category against AJCC manual; edit only if extraction merged/split rows incorrectly.
AJCC7,"Pharynx (Including base of tongue, soft palate, and uvula)",T,T0,No evidence of primary tumor,B00023,60,44,Primary Tumor (T),formal_definition_table_candidate,Check wording/category against AJCC manual; edit only if extraction merged/split rows incorrectly.
AJCC7,"Pharynx (Including base of tongue, soft palate, and uvula)",T,Tis,Carcinoma in situ Nasopharynx,B00023,60,44,Primary Tumor (T),formal_definition_table_candidate,Check wording/category against AJCC manual; edit only if extraction merged/split rows incorrectly.
AJCC7,"Pharynx (Including base of tongue, soft palate, and uvula)",T,T1,"Tumor confi ned to the nasopharynx, or tumor extends to oropharynx and/or nasal cavity with- out parapharyngeal extension*",B00023,60,44,Primary Tumor (T),formal_definition_table_candidate,Check wording/category against AJCC manual; edit only if extraction merged/split rows incorrectly.
AJCC7,"Pharynx (Including base of tongue, soft palate, and uvula)",T,T2,Tumor with parapharyngeal extension*,B00023,60,44,Primary Tumor (T),formal_definition_table_candidate,Check wording/category against AJCC manual; edit only if extraction merged/split rows incorrectly.
AJCC7,"Pharynx (Including base of tongue, soft palate, and uvula)",T,T3,Tumor involves bony structures of skull base and/ or paranasal sinuses,B00023,60,44,Primary Tumor (T),formal_definition_table_candidate,Check wording/category against AJCC manual; edit only if extraction merged/split rows incorrectly.
AJCC7,"Pharynx (Including base of tongue, soft palate, and uvula)",T,T4,"Tumor with intracranial extension and/or involve- ment of cranial nerves, hypopharynx, orbit, or with extension to the infratemporal fossa/masticator space *Note: Parapharyngeal extension denotes posterolateral infi ltration of tumor. Oropharynx",B00023,60,44,Primary Tumor (T),formal_definition_table_candidate,Check wording/category against AJCC manual; edit only if extraction merged/split rows incorrectly.
AJCC7,"Pharynx (Including base of tongue, soft palate, and uvula)",T,T1,Tumor 2 cm or less in greatest dimension,B00023,60,44,Primary Tumor (T),formal_definition_table_candidate,Check wording/category against AJCC manual; edit only if extraction merged/split rows incorrectly.
AJCC7,"Pharynx (Including base of tongue, soft palate, and uvula)",T,T2,Tumor more than 2 cm but not more than 4 cm in greatest dimension,B00023,60,44,Primary Tumor (T),formal_definition_table_candidate,Check wording/category against AJCC manual; edit only if extraction merged/split rows incorrectly.
AJCC7,"Pharynx (Including base of tongue, soft palate, and uvula)",T,T3,Tumor more than 4 cm in greatest dimension or extension to lingual surface of epiglottis,B00023,60,44,Primary Tumor (T),formal_definition_table_candidate,Check wording/category against AJCC manual; edit only if extraction merged/split rows incorrectly.
AJCC7,"Pharynx (Including base of tongue, soft palate, and uvula)",T,T4a,"Moderately advanced local disease Tumor invades the larynx, extrinsic muscle of tongue, medial pterygoid, hard palate, or mandible*",B00023,60,44,Primary Tumor (T),formal_definition_table_candidate,Check wording/category against AJCC manual; edit only if extraction merged/split rows incorrectly.
AJCC7,"Pharynx (Including base of tongue, soft palate, and uvula)",T,T4b,"Very advanced local disease Tumor invades lateral pterygoid muscle, ptery- goid plates, lateral nasopharynx, or skull base or encases carotid artery *Note: Mucosal extension to lingual surface of epiglottis from primary tumors of the base of the tongue and vallecula does not constitute invasion of larynx. In order to view this proof accurately, the Overprint Preview Option must be set to Always in Acrobat Professional or Adobe Reader. Please contact your Customer Service Representative if you have questions about finding this option. Job Name: -- /381449t",B00023,60,44,Primary Tumor (T),formal_definition_table_candidate,Check wording/category against AJCC manual; edit only if extraction merged/split rows incorrectly.
AJCC7,"Pharynx (Including base of tongue, soft palate, and uvula)",N,NX,Regional lymph nodes cannot be assessed,B00024,61,45,Regional Lymph Nodes (N),formal_definition_table_candidate,Check wording/category against AJCC manual; edit only if extraction merged/split rows incorrectly.
AJCC7,"Pharynx (Including base of tongue, soft palate, and uvula)",N,N0,No regional lymph node metastasis,B00024,61,45,Regional Lymph Nodes (N),formal_definition_table_candidate,Check wording/category against AJCC manual; edit only if extraction merged/split rows incorrectly.
AJCC7,"Pharynx (Including base of tongue, soft palate, and uvula)",N,N1,"Unilateral metastasis in cervical lymph node(s), 6 cm or less in greatest dimension, above the supraclavicular fossa, and/or unilateral or bilat- eral, retropharyngeal lymph nodes, 6 cm or less, in greatest dimension*",B00024,61,45,Regional Lymph Nodes (N),formal_definition_table_candidate,Check wording/category against AJCC manual; edit only if extraction merged/split rows incorrectly.
AJCC7,"Pharynx (Including base of tongue, soft palate, and uvula)",N,N2,"Bilateral metastasis in cervical lymph node(s), 6 cm or less in greatest dimension, above the supr- aclavicular fossa*",B00024,61,45,Regional Lymph Nodes (N),formal_definition_table_candidate,Check wording/category against AJCC manual; edit only if extraction merged/split rows incorrectly.
AJCC7,"Pharynx (Including base of tongue, soft palate, and uvula)",N,N3,Metastasis in a lymph node(s)* >6 cm and/or to supraclavicular fossa*,B00024,61,45,Regional Lymph Nodes (N),formal_definition_table_candidate,Check wording/category against AJCC manual; edit only if extraction merged/split rows incorrectly.
AJCC7,"Pharynx (Including base of tongue, soft palate, and uvula)",N,N3a,Greater than 6 cm in dimension,B00024,61,45,Regional Lymph Nodes (N),formal_definition_table_candidate,Check wording/category against AJCC manual; edit only if extraction merged/split rows incorrectly.
AJCC7,"Pharynx (Including base of tongue, soft palate, and uvula)",N,N3b,"Extension to the supraclavicular fossa** *Note: Midline nodes are considered ipsilateral nodes. **Note: Supraclavicular zone or fossa is relevant to the stag- ing of nasopharyngeal carcinoma and is the triangular region originally described by Ho. It is defi ned by three points: (1) the superior margin of the sternal end of the clavicle, (2) the superior margin of the lateral end of the clavicle, (3) the point where the neck meets the shoulder (Figure 4.2). Note that this would include caudal portions of levels IV and VB. All cases with lymph nodes (whole or part) in the fossa are considered N3b.",B00024,61,45,Regional Lymph Nodes (N),formal_definition_table_candidate,Check wording/category against AJCC manual; edit only if extraction merged/split rows incorrectly.
AJCC7,"Pharynx (Including base of tongue, soft palate, and uvula)",N,N1,"Metastasis in a single ipsilateral lymph node, 3 cm or less in greatest dimension",B00025,61,45,Regional Lymph Nodes (N)*,formal_definition_table_candidate,Check wording/category against AJCC manual; edit only if extraction merged/split rows incorrectly.
AJCC7,"Pharynx (Including base of tongue, soft palate, and uvula)",N,N2,"Metastasis in a single ipsilateral lymph node, more than 3 cm but not more than 6 cm in greatest dimension, or in multiple ipsilateral lymph nodes, none more than 6 cm in greatest dimension, or in bilateral or contralateral lymph nodes, none more than 6 cm in greatest dimension",B00025,61,45,Regional Lymph Nodes (N)*,formal_definition_table_candidate,Check wording/category against AJCC manual; edit only if extraction merged/split rows incorrectly.
AJCC7,"Pharynx (Including base of tongue, soft palate, and uvula)",N,N2a,Metastasis in a single ipsilateral lymph node more than 3 cm but not more than 6 cm in greatest dimension,B00025,61,45,Regional Lymph Nodes (N)*,formal_definition_table_candidate,Check wording/category against AJCC manual; edit only if extraction merged/split rows incorrectly.
AJCC7,"Pharynx (Including base of tongue, soft palate, and uvula)",N,N2b,"Metastasis in multiple ipsilateral lymph nodes, none more than 6 cm in greatest dimension",B00025,61,45,Regional Lymph Nodes (N)*,formal_definition_table_candidate,Check wording/category against AJCC manual; edit only if extraction merged/split rows incorrectly.
AJCC7,"Pharynx (Including base of tongue, soft palate, and uvula)",N,N2c,"Metastasis in bilateral or contralateral lymph nodes, none more than 6 cm in greatest dimen- sion",B00025,61,45,Regional Lymph Nodes (N)*,formal_definition_table_candidate,Check wording/category against AJCC manual; edit only if extraction merged/split rows incorrectly.
AJCC7,"Pharynx (Including base of tongue, soft palate, and uvula)",N,N3,Metastasis in a lymph node more than 6 cm in greatest dimension *Note: Metastases at level VII are considered regional lymph node metastases.,B00025,61,45,Regional Lymph Nodes (N)*,formal_definition_table_candidate,Check wording/category against AJCC manual; edit only if extraction merged/split rows incorrectly.
AJCC7,"Pharynx (Including base of tongue, soft palate, and uvula)",M,M0,No distant metastasis,B00026,61,45,Distant Metastasis (M),formal_definition_table_candidate,Check wording/category against AJCC manual; edit only if extraction merged/split rows incorrectly.
AJCC7,"Pharynx (Including base of tongue, soft palate, and uvula)",M,M1,"Distant metastasis FIGURE 4.2. Shaded triangular area corresponds to the supraclavicular fossa used in staging carcinoma of the nasopharynx. In order to view this proof accurately, the Overprint Preview Option must be set to Always in Acrobat Professional or Adobe Reader. Please contact your Customer Service Representative if you have questions about finding this option. Job Name: -- /381449t",B00026,61,45,Distant Metastasis (M),formal_definition_table_candidate,Check wording/category against AJCC manual; edit only if extraction merged/split rows incorrectly.
AJCC7,"Pharynx (Including base of tongue, soft palate, and uvula)",G,GX,Grade cannot be assessed,B00028,63,47,HISTOLOGIC GRADE (G),formal_definition_table_candidate,Check wording/category against AJCC manual; edit only if extraction merged/split rows incorrectly.
AJCC7,"Pharynx (Including base of tongue, soft palate, and uvula)",G,G1,Well differentiated,B00028,63,47,HISTOLOGIC GRADE (G),formal_definition_table_candidate,Check wording/category against AJCC manual; edit only if extraction merged/split rows incorrectly.
AJCC7,"Pharynx (Including base of tongue, soft palate, and uvula)",G,G2,Moderately differentiated,B00028,63,47,HISTOLOGIC GRADE (G),formal_definition_table_candidate,Check wording/category against AJCC manual; edit only if extraction merged/split rows incorrectly.
AJCC7,"Pharynx (Including base of tongue, soft palate, and uvula)",G,G3,Poorly differentiated,B00028,63,47,HISTOLOGIC GRADE (G),formal_definition_table_candidate,Check wording/category against AJCC manual; edit only if extraction merged/split rows incorrectly.
AJCC7,"Pharynx (Including base of tongue, soft palate, and uvula)",G,G4,Undifferentiated,B00028,63,47,HISTOLOGIC GRADE (G),formal_definition_table_candidate,Check wording/category against AJCC manual; edit only if extraction merged/split rows incorrectly.
AJCC7,"Pharynx (Including base of tongue, soft palate, and uvula)",T,Tis,"Carcinoma in situ Nasopharynx Tumor confined to the nasopharynx, or extends to oropharynx and/or nasal cavity without parapharyngeal extension* Tumor with parapharyngeal extension* Tumor involves bony structures of skull base and/or paranasal sinuses Tumor with intracranial extension and/or involvement of involvement of cranial nerves, hypopharynx, orbit, or with extension to the infratemporal fossa/ masticator space * Parapharyngeal extension denotes posterolateral infiltration of tumor. Oropharynx Tumor 2 cm or less in greatest dimension Tumor more than 2 cm but not more than 4 cm in greatest dimension Tumor more than 4 cm in greatest dimension or extension to lingual surface of epiglottis Moderately advanced local disease. Tumor invades the larynx, extrinsic muscle of tongue, medial pterygoid, hard palate, or mandible* Very advanced local disease. Tumor invades lateral pterygoid muscle, pterygoid plates, lateral nasopharynx, or skull base or encases carotid artery * Mucosal extension to lingual surface of epiglottis from primary tumors of the base of the tongue and vallecula does not constitute invasion of larynx. Hypopharynx Tumor limited to one subsite of hypopharynx and 2 cm or less in greatest dimension Tumor invades more than one subsite of hypopharynx or an adjacent site, or measures more than 2 cm but not more than 4 cm in greatest dimension without fixation of hemilarynx Tumor more than 4 cm in greatest dimension or with fixation of hemilarynx or extension to esophagus Moderately advanced local disease. Tumor invades thyroid/cricoid cartilage, hyoid bone, thyroid gland, or central compartment soft tissue* Very advanced local disease. Tumor invades prevertebral fascia, encases carotid artery, or involves mediastinal structures * Central compartment soft tissue includes prelaryngeal strap muscles and subcutaneous fat.",B00029,67,51,PRIMARY TUMOR (T),formal_definition_table_candidate,Check wording/category against AJCC manual; edit only if extraction merged/split rows incorrectly.
AJCC7,"Pharynx (Including base of tongue, soft palate, and uvula)",T,T4b,"(continued on next page) In order to view this proof accurately, the Overprint Preview Option must be set to Always in Acrobat Professional or Adobe Reader. Please contact your Customer Service Representative if you have questions about finding this option. Job Name: -- /381449t",B00029,67,51,PRIMARY TUMOR (T),formal_definition_table_candidate,Check wording/category against AJCC manual; edit only if extraction merged/split rows incorrectly.
AJCC7,"Pharynx (Including base of tongue, soft palate, and uvula)",N,N3,M0 M1,B00030,68,52,REGIONAL LYMPH NODES (N),formal_definition_table_candidate,Check wording/category against AJCC manual; edit only if extraction merged/split rows incorrectly.
AJCC7,Larynx,T,TX,Primary tumor cannot be assessed,B00034,75,59,Primary Tumor (T),formal_definition_table_candidate,Check wording/category against AJCC manual; edit only if extraction merged/split rows incorrectly.
AJCC7,Larynx,T,T0,No evidence of primary tumor,B00034,75,59,Primary Tumor (T),formal_definition_table_candidate,Check wording/category against AJCC manual; edit only if extraction merged/split rows incorrectly.
AJCC7,Larynx,T,Tis,Carcinoma in situ Supraglottis,B00034,75,59,Primary Tumor (T),formal_definition_table_candidate,Check wording/category against AJCC manual; edit only if extraction merged/split rows incorrectly.
AJCC7,Larynx,T,T1,Tumor limited to one subsite of supraglottis with normal vocal cord mobility,B00034,75,59,Primary Tumor (T),formal_definition_table_candidate,Check wording/category against AJCC manual; edit only if extraction merged/split rows incorrectly.
AJCC7,Larynx,T,T2,"Tumor invades mucosa of more than one adjacent subsite of supraglottis or glottis or region outside the supraglottis (e.g., mucosa of base of tongue, vallecula, medial wall of pyriform sinus) without fi xation of the larynx",B00034,75,59,Primary Tumor (T),formal_definition_table_candidate,Check wording/category against AJCC manual; edit only if extraction merged/split rows incorrectly.
AJCC7,Larynx,T,T3,"Tumor limited to larynx with vocal cord fi xation and/or invades any of the following: postcricoid area, preepiglottic space, paraglottic space, and/or inner cortex of thyroid cartilage",B00034,75,59,Primary Tumor (T),formal_definition_table_candidate,Check wording/category against AJCC manual; edit only if extraction merged/split rows incorrectly.
AJCC7,Larynx,T,T4a,"Moderately advanced local disease Tumor invades through the thyroid cartilage and/ or invades tissues beyond the larynx (e.g., trachea, soft tissues of neck including deep extrinsic muscle of the tongue, strap muscles, thyroid, or esophagus)",B00034,75,59,Primary Tumor (T),formal_definition_table_candidate,Check wording/category against AJCC manual; edit only if extraction merged/split rows incorrectly.
AJCC7,Larynx,T,T4b,"Very advanced local disease Tumor invades prevertebral space, encases carotid artery, or invades mediastinal structures Glottis",B00034,75,59,Primary Tumor (T),formal_definition_table_candidate,Check wording/category against AJCC manual; edit only if extraction merged/split rows incorrectly.
AJCC7,Larynx,T,T1,Tumor limited to the vocal cord(s) (may involve anterior or posterior commissure) with normal mobility,B00034,75,59,Primary Tumor (T),formal_definition_table_candidate,Check wording/category against AJCC manual; edit only if extraction merged/split rows incorrectly.
AJCC7,Larynx,T,T1a,Tumor limited to one vocal cord,B00034,75,59,Primary Tumor (T),formal_definition_table_candidate,Check wording/category against AJCC manual; edit only if extraction merged/split rows incorrectly.
AJCC7,Larynx,T,T1b,Tumor involves both vocal cords,B00034,75,59,Primary Tumor (T),formal_definition_table_candidate,Check wording/category against AJCC manual; edit only if extraction merged/split rows incorrectly.
AJCC7,Larynx,T,T2,"Tumor extends to supraglottis and/or subglottis, and/or with impaired vocal cord mobility",B00034,75,59,Primary Tumor (T),formal_definition_table_candidate,Check wording/category against AJCC manual; edit only if extraction merged/split rows incorrectly.
AJCC7,Larynx,T,T3,"Tumor limited to the larynx with vocal cord fixation and/or invasion of paraglottic space, and/or inner cortex of the thyroid cartilage",B00034,75,59,Primary Tumor (T),formal_definition_table_candidate,Check wording/category against AJCC manual; edit only if extraction merged/split rows incorrectly.
AJCC7,Larynx,T,T4a,"Moderately advanced local disease Tumor invades through the outer cortex of the thyroid cartilage and/or invades tissues beyond the larynx (e.g., trachea, soft tissues of neck including deep extrinsic muscle of the tongue, strap muscles, thyroid, or esophagus)",B00034,75,59,Primary Tumor (T),formal_definition_table_candidate,Check wording/category against AJCC manual; edit only if extraction merged/split rows incorrectly.
AJCC7,Larynx,T,T1,Tumor limited to the subglottis,B00034,75,59,Primary Tumor (T),formal_definition_table_candidate,Check wording/category against AJCC manual; edit only if extraction merged/split rows incorrectly.
AJCC7,Larynx,T,T2,Tumor extends to vocal cord(s) with normal or impaired mobility,B00034,75,59,Primary Tumor (T),formal_definition_table_candidate,Check wording/category against AJCC manual; edit only if extraction merged/split rows incorrectly.
AJCC7,Larynx,T,T3,Tumor limited to larynx with vocal cord fi xation,B00034,75,59,Primary Tumor (T),formal_definition_table_candidate,Check wording/category against AJCC manual; edit only if extraction merged/split rows incorrectly.
AJCC7,Larynx,T,T4a,"Moderately advanced local disease Tumor invades cricoid or thyroid cartilage and/ or invades tissues beyond the larynx (e.g., tra- chea, soft tissues of neck including deep extrinsic muscles of the tongue, strap muscles, thyroid, or esophagus)",B00034,75,59,Primary Tumor (T),formal_definition_table_candidate,Check wording/category against AJCC manual; edit only if extraction merged/split rows incorrectly.
AJCC7,Larynx,T,T4b,"Very advanced local disease Tumor invades prevertebral space, encases carotid artery, or invades mediastinal structures",B00034,75,59,Primary Tumor (T),formal_definition_table_candidate,Check wording/category against AJCC manual; edit only if extraction merged/split rows incorrectly.
AJCC7,Larynx,N,NX,Regional lymph nodes cannot be assessed N0; no regional lymph node metastasis,B00035,75,59,Regional Lymph Nodes (N)*,formal_definition_table_candidate,Check wording/category against AJCC manual; edit only if extraction merged/split rows incorrectly.
AJCC7,Larynx,N,N1,"Metastasis in a single ipsilateral lymph node, 3 cm or less in greatest dimension",B00035,75,59,Regional Lymph Nodes (N)*,formal_definition_table_candidate,Check wording/category against AJCC manual; edit only if extraction merged/split rows incorrectly.
AJCC7,Larynx,N,N2,"Metastasis in a single ipsilateral lymph node, more than 3 cm but not more than 6 cm in greatest dimension, or in multiple ipsilateral lymph nodes, none more than 6 cm in greatest dimension, or in bilateral or contralateral lymph nodes, none more than 6 cm in greatest dimension",B00035,75,59,Regional Lymph Nodes (N)*,formal_definition_table_candidate,Check wording/category against AJCC manual; edit only if extraction merged/split rows incorrectly.
AJCC7,Larynx,N,N2a,"Metastasis in a single ipsilateral lymph node, more than 3 cm but not more than 6 cm in greatest dimension",B00035,75,59,Regional Lymph Nodes (N)*,formal_definition_table_candidate,Check wording/category against AJCC manual; edit only if extraction merged/split rows incorrectly.
AJCC7,Larynx,N,N2b,"Metastasis in multiple ipsilateral lymph nodes, none more than 6 cm in greatest dimension",B00035,75,59,Regional Lymph Nodes (N)*,formal_definition_table_candidate,Check wording/category against AJCC manual; edit only if extraction merged/split rows incorrectly.
AJCC7,Larynx,N,N2c,"Metastasis in bilateral or contralateral lymph nodes, none more than 6 cm in greatest dimension",B00035,75,59,Regional Lymph Nodes (N)*,formal_definition_table_candidate,Check wording/category against AJCC manual; edit only if extraction merged/split rows incorrectly.
AJCC7,Larynx,N,N3,"Metastasis in a lymph node, more than 6 cm in greatest dimension * Note : Metastases at level VII are considered regional lymph node metastases. In order to view this proof accurately, the Overprint Preview Option must be set to Always in Acrobat Professional or Adobe Reader. Please contact your Customer Service Representative if you have questions about finding this option. Job Name: -- /381449t",B00035,75,59,Regional Lymph Nodes (N)*,formal_definition_table_candidate,Check wording/category against AJCC manual; edit only if extraction merged/split rows incorrectly.
AJCC7,Larynx,G,GX,Grade cannot be assessed,B00037,76,60,HISTOLOGIC GRADE (G),formal_definition_table_candidate,Check wording/category against AJCC manual; edit only if extraction merged/split rows incorrectly.
AJCC7,Larynx,G,G1,Well differentiated,B00037,76,60,HISTOLOGIC GRADE (G),formal_definition_table_candidate,Check wording/category against AJCC manual; edit only if extraction merged/split rows incorrectly.
AJCC7,Larynx,G,G2,Moderately differentiated,B00037,76,60,HISTOLOGIC GRADE (G),formal_definition_table_candidate,Check wording/category against AJCC manual; edit only if extraction merged/split rows incorrectly.
AJCC7,Larynx,G,G3,Poorly differentiated,B00037,76,60,HISTOLOGIC GRADE (G),formal_definition_table_candidate,Check wording/category against AJCC manual; edit only if extraction merged/split rows incorrectly.
AJCC7,Larynx,G,G4,Undifferentiated,B00037,76,60,HISTOLOGIC GRADE (G),formal_definition_table_candidate,Check wording/category against AJCC manual; edit only if extraction merged/split rows incorrectly.
AJCC7,Larynx,N,N3,M0 M1,B00039,80,64,REGIONAL LYMPH NODES (N)*,formal_definition_table_candidate,Check wording/category against AJCC manual; edit only if extraction merged/split rows incorrectly.
AJCC7,Larynx,M,M1,GROUP T N M 0 Tis N0,B00040,80,64,DISTANT METASTASIS (M),formal_definition_table_candidate,Check wording/category against AJCC manual; edit only if extraction merged/split rows incorrectly.
AJCC7,Larynx,M,M0,I T1 N0,B00040,80,64,DISTANT METASTASIS (M),formal_definition_table_candidate,Check wording/category against AJCC manual; edit only if extraction merged/split rows incorrectly.
AJCC7,Larynx,M,M0,II T2 N0,B00040,80,64,DISTANT METASTASIS (M),formal_definition_table_candidate,Check wording/category against AJCC manual; edit only if extraction merged/split rows incorrectly.
AJCC7,Larynx,M,M0,III T3 N0,B00040,80,64,DISTANT METASTASIS (M),formal_definition_table_candidate,Check wording/category against AJCC manual; edit only if extraction merged/split rows incorrectly.
AJCC7,Larynx,M,M0,T1 N1,B00040,80,64,DISTANT METASTASIS (M),formal_definition_table_candidate,Check wording/category against AJCC manual; edit only if extraction merged/split rows incorrectly.
AJCC7,Larynx,M,M0,T2 N1,B00040,80,64,DISTANT METASTASIS (M),formal_definition_table_candidate,Check wording/category against AJCC manual; edit only if extraction merged/split rows incorrectly.
AJCC7,Larynx,M,M0,T3 N1,B00040,80,64,DISTANT METASTASIS (M),formal_definition_table_candidate,Check wording/category against AJCC manual; edit only if extraction merged/split rows incorrectly.
AJCC7,Larynx,M,M0,IVA T4a N0,B00040,80,64,DISTANT METASTASIS (M),formal_definition_table_candidate,Check wording/category against AJCC manual; edit only if extraction merged/split rows incorrectly.
AJCC7,Larynx,M,M0,T4a N1,B00040,80,64,DISTANT METASTASIS (M),formal_definition_table_candidate,Check wording/category against AJCC manual; edit only if extraction merged/split rows incorrectly.
AJCC7,Larynx,M,M0,T1 N2,B00040,80,64,DISTANT METASTASIS (M),formal_definition_table_candidate,Check wording/category against AJCC manual; edit only if extraction merged/split rows incorrectly.
AJCC7,Larynx,M,M0,T2 N2,B00040,80,64,DISTANT METASTASIS (M),formal_definition_table_candidate,Check wording/category against AJCC manual; edit only if extraction merged/split rows incorrectly.
AJCC7,Larynx,M,M0,T3 N2,B00040,80,64,DISTANT METASTASIS (M),formal_definition_table_candidate,Check wording/category against AJCC manual; edit only if extraction merged/split rows incorrectly.
AJCC7,Larynx,M,M0,T4a N2,B00040,80,64,DISTANT METASTASIS (M),formal_definition_table_candidate,Check wording/category against AJCC manual; edit only if extraction merged/split rows incorrectly.
AJCC7,Larynx,M,M0,IVB T4b Any N,B00040,80,64,DISTANT METASTASIS (M),formal_definition_table_candidate,Check wording/category against AJCC manual; edit only if extraction merged/split rows incorrectly.
AJCC7,Larynx,M,M0,Any T N3,B00040,80,64,DISTANT METASTASIS (M),formal_definition_table_candidate,Check wording/category against AJCC manual; edit only if extraction merged/split rows incorrectly.
AJCC7,Larynx,M,M0,IVC Any T Any N,B00040,80,64,DISTANT METASTASIS (M),formal_definition_table_candidate,Check wording/category against AJCC manual; edit only if extraction merged/split rows incorrectly.
AJCC7,Larynx,M,M1,PATHOLOGIC GROUP T N M 0 Tis N0,B00040,80,64,DISTANT METASTASIS (M),formal_definition_table_candidate,Check wording/category against AJCC manual; edit only if extraction merged/split rows incorrectly.
AJCC7,Nasal Cavity and Paranasal Sinuses,T,TX,Primary tumor cannot be assessed,B00043,87,71,Primary Tumor (T),formal_definition_table_candidate,Check wording/category against AJCC manual; edit only if extraction merged/split rows incorrectly.
AJCC7,Nasal Cavity and Paranasal Sinuses,T,T0,No evidence of primary tumor,B00043,87,71,Primary Tumor (T),formal_definition_table_candidate,Check wording/category against AJCC manual; edit only if extraction merged/split rows incorrectly.
AJCC7,Nasal Cavity and Paranasal Sinuses,T,Tis,Carcinoma in situ Maxillary Sinus,B00043,87,71,Primary Tumor (T),formal_definition_table_candidate,Check wording/category against AJCC manual; edit only if extraction merged/split rows incorrectly.
AJCC7,Nasal Cavity and Paranasal Sinuses,T,T1,Tumor limited to maxillary sinus mucosa with no erosion or destruction of bone,B00043,87,71,Primary Tumor (T),formal_definition_table_candidate,Check wording/category against AJCC manual; edit only if extraction merged/split rows incorrectly.
AJCC7,Nasal Cavity and Paranasal Sinuses,T,T2,"Tumor causing bone erosion or destruction including extension into the hard palate and/or middle nasal meatus, except extension to poste- rior wall of maxillary sinus and pterygoid plates",B00043,87,71,Primary Tumor (T),formal_definition_table_candidate,Check wording/category against AJCC manual; edit only if extraction merged/split rows incorrectly.
AJCC7,Nasal Cavity and Paranasal Sinuses,T,T3,"Tumor invades any of the following: bone of the posterior wall of maxillary sinus, subcutaneous tissues, fl oor or medial wall of orbit, pterygoid fossa, ethmoid sinuses",B00043,87,71,Primary Tumor (T),formal_definition_table_candidate,Check wording/category against AJCC manual; edit only if extraction merged/split rows incorrectly.
AJCC7,Nasal Cavity and Paranasal Sinuses,T,T4a,"Moderately advanced local disease Tumor invades anterior orbital contents, skin of cheek, pterygoid plates, infratemporal fossa, cri- briform plate, sphenoid or frontal sinuses FIGURE 6.2. ( A ) Five-year, observed survival by “combined” AJCC stage sinonasal carcinomas (all histologies), 1998-1999. (*95% confi dence intervals correspond to year-5 survival rates.) ( B ) Five-year, relative survival by “combined” AJCC stage sinonasal carcinomas (all histologies), 1998-1999. (*95% confi dence intervals correspond to year-5 survival rates.) In order to view this proof accurately, the Overprint Preview Option must be set to Always in Acrobat Professional or Adobe Reader. Please contact your Customer Service Representative if you have questions about finding this option. Job Name: -- /381449t",B00043,87,71,Primary Tumor (T),formal_definition_table_candidate,Check wording/category against AJCC manual; edit only if extraction merged/split rows incorrectly.
AJCC7,Nasal Cavity and Paranasal Sinuses,T,T4b,"Very advanced local disease Tumor invades any of the following: orbital apex, dura, brain, middle cranial fossa, cranial nerves other than maxillary division of trigeminal nerve (V2), nasopharynx, or clivus Nasal Cavity and Ethmoid Sinus",B00044,88,72,Primary Tumor (T) (continued),formal_definition_table_candidate,Check wording/category against AJCC manual; edit only if extraction merged/split rows incorrectly.
AJCC7,Nasal Cavity and Paranasal Sinuses,T,T1,"Tumor restricted to any one subsite, with or with- out bony invasion",B00044,88,72,Primary Tumor (T) (continued),formal_definition_table_candidate,Check wording/category against AJCC manual; edit only if extraction merged/split rows incorrectly.
AJCC7,Nasal Cavity and Paranasal Sinuses,T,T2,"Tumor invading two subsites in a single region or extending to involve an adjacent region within the nasoethmoidal complex, with or without bony invasion",B00044,88,72,Primary Tumor (T) (continued),formal_definition_table_candidate,Check wording/category against AJCC manual; edit only if extraction merged/split rows incorrectly.
AJCC7,Nasal Cavity and Paranasal Sinuses,T,T3,"Tumor extends to invade the medial wall or fl oor of the orbit, maxillary sinus, palate, or cribriform plate",B00044,88,72,Primary Tumor (T) (continued),formal_definition_table_candidate,Check wording/category against AJCC manual; edit only if extraction merged/split rows incorrectly.
AJCC7,Nasal Cavity and Paranasal Sinuses,T,T4a,"Moderately advanced local disease Tumor invades any of the following: anterior orbital contents, skin of nose or cheek, minimal extension to anterior cranial fossa, pterygoid plates, sphenoid or frontal sinuses",B00044,88,72,Primary Tumor (T) (continued),formal_definition_table_candidate,Check wording/category against AJCC manual; edit only if extraction merged/split rows incorrectly.
AJCC7,Nasal Cavity and Paranasal Sinuses,N,NX,Regional lymph nodes cannot be assessed,B00045,88,72,Regional Lymph Nodes (N),formal_definition_table_candidate,Check wording/category against AJCC manual; edit only if extraction merged/split rows incorrectly.
AJCC7,Nasal Cavity and Paranasal Sinuses,N,N0,No regional lymph node metastasis,B00045,88,72,Regional Lymph Nodes (N),formal_definition_table_candidate,Check wording/category against AJCC manual; edit only if extraction merged/split rows incorrectly.
AJCC7,Nasal Cavity and Paranasal Sinuses,N,N1,"Metastasis in a single ipsilateral lymph node, 3 cm or less in greatest dimension",B00045,88,72,Regional Lymph Nodes (N),formal_definition_table_candidate,Check wording/category against AJCC manual; edit only if extraction merged/split rows incorrectly.
AJCC7,Nasal Cavity and Paranasal Sinuses,N,N2,"Metastasis in a single ipsilateral lymph node, more than 3 cm but not more than 6 cm in greatest dimension, or in multiple ipsilateral lymph nodes, none more than 6 cm in greatest dimension, or in bilateral or contralateral lymph nodes, none more than 6 cm in greatest dimension",B00045,88,72,Regional Lymph Nodes (N),formal_definition_table_candidate,Check wording/category against AJCC manual; edit only if extraction merged/split rows incorrectly.
AJCC7,Nasal Cavity and Paranasal Sinuses,N,N2a,"Metastasis in a single ipsilateral lymph node, more than 3 cm but not more than 6 cm in great- est dimension",B00045,88,72,Regional Lymph Nodes (N),formal_definition_table_candidate,Check wording/category against AJCC manual; edit only if extraction merged/split rows incorrectly.
AJCC7,Nasal Cavity and Paranasal Sinuses,N,N2b,"Metastasis in multiple ipsilateral lymph nodes, none more than 6 cm in greatest dimension",B00045,88,72,Regional Lymph Nodes (N),formal_definition_table_candidate,Check wording/category against AJCC manual; edit only if extraction merged/split rows incorrectly.
AJCC7,Nasal Cavity and Paranasal Sinuses,N,N2c,"Metastasis in bilateral or contralateral lymph nodes, none more than 6 cm in greatest dimen- sion",B00045,88,72,Regional Lymph Nodes (N),formal_definition_table_candidate,Check wording/category against AJCC manual; edit only if extraction merged/split rows incorrectly.
AJCC7,Nasal Cavity and Paranasal Sinuses,N,N3,"Metastasis in a lymph node, more than 6 cm in greatest dimension",B00045,88,72,Regional Lymph Nodes (N),formal_definition_table_candidate,Check wording/category against AJCC manual; edit only if extraction merged/split rows incorrectly.
AJCC7,Nasal Cavity and Paranasal Sinuses,G,GX,Grade cannot be assessed,B00047,88,72,HISTOLOGIC GRADE (G),formal_definition_table_candidate,Check wording/category against AJCC manual; edit only if extraction merged/split rows incorrectly.
AJCC7,Nasal Cavity and Paranasal Sinuses,G,G1,Well differentiated,B00047,88,72,HISTOLOGIC GRADE (G),formal_definition_table_candidate,Check wording/category against AJCC manual; edit only if extraction merged/split rows incorrectly.
AJCC7,Nasal Cavity and Paranasal Sinuses,G,G2,Moderately differentiated,B00047,88,72,HISTOLOGIC GRADE (G),formal_definition_table_candidate,Check wording/category against AJCC manual; edit only if extraction merged/split rows incorrectly.
AJCC7,Nasal Cavity and Paranasal Sinuses,G,G3,Poorly differentiated,B00047,88,72,HISTOLOGIC GRADE (G),formal_definition_table_candidate,Check wording/category against AJCC manual; edit only if extraction merged/split rows incorrectly.
AJCC7,Nasal Cavity and Paranasal Sinuses,G,G4,"Undifferentiated In order to view this proof accurately, the Overprint Preview Option must be set to Always in Acrobat Professional or Adobe Reader. Please contact your Customer Service Representative if you have questions about finding this option. Job Name: -- /381449t",B00047,88,72,HISTOLOGIC GRADE (G),formal_definition_table_candidate,Check wording/category against AJCC manual; edit only if extraction merged/split rows incorrectly.
AJCC7,Nasal Cavity and Paranasal Sinuses,T,T4b,NX N0 N1 N2 N2a,B00048,91,75,PRIMARY TUMOR (T),formal_definition_table_candidate,Check wording/category against AJCC manual; edit only if extraction merged/split rows incorrectly.
AJCC7,Nasal Cavity and Paranasal Sinuses,M,M1,GROUP T N M 0 Tis N0,B00050,92,76,DISTANT METASTASIS (M),formal_definition_table_candidate,Check wording/category against AJCC manual; edit only if extraction merged/split rows incorrectly.
AJCC7,Nasal Cavity and Paranasal Sinuses,M,M0,I T1 N0,B00050,92,76,DISTANT METASTASIS (M),formal_definition_table_candidate,Check wording/category against AJCC manual; edit only if extraction merged/split rows incorrectly.
AJCC7,Nasal Cavity and Paranasal Sinuses,M,M0,II T2 N0,B00050,92,76,DISTANT METASTASIS (M),formal_definition_table_candidate,Check wording/category against AJCC manual; edit only if extraction merged/split rows incorrectly.
AJCC7,Nasal Cavity and Paranasal Sinuses,M,M0,III T3 N0,B00050,92,76,DISTANT METASTASIS (M),formal_definition_table_candidate,Check wording/category against AJCC manual; edit only if extraction merged/split rows incorrectly.
AJCC7,Nasal Cavity and Paranasal Sinuses,M,M0,T1 N1,B00050,92,76,DISTANT METASTASIS (M),formal_definition_table_candidate,Check wording/category against AJCC manual; edit only if extraction merged/split rows incorrectly.
AJCC7,Nasal Cavity and Paranasal Sinuses,M,M0,T2 N1,B00050,92,76,DISTANT METASTASIS (M),formal_definition_table_candidate,Check wording/category against AJCC manual; edit only if extraction merged/split rows incorrectly.
AJCC7,Nasal Cavity and Paranasal Sinuses,M,M0,T3 N1,B00050,92,76,DISTANT METASTASIS (M),formal_definition_table_candidate,Check wording/category against AJCC manual; edit only if extraction merged/split rows incorrectly.
AJCC7,Nasal Cavity and Paranasal Sinuses,M,M0,IVA T4a N0,B00050,92,76,DISTANT METASTASIS (M),formal_definition_table_candidate,Check wording/category against AJCC manual; edit only if extraction merged/split rows incorrectly.
AJCC7,Nasal Cavity and Paranasal Sinuses,M,M0,T4a N1,B00050,92,76,DISTANT METASTASIS (M),formal_definition_table_candidate,Check wording/category against AJCC manual; edit only if extraction merged/split rows incorrectly.
AJCC7,Nasal Cavity and Paranasal Sinuses,M,M0,T1 N2,B00050,92,76,DISTANT METASTASIS (M),formal_definition_table_candidate,Check wording/category against AJCC manual; edit only if extraction merged/split rows incorrectly.
AJCC7,Nasal Cavity and Paranasal Sinuses,M,M0,T2 N2,B00050,92,76,DISTANT METASTASIS (M),formal_definition_table_candidate,Check wording/category against AJCC manual; edit only if extraction merged/split rows incorrectly.
AJCC7,Nasal Cavity and Paranasal Sinuses,M,M0,T3 N2,B00050,92,76,DISTANT METASTASIS (M),formal_definition_table_candidate,Check wording/category against AJCC manual; edit only if extraction merged/split rows incorrectly.
AJCC7,Nasal Cavity and Paranasal Sinuses,M,M0,T4a N2,B00050,92,76,DISTANT METASTASIS (M),formal_definition_table_candidate,Check wording/category against AJCC manual; edit only if extraction merged/split rows incorrectly.
AJCC7,Nasal Cavity and Paranasal Sinuses,M,M0,IVB T4b Any N,B00050,92,76,DISTANT METASTASIS (M),formal_definition_table_candidate,Check wording/category against AJCC manual; edit only if extraction merged/split rows incorrectly.
AJCC7,Nasal Cavity and Paranasal Sinuses,M,M0,Any T N3,B00050,92,76,DISTANT METASTASIS (M),formal_definition_table_candidate,Check wording/category against AJCC manual; edit only if extraction merged/split rows incorrectly.
AJCC7,Nasal Cavity and Paranasal Sinuses,M,M0,IVC Any T Any N,B00050,92,76,DISTANT METASTASIS (M),formal_definition_table_candidate,Check wording/category against AJCC manual; edit only if extraction merged/split rows incorrectly.
AJCC7,Nasal Cavity and Paranasal Sinuses,M,M1,PATHOLOGIC GROUP T N M 0 Tis N0,B00050,92,76,DISTANT METASTASIS (M),formal_definition_table_candidate,Check wording/category against AJCC manual; edit only if extraction merged/split rows incorrectly.
AJCC7,Nasal Cavity and Paranasal Sinuses,M,M1,Stage unknown Stage unknown,B00050,92,76,DISTANT METASTASIS (M),formal_definition_table_candidate,Check wording/category against AJCC manual; edit only if extraction merged/split rows incorrectly.
AJCC7,Major Salivary Glands,T,TX,Primary tumor cannot be assessed,B00053,96,80,Primary Tumor (T),formal_definition_table_candidate,Check wording/category against AJCC manual; edit only if extraction merged/split rows incorrectly.
AJCC7,Major Salivary Glands,T,T0,No evidence of primary tumor,B00053,96,80,Primary Tumor (T),formal_definition_table_candidate,Check wording/category against AJCC manual; edit only if extraction merged/split rows incorrectly.
AJCC7,Major Salivary Glands,T,T1,Tumor 2 cm or less in greatest dimension without extraparenchymal extension*,B00053,96,80,Primary Tumor (T),formal_definition_table_candidate,Check wording/category against AJCC manual; edit only if extraction merged/split rows incorrectly.
AJCC7,Major Salivary Glands,T,T2,Tumor more than 2 cm but not more than 4 cm in greatest dimension without extraparenchymal extension*,B00053,96,80,Primary Tumor (T),formal_definition_table_candidate,Check wording/category against AJCC manual; edit only if extraction merged/split rows incorrectly.
AJCC7,Major Salivary Glands,T,T3,Tumor more than 4 cm and/or tumor having extraparenchymal extension*,B00053,96,80,Primary Tumor (T),formal_definition_table_candidate,Check wording/category against AJCC manual; edit only if extraction merged/split rows incorrectly.
AJCC7,Major Salivary Glands,T,T4a,"Moderately advanced disease Tumor invades skin, mandible, ear canal, and/or facial nerve",B00053,96,80,Primary Tumor (T),formal_definition_table_candidate,Check wording/category against AJCC manual; edit only if extraction merged/split rows incorrectly.
AJCC7,Major Salivary Glands,T,T4b,Very advanced disease Tumor invades skull base and/or pterygoid plates and/or encases carotid artery * Note : Extraparenchymal extension is clinical or macroscopic evidence of invasion of soft tissues. Microscopic evidence alone does not constitute extraparenchymal extension for classifi cation purposes.,B00053,96,80,Primary Tumor (T),formal_definition_table_candidate,Check wording/category against AJCC manual; edit only if extraction merged/split rows incorrectly.
AJCC7,Major Salivary Glands,N,NX,Regional lymph nodes cannot be assessed,B00054,96,80,Regional Lymph Nodes (N),formal_definition_table_candidate,Check wording/category against AJCC manual; edit only if extraction merged/split rows incorrectly.
AJCC7,Major Salivary Glands,N,N0,No regional lymph node metastasis,B00054,96,80,Regional Lymph Nodes (N),formal_definition_table_candidate,Check wording/category against AJCC manual; edit only if extraction merged/split rows incorrectly.
AJCC7,Major Salivary Glands,N,N1,"Metastasis in a single ipsilateral lymph node, 3 cm or less in greatest dimension",B00054,96,80,Regional Lymph Nodes (N),formal_definition_table_candidate,Check wording/category against AJCC manual; edit only if extraction merged/split rows incorrectly.
AJCC7,Major Salivary Glands,N,N2,"Metastasis in a single ipsilateral lymph node, more than 3 cm but not more than 6 cm in great- est dimension, or in multiple ipsilateral lymph nodes, none more than 6 cm in greatest dimen- sion, or in bilateral or contralateral lymph nodes, none more than 6 cm in greatest dimension",B00054,96,80,Regional Lymph Nodes (N),formal_definition_table_candidate,Check wording/category against AJCC manual; edit only if extraction merged/split rows incorrectly.
AJCC7,Major Salivary Glands,N,N2a,"Metastasis in a single ipsilateral lymph node, more than 3 cm but not more than 6 cm in great- est dimension",B00054,96,80,Regional Lymph Nodes (N),formal_definition_table_candidate,Check wording/category against AJCC manual; edit only if extraction merged/split rows incorrectly.
AJCC7,Major Salivary Glands,N,N2b,"Metastasis in multiple ipsilateral lymph nodes, none more than 6 cm in greatest dimension",B00054,96,80,Regional Lymph Nodes (N),formal_definition_table_candidate,Check wording/category against AJCC manual; edit only if extraction merged/split rows incorrectly.
AJCC7,Major Salivary Glands,N,N2c,"Metastasis in bilateral or contralateral lymph nodes, none more than 6 cm in greatest dimension",B00054,96,80,Regional Lymph Nodes (N),formal_definition_table_candidate,Check wording/category against AJCC manual; edit only if extraction merged/split rows incorrectly.
AJCC7,Major Salivary Glands,N,N3,"Metastasis in a lymph node, more than 6 cm in greatest dimension",B00054,96,80,Regional Lymph Nodes (N),formal_definition_table_candidate,Check wording/category against AJCC manual; edit only if extraction merged/split rows incorrectly.
AJCC7,Major Salivary Glands,T,T4b,NX N0 N1 N2 N2a N2b N2c N3,B00057,99,83,PRIMARY TUMOR (T),formal_definition_table_candidate,Check wording/category against AJCC manual; edit only if extraction merged/split rows incorrectly.
AJCC7,Major Salivary Glands,N,N3,M0 M1,B00058,99,83,REGIONAL LYMPH NODES (N),formal_definition_table_candidate,Check wording/category against AJCC manual; edit only if extraction merged/split rows incorrectly.
AJCC7,Thyroid,T,TX,Primary tumor cannot be assessed,B00064,105,89,Primary Tumor (T),formal_definition_table_candidate,Check wording/category against AJCC manual; edit only if extraction merged/split rows incorrectly.
AJCC7,Thyroid,T,T0,No evidence of primary tumor,B00064,105,89,Primary Tumor (T),formal_definition_table_candidate,Check wording/category against AJCC manual; edit only if extraction merged/split rows incorrectly.
AJCC7,Thyroid,T,T1,Tumor 2 cm or less in greatest dimension limited to the thyroid,B00064,105,89,Primary Tumor (T),formal_definition_table_candidate,Check wording/category against AJCC manual; edit only if extraction merged/split rows incorrectly.
AJCC7,Thyroid,T,T1a,"Tumor 1 cm or less, limited to the thyroid",B00064,105,89,Primary Tumor (T),formal_definition_table_candidate,Check wording/category against AJCC manual; edit only if extraction merged/split rows incorrectly.
AJCC7,Thyroid,T,T1b,"Tumor more than 1 cm but not more than 2 cm in greatest dimension, limited to the thyroid",B00064,105,89,Primary Tumor (T),formal_definition_table_candidate,Check wording/category against AJCC manual; edit only if extraction merged/split rows incorrectly.
AJCC7,Thyroid,T,T2,Tumor more than 2 cm but not more than 4 cm in greatest dimension limited to the thyroid,B00064,105,89,Primary Tumor (T),formal_definition_table_candidate,Check wording/category against AJCC manual; edit only if extraction merged/split rows incorrectly.
AJCC7,Thyroid,T,T3,"Tumor more than 4 cm in greatest dimension limited to the thyroid or any tumor with minimal extrathyroid extension (e.g., extension to ster- nothyroid muscle or perithyroid soft tissues)",B00064,105,89,Primary Tumor (T),formal_definition_table_candidate,Check wording/category against AJCC manual; edit only if extraction merged/split rows incorrectly.
AJCC7,Thyroid,T,T4a,"Moderately advanced disease Tumor of any size extending beyond the thyroid capsule to invade subcutaneous soft tissues, larynx, trachea, esophagus, or recurrent laryngeal nerve",B00064,105,89,Primary Tumor (T),formal_definition_table_candidate,Check wording/category against AJCC manual; edit only if extraction merged/split rows incorrectly.
AJCC7,Thyroid,T,T4b,Very advanced disease Tumor invades prevertebral fascia or encases carotid artery or mediastinal vessels All anaplastic carcinomas are considered T4 tumors,B00064,105,89,Primary Tumor (T),formal_definition_table_candidate,Check wording/category against AJCC manual; edit only if extraction merged/split rows incorrectly.
AJCC7,Thyroid,T,T4a,Intrathyroidal anaplastic carcinoma,B00064,105,89,Primary Tumor (T),formal_definition_table_candidate,Check wording/category against AJCC manual; edit only if extraction merged/split rows incorrectly.
AJCC7,Thyroid,T,T4b,Anaplastic carcinoma with gross extrathyroid extension,B00064,105,89,Primary Tumor (T),formal_definition_table_candidate,Check wording/category against AJCC manual; edit only if extraction merged/split rows incorrectly.
AJCC7,Thyroid,N,NX,Regional lymph nodes cannot be assessed,B00065,105,89,Regional Lymph Nodes (N),formal_definition_table_candidate,Check wording/category against AJCC manual; edit only if extraction merged/split rows incorrectly.
AJCC7,Thyroid,N,N0,No regional lymph node metastasis,B00065,105,89,Regional Lymph Nodes (N),formal_definition_table_candidate,Check wording/category against AJCC manual; edit only if extraction merged/split rows incorrectly.
AJCC7,Thyroid,N,N1,Regional lymph node metastasis,B00065,105,89,Regional Lymph Nodes (N),formal_definition_table_candidate,Check wording/category against AJCC manual; edit only if extraction merged/split rows incorrectly.
AJCC7,Thyroid,N,N1a,"Metastasis to Level VI (pretracheal, paratracheal, and prelaryngeal/Delphian lymph nodes)",B00065,105,89,Regional Lymph Nodes (N),formal_definition_table_candidate,Check wording/category against AJCC manual; edit only if extraction merged/split rows incorrectly.
AJCC7,Thyroid,N,N1b,"Metastasis to unilateral, bilateral, or contralateral cervical (Levels I, II, III, IV, or V) or retropharyngeal or superior mediastinal lymph nodes (Level VII)",B00065,105,89,Regional Lymph Nodes (N),formal_definition_table_candidate,Check wording/category against AJCC manual; edit only if extraction merged/split rows incorrectly.
AJCC7,Thyroid,G,GX,Grade cannot be assessed,B00067,106,90,HISTOLOGIC GRADE (G),formal_definition_table_candidate,Check wording/category against AJCC manual; edit only if extraction merged/split rows incorrectly.
AJCC7,Thyroid,G,G1,Well differentiated,B00067,106,90,HISTOLOGIC GRADE (G),formal_definition_table_candidate,Check wording/category against AJCC manual; edit only if extraction merged/split rows incorrectly.
AJCC7,Thyroid,G,G2,Moderately differentiated,B00067,106,90,HISTOLOGIC GRADE (G),formal_definition_table_candidate,Check wording/category against AJCC manual; edit only if extraction merged/split rows incorrectly.
AJCC7,Thyroid,G,G3,Poorly differentiated,B00067,106,90,HISTOLOGIC GRADE (G),formal_definition_table_candidate,Check wording/category against AJCC manual; edit only if extraction merged/split rows incorrectly.
AJCC7,Thyroid,G,G4,"Undifferentiated FIGURE 8.1. ( A ) Five-year, observed survival by “combined” AJCC stage for papillary adenocarcinoma of the thyroid gland, 1998-1999. (95% confi dence intervals correspond to year-5",B00067,106,90,HISTOLOGIC GRADE (G),formal_definition_table_candidate,Check wording/category against AJCC manual; edit only if extraction merged/split rows incorrectly.
AJCC7,Thyroid,T,T4b,NX N0 N1 N1a N1b,B00068,109,93,PRIMARY TUMOR (T),formal_definition_table_candidate,Check wording/category against AJCC manual; edit only if extraction merged/split rows incorrectly.
AJCC7,Thyroid,N,N1b,M0 M1,B00069,109,93,REGIONAL LYMPH NODES (N),formal_definition_table_candidate,Check wording/category against AJCC manual; edit only if extraction merged/split rows incorrectly.
AJCC7,Mucosal Melanoma of the Head and Neck,G,GX,Grade cannot be assessed,B00075,114,98,HISTOLOGIC GRADE (G),formal_definition_table_candidate,Check wording/category against AJCC manual; edit only if extraction merged/split rows incorrectly.
AJCC7,Mucosal Melanoma of the Head and Neck,G,G1,Well differentiated,B00075,114,98,HISTOLOGIC GRADE (G),formal_definition_table_candidate,Check wording/category against AJCC manual; edit only if extraction merged/split rows incorrectly.
AJCC7,Mucosal Melanoma of the Head and Neck,G,G2,Moderately differentiated,B00075,114,98,HISTOLOGIC GRADE (G),formal_definition_table_candidate,Check wording/category against AJCC manual; edit only if extraction merged/split rows incorrectly.
AJCC7,Mucosal Melanoma of the Head and Neck,G,G3,Poorly differentiated,B00075,114,98,HISTOLOGIC GRADE (G),formal_definition_table_candidate,Check wording/category against AJCC manual; edit only if extraction merged/split rows incorrectly.
AJCC7,Mucosal Melanoma of the Head and Neck,G,G4,"Undifferentiated BIBLIOGRAPHY Medina JE, Ferlito A, Pellitteri PK, Shaha AR, Khafi f A, Devaney KO, et al. Current management of mucosal melanoma of the head and neck. J Surg Oncol. 2003;83:116-22. Patel SG, Prasad ML, Escrig M, Singh B, Shaha AR, Kraus DH, et al. Primary mucosal malignant melanoma of the head and neck. Head Neck. 2002;24:247-57. Temam S, Mamelle G, Marandas P, Wibault P, Avril MF, Janot F, et al. Postoperative radiotherapy for primary mucosal mela- noma of the head and neck. Cancer. 2005;103:313-9. Teppo H, Kervinen J, Koivunen P, Alho OP. Incidence and out- come of head and neck mucosal melanoma - a population- based survey from Northern Finland. Int J Circumpolar Health. 2006;65:443-7. In order to view this proof accurately, the Overprint Preview Option must be set to Always in Acrobat Professional or Adobe Reader. Please contact your Customer Service Representative if you have questions about finding this option. Job Name: -- /381449t",B00075,114,98,HISTOLOGIC GRADE (G),formal_definition_table_candidate,Check wording/category against AJCC manual; edit only if extraction merged/split rows incorrectly.
AJCC7,Mucosal Melanoma of the Head and Neck,T,T4b,NX N0 N1,B00076,115,99,PRIMARY TUMOR (T),formal_definition_table_candidate,Check wording/category against AJCC manual; edit only if extraction merged/split rows incorrectly.
AJCC7,Mucosal Melanoma of the Head and Neck,N,N1,M0 M1,B00077,115,99,REGIONAL LYMPH NODES (N),formal_definition_table_candidate,Check wording/category against AJCC manual; edit only if extraction merged/split rows incorrectly.
AJCC7,Mucosal Melanoma of the Head and Neck,M,M1,GROUP T N M III T3 N0,B00078,115,99,DISTANT METASTASIS (M),formal_definition_table_candidate,Check wording/category against AJCC manual; edit only if extraction merged/split rows incorrectly.
AJCC7,Mucosal Melanoma of the Head and Neck,M,M0,IVA T4a N0,B00078,115,99,DISTANT METASTASIS (M),formal_definition_table_candidate,Check wording/category against AJCC manual; edit only if extraction merged/split rows incorrectly.
AJCC7,Mucosal Melanoma of the Head and Neck,M,M0,T3-T4a N1,B00078,115,99,DISTANT METASTASIS (M),formal_definition_table_candidate,Check wording/category against AJCC manual; edit only if extraction merged/split rows incorrectly.
AJCC7,Mucosal Melanoma of the Head and Neck,M,M0,IVB T4b Any N,B00078,115,99,DISTANT METASTASIS (M),formal_definition_table_candidate,Check wording/category against AJCC manual; edit only if extraction merged/split rows incorrectly.
AJCC7,Mucosal Melanoma of the Head and Neck,M,M0,IVC Any T Any N,B00078,115,99,DISTANT METASTASIS (M),formal_definition_table_candidate,Check wording/category against AJCC manual; edit only if extraction merged/split rows incorrectly.
AJCC7,Mucosal Melanoma of the Head and Neck,M,M1,PATHOLOGIC GROUP T N M III T3 N0,B00078,115,99,DISTANT METASTASIS (M),formal_definition_table_candidate,Check wording/category against AJCC manual; edit only if extraction merged/split rows incorrectly.
AJCC7,Mucosal Melanoma of the Head and Neck,M,M1,Stage unknown Stage unknown,B00078,115,99,DISTANT METASTASIS (M),formal_definition_table_candidate,Check wording/category against AJCC manual; edit only if extraction merged/split rows incorrectly.
AJCC7,Esophagus and Esophagogastric Junction,T,TX,Primary tumor cannot be assessed,B00083,125,109,Primary Tumor (T)**,formal_definition_table_candidate,Check wording/category against AJCC manual; edit only if extraction merged/split rows incorrectly.
AJCC7,Esophagus and Esophagogastric Junction,T,T0,No evidence of primary tumor,B00083,125,109,Primary Tumor (T)**,formal_definition_table_candidate,Check wording/category against AJCC manual; edit only if extraction merged/split rows incorrectly.
AJCC7,Esophagus and Esophagogastric Junction,T,Tis,High-grade dysplasia***,B00083,125,109,Primary Tumor (T)**,formal_definition_table_candidate,Check wording/category against AJCC manual; edit only if extraction merged/split rows incorrectly.
AJCC7,Esophagus and Esophagogastric Junction,T,T1,"Tumor invades lamina propria, muscularis mucosae, or submucosa",B00083,125,109,Primary Tumor (T)**,formal_definition_table_candidate,Check wording/category against AJCC manual; edit only if extraction merged/split rows incorrectly.
AJCC7,Esophagus and Esophagogastric Junction,T,T1a,Tumor invades lamina propria or muscularis mucosae,B00083,125,109,Primary Tumor (T)**,formal_definition_table_candidate,Check wording/category against AJCC manual; edit only if extraction merged/split rows incorrectly.
AJCC7,Esophagus and Esophagogastric Junction,T,T1b,Tumor invades submucosa,B00083,125,109,Primary Tumor (T)**,formal_definition_table_candidate,Check wording/category against AJCC manual; edit only if extraction merged/split rows incorrectly.
AJCC7,Esophagus and Esophagogastric Junction,T,T2,Tumor invades muscularis propria,B00083,125,109,Primary Tumor (T)**,formal_definition_table_candidate,Check wording/category against AJCC manual; edit only if extraction merged/split rows incorrectly.
AJCC7,Esophagus and Esophagogastric Junction,T,T3,Tumor invades adventitia,B00083,125,109,Primary Tumor (T)**,formal_definition_table_candidate,Check wording/category against AJCC manual; edit only if extraction merged/split rows incorrectly.
AJCC7,Esophagus and Esophagogastric Junction,T,T4,Tumor invades adjacent structures,B00083,125,109,Primary Tumor (T)**,formal_definition_table_candidate,Check wording/category against AJCC manual; edit only if extraction merged/split rows incorrectly.
AJCC7,Esophagus and Esophagogastric Junction,T,T4a,"Resectable tumor invading pleura, pericardium, or diaphragm",B00083,125,109,Primary Tumor (T)**,formal_definition_table_candidate,Check wording/category against AJCC manual; edit only if extraction merged/split rows incorrectly.
AJCC7,Esophagus and Esophagogastric Junction,T,T4b,"Unresectable tumor invading other adjacent struc- tures, such as aorta, vertebral body, trachea, etc. * See Figure 10.5 . ** (1) At least maximal dimension of the tumor must be recorded and (2) multiple tumors require the T(m) suffi x. *** High-grade dysplasia includes all noninvasive neoplastic epithelia that was formerly called carcinoma in situ, a diag- nosis that is no longer used for columnar mucosae anywhere in the gastrointestinal tract.",B00083,125,109,Primary Tumor (T)**,formal_definition_table_candidate,Check wording/category against AJCC manual; edit only if extraction merged/split rows incorrectly.
AJCC7,Esophagus and Esophagogastric Junction,N,NX,Regional lymph nodes cannot be assessed,B00084,125,109,Regional Lymph Nodes (N)*,formal_definition_table_candidate,Check wording/category against AJCC manual; edit only if extraction merged/split rows incorrectly.
AJCC7,Esophagus and Esophagogastric Junction,N,N0,No regional lymph node metastasis,B00084,125,109,Regional Lymph Nodes (N)*,formal_definition_table_candidate,Check wording/category against AJCC manual; edit only if extraction merged/split rows incorrectly.
AJCC7,Esophagus and Esophagogastric Junction,N,N1,Metastasis in 1-2 regional lymph nodes,B00084,125,109,Regional Lymph Nodes (N)*,formal_definition_table_candidate,Check wording/category against AJCC manual; edit only if extraction merged/split rows incorrectly.
AJCC7,Esophagus and Esophagogastric Junction,N,N2,Metastasis in 3-6 regional lymph nodes,B00084,125,109,Regional Lymph Nodes (N)*,formal_definition_table_candidate,Check wording/category against AJCC manual; edit only if extraction merged/split rows incorrectly.
AJCC7,Esophagus and Esophagogastric Junction,N,N3,Metastasis in seven or more regional lymph nodes * Number must be recorded for total number of regional nodes sampled and total number of reported nodes with metastasis.,B00084,125,109,Regional Lymph Nodes (N)*,formal_definition_table_candidate,Check wording/category against AJCC manual; edit only if extraction merged/split rows incorrectly.
AJCC7,Esophagus and Esophagogastric Junction,G,GX,Grade cannot be assessed - stage grouping as G1,B00086,127,111,HISTOLOGIC GRADE (G),formal_definition_table_candidate,Check wording/category against AJCC manual; edit only if extraction merged/split rows incorrectly.
AJCC7,Esophagus and Esophagogastric Junction,G,G1,Well differentiated,B00086,127,111,HISTOLOGIC GRADE (G),formal_definition_table_candidate,Check wording/category against AJCC manual; edit only if extraction merged/split rows incorrectly.
AJCC7,Esophagus and Esophagogastric Junction,G,G2,Moderately differentiated,B00086,127,111,HISTOLOGIC GRADE (G),formal_definition_table_candidate,Check wording/category against AJCC manual; edit only if extraction merged/split rows incorrectly.
AJCC7,Esophagus and Esophagogastric Junction,G,G3,Poorly differentiated,B00086,127,111,HISTOLOGIC GRADE (G),formal_definition_table_candidate,Check wording/category against AJCC manual; edit only if extraction merged/split rows incorrectly.
AJCC7,Esophagus and Esophagogastric Junction,G,G4,Undifferentiated - stage grouping as G3 squamous,B00086,127,111,HISTOLOGIC GRADE (G),formal_definition_table_candidate,Check wording/category against AJCC manual; edit only if extraction merged/split rows incorrectly.
AJCC7,Esophagus and Esophagogastric Junction,T,T4b,NX N0 N1 N2 N3,B00087,129,113,PRIMARY TUMOR (T),formal_definition_table_candidate,Check wording/category against AJCC manual; edit only if extraction merged/split rows incorrectly.
AJCC7,Esophagus and Esophagogastric Junction,N,N3,M0 M1,B00088,129,113,REGIONAL LYMPH NODES (N),formal_definition_table_candidate,Check wording/category against AJCC manual; edit only if extraction merged/split rows incorrectly.
AJCC7,Esophagus and Esophagogastric Junction,M,M1,Squamous Cell Carcinoma* GROUP T N M Grade Tumor Location** Tumor Location** 0 Tis (HGD) N0,B00089,129,113,DISTANT METASTASIS (M),formal_definition_table_candidate,Check wording/category against AJCC manual; edit only if extraction merged/split rows incorrectly.
AJCC7,Esophagus and Esophagogastric Junction,M,M0,1 Any IA T1 N0,B00089,129,113,DISTANT METASTASIS (M),formal_definition_table_candidate,Check wording/category against AJCC manual; edit only if extraction merged/split rows incorrectly.
AJCC7,Esophagus and Esophagogastric Junction,M,M0,"1, X Any IB T1 N0",B00089,129,113,DISTANT METASTASIS (M),formal_definition_table_candidate,Check wording/category against AJCC manual; edit only if extraction merged/split rows incorrectly.
AJCC7,Esophagus and Esophagogastric Junction,M,M0,2-3 Any T2-3 N0,B00089,129,113,DISTANT METASTASIS (M),formal_definition_table_candidate,Check wording/category against AJCC manual; edit only if extraction merged/split rows incorrectly.
AJCC7,Esophagus and Esophagogastric Junction,M,M0,"1, X Lower, X IIA T2-3 N0",B00089,129,113,DISTANT METASTASIS (M),formal_definition_table_candidate,Check wording/category against AJCC manual; edit only if extraction merged/split rows incorrectly.
AJCC7,Esophagus and Esophagogastric Junction,M,M0,"1, X Upper, middle T2-3 N0",B00089,129,113,DISTANT METASTASIS (M),formal_definition_table_candidate,Check wording/category against AJCC manual; edit only if extraction merged/split rows incorrectly.
AJCC7,Esophagus and Esophagogastric Junction,M,M0,"2-3 Lower, X IIB T2-3 N0",B00089,129,113,DISTANT METASTASIS (M),formal_definition_table_candidate,Check wording/category against AJCC manual; edit only if extraction merged/split rows incorrectly.
AJCC7,Esophagus and Esophagogastric Junction,M,M0,"2-3 Upper, middle T1-2 N1",B00089,129,113,DISTANT METASTASIS (M),formal_definition_table_candidate,Check wording/category against AJCC manual; edit only if extraction merged/split rows incorrectly.
AJCC7,Esophagus and Esophagogastric Junction,M,M0,Any Any IIIA T1-2 N2,B00089,129,113,DISTANT METASTASIS (M),formal_definition_table_candidate,Check wording/category against AJCC manual; edit only if extraction merged/split rows incorrectly.
AJCC7,Esophagus and Esophagogastric Junction,M,M0,Any Any T3 N1,B00089,129,113,DISTANT METASTASIS (M),formal_definition_table_candidate,Check wording/category against AJCC manual; edit only if extraction merged/split rows incorrectly.
AJCC7,Esophagus and Esophagogastric Junction,M,M0,Any Any T4a N0,B00089,129,113,DISTANT METASTASIS (M),formal_definition_table_candidate,Check wording/category against AJCC manual; edit only if extraction merged/split rows incorrectly.
AJCC7,Esophagus and Esophagogastric Junction,M,M0,Any Any IIIB T3 N2,B00089,129,113,DISTANT METASTASIS (M),formal_definition_table_candidate,Check wording/category against AJCC manual; edit only if extraction merged/split rows incorrectly.
AJCC7,Esophagus and Esophagogastric Junction,M,M0,Any Any IIIC T4a N1-2,B00089,129,113,DISTANT METASTASIS (M),formal_definition_table_candidate,Check wording/category against AJCC manual; edit only if extraction merged/split rows incorrectly.
AJCC7,Esophagus and Esophagogastric Junction,M,M0,Any Any T4b Any,B00089,129,113,DISTANT METASTASIS (M),formal_definition_table_candidate,Check wording/category against AJCC manual; edit only if extraction merged/split rows incorrectly.
AJCC7,Esophagus and Esophagogastric Junction,M,M0,Any Any Any N3,B00089,129,113,DISTANT METASTASIS (M),formal_definition_table_candidate,Check wording/category against AJCC manual; edit only if extraction merged/split rows incorrectly.
AJCC7,Esophagus and Esophagogastric Junction,M,M0,Any Any IV Any Any,B00089,129,113,DISTANT METASTASIS (M),formal_definition_table_candidate,Check wording/category against AJCC manual; edit only if extraction merged/split rows incorrectly.
AJCC7,Esophagus and Esophagogastric Junction,M,M1,Any Any PATHOLOGIC Squamous Cell Carcinoma* GROUP T N M Grade 0 Tis (HGD) N0,B00089,129,113,DISTANT METASTASIS (M),formal_definition_table_candidate,Check wording/category against AJCC manual; edit only if extraction merged/split rows incorrectly.
AJCC7,Stomach,T,TX,Primary tumor cannot be assessed,B00093,136,120,Primary Tumor (T),formal_definition_table_candidate,Check wording/category against AJCC manual; edit only if extraction merged/split rows incorrectly.
AJCC7,Stomach,T,T0,No evidence of primary tumor,B00093,136,120,Primary Tumor (T),formal_definition_table_candidate,Check wording/category against AJCC manual; edit only if extraction merged/split rows incorrectly.
AJCC7,Stomach,T,Tis,Carcinoma in situ: intraepithelial tumor without invasion of the lamina propria,B00093,136,120,Primary Tumor (T),formal_definition_table_candidate,Check wording/category against AJCC manual; edit only if extraction merged/split rows incorrectly.
AJCC7,Stomach,T,T1,"Tumor invades lamina propria, muscularis mucosae, or submucosa",B00093,136,120,Primary Tumor (T),formal_definition_table_candidate,Check wording/category against AJCC manual; edit only if extraction merged/split rows incorrectly.
AJCC7,Stomach,T,T1a,Tumor invades lamina propria or muscularis mucosae,B00093,136,120,Primary Tumor (T),formal_definition_table_candidate,Check wording/category against AJCC manual; edit only if extraction merged/split rows incorrectly.
AJCC7,Stomach,T,T1b,Tumor invades submucosa,B00093,136,120,Primary Tumor (T),formal_definition_table_candidate,Check wording/category against AJCC manual; edit only if extraction merged/split rows incorrectly.
AJCC7,Stomach,T,T2,Tumor invades muscularis propria*,B00093,136,120,Primary Tumor (T),formal_definition_table_candidate,Check wording/category against AJCC manual; edit only if extraction merged/split rows incorrectly.
AJCC7,Stomach,T,T3,"Tumor penetrates subserosal connective tissue without invasion of visceral peritoneum or adjacent structures**,***",B00093,136,120,Primary Tumor (T),formal_definition_table_candidate,Check wording/category against AJCC manual; edit only if extraction merged/split rows incorrectly.
AJCC7,Stomach,T,T4,"Tumor invades serosa (visceral peritoneum) or adjacent structures**,***",B00093,136,120,Primary Tumor (T),formal_definition_table_candidate,Check wording/category against AJCC manual; edit only if extraction merged/split rows incorrectly.
AJCC7,Stomach,T,T4a,Tumor invades serosa (visceral peritoneum),B00093,136,120,Primary Tumor (T),formal_definition_table_candidate,Check wording/category against AJCC manual; edit only if extraction merged/split rows incorrectly.
AJCC7,Stomach,T,T4b,"Tumor invades adjacent structures * Note : A tumor may penetrate the muscularis propria with extension into the gastrocolic or gastrohepatic ligaments, or into the greater or lesser omentum, without perforation of the visceral peritoneum covering these structures. In this case, the tumor is classifi ed T3. If there is perforation of the visceral peritoneum covering the gastric ligaments or the omentum, the tumor should be classifi ed T4. ** The adjacent structures of the stomach include the spleen, transverse colon, liver, diaphragm, pancreas, abdominal wall, adrenal gland, kidney, small intestine, and retroperitoneum. *** Intramural extension to the duodenum or esophagus is classifi ed by the depth of the greatest invasion in any of these sites, including the stomach.",B00093,136,120,Primary Tumor (T),formal_definition_table_candidate,Check wording/category against AJCC manual; edit only if extraction merged/split rows incorrectly.
AJCC7,Stomach,N,NX,Regional lymph node(s) cannot be assessed,B00094,136,120,Regional Lymph Nodes (N),formal_definition_table_candidate,Check wording/category against AJCC manual; edit only if extraction merged/split rows incorrectly.
AJCC7,Stomach,N,N0,No regional lymph node metastasis*,B00094,136,120,Regional Lymph Nodes (N),formal_definition_table_candidate,Check wording/category against AJCC manual; edit only if extraction merged/split rows incorrectly.
AJCC7,Stomach,N,N1,Metastasis in 1-2 regional lymph nodes,B00094,136,120,Regional Lymph Nodes (N),formal_definition_table_candidate,Check wording/category against AJCC manual; edit only if extraction merged/split rows incorrectly.
AJCC7,Stomach,N,N2,Metastasis in 3-6 regional lymph nodes,B00094,136,120,Regional Lymph Nodes (N),formal_definition_table_candidate,Check wording/category against AJCC manual; edit only if extraction merged/split rows incorrectly.
AJCC7,Stomach,N,N3,Metastasis in seven or more regional lymph nodes,B00094,136,120,Regional Lymph Nodes (N),formal_definition_table_candidate,Check wording/category against AJCC manual; edit only if extraction merged/split rows incorrectly.
AJCC7,Stomach,N,N3a,Metastasis in 7-15 regional lymph nodes,B00094,136,120,Regional Lymph Nodes (N),formal_definition_table_candidate,Check wording/category against AJCC manual; edit only if extraction merged/split rows incorrectly.
AJCC7,Stomach,N,N3b,"Metastasis in 16 or more regional lymph nodes * Note : A designation of pN0 should be used if all examined lymph nodes are negative, regardless of the total number removed and examined.",B00094,136,120,Regional Lymph Nodes (N),formal_definition_table_candidate,Check wording/category against AJCC manual; edit only if extraction merged/split rows incorrectly.
AJCC7,Stomach,G,GX,Grade cannot be assessed,B00096,136,120,HISTOLOGIC GRADE (G),formal_definition_table_candidate,Check wording/category against AJCC manual; edit only if extraction merged/split rows incorrectly.
AJCC7,Stomach,G,G1,Well differentiated,B00096,136,120,HISTOLOGIC GRADE (G),formal_definition_table_candidate,Check wording/category against AJCC manual; edit only if extraction merged/split rows incorrectly.
AJCC7,Stomach,G,G2,Moderately differentiated,B00096,136,120,HISTOLOGIC GRADE (G),formal_definition_table_candidate,Check wording/category against AJCC manual; edit only if extraction merged/split rows incorrectly.
AJCC7,Stomach,G,G3,Poorly differentiated,B00096,136,120,HISTOLOGIC GRADE (G),formal_definition_table_candidate,Check wording/category against AJCC manual; edit only if extraction merged/split rows incorrectly.
AJCC7,Stomach,G,G4,"Undifferentiated In order to view this proof accurately, the Overprint Preview Option must be set to Always in Acrobat Professional or Adobe Reader. Please contact your Customer Service Representative if you have questions about finding this option. Job Name: -- /381449t",B00096,136,120,HISTOLOGIC GRADE (G),formal_definition_table_candidate,Check wording/category against AJCC manual; edit only if extraction merged/split rows incorrectly.
AJCC7,Stomach,T,T4b,NX N0 N1 N2 N3,B00097,139,123,PRIMARY TUMOR (T),formal_definition_table_candidate,Check wording/category against AJCC manual; edit only if extraction merged/split rows incorrectly.
AJCC7,Stomach,N,N3a,Metastasis in 7 to15 regional lymph nodes,B00098,139,123,REGIONAL LYMPH NODES (N),formal_definition_table_candidate,Check wording/category against AJCC manual; edit only if extraction merged/split rows incorrectly.
AJCC7,Stomach,N,N3b,Metastasis in 16 or more regional lymph nodes,B00098,139,123,REGIONAL LYMPH NODES (N),formal_definition_table_candidate,Check wording/category against AJCC manual; edit only if extraction merged/split rows incorrectly.
AJCC7,Stomach,N,N3b,M0 M1,B00098,139,123,REGIONAL LYMPH NODES (N),formal_definition_table_candidate,Check wording/category against AJCC manual; edit only if extraction merged/split rows incorrectly.
AJCC7,Small Intestine,T,TX,Primary tumor cannot be assessed,B00102,145,129,Primary Tumor (T),formal_definition_table_candidate,Check wording/category against AJCC manual; edit only if extraction merged/split rows incorrectly.
AJCC7,Small Intestine,T,T0,No evidence of primary tumor,B00102,145,129,Primary Tumor (T),formal_definition_table_candidate,Check wording/category against AJCC manual; edit only if extraction merged/split rows incorrectly.
AJCC7,Small Intestine,T,Tis,Carcinoma in situ,B00102,145,129,Primary Tumor (T),formal_definition_table_candidate,Check wording/category against AJCC manual; edit only if extraction merged/split rows incorrectly.
AJCC7,Small Intestine,T,T1a,Tumor invades lamina propria,B00102,145,129,Primary Tumor (T),formal_definition_table_candidate,Check wording/category against AJCC manual; edit only if extraction merged/split rows incorrectly.
AJCC7,Small Intestine,T,T1b,Tumor invades submucosa*,B00102,145,129,Primary Tumor (T),formal_definition_table_candidate,Check wording/category against AJCC manual; edit only if extraction merged/split rows incorrectly.
AJCC7,Small Intestine,T,T2,Tumor invades muscularis propria,B00102,145,129,Primary Tumor (T),formal_definition_table_candidate,Check wording/category against AJCC manual; edit only if extraction merged/split rows incorrectly.
AJCC7,Small Intestine,T,T3,Tumor invades through the muscularis propria into the subserosa or into the nonperitonealized perimuscular tissue (mesentery or retroperito- neum) with extension 2 cm or less*,B00102,145,129,Primary Tumor (T),formal_definition_table_candidate,Check wording/category against AJCC manual; edit only if extraction merged/split rows incorrectly.
AJCC7,Small Intestine,T,T4,"Tumor perforates the visceral peritoneum or directly invades other organs or structures (includes other loops of small intestine, mesen- tery, or retroperitoneum more than 2 cm, and abdominal wall by way of serosa; for duodenum only, invasion of pancreas or bile duct) * Note : The nonperitonealized perimuscular tissue is, for jejunum and ileum, part of the mesentery and, for duodenum in areas where serosa is lacking, part of the interface with the pancreas.",B00102,145,129,Primary Tumor (T),formal_definition_table_candidate,Check wording/category against AJCC manual; edit only if extraction merged/split rows incorrectly.
AJCC7,Small Intestine,N,NX,Regional lymph nodes cannot be assessed,B00103,145,129,Regional Lymph Nodes (N),formal_definition_table_candidate,Check wording/category against AJCC manual; edit only if extraction merged/split rows incorrectly.
AJCC7,Small Intestine,N,N0,No regional lymph node metastasis,B00103,145,129,Regional Lymph Nodes (N),formal_definition_table_candidate,Check wording/category against AJCC manual; edit only if extraction merged/split rows incorrectly.
AJCC7,Small Intestine,N,N1,Metastasis in 1-3 regional lymph nodes,B00103,145,129,Regional Lymph Nodes (N),formal_definition_table_candidate,Check wording/category against AJCC manual; edit only if extraction merged/split rows incorrectly.
AJCC7,Small Intestine,N,N2,Metastasis in four or more regional lymph nodes,B00103,145,129,Regional Lymph Nodes (N),formal_definition_table_candidate,Check wording/category against AJCC manual; edit only if extraction merged/split rows incorrectly.
AJCC7,Small Intestine,G,GX,Grade cannot be assessed,B00105,145,129,HISTOLOGIC GRADE (G),formal_definition_table_candidate,Check wording/category against AJCC manual; edit only if extraction merged/split rows incorrectly.
AJCC7,Small Intestine,G,G1,Well differentiated,B00105,145,129,HISTOLOGIC GRADE (G),formal_definition_table_candidate,Check wording/category against AJCC manual; edit only if extraction merged/split rows incorrectly.
AJCC7,Small Intestine,G,G2,Moderately differentiated,B00105,145,129,HISTOLOGIC GRADE (G),formal_definition_table_candidate,Check wording/category against AJCC manual; edit only if extraction merged/split rows incorrectly.
AJCC7,Small Intestine,G,G3,Poorly differentiated,B00105,145,129,HISTOLOGIC GRADE (G),formal_definition_table_candidate,Check wording/category against AJCC manual; edit only if extraction merged/split rows incorrectly.
AJCC7,Small Intestine,G,G4,Undifferentiated,B00105,145,129,HISTOLOGIC GRADE (G),formal_definition_table_candidate,Check wording/category against AJCC manual; edit only if extraction merged/split rows incorrectly.
AJCC7,Small Intestine,T,T4,NX N0 N1 N2,B00106,147,131,PRIMARY TUMOR (T),formal_definition_table_candidate,Check wording/category against AJCC manual; edit only if extraction merged/split rows incorrectly.
AJCC7,Small Intestine,N,N2,M0 M1,B00107,147,131,REGIONAL LYMPH NODES (N),formal_definition_table_candidate,Check wording/category against AJCC manual; edit only if extraction merged/split rows incorrectly.
AJCC7,Small Intestine,M,M1,GROUP T N M 0 Tis N0,B00108,147,131,DISTANT METASTASIS (M),formal_definition_table_candidate,Check wording/category against AJCC manual; edit only if extraction merged/split rows incorrectly.
AJCC7,Small Intestine,M,M0,I T1 N0,B00108,147,131,DISTANT METASTASIS (M),formal_definition_table_candidate,Check wording/category against AJCC manual; edit only if extraction merged/split rows incorrectly.
AJCC7,Small Intestine,M,M0,T2 N0,B00108,147,131,DISTANT METASTASIS (M),formal_definition_table_candidate,Check wording/category against AJCC manual; edit only if extraction merged/split rows incorrectly.
AJCC7,Small Intestine,M,M0,IIA T3 N0,B00108,147,131,DISTANT METASTASIS (M),formal_definition_table_candidate,Check wording/category against AJCC manual; edit only if extraction merged/split rows incorrectly.
AJCC7,Small Intestine,M,M0,IIB T4 N0,B00108,147,131,DISTANT METASTASIS (M),formal_definition_table_candidate,Check wording/category against AJCC manual; edit only if extraction merged/split rows incorrectly.
AJCC7,Small Intestine,M,M0,IIIA Any T N1,B00108,147,131,DISTANT METASTASIS (M),formal_definition_table_candidate,Check wording/category against AJCC manual; edit only if extraction merged/split rows incorrectly.
AJCC7,Small Intestine,M,M0,IIIB Any T N2,B00108,147,131,DISTANT METASTASIS (M),formal_definition_table_candidate,Check wording/category against AJCC manual; edit only if extraction merged/split rows incorrectly.
AJCC7,Small Intestine,M,M0,IV Any T Any N,B00108,147,131,DISTANT METASTASIS (M),formal_definition_table_candidate,Check wording/category against AJCC manual; edit only if extraction merged/split rows incorrectly.
AJCC7,Small Intestine,M,M1,PATHOLOGIC GROUP T N M 0 Tis N0,B00108,147,131,DISTANT METASTASIS (M),formal_definition_table_candidate,Check wording/category against AJCC manual; edit only if extraction merged/split rows incorrectly.
AJCC7,Appendix,T,TX,Primary tumor cannot be assessed,B00111,152,136,Primary Tumor (T),formal_definition_table_candidate,Check wording/category against AJCC manual; edit only if extraction merged/split rows incorrectly.
AJCC7,Appendix,T,T0,No evidence of primary tumor,B00111,152,136,Primary Tumor (T),formal_definition_table_candidate,Check wording/category against AJCC manual; edit only if extraction merged/split rows incorrectly.
AJCC7,Appendix,T,Tis,Carcinoma in situ: intraepithelial or invasion of lamina propria*,B00111,152,136,Primary Tumor (T),formal_definition_table_candidate,Check wording/category against AJCC manual; edit only if extraction merged/split rows incorrectly.
AJCC7,Appendix,T,T1,Tumor invades submucosa,B00111,152,136,Primary Tumor (T),formal_definition_table_candidate,Check wording/category against AJCC manual; edit only if extraction merged/split rows incorrectly.
AJCC7,Appendix,T,T2,Tumor invades muscularis propria,B00111,152,136,Primary Tumor (T),formal_definition_table_candidate,Check wording/category against AJCC manual; edit only if extraction merged/split rows incorrectly.
AJCC7,Appendix,T,T3,Tumor invades through muscularis propria into subserosa or into mesoappendix,B00111,152,136,Primary Tumor (T),formal_definition_table_candidate,Check wording/category against AJCC manual; edit only if extraction merged/split rows incorrectly.
AJCC7,Appendix,T,T4,"Tumor penetrates visceral peritoneum, including mucinous peritoneal tumor within the right lower quadrant and/or directly invades other organs or structures**,***",B00111,152,136,Primary Tumor (T),formal_definition_table_candidate,Check wording/category against AJCC manual; edit only if extraction merged/split rows incorrectly.
AJCC7,Appendix,T,T4a,"Tumor penetrates visceral peritoneum, including mucinous peritoneal tumor within the right lower quadrant",B00111,152,136,Primary Tumor (T),formal_definition_table_candidate,Check wording/category against AJCC manual; edit only if extraction merged/split rows incorrectly.
AJCC7,Appendix,T,T4b,"Tumor directly invades other organs or structures * Tis includes cancer cells confi ned within the glandular base- ment membrane (intraepithelial) or lamina propria (intra- mucosal) with no extension through muscularis mucosae into submucosa. ** Direct invasion in T4 includes invasion of other segments of the colorectum by way of the serosa, e.g., invasion of ileum. *** Tumor that is adherent to other organs or structures, grossly, is classifi ed cT4b. However, if no tumor is present in the adhesion, microscopically, the classifi cation should be pT1-3 depending on the anatomical depth of wall invasion.",B00111,152,136,Primary Tumor (T),formal_definition_table_candidate,Check wording/category against AJCC manual; edit only if extraction merged/split rows incorrectly.
AJCC7,Appendix,N,NX,Regional lymph nodes cannot be assessed,B00112,152,136,Regional Lymph Nodes (N),formal_definition_table_candidate,Check wording/category against AJCC manual; edit only if extraction merged/split rows incorrectly.
AJCC7,Appendix,N,N0,No regional lymph node metastasis,B00112,152,136,Regional Lymph Nodes (N),formal_definition_table_candidate,Check wording/category against AJCC manual; edit only if extraction merged/split rows incorrectly.
AJCC7,Appendix,N,N1,Metastasis in 1-3 regional lymph nodes,B00112,152,136,Regional Lymph Nodes (N),formal_definition_table_candidate,Check wording/category against AJCC manual; edit only if extraction merged/split rows incorrectly.
AJCC7,Appendix,N,N2,"Metastasis in four or more regional lymph nodes Note : A satellite peritumoral nodule or tumor deposit (TD) in the periappendiceal adipose tissue of a primary carcinoma without histologic evidence of residual lymph node in the nodule may represent discontinuous spread (T3), venous inva- sion with extravascular spread (T3, V1/2), or a totally replaced lymph node (N1/2). Replaced nodes should be counted as positive nodes while discontinuous spread or venous invasion should be counted in the site-specifi c factor TD.",B00112,152,136,Regional Lymph Nodes (N),formal_definition_table_candidate,Check wording/category against AJCC manual; edit only if extraction merged/split rows incorrectly.
AJCC7,Appendix,M,M0,No distant metastasis,B00113,152,136,Distant Metastasis (M),formal_definition_table_candidate,Check wording/category against AJCC manual; edit only if extraction merged/split rows incorrectly.
AJCC7,Appendix,M,M1,Distant metastasis,B00113,152,136,Distant Metastasis (M),formal_definition_table_candidate,Check wording/category against AJCC manual; edit only if extraction merged/split rows incorrectly.
AJCC7,Appendix,M,M1a,"Intraperitoneal metastasis beyond the right lower quadrant, including pseudomyxoma peritonei",B00113,152,136,Distant Metastasis (M),formal_definition_table_candidate,Check wording/category against AJCC manual; edit only if extraction merged/split rows incorrectly.
AJCC7,Appendix,M,M1b,"Nonperitoneal metastasis pTNM Pathologic Classifi cation. The pT, pN, and pM cat- egories correspond to the T, N, and M categories. pN0. Histological examination of a regional lymphadenec- tomy specimen will ordinarily include 12 or more lymph nodes. If the lymph nodes are negative, but the number ordi- narily examined is not met, classify as pN0. Carcinoid",B00113,152,136,Distant Metastasis (M),formal_definition_table_candidate,Check wording/category against AJCC manual; edit only if extraction merged/split rows incorrectly.
AJCC7,Appendix,T,T1,Tumor 2 cm or less in greatest dimension,B00114,152,136,Primary Tumor (T),formal_definition_table_candidate,Check wording/category against AJCC manual; edit only if extraction merged/split rows incorrectly.
AJCC7,Appendix,T,T1a,Tumor 1 cm or less in greatest dimension,B00114,152,136,Primary Tumor (T),formal_definition_table_candidate,Check wording/category against AJCC manual; edit only if extraction merged/split rows incorrectly.
AJCC7,Appendix,T,T1b,Tumor more than 1 cm but not more than 2 cm,B00114,152,136,Primary Tumor (T),formal_definition_table_candidate,Check wording/category against AJCC manual; edit only if extraction merged/split rows incorrectly.
AJCC7,Appendix,T,T2,Tumor more than 2 cm but not more than 4 cm or with extension to the cecum,B00114,152,136,Primary Tumor (T),formal_definition_table_candidate,Check wording/category against AJCC manual; edit only if extraction merged/split rows incorrectly.
AJCC7,Appendix,T,T3,Tumor more than 4 cm or with extension to the ileum,B00114,152,136,Primary Tumor (T),formal_definition_table_candidate,Check wording/category against AJCC manual; edit only if extraction merged/split rows incorrectly.
AJCC7,Appendix,T,T4,"Tumor directly invades other adjacent organs or structures, e.g., abdominal wall and skeletal muscle* Note : Tumor that is adherent to other organs or structures, grossly, is classifi ed cT4. However, if no tumor is present in the adhesion, microscopically, the classifi cation should be classifi ed pT1-3 depending on the anatomical depth of wall invasion. *Penetration of the mesoappendix does not seem to be as important a prognostic factor as the size of the primary tumor and is not separately categorized.",B00114,152,136,Primary Tumor (T),formal_definition_table_candidate,Check wording/category against AJCC manual; edit only if extraction merged/split rows incorrectly.
AJCC7,Appendix,N,N1,Regional lymph node metastasis,B00115,152,136,Regional Lymph Nodes (N),formal_definition_table_candidate,Check wording/category against AJCC manual; edit only if extraction merged/split rows incorrectly.
AJCC7,Appendix,M,M1,"Distant metastasis In order to view this proof accurately, the Overprint Preview Option must be set to Always in Acrobat Professional or Adobe Reader. Please contact your Customer Service Representative if you have questions about finding this option. Job Name: -- /381449t",B00116,152,136,Distant Metastasis (M),formal_definition_table_candidate,Check wording/category against AJCC manual; edit only if extraction merged/split rows incorrectly.
AJCC7,Appendix,G,GX,Grade cannot be assessed,B00119,153,137,HISTOLOGIC GRADE (G),formal_definition_table_candidate,Check wording/category against AJCC manual; edit only if extraction merged/split rows incorrectly.
AJCC7,Appendix,G,G1,Well differentiated Mucinous low grade,B00119,153,137,HISTOLOGIC GRADE (G),formal_definition_table_candidate,Check wording/category against AJCC manual; edit only if extraction merged/split rows incorrectly.
AJCC7,Appendix,G,G2,Moderately differentiated Mucinous high grade,B00119,153,137,HISTOLOGIC GRADE (G),formal_definition_table_candidate,Check wording/category against AJCC manual; edit only if extraction merged/split rows incorrectly.
AJCC7,Appendix,G,G3,Poorly differentiated Mucinous high grade,B00119,153,137,HISTOLOGIC GRADE (G),formal_definition_table_candidate,Check wording/category against AJCC manual; edit only if extraction merged/split rows incorrectly.
AJCC7,Appendix,G,G4,"Undifferentiated Histologic grading, particularly of mucinous tumors (those with over 50% of the tumor consisting of extracellular mucus) is needed to separate stages IVA and IVB. Carcinoid. Histologic grading is not carried out for carcinoid tumors, but a mitotic count of 2-10 per 10 hpf and/or focal necrosis are features of atypical carcinoids (well-differentiated neuroendocrine carcinomas), a type seen much more com- monly in the lung than in the appendix. Goblet cell carcinoids are classified according to the carcinoma scheme.",B00119,153,137,HISTOLOGIC GRADE (G),formal_definition_table_candidate,Check wording/category against AJCC manual; edit only if extraction merged/split rows incorrectly.
AJCC7,Appendix,T,T4,NX N0 N1 N2,B00120,155,139,PRIMARY TUMOR (T),formal_definition_table_candidate,Check wording/category against AJCC manual; edit only if extraction merged/split rows incorrectly.
AJCC7,Appendix,M,M1,A NATOMIC S TAGE • P ROGNOSTIC G ROUPS Carcinoma GROUP T N M Grade 0 Tis N0,B00122,156,140,DISTANT METASTASIS (M),formal_definition_table_candidate,Check wording/category against AJCC manual; edit only if extraction merged/split rows incorrectly.
AJCC7,Appendix,M,M0,I T1 N0,B00122,156,140,DISTANT METASTASIS (M),formal_definition_table_candidate,Check wording/category against AJCC manual; edit only if extraction merged/split rows incorrectly.
AJCC7,Appendix,M,M0,T2 N0,B00122,156,140,DISTANT METASTASIS (M),formal_definition_table_candidate,Check wording/category against AJCC manual; edit only if extraction merged/split rows incorrectly.
AJCC7,Appendix,M,M0,IIA T3 N0,B00122,156,140,DISTANT METASTASIS (M),formal_definition_table_candidate,Check wording/category against AJCC manual; edit only if extraction merged/split rows incorrectly.
AJCC7,Appendix,M,M0,IIB T4a N0,B00122,156,140,DISTANT METASTASIS (M),formal_definition_table_candidate,Check wording/category against AJCC manual; edit only if extraction merged/split rows incorrectly.
AJCC7,Appendix,M,M0,IIC T4b N0,B00122,156,140,DISTANT METASTASIS (M),formal_definition_table_candidate,Check wording/category against AJCC manual; edit only if extraction merged/split rows incorrectly.
AJCC7,Appendix,M,M0,IIIA T1 N1,B00122,156,140,DISTANT METASTASIS (M),formal_definition_table_candidate,Check wording/category against AJCC manual; edit only if extraction merged/split rows incorrectly.
AJCC7,Appendix,M,M0,T2 N1,B00122,156,140,DISTANT METASTASIS (M),formal_definition_table_candidate,Check wording/category against AJCC manual; edit only if extraction merged/split rows incorrectly.
AJCC7,Appendix,M,M0,IIIB T3 N1,B00122,156,140,DISTANT METASTASIS (M),formal_definition_table_candidate,Check wording/category against AJCC manual; edit only if extraction merged/split rows incorrectly.
AJCC7,Appendix,M,M0,T4 N1,B00122,156,140,DISTANT METASTASIS (M),formal_definition_table_candidate,Check wording/category against AJCC manual; edit only if extraction merged/split rows incorrectly.
AJCC7,Appendix,M,M0,IIIC Any T N2,B00122,156,140,DISTANT METASTASIS (M),formal_definition_table_candidate,Check wording/category against AJCC manual; edit only if extraction merged/split rows incorrectly.
AJCC7,Appendix,M,M0,IVA Any T N0,B00122,156,140,DISTANT METASTASIS (M),formal_definition_table_candidate,Check wording/category against AJCC manual; edit only if extraction merged/split rows incorrectly.
AJCC7,Appendix,M,M1a,G1 IVB Any T N0,B00122,156,140,DISTANT METASTASIS (M),formal_definition_table_candidate,Check wording/category against AJCC manual; edit only if extraction merged/split rows incorrectly.
AJCC7,Appendix,M,M1a,"G2, 3 Any T N1",B00122,156,140,DISTANT METASTASIS (M),formal_definition_table_candidate,Check wording/category against AJCC manual; edit only if extraction merged/split rows incorrectly.
AJCC7,Appendix,M,M1a,Any G Any T N2,B00122,156,140,DISTANT METASTASIS (M),formal_definition_table_candidate,Check wording/category against AJCC manual; edit only if extraction merged/split rows incorrectly.
AJCC7,Appendix,M,M1a,Any G IVC Any T Any N,B00122,156,140,DISTANT METASTASIS (M),formal_definition_table_candidate,Check wording/category against AJCC manual; edit only if extraction merged/split rows incorrectly.
AJCC7,Appendix,M,M1b,Any G Carcinoid GROUP T N M I T1 N0,B00122,156,140,DISTANT METASTASIS (M),formal_definition_table_candidate,Check wording/category against AJCC manual; edit only if extraction merged/split rows incorrectly.
AJCC7,Appendix,M,M0,"II T2, T3 N0",B00122,156,140,DISTANT METASTASIS (M),formal_definition_table_candidate,Check wording/category against AJCC manual; edit only if extraction merged/split rows incorrectly.
AJCC7,Appendix,M,M0,III T4 N0,B00122,156,140,DISTANT METASTASIS (M),formal_definition_table_candidate,Check wording/category against AJCC manual; edit only if extraction merged/split rows incorrectly.
AJCC7,Appendix,M,M0,Any T N1,B00122,156,140,DISTANT METASTASIS (M),formal_definition_table_candidate,Check wording/category against AJCC manual; edit only if extraction merged/split rows incorrectly.
AJCC7,Appendix,M,M0,IV Any T Any N,B00122,156,140,DISTANT METASTASIS (M),formal_definition_table_candidate,Check wording/category against AJCC manual; edit only if extraction merged/split rows incorrectly.
AJCC7,Appendix,M,M1,PATHOLOGIC Carcinoma GROUP T N M Grade 0 Tis N0,B00122,156,140,DISTANT METASTASIS (M),formal_definition_table_candidate,Check wording/category against AJCC manual; edit only if extraction merged/split rows incorrectly.
AJCC7,Appendix,M,M0,IVA,B00122,156,140,DISTANT METASTASIS (M),formal_definition_table_candidate,Check wording/category against AJCC manual; edit only if extraction merged/split rows incorrectly.
AJCC7,Colon and Rectum,T,TX,Primary tumor cannot be assessed,B00125,171,155,Primary Tumor (T),formal_definition_table_candidate,Check wording/category against AJCC manual; edit only if extraction merged/split rows incorrectly.
AJCC7,Colon and Rectum,T,T0,No evidence of primary tumor,B00125,171,155,Primary Tumor (T),formal_definition_table_candidate,Check wording/category against AJCC manual; edit only if extraction merged/split rows incorrectly.
AJCC7,Colon and Rectum,T,Tis,Carcinoma in situ: intraepithelial or invasion of lamina propria*,B00125,171,155,Primary Tumor (T),formal_definition_table_candidate,Check wording/category against AJCC manual; edit only if extraction merged/split rows incorrectly.
AJCC7,Colon and Rectum,T,T1,Tumor invades submucosa,B00125,171,155,Primary Tumor (T),formal_definition_table_candidate,Check wording/category against AJCC manual; edit only if extraction merged/split rows incorrectly.
AJCC7,Colon and Rectum,T,T2,Tumor invades muscularis propria,B00125,171,155,Primary Tumor (T),formal_definition_table_candidate,Check wording/category against AJCC manual; edit only if extraction merged/split rows incorrectly.
AJCC7,Colon and Rectum,T,T3,Tumor invades through the muscularis propria into pericolorectal tissues,B00125,171,155,Primary Tumor (T),formal_definition_table_candidate,Check wording/category against AJCC manual; edit only if extraction merged/split rows incorrectly.
AJCC7,Colon and Rectum,T,T4a,Tumor penetrates to the surface of the visceral peritoneum**,B00125,171,155,Primary Tumor (T),formal_definition_table_candidate,Check wording/category against AJCC manual; edit only if extraction merged/split rows incorrectly.
AJCC7,Colon and Rectum,T,T4b,"Tumor directly invades or is adherent to other organs or structures**,*** * Note : Tis includes cancer cells confi ned within the glandu- lar basement membrane (intraepithelial) or mucosal lamina propria (intramucosal) with no extension through the mus- cularis mucosae into the submucosa. ** Note : Direct invasion in T4 includes invasion of other organs or other segments of the colorectum as a result of direct extension through the serosa, as confi rmed on microscopic examination (for example, invasion of the sigmoid colon by a carcinoma of the cecum) or, for cancers in a retroperitoneal or subperitoneal location, direct invasion of other organs or structures by virtue of extension beyond the muscularis pro- pria (i.e., respectively, a tumor on the posterior wall of the descending colon invading the left kidney or lateral abdomi- nal wall; or a mid or distal rectal cancer with invasion of pros- tate, seminal vesicles, cervix, or vagina). *** Note : Tumor that is adherent to other organs or struc- tures, grossly, is classifi ed cT4b. However, if no tumor is present in the adhesion, microscopically, the classifi cation should be pT1-4a depending on the anatomical depth of wall invasion. The V and L classifi cations should be used to identify the presence or absence of vascular or lymphatic invasion whereas the PN site-specifi c factor should be used for perineural invasion.",B00125,171,155,Primary Tumor (T),formal_definition_table_candidate,Check wording/category against AJCC manual; edit only if extraction merged/split rows incorrectly.
AJCC7,Colon and Rectum,N,NX,Regional lymph nodes cannot be assessed,B00126,171,155,Regional Lymph Nodes (N),formal_definition_table_candidate,Check wording/category against AJCC manual; edit only if extraction merged/split rows incorrectly.
AJCC7,Colon and Rectum,N,N0,No regional lymph node metastasis,B00126,171,155,Regional Lymph Nodes (N),formal_definition_table_candidate,Check wording/category against AJCC manual; edit only if extraction merged/split rows incorrectly.
AJCC7,Colon and Rectum,N,N1,Metastasis in 1-3 regional lymph nodes,B00126,171,155,Regional Lymph Nodes (N),formal_definition_table_candidate,Check wording/category against AJCC manual; edit only if extraction merged/split rows incorrectly.
AJCC7,Colon and Rectum,N,N1a,Metastasis in one regional lymph node,B00126,171,155,Regional Lymph Nodes (N),formal_definition_table_candidate,Check wording/category against AJCC manual; edit only if extraction merged/split rows incorrectly.
AJCC7,Colon and Rectum,N,N1b,Metastasis in 2-3 regional lymph nodes,B00126,171,155,Regional Lymph Nodes (N),formal_definition_table_candidate,Check wording/category against AJCC manual; edit only if extraction merged/split rows incorrectly.
AJCC7,Colon and Rectum,N,N1c,"Tumor deposit(s) in the subserosa, mesentery, or nonperitonealized pericolic or perirectal tissues without regional nodal metastasis",B00126,171,155,Regional Lymph Nodes (N),formal_definition_table_candidate,Check wording/category against AJCC manual; edit only if extraction merged/split rows incorrectly.
AJCC7,Colon and Rectum,N,N2,Metastasis in four or more regional lymph nodes,B00126,171,155,Regional Lymph Nodes (N),formal_definition_table_candidate,Check wording/category against AJCC manual; edit only if extraction merged/split rows incorrectly.
AJCC7,Colon and Rectum,N,N2a,Metastasis in 4-6 regional lymph nodes,B00126,171,155,Regional Lymph Nodes (N),formal_definition_table_candidate,Check wording/category against AJCC manual; edit only if extraction merged/split rows incorrectly.
AJCC7,Colon and Rectum,N,N2b,"Metastasis in seven or more regional lymph nodes Note: A satellite peritumoral nodule in the pericolorectal adipose tissue of a primary carcinoma without histologic evidence of residual lymph node in the nodule may repre- sent discontinuous spread, venous invasion with extravascu- lar spread (V1/2), or a totally replaced lymph node (N1/2). Replaced nodes should be counted separately as positive nodes in the N category, whereas discontinuous spread or venous invasion should be classifi ed and counted in the Site- Specifi c Factor category Tumor Deposits (TD).",B00126,171,155,Regional Lymph Nodes (N),formal_definition_table_candidate,Check wording/category against AJCC manual; edit only if extraction merged/split rows incorrectly.
AJCC7,Colon and Rectum,M,M0,No distant metastasis,B00127,171,155,Distant Metastasis (M),formal_definition_table_candidate,Check wording/category against AJCC manual; edit only if extraction merged/split rows incorrectly.
AJCC7,Colon and Rectum,M,M1,Distant metastasis,B00127,171,155,Distant Metastasis (M),formal_definition_table_candidate,Check wording/category against AJCC manual; edit only if extraction merged/split rows incorrectly.
AJCC7,Colon and Rectum,M,M1a,"Metastasis confi ned to one organ or site (e.g., liver, lung, ovary, nonregional node)",B00127,171,155,Distant Metastasis (M),formal_definition_table_candidate,Check wording/category against AJCC manual; edit only if extraction merged/split rows incorrectly.
AJCC7,Colon and Rectum,M,M1b,Metastases in more than one organ/site or the peritoneum,B00127,171,155,Distant Metastasis (M),formal_definition_table_candidate,Check wording/category against AJCC manual; edit only if extraction merged/split rows incorrectly.
AJCC7,Colon and Rectum,G,GX,Grade cannot be assessed,B00129,172,156,HISTOLOGIC GRADE (G),formal_definition_table_candidate,Check wording/category against AJCC manual; edit only if extraction merged/split rows incorrectly.
AJCC7,Colon and Rectum,G,G1,Well differentiated,B00129,172,156,HISTOLOGIC GRADE (G),formal_definition_table_candidate,Check wording/category against AJCC manual; edit only if extraction merged/split rows incorrectly.
AJCC7,Colon and Rectum,G,G2,Moderately differentiated,B00129,172,156,HISTOLOGIC GRADE (G),formal_definition_table_candidate,Check wording/category against AJCC manual; edit only if extraction merged/split rows incorrectly.
AJCC7,Colon and Rectum,G,G3,Poorly differentiated,B00129,172,156,HISTOLOGIC GRADE (G),formal_definition_table_candidate,Check wording/category against AJCC manual; edit only if extraction merged/split rows incorrectly.
AJCC7,Colon and Rectum,G,G4,"Undifferentiated (corresponds to the histologic type “undifferentiated carcinoma” as below) It is recommended that the terms “low-grade” (G1-G2) and “high-grade” (G3-G4) be applied, because data indicate that low and high grade may be associated with outcome indepen- dently of TNM stage group for both colon and rectum adeno- carcinoma. Some authors suggest that G4 lesions be identifi ed separately because they may represent a small subgroup of car- cinomas that are very aggressive. However, these tumors would be designated as “undifferentiated” carcinomas within the clas- sifi cation histologic types shown previously. RESIDUAL TUMOR (R) R0 Complete resection, margins histologically nega- tive, no residual tumor left after resection (primary tumor, regional nodes) R1 Incomplete resection, margins histologically involved, microscopic tumor remains after resection of gross disease (primary tumor, regional nodes) R2 Incomplete resection, margins macroscopically involved or gross disease remains after resection (e.g., primary tumor, regional nodes, or liver metastasis)",B00129,172,156,HISTOLOGIC GRADE (G),formal_definition_table_candidate,Check wording/category against AJCC manual; edit only if extraction merged/split rows incorrectly.
AJCC7,Colon and Rectum,T,T4b,NX N0 N1 N1a N1b N1c N2 N2a N2b,B00130,177,161,PRIMARY TUMOR (T),formal_definition_table_candidate,Check wording/category against AJCC manual; edit only if extraction merged/split rows incorrectly.
AJCC7,Colon and Rectum,M,M1b,A NATOMIC S TAGE • P ROGNOSTIC G ROUPS GROUP T N M Dukes* MAC* 0 Tis N0,B00132,178,162,DISTANT METASTASIS (M),formal_definition_table_candidate,Check wording/category against AJCC manual; edit only if extraction merged/split rows incorrectly.
AJCC7,Colon and Rectum,M,M0,- - I T1 N0,B00132,178,162,DISTANT METASTASIS (M),formal_definition_table_candidate,Check wording/category against AJCC manual; edit only if extraction merged/split rows incorrectly.
AJCC7,Colon and Rectum,M,M0,A A T2 N0,B00132,178,162,DISTANT METASTASIS (M),formal_definition_table_candidate,Check wording/category against AJCC manual; edit only if extraction merged/split rows incorrectly.
AJCC7,Colon and Rectum,M,M0,A B1 IIA T3 N0,B00132,178,162,DISTANT METASTASIS (M),formal_definition_table_candidate,Check wording/category against AJCC manual; edit only if extraction merged/split rows incorrectly.
AJCC7,Colon and Rectum,M,M0,B B2 IIB T4a N0,B00132,178,162,DISTANT METASTASIS (M),formal_definition_table_candidate,Check wording/category against AJCC manual; edit only if extraction merged/split rows incorrectly.
AJCC7,Colon and Rectum,M,M0,B B2 IIC T4b N0,B00132,178,162,DISTANT METASTASIS (M),formal_definition_table_candidate,Check wording/category against AJCC manual; edit only if extraction merged/split rows incorrectly.
AJCC7,Colon and Rectum,M,M0,B B3 IIIA T1-T2 N1/N1c,B00132,178,162,DISTANT METASTASIS (M),formal_definition_table_candidate,Check wording/category against AJCC manual; edit only if extraction merged/split rows incorrectly.
AJCC7,Colon and Rectum,M,M0,C C1 T1 N2a,B00132,178,162,DISTANT METASTASIS (M),formal_definition_table_candidate,Check wording/category against AJCC manual; edit only if extraction merged/split rows incorrectly.
AJCC7,Colon and Rectum,M,M0,C C1 IIIB T3-T4a N1/N1c,B00132,178,162,DISTANT METASTASIS (M),formal_definition_table_candidate,Check wording/category against AJCC manual; edit only if extraction merged/split rows incorrectly.
AJCC7,Colon and Rectum,M,M0,C C2 T2-T3 N2a,B00132,178,162,DISTANT METASTASIS (M),formal_definition_table_candidate,Check wording/category against AJCC manual; edit only if extraction merged/split rows incorrectly.
AJCC7,Colon and Rectum,M,M0,C C1/C2 T1-T2 N2b,B00132,178,162,DISTANT METASTASIS (M),formal_definition_table_candidate,Check wording/category against AJCC manual; edit only if extraction merged/split rows incorrectly.
AJCC7,Colon and Rectum,M,M0,C C1 IIIC T4a N2a,B00132,178,162,DISTANT METASTASIS (M),formal_definition_table_candidate,Check wording/category against AJCC manual; edit only if extraction merged/split rows incorrectly.
AJCC7,Colon and Rectum,M,M0,C C2 T3-T4a N2b,B00132,178,162,DISTANT METASTASIS (M),formal_definition_table_candidate,Check wording/category against AJCC manual; edit only if extraction merged/split rows incorrectly.
AJCC7,Colon and Rectum,M,M0,C C2 T4b N1-N2,B00132,178,162,DISTANT METASTASIS (M),formal_definition_table_candidate,Check wording/category against AJCC manual; edit only if extraction merged/split rows incorrectly.
AJCC7,Colon and Rectum,M,M0,C C3 IVA Any T Any N,B00132,178,162,DISTANT METASTASIS (M),formal_definition_table_candidate,Check wording/category against AJCC manual; edit only if extraction merged/split rows incorrectly.
AJCC7,Colon and Rectum,M,M1a,"- - IVB Any T Any N M1b - - *Dukes B is a composite of better (T3 N0 M0) and worse (T4 N0 M0) prognostic groups, as is Dukes C (Any TN1 M0 and Any T N2 M0). MAC is the modified Astler-Coller classification. PATHOLOGIC GROUP T N M Dukes* MAC* 0 Tis N0",B00132,178,162,DISTANT METASTASIS (M),formal_definition_table_candidate,Check wording/category against AJCC manual; edit only if extraction merged/split rows incorrectly.
AJCC7,Anus,T,TX,Primary tumor cannot be assessed,B00135,183,167,Primary Tumor (T),formal_definition_table_candidate,Check wording/category against AJCC manual; edit only if extraction merged/split rows incorrectly.
AJCC7,Anus,T,T0,No evidence of primary tumor,B00135,183,167,Primary Tumor (T),formal_definition_table_candidate,Check wording/category against AJCC manual; edit only if extraction merged/split rows incorrectly.
AJCC7,Anus,T,Tis,"Carcinoma in situ (Bowen’s disease, high-grade squamous intraepithelial lesion (HSIL), anal intraepithelial neoplasia II-III (AIN II-III)",B00135,183,167,Primary Tumor (T),formal_definition_table_candidate,Check wording/category against AJCC manual; edit only if extraction merged/split rows incorrectly.
AJCC7,Anus,T,T1,Tumor 2 cm or less in greatest dimension (Figure 15.4),B00135,183,167,Primary Tumor (T),formal_definition_table_candidate,Check wording/category against AJCC manual; edit only if extraction merged/split rows incorrectly.
AJCC7,Anus,T,T2,Tumor more than 2 cm but not more than 5 cm in greatest dimension (Figure 15.5),B00135,183,167,Primary Tumor (T),formal_definition_table_candidate,Check wording/category against AJCC manual; edit only if extraction merged/split rows incorrectly.
AJCC7,Anus,T,T3,Tumor more than 5 cm in greatest dimension (Figure 15.6),B00135,183,167,Primary Tumor (T),formal_definition_table_candidate,Check wording/category against AJCC manual; edit only if extraction merged/split rows incorrectly.
AJCC7,Anus,T,T4,"Tumor of any size invades adjacent organ(s), e.g., vagina, urethra, bladder* (Figure 15.7) * Note: Direct invasion of the rectal wall, perirectal skin, sub- cutaneous tissue, or the sphincter muscle(s) is not classifi ed as T4.",B00135,183,167,Primary Tumor (T),formal_definition_table_candidate,Check wording/category against AJCC manual; edit only if extraction merged/split rows incorrectly.
AJCC7,Anus,N,NX,Regional lymph nodes cannot be assessed,B00136,183,167,Regional Lymph Nodes (N),formal_definition_table_candidate,Check wording/category against AJCC manual; edit only if extraction merged/split rows incorrectly.
AJCC7,Anus,N,N0,No regional lymph node metastasis,B00136,183,167,Regional Lymph Nodes (N),formal_definition_table_candidate,Check wording/category against AJCC manual; edit only if extraction merged/split rows incorrectly.
AJCC7,Anus,N,N1,Metastasis in perirectal lymph node(s) (Figure 15.8),B00136,183,167,Regional Lymph Nodes (N),formal_definition_table_candidate,Check wording/category against AJCC manual; edit only if extraction merged/split rows incorrectly.
AJCC7,Anus,N,N2,"Metastasis in unilateral internal iliac and/or ingui- nal lymph node(s) (Figure 15.9A, B)",B00136,183,167,Regional Lymph Nodes (N),formal_definition_table_candidate,Check wording/category against AJCC manual; edit only if extraction merged/split rows incorrectly.
AJCC7,Anus,N,N3,Metastasis in perirectal and inguinal lymph nodes and/or bilateral internal iliac and/or inguinal lymph nodes (Figure 15.10A-C),B00136,183,167,Regional Lymph Nodes (N),formal_definition_table_candidate,Check wording/category against AJCC manual; edit only if extraction merged/split rows incorrectly.
AJCC7,Anus,M,M0,No distant metastasis,B00137,183,167,Distant Metastasis (M),formal_definition_table_candidate,Check wording/category against AJCC manual; edit only if extraction merged/split rows incorrectly.
AJCC7,Anus,M,M1,"Distant metastasis TABLE 15.1. Patient outcome stratifi ed by AJCC stage group and tumor histology (squamous vs. nonsquamous types) Stage group 5-Year survival rate P value Squamous Nonsquamous I 71.4 59.1 0.003 II 63.5 52.9 0.001 IIIA 48.1 37.7 0.085 IIIB 43.2 24.4 0.003 IV 20.9 7.4 0.002 Source: National Cancer Database: Cases diagnosed 1998-1999: n = 3,598. FIGURE 15.3. Stage-related survival for carcinoma of the anal canal. FIGURE 15.4. T1 is defi ned as tumor 2 cm or less in greatest dimension. In order to view this proof accurately, the Overprint Preview Option must be set to Always in Acrobat Professional or Adobe Reader. Please contact your Customer Service Representative if you have questions about finding this option. Job Name: -- /381449t",B00137,183,167,Distant Metastasis (M),formal_definition_table_candidate,Check wording/category against AJCC manual; edit only if extraction merged/split rows incorrectly.
AJCC7,Anus,G,GX,Grade cannot be assessed,B00139,185,169,HISTOLOGIC GRADE (G),formal_definition_table_candidate,Check wording/category against AJCC manual; edit only if extraction merged/split rows incorrectly.
AJCC7,Anus,G,G1,Well differentiated,B00139,185,169,HISTOLOGIC GRADE (G),formal_definition_table_candidate,Check wording/category against AJCC manual; edit only if extraction merged/split rows incorrectly.
AJCC7,Anus,G,G2,Moderately differentiated,B00139,185,169,HISTOLOGIC GRADE (G),formal_definition_table_candidate,Check wording/category against AJCC manual; edit only if extraction merged/split rows incorrectly.
AJCC7,Anus,G,G3,Poorly differentiated,B00139,185,169,HISTOLOGIC GRADE (G),formal_definition_table_candidate,Check wording/category against AJCC manual; edit only if extraction merged/split rows incorrectly.
AJCC7,Anus,G,G4,Undifferentiated,B00139,185,169,HISTOLOGIC GRADE (G),formal_definition_table_candidate,Check wording/category against AJCC manual; edit only if extraction merged/split rows incorrectly.
AJCC7,Anus,T,T4,NX N0 N1 N2 N3,B00140,187,171,PRIMARY TUMOR (T),formal_definition_table_candidate,Check wording/category against AJCC manual; edit only if extraction merged/split rows incorrectly.
AJCC7,Anus,N,N3,M0 M1,B00141,187,171,REGIONAL LYMPH NODES (N),formal_definition_table_candidate,Check wording/category against AJCC manual; edit only if extraction merged/split rows incorrectly.
AJCC7,Anus,M,M1,A NATOMIC S TAGE • P ROGNOSTIC G ROUPS GROUP T N M 0 Tis N0,B00142,187,171,DISTANT METASTASIS (M),formal_definition_table_candidate,Check wording/category against AJCC manual; edit only if extraction merged/split rows incorrectly.
AJCC7,Anus,M,M0,I T1 N0,B00142,187,171,DISTANT METASTASIS (M),formal_definition_table_candidate,Check wording/category against AJCC manual; edit only if extraction merged/split rows incorrectly.
AJCC7,Anus,M,M0,II T2 N0,B00142,187,171,DISTANT METASTASIS (M),formal_definition_table_candidate,Check wording/category against AJCC manual; edit only if extraction merged/split rows incorrectly.
AJCC7,Anus,M,M0,T3 N0,B00142,187,171,DISTANT METASTASIS (M),formal_definition_table_candidate,Check wording/category against AJCC manual; edit only if extraction merged/split rows incorrectly.
AJCC7,Anus,M,M0,IIIA T1 N1,B00142,187,171,DISTANT METASTASIS (M),formal_definition_table_candidate,Check wording/category against AJCC manual; edit only if extraction merged/split rows incorrectly.
AJCC7,Anus,M,M0,T2 N1,B00142,187,171,DISTANT METASTASIS (M),formal_definition_table_candidate,Check wording/category against AJCC manual; edit only if extraction merged/split rows incorrectly.
AJCC7,Anus,M,M0,T3 N1,B00142,187,171,DISTANT METASTASIS (M),formal_definition_table_candidate,Check wording/category against AJCC manual; edit only if extraction merged/split rows incorrectly.
AJCC7,Anus,M,M0,T4 N0,B00142,187,171,DISTANT METASTASIS (M),formal_definition_table_candidate,Check wording/category against AJCC manual; edit only if extraction merged/split rows incorrectly.
AJCC7,Anus,M,M0,IIIB T4 N1,B00142,187,171,DISTANT METASTASIS (M),formal_definition_table_candidate,Check wording/category against AJCC manual; edit only if extraction merged/split rows incorrectly.
AJCC7,Anus,M,M0,Any T N2,B00142,187,171,DISTANT METASTASIS (M),formal_definition_table_candidate,Check wording/category against AJCC manual; edit only if extraction merged/split rows incorrectly.
AJCC7,Anus,M,M0,Any T N3,B00142,187,171,DISTANT METASTASIS (M),formal_definition_table_candidate,Check wording/category against AJCC manual; edit only if extraction merged/split rows incorrectly.
AJCC7,Anus,M,M0,IV Any T Any N,B00142,187,171,DISTANT METASTASIS (M),formal_definition_table_candidate,Check wording/category against AJCC manual; edit only if extraction merged/split rows incorrectly.
AJCC7,Anus,M,M1,PATHOLOGIC GROUP T N M 0 Tis N0,B00142,187,171,DISTANT METASTASIS (M),formal_definition_table_candidate,Check wording/category against AJCC manual; edit only if extraction merged/split rows incorrectly.
AJCC7,Anus,M,M1,Stage unknown Stage unknown,B00142,187,171,DISTANT METASTASIS (M),formal_definition_table_candidate,Check wording/category against AJCC manual; edit only if extraction merged/split rows incorrectly.
AJCC7,Gastrointestinal Stromal Tumor,T,TX,Primary tumor cannot be assessed,B00145,193,177,Primary Tumor (T),formal_definition_table_candidate,Check wording/category against AJCC manual; edit only if extraction merged/split rows incorrectly.
AJCC7,Gastrointestinal Stromal Tumor,T,T0,No evidence for primary tumor,B00145,193,177,Primary Tumor (T),formal_definition_table_candidate,Check wording/category against AJCC manual; edit only if extraction merged/split rows incorrectly.
AJCC7,Gastrointestinal Stromal Tumor,T,T1,Tumor 2 cm or less,B00145,193,177,Primary Tumor (T),formal_definition_table_candidate,Check wording/category against AJCC manual; edit only if extraction merged/split rows incorrectly.
AJCC7,Gastrointestinal Stromal Tumor,T,T2,Tumor more than 2 cm but not more than 5 cm,B00145,193,177,Primary Tumor (T),formal_definition_table_candidate,Check wording/category against AJCC manual; edit only if extraction merged/split rows incorrectly.
AJCC7,Gastrointestinal Stromal Tumor,T,T3,Tumor more than 5 cm but not more than 10 cm,B00145,193,177,Primary Tumor (T),formal_definition_table_candidate,Check wording/category against AJCC manual; edit only if extraction merged/split rows incorrectly.
AJCC7,Gastrointestinal Stromal Tumor,T,T4,Tumor more than 10 cm in greatest dimension,B00145,193,177,Primary Tumor (T),formal_definition_table_candidate,Check wording/category against AJCC manual; edit only if extraction merged/split rows incorrectly.
AJCC7,Gastrointestinal Stromal Tumor,N,N0,No regional lymph node metastasis*,B00146,193,177,Regional Lymph Nodes (N),formal_definition_table_candidate,Check wording/category against AJCC manual; edit only if extraction merged/split rows incorrectly.
AJCC7,Gastrointestinal Stromal Tumor,N,N1,"Regional lymph node metastasis *If regional node status is unknown, use N0, not NX",B00146,193,177,Regional Lymph Nodes (N),formal_definition_table_candidate,Check wording/category against AJCC manual; edit only if extraction merged/split rows incorrectly.
AJCC7,Gastrointestinal Stromal Tumor,M,M0,No distant metastasis,B00147,193,177,Distant Metastasis (M),formal_definition_table_candidate,Check wording/category against AJCC manual; edit only if extraction merged/split rows incorrectly.
AJCC7,Gastrointestinal Stromal Tumor,M,M1,Distant metastasis HISTOPATHOLOGIC GRADE Grading for GISTs is dependent on mitotic rate Low mitotic rate: 5 or fewer per 50 HPF High mitotic rate: over 5 per 50 HPF,B00147,193,177,Distant Metastasis (M),formal_definition_table_candidate,Check wording/category against AJCC manual; edit only if extraction merged/split rows incorrectly.
AJCC7,Gastrointestinal Stromal Tumor,G,GX,Grade cannot be assessed,B00149,194,178,HISTOLOGIC GRADE (G),formal_definition_table_candidate,Check wording/category against AJCC manual; edit only if extraction merged/split rows incorrectly.
AJCC7,Gastrointestinal Stromal Tumor,G,G1,Low grade; mitotic rate <= 5/50 HPF,B00149,194,178,HISTOLOGIC GRADE (G),formal_definition_table_candidate,Check wording/category against AJCC manual; edit only if extraction merged/split rows incorrectly.
AJCC7,Gastrointestinal Stromal Tumor,G,G2,"High grade, mitotic rate >5/50 HPF",B00149,194,178,HISTOLOGIC GRADE (G),formal_definition_table_candidate,Check wording/category against AJCC manual; edit only if extraction merged/split rows incorrectly.
AJCC7,Gastrointestinal Stromal Tumor,N,N1,No regional lymph node metastasis* Regional lymph node metastasis,B00152,195,179,REGIONAL LYMPH NODES (N),formal_definition_table_candidate,Check wording/category against AJCC manual; edit only if extraction merged/split rows incorrectly.
AJCC7,Gastrointestinal Stromal Tumor,N,N1,M0 M1,B00152,195,179,REGIONAL LYMPH NODES (N),formal_definition_table_candidate,Check wording/category against AJCC manual; edit only if extraction merged/split rows incorrectly.
AJCC7,Gastrointestinal Stromal Tumor,M,M1,A NATOMIC S TAGE • P ROGNOSTIC G ROUPS - G ASTRIC GIST (also to be used for omentum) GROUP T N M Mitotic Rate Mitotic Rate IA T1 or T2 N0,B00153,195,179,DISTANT METASTASIS (M),formal_definition_table_candidate,Check wording/category against AJCC manual; edit only if extraction merged/split rows incorrectly.
AJCC7,Gastrointestinal Stromal Tumor,M,M0,Low IB T3 N0,B00153,195,179,DISTANT METASTASIS (M),formal_definition_table_candidate,Check wording/category against AJCC manual; edit only if extraction merged/split rows incorrectly.
AJCC7,Gastrointestinal Stromal Tumor,M,M0,Low II T1 N0,B00153,195,179,DISTANT METASTASIS (M),formal_definition_table_candidate,Check wording/category against AJCC manual; edit only if extraction merged/split rows incorrectly.
AJCC7,Gastrointestinal Stromal Tumor,M,M0,High T2 N0,B00153,195,179,DISTANT METASTASIS (M),formal_definition_table_candidate,Check wording/category against AJCC manual; edit only if extraction merged/split rows incorrectly.
AJCC7,Gastrointestinal Stromal Tumor,M,M0,High T4 N0,B00153,195,179,DISTANT METASTASIS (M),formal_definition_table_candidate,Check wording/category against AJCC manual; edit only if extraction merged/split rows incorrectly.
AJCC7,Gastrointestinal Stromal Tumor,M,M0,Low IIIA T3 N0,B00153,195,179,DISTANT METASTASIS (M),formal_definition_table_candidate,Check wording/category against AJCC manual; edit only if extraction merged/split rows incorrectly.
AJCC7,Gastrointestinal Stromal Tumor,M,M0,High IIIB T4 N0,B00153,195,179,DISTANT METASTASIS (M),formal_definition_table_candidate,Check wording/category against AJCC manual; edit only if extraction merged/split rows incorrectly.
AJCC7,Gastrointestinal Stromal Tumor,M,M0,High IV Any T N1,B00153,195,179,DISTANT METASTASIS (M),formal_definition_table_candidate,Check wording/category against AJCC manual; edit only if extraction merged/split rows incorrectly.
AJCC7,Gastrointestinal Stromal Tumor,M,M0,Any rate Any T Any N,B00153,195,179,DISTANT METASTASIS (M),formal_definition_table_candidate,Check wording/category against AJCC manual; edit only if extraction merged/split rows incorrectly.
AJCC7,Gastrointestinal Stromal Tumor,M,M1,Any rate PATHOLOGIC GROUP T N M IA T1 or T2 N0,B00153,195,179,DISTANT METASTASIS (M),formal_definition_table_candidate,Check wording/category against AJCC manual; edit only if extraction merged/split rows incorrectly.
AJCC7,Gastrointestinal Stromal Tumor,M,M1,"Any rate Stage unknown Stage unknown A NATOMIC S TAGE • P ROGNOSTIC G ROUPS - S MALL I NTESTINAL GIST (also to be used for esophagus, colorectal, mesentery, and peritoneum) GROUP T N M Mitotic Rate Mitotic Rate I T1 or T2 N0",B00153,195,179,DISTANT METASTASIS (M),formal_definition_table_candidate,Check wording/category against AJCC manual; edit only if extraction merged/split rows incorrectly.
AJCC7,Gastrointestinal Stromal Tumor,M,M0,Low II T3 N0,B00153,195,179,DISTANT METASTASIS (M),formal_definition_table_candidate,Check wording/category against AJCC manual; edit only if extraction merged/split rows incorrectly.
AJCC7,Gastrointestinal Stromal Tumor,M,M0,Low IIIA T1 N0,B00153,195,179,DISTANT METASTASIS (M),formal_definition_table_candidate,Check wording/category against AJCC manual; edit only if extraction merged/split rows incorrectly.
AJCC7,Gastrointestinal Stromal Tumor,M,M0,Low IIIB T2 N0,B00153,195,179,DISTANT METASTASIS (M),formal_definition_table_candidate,Check wording/category against AJCC manual; edit only if extraction merged/split rows incorrectly.
AJCC7,Gastrointestinal Stromal Tumor,M,M0,High T3 N0,B00153,195,179,DISTANT METASTASIS (M),formal_definition_table_candidate,Check wording/category against AJCC manual; edit only if extraction merged/split rows incorrectly.
AJCC7,Gastrointestinal Stromal Tumor,M,M1,Any rate Stage unknown PATHOLOGIC GROUP T N M,B00153,195,179,DISTANT METASTASIS (M),formal_definition_table_candidate,Check wording/category against AJCC manual; edit only if extraction merged/split rows incorrectly.
AJCC7,Neuroendocrine Tumors,T,TX,Primary tumor cannot be assessed,B00156,199,183,Primary Tumor (T),formal_definition_table_candidate,Check wording/category against AJCC manual; edit only if extraction merged/split rows incorrectly.
AJCC7,Neuroendocrine Tumors,T,T0,No evidence of primary tumor,B00156,199,183,Primary Tumor (T),formal_definition_table_candidate,Check wording/category against AJCC manual; edit only if extraction merged/split rows incorrectly.
AJCC7,Neuroendocrine Tumors,T,Tis,"Carcinoma in situ/dysplasia (tumor size less than 0.5 mm), confi ned to mucosa",B00156,199,183,Primary Tumor (T),formal_definition_table_candidate,Check wording/category against AJCC manual; edit only if extraction merged/split rows incorrectly.
AJCC7,Neuroendocrine Tumors,T,T1,Tumor invades lamina propria or submucosa and 1 cm or less in size,B00156,199,183,Primary Tumor (T),formal_definition_table_candidate,Check wording/category against AJCC manual; edit only if extraction merged/split rows incorrectly.
AJCC7,Neuroendocrine Tumors,T,T2,Tumor invades muscularis propria or more than 1 cm in size,B00156,199,183,Primary Tumor (T),formal_definition_table_candidate,Check wording/category against AJCC manual; edit only if extraction merged/split rows incorrectly.
AJCC7,Neuroendocrine Tumors,T,T3,Tumor penetrates subserosa,B00156,199,183,Primary Tumor (T),formal_definition_table_candidate,Check wording/category against AJCC manual; edit only if extraction merged/split rows incorrectly.
AJCC7,Neuroendocrine Tumors,T,T4,"Tumor invades visceral peritoneum (serosal) or other organs or adjacent structures For any T, add (m) for multiple tumors FIGURE 17.1. Observed survival rates for 2,997 cases with GI neuroendocrine tumors. Data from the SEER 1973-2005 Public Use File diagnosed in years 1990-2000. Stage I includes 351; Stage IIA, 724; Stage IIB, 299; Stage IIIA, 115; Stage IIIB, 743; Stage IV, 765; (Stage 0 excluded due to limited numbers). In order to view this proof accurately, the Overprint Preview Option must be set to Always in Acrobat Professional or Adobe Reader. Please contact your Customer Service Representative if you have questions about finding this option. Job Name: -- /381449t",B00156,199,183,Primary Tumor (T),formal_definition_table_candidate,Check wording/category against AJCC manual; edit only if extraction merged/split rows incorrectly.
AJCC7,Neuroendocrine Tumors,N,NX,Regional lymph nodes cannot be assessed,B00157,200,184,Regional Lymph Nodes (N),formal_definition_table_candidate,Check wording/category against AJCC manual; edit only if extraction merged/split rows incorrectly.
AJCC7,Neuroendocrine Tumors,N,N0,No regional lymph node metastasis,B00157,200,184,Regional Lymph Nodes (N),formal_definition_table_candidate,Check wording/category against AJCC manual; edit only if extraction merged/split rows incorrectly.
AJCC7,Neuroendocrine Tumors,N,N1,Regional lymph node metastasis Distant Metastases (M) M0 No distant metastases M1 Distant metastasis Duodenum/Ampulla/Jejunum/Ileum,B00157,200,184,Regional Lymph Nodes (N),formal_definition_table_candidate,Check wording/category against AJCC manual; edit only if extraction merged/split rows incorrectly.
AJCC7,Neuroendocrine Tumors,T,T1,Tumor invades lamina propria or submucosa and size 1 cm or less* (small intestinal tumors); tumor 1 cm or less (ampullary tumors),B00158,200,184,Primary Tumor (T),formal_definition_table_candidate,Check wording/category against AJCC manual; edit only if extraction merged/split rows incorrectly.
AJCC7,Neuroendocrine Tumors,T,T2,Tumor invades muscularis propria or size > 1 cm (small intestinal tumors); tumor > 1 cm (ampul- lary tumors),B00158,200,184,Primary Tumor (T),formal_definition_table_candidate,Check wording/category against AJCC manual; edit only if extraction merged/split rows incorrectly.
AJCC7,Neuroendocrine Tumors,T,T3,Tumor invades through the muscularis propria into subserosal tissue without penetration of over- lying serosa (jejunal or ileal tumors) or invades pancreas or retroperitoneum (ampullary or duo- denal tumors) or into non-peritonealized tissues,B00158,200,184,Primary Tumor (T),formal_definition_table_candidate,Check wording/category against AJCC manual; edit only if extraction merged/split rows incorrectly.
AJCC7,Neuroendocrine Tumors,T,T4,"Tumor invades visceral peritoneum (serosa) or invades other organs For any T, add (m) for multiple tumors * Note: Tumor limited to ampulla of Vater for ampullary gan- gliocytic paraganglioma.",B00158,200,184,Primary Tumor (T),formal_definition_table_candidate,Check wording/category against AJCC manual; edit only if extraction merged/split rows incorrectly.
AJCC7,Neuroendocrine Tumors,T,T1,Tumor invades lamina propria or submucosa and size 2 cm or less,B00160,200,184,Primary Tumor (T),formal_definition_table_candidate,Check wording/category against AJCC manual; edit only if extraction merged/split rows incorrectly.
AJCC7,Neuroendocrine Tumors,T,T1a,Tumor size less than 1 cm in greatest dimension,B00160,200,184,Primary Tumor (T),formal_definition_table_candidate,Check wording/category against AJCC manual; edit only if extraction merged/split rows incorrectly.
AJCC7,Neuroendocrine Tumors,T,T1b,Tumor size 1-2 cm in greatest dimension,B00160,200,184,Primary Tumor (T),formal_definition_table_candidate,Check wording/category against AJCC manual; edit only if extraction merged/split rows incorrectly.
AJCC7,Neuroendocrine Tumors,T,T2,Tumor invades muscularis propria or size more than 2 cm with invasion of lamina propria or submucosa,B00160,200,184,Primary Tumor (T),formal_definition_table_candidate,Check wording/category against AJCC manual; edit only if extraction merged/split rows incorrectly.
AJCC7,Neuroendocrine Tumors,T,T3,"Tumor invades through the muscularis propria into the subserosa, or into non-peritonealized pericolic or perirectal tissues",B00160,200,184,Primary Tumor (T),formal_definition_table_candidate,Check wording/category against AJCC manual; edit only if extraction merged/split rows incorrectly.
AJCC7,Neuroendocrine Tumors,T,T4,"Tumor invades peritoneum or other organs For any T, add (m) for multiple tumors",B00160,200,184,Primary Tumor (T),formal_definition_table_candidate,Check wording/category against AJCC manual; edit only if extraction merged/split rows incorrectly.
AJCC7,Neuroendocrine Tumors,G,G1,<2 <= 2,B00163,200,184,HISTOLOGIC GRADE (G),formal_definition_table_candidate,Check wording/category against AJCC manual; edit only if extraction merged/split rows incorrectly.
AJCC7,Neuroendocrine Tumors,G,G2,2-20 3-20,B00163,200,184,HISTOLOGIC GRADE (G),formal_definition_table_candidate,Check wording/category against AJCC manual; edit only if extraction merged/split rows incorrectly.
AJCC7,Neuroendocrine Tumors,G,G3,">20 >20 * Note: 10 HPF: high power fi eld = 2 mm 2 , at least 40 fi elds (at 40× magnifi cation) evaluated in areas of highest mitotic density. ** Note: MIB1 antibody; % of 2,000 tumor cells in areas of highest nuclear labeling. In order to view this proof accurately, the Overprint Preview Option must be set to Always in Acrobat Professional or Adobe Reader. Please contact your Customer Service Representative if you have questions about finding this option. Job Name: -- /381449t",B00163,200,184,HISTOLOGIC GRADE (G),formal_definition_table_candidate,Check wording/category against AJCC manual; edit only if extraction merged/split rows incorrectly.
AJCC7,Neuroendocrine Tumors,T,T4,NX N0 N1,B00165,203,187,PRIMARY TUMOR (T),formal_definition_table_candidate,Check wording/category against AJCC manual; edit only if extraction merged/split rows incorrectly.
AJCC7,Neuroendocrine Tumors,M,M1,A NATOMIC S TAGE • P ROGNOSTIC G ROUPS GROUP T N M 0 Tis* N0,B00167,204,188,DISTANT METASTASIS (M),formal_definition_table_candidate,Check wording/category against AJCC manual; edit only if extraction merged/split rows incorrectly.
AJCC7,Neuroendocrine Tumors,M,M0,I T1 N0,B00167,204,188,DISTANT METASTASIS (M),formal_definition_table_candidate,Check wording/category against AJCC manual; edit only if extraction merged/split rows incorrectly.
AJCC7,Neuroendocrine Tumors,M,M0,IIA T2 N0,B00167,204,188,DISTANT METASTASIS (M),formal_definition_table_candidate,Check wording/category against AJCC manual; edit only if extraction merged/split rows incorrectly.
AJCC7,Neuroendocrine Tumors,M,M0,IIB T3 N0,B00167,204,188,DISTANT METASTASIS (M),formal_definition_table_candidate,Check wording/category against AJCC manual; edit only if extraction merged/split rows incorrectly.
AJCC7,Neuroendocrine Tumors,M,M0,IIIA T4 N0,B00167,204,188,DISTANT METASTASIS (M),formal_definition_table_candidate,Check wording/category against AJCC manual; edit only if extraction merged/split rows incorrectly.
AJCC7,Neuroendocrine Tumors,M,M0,IIIB Any T N1,B00167,204,188,DISTANT METASTASIS (M),formal_definition_table_candidate,Check wording/category against AJCC manual; edit only if extraction merged/split rows incorrectly.
AJCC7,Neuroendocrine Tumors,M,M0,IV Any T Any N,B00167,204,188,DISTANT METASTASIS (M),formal_definition_table_candidate,Check wording/category against AJCC manual; edit only if extraction merged/split rows incorrectly.
AJCC7,Neuroendocrine Tumors,M,M1,PATHOLOGIC GROUP T N M 0 Tis* N0,B00167,204,188,DISTANT METASTASIS (M),formal_definition_table_candidate,Check wording/category against AJCC manual; edit only if extraction merged/split rows incorrectly.
AJCC7,Neuroendocrine Tumors,M,M1,"Stage unknown Stage unknown General Notes: For identification of special cases of TNM or pTNM classifications, the ""m"" suffix and ""y,"" ""r,"" and ""a"" prefixes are used. Although they do not affect the stage grouping, they indicate cases needing separate analysis. m suffix indicates the presence of multiple primary tumors in a single site and is recorded in parentheses: pT(m)NM. y prefix indicates those cases in which classification is performed during or following initial multimodality therapy. The cTNM or pTNM category is identified by a ""y"" prefix.",B00167,204,188,DISTANT METASTASIS (M),formal_definition_table_candidate,Check wording/category against AJCC manual; edit only if extraction merged/split rows incorrectly.
AJCC7,Liver (Excluding intrahepatic bile ducts),T,TX,Primary tumor cannot be assessed,B00170,210,194,Primary Tumor (T),formal_definition_table_candidate,Check wording/category against AJCC manual; edit only if extraction merged/split rows incorrectly.
AJCC7,Liver (Excluding intrahepatic bile ducts),T,T0,No evidence of primary tumor,B00170,210,194,Primary Tumor (T),formal_definition_table_candidate,Check wording/category against AJCC manual; edit only if extraction merged/split rows incorrectly.
AJCC7,Liver (Excluding intrahepatic bile ducts),T,T1,Solitary tumor without vascular invasion,B00170,210,194,Primary Tumor (T),formal_definition_table_candidate,Check wording/category against AJCC manual; edit only if extraction merged/split rows incorrectly.
AJCC7,Liver (Excluding intrahepatic bile ducts),T,T2,Solitary tumor with vascular invasion or multiple tumors none more than 5 cm,B00170,210,194,Primary Tumor (T),formal_definition_table_candidate,Check wording/category against AJCC manual; edit only if extraction merged/split rows incorrectly.
AJCC7,Liver (Excluding intrahepatic bile ducts),T,T3a,Multiple tumors more than 5 cm,B00170,210,194,Primary Tumor (T),formal_definition_table_candidate,Check wording/category against AJCC manual; edit only if extraction merged/split rows incorrectly.
AJCC7,Liver (Excluding intrahepatic bile ducts),T,T3b,Single tumor or multiple tumors of any size involving a major branch of the portal vein or hepatic vein,B00170,210,194,Primary Tumor (T),formal_definition_table_candidate,Check wording/category against AJCC manual; edit only if extraction merged/split rows incorrectly.
AJCC7,Liver (Excluding intrahepatic bile ducts),T,T4,Tumor(s) with direct invasion of adjacent organs other than the gallbladder or with perforation of visceral peritoneum,B00170,210,194,Primary Tumor (T),formal_definition_table_candidate,Check wording/category against AJCC manual; edit only if extraction merged/split rows incorrectly.
AJCC7,Liver (Excluding intrahepatic bile ducts),N,NX,Regional lymph nodes cannot be assessed,B00171,210,194,Regional Lymph Nodes (N),formal_definition_table_candidate,Check wording/category against AJCC manual; edit only if extraction merged/split rows incorrectly.
AJCC7,Liver (Excluding intrahepatic bile ducts),N,N0,No regional lymph node metastasis,B00171,210,194,Regional Lymph Nodes (N),formal_definition_table_candidate,Check wording/category against AJCC manual; edit only if extraction merged/split rows incorrectly.
AJCC7,Liver (Excluding intrahepatic bile ducts),N,N1,Regional lymph node metastasis,B00171,210,194,Regional Lymph Nodes (N),formal_definition_table_candidate,Check wording/category against AJCC manual; edit only if extraction merged/split rows incorrectly.
AJCC7,Liver (Excluding intrahepatic bile ducts),G,G1,Well differentiated,B00173,210,194,HISTOLOGIC GRADE (G),formal_definition_table_candidate,Check wording/category against AJCC manual; edit only if extraction merged/split rows incorrectly.
AJCC7,Liver (Excluding intrahepatic bile ducts),G,G2,Moderately differentiated,B00173,210,194,HISTOLOGIC GRADE (G),formal_definition_table_candidate,Check wording/category against AJCC manual; edit only if extraction merged/split rows incorrectly.
AJCC7,Liver (Excluding intrahepatic bile ducts),G,G3,Poorly differentiated,B00173,210,194,HISTOLOGIC GRADE (G),formal_definition_table_candidate,Check wording/category against AJCC manual; edit only if extraction merged/split rows incorrectly.
AJCC7,Liver (Excluding intrahepatic bile ducts),G,G4,Undifferentiated,B00173,210,194,HISTOLOGIC GRADE (G),formal_definition_table_candidate,Check wording/category against AJCC manual; edit only if extraction merged/split rows incorrectly.
AJCC7,Liver (Excluding intrahepatic bile ducts),T,T4,NX N0 N1,B00175,213,197,PRIMARY TUMOR (T),formal_definition_table_candidate,Check wording/category against AJCC manual; edit only if extraction merged/split rows incorrectly.
AJCC7,Liver (Excluding intrahepatic bile ducts),N,N1,M0 M1,B00176,213,197,REGIONAL LYMPH NODES (N),formal_definition_table_candidate,Check wording/category against AJCC manual; edit only if extraction merged/split rows incorrectly.
AJCC7,Liver (Excluding intrahepatic bile ducts),M,M1,A NATOMIC S TAGE • P ROGNOSTIC G ROUPS GROUP T N M I T1 N0,B00177,213,197,DISTANT METASTASIS (M),formal_definition_table_candidate,Check wording/category against AJCC manual; edit only if extraction merged/split rows incorrectly.
AJCC7,Liver (Excluding intrahepatic bile ducts),M,M0,II T2 N0,B00177,213,197,DISTANT METASTASIS (M),formal_definition_table_candidate,Check wording/category against AJCC manual; edit only if extraction merged/split rows incorrectly.
AJCC7,Liver (Excluding intrahepatic bile ducts),M,M0,IIIA T3a N0,B00177,213,197,DISTANT METASTASIS (M),formal_definition_table_candidate,Check wording/category against AJCC manual; edit only if extraction merged/split rows incorrectly.
AJCC7,Liver (Excluding intrahepatic bile ducts),M,M0,IIIB T3b N0,B00177,213,197,DISTANT METASTASIS (M),formal_definition_table_candidate,Check wording/category against AJCC manual; edit only if extraction merged/split rows incorrectly.
AJCC7,Liver (Excluding intrahepatic bile ducts),M,M0,IIIC T4 N0,B00177,213,197,DISTANT METASTASIS (M),formal_definition_table_candidate,Check wording/category against AJCC manual; edit only if extraction merged/split rows incorrectly.
AJCC7,Liver (Excluding intrahepatic bile ducts),M,M0,IVA any T N1,B00177,213,197,DISTANT METASTASIS (M),formal_definition_table_candidate,Check wording/category against AJCC manual; edit only if extraction merged/split rows incorrectly.
AJCC7,Liver (Excluding intrahepatic bile ducts),M,M0,IVB any T any N,B00177,213,197,DISTANT METASTASIS (M),formal_definition_table_candidate,Check wording/category against AJCC manual; edit only if extraction merged/split rows incorrectly.
AJCC7,Liver (Excluding intrahepatic bile ducts),M,M1,PATHOLOGIC GROUP T N M I T1 N0,B00177,213,197,DISTANT METASTASIS (M),formal_definition_table_candidate,Check wording/category against AJCC manual; edit only if extraction merged/split rows incorrectly.
AJCC7,Liver (Excluding intrahepatic bile ducts),M,M1,Stage unknown Stage unknown,B00177,213,197,DISTANT METASTASIS (M),formal_definition_table_candidate,Check wording/category against AJCC manual; edit only if extraction merged/split rows incorrectly.
AJCC7,Intrahepatic Bile Ducts,T,TX,Primary tumor cannot be assessed,B00180,219,203,Primary Tumor (T),formal_definition_table_candidate,Check wording/category against AJCC manual; edit only if extraction merged/split rows incorrectly.
AJCC7,Intrahepatic Bile Ducts,T,T0,No evidence of primary tumor,B00180,219,203,Primary Tumor (T),formal_definition_table_candidate,Check wording/category against AJCC manual; edit only if extraction merged/split rows incorrectly.
AJCC7,Intrahepatic Bile Ducts,T,Tis,Carcinoma in situ (intraductal tumor),B00180,219,203,Primary Tumor (T),formal_definition_table_candidate,Check wording/category against AJCC manual; edit only if extraction merged/split rows incorrectly.
AJCC7,Intrahepatic Bile Ducts,T,T1,Solitary tumor without vascular invasion,B00180,219,203,Primary Tumor (T),formal_definition_table_candidate,Check wording/category against AJCC manual; edit only if extraction merged/split rows incorrectly.
AJCC7,Intrahepatic Bile Ducts,T,T2a,Solitary tumor with vascular invasion,B00180,219,203,Primary Tumor (T),formal_definition_table_candidate,Check wording/category against AJCC manual; edit only if extraction merged/split rows incorrectly.
AJCC7,Intrahepatic Bile Ducts,T,T2b,"Multiple tumors, with or without vascular invasion",B00180,219,203,Primary Tumor (T),formal_definition_table_candidate,Check wording/category against AJCC manual; edit only if extraction merged/split rows incorrectly.
AJCC7,Intrahepatic Bile Ducts,T,T3,Tumor perforating the visceral peritoneum or involving the local extra hepatic structures by direct invasion,B00180,219,203,Primary Tumor (T),formal_definition_table_candidate,Check wording/category against AJCC manual; edit only if extraction merged/split rows incorrectly.
AJCC7,Intrahepatic Bile Ducts,T,T4,Tumor with periductal invasion,B00180,219,203,Primary Tumor (T),formal_definition_table_candidate,Check wording/category against AJCC manual; edit only if extraction merged/split rows incorrectly.
AJCC7,Intrahepatic Bile Ducts,N,NX,Regional lymph nodes cannot be assessed,B00181,219,203,Regional Lymph Nodes (N),formal_definition_table_candidate,Check wording/category against AJCC manual; edit only if extraction merged/split rows incorrectly.
AJCC7,Intrahepatic Bile Ducts,N,N0,No regional lymph node metastasis,B00181,219,203,Regional Lymph Nodes (N),formal_definition_table_candidate,Check wording/category against AJCC manual; edit only if extraction merged/split rows incorrectly.
AJCC7,Intrahepatic Bile Ducts,N,N1,Regional lymph node metastasis present,B00181,219,203,Regional Lymph Nodes (N),formal_definition_table_candidate,Check wording/category against AJCC manual; edit only if extraction merged/split rows incorrectly.
AJCC7,Intrahepatic Bile Ducts,M,M0,No distant metastasis,B00182,219,203,Distant Metastasis (M),formal_definition_table_candidate,Check wording/category against AJCC manual; edit only if extraction merged/split rows incorrectly.
AJCC7,Intrahepatic Bile Ducts,M,M1,"Distant metastasis present FIGURE 19.2. Stratifi cation of survival for 647 patients with con- fi rmed intrahepatic cholangiocarcinoma based on new T category classifi cation using SEER registry data. T1: Solitary tumor without vascular invasion; T2: Solitary tumor with vascular invasion or multiple tumors; T3: Tumor perforating the visceral peritoneum or involving the local extra hepatic structures by direct invasion. In order to view this proof accurately, the Overprint Preview Option must be set to Always in Acrobat Professional or Adobe Reader. Please contact your Customer Service Representative if you have questions about finding this option. Job Name: -- /381449t",B00182,219,203,Distant Metastasis (M),formal_definition_table_candidate,Check wording/category against AJCC manual; edit only if extraction merged/split rows incorrectly.
AJCC7,Intrahepatic Bile Ducts,G,G1,Well differentiated,B00184,220,204,HISTOLOGIC GRADE (G),formal_definition_table_candidate,Check wording/category against AJCC manual; edit only if extraction merged/split rows incorrectly.
AJCC7,Intrahepatic Bile Ducts,G,G2,Moderately differentiated,B00184,220,204,HISTOLOGIC GRADE (G),formal_definition_table_candidate,Check wording/category against AJCC manual; edit only if extraction merged/split rows incorrectly.
AJCC7,Intrahepatic Bile Ducts,G,G3,Poorly differentiated,B00184,220,204,HISTOLOGIC GRADE (G),formal_definition_table_candidate,Check wording/category against AJCC manual; edit only if extraction merged/split rows incorrectly.
AJCC7,Intrahepatic Bile Ducts,G,G4,Undifferentiated,B00184,220,204,HISTOLOGIC GRADE (G),formal_definition_table_candidate,Check wording/category against AJCC manual; edit only if extraction merged/split rows incorrectly.
AJCC7,Intrahepatic Bile Ducts,T,T4,NX N0 N1,B00186,223,207,PRIMARY TUMOR (T),formal_definition_table_candidate,Check wording/category against AJCC manual; edit only if extraction merged/split rows incorrectly.
AJCC7,Intrahepatic Bile Ducts,N,N1,M0 M1,B00187,223,207,REGIONAL LYMPH NODES (N),formal_definition_table_candidate,Check wording/category against AJCC manual; edit only if extraction merged/split rows incorrectly.
AJCC7,Intrahepatic Bile Ducts,M,M1,A NATOMIC S TAGE • P ROGNOSTIC G ROUPS GROUP T N M 0 Tis N0,B00188,223,207,DISTANT METASTASIS (M),formal_definition_table_candidate,Check wording/category against AJCC manual; edit only if extraction merged/split rows incorrectly.
AJCC7,Intrahepatic Bile Ducts,M,M0,I T1 N0,B00188,223,207,DISTANT METASTASIS (M),formal_definition_table_candidate,Check wording/category against AJCC manual; edit only if extraction merged/split rows incorrectly.
AJCC7,Intrahepatic Bile Ducts,M,M0,II T2 N0,B00188,223,207,DISTANT METASTASIS (M),formal_definition_table_candidate,Check wording/category against AJCC manual; edit only if extraction merged/split rows incorrectly.
AJCC7,Intrahepatic Bile Ducts,M,M0,III T3 N0,B00188,223,207,DISTANT METASTASIS (M),formal_definition_table_candidate,Check wording/category against AJCC manual; edit only if extraction merged/split rows incorrectly.
AJCC7,Intrahepatic Bile Ducts,M,M0,IVA T4 N0,B00188,223,207,DISTANT METASTASIS (M),formal_definition_table_candidate,Check wording/category against AJCC manual; edit only if extraction merged/split rows incorrectly.
AJCC7,Intrahepatic Bile Ducts,M,M0,Any T N1,B00188,223,207,DISTANT METASTASIS (M),formal_definition_table_candidate,Check wording/category against AJCC manual; edit only if extraction merged/split rows incorrectly.
AJCC7,Intrahepatic Bile Ducts,M,M0,IVB Any T Any N,B00188,223,207,DISTANT METASTASIS (M),formal_definition_table_candidate,Check wording/category against AJCC manual; edit only if extraction merged/split rows incorrectly.
AJCC7,Intrahepatic Bile Ducts,M,M1,PATHOLOGIC GROUP T N M 0 Tis N0,B00188,223,207,DISTANT METASTASIS (M),formal_definition_table_candidate,Check wording/category against AJCC manual; edit only if extraction merged/split rows incorrectly.
AJCC7,Intrahepatic Bile Ducts,M,M1,Stage unknown Stage unknown,B00188,223,207,DISTANT METASTASIS (M),formal_definition_table_candidate,Check wording/category against AJCC manual; edit only if extraction merged/split rows incorrectly.
AJCC7,Gallbladder,T,TX,Primary tumor cannot be assessed,B00191,229,213,Primary Tumor (T),formal_definition_table_candidate,Check wording/category against AJCC manual; edit only if extraction merged/split rows incorrectly.
AJCC7,Gallbladder,T,T0,No evidence of primary tumor,B00191,229,213,Primary Tumor (T),formal_definition_table_candidate,Check wording/category against AJCC manual; edit only if extraction merged/split rows incorrectly.
AJCC7,Gallbladder,T,Tis,Carcinoma in situ,B00191,229,213,Primary Tumor (T),formal_definition_table_candidate,Check wording/category against AJCC manual; edit only if extraction merged/split rows incorrectly.
AJCC7,Gallbladder,T,T1,Tumor invades lamina propria or muscular layer (Figure 20.3),B00191,229,213,Primary Tumor (T),formal_definition_table_candidate,Check wording/category against AJCC manual; edit only if extraction merged/split rows incorrectly.
AJCC7,Gallbladder,T,T1a,Tumor invades lamina propria,B00191,229,213,Primary Tumor (T),formal_definition_table_candidate,Check wording/category against AJCC manual; edit only if extraction merged/split rows incorrectly.
AJCC7,Gallbladder,T,T1b,Tumor invades muscular layer,B00191,229,213,Primary Tumor (T),formal_definition_table_candidate,Check wording/category against AJCC manual; edit only if extraction merged/split rows incorrectly.
AJCC7,Gallbladder,T,T2,Tumor invades perimuscular connective tissue; no extension beyond serosa or into liver (Figure 20.4),B00191,229,213,Primary Tumor (T),formal_definition_table_candidate,Check wording/category against AJCC manual; edit only if extraction merged/split rows incorrectly.
AJCC7,Gallbladder,T,T3,"Tumor perforates the serosa (visceral peritoneum) and/or directly invades the liver and/or one other adjacent organ or structure, such as the stomach, duodenum, colon, pancreas, omentum, or extra- hepatic bile ducts",B00191,229,213,Primary Tumor (T),formal_definition_table_candidate,Check wording/category against AJCC manual; edit only if extraction merged/split rows incorrectly.
AJCC7,Gallbladder,T,T4,Tumor invades main portal vein or hepatic artery or invades two or more extrahepatic organs or structures,B00191,229,213,Primary Tumor (T),formal_definition_table_candidate,Check wording/category against AJCC manual; edit only if extraction merged/split rows incorrectly.
AJCC7,Gallbladder,N,NX,Regional lymph nodes cannot be assessed,B00192,229,213,Regional Lymph Nodes (N),formal_definition_table_candidate,Check wording/category against AJCC manual; edit only if extraction merged/split rows incorrectly.
AJCC7,Gallbladder,N,N0,No regional lymph node metastasis,B00192,229,213,Regional Lymph Nodes (N),formal_definition_table_candidate,Check wording/category against AJCC manual; edit only if extraction merged/split rows incorrectly.
AJCC7,Gallbladder,N,N1,"Metastases to nodes along the cystic duct, common bile duct, hepatic artery, and/or portal vein",B00192,229,213,Regional Lymph Nodes (N),formal_definition_table_candidate,Check wording/category against AJCC manual; edit only if extraction merged/split rows incorrectly.
AJCC7,Gallbladder,N,N2,"Metastases to periaortic, pericaval, superior mesenteric artery, and/or celiac artery lymph nodes",B00192,229,213,Regional Lymph Nodes (N),formal_definition_table_candidate,Check wording/category against AJCC manual; edit only if extraction merged/split rows incorrectly.
AJCC7,Gallbladder,M,M0,No distant metastasis,B00193,229,213,Distant Metastasis (M),formal_definition_table_candidate,Check wording/category against AJCC manual; edit only if extraction merged/split rows incorrectly.
AJCC7,Gallbladder,M,M1,"Distant metastasis FIGURE 20.3. Schematic of T1, showing the tumor invading the lamina propria or muscle layer of the gallbladder. FIGURE 20.4. Schematic of T2, showing the tumor invad- ing perimuscular connective tissue of the gallbladder with no extension of the tumor beyond serosa or into the liver. In order to view this proof accurately, the Overprint Preview Option must be set to Always in Acrobat Professional or Adobe Reader. Please contact your Customer Service Representative if you have questions about finding this option. Job Name: -- /381449t",B00193,229,213,Distant Metastasis (M),formal_definition_table_candidate,Check wording/category against AJCC manual; edit only if extraction merged/split rows incorrectly.
AJCC7,Gallbladder,G,GX,Grade cannot be assessed,B00195,230,214,HISTOLOGIC GRADE (G),formal_definition_table_candidate,Check wording/category against AJCC manual; edit only if extraction merged/split rows incorrectly.
AJCC7,Gallbladder,G,G1,Well differentiated,B00195,230,214,HISTOLOGIC GRADE (G),formal_definition_table_candidate,Check wording/category against AJCC manual; edit only if extraction merged/split rows incorrectly.
AJCC7,Gallbladder,G,G2,Moderately differentiated,B00195,230,214,HISTOLOGIC GRADE (G),formal_definition_table_candidate,Check wording/category against AJCC manual; edit only if extraction merged/split rows incorrectly.
AJCC7,Gallbladder,G,G3,Poorly differentiated,B00195,230,214,HISTOLOGIC GRADE (G),formal_definition_table_candidate,Check wording/category against AJCC manual; edit only if extraction merged/split rows incorrectly.
AJCC7,Gallbladder,G,G4,Undifferentiated,B00195,230,214,HISTOLOGIC GRADE (G),formal_definition_table_candidate,Check wording/category against AJCC manual; edit only if extraction merged/split rows incorrectly.
AJCC7,Gallbladder,T,T4,NX N0 N1 N2,B00196,231,215,PRIMARY TUMOR (T),formal_definition_table_candidate,Check wording/category against AJCC manual; edit only if extraction merged/split rows incorrectly.
AJCC7,Gallbladder,N,N2,M0 M1,B00197,231,215,REGIONAL LYMPH NODES (N),formal_definition_table_candidate,Check wording/category against AJCC manual; edit only if extraction merged/split rows incorrectly.
AJCC7,Gallbladder,M,M1,GROUP T N M 0 Tis N0,B00198,231,215,DISTANT METASTASIS (M),formal_definition_table_candidate,Check wording/category against AJCC manual; edit only if extraction merged/split rows incorrectly.
AJCC7,Gallbladder,M,M0,I T1 N0,B00198,231,215,DISTANT METASTASIS (M),formal_definition_table_candidate,Check wording/category against AJCC manual; edit only if extraction merged/split rows incorrectly.
AJCC7,Gallbladder,M,M0,II T2 N0,B00198,231,215,DISTANT METASTASIS (M),formal_definition_table_candidate,Check wording/category against AJCC manual; edit only if extraction merged/split rows incorrectly.
AJCC7,Gallbladder,M,M0,IIIA T3 N0,B00198,231,215,DISTANT METASTASIS (M),formal_definition_table_candidate,Check wording/category against AJCC manual; edit only if extraction merged/split rows incorrectly.
AJCC7,Gallbladder,M,M0,IIIB T1-3 N1,B00198,231,215,DISTANT METASTASIS (M),formal_definition_table_candidate,Check wording/category against AJCC manual; edit only if extraction merged/split rows incorrectly.
AJCC7,Gallbladder,M,M0,IVA T4 N0-1,B00198,231,215,DISTANT METASTASIS (M),formal_definition_table_candidate,Check wording/category against AJCC manual; edit only if extraction merged/split rows incorrectly.
AJCC7,Gallbladder,M,M0,IVB Any T N 2,B00198,231,215,DISTANT METASTASIS (M),formal_definition_table_candidate,Check wording/category against AJCC manual; edit only if extraction merged/split rows incorrectly.
AJCC7,Gallbladder,M,M0,Any T Any N,B00198,231,215,DISTANT METASTASIS (M),formal_definition_table_candidate,Check wording/category against AJCC manual; edit only if extraction merged/split rows incorrectly.
AJCC7,Gallbladder,M,M1,PATHOLOGIC GROUP T N M 0 Tis N0,B00198,231,215,DISTANT METASTASIS (M),formal_definition_table_candidate,Check wording/category against AJCC manual; edit only if extraction merged/split rows incorrectly.
AJCC7,Gallbladder,M,M1,Stage unknown Stage unknown G ALLBLADDER S TAGING F ORM,B00198,231,215,DISTANT METASTASIS (M),formal_definition_table_candidate,Check wording/category against AJCC manual; edit only if extraction merged/split rows incorrectly.
AJCC7,Perihilar Bile Ducts,T,TX,Primary tumor cannot be assessed,B00202,237,221,Primary Tumor (T),formal_definition_table_candidate,Check wording/category against AJCC manual; edit only if extraction merged/split rows incorrectly.
AJCC7,Perihilar Bile Ducts,T,T0,No evidence of primary tumor,B00202,237,221,Primary Tumor (T),formal_definition_table_candidate,Check wording/category against AJCC manual; edit only if extraction merged/split rows incorrectly.
AJCC7,Perihilar Bile Ducts,T,Tis,Carcinoma in situ,B00202,237,221,Primary Tumor (T),formal_definition_table_candidate,Check wording/category against AJCC manual; edit only if extraction merged/split rows incorrectly.
AJCC7,Perihilar Bile Ducts,T,T1,"Tumor confi ned to the bile duct, with extension up to the muscle layer or fi brous tissue",B00202,237,221,Primary Tumor (T),formal_definition_table_candidate,Check wording/category against AJCC manual; edit only if extraction merged/split rows incorrectly.
AJCC7,Perihilar Bile Ducts,T,T2a,Tumor invades beyond the wall of the bile duct to surrounding adipose tissue,B00202,237,221,Primary Tumor (T),formal_definition_table_candidate,Check wording/category against AJCC manual; edit only if extraction merged/split rows incorrectly.
AJCC7,Perihilar Bile Ducts,T,T2b,Tumor invades adjacent hepatic parenchyma,B00202,237,221,Primary Tumor (T),formal_definition_table_candidate,Check wording/category against AJCC manual; edit only if extraction merged/split rows incorrectly.
AJCC7,Perihilar Bile Ducts,T,T3,Tumor invades unilateral branches of the portal vein or hepatic artery,B00202,237,221,Primary Tumor (T),formal_definition_table_candidate,Check wording/category against AJCC manual; edit only if extraction merged/split rows incorrectly.
AJCC7,Perihilar Bile Ducts,T,T4,Tumor invades main portal vein or its branches bilaterally; or the common hepatic artery; or the second-order biliary radicals bilaterally; or unilat- eral second-order biliary radicals with contralat- eral portal vein or hepatic artery involvement,B00202,237,221,Primary Tumor (T),formal_definition_table_candidate,Check wording/category against AJCC manual; edit only if extraction merged/split rows incorrectly.
AJCC7,Perihilar Bile Ducts,N,NX,Regional lymph nodes cannot be assessed,B00203,237,221,Regional Lymph Nodes (N),formal_definition_table_candidate,Check wording/category against AJCC manual; edit only if extraction merged/split rows incorrectly.
AJCC7,Perihilar Bile Ducts,N,N0,No regional lymph node metastasis,B00203,237,221,Regional Lymph Nodes (N),formal_definition_table_candidate,Check wording/category against AJCC manual; edit only if extraction merged/split rows incorrectly.
AJCC7,Perihilar Bile Ducts,N,N1,"Regional lymph node metastasis (including nodes along the cystic duct, common bile duct, hepatic artery, and portal vein)",B00203,237,221,Regional Lymph Nodes (N),formal_definition_table_candidate,Check wording/category against AJCC manual; edit only if extraction merged/split rows incorrectly.
AJCC7,Perihilar Bile Ducts,N,N2,"Metastasis to periaortic, pericaval, superior mes- enteric artery, and/or celiac artery lymph nodes",B00203,237,221,Regional Lymph Nodes (N),formal_definition_table_candidate,Check wording/category against AJCC manual; edit only if extraction merged/split rows incorrectly.
AJCC7,Perihilar Bile Ducts,G,GX,Grade cannot be assessed,B00205,237,221,HISTOLOGIC GRADE (G),formal_definition_table_candidate,Check wording/category against AJCC manual; edit only if extraction merged/split rows incorrectly.
AJCC7,Perihilar Bile Ducts,G,G1,Well differentiated,B00205,237,221,HISTOLOGIC GRADE (G),formal_definition_table_candidate,Check wording/category against AJCC manual; edit only if extraction merged/split rows incorrectly.
AJCC7,Perihilar Bile Ducts,G,G2,Moderately differentiated,B00205,237,221,HISTOLOGIC GRADE (G),formal_definition_table_candidate,Check wording/category against AJCC manual; edit only if extraction merged/split rows incorrectly.
AJCC7,Perihilar Bile Ducts,G,G3,Poorly differentiated,B00205,237,221,HISTOLOGIC GRADE (G),formal_definition_table_candidate,Check wording/category against AJCC manual; edit only if extraction merged/split rows incorrectly.
AJCC7,Perihilar Bile Ducts,G,G4,Undifferentiated,B00205,237,221,HISTOLOGIC GRADE (G),formal_definition_table_candidate,Check wording/category against AJCC manual; edit only if extraction merged/split rows incorrectly.
AJCC7,Perihilar Bile Ducts,T,T4,NX N0 N1 N2,B00206,239,223,PRIMARY TUMOR (T),formal_definition_table_candidate,Check wording/category against AJCC manual; edit only if extraction merged/split rows incorrectly.
AJCC7,Perihilar Bile Ducts,N,N2,M0 M1,B00207,239,223,REGIONAL LYMPH NODES (N),formal_definition_table_candidate,Check wording/category against AJCC manual; edit only if extraction merged/split rows incorrectly.
AJCC7,Perihilar Bile Ducts,M,M1,GROUP T N M 0 Tis N0,B00208,239,223,DISTANT METASTASIS (M),formal_definition_table_candidate,Check wording/category against AJCC manual; edit only if extraction merged/split rows incorrectly.
AJCC7,Perihilar Bile Ducts,M,M0,I T1 N0,B00208,239,223,DISTANT METASTASIS (M),formal_definition_table_candidate,Check wording/category against AJCC manual; edit only if extraction merged/split rows incorrectly.
AJCC7,Perihilar Bile Ducts,M,M0,II T2a-b N0,B00208,239,223,DISTANT METASTASIS (M),formal_definition_table_candidate,Check wording/category against AJCC manual; edit only if extraction merged/split rows incorrectly.
AJCC7,Perihilar Bile Ducts,M,M0,IIIA T3 N0,B00208,239,223,DISTANT METASTASIS (M),formal_definition_table_candidate,Check wording/category against AJCC manual; edit only if extraction merged/split rows incorrectly.
AJCC7,Perihilar Bile Ducts,M,M0,IIIB T1-3 N1,B00208,239,223,DISTANT METASTASIS (M),formal_definition_table_candidate,Check wording/category against AJCC manual; edit only if extraction merged/split rows incorrectly.
AJCC7,Perihilar Bile Ducts,M,M0,IVA T4 N0-1,B00208,239,223,DISTANT METASTASIS (M),formal_definition_table_candidate,Check wording/category against AJCC manual; edit only if extraction merged/split rows incorrectly.
AJCC7,Perihilar Bile Ducts,M,M0,IVB Any T N2,B00208,239,223,DISTANT METASTASIS (M),formal_definition_table_candidate,Check wording/category against AJCC manual; edit only if extraction merged/split rows incorrectly.
AJCC7,Perihilar Bile Ducts,M,M0,Any T Any N,B00208,239,223,DISTANT METASTASIS (M),formal_definition_table_candidate,Check wording/category against AJCC manual; edit only if extraction merged/split rows incorrectly.
AJCC7,Perihilar Bile Ducts,M,M1,PATHOLOGIC GROUP T N M 0 Tis N0,B00208,239,223,DISTANT METASTASIS (M),formal_definition_table_candidate,Check wording/category against AJCC manual; edit only if extraction merged/split rows incorrectly.
AJCC7,Perihilar Bile Ducts,M,M1,Stage unknown Stage unknown,B00208,239,223,DISTANT METASTASIS (M),formal_definition_table_candidate,Check wording/category against AJCC manual; edit only if extraction merged/split rows incorrectly.
AJCC7,Distal Bile Duct,T,TX,Primary tumor cannot be assessed,B00212,245,229,Primary Tumor (T),formal_definition_table_candidate,Check wording/category against AJCC manual; edit only if extraction merged/split rows incorrectly.
AJCC7,Distal Bile Duct,T,T0,No evidence of primary tumor,B00212,245,229,Primary Tumor (T),formal_definition_table_candidate,Check wording/category against AJCC manual; edit only if extraction merged/split rows incorrectly.
AJCC7,Distal Bile Duct,T,Tis,Carcinoma in situ,B00212,245,229,Primary Tumor (T),formal_definition_table_candidate,Check wording/category against AJCC manual; edit only if extraction merged/split rows incorrectly.
AJCC7,Distal Bile Duct,T,T1,Tumor confi ned to the bile duct histologically,B00212,245,229,Primary Tumor (T),formal_definition_table_candidate,Check wording/category against AJCC manual; edit only if extraction merged/split rows incorrectly.
AJCC7,Distal Bile Duct,T,T2,Tumor invades beyond the wall of the bile duct,B00212,245,229,Primary Tumor (T),formal_definition_table_candidate,Check wording/category against AJCC manual; edit only if extraction merged/split rows incorrectly.
AJCC7,Distal Bile Duct,T,T3,"Tumor invades the gallbladder, pancreas, duode- num, or other adjacent organs without involve- ment of the celiac axis, or the superior mesenteric artery",B00212,245,229,Primary Tumor (T),formal_definition_table_candidate,Check wording/category against AJCC manual; edit only if extraction merged/split rows incorrectly.
AJCC7,Distal Bile Duct,T,T4,"Tumor involves the celiac axis, or the superior mesenteric artery",B00212,245,229,Primary Tumor (T),formal_definition_table_candidate,Check wording/category against AJCC manual; edit only if extraction merged/split rows incorrectly.
AJCC7,Distal Bile Duct,N,NX,Regional lymph nodes cannot be assessed,B00213,245,229,Regional Lymph Nodes (N),formal_definition_table_candidate,Check wording/category against AJCC manual; edit only if extraction merged/split rows incorrectly.
AJCC7,Distal Bile Duct,N,N0,No regional lymph node metastasis,B00213,245,229,Regional Lymph Nodes (N),formal_definition_table_candidate,Check wording/category against AJCC manual; edit only if extraction merged/split rows incorrectly.
AJCC7,Distal Bile Duct,N,N1,Regional lymph node metastasis,B00213,245,229,Regional Lymph Nodes (N),formal_definition_table_candidate,Check wording/category against AJCC manual; edit only if extraction merged/split rows incorrectly.
AJCC7,Distal Bile Duct,G,GX,Grade cannot be assessed,B00215,245,229,HISTOLOGIC GRADE (G),formal_definition_table_candidate,Check wording/category against AJCC manual; edit only if extraction merged/split rows incorrectly.
AJCC7,Distal Bile Duct,G,G1,Well differentiated,B00215,245,229,HISTOLOGIC GRADE (G),formal_definition_table_candidate,Check wording/category against AJCC manual; edit only if extraction merged/split rows incorrectly.
AJCC7,Distal Bile Duct,G,G2,Moderately differentiated,B00215,245,229,HISTOLOGIC GRADE (G),formal_definition_table_candidate,Check wording/category against AJCC manual; edit only if extraction merged/split rows incorrectly.
AJCC7,Distal Bile Duct,G,G3,Poorly differentiated,B00215,245,229,HISTOLOGIC GRADE (G),formal_definition_table_candidate,Check wording/category against AJCC manual; edit only if extraction merged/split rows incorrectly.
AJCC7,Distal Bile Duct,G,G4,Undifferentiated,B00215,245,229,HISTOLOGIC GRADE (G),formal_definition_table_candidate,Check wording/category against AJCC manual; edit only if extraction merged/split rows incorrectly.
AJCC7,Distal Bile Duct,T,T4,NX N0 N1,B00216,247,231,PRIMARY TUMOR (T),formal_definition_table_candidate,Check wording/category against AJCC manual; edit only if extraction merged/split rows incorrectly.
AJCC7,Distal Bile Duct,N,N1,M0 M1,B00217,247,231,REGIONAL LYMPH NODES (N),formal_definition_table_candidate,Check wording/category against AJCC manual; edit only if extraction merged/split rows incorrectly.
AJCC7,Distal Bile Duct,M,M1,GROUP T N M 0 Tis N0,B00218,247,231,DISTANT METASTASIS (M),formal_definition_table_candidate,Check wording/category against AJCC manual; edit only if extraction merged/split rows incorrectly.
AJCC7,Distal Bile Duct,M,M0,IA T1 N0,B00218,247,231,DISTANT METASTASIS (M),formal_definition_table_candidate,Check wording/category against AJCC manual; edit only if extraction merged/split rows incorrectly.
AJCC7,Distal Bile Duct,M,M0,IB T2 N0,B00218,247,231,DISTANT METASTASIS (M),formal_definition_table_candidate,Check wording/category against AJCC manual; edit only if extraction merged/split rows incorrectly.
AJCC7,Distal Bile Duct,M,M0,IIA T3 N0,B00218,247,231,DISTANT METASTASIS (M),formal_definition_table_candidate,Check wording/category against AJCC manual; edit only if extraction merged/split rows incorrectly.
AJCC7,Distal Bile Duct,M,M0,IIB T1 N1,B00218,247,231,DISTANT METASTASIS (M),formal_definition_table_candidate,Check wording/category against AJCC manual; edit only if extraction merged/split rows incorrectly.
AJCC7,Distal Bile Duct,M,M0,T2 N1,B00218,247,231,DISTANT METASTASIS (M),formal_definition_table_candidate,Check wording/category against AJCC manual; edit only if extraction merged/split rows incorrectly.
AJCC7,Distal Bile Duct,M,M0,T3 N1,B00218,247,231,DISTANT METASTASIS (M),formal_definition_table_candidate,Check wording/category against AJCC manual; edit only if extraction merged/split rows incorrectly.
AJCC7,Distal Bile Duct,M,M0,III T4 Any N,B00218,247,231,DISTANT METASTASIS (M),formal_definition_table_candidate,Check wording/category against AJCC manual; edit only if extraction merged/split rows incorrectly.
AJCC7,Distal Bile Duct,M,M0,IV Any T Any N,B00218,247,231,DISTANT METASTASIS (M),formal_definition_table_candidate,Check wording/category against AJCC manual; edit only if extraction merged/split rows incorrectly.
AJCC7,Distal Bile Duct,M,M1,PATHOLOGIC GROUP T N M 0 Tis N0,B00218,247,231,DISTANT METASTASIS (M),formal_definition_table_candidate,Check wording/category against AJCC manual; edit only if extraction merged/split rows incorrectly.
AJCC7,Distal Bile Duct,M,M1,Stage unknown Stage unknown,B00218,247,231,DISTANT METASTASIS (M),formal_definition_table_candidate,Check wording/category against AJCC manual; edit only if extraction merged/split rows incorrectly.
AJCC7,Ampulla of Vater,T,TX,Primary tumor cannot be assessed,B00222,253,237,Primary Tumor (T),formal_definition_table_candidate,Check wording/category against AJCC manual; edit only if extraction merged/split rows incorrectly.
AJCC7,Ampulla of Vater,T,T0,No evidence of primary tumor,B00222,253,237,Primary Tumor (T),formal_definition_table_candidate,Check wording/category against AJCC manual; edit only if extraction merged/split rows incorrectly.
AJCC7,Ampulla of Vater,T,Tis,Carcinoma in situ,B00222,253,237,Primary Tumor (T),formal_definition_table_candidate,Check wording/category against AJCC manual; edit only if extraction merged/split rows incorrectly.
AJCC7,Ampulla of Vater,T,T1,Tumor limited to ampulla of Vater or sphincter of Oddi,B00222,253,237,Primary Tumor (T),formal_definition_table_candidate,Check wording/category against AJCC manual; edit only if extraction merged/split rows incorrectly.
AJCC7,Ampulla of Vater,T,T2,Tumor invades duodenal wall,B00222,253,237,Primary Tumor (T),formal_definition_table_candidate,Check wording/category against AJCC manual; edit only if extraction merged/split rows incorrectly.
AJCC7,Ampulla of Vater,T,T3,Tumor invades pancreas,B00222,253,237,Primary Tumor (T),formal_definition_table_candidate,Check wording/category against AJCC manual; edit only if extraction merged/split rows incorrectly.
AJCC7,Ampulla of Vater,T,T4,Tumor invades peripancreatic soft tissues or other adjacent organs or structures other than pancreas,B00222,253,237,Primary Tumor (T),formal_definition_table_candidate,Check wording/category against AJCC manual; edit only if extraction merged/split rows incorrectly.
AJCC7,Ampulla of Vater,N,NX,Regional lymph nodes cannot be assessed,B00223,253,237,Regional Lymph Nodes (N),formal_definition_table_candidate,Check wording/category against AJCC manual; edit only if extraction merged/split rows incorrectly.
AJCC7,Ampulla of Vater,N,N0,No regional lymph node metastasis,B00223,253,237,Regional Lymph Nodes (N),formal_definition_table_candidate,Check wording/category against AJCC manual; edit only if extraction merged/split rows incorrectly.
AJCC7,Ampulla of Vater,N,N1,Regional lymph node metastasis,B00223,253,237,Regional Lymph Nodes (N),formal_definition_table_candidate,Check wording/category against AJCC manual; edit only if extraction merged/split rows incorrectly.
AJCC7,Ampulla of Vater,G,GX,Grade cannot be assessed,B00225,253,237,HISTOLOGIC GRADE (G),formal_definition_table_candidate,Check wording/category against AJCC manual; edit only if extraction merged/split rows incorrectly.
AJCC7,Ampulla of Vater,G,G1,Well differentiated,B00225,253,237,HISTOLOGIC GRADE (G),formal_definition_table_candidate,Check wording/category against AJCC manual; edit only if extraction merged/split rows incorrectly.
AJCC7,Ampulla of Vater,G,G2,Moderately differentiated,B00225,253,237,HISTOLOGIC GRADE (G),formal_definition_table_candidate,Check wording/category against AJCC manual; edit only if extraction merged/split rows incorrectly.
AJCC7,Ampulla of Vater,G,G3,Poorly differentiated,B00225,253,237,HISTOLOGIC GRADE (G),formal_definition_table_candidate,Check wording/category against AJCC manual; edit only if extraction merged/split rows incorrectly.
AJCC7,Ampulla of Vater,G,G4,Undifferentiated,B00225,253,237,HISTOLOGIC GRADE (G),formal_definition_table_candidate,Check wording/category against AJCC manual; edit only if extraction merged/split rows incorrectly.
AJCC7,Ampulla of Vater,T,T4,NX N0 N1,B00227,255,239,PRIMARY TUMOR (T),formal_definition_table_candidate,Check wording/category against AJCC manual; edit only if extraction merged/split rows incorrectly.
AJCC7,Ampulla of Vater,N,N1,M0 M1,B00228,255,239,REGIONAL LYMPH NODES (N),formal_definition_table_candidate,Check wording/category against AJCC manual; edit only if extraction merged/split rows incorrectly.
AJCC7,Ampulla of Vater,M,M1,GROUP T N M 0 Tis N0,B00229,255,239,DISTANT METASTASIS (M),formal_definition_table_candidate,Check wording/category against AJCC manual; edit only if extraction merged/split rows incorrectly.
AJCC7,Ampulla of Vater,M,M0,IA T1 N0,B00229,255,239,DISTANT METASTASIS (M),formal_definition_table_candidate,Check wording/category against AJCC manual; edit only if extraction merged/split rows incorrectly.
AJCC7,Ampulla of Vater,M,M0,IB T2 N0,B00229,255,239,DISTANT METASTASIS (M),formal_definition_table_candidate,Check wording/category against AJCC manual; edit only if extraction merged/split rows incorrectly.
AJCC7,Ampulla of Vater,M,M0,IIA T3 N0,B00229,255,239,DISTANT METASTASIS (M),formal_definition_table_candidate,Check wording/category against AJCC manual; edit only if extraction merged/split rows incorrectly.
AJCC7,Ampulla of Vater,M,M0,IIB T1 N1,B00229,255,239,DISTANT METASTASIS (M),formal_definition_table_candidate,Check wording/category against AJCC manual; edit only if extraction merged/split rows incorrectly.
AJCC7,Ampulla of Vater,M,M0,T2 N1,B00229,255,239,DISTANT METASTASIS (M),formal_definition_table_candidate,Check wording/category against AJCC manual; edit only if extraction merged/split rows incorrectly.
AJCC7,Ampulla of Vater,M,M0,T3 N1,B00229,255,239,DISTANT METASTASIS (M),formal_definition_table_candidate,Check wording/category against AJCC manual; edit only if extraction merged/split rows incorrectly.
AJCC7,Ampulla of Vater,M,M0,III T4 Any N,B00229,255,239,DISTANT METASTASIS (M),formal_definition_table_candidate,Check wording/category against AJCC manual; edit only if extraction merged/split rows incorrectly.
AJCC7,Ampulla of Vater,M,M0,IV Any T Any N,B00229,255,239,DISTANT METASTASIS (M),formal_definition_table_candidate,Check wording/category against AJCC manual; edit only if extraction merged/split rows incorrectly.
AJCC7,Ampulla of Vater,M,M1,PATHOLOGIC GROUP T N M 0 Tis N0,B00229,255,239,DISTANT METASTASIS (M),formal_definition_table_candidate,Check wording/category against AJCC manual; edit only if extraction merged/split rows incorrectly.
AJCC7,Ampulla of Vater,M,M1,Stage unknown Stage unknown,B00229,255,239,DISTANT METASTASIS (M),formal_definition_table_candidate,Check wording/category against AJCC manual; edit only if extraction merged/split rows incorrectly.
AJCC7,Exocrine and Endocrine Pancreas,T,TX,Primary tumor cannot be assessed,B00234,261,245,Primary Tumor (T),formal_definition_table_candidate,Check wording/category against AJCC manual; edit only if extraction merged/split rows incorrectly.
AJCC7,Exocrine and Endocrine Pancreas,T,T0,No evidence of primary tumor,B00234,261,245,Primary Tumor (T),formal_definition_table_candidate,Check wording/category against AJCC manual; edit only if extraction merged/split rows incorrectly.
AJCC7,Exocrine and Endocrine Pancreas,T,Tis,Carcinoma in situ*,B00234,261,245,Primary Tumor (T),formal_definition_table_candidate,Check wording/category against AJCC manual; edit only if extraction merged/split rows incorrectly.
AJCC7,Exocrine and Endocrine Pancreas,T,T1,"Tumor limited to the pancreas, 2 cm or less in greatest dimension",B00234,261,245,Primary Tumor (T),formal_definition_table_candidate,Check wording/category against AJCC manual; edit only if extraction merged/split rows incorrectly.
AJCC7,Exocrine and Endocrine Pancreas,T,T2,"Tumor limited to the pancreas, more than 2 cm in greatest dimension",B00234,261,245,Primary Tumor (T),formal_definition_table_candidate,Check wording/category against AJCC manual; edit only if extraction merged/split rows incorrectly.
AJCC7,Exocrine and Endocrine Pancreas,T,T3,Tumor extends beyond the pancreas but with- out involvement of the celiac axis or the superior mesenteric artery,B00234,261,245,Primary Tumor (T),formal_definition_table_candidate,Check wording/category against AJCC manual; edit only if extraction merged/split rows incorrectly.
AJCC7,Exocrine and Endocrine Pancreas,T,T4,Tumor involves the celiac axis or the superior mesenteric artery (unresectable primary tumor) * This also includes the “PanInIII” classifi cation.,B00234,261,245,Primary Tumor (T),formal_definition_table_candidate,Check wording/category against AJCC manual; edit only if extraction merged/split rows incorrectly.
AJCC7,Exocrine and Endocrine Pancreas,N,NX,Regional lymph nodes cannot be assessed,B00235,261,245,Regional Lymph Nodes (N),formal_definition_table_candidate,Check wording/category against AJCC manual; edit only if extraction merged/split rows incorrectly.
AJCC7,Exocrine and Endocrine Pancreas,N,N0,No regional lymph node metastasis,B00235,261,245,Regional Lymph Nodes (N),formal_definition_table_candidate,Check wording/category against AJCC manual; edit only if extraction merged/split rows incorrectly.
AJCC7,Exocrine and Endocrine Pancreas,N,N1,Regional lymph node metastasis,B00235,261,245,Regional Lymph Nodes (N),formal_definition_table_candidate,Check wording/category against AJCC manual; edit only if extraction merged/split rows incorrectly.
AJCC7,Exocrine and Endocrine Pancreas,G,GX,Grade cannot be assessed,B00237,261,245,HISTOLOGIC GRADE (G),formal_definition_table_candidate,Check wording/category against AJCC manual; edit only if extraction merged/split rows incorrectly.
AJCC7,Exocrine and Endocrine Pancreas,G,G1,Well differentiated,B00237,261,245,HISTOLOGIC GRADE (G),formal_definition_table_candidate,Check wording/category against AJCC manual; edit only if extraction merged/split rows incorrectly.
AJCC7,Exocrine and Endocrine Pancreas,G,G2,Moderately differentiated,B00237,261,245,HISTOLOGIC GRADE (G),formal_definition_table_candidate,Check wording/category against AJCC manual; edit only if extraction merged/split rows incorrectly.
AJCC7,Exocrine and Endocrine Pancreas,G,G3,Poorly differentiated,B00237,261,245,HISTOLOGIC GRADE (G),formal_definition_table_candidate,Check wording/category against AJCC manual; edit only if extraction merged/split rows incorrectly.
AJCC7,Exocrine and Endocrine Pancreas,G,G4,Undifferentiated,B00237,261,245,HISTOLOGIC GRADE (G),formal_definition_table_candidate,Check wording/category against AJCC manual; edit only if extraction merged/split rows incorrectly.
AJCC7,Exocrine and Endocrine Pancreas,T,T4,NX N0 N1,B00238,263,247,PRIMARY TUMOR (T),formal_definition_table_candidate,Check wording/category against AJCC manual; edit only if extraction merged/split rows incorrectly.
AJCC7,Exocrine and Endocrine Pancreas,N,N1,M0 M1,B00239,263,247,REGIONAL LYMPH NODES (N),formal_definition_table_candidate,Check wording/category against AJCC manual; edit only if extraction merged/split rows incorrectly.
AJCC7,Exocrine and Endocrine Pancreas,M,M1,GROUP T N M 0 Tis N0,B00240,263,247,DISTANT METASTASIS (M),formal_definition_table_candidate,Check wording/category against AJCC manual; edit only if extraction merged/split rows incorrectly.
AJCC7,Exocrine and Endocrine Pancreas,M,M0,IA T1 N0,B00240,263,247,DISTANT METASTASIS (M),formal_definition_table_candidate,Check wording/category against AJCC manual; edit only if extraction merged/split rows incorrectly.
AJCC7,Exocrine and Endocrine Pancreas,M,M0,IB T2 N0,B00240,263,247,DISTANT METASTASIS (M),formal_definition_table_candidate,Check wording/category against AJCC manual; edit only if extraction merged/split rows incorrectly.
AJCC7,Exocrine and Endocrine Pancreas,M,M0,IIA T3 N0,B00240,263,247,DISTANT METASTASIS (M),formal_definition_table_candidate,Check wording/category against AJCC manual; edit only if extraction merged/split rows incorrectly.
AJCC7,Exocrine and Endocrine Pancreas,M,M0,IIB T1 N1,B00240,263,247,DISTANT METASTASIS (M),formal_definition_table_candidate,Check wording/category against AJCC manual; edit only if extraction merged/split rows incorrectly.
AJCC7,Exocrine and Endocrine Pancreas,M,M0,T2 N1,B00240,263,247,DISTANT METASTASIS (M),formal_definition_table_candidate,Check wording/category against AJCC manual; edit only if extraction merged/split rows incorrectly.
AJCC7,Exocrine and Endocrine Pancreas,M,M0,T3 N1,B00240,263,247,DISTANT METASTASIS (M),formal_definition_table_candidate,Check wording/category against AJCC manual; edit only if extraction merged/split rows incorrectly.
AJCC7,Exocrine and Endocrine Pancreas,M,M0,III T4 Any N,B00240,263,247,DISTANT METASTASIS (M),formal_definition_table_candidate,Check wording/category against AJCC manual; edit only if extraction merged/split rows incorrectly.
AJCC7,Exocrine and Endocrine Pancreas,M,M0,IV Any T Any N,B00240,263,247,DISTANT METASTASIS (M),formal_definition_table_candidate,Check wording/category against AJCC manual; edit only if extraction merged/split rows incorrectly.
AJCC7,Exocrine and Endocrine Pancreas,M,M1,PATHOLOGIC GROUP T N M 0 Tis N0,B00240,263,247,DISTANT METASTASIS (M),formal_definition_table_candidate,Check wording/category against AJCC manual; edit only if extraction merged/split rows incorrectly.
AJCC7,Exocrine and Endocrine Pancreas,M,M1,Stage unknown Stage unknown,B00240,263,247,DISTANT METASTASIS (M),formal_definition_table_candidate,Check wording/category against AJCC manual; edit only if extraction merged/split rows incorrectly.
AJCC7,Lung,T,TX,"Primary tumor cannot be assessed, or tumor proven by the presence of malignant cells in spu- tum or bronchial washings but not visualized by imaging or bronchoscopy",B00245,279,263,Primary Tumor (T),formal_definition_table_candidate,Check wording/category against AJCC manual; edit only if extraction merged/split rows incorrectly.
AJCC7,Lung,T,T0,No evidence of primary tumor,B00245,279,263,Primary Tumor (T),formal_definition_table_candidate,Check wording/category against AJCC manual; edit only if extraction merged/split rows incorrectly.
AJCC7,Lung,T,Tis,Carcinoma in situ,B00245,279,263,Primary Tumor (T),formal_definition_table_candidate,Check wording/category against AJCC manual; edit only if extraction merged/split rows incorrectly.
AJCC7,Lung,T,T1,"Tumor 3 cm or less in greatest dimension, sur- rounded by lung or visceral pleura, without bron- choscopic evidence of invasion more proximal than the lobar bronchus (i.e., not in the main bronchus)*",B00245,279,263,Primary Tumor (T),formal_definition_table_candidate,Check wording/category against AJCC manual; edit only if extraction merged/split rows incorrectly.
AJCC7,Lung,T,T1a,Tumor 2 cm or less in greatest dimension,B00245,279,263,Primary Tumor (T),formal_definition_table_candidate,Check wording/category against AJCC manual; edit only if extraction merged/split rows incorrectly.
AJCC7,Lung,T,T1b,Tumor more than 2 cm but 3 cm or less in greatest dimension,B00245,279,263,Primary Tumor (T),formal_definition_table_candidate,Check wording/category against AJCC manual; edit only if extraction merged/split rows incorrectly.
AJCC7,Lung,T,T2,"Tumor more than 3 cm but 7 cm or less or tumor with any of the following features (T2 tumors with these features are classifi ed T2a if 5 cm or less); Involves main bronchus, 2 cm or more distal to the carina; Invades visceral pleura (PL1 or PL2); Associated with atelectasis or obstructive pneumonitis that extends to the hilar region but does not involve the entire lung",B00245,279,263,Primary Tumor (T),formal_definition_table_candidate,Check wording/category against AJCC manual; edit only if extraction merged/split rows incorrectly.
AJCC7,Lung,T,T2a,Tumor more than 3 cm but 5 cm or less in greatest dimension,B00245,279,263,Primary Tumor (T),formal_definition_table_candidate,Check wording/category against AJCC manual; edit only if extraction merged/split rows incorrectly.
AJCC7,Lung,T,T2b,Tumor more than 5 cm but 7 cm or less in greatest dimension,B00245,279,263,Primary Tumor (T),formal_definition_table_candidate,Check wording/category against AJCC manual; edit only if extraction merged/split rows incorrectly.
AJCC7,Lung,T,T3,"Tumor more than 7 cm or one that directly invades any of the following: parietal pleural (PL3), chest wall (including superior sulcus tumors), dia- phragm, phrenic nerve, mediastinal pleura, pari- etal pericardium; or tumor in the main bronchus (less than 2 cm distal to the carina* but without involvement of the carina; or associated atelecta- sis or obstructive pneumonitis of the entire lung or separate tumor nodule(s) in the same lobe",B00245,279,263,Primary Tumor (T),formal_definition_table_candidate,Check wording/category against AJCC manual; edit only if extraction merged/split rows incorrectly.
AJCC7,Lung,T,T4,"Tumor of any size that invades any of the follow- ing: mediastinum, heart, great vessels, trachea, recurrent laryngeal nerve, esophagus, vertebral body, carina, separate tumor nodule(s) in a differ- ent ipsilateral lobe * The uncommon superfi cial spreading tumor of any size with its invasive component limited to the bronchial wall, which may extend proximally to the main bronchus, is also classifi ed as T1a.",B00245,279,263,Primary Tumor (T),formal_definition_table_candidate,Check wording/category against AJCC manual; edit only if extraction merged/split rows incorrectly.
AJCC7,Lung,N,NX,Regional lymph nodes cannot be assessed,B00246,279,263,Regional Lymph Nodes (N),formal_definition_table_candidate,Check wording/category against AJCC manual; edit only if extraction merged/split rows incorrectly.
AJCC7,Lung,N,N0,No regional lymph node metastases,B00246,279,263,Regional Lymph Nodes (N),formal_definition_table_candidate,Check wording/category against AJCC manual; edit only if extraction merged/split rows incorrectly.
AJCC7,Lung,N,N1,"Metastasis in ipsilateral peribronchial and/or ipsilat- eral hilar lymph nodes and intrapulmonary nodes, including involvement by direct extension",B00246,279,263,Regional Lymph Nodes (N),formal_definition_table_candidate,Check wording/category against AJCC manual; edit only if extraction merged/split rows incorrectly.
AJCC7,Lung,N,N2,Metastasis in ipsilateral mediastinal and/or subcari- nal lymph node(s),B00246,279,263,Regional Lymph Nodes (N),formal_definition_table_candidate,Check wording/category against AJCC manual; edit only if extraction merged/split rows incorrectly.
AJCC7,Lung,N,N3,"Metastasis in contralateral mediastinal, contral- ateral hilar, ipsilateral or contralateral scalene, or supraclavicular lymph node(s)",B00246,279,263,Regional Lymph Nodes (N),formal_definition_table_candidate,Check wording/category against AJCC manual; edit only if extraction merged/split rows incorrectly.
AJCC7,Lung,M,M0,No distant metastasis,B00247,279,263,Distant Metastasis (M),formal_definition_table_candidate,Check wording/category against AJCC manual; edit only if extraction merged/split rows incorrectly.
AJCC7,Lung,M,M1,Distant metastasis,B00247,279,263,Distant Metastasis (M),formal_definition_table_candidate,Check wording/category against AJCC manual; edit only if extraction merged/split rows incorrectly.
AJCC7,Lung,M,M1a,Separate tumor nodule(s) in a contralateral lobe tumor with pleural nodules or malignant pleural (or pericardial) effusion*,B00247,279,263,Distant Metastasis (M),formal_definition_table_candidate,Check wording/category against AJCC manual; edit only if extraction merged/split rows incorrectly.
AJCC7,Lung,M,M1b,"Distant metastasis (in extrathoracic organs) From Goldstraw P, Crowley J, Chansky K, et al.: The IASLC Lung Cancer Staging Project: Proposals for the revision of the TNM stage groupings in the forthcoming (seventh) edition of the TNM classifi cation of malignant tumours. J Thorac Oncol 2:706-714, 2007, with permission. * Most pleural (and pericardial) effusions with lung cancer are due to tumor. In a few patients, however, multiple cytopatho- logic examinations of pleural (pericardial) fl uid are negative for tumor, and the fl uid is nonbloody and is not an exudate. Where these elements and clinical judgment dictate that the effusion is not related to the tumor, the effusion should be excluded as a staging element and the patient should be classifi ed as M0.",B00247,279,263,Distant Metastasis (M),formal_definition_table_candidate,Check wording/category against AJCC manual; edit only if extraction merged/split rows incorrectly.
AJCC7,Lung,T,T4,NX N0 N1 N2 N3,B00249,283,267,PRIMARY TUMOR (T),formal_definition_table_candidate,Check wording/category against AJCC manual; edit only if extraction merged/split rows incorrectly.
AJCC7,Lung,N,N3,M0 M1 M1a M1b,B00250,283,267,REGIONAL LYMPH NODES (N),formal_definition_table_candidate,Check wording/category against AJCC manual; edit only if extraction merged/split rows incorrectly.
AJCC7,Pleural Mesothelioma,T,TX,Primary tumor cannot be assessed,B00255,288,272,Primary Tumor (T),formal_definition_table_candidate,Check wording/category against AJCC manual; edit only if extraction merged/split rows incorrectly.
AJCC7,Pleural Mesothelioma,T,T0,No evidence of primary tumor,B00255,288,272,Primary Tumor (T),formal_definition_table_candidate,Check wording/category against AJCC manual; edit only if extraction merged/split rows incorrectly.
AJCC7,Pleural Mesothelioma,T,T1,Tumor limited to the ipsilateral parietal pleura with or without mediastinal pleura and with or without diaphragmatic pleural involvement,B00255,288,272,Primary Tumor (T),formal_definition_table_candidate,Check wording/category against AJCC manual; edit only if extraction merged/split rows incorrectly.
AJCC7,Pleural Mesothelioma,T,T1a,No involvement of the visceral pleura,B00255,288,272,Primary Tumor (T),formal_definition_table_candidate,Check wording/category against AJCC manual; edit only if extraction merged/split rows incorrectly.
AJCC7,Pleural Mesothelioma,T,T1b,Tumor also involving the visceral pleura,B00255,288,272,Primary Tumor (T),formal_definition_table_candidate,Check wording/category against AJCC manual; edit only if extraction merged/split rows incorrectly.
AJCC7,Pleural Mesothelioma,T,T2,"Tumor involving each of the ipsilateral pleural surfaces (parietal, mediastinal, diaphragmatic, and visceral pleura) with at least one of the following: Involvement of diaphragmatic muscle Extension of tumor from visceral pleura into the underlying pulmonary parenchyma",B00255,288,272,Primary Tumor (T),formal_definition_table_candidate,Check wording/category against AJCC manual; edit only if extraction merged/split rows incorrectly.
AJCC7,Pleural Mesothelioma,T,T3,"Locally advanced but potentially resectable tumor Tumor involving all of the ipsilateral pleural surfaces (parietal, mediastinal, diaphragmatic, and visceral pleura) with at least one of the following: Involvement of the endothoracic fascia Extension into the mediastinal fat Solitary, completely resectable focus of tumor extending into the soft tissues of the chest wall Nontransmural involvement of the peri- cardium",B00255,288,272,Primary Tumor (T),formal_definition_table_candidate,Check wording/category against AJCC manual; edit only if extraction merged/split rows incorrectly.
AJCC7,Pleural Mesothelioma,T,T4,"Locally advanced technically unresectable tumor Tumor involving all of the ipsilateral pleural surfaces (parietal, mediastinal, diaphragmatic, and visceral pleura) with at least one of the following: Diffuse extension or multifocal masses of tumor in the chest wall, with or without asso- ciated rib destruction Direct transdiaphragmatic extension of tumor to the peritoneum Direct extension of tumor to the contralateral pleura Direct extension of tumor to mediastinal organs Direct extension of tumor into the spine In order to view this proof accurately, the Overprint Preview Option must be set to Always in Acrobat Professional or Adobe Reader. Please contact your Customer Service Representative if you have questions about finding this option. Job Name: -- /381449t",B00255,288,272,Primary Tumor (T),formal_definition_table_candidate,Check wording/category against AJCC manual; edit only if extraction merged/split rows incorrectly.
AJCC7,Pleural Mesothelioma,N,NX,Regional lymph nodes cannot be assessed,B00256,289,273,Regional Lymph Nodes (N),formal_definition_table_candidate,Check wording/category against AJCC manual; edit only if extraction merged/split rows incorrectly.
AJCC7,Pleural Mesothelioma,N,N0,No regional lymph node metastases,B00256,289,273,Regional Lymph Nodes (N),formal_definition_table_candidate,Check wording/category against AJCC manual; edit only if extraction merged/split rows incorrectly.
AJCC7,Pleural Mesothelioma,N,N1,Metastases in the ipsilateral bronchopulmonary or hilar lymph nodes,B00256,289,273,Regional Lymph Nodes (N),formal_definition_table_candidate,Check wording/category against AJCC manual; edit only if extraction merged/split rows incorrectly.
AJCC7,Pleural Mesothelioma,N,N2,Metastases in the subcarinal or the ipsilateral medi- astinal lymph nodes including the ipsilateral internal mammary and peridiaphragmatic nodes,B00256,289,273,Regional Lymph Nodes (N),formal_definition_table_candidate,Check wording/category against AJCC manual; edit only if extraction merged/split rows incorrectly.
AJCC7,Pleural Mesothelioma,N,N3,"Metastases in the contralateral mediastinal, contral- ateral internal mammary, ipsilateral or contralateral supraclavicular lymph nodes",B00256,289,273,Regional Lymph Nodes (N),formal_definition_table_candidate,Check wording/category against AJCC manual; edit only if extraction merged/split rows incorrectly.
AJCC7,Pleural Mesothelioma,G,GX,Grade cannot be assessed,B00258,289,273,HISTOLOGIC GRADE (G),formal_definition_table_candidate,Check wording/category against AJCC manual; edit only if extraction merged/split rows incorrectly.
AJCC7,Pleural Mesothelioma,G,G1,Well differentiated,B00258,289,273,HISTOLOGIC GRADE (G),formal_definition_table_candidate,Check wording/category against AJCC manual; edit only if extraction merged/split rows incorrectly.
AJCC7,Pleural Mesothelioma,G,G2,Moderately differentiated,B00258,289,273,HISTOLOGIC GRADE (G),formal_definition_table_candidate,Check wording/category against AJCC manual; edit only if extraction merged/split rows incorrectly.
AJCC7,Pleural Mesothelioma,G,G3,Poorly differentiated,B00258,289,273,HISTOLOGIC GRADE (G),formal_definition_table_candidate,Check wording/category against AJCC manual; edit only if extraction merged/split rows incorrectly.
AJCC7,Pleural Mesothelioma,G,G4,Undifferentiated,B00258,289,273,HISTOLOGIC GRADE (G),formal_definition_table_candidate,Check wording/category against AJCC manual; edit only if extraction merged/split rows incorrectly.
AJCC7,Pleural Mesothelioma,T,T0,Primary tumor cannot be assessed No evidence of primary tumor,B00259,291,275,PRIMARY TUMOR (T),formal_definition_table_candidate,Check wording/category against AJCC manual; edit only if extraction merged/split rows incorrectly.
AJCC7,Pleural Mesothelioma,T,T4,NX N0 N1 N2 N3,B00259,291,275,PRIMARY TUMOR (T),formal_definition_table_candidate,Check wording/category against AJCC manual; edit only if extraction merged/split rows incorrectly.
AJCC7,Pleural Mesothelioma,N,N3,M0 M1,B00260,291,275,REGIONAL LYMPH NODES (N),formal_definition_table_candidate,Check wording/category against AJCC manual; edit only if extraction merged/split rows incorrectly.
AJCC7,Bone,T,TX,Primary tumor cannot be assessed,B00265,300,284,Primary Tumor (T),formal_definition_table_candidate,Check wording/category against AJCC manual; edit only if extraction merged/split rows incorrectly.
AJCC7,Bone,T,T0,No evidence of primary tumor,B00265,300,284,Primary Tumor (T),formal_definition_table_candidate,Check wording/category against AJCC manual; edit only if extraction merged/split rows incorrectly.
AJCC7,Bone,T,T1,Tumor 8 cm or less in greatest dimension,B00265,300,284,Primary Tumor (T),formal_definition_table_candidate,Check wording/category against AJCC manual; edit only if extraction merged/split rows incorrectly.
AJCC7,Bone,T,T2,Tumor more than 8 cm in greatest dimension,B00265,300,284,Primary Tumor (T),formal_definition_table_candidate,Check wording/category against AJCC manual; edit only if extraction merged/split rows incorrectly.
AJCC7,Bone,T,T3,Discontinuous tumors in the primary bone site,B00265,300,284,Primary Tumor (T),formal_definition_table_candidate,Check wording/category against AJCC manual; edit only if extraction merged/split rows incorrectly.
AJCC7,Bone,N,NX,Regional lymph nodes cannot be assessed,B00266,300,284,Regional Lymph Nodes (N),formal_definition_table_candidate,Check wording/category against AJCC manual; edit only if extraction merged/split rows incorrectly.
AJCC7,Bone,N,N0,No regional lymph node metastasis,B00266,300,284,Regional Lymph Nodes (N),formal_definition_table_candidate,Check wording/category against AJCC manual; edit only if extraction merged/split rows incorrectly.
AJCC7,Bone,N,N1,"Regional lymph node metastasis Note : Because of the rarity of lymph node involvement in bone sarcomas, the designation NX may not be appropri- ate and cases should be considered N0 unless clinical node involvement is clearly evident.",B00266,300,284,Regional Lymph Nodes (N),formal_definition_table_candidate,Check wording/category against AJCC manual; edit only if extraction merged/split rows incorrectly.
AJCC7,Bone,M,M0,No distant metastasis,B00267,300,284,Distant Metastasis (M),formal_definition_table_candidate,Check wording/category against AJCC manual; edit only if extraction merged/split rows incorrectly.
AJCC7,Bone,M,M1,Distant metastasis,B00267,300,284,Distant Metastasis (M),formal_definition_table_candidate,Check wording/category against AJCC manual; edit only if extraction merged/split rows incorrectly.
AJCC7,Bone,M,M1a,Lung,B00267,300,284,Distant Metastasis (M),formal_definition_table_candidate,Check wording/category against AJCC manual; edit only if extraction merged/split rows incorrectly.
AJCC7,Bone,M,M1b,Other distant sites,B00267,300,284,Distant Metastasis (M),formal_definition_table_candidate,Check wording/category against AJCC manual; edit only if extraction merged/split rows incorrectly.
AJCC7,Bone,G,GX,Grade cannot be assessed,B00269,300,284,HISTOLOGIC GRADE (G),formal_definition_table_candidate,Check wording/category against AJCC manual; edit only if extraction merged/split rows incorrectly.
AJCC7,Bone,G,G1,Well differentiated - low grade,B00269,300,284,HISTOLOGIC GRADE (G),formal_definition_table_candidate,Check wording/category against AJCC manual; edit only if extraction merged/split rows incorrectly.
AJCC7,Bone,G,G2,Moderately differentiated - low grade,B00269,300,284,HISTOLOGIC GRADE (G),formal_definition_table_candidate,Check wording/category against AJCC manual; edit only if extraction merged/split rows incorrectly.
AJCC7,Bone,G,G3,Poorly differentiated,B00269,300,284,HISTOLOGIC GRADE (G),formal_definition_table_candidate,Check wording/category against AJCC manual; edit only if extraction merged/split rows incorrectly.
AJCC7,Bone,G,G4,Undifferentiated Note : Ewing’s sarcoma is classifi ed as G4.,B00269,300,284,HISTOLOGIC GRADE (G),formal_definition_table_candidate,Check wording/category against AJCC manual; edit only if extraction merged/split rows incorrectly.
AJCC7,Bone,T,T3,NX N0 N1,B00270,305,289,PRIMARY TUMOR (T),formal_definition_table_candidate,Check wording/category against AJCC manual; edit only if extraction merged/split rows incorrectly.
AJCC7,Bone,N,N1,M0 M1 M1a M1b,B00271,305,289,REGIONAL LYMPH NODES (N),formal_definition_table_candidate,Check wording/category against AJCC manual; edit only if extraction merged/split rows incorrectly.
AJCC7,Bone,M,M1b,GROUP T N M IA T1 N0,B00272,305,289,DISTANT METASTASIS (M),formal_definition_table_candidate,Check wording/category against AJCC manual; edit only if extraction merged/split rows incorrectly.
AJCC7,Bone,M,M0,"G1,2 Low grade GX IB T2 N0",B00272,305,289,DISTANT METASTASIS (M),formal_definition_table_candidate,Check wording/category against AJCC manual; edit only if extraction merged/split rows incorrectly.
AJCC7,Bone,M,M0,"G1,2 Low grade GX IB T3 N0",B00272,305,289,DISTANT METASTASIS (M),formal_definition_table_candidate,Check wording/category against AJCC manual; edit only if extraction merged/split rows incorrectly.
AJCC7,Bone,M,M0,"G1,2 Low grade GX IIA T1 N0",B00272,305,289,DISTANT METASTASIS (M),formal_definition_table_candidate,Check wording/category against AJCC manual; edit only if extraction merged/split rows incorrectly.
AJCC7,Bone,M,M0,"G3,4 High grade IIB T2 N0",B00272,305,289,DISTANT METASTASIS (M),formal_definition_table_candidate,Check wording/category against AJCC manual; edit only if extraction merged/split rows incorrectly.
AJCC7,Bone,M,M0,"G3,4 High grade III T3 N0",B00272,305,289,DISTANT METASTASIS (M),formal_definition_table_candidate,Check wording/category against AJCC manual; edit only if extraction merged/split rows incorrectly.
AJCC7,Bone,M,M0,"G3,4* IVA Any T N0",B00272,305,289,DISTANT METASTASIS (M),formal_definition_table_candidate,Check wording/category against AJCC manual; edit only if extraction merged/split rows incorrectly.
AJCC7,Bone,M,M1a,Any G IVB Any T N1 Any M Any G Any T Any N,B00272,305,289,DISTANT METASTASIS (M),formal_definition_table_candidate,Check wording/category against AJCC manual; edit only if extraction merged/split rows incorrectly.
AJCC7,Bone,M,M1b,Any G * Ewing’s sarcoma is classified as G4. PATHOLOGIC GROUP T N M IA T1 N0,B00272,305,289,DISTANT METASTASIS (M),formal_definition_table_candidate,Check wording/category against AJCC manual; edit only if extraction merged/split rows incorrectly.
AJCC7,Bone,M,M0,"G3,4 High grade High grade High grade III T3 N0",B00272,305,289,DISTANT METASTASIS (M),formal_definition_table_candidate,Check wording/category against AJCC manual; edit only if extraction merged/split rows incorrectly.
AJCC7,Bone,M,M1b,Any G * Ewing’s sarcoma is classified as G4. Stage unknown Stage unknown,B00272,305,289,DISTANT METASTASIS (M),formal_definition_table_candidate,Check wording/category against AJCC manual; edit only if extraction merged/split rows incorrectly.
AJCC7,Soft Tissue Sarcoma,T,TX,Primary tumor cannot be assessed,B00276,311,295,Primary Tumor (T),formal_definition_table_candidate,Check wording/category against AJCC manual; edit only if extraction merged/split rows incorrectly.
AJCC7,Soft Tissue Sarcoma,T,T0,No evidence of primary tumor,B00276,311,295,Primary Tumor (T),formal_definition_table_candidate,Check wording/category against AJCC manual; edit only if extraction merged/split rows incorrectly.
AJCC7,Soft Tissue Sarcoma,T,T1,Tumor 5 cm or less in greatest dimension*,B00276,311,295,Primary Tumor (T),formal_definition_table_candidate,Check wording/category against AJCC manual; edit only if extraction merged/split rows incorrectly.
AJCC7,Soft Tissue Sarcoma,T,T1a,Superfi cial tumor,B00276,311,295,Primary Tumor (T),formal_definition_table_candidate,Check wording/category against AJCC manual; edit only if extraction merged/split rows incorrectly.
AJCC7,Soft Tissue Sarcoma,T,T1b,Deep tumor,B00276,311,295,Primary Tumor (T),formal_definition_table_candidate,Check wording/category against AJCC manual; edit only if extraction merged/split rows incorrectly.
AJCC7,Soft Tissue Sarcoma,T,T2,Tumor more than 5 cm in greatest dimension*,B00276,311,295,Primary Tumor (T),formal_definition_table_candidate,Check wording/category against AJCC manual; edit only if extraction merged/split rows incorrectly.
AJCC7,Soft Tissue Sarcoma,T,T2a,Superfi cial tumor,B00276,311,295,Primary Tumor (T),formal_definition_table_candidate,Check wording/category against AJCC manual; edit only if extraction merged/split rows incorrectly.
AJCC7,Soft Tissue Sarcoma,T,T2b,"Deep tumor * Note : Superfi cial tumor is located exclusively above the superfi cial fascia without invasion of the fascia; deep tumor is located either exclusively beneath the superfi cial fascia, super- fi cial to the fascia with invasion of or through the fascia, or both superfi cial yet beneath the fascia.",B00276,311,295,Primary Tumor (T),formal_definition_table_candidate,Check wording/category against AJCC manual; edit only if extraction merged/split rows incorrectly.
AJCC7,Soft Tissue Sarcoma,N,NX,Regional lymph nodes cannot be assessed,B00277,311,295,Regional Lymph Nodes (N),formal_definition_table_candidate,Check wording/category against AJCC manual; edit only if extraction merged/split rows incorrectly.
AJCC7,Soft Tissue Sarcoma,N,N0,No regional lymph node metastasis N1* Regional lymph node metastasis * Note : Presence of positive nodes (N1) in M0 tumors is considered Stage III.,B00277,311,295,Regional Lymph Nodes (N),formal_definition_table_candidate,Check wording/category against AJCC manual; edit only if extraction merged/split rows incorrectly.
AJCC7,Soft Tissue Sarcoma,G,GX,Grade cannot be assessed,B00279,311,295,HISTOLOGIC GRADE (G),formal_definition_table_candidate,Check wording/category against AJCC manual; edit only if extraction merged/split rows incorrectly.
AJCC7,Soft Tissue Sarcoma,G,G1,Grade 1,B00279,311,295,HISTOLOGIC GRADE (G),formal_definition_table_candidate,Check wording/category against AJCC manual; edit only if extraction merged/split rows incorrectly.
AJCC7,Soft Tissue Sarcoma,G,G2,Grade 2,B00279,311,295,HISTOLOGIC GRADE (G),formal_definition_table_candidate,Check wording/category against AJCC manual; edit only if extraction merged/split rows incorrectly.
AJCC7,Soft Tissue Sarcoma,G,G3,Grade 3,B00279,311,295,HISTOLOGIC GRADE (G),formal_definition_table_candidate,Check wording/category against AJCC manual; edit only if extraction merged/split rows incorrectly.
AJCC7,Soft Tissue Sarcoma,T,T2b,NX N0 N1*,B00280,313,297,PRIMARY TUMOR (T),formal_definition_table_candidate,Check wording/category against AJCC manual; edit only if extraction merged/split rows incorrectly.
AJCC7,Soft Tissue Sarcoma,N,N1,M0 M1,B00281,313,297,REGIONAL LYMPH NODES (N),formal_definition_table_candidate,Check wording/category against AJCC manual; edit only if extraction merged/split rows incorrectly.
AJCC7,Soft Tissue Sarcoma,M,M1,GROUP Grade Grade T N M IA T1a N0,B00282,313,297,DISTANT METASTASIS (M),formal_definition_table_candidate,Check wording/category against AJCC manual; edit only if extraction merged/split rows incorrectly.
AJCC7,Soft Tissue Sarcoma,M,M0,"G1, GX T1b N0",B00282,313,297,DISTANT METASTASIS (M),formal_definition_table_candidate,Check wording/category against AJCC manual; edit only if extraction merged/split rows incorrectly.
AJCC7,Soft Tissue Sarcoma,M,M0,"G1, GX IB T2a N0",B00282,313,297,DISTANT METASTASIS (M),formal_definition_table_candidate,Check wording/category against AJCC manual; edit only if extraction merged/split rows incorrectly.
AJCC7,Soft Tissue Sarcoma,M,M0,"G1, GX T2b N0",B00282,313,297,DISTANT METASTASIS (M),formal_definition_table_candidate,Check wording/category against AJCC manual; edit only if extraction merged/split rows incorrectly.
AJCC7,Soft Tissue Sarcoma,M,M0,"G1, GX IIA T1a N0",B00282,313,297,DISTANT METASTASIS (M),formal_definition_table_candidate,Check wording/category against AJCC manual; edit only if extraction merged/split rows incorrectly.
AJCC7,Soft Tissue Sarcoma,M,M0,"G2, G3 T1b N0",B00282,313,297,DISTANT METASTASIS (M),formal_definition_table_candidate,Check wording/category against AJCC manual; edit only if extraction merged/split rows incorrectly.
AJCC7,Soft Tissue Sarcoma,M,M0,"G2, G3 IIB T2a N0",B00282,313,297,DISTANT METASTASIS (M),formal_definition_table_candidate,Check wording/category against AJCC manual; edit only if extraction merged/split rows incorrectly.
AJCC7,Soft Tissue Sarcoma,M,M0,"G2 III T2a, T2b N0",B00282,313,297,DISTANT METASTASIS (M),formal_definition_table_candidate,Check wording/category against AJCC manual; edit only if extraction merged/split rows incorrectly.
AJCC7,Soft Tissue Sarcoma,M,M0,G3 T2b N0,B00282,313,297,DISTANT METASTASIS (M),formal_definition_table_candidate,Check wording/category against AJCC manual; edit only if extraction merged/split rows incorrectly.
AJCC7,Soft Tissue Sarcoma,M,M0,G2 Any T N1,B00282,313,297,DISTANT METASTASIS (M),formal_definition_table_candidate,Check wording/category against AJCC manual; edit only if extraction merged/split rows incorrectly.
AJCC7,Soft Tissue Sarcoma,M,M0,Any G IV Any T Any N,B00282,313,297,DISTANT METASTASIS (M),formal_definition_table_candidate,Check wording/category against AJCC manual; edit only if extraction merged/split rows incorrectly.
AJCC7,Soft Tissue Sarcoma,M,M1,Any G PATHOLOGIC GROUP T N M IA T1a N0,B00282,313,297,DISTANT METASTASIS (M),formal_definition_table_candidate,Check wording/category against AJCC manual; edit only if extraction merged/split rows incorrectly.
AJCC7,Soft Tissue Sarcoma,M,M1,Any G Stage unknown Stage unknown,B00282,313,297,DISTANT METASTASIS (M),formal_definition_table_candidate,Check wording/category against AJCC manual; edit only if extraction merged/split rows incorrectly.
AJCC7,Cutaneous Squamous Cell Carcinoma and Other Cutaneous Carcinomas,T,TX,Primary tumor cannot be assessed,B00286,323,307,Primary Tumor (T)*,formal_definition_table_candidate,Check wording/category against AJCC manual; edit only if extraction merged/split rows incorrectly.
AJCC7,Cutaneous Squamous Cell Carcinoma and Other Cutaneous Carcinomas,T,T0,No evidence of primary tumor,B00286,323,307,Primary Tumor (T)*,formal_definition_table_candidate,Check wording/category against AJCC manual; edit only if extraction merged/split rows incorrectly.
AJCC7,Cutaneous Squamous Cell Carcinoma and Other Cutaneous Carcinomas,T,Tis,Carcinoma in situ,B00286,323,307,Primary Tumor (T)*,formal_definition_table_candidate,Check wording/category against AJCC manual; edit only if extraction merged/split rows incorrectly.
AJCC7,Cutaneous Squamous Cell Carcinoma and Other Cutaneous Carcinomas,T,T1,Tumor 2 cm or less in greatest dimension with less than two high-risk features**,B00286,323,307,Primary Tumor (T)*,formal_definition_table_candidate,Check wording/category against AJCC manual; edit only if extraction merged/split rows incorrectly.
AJCC7,Cutaneous Squamous Cell Carcinoma and Other Cutaneous Carcinomas,T,T2,Tumor greater than 2 cm in greatest dimension or Tumor any size with two or more high-risk features**,B00286,323,307,Primary Tumor (T)*,formal_definition_table_candidate,Check wording/category against AJCC manual; edit only if extraction merged/split rows incorrectly.
AJCC7,Cutaneous Squamous Cell Carcinoma and Other Cutaneous Carcinomas,T,T3,"Tumor with invasion of maxilla, mandible, orbit, or temporal bone",B00286,323,307,Primary Tumor (T)*,formal_definition_table_candidate,Check wording/category against AJCC manual; edit only if extraction merged/split rows incorrectly.
AJCC7,Cutaneous Squamous Cell Carcinoma and Other Cutaneous Carcinomas,T,T4,Tumor with invasion of skeleton (axial or appen- dicular) or perineural invasion of skull base * Excludes cSCC of the eyelid (see Chap. 48). ** High-risk features for the primary tumor (T) staging Depth/invasion >2 mm thickness Clark level >=IV Perineural invasion Anatomic location Primary site ear Primary site hair-bearing lip Differentiation Poorly differentiated or undifferentiated,B00286,323,307,Primary Tumor (T)*,formal_definition_table_candidate,Check wording/category against AJCC manual; edit only if extraction merged/split rows incorrectly.
AJCC7,Cutaneous Squamous Cell Carcinoma and Other Cutaneous Carcinomas,N,NX,Regional lymph nodes cannot be assessed,B00287,323,307,Regional Lymph Nodes (N),formal_definition_table_candidate,Check wording/category against AJCC manual; edit only if extraction merged/split rows incorrectly.
AJCC7,Cutaneous Squamous Cell Carcinoma and Other Cutaneous Carcinomas,N,N0,No regional lymph node metastases,B00287,323,307,Regional Lymph Nodes (N),formal_definition_table_candidate,Check wording/category against AJCC manual; edit only if extraction merged/split rows incorrectly.
AJCC7,Cutaneous Squamous Cell Carcinoma and Other Cutaneous Carcinomas,N,N1,"Metastasis in a single ipsilateral lymph node, 3 cm or less in greatest dimension",B00287,323,307,Regional Lymph Nodes (N),formal_definition_table_candidate,Check wording/category against AJCC manual; edit only if extraction merged/split rows incorrectly.
AJCC7,Cutaneous Squamous Cell Carcinoma and Other Cutaneous Carcinomas,N,N2,"Metastasis in a single ipsilateral lymph node, more than 3 cm but not more than 6 cm in great- est dimension; or in multiple ipsilateral lymph nodes, none more than 6 cm in greatest dimen- sion; or in bilateral or contralateral lymph nodes, none more than 6 cm in greatest dimension",B00287,323,307,Regional Lymph Nodes (N),formal_definition_table_candidate,Check wording/category against AJCC manual; edit only if extraction merged/split rows incorrectly.
AJCC7,Cutaneous Squamous Cell Carcinoma and Other Cutaneous Carcinomas,N,N2a,"Metastasis in a single ipsilateral lymph node, more than 3 cm but not more than 6 cm in great- est dimension",B00287,323,307,Regional Lymph Nodes (N),formal_definition_table_candidate,Check wording/category against AJCC manual; edit only if extraction merged/split rows incorrectly.
AJCC7,Cutaneous Squamous Cell Carcinoma and Other Cutaneous Carcinomas,N,N2b,"Metastasis in multiple ipsilateral lymph nodes, none more than 6 cm in greatest dimension",B00287,323,307,Regional Lymph Nodes (N),formal_definition_table_candidate,Check wording/category against AJCC manual; edit only if extraction merged/split rows incorrectly.
AJCC7,Cutaneous Squamous Cell Carcinoma and Other Cutaneous Carcinomas,N,N2c,"Metastasis in bilateral or contralateral lymph nodes, none more than 6 cm in greatest dimension",B00287,323,307,Regional Lymph Nodes (N),formal_definition_table_candidate,Check wording/category against AJCC manual; edit only if extraction merged/split rows incorrectly.
AJCC7,Cutaneous Squamous Cell Carcinoma and Other Cutaneous Carcinomas,N,N3,"Metastasis in a lymph node, more than 6 cm in greatest dimension In order to view this proof accurately, the Overprint Preview Option must be set to Always in Acrobat Professional or Adobe Reader. Please contact your Customer Service Representative if you have questions about finding this option. Job Name: -- /381449t",B00287,323,307,Regional Lymph Nodes (N),formal_definition_table_candidate,Check wording/category against AJCC manual; edit only if extraction merged/split rows incorrectly.
AJCC7,Cutaneous Squamous Cell Carcinoma and Other Cutaneous Carcinomas,G,GX,Grade cannot be assessed,B00289,324,308,HISTOLOGIC GRADE (G),formal_definition_table_candidate,Check wording/category against AJCC manual; edit only if extraction merged/split rows incorrectly.
AJCC7,Cutaneous Squamous Cell Carcinoma and Other Cutaneous Carcinomas,G,G1,Well differentiated,B00289,324,308,HISTOLOGIC GRADE (G),formal_definition_table_candidate,Check wording/category against AJCC manual; edit only if extraction merged/split rows incorrectly.
AJCC7,Cutaneous Squamous Cell Carcinoma and Other Cutaneous Carcinomas,G,G2,Moderately differentiated,B00289,324,308,HISTOLOGIC GRADE (G),formal_definition_table_candidate,Check wording/category against AJCC manual; edit only if extraction merged/split rows incorrectly.
AJCC7,Cutaneous Squamous Cell Carcinoma and Other Cutaneous Carcinomas,G,G3,Poorly differentiated,B00289,324,308,HISTOLOGIC GRADE (G),formal_definition_table_candidate,Check wording/category against AJCC manual; edit only if extraction merged/split rows incorrectly.
AJCC7,Cutaneous Squamous Cell Carcinoma and Other Cutaneous Carcinomas,G,G4,Undifferentiated,B00289,324,308,HISTOLOGIC GRADE (G),formal_definition_table_candidate,Check wording/category against AJCC manual; edit only if extraction merged/split rows incorrectly.
AJCC7,Cutaneous Squamous Cell Carcinoma and Other Cutaneous Carcinomas,T,T4,NX N0 N1 N2 N2a N2b N2c N3,B00290,327,311,PRIMARY TUMOR (T)*,formal_definition_table_candidate,Check wording/category against AJCC manual; edit only if extraction merged/split rows incorrectly.
AJCC7,Cutaneous Squamous Cell Carcinoma and Other Cutaneous Carcinomas,N,N3,M0 M1,B00291,327,311,REGIONAL LYMPH NODES (N),formal_definition_table_candidate,Check wording/category against AJCC manual; edit only if extraction merged/split rows incorrectly.
AJCC7,Merkel Cell Carcinoma,T,TX,Primary tumor cannot be assessed,B00296,334,318,Primary Tumor (T),formal_definition_table_candidate,Check wording/category against AJCC manual; edit only if extraction merged/split rows incorrectly.
AJCC7,Merkel Cell Carcinoma,T,T0,"No evidence of primary tumor (e.g., nodal/meta- static presentation without associated primary)",B00296,334,318,Primary Tumor (T),formal_definition_table_candidate,Check wording/category against AJCC manual; edit only if extraction merged/split rows incorrectly.
AJCC7,Merkel Cell Carcinoma,T,Tis,In situ primary tumor,B00296,334,318,Primary Tumor (T),formal_definition_table_candidate,Check wording/category against AJCC manual; edit only if extraction merged/split rows incorrectly.
AJCC7,Merkel Cell Carcinoma,T,T1,Less than or equal to 2 cm maximum tumor dimension,B00296,334,318,Primary Tumor (T),formal_definition_table_candidate,Check wording/category against AJCC manual; edit only if extraction merged/split rows incorrectly.
AJCC7,Merkel Cell Carcinoma,T,T2,Greater than 2 cm but not more than 5 cm maxi- mum tumor dimension,B00296,334,318,Primary Tumor (T),formal_definition_table_candidate,Check wording/category against AJCC manual; edit only if extraction merged/split rows incorrectly.
AJCC7,Merkel Cell Carcinoma,T,T3,Over 5 cm maximum tumor dimension,B00296,334,318,Primary Tumor (T),formal_definition_table_candidate,Check wording/category against AJCC manual; edit only if extraction merged/split rows incorrectly.
AJCC7,Merkel Cell Carcinoma,T,T4,"Primary tumor invades bone, muscle, fascia, or cartilage",B00296,334,318,Primary Tumor (T),formal_definition_table_candidate,Check wording/category against AJCC manual; edit only if extraction merged/split rows incorrectly.
AJCC7,Merkel Cell Carcinoma,N,NX,Regional lymph nodes cannot be assessed,B00297,334,318,Regional Lymph Nodes (N),formal_definition_table_candidate,Check wording/category against AJCC manual; edit only if extraction merged/split rows incorrectly.
AJCC7,Merkel Cell Carcinoma,N,N0,No regional lymph node metastasis,B00297,334,318,Regional Lymph Nodes (N),formal_definition_table_candidate,Check wording/category against AJCC manual; edit only if extraction merged/split rows incorrectly.
AJCC7,Merkel Cell Carcinoma,N,cN0,Nodes negative by clinical exam* (no pathologic node exam performed),B00297,334,318,Regional Lymph Nodes (N),formal_definition_table_candidate,Check wording/category against AJCC manual; edit only if extraction merged/split rows incorrectly.
AJCC7,Merkel Cell Carcinoma,N,pN0,Nodes negative by pathologic exam,B00297,334,318,Regional Lymph Nodes (N),formal_definition_table_candidate,Check wording/category against AJCC manual; edit only if extraction merged/split rows incorrectly.
AJCC7,Merkel Cell Carcinoma,N,N1,Metastasis in regional lymph node(s),B00297,334,318,Regional Lymph Nodes (N),formal_definition_table_candidate,Check wording/category against AJCC manual; edit only if extraction merged/split rows incorrectly.
AJCC7,Merkel Cell Carcinoma,N,N1a,Micrometastasis**,B00297,334,318,Regional Lymph Nodes (N),formal_definition_table_candidate,Check wording/category against AJCC manual; edit only if extraction merged/split rows incorrectly.
AJCC7,Merkel Cell Carcinoma,N,N1b,Macrometastasis***,B00297,334,318,Regional Lymph Nodes (N),formal_definition_table_candidate,Check wording/category against AJCC manual; edit only if extraction merged/split rows incorrectly.
AJCC7,Merkel Cell Carcinoma,N,N2,"In transit metastasis**** * Clinical detection of nodal disease may be via inspection, palpation, and/or imaging. ** Isolated tumor cells in a lymph node are classifi ed as micrometastases (N1a) and the presence of isolated tumor cells recorded using the prognostic factor. Micrometastases are diagnosed after sentinel or elective lymphadenectomy. *** Macrometastases are defi ned as clinically detectable nodal metastases confi rmed by therapeutic lymphadenectomy or needle biopsy. **** In transit metastasis: a tumor distinct from the primary lesion and located either (1) between the primary lesion and the drain- ing regional lymph nodes or (2) distal to the primary lesion.",B00297,334,318,Regional Lymph Nodes (N),formal_definition_table_candidate,Check wording/category against AJCC manual; edit only if extraction merged/split rows incorrectly.
AJCC7,Merkel Cell Carcinoma,M,M0,No distant metastasis,B00298,334,318,Distant Metastasis (M),formal_definition_table_candidate,Check wording/category against AJCC manual; edit only if extraction merged/split rows incorrectly.
AJCC7,Merkel Cell Carcinoma,M,M1,Metastasis beyond regional lymph nodes,B00298,334,318,Distant Metastasis (M),formal_definition_table_candidate,Check wording/category against AJCC manual; edit only if extraction merged/split rows incorrectly.
AJCC7,Merkel Cell Carcinoma,M,M1a,"Metastasis to skin, subcutaneous tissues or distant lymph nodes",B00298,334,318,Distant Metastasis (M),formal_definition_table_candidate,Check wording/category against AJCC manual; edit only if extraction merged/split rows incorrectly.
AJCC7,Merkel Cell Carcinoma,M,M1b,Metastasis to lung,B00298,334,318,Distant Metastasis (M),formal_definition_table_candidate,Check wording/category against AJCC manual; edit only if extraction merged/split rows incorrectly.
AJCC7,Merkel Cell Carcinoma,M,M1c,Metastasis to all other visceral sites,B00298,334,318,Distant Metastasis (M),formal_definition_table_candidate,Check wording/category against AJCC manual; edit only if extraction merged/split rows incorrectly.
AJCC7,Merkel Cell Carcinoma,T,T4,NX N0 cN0 N2 N1,B00301,337,321,PRIMARY TUMOR (T),formal_definition_table_candidate,Check wording/category against AJCC manual; edit only if extraction merged/split rows incorrectly.
AJCC7,Merkel Cell Carcinoma,N,N2,M0 M1 M1a M1b M1c,B00302,337,321,REGIONAL LYMPH NODES (N),formal_definition_table_candidate,Check wording/category against AJCC manual; edit only if extraction merged/split rows incorrectly.
AJCC7,Merkel Cell Carcinoma,M,M1c,GROUP T N M 0 Tis N0,B00303,337,321,DISTANT METASTASIS (M),formal_definition_table_candidate,Check wording/category against AJCC manual; edit only if extraction merged/split rows incorrectly.
AJCC7,Merkel Cell Carcinoma,M,M0,IB T1 N0,B00303,337,321,DISTANT METASTASIS (M),formal_definition_table_candidate,Check wording/category against AJCC manual; edit only if extraction merged/split rows incorrectly.
AJCC7,Merkel Cell Carcinoma,M,M0,IIB T2/T3 N0,B00303,337,321,DISTANT METASTASIS (M),formal_definition_table_candidate,Check wording/category against AJCC manual; edit only if extraction merged/split rows incorrectly.
AJCC7,Merkel Cell Carcinoma,M,M0,IIC T4 N0,B00303,337,321,DISTANT METASTASIS (M),formal_definition_table_candidate,Check wording/category against AJCC manual; edit only if extraction merged/split rows incorrectly.
AJCC7,Merkel Cell Carcinoma,M,M0,IIIB Any T cN1/N1b/N2 M0 IV Any T Any N,B00303,337,321,DISTANT METASTASIS (M),formal_definition_table_candidate,Check wording/category against AJCC manual; edit only if extraction merged/split rows incorrectly.
AJCC7,Merkel Cell Carcinoma,M,M1,PATHOLOGIC GROUP T N M 0 Tis N0,B00303,337,321,DISTANT METASTASIS (M),formal_definition_table_candidate,Check wording/category against AJCC manual; edit only if extraction merged/split rows incorrectly.
AJCC7,Merkel Cell Carcinoma,M,M0,IA T1 pN0,B00303,337,321,DISTANT METASTASIS (M),formal_definition_table_candidate,Check wording/category against AJCC manual; edit only if extraction merged/split rows incorrectly.
AJCC7,Merkel Cell Carcinoma,M,M0,IIA T2/T3 pN0,B00303,337,321,DISTANT METASTASIS (M),formal_definition_table_candidate,Check wording/category against AJCC manual; edit only if extraction merged/split rows incorrectly.
AJCC7,Merkel Cell Carcinoma,M,M0,IIIA Any T N1a,B00303,337,321,DISTANT METASTASIS (M),formal_definition_table_candidate,Check wording/category against AJCC manual; edit only if extraction merged/split rows incorrectly.
AJCC7,Merkel Cell Carcinoma,M,M0,IIIB Any T N1b/N2,B00303,337,321,DISTANT METASTASIS (M),formal_definition_table_candidate,Check wording/category against AJCC manual; edit only if extraction merged/split rows incorrectly.
AJCC7,Merkel Cell Carcinoma,M,M0,IV Any T Any N,B00303,337,321,DISTANT METASTASIS (M),formal_definition_table_candidate,Check wording/category against AJCC manual; edit only if extraction merged/split rows incorrectly.
AJCC7,Merkel Cell Carcinoma,M,M1,Stage unknown Stage unknown,B00303,337,321,DISTANT METASTASIS (M),formal_definition_table_candidate,Check wording/category against AJCC manual; edit only if extraction merged/split rows incorrectly.
AJCC7,Melanoma of the Skin,T,TX,"Primary tumor cannot be assessed (e.g., curettaged or severely regressed melanoma)",B00308,351,335,Primary Tumor (T),formal_definition_table_candidate,Check wording/category against AJCC manual; edit only if extraction merged/split rows incorrectly.
AJCC7,Melanoma of the Skin,T,T0,No evidence of primary tumor,B00308,351,335,Primary Tumor (T),formal_definition_table_candidate,Check wording/category against AJCC manual; edit only if extraction merged/split rows incorrectly.
AJCC7,Melanoma of the Skin,T,Tis,Melanoma in situ,B00308,351,335,Primary Tumor (T),formal_definition_table_candidate,Check wording/category against AJCC manual; edit only if extraction merged/split rows incorrectly.
AJCC7,Melanoma of the Skin,T,T1,Melanomas 1.0 mm or less in thickness,B00308,351,335,Primary Tumor (T),formal_definition_table_candidate,Check wording/category against AJCC manual; edit only if extraction merged/split rows incorrectly.
AJCC7,Melanoma of the Skin,T,T2,Melanomas 1.01-2.0 mm,B00308,351,335,Primary Tumor (T),formal_definition_table_candidate,Check wording/category against AJCC manual; edit only if extraction merged/split rows incorrectly.
AJCC7,Melanoma of the Skin,T,T3,Melanomas 2.01-4.0 mm,B00308,351,335,Primary Tumor (T),formal_definition_table_candidate,Check wording/category against AJCC manual; edit only if extraction merged/split rows incorrectly.
AJCC7,Melanoma of the Skin,T,T4,Melanomas more than 4.0 mm Note : a and b subcategories of T are assigned based on ulcera- tion and number of mitoses per mm 2 as shown below: T classifi cation Thickness (mm) Ulceration Status/Mitoses,B00308,351,335,Primary Tumor (T),formal_definition_table_candidate,Check wording/category against AJCC manual; edit only if extraction merged/split rows incorrectly.
AJCC7,Melanoma of the Skin,T,T1,<= 1.0 a: w/o ulceration and mitosis <1/mm 2 b: with ulceration or mitoses >= 1/mm 2,B00308,351,335,Primary Tumor (T),formal_definition_table_candidate,Check wording/category against AJCC manual; edit only if extraction merged/split rows incorrectly.
AJCC7,Melanoma of the Skin,T,T2,1.01-2.0 a: w/o ulceration b: with ulceration,B00308,351,335,Primary Tumor (T),formal_definition_table_candidate,Check wording/category against AJCC manual; edit only if extraction merged/split rows incorrectly.
AJCC7,Melanoma of the Skin,T,T3,2.01-4.0 a: w/o ulceration b: with ulceration,B00308,351,335,Primary Tumor (T),formal_definition_table_candidate,Check wording/category against AJCC manual; edit only if extraction merged/split rows incorrectly.
AJCC7,Melanoma of the Skin,T,T4,">4.0 a: w/o ulceration b: with ulceration In order to view this proof accurately, the Overprint Preview Option must be set to Always in Acrobat Professional or Adobe Reader. Please contact your Customer Service Representative if you have questions about finding this option. Job Name: -- /381449t",B00308,351,335,Primary Tumor (T),formal_definition_table_candidate,Check wording/category against AJCC manual; edit only if extraction merged/split rows incorrectly.
AJCC7,Melanoma of the Skin,N,NX,"Patients in whom the regional nodes cannot be assessed (e.g., previously removed for another reason)",B00309,352,336,Regional Lymph Nodes (N),formal_definition_table_candidate,Check wording/category against AJCC manual; edit only if extraction merged/split rows incorrectly.
AJCC7,Melanoma of the Skin,N,N0,No regional metastases detected N1-3 Regional metastases based upon the number of metastatic nodes and presence or absence of intralymphatic metastases (in transit or satellite metastases) Note: N1-3 and a-c subcategories assigned as shown below: N Classifi cation No. of Metastatic Nodes Nodal Metastatic Mass,B00309,352,336,Regional Lymph Nodes (N),formal_definition_table_candidate,Check wording/category against AJCC manual; edit only if extraction merged/split rows incorrectly.
AJCC7,Melanoma of the Skin,N,N1,1 node a: micrometastasis * b: macrometastasis **,B00309,352,336,Regional Lymph Nodes (N),formal_definition_table_candidate,Check wording/category against AJCC manual; edit only if extraction merged/split rows incorrectly.
AJCC7,Melanoma of the Skin,N,N2,2-3 nodes a: micrometastasis * b: macrometastasis ** c: in transit met(s)/ satellite(s) without metastatic nodes,B00309,352,336,Regional Lymph Nodes (N),formal_definition_table_candidate,Check wording/category against AJCC manual; edit only if extraction merged/split rows incorrectly.
AJCC7,Melanoma of the Skin,N,N3,"4 or more meta- static nodes, or matted nodes, or in transit met(s)/ satellite(s) with metastatic node(s) * Micrometastases are diagnosed after sentinel lymph node biopsy and completion lymphadenectomy (if performed). ** Macrometastases are defi ned as clinically detectable nodal metastases confi rmed by therapeutic lymphadenectomy or when nodal metastasis exhibits gross extracapsular extension. Distant Metastatis (M) M0 No detectable evidence of distant metastases M1a Metastases to skin, subcutaneous, or distant lymph nodes M1b Metastases to lung M1c Metastases to all other visceral sites or distant metastases to any site combined with an elevated serum LDH Note: Serum LDH is incorporated into the M category as shown below: M Classifi cation Site Serum LDH M1a Distant skin, subcutaneous, or nodal mets Normal M1b Lung metastases Normal M1c All other visceral metastases Any distant metastasis Normal Elevated",B00309,352,336,Regional Lymph Nodes (N),formal_definition_table_candidate,Check wording/category against AJCC manual; edit only if extraction merged/split rows incorrectly.
AJCC7,Melanoma of the Skin,T,T4b,NX N0 N1 N2c N3,B00312,357,341,PRIMARY TUMOR (T),formal_definition_table_candidate,Check wording/category against AJCC manual; edit only if extraction merged/split rows incorrectly.
AJCC7,Melanoma of the Skin,N,N3,M0 M1a M1b M1c,B00313,357,341,REGIONAL LYMPH NODES (N),formal_definition_table_candidate,Check wording/category against AJCC manual; edit only if extraction merged/split rows incorrectly.
AJCC7,Breast,T,TX,Primary tumor cannot be assessed,B00320,374,358,Primary Tumor (T),formal_definition_table_candidate,Check wording/category against AJCC manual; edit only if extraction merged/split rows incorrectly.
AJCC7,Breast,T,T0,No evidence of primary tumor,B00320,374,358,Primary Tumor (T),formal_definition_table_candidate,Check wording/category against AJCC manual; edit only if extraction merged/split rows incorrectly.
AJCC7,Breast,T,Tis,"Carcinoma in situ Tis (DCIS) Ductal carcinoma in situ Tis (LCIS) Lobular carcinoma in situ Tis (Paget’s) Paget’s disease of the nipple NOT associ- ated with invasive carcinoma and/or car- cinoma in situ (DCIS and/or LCIS) in the underlying breast parenchyma. Carcino- mas in the breast parenchyma associated with Paget’s disease are categorized based on the size and characteristics of the paren- chymal disease, although the presence of Paget’s disease should still be noted",B00320,374,358,Primary Tumor (T),formal_definition_table_candidate,Check wording/category against AJCC manual; edit only if extraction merged/split rows incorrectly.
AJCC7,Breast,T,T1,Tumor <= 20 mm in greatest dimension,B00320,374,358,Primary Tumor (T),formal_definition_table_candidate,Check wording/category against AJCC manual; edit only if extraction merged/split rows incorrectly.
AJCC7,Breast,T,T1mi,Tumor <= 1 mm in greatest dimension,B00320,374,358,Primary Tumor (T),formal_definition_table_candidate,Check wording/category against AJCC manual; edit only if extraction merged/split rows incorrectly.
AJCC7,Breast,T,T1a,Tumor >1 mm but <= 5 mm in greatest dimension,B00320,374,358,Primary Tumor (T),formal_definition_table_candidate,Check wording/category against AJCC manual; edit only if extraction merged/split rows incorrectly.
AJCC7,Breast,T,T1b,Tumor >5 mm but <= 10 mm in greatest dimension,B00320,374,358,Primary Tumor (T),formal_definition_table_candidate,Check wording/category against AJCC manual; edit only if extraction merged/split rows incorrectly.
AJCC7,Breast,T,T1c,Tumor >10 mm but <= 20 mm in greatest dimension,B00320,374,358,Primary Tumor (T),formal_definition_table_candidate,Check wording/category against AJCC manual; edit only if extraction merged/split rows incorrectly.
AJCC7,Breast,T,T2,Tumor >20 mm but <= 50 mm in greatest dimension,B00320,374,358,Primary Tumor (T),formal_definition_table_candidate,Check wording/category against AJCC manual; edit only if extraction merged/split rows incorrectly.
AJCC7,Breast,T,T3,Tumor >50 mm in greatest dimension,B00320,374,358,Primary Tumor (T),formal_definition_table_candidate,Check wording/category against AJCC manual; edit only if extraction merged/split rows incorrectly.
AJCC7,Breast,T,T4,Tumor of any size with direct extension to the chest wall and/or to the skin (ulcer- ation or skin nodules). Note: Invasion of the dermis alone does not qualify as T4,B00320,374,358,Primary Tumor (T),formal_definition_table_candidate,Check wording/category against AJCC manual; edit only if extraction merged/split rows incorrectly.
AJCC7,Breast,T,T4a,"Extension to the chest wall, not including only pectoralis muscle adherence/invasion",B00320,374,358,Primary Tumor (T),formal_definition_table_candidate,Check wording/category against AJCC manual; edit only if extraction merged/split rows incorrectly.
AJCC7,Breast,T,T4b,"Ulceration and/or ipsilateral satellite nodules and/or edema (including peau d’orange) of the skin, which do not meet the criteria for infl ammatory carcinoma",B00320,374,358,Primary Tumor (T),formal_definition_table_candidate,Check wording/category against AJCC manual; edit only if extraction merged/split rows incorrectly.
AJCC7,Breast,T,T4c,Both T4a and T4b,B00320,374,358,Primary Tumor (T),formal_definition_table_candidate,Check wording/category against AJCC manual; edit only if extraction merged/split rows incorrectly.
AJCC7,Breast,T,T4d,"Inflammatory carcinoma (see “Rules for Classification”) FIGURE 32.3. Observed survival rates for 211,645 cases with carcinoma of the breast. Data from the National Cancer Data Base (Commission on Cancer of the American College of Surgeons and the American Cancer Society) diagnosed in years 2001-2002. Stage 0 includes 30,263; Stage I, 85,278; Stage IIA, 43,047; Stage IIB, 17,665; Stage IIIA, 13,983; Stage IIIB, 4,533; Stage IIIC, 6,741; and Stage IV, 10,135. In order to view this proof accurately, the Overprint Preview Option must be set to Always in Acrobat Professional or Adobe Reader. Please contact your Customer Service Representative if you have questions about finding this option. Job Name: -- /381449t",B00320,374,358,Primary Tumor (T),formal_definition_table_candidate,Check wording/category against AJCC manual; edit only if extraction merged/split rows incorrectly.
AJCC7,Breast,N,NX,"Regional lymph nodes cannot be assessed (e.g., previously removed)",B00321,375,359,Regional Lymph Nodes (N),formal_definition_table_candidate,Check wording/category against AJCC manual; edit only if extraction merged/split rows incorrectly.
AJCC7,Breast,N,N0,No regional lymph node metastases,B00321,375,359,Regional Lymph Nodes (N),formal_definition_table_candidate,Check wording/category against AJCC manual; edit only if extraction merged/split rows incorrectly.
AJCC7,Breast,N,N1,"Metastases to movable ipsilateral level I, II axillary lymph node(s)",B00321,375,359,Regional Lymph Nodes (N),formal_definition_table_candidate,Check wording/category against AJCC manual; edit only if extraction merged/split rows incorrectly.
AJCC7,Breast,N,N2,"Metastases in ipsilateral level I, II axillary lymph nodes that are clinically fi xed or matted; or in clinically detected * ipsilateral internal mammary nodes in the absence of clinically evident axillary lymph node metastases",B00321,375,359,Regional Lymph Nodes (N),formal_definition_table_candidate,Check wording/category against AJCC manual; edit only if extraction merged/split rows incorrectly.
AJCC7,Breast,N,N2a,"Metastases in ipsilateral level I, II axillary lymph nodes fi xed to one another (matted) or to other structures",B00321,375,359,Regional Lymph Nodes (N),formal_definition_table_candidate,Check wording/category against AJCC manual; edit only if extraction merged/split rows incorrectly.
AJCC7,Breast,N,N2b,"Metastases only in clinically detected * ipsilateral inter- nal mammary nodes and in the absence of clinically evident level I, II axillary lymph node metastases",B00321,375,359,Regional Lymph Nodes (N),formal_definition_table_candidate,Check wording/category against AJCC manual; edit only if extraction merged/split rows incorrectly.
AJCC7,Breast,N,N3,"Metastases in ipsilateral infraclavicular (level III axil- lary) lymph node(s) with or without level I, II axillary lymph node involvement; or in clinically detected * ipsilateral internal mammary lymph node(s) with clinically evident level I, II axillary lymph node metastases; or metastases in ipsilateral supraclavicu- lar lymph node(s) with or without axillary or inter- nal mammary lymph node involvement",B00321,375,359,Regional Lymph Nodes (N),formal_definition_table_candidate,Check wording/category against AJCC manual; edit only if extraction merged/split rows incorrectly.
AJCC7,Breast,N,N3a,Metastases in ipsilateral infraclavicular lymph node(s),B00321,375,359,Regional Lymph Nodes (N),formal_definition_table_candidate,Check wording/category against AJCC manual; edit only if extraction merged/split rows incorrectly.
AJCC7,Breast,N,N3b,Metastases in ipsilateral internal mammary lymph node(s) and axillary lymph node(s),B00321,375,359,Regional Lymph Nodes (N),formal_definition_table_candidate,Check wording/category against AJCC manual; edit only if extraction merged/split rows incorrectly.
AJCC7,Breast,N,N3c,"Metastases in ipsilateral supraclavicular lymph node(s) * Note : Clinically detected is defi ned as detected by imaging stud- ies (excluding lymphoscintigraphy) or by clinical examination and having characteristics highly suspicious for malignancy or a presumed pathologic macrometastasis based on fi ne needle aspiration biopsy with cytologic examination. Confi rmation of clinically detected metastatic disease by fi ne needle aspira- tion without excision biopsy is designated with an (f) suffi x, for example, cN3a(f). Excisional biopsy of a lymph node or biopsy of a sentinel node, in the absence of assignment of a pT, is clas- sifi ed as a clinical N, for example, cN1. Information regarding the confi rmation of the nodal status will be designated in site- specifi c factors as clinical, fi ne needle aspiration, core biopsy, or sentinel lymph node biopsy. Pathologic classifi cation (pN) is used for excision or sentinel lymph node biopsy only in con- junction with a pathologic T assignment. Pathologic (pN) * pNX Regional lymph nodes cannot be assessed (e.g., previously removed, or not removed for patho- logic study)",B00321,375,359,Regional Lymph Nodes (N),formal_definition_table_candidate,Check wording/category against AJCC manual; edit only if extraction merged/split rows incorrectly.
AJCC7,Breast,N,pN0,"No regional lymph node metastasis identifi ed histologically Note : Isolated tumor cell clusters (ITC) are defi ned as small clusters of cells not greater than 0.2 mm, or single tumor cells, or a cluster of fewer than 200 cells in a single histo- logic cross-section. ITCs may be detected by routine histol- ogy or by immunohistochemical (IHC) methods. Nodes containing only ITCs are excluded from the total positive node count for purposes of N classifi cation but should be included in the total number of nodes evaluated. pN0(i−) No regional lymph node metastases histo- logically, negative IHC pN0(i+) Malignant cells in regional lymph node(s) no greater than 0.2 mm (detected by H&E or IHC including ITC)",B00321,375,359,Regional Lymph Nodes (N),formal_definition_table_candidate,Check wording/category against AJCC manual; edit only if extraction merged/split rows incorrectly.
AJCC7,Breast,N,pN0,"(mol−) No regional lymph node metastases histolog- ically, negative molecular fi ndings (RT-PCR)",B00321,375,359,Regional Lymph Nodes (N),formal_definition_table_candidate,Check wording/category against AJCC manual; edit only if extraction merged/split rows incorrectly.
AJCC7,Breast,N,pN0,"(mol+) Positive molecular fi ndings (RT-PCR), ** but no regional lymph node metastases detected by histology or IHC",B00321,375,359,Regional Lymph Nodes (N),formal_definition_table_candidate,Check wording/category against AJCC manual; edit only if extraction merged/split rows incorrectly.
AJCC7,Breast,N,pN1,"Micrometastases; or metastases in 1-3 axil- lary lymph nodes; and/or in internal mam- mary nodes with metastases detected by sentinel lymph node biopsy but not clinically detected *** pN1mi Micrometastases (greater than 0.2 mm and/ or more than 200 cells, but none greater than 2.0 mm) pN1a Metastases in 1-3 axillary lymph nodes, at least one metastasis greater than 2.0 mm pN1b Metastases in internal mammary nodes with micrometastases or macrometastases detected by sentinel lymph node biopsy but not clinically detected *** pN1c Metastases in 1-3 axillary lymph nodes and in internal mammary lymph nodes with microme- tastases or macrometastases detected by sentinel lymph node biopsy but not clinically detected In order to view this proof accurately, the Overprint Preview Option must be set to Always in Acrobat Professional or Adobe Reader. Please contact your Customer Service Representative if you have questions about finding this option. Job Name: -- /381449t",B00321,375,359,Regional Lymph Nodes (N),formal_definition_table_candidate,Check wording/category against AJCC manual; edit only if extraction merged/split rows incorrectly.
AJCC7,Breast,T,Tis,Tis (DCIS) Tis (LCIS) Tis (Paget’s),B00326,387,371,PRIMARY TUMOR (T),formal_definition_table_candidate,Check wording/category against AJCC manual; edit only if extraction merged/split rows incorrectly.
AJCC7,Breast,T,T4d,NX pNX N0 pN0 pN0(i-) pN0(i+) pN0(mol-) pN0(mol+),B00326,387,371,PRIMARY TUMOR (T),formal_definition_table_candidate,Check wording/category against AJCC manual; edit only if extraction merged/split rows incorrectly.
AJCC7,Breast,N,NX,pNX*,B00327,387,371,REGIONAL LYMPH NODES (N),formal_definition_table_candidate,Check wording/category against AJCC manual; edit only if extraction merged/split rows incorrectly.
AJCC7,Breast,N,pN0,pN0(i-) pN0(i+) pN0(mol-) pN0(mol+),B00327,387,371,REGIONAL LYMPH NODES (N),formal_definition_table_candidate,Check wording/category against AJCC manual; edit only if extraction merged/split rows incorrectly.
AJCC7,Vulva,T,TX,Primary tumor cannot be assessed,B00333,396,380,Primary Tumor (T),formal_definition_table_candidate,Check wording/category against AJCC manual; edit only if extraction merged/split rows incorrectly.
AJCC7,Vulva,T,T0,No evidence of primary tumor Tis * Carcinoma in situ (preinvasive carcinoma),B00333,396,380,Primary Tumor (T),formal_definition_table_candidate,Check wording/category against AJCC manual; edit only if extraction merged/split rows incorrectly.
AJCC7,Vulva,T,T1a,"IA Lesions 2 cm or less in size, confi ned to the vulva or perineum and with stromal invasion 1.0 mm or less **",B00333,396,380,Primary Tumor (T),formal_definition_table_candidate,Check wording/category against AJCC manual; edit only if extraction merged/split rows incorrectly.
AJCC7,Vulva,T,T1b,"IB Lesions more than 2 cm in size or any size with stromal invasion more than 1.0 mm, confi ned to the vulva or perineum T2*** II Tumor of any size with extension to adjacent perineal structures (lower/ distal 1/3 urethra, lower/distal 1/3 vagina, anal involvement) T3**** IVA Tumor of any size with extension to any of the following: upper/proximal 2/3 of urethra, upper/proximal 2/3 vagina, bladder mucosa, rectal mucosa, or fi xed to pelvic bone * Note : FIGO no longer includes Stage 0 (Tis). ** Note : The depth of invasion is defi ned as the measurement of the tumor from the epithelial-stromal junction of the adjacent most superfi cial dermal papilla to the deepest point of invasion. ***FIGO uses the classifi cation T2/T3. This is defi ned as T2 in TNM. ****FIGO uses the classifi cation T4. This is defi ned as T3 in TNM.",B00333,396,380,Primary Tumor (T),formal_definition_table_candidate,Check wording/category against AJCC manual; edit only if extraction merged/split rows incorrectly.
AJCC7,Vulva,N,NX,Regional lymph nodes cannot be assessed,B00334,396,380,Regional Lymph Nodes (N),formal_definition_table_candidate,Check wording/category against AJCC manual; edit only if extraction merged/split rows incorrectly.
AJCC7,Vulva,N,N0,No regional lymph node metastasis,B00334,396,380,Regional Lymph Nodes (N),formal_definition_table_candidate,Check wording/category against AJCC manual; edit only if extraction merged/split rows incorrectly.
AJCC7,Vulva,N,N1,One or two regional lymph nodes with the following features,B00334,396,380,Regional Lymph Nodes (N),formal_definition_table_candidate,Check wording/category against AJCC manual; edit only if extraction merged/split rows incorrectly.
AJCC7,Vulva,N,N1a,IIIA One or two lymph node metastases each less than 5 mm,B00334,396,380,Regional Lymph Nodes (N),formal_definition_table_candidate,Check wording/category against AJCC manual; edit only if extraction merged/split rows incorrectly.
AJCC7,Vulva,N,N1b,IIIA One lymph node metastasis 5 mm or greater,B00334,396,380,Regional Lymph Nodes (N),formal_definition_table_candidate,Check wording/category against AJCC manual; edit only if extraction merged/split rows incorrectly.
AJCC7,Vulva,N,N2,IIIB Regional lymph node metastasis with the following features,B00334,396,380,Regional Lymph Nodes (N),formal_definition_table_candidate,Check wording/category against AJCC manual; edit only if extraction merged/split rows incorrectly.
AJCC7,Vulva,N,N2a,IIIB Three or more lymph node metas- tases each less than 5 mm,B00334,396,380,Regional Lymph Nodes (N),formal_definition_table_candidate,Check wording/category against AJCC manual; edit only if extraction merged/split rows incorrectly.
AJCC7,Vulva,N,N2b,IIIB Two or more lymph node metastases 5 mm or greater,B00334,396,380,Regional Lymph Nodes (N),formal_definition_table_candidate,Check wording/category against AJCC manual; edit only if extraction merged/split rows incorrectly.
AJCC7,Vulva,N,N2c,IIIC Lymph node metastasis with ext- racapsular spread,B00334,396,380,Regional Lymph Nodes (N),formal_definition_table_candidate,Check wording/category against AJCC manual; edit only if extraction merged/split rows incorrectly.
AJCC7,Vulva,N,N3,IVA Fixed or ulcerated regional lymph node metastasis An effort should be made to describe the site and laterality of lymph node metastases.,B00334,396,380,Regional Lymph Nodes (N),formal_definition_table_candidate,Check wording/category against AJCC manual; edit only if extraction merged/split rows incorrectly.
AJCC7,Vulva,M,M0,No distant metastasis,B00335,396,380,Distant Metastasis (M),formal_definition_table_candidate,Check wording/category against AJCC manual; edit only if extraction merged/split rows incorrectly.
AJCC7,Vulva,M,M1,"IVB Distant metastasis (including pelvic lymph node metastasis) In order to view this proof accurately, the Overprint Preview Option must be set to Always in Acrobat Professional or Adobe Reader. Please contact your Customer Service Representative if you have questions about finding this option. Job Name: -- /381449t",B00335,396,380,Distant Metastasis (M),formal_definition_table_candidate,Check wording/category against AJCC manual; edit only if extraction merged/split rows incorrectly.
AJCC7,Vulva,G,GX,Grade cannot be assessed,B00337,397,381,HISTOLOGIC GRADE (G),formal_definition_table_candidate,Check wording/category against AJCC manual; edit only if extraction merged/split rows incorrectly.
AJCC7,Vulva,G,G1,Well differentiated,B00337,397,381,HISTOLOGIC GRADE (G),formal_definition_table_candidate,Check wording/category against AJCC manual; edit only if extraction merged/split rows incorrectly.
AJCC7,Vulva,G,G2,Moderately differentiated,B00337,397,381,HISTOLOGIC GRADE (G),formal_definition_table_candidate,Check wording/category against AJCC manual; edit only if extraction merged/split rows incorrectly.
AJCC7,Vulva,G,G3,Poorly differentiated,B00337,397,381,HISTOLOGIC GRADE (G),formal_definition_table_candidate,Check wording/category against AJCC manual; edit only if extraction merged/split rows incorrectly.
AJCC7,Vulva,G,G4,Undifferentiated,B00337,397,381,HISTOLOGIC GRADE (G),formal_definition_table_candidate,Check wording/category against AJCC manual; edit only if extraction merged/split rows incorrectly.
AJCC7,Vulva,T,Tis,*,B00338,399,383,PRIMARY TUMOR (T),formal_definition_table_candidate,Check wording/category against AJCC manual; edit only if extraction merged/split rows incorrectly.
AJCC7,Vulva,T,T1a,IA,B00338,399,383,PRIMARY TUMOR (T),formal_definition_table_candidate,Check wording/category against AJCC manual; edit only if extraction merged/split rows incorrectly.
AJCC7,Vulva,T,T1b,IB T2*** II T3**** IVA,B00338,399,383,PRIMARY TUMOR (T),formal_definition_table_candidate,Check wording/category against AJCC manual; edit only if extraction merged/split rows incorrectly.
AJCC7,Vulva,N,N1a,IIIA Regional lymph nodes cannot be assessed No regional lymph node metastasis One or two lymph node metastasis each less than 5 mm,B00339,399,383,REGIONAL LYMPH NODES (N),formal_definition_table_candidate,Check wording/category against AJCC manual; edit only if extraction merged/split rows incorrectly.
AJCC7,Vulva,N,N1,One or two regional lymph node with the following features,B00339,399,383,REGIONAL LYMPH NODES (N),formal_definition_table_candidate,Check wording/category against AJCC manual; edit only if extraction merged/split rows incorrectly.
AJCC7,Vulva,N,N1a,IIIA,B00339,399,383,REGIONAL LYMPH NODES (N),formal_definition_table_candidate,Check wording/category against AJCC manual; edit only if extraction merged/split rows incorrectly.
AJCC7,Vulva,N,N1b,IIIA,B00339,399,383,REGIONAL LYMPH NODES (N),formal_definition_table_candidate,Check wording/category against AJCC manual; edit only if extraction merged/split rows incorrectly.
AJCC7,Vulva,N,N1b,IIIA One lymph node metastases 5 mm or greater,B00339,399,383,REGIONAL LYMPH NODES (N),formal_definition_table_candidate,Check wording/category against AJCC manual; edit only if extraction merged/split rows incorrectly.
AJCC7,Vulva,N,N2,IIIB,B00339,399,383,REGIONAL LYMPH NODES (N),formal_definition_table_candidate,Check wording/category against AJCC manual; edit only if extraction merged/split rows incorrectly.
AJCC7,Vulva,N,N2,IIIB Regional lymph node metastasis with the following features:,B00339,399,383,REGIONAL LYMPH NODES (N),formal_definition_table_candidate,Check wording/category against AJCC manual; edit only if extraction merged/split rows incorrectly.
AJCC7,Vulva,N,N2a,IIIB,B00339,399,383,REGIONAL LYMPH NODES (N),formal_definition_table_candidate,Check wording/category against AJCC manual; edit only if extraction merged/split rows incorrectly.
AJCC7,Vulva,N,N2a,IIIB Three or more lymph node metastases each less than 5 mm,B00339,399,383,REGIONAL LYMPH NODES (N),formal_definition_table_candidate,Check wording/category against AJCC manual; edit only if extraction merged/split rows incorrectly.
AJCC7,Vulva,N,N2b,IIIB,B00339,399,383,REGIONAL LYMPH NODES (N),formal_definition_table_candidate,Check wording/category against AJCC manual; edit only if extraction merged/split rows incorrectly.
AJCC7,Vulva,N,N2c,IIIC,B00339,399,383,REGIONAL LYMPH NODES (N),formal_definition_table_candidate,Check wording/category against AJCC manual; edit only if extraction merged/split rows incorrectly.
AJCC7,Vulva,N,N3,IVA,B00339,399,383,REGIONAL LYMPH NODES (N),formal_definition_table_candidate,Check wording/category against AJCC manual; edit only if extraction merged/split rows incorrectly.
AJCC7,Vulva,N,N2c,IIIC Lymph node metastasis with extracapsular spread,B00339,399,383,REGIONAL LYMPH NODES (N),formal_definition_table_candidate,Check wording/category against AJCC manual; edit only if extraction merged/split rows incorrectly.
AJCC7,Vulva,N,N3,IVA Fixed or ulcerated regional lymph node metastasis TNM FIGO STAGE M0 M1 IVB,B00339,399,383,REGIONAL LYMPH NODES (N),formal_definition_table_candidate,Check wording/category against AJCC manual; edit only if extraction merged/split rows incorrectly.
AJCC7,Vagina,T,TX,Primary tumor cannot be assessed,B00344,404,388,Primary Tumor (T),formal_definition_table_candidate,Check wording/category against AJCC manual; edit only if extraction merged/split rows incorrectly.
AJCC7,Vagina,T,T0,No evidence of primary tumor Tis * Carcinoma in situ (preinvasive car- cinoma),B00344,404,388,Primary Tumor (T),formal_definition_table_candidate,Check wording/category against AJCC manual; edit only if extraction merged/split rows incorrectly.
AJCC7,Vagina,T,T1,I Tumor confi ned to vagina,B00344,404,388,Primary Tumor (T),formal_definition_table_candidate,Check wording/category against AJCC manual; edit only if extraction merged/split rows incorrectly.
AJCC7,Vagina,T,T2,II Tumor invades paravaginal tissues but not to pelvic wall,B00344,404,388,Primary Tumor (T),formal_definition_table_candidate,Check wording/category against AJCC manual; edit only if extraction merged/split rows incorrectly.
AJCC7,Vagina,T,T3,III Tumor extends to pelvic wall **,B00344,404,388,Primary Tumor (T),formal_definition_table_candidate,Check wording/category against AJCC manual; edit only if extraction merged/split rows incorrectly.
AJCC7,Vagina,T,T4,"IVA Tumor invades mucosa of the bladder or rectum and/or extends beyond the true pelvis (bullous edema is not suffi cient evidence to classify a tumor as T4) * Note : FIGO no longer includes Stage 0 (Tis). ** Note : Pelvic wall is defi ned as muscle, fascia, neurovascular structures, or skeletal portions of the bony pelvis. On rectal examination, there is no cancer-free space between the tumor and pelvic wall.",B00344,404,388,Primary Tumor (T),formal_definition_table_candidate,Check wording/category against AJCC manual; edit only if extraction merged/split rows incorrectly.
AJCC7,Vagina,N,NX,Regional lymph nodes cannot be assessed,B00345,404,388,Regional Lymph Nodes (N),formal_definition_table_candidate,Check wording/category against AJCC manual; edit only if extraction merged/split rows incorrectly.
AJCC7,Vagina,N,N0,No regional lymph node metastasis,B00345,404,388,Regional Lymph Nodes (N),formal_definition_table_candidate,Check wording/category against AJCC manual; edit only if extraction merged/split rows incorrectly.
AJCC7,Vagina,N,N1,III Pelvic or inguinal lymph node metastasis,B00345,404,388,Regional Lymph Nodes (N),formal_definition_table_candidate,Check wording/category against AJCC manual; edit only if extraction merged/split rows incorrectly.
AJCC7,Vagina,M,M0,No distant metastasis,B00346,404,388,Distant Metastasis (M),formal_definition_table_candidate,Check wording/category against AJCC manual; edit only if extraction merged/split rows incorrectly.
AJCC7,Vagina,M,M1,IVB Distant metastasis,B00346,404,388,Distant Metastasis (M),formal_definition_table_candidate,Check wording/category against AJCC manual; edit only if extraction merged/split rows incorrectly.
AJCC7,Vagina,G,GX,Grade cannot be assessed,B00348,404,388,HISTOLOGIC GRADE (G),formal_definition_table_candidate,Check wording/category against AJCC manual; edit only if extraction merged/split rows incorrectly.
AJCC7,Vagina,G,G1,Well differentiated,B00348,404,388,HISTOLOGIC GRADE (G),formal_definition_table_candidate,Check wording/category against AJCC manual; edit only if extraction merged/split rows incorrectly.
AJCC7,Vagina,G,G2,Moderately differentiated,B00348,404,388,HISTOLOGIC GRADE (G),formal_definition_table_candidate,Check wording/category against AJCC manual; edit only if extraction merged/split rows incorrectly.
AJCC7,Vagina,G,G3,Poorly differentiated,B00348,404,388,HISTOLOGIC GRADE (G),formal_definition_table_candidate,Check wording/category against AJCC manual; edit only if extraction merged/split rows incorrectly.
AJCC7,Vagina,G,G4,Undifferentiated,B00348,404,388,HISTOLOGIC GRADE (G),formal_definition_table_candidate,Check wording/category against AJCC manual; edit only if extraction merged/split rows incorrectly.
AJCC7,Vagina,T,Tis,*,B00349,407,391,PRIMARY TUMOR (T),formal_definition_table_candidate,Check wording/category against AJCC manual; edit only if extraction merged/split rows incorrectly.
AJCC7,Vagina,T,T1,I,B00349,407,391,PRIMARY TUMOR (T),formal_definition_table_candidate,Check wording/category against AJCC manual; edit only if extraction merged/split rows incorrectly.
AJCC7,Vagina,T,T2,II,B00349,407,391,PRIMARY TUMOR (T),formal_definition_table_candidate,Check wording/category against AJCC manual; edit only if extraction merged/split rows incorrectly.
AJCC7,Vagina,T,T3,III,B00349,407,391,PRIMARY TUMOR (T),formal_definition_table_candidate,Check wording/category against AJCC manual; edit only if extraction merged/split rows incorrectly.
AJCC7,Vagina,T,T4,IVA TNM FIGO STAGE NX N0 N1 III,B00349,407,391,PRIMARY TUMOR (T),formal_definition_table_candidate,Check wording/category against AJCC manual; edit only if extraction merged/split rows incorrectly.
AJCC7,Vagina,N,N1,III TNM FIGO STAGE M0 M1 IVB,B00350,407,391,REGIONAL LYMPH NODES (N),formal_definition_table_candidate,Check wording/category against AJCC manual; edit only if extraction merged/split rows incorrectly.
AJCC7,Vagina,M,M0,I T1 N0,B00351,407,391,DISTANT METASTASIS (M),formal_definition_table_candidate,Check wording/category against AJCC manual; edit only if extraction merged/split rows incorrectly.
AJCC7,Vagina,M,M0,II T2 N0,B00351,407,391,DISTANT METASTASIS (M),formal_definition_table_candidate,Check wording/category against AJCC manual; edit only if extraction merged/split rows incorrectly.
AJCC7,Vagina,M,M0,III T1-T3 N1,B00351,407,391,DISTANT METASTASIS (M),formal_definition_table_candidate,Check wording/category against AJCC manual; edit only if extraction merged/split rows incorrectly.
AJCC7,Vagina,M,M0,T3 N0,B00351,407,391,DISTANT METASTASIS (M),formal_definition_table_candidate,Check wording/category against AJCC manual; edit only if extraction merged/split rows incorrectly.
AJCC7,Vagina,M,M0,IVA T4 Any N,B00351,407,391,DISTANT METASTASIS (M),formal_definition_table_candidate,Check wording/category against AJCC manual; edit only if extraction merged/split rows incorrectly.
AJCC7,Vagina,M,M0,IVB Any T Any N,B00351,407,391,DISTANT METASTASIS (M),formal_definition_table_candidate,Check wording/category against AJCC manual; edit only if extraction merged/split rows incorrectly.
AJCC7,Vagina,M,M1,*FIGO no longer includes Stage 0 (Tis). PATHOLOGIC GROUP T N M 0 Tis N0,B00351,407,391,DISTANT METASTASIS (M),formal_definition_table_candidate,Check wording/category against AJCC manual; edit only if extraction merged/split rows incorrectly.
AJCC7,Vagina,M,M1,*FIGO no longer includes Stage 0 (Tis). Stage unknown Stage unknown,B00351,407,391,DISTANT METASTASIS (M),formal_definition_table_candidate,Check wording/category against AJCC manual; edit only if extraction merged/split rows incorrectly.
AJCC7,Cervix Uteri,T,TX,Primary tumor cannot be assessed,B00355,413,397,Primary Tumor (T),formal_definition_table_candidate,Check wording/category against AJCC manual; edit only if extraction merged/split rows incorrectly.
AJCC7,Cervix Uteri,T,T0,No evidence of primary tumor Tis * Carcinoma in situ (preinvasive carcinoma),B00355,413,397,Primary Tumor (T),formal_definition_table_candidate,Check wording/category against AJCC manual; edit only if extraction merged/split rows incorrectly.
AJCC7,Cervix Uteri,T,T1,"I Cervical carcinoma confi ned to uterus (extension to corpus should be disregarded) T1a ** IA Invasive carcinoma diagnosed only by microscopy. Stromal invasion with a maximum depth of 5.0 mm measured from the base of the epi- thelium and a horizontal spread of 7.0 mm or less. Vascular space involvement, venous or lymphatic, does not affect classifi cation T1a1 IA1 Measured stromal invasion 3.0 mm or less in depth and 7.0 mm or less in horizontal spread T1a2 IA2 Measured stromal invasion more than 3.0 mm and not more than 5.0 mm with a horizontal spread 7.0 mm or less",B00355,413,397,Primary Tumor (T),formal_definition_table_candidate,Check wording/category against AJCC manual; edit only if extraction merged/split rows incorrectly.
AJCC7,Cervix Uteri,T,T1b,IB Clinically visible lesion confi ned to the cervix or microscopic lesion greater than T1a/IA2 T1b1 IB1 Clinically visible lesion 4.0 cm or less in greatest dimension T1b2 IB2 Clinically visible lesion more than 4.0 cm in greatest dimension,B00355,413,397,Primary Tumor (T),formal_definition_table_candidate,Check wording/category against AJCC manual; edit only if extraction merged/split rows incorrectly.
AJCC7,Cervix Uteri,T,T2,II Cervical carcinoma invades beyond uterus but not to pelvic wall or to lower third of vagina,B00355,413,397,Primary Tumor (T),formal_definition_table_candidate,Check wording/category against AJCC manual; edit only if extraction merged/split rows incorrectly.
AJCC7,Cervix Uteri,T,T2a,IIA Tumor without parametrial inva- sion T2a1 IIA1 Clinically visible lesion 4.0 cm or less in greatest dimension T2a2 IIA2 Clinically visible lesion more than 4.0 cm in greatest dimension,B00355,413,397,Primary Tumor (T),formal_definition_table_candidate,Check wording/category against AJCC manual; edit only if extraction merged/split rows incorrectly.
AJCC7,Cervix Uteri,T,T2b,IIB Tumor with parametrial invasion,B00355,413,397,Primary Tumor (T),formal_definition_table_candidate,Check wording/category against AJCC manual; edit only if extraction merged/split rows incorrectly.
AJCC7,Cervix Uteri,T,T3,"III Tumor extends to pelvic wall and/ or involves lower third of vagina, and/or causes hydronephrosis or nonfunctioning kidney",B00355,413,397,Primary Tumor (T),formal_definition_table_candidate,Check wording/category against AJCC manual; edit only if extraction merged/split rows incorrectly.
AJCC7,Cervix Uteri,T,T3a,"IIIA Tumor involves lower third of vagina, no extension to pelvic wall",B00355,413,397,Primary Tumor (T),formal_definition_table_candidate,Check wording/category against AJCC manual; edit only if extraction merged/split rows incorrectly.
AJCC7,Cervix Uteri,T,T3b,IIIB Tumor extends to pelvic wall and/ or causes hydronephrosis or non- functioning kidney,B00355,413,397,Primary Tumor (T),formal_definition_table_candidate,Check wording/category against AJCC manual; edit only if extraction merged/split rows incorrectly.
AJCC7,Cervix Uteri,T,T4,"IVA Tumor invades mucosa of bladder or rectum, and/or extends beyond true pelvis (bullous edema is not suffi - cient to classify a tumor as T4) * Note : FIGO no longer includes Stage 0 (Tis). ** Note : All macroscopically visible lesions - even with super- fi cial invasion - are T1b/IB.",B00355,413,397,Primary Tumor (T),formal_definition_table_candidate,Check wording/category against AJCC manual; edit only if extraction merged/split rows incorrectly.
AJCC7,Cervix Uteri,N,NX,Regional lymph nodes cannot be assessed,B00356,413,397,Regional Lymph Nodes (N),formal_definition_table_candidate,Check wording/category against AJCC manual; edit only if extraction merged/split rows incorrectly.
AJCC7,Cervix Uteri,N,N0,No regional lymph node metastasis,B00356,413,397,Regional Lymph Nodes (N),formal_definition_table_candidate,Check wording/category against AJCC manual; edit only if extraction merged/split rows incorrectly.
AJCC7,Cervix Uteri,N,N1,IIIB Regional lymph node metastasis,B00356,413,397,Regional Lymph Nodes (N),formal_definition_table_candidate,Check wording/category against AJCC manual; edit only if extraction merged/split rows incorrectly.
AJCC7,Cervix Uteri,M,M0,No distant metastasis,B00357,413,397,Distant Metastasis (M),formal_definition_table_candidate,Check wording/category against AJCC manual; edit only if extraction merged/split rows incorrectly.
AJCC7,Cervix Uteri,M,M1,"IVB Distant metastasis (including peri- toneal spread, involvement of supra- clavicular, mediastinal, or paraaortic lymph nodes, lung, liver, or bone)",B00357,413,397,Distant Metastasis (M),formal_definition_table_candidate,Check wording/category against AJCC manual; edit only if extraction merged/split rows incorrectly.
AJCC7,Cervix Uteri,G,GX,Grade cannot be assessed,B00359,414,398,HISTOLOGIC GRADE (G),formal_definition_table_candidate,Check wording/category against AJCC manual; edit only if extraction merged/split rows incorrectly.
AJCC7,Cervix Uteri,G,G1,Well differentiated,B00359,414,398,HISTOLOGIC GRADE (G),formal_definition_table_candidate,Check wording/category against AJCC manual; edit only if extraction merged/split rows incorrectly.
AJCC7,Cervix Uteri,G,G2,Moderately differentiated,B00359,414,398,HISTOLOGIC GRADE (G),formal_definition_table_candidate,Check wording/category against AJCC manual; edit only if extraction merged/split rows incorrectly.
AJCC7,Cervix Uteri,G,G3,Poorly differentiated,B00359,414,398,HISTOLOGIC GRADE (G),formal_definition_table_candidate,Check wording/category against AJCC manual; edit only if extraction merged/split rows incorrectly.
AJCC7,Cervix Uteri,G,G4,Undifferentiated,B00359,414,398,HISTOLOGIC GRADE (G),formal_definition_table_candidate,Check wording/category against AJCC manual; edit only if extraction merged/split rows incorrectly.
AJCC7,Cervix Uteri,T,Tis,*,B00360,415,399,PRIMARY TUMOR (T),formal_definition_table_candidate,Check wording/category against AJCC manual; edit only if extraction merged/split rows incorrectly.
AJCC7,Cervix Uteri,T,T1,I T1a** IA T1a1 IA1 T1a2 IA2,B00360,415,399,PRIMARY TUMOR (T),formal_definition_table_candidate,Check wording/category against AJCC manual; edit only if extraction merged/split rows incorrectly.
AJCC7,Cervix Uteri,T,T1b,IB T1b1 IB1 T1b2 IB2,B00360,415,399,PRIMARY TUMOR (T),formal_definition_table_candidate,Check wording/category against AJCC manual; edit only if extraction merged/split rows incorrectly.
AJCC7,Cervix Uteri,T,T2,II,B00360,415,399,PRIMARY TUMOR (T),formal_definition_table_candidate,Check wording/category against AJCC manual; edit only if extraction merged/split rows incorrectly.
AJCC7,Cervix Uteri,T,T2a,IIA T2a1 IIA1 T2a2 IIA2,B00360,415,399,PRIMARY TUMOR (T),formal_definition_table_candidate,Check wording/category against AJCC manual; edit only if extraction merged/split rows incorrectly.
AJCC7,Cervix Uteri,T,T2b,IIB,B00360,415,399,PRIMARY TUMOR (T),formal_definition_table_candidate,Check wording/category against AJCC manual; edit only if extraction merged/split rows incorrectly.
AJCC7,Cervix Uteri,T,T3,III,B00360,415,399,PRIMARY TUMOR (T),formal_definition_table_candidate,Check wording/category against AJCC manual; edit only if extraction merged/split rows incorrectly.
AJCC7,Cervix Uteri,T,T3a,IIIA,B00360,415,399,PRIMARY TUMOR (T),formal_definition_table_candidate,Check wording/category against AJCC manual; edit only if extraction merged/split rows incorrectly.
AJCC7,Cervix Uteri,T,T3b,IIIB,B00360,415,399,PRIMARY TUMOR (T),formal_definition_table_candidate,Check wording/category against AJCC manual; edit only if extraction merged/split rows incorrectly.
AJCC7,Cervix Uteri,T,T4,IVA TNM FIGO STAGE NX N0 N1 IIIB IIIB,B00360,415,399,PRIMARY TUMOR (T),formal_definition_table_candidate,Check wording/category against AJCC manual; edit only if extraction merged/split rows incorrectly.
AJCC7,Cervix Uteri,M,M1,GROUP T N M Stage 0* Tis N0,B00363,416,400,DISTANT METASTASIS (M),formal_definition_table_candidate,Check wording/category against AJCC manual; edit only if extraction merged/split rows incorrectly.
AJCC7,Cervix Uteri,M,M0,Stage I T1 N0,B00363,416,400,DISTANT METASTASIS (M),formal_definition_table_candidate,Check wording/category against AJCC manual; edit only if extraction merged/split rows incorrectly.
AJCC7,Cervix Uteri,M,M0,Stage IA T1a N0,B00363,416,400,DISTANT METASTASIS (M),formal_definition_table_candidate,Check wording/category against AJCC manual; edit only if extraction merged/split rows incorrectly.
AJCC7,Cervix Uteri,M,M0,Stage IA1 T1a1 N0,B00363,416,400,DISTANT METASTASIS (M),formal_definition_table_candidate,Check wording/category against AJCC manual; edit only if extraction merged/split rows incorrectly.
AJCC7,Cervix Uteri,M,M0,Stage IA2 T1a2 N0,B00363,416,400,DISTANT METASTASIS (M),formal_definition_table_candidate,Check wording/category against AJCC manual; edit only if extraction merged/split rows incorrectly.
AJCC7,Cervix Uteri,M,M0,Stage IB T1b N0,B00363,416,400,DISTANT METASTASIS (M),formal_definition_table_candidate,Check wording/category against AJCC manual; edit only if extraction merged/split rows incorrectly.
AJCC7,Cervix Uteri,M,M0,Stage IB1 T1b1 N0,B00363,416,400,DISTANT METASTASIS (M),formal_definition_table_candidate,Check wording/category against AJCC manual; edit only if extraction merged/split rows incorrectly.
AJCC7,Cervix Uteri,M,M0,Stage IB2 T1b2 N0,B00363,416,400,DISTANT METASTASIS (M),formal_definition_table_candidate,Check wording/category against AJCC manual; edit only if extraction merged/split rows incorrectly.
AJCC7,Cervix Uteri,M,M0,Stage II T2 N0,B00363,416,400,DISTANT METASTASIS (M),formal_definition_table_candidate,Check wording/category against AJCC manual; edit only if extraction merged/split rows incorrectly.
AJCC7,Cervix Uteri,M,M0,Stage IIA T2a N0,B00363,416,400,DISTANT METASTASIS (M),formal_definition_table_candidate,Check wording/category against AJCC manual; edit only if extraction merged/split rows incorrectly.
AJCC7,Cervix Uteri,M,M0,Stage IIA1 T2a1 N0,B00363,416,400,DISTANT METASTASIS (M),formal_definition_table_candidate,Check wording/category against AJCC manual; edit only if extraction merged/split rows incorrectly.
AJCC7,Cervix Uteri,M,M0,Stage IIA2 T2a2 N0,B00363,416,400,DISTANT METASTASIS (M),formal_definition_table_candidate,Check wording/category against AJCC manual; edit only if extraction merged/split rows incorrectly.
AJCC7,Cervix Uteri,M,M0,Stage IIB T2b N0,B00363,416,400,DISTANT METASTASIS (M),formal_definition_table_candidate,Check wording/category against AJCC manual; edit only if extraction merged/split rows incorrectly.
AJCC7,Cervix Uteri,M,M0,Stage III T3 N0,B00363,416,400,DISTANT METASTASIS (M),formal_definition_table_candidate,Check wording/category against AJCC manual; edit only if extraction merged/split rows incorrectly.
AJCC7,Cervix Uteri,M,M0,Stage IIIA T3a N0,B00363,416,400,DISTANT METASTASIS (M),formal_definition_table_candidate,Check wording/category against AJCC manual; edit only if extraction merged/split rows incorrectly.
AJCC7,Cervix Uteri,M,M0,Stage IIIB T3b Any N,B00363,416,400,DISTANT METASTASIS (M),formal_definition_table_candidate,Check wording/category against AJCC manual; edit only if extraction merged/split rows incorrectly.
AJCC7,Cervix Uteri,M,M0,T1-3 N1,B00363,416,400,DISTANT METASTASIS (M),formal_definition_table_candidate,Check wording/category against AJCC manual; edit only if extraction merged/split rows incorrectly.
AJCC7,Cervix Uteri,M,M0,Stage IVA T4 Any N,B00363,416,400,DISTANT METASTASIS (M),formal_definition_table_candidate,Check wording/category against AJCC manual; edit only if extraction merged/split rows incorrectly.
AJCC7,Cervix Uteri,M,M0,Stage IVB Any T Any N,B00363,416,400,DISTANT METASTASIS (M),formal_definition_table_candidate,Check wording/category against AJCC manual; edit only if extraction merged/split rows incorrectly.
AJCC7,Cervix Uteri,M,M1,Stage 0* Tis N0,B00363,416,400,DISTANT METASTASIS (M),formal_definition_table_candidate,Check wording/category against AJCC manual; edit only if extraction merged/split rows incorrectly.
AJCC7,Corpus Uteri,T,TX,Primary tumor cannot be assessed,B00367,422,406,Primary Tumor (T) (Surgical-Pathologic Findings),formal_definition_table_candidate,Check wording/category against AJCC manual; edit only if extraction merged/split rows incorrectly.
AJCC7,Corpus Uteri,T,T0,No evidence of primary tumor Tis * Carcinoma in situ (preinvasive carcinoma),B00367,422,406,Primary Tumor (T) (Surgical-Pathologic Findings),formal_definition_table_candidate,Check wording/category against AJCC manual; edit only if extraction merged/split rows incorrectly.
AJCC7,Corpus Uteri,T,T1,I Tumor confi ned to corpus uteri,B00367,422,406,Primary Tumor (T) (Surgical-Pathologic Findings),formal_definition_table_candidate,Check wording/category against AJCC manual; edit only if extraction merged/split rows incorrectly.
AJCC7,Corpus Uteri,T,T1a,IA Tumor limited to endometrium or invades less than one-half of the myometrium,B00367,422,406,Primary Tumor (T) (Surgical-Pathologic Findings),formal_definition_table_candidate,Check wording/category against AJCC manual; edit only if extraction merged/split rows incorrectly.
AJCC7,Corpus Uteri,T,T1b,IB Tumor invades one-half or more of the myometrium,B00367,422,406,Primary Tumor (T) (Surgical-Pathologic Findings),formal_definition_table_candidate,Check wording/category against AJCC manual; edit only if extraction merged/split rows incorrectly.
AJCC7,Corpus Uteri,T,T2,II Tumor invades stromal connective tissue of the cervix but does not extend beyond uterus**,B00367,422,406,Primary Tumor (T) (Surgical-Pathologic Findings),formal_definition_table_candidate,Check wording/category against AJCC manual; edit only if extraction merged/split rows incorrectly.
AJCC7,Corpus Uteri,T,T3a,IIIA Tumor involves serosa and/or adn- exa (direct extension or metastasis),B00367,422,406,Primary Tumor (T) (Surgical-Pathologic Findings),formal_definition_table_candidate,Check wording/category against AJCC manual; edit only if extraction merged/split rows incorrectly.
AJCC7,Corpus Uteri,T,T3b,IIIB Vaginal involvement (direct exten- sion or metastasis) or parametrial involvement,B00367,422,406,Primary Tumor (T) (Surgical-Pathologic Findings),formal_definition_table_candidate,Check wording/category against AJCC manual; edit only if extraction merged/split rows incorrectly.
AJCC7,Corpus Uteri,T,T4,IVA Tumor invades bladder mucosa and/or bowel mucosa (bullous edema is not suffi cient to classify a tumor as T4) * Note : FIGO no longer includes Stage 0 (Tis). **Endocervical glandular involvement only should be con- sidered as Stage I and not as Stage II.,B00367,422,406,Primary Tumor (T) (Surgical-Pathologic Findings),formal_definition_table_candidate,Check wording/category against AJCC manual; edit only if extraction merged/split rows incorrectly.
AJCC7,Corpus Uteri,N,NX,Regional lymph nodes cannot be assessed,B00368,422,406,Regional Lymph Nodes (N),formal_definition_table_candidate,Check wording/category against AJCC manual; edit only if extraction merged/split rows incorrectly.
AJCC7,Corpus Uteri,N,N0,No regional lymph node metastasis,B00368,422,406,Regional Lymph Nodes (N),formal_definition_table_candidate,Check wording/category against AJCC manual; edit only if extraction merged/split rows incorrectly.
AJCC7,Corpus Uteri,N,N1,IIIC1 Regional lymph node metastasis to pelvic lymph nodes,B00368,422,406,Regional Lymph Nodes (N),formal_definition_table_candidate,Check wording/category against AJCC manual; edit only if extraction merged/split rows incorrectly.
AJCC7,Corpus Uteri,N,N2,"IIIC2 Regional lymph node metastasis to para-aortic lymph nodes, with or without positive pelvic lymph nodes",B00368,422,406,Regional Lymph Nodes (N),formal_definition_table_candidate,Check wording/category against AJCC manual; edit only if extraction merged/split rows incorrectly.
AJCC7,Corpus Uteri,M,M0,No distant metastasis,B00369,422,406,Distant Metastasis (M),formal_definition_table_candidate,Check wording/category against AJCC manual; edit only if extraction merged/split rows incorrectly.
AJCC7,Corpus Uteri,M,M1,"IVB Distant metastasis (includes metas- tasis to inguinal lymph nodes intra- peritoneal disease, or lung, liver, or bone. It excludes metastasis to para-aortic lymph nodes, vagina, pelvic serosa, or adnexa)",B00369,422,406,Distant Metastasis (M),formal_definition_table_candidate,Check wording/category against AJCC manual; edit only if extraction merged/split rows incorrectly.
AJCC7,Corpus Uteri,G,GX,Grade cannot be assessed,B00371,422,406,HISTOLOGIC GRADE (G),formal_definition_table_candidate,Check wording/category against AJCC manual; edit only if extraction merged/split rows incorrectly.
AJCC7,Corpus Uteri,G,G1,Well differentiated,B00371,422,406,HISTOLOGIC GRADE (G),formal_definition_table_candidate,Check wording/category against AJCC manual; edit only if extraction merged/split rows incorrectly.
AJCC7,Corpus Uteri,G,G2,"Moderately differentiated G3-4 Poorly differentiated or undifferentiated In order to view this proof accurately, the Overprint Preview Option must be set to Always in Acrobat Professional or Adobe Reader. Please contact your Customer Service Representative if you have questions about finding this option. Job Name: -- /381449t",B00371,422,406,HISTOLOGIC GRADE (G),formal_definition_table_candidate,Check wording/category against AJCC manual; edit only if extraction merged/split rows incorrectly.
AJCC7,Corpus Uteri,T,T0,No evidence of primary tumor,B00372,423,407,Primary Tumor (T),formal_definition_table_candidate,Check wording/category against AJCC manual; edit only if extraction merged/split rows incorrectly.
AJCC7,Corpus Uteri,T,T1,I Tumor limited to the uterus,B00372,423,407,Primary Tumor (T),formal_definition_table_candidate,Check wording/category against AJCC manual; edit only if extraction merged/split rows incorrectly.
AJCC7,Corpus Uteri,T,T1a,IA Tumor 5 cm or less in greatest dimension,B00372,423,407,Primary Tumor (T),formal_definition_table_candidate,Check wording/category against AJCC manual; edit only if extraction merged/split rows incorrectly.
AJCC7,Corpus Uteri,T,T1b,IB Tumor more than 5 cm,B00372,423,407,Primary Tumor (T),formal_definition_table_candidate,Check wording/category against AJCC manual; edit only if extraction merged/split rows incorrectly.
AJCC7,Corpus Uteri,T,T2,"II Tumor extends beyond the uterus, within the pelvis",B00372,423,407,Primary Tumor (T),formal_definition_table_candidate,Check wording/category against AJCC manual; edit only if extraction merged/split rows incorrectly.
AJCC7,Corpus Uteri,T,T2a,IIA Tumor involves adnexa,B00372,423,407,Primary Tumor (T),formal_definition_table_candidate,Check wording/category against AJCC manual; edit only if extraction merged/split rows incorrectly.
AJCC7,Corpus Uteri,T,T2b,IIB Tumor involves other pelvic tissues,B00372,423,407,Primary Tumor (T),formal_definition_table_candidate,Check wording/category against AJCC manual; edit only if extraction merged/split rows incorrectly.
AJCC7,Corpus Uteri,T,T3,III* Tumor infi ltrates abdominal tissues,B00372,423,407,Primary Tumor (T),formal_definition_table_candidate,Check wording/category against AJCC manual; edit only if extraction merged/split rows incorrectly.
AJCC7,Corpus Uteri,T,T3a,IIIA One site,B00372,423,407,Primary Tumor (T),formal_definition_table_candidate,Check wording/category against AJCC manual; edit only if extraction merged/split rows incorrectly.
AJCC7,Corpus Uteri,T,T3b,IIIB More than one site,B00372,423,407,Primary Tumor (T),formal_definition_table_candidate,Check wording/category against AJCC manual; edit only if extraction merged/split rows incorrectly.
AJCC7,Corpus Uteri,T,T4,IVA Tumor invades bladder or rectum Note : Simultaneous tumors of the uterine corpus and ovary/ pelvis in association with ovarian/pelvic endometriosis should be classifi ed as independent primary tumors. *In this stage lesions must inifi ltrate abdominal tissues and not just protrude into the abdominal cavity.,B00372,423,407,Primary Tumor (T),formal_definition_table_candidate,Check wording/category against AJCC manual; edit only if extraction merged/split rows incorrectly.
AJCC7,Corpus Uteri,N,N1,IIIC Regional lymph node metastasis,B00373,423,407,Regional Lymph Nodes (N),formal_definition_table_candidate,Check wording/category against AJCC manual; edit only if extraction merged/split rows incorrectly.
AJCC7,Corpus Uteri,M,M1,"IVB Distant metastasis (excluding adnexa, pelvic and abdominal tissues) Adenosarcoma",B00374,423,407,Distant Metastasis (M),formal_definition_table_candidate,Check wording/category against AJCC manual; edit only if extraction merged/split rows incorrectly.
AJCC7,Corpus Uteri,T,T1a,IA Tumor limited to the endome- trium/endocervix,B00375,423,407,Primary Tumor (T),formal_definition_table_candidate,Check wording/category against AJCC manual; edit only if extraction merged/split rows incorrectly.
AJCC7,Corpus Uteri,T,T1b,IB Tumor invades to less than half of the myometrium,B00375,423,407,Primary Tumor (T),formal_definition_table_candidate,Check wording/category against AJCC manual; edit only if extraction merged/split rows incorrectly.
AJCC7,Corpus Uteri,T,T1c,IC Tumor invades more than half of the myometrium,B00375,423,407,Primary Tumor (T),formal_definition_table_candidate,Check wording/category against AJCC manual; edit only if extraction merged/split rows incorrectly.
AJCC7,Corpus Uteri,T,T2b,IIB Tumor involves other pelvic tis- sues,B00375,423,407,Primary Tumor (T),formal_definition_table_candidate,Check wording/category against AJCC manual; edit only if extraction merged/split rows incorrectly.
AJCC7,Corpus Uteri,T,T3,III* Tumor involves abdominal tissues,B00375,423,407,Primary Tumor (T),formal_definition_table_candidate,Check wording/category against AJCC manual; edit only if extraction merged/split rows incorrectly.
AJCC7,Corpus Uteri,M,M1,"IVB Distant metastasis (excluding adnexa, pelvic and abdominal tissues) Uterine Sarcomas",B00377,423,407,Distant Metastasis (M),formal_definition_table_candidate,Check wording/category against AJCC manual; edit only if extraction merged/split rows incorrectly.
AJCC7,Corpus Uteri,T,Tis,*,B00380,427,411,PRIMARY TUMOR (T),formal_definition_table_candidate,Check wording/category against AJCC manual; edit only if extraction merged/split rows incorrectly.
AJCC7,Corpus Uteri,T,T1,I,B00380,427,411,PRIMARY TUMOR (T),formal_definition_table_candidate,Check wording/category against AJCC manual; edit only if extraction merged/split rows incorrectly.
AJCC7,Corpus Uteri,T,T1a,IA,B00380,427,411,PRIMARY TUMOR (T),formal_definition_table_candidate,Check wording/category against AJCC manual; edit only if extraction merged/split rows incorrectly.
AJCC7,Corpus Uteri,T,T1b,IB,B00380,427,411,PRIMARY TUMOR (T),formal_definition_table_candidate,Check wording/category against AJCC manual; edit only if extraction merged/split rows incorrectly.
AJCC7,Corpus Uteri,T,T2,II,B00380,427,411,PRIMARY TUMOR (T),formal_definition_table_candidate,Check wording/category against AJCC manual; edit only if extraction merged/split rows incorrectly.
AJCC7,Corpus Uteri,T,T3a,IIIA,B00380,427,411,PRIMARY TUMOR (T),formal_definition_table_candidate,Check wording/category against AJCC manual; edit only if extraction merged/split rows incorrectly.
AJCC7,Corpus Uteri,T,T3b,IIIB,B00380,427,411,PRIMARY TUMOR (T),formal_definition_table_candidate,Check wording/category against AJCC manual; edit only if extraction merged/split rows incorrectly.
AJCC7,Corpus Uteri,T,T4,IVA TNM FIGO STAGE NX N0 N1 IIIC1 N2 IIIC2,B00380,427,411,PRIMARY TUMOR (T),formal_definition_table_candidate,Check wording/category against AJCC manual; edit only if extraction merged/split rows incorrectly.
AJCC7,Corpus Uteri,N,N1,IIIC1,B00381,427,411,REGIONAL LYMPH NODES (N),formal_definition_table_candidate,Check wording/category against AJCC manual; edit only if extraction merged/split rows incorrectly.
AJCC7,Corpus Uteri,N,N2,IIIC2 TNM FIGO STAGE M0 M1 IVB,B00381,427,411,REGIONAL LYMPH NODES (N),formal_definition_table_candidate,Check wording/category against AJCC manual; edit only if extraction merged/split rows incorrectly.
AJCC7,Corpus Uteri,M,M1,IVB,B00382,427,411,DISTANT METASTASIS (M),formal_definition_table_candidate,Check wording/category against AJCC manual; edit only if extraction merged/split rows incorrectly.
AJCC7,Corpus Uteri,G,G1,5% or less of a non-squamous or non-morular solid growth pattern,B00384,428,412,Histologic Grade (G) (also known as overall grade),formal_definition_table_candidate,Check wording/category against AJCC manual; edit only if extraction merged/split rows incorrectly.
AJCC7,Corpus Uteri,G,G2,6% to 50% of a non-squamous or non-morular solid growth pattern,B00384,428,412,Histologic Grade (G) (also known as overall grade),formal_definition_table_candidate,Check wording/category against AJCC manual; edit only if extraction merged/split rows incorrectly.
AJCC7,Corpus Uteri,T,T2a,IIA,B00385,431,,PRIMARY TUMOR (T),formal_definition_table_candidate,Check wording/category against AJCC manual; edit only if extraction merged/split rows incorrectly.
AJCC7,Corpus Uteri,T,T2b,IIB,B00385,431,,PRIMARY TUMOR (T),formal_definition_table_candidate,Check wording/category against AJCC manual; edit only if extraction merged/split rows incorrectly.
AJCC7,Corpus Uteri,T,T3,III*,B00385,431,,PRIMARY TUMOR (T),formal_definition_table_candidate,Check wording/category against AJCC manual; edit only if extraction merged/split rows incorrectly.
AJCC7,Corpus Uteri,T,T4,IVA,B00385,431,,PRIMARY TUMOR (T),formal_definition_table_candidate,Check wording/category against AJCC manual; edit only if extraction merged/split rows incorrectly.
AJCC7,Corpus Uteri,T,T1c,IC,B00385,431,,PRIMARY TUMOR (T),formal_definition_table_candidate,Check wording/category against AJCC manual; edit only if extraction merged/split rows incorrectly.
AJCC7,Corpus Uteri,T,T4,IVA TNM FIGO STAGE NX N0 N1 IIIC,B00385,431,,PRIMARY TUMOR (T),formal_definition_table_candidate,Check wording/category against AJCC manual; edit only if extraction merged/split rows incorrectly.
AJCC7,Corpus Uteri,N,N1,IIIC,B00386,431,,REGIONAL LYMPH NODES (N),formal_definition_table_candidate,Check wording/category against AJCC manual; edit only if extraction merged/split rows incorrectly.
AJCC7,Corpus Uteri,M,M1,IVB GROUP T N M I T1 N0,B00388,432,,DISTANT METASTASIS (M),formal_definition_table_candidate,Check wording/category against AJCC manual; edit only if extraction merged/split rows incorrectly.
AJCC7,Corpus Uteri,M,M0,IA* T1a N0,B00388,432,,DISTANT METASTASIS (M),formal_definition_table_candidate,Check wording/category against AJCC manual; edit only if extraction merged/split rows incorrectly.
AJCC7,Corpus Uteri,M,M0,IB* T1b N0,B00388,432,,DISTANT METASTASIS (M),formal_definition_table_candidate,Check wording/category against AJCC manual; edit only if extraction merged/split rows incorrectly.
AJCC7,Corpus Uteri,M,M0,IC** T1c N0,B00388,432,,DISTANT METASTASIS (M),formal_definition_table_candidate,Check wording/category against AJCC manual; edit only if extraction merged/split rows incorrectly.
AJCC7,Corpus Uteri,M,M0,II T2 N0,B00388,432,,DISTANT METASTASIS (M),formal_definition_table_candidate,Check wording/category against AJCC manual; edit only if extraction merged/split rows incorrectly.
AJCC7,Corpus Uteri,M,M0,IIIA T3a N0,B00388,432,,DISTANT METASTASIS (M),formal_definition_table_candidate,Check wording/category against AJCC manual; edit only if extraction merged/split rows incorrectly.
AJCC7,Corpus Uteri,M,M0,IIIB T3b N0,B00388,432,,DISTANT METASTASIS (M),formal_definition_table_candidate,Check wording/category against AJCC manual; edit only if extraction merged/split rows incorrectly.
AJCC7,Corpus Uteri,M,M0,IIIC T1-3 N1,B00388,432,,DISTANT METASTASIS (M),formal_definition_table_candidate,Check wording/category against AJCC manual; edit only if extraction merged/split rows incorrectly.
AJCC7,Corpus Uteri,M,M0,IVA T4 Any N,B00388,432,,DISTANT METASTASIS (M),formal_definition_table_candidate,Check wording/category against AJCC manual; edit only if extraction merged/split rows incorrectly.
AJCC7,Corpus Uteri,M,M0,IVB Any T Any N,B00388,432,,DISTANT METASTASIS (M),formal_definition_table_candidate,Check wording/category against AJCC manual; edit only if extraction merged/split rows incorrectly.
AJCC7,Corpus Uteri,M,M1,**Note: Stage IC does not apply for leiomyosarcoma and endometrial stromal sarcoma. PATHOLOGIC GROUP T N M I T1 N0,B00388,432,,DISTANT METASTASIS (M),formal_definition_table_candidate,Check wording/category against AJCC manual; edit only if extraction merged/split rows incorrectly.
AJCC7,Corpus Uteri,M,M1,**Note: Stage IC does not apply for leiomyosarcoma and endometrial stromal sarcoma. Stage unknown *Note: Stages IA and IB differ from those applied for leiomyosarcoma and endometrial stromal sarcoma. *Note: Stages IA and IB differ from those applied for leiomyosarcoma and endometrial stromal sarcoma. Stage unknown,B00388,432,,DISTANT METASTASIS (M),formal_definition_table_candidate,Check wording/category against AJCC manual; edit only if extraction merged/split rows incorrectly.
AJCC7,Ovary and Primary Peritoneal Carcinoma,T,TX,Primary tumor cannot be assessed,B00391,437,421,Primary Tumor (T),formal_definition_table_candidate,Check wording/category against AJCC manual; edit only if extraction merged/split rows incorrectly.
AJCC7,Ovary and Primary Peritoneal Carcinoma,T,T0,No evidence of primary tumor,B00391,437,421,Primary Tumor (T),formal_definition_table_candidate,Check wording/category against AJCC manual; edit only if extraction merged/split rows incorrectly.
AJCC7,Ovary and Primary Peritoneal Carcinoma,T,T1,I Tumor limited to ovaries (one or both),B00391,437,421,Primary Tumor (T),formal_definition_table_candidate,Check wording/category against AJCC manual; edit only if extraction merged/split rows incorrectly.
AJCC7,Ovary and Primary Peritoneal Carcinoma,T,T1a,"IA Tumor limited to one ovary; capsule intact, no tumor on ovarian surface. No malignant cells in ascites or peri- toneal washings",B00391,437,421,Primary Tumor (T),formal_definition_table_candidate,Check wording/category against AJCC manual; edit only if extraction merged/split rows incorrectly.
AJCC7,Ovary and Primary Peritoneal Carcinoma,T,T1b,"IB Tumor limited to both ovaries; capsules intact, no tumor on ovar- ian surface. No malignant cells in ascites or peritoneal washings",B00391,437,421,Primary Tumor (T),formal_definition_table_candidate,Check wording/category against AJCC manual; edit only if extraction merged/split rows incorrectly.
AJCC7,Ovary and Primary Peritoneal Carcinoma,T,T1c,"IC Tumor limited to one or both ovaries with any of the following: capsule ruptured, tumor on ovarian surface, malignant cells in ascites or perito- neal washings",B00391,437,421,Primary Tumor (T),formal_definition_table_candidate,Check wording/category against AJCC manual; edit only if extraction merged/split rows incorrectly.
AJCC7,Ovary and Primary Peritoneal Carcinoma,T,T2,II Tumor involves one or both ovaries with pelvic extension,B00391,437,421,Primary Tumor (T),formal_definition_table_candidate,Check wording/category against AJCC manual; edit only if extraction merged/split rows incorrectly.
AJCC7,Ovary and Primary Peritoneal Carcinoma,T,T2a,IIA Extension and/or implants on uterus and/or tube(s). No malig- nant cells in ascites or peritoneal washings,B00391,437,421,Primary Tumor (T),formal_definition_table_candidate,Check wording/category against AJCC manual; edit only if extraction merged/split rows incorrectly.
AJCC7,Ovary and Primary Peritoneal Carcinoma,T,T2b,IIB Extension to and/or implants on other pelvic tissues. No malig- nant cells in ascites or peritoneal washings,B00391,437,421,Primary Tumor (T),formal_definition_table_candidate,Check wording/category against AJCC manual; edit only if extraction merged/split rows incorrectly.
AJCC7,Ovary and Primary Peritoneal Carcinoma,T,T2c,IIC Pelvic extension and/or implants (T2a or T2b) with malignant cells in ascites or peritoneal washings,B00391,437,421,Primary Tumor (T),formal_definition_table_candidate,Check wording/category against AJCC manual; edit only if extraction merged/split rows incorrectly.
AJCC7,Ovary and Primary Peritoneal Carcinoma,T,T3,III Tumor involves one or both ovaries with microscopically confi rmed peri- toneal metastasis outside the pelvis,B00391,437,421,Primary Tumor (T),formal_definition_table_candidate,Check wording/category against AJCC manual; edit only if extraction merged/split rows incorrectly.
AJCC7,Ovary and Primary Peritoneal Carcinoma,T,T3a,IIIA Microscopic peritoneal metasta- sis beyond pelvis (no macroscopic tumor),B00391,437,421,Primary Tumor (T),formal_definition_table_candidate,Check wording/category against AJCC manual; edit only if extraction merged/split rows incorrectly.
AJCC7,Ovary and Primary Peritoneal Carcinoma,T,T3b,IIIB Macroscopic peritoneal metastasis beyond pelvis 2 cm or less in great- est dimension,B00391,437,421,Primary Tumor (T),formal_definition_table_candidate,Check wording/category against AJCC manual; edit only if extraction merged/split rows incorrectly.
AJCC7,Ovary and Primary Peritoneal Carcinoma,T,T3c,IIIC Peritoneal metastasis beyond pelvis more than 2 cm in greatest dimen- sion and/or regional lymph node metastasis Note : Liver capsule metastasis T3/Stage III; liver parenchymal metastasis M1/Stage IV. Pleural effusion must have positive cytology for M1/Stage IV.,B00391,437,421,Primary Tumor (T),formal_definition_table_candidate,Check wording/category against AJCC manual; edit only if extraction merged/split rows incorrectly.
AJCC7,Ovary and Primary Peritoneal Carcinoma,N,NX,Regional lymph nodes cannot be assessed,B00392,437,421,Regional Lymph Nodes (N),formal_definition_table_candidate,Check wording/category against AJCC manual; edit only if extraction merged/split rows incorrectly.
AJCC7,Ovary and Primary Peritoneal Carcinoma,N,N0,No regional lymph node metastasis,B00392,437,421,Regional Lymph Nodes (N),formal_definition_table_candidate,Check wording/category against AJCC manual; edit only if extraction merged/split rows incorrectly.
AJCC7,Ovary and Primary Peritoneal Carcinoma,N,N1,IIIC Regional lymph node metastasis,B00392,437,421,Regional Lymph Nodes (N),formal_definition_table_candidate,Check wording/category against AJCC manual; edit only if extraction merged/split rows incorrectly.
AJCC7,Ovary and Primary Peritoneal Carcinoma,M,M0,No distant metastasis,B00393,437,421,Distant Metastasis (M),formal_definition_table_candidate,Check wording/category against AJCC manual; edit only if extraction merged/split rows incorrectly.
AJCC7,Ovary and Primary Peritoneal Carcinoma,M,M1,"IV Distant metastasis (excludes peri- toneal metastasis) pTNM Pathologic Classifi cation. The pT, pN, and pM categories correspond to the T, N, and M categories.",B00393,437,421,Distant Metastasis (M),formal_definition_table_candidate,Check wording/category against AJCC manual; edit only if extraction merged/split rows incorrectly.
AJCC7,Ovary and Primary Peritoneal Carcinoma,G,GX,Grade cannot be assessed GB Borderline malignancy,B00395,438,422,HISTOLOGIC GRADE (G),formal_definition_table_candidate,Check wording/category against AJCC manual; edit only if extraction merged/split rows incorrectly.
AJCC7,Ovary and Primary Peritoneal Carcinoma,G,G1,Well differentiated,B00395,438,422,HISTOLOGIC GRADE (G),formal_definition_table_candidate,Check wording/category against AJCC manual; edit only if extraction merged/split rows incorrectly.
AJCC7,Ovary and Primary Peritoneal Carcinoma,G,G2,Moderately differentiated G3-4 Poorly differentiated or undifferentiated,B00395,438,422,HISTOLOGIC GRADE (G),formal_definition_table_candidate,Check wording/category against AJCC manual; edit only if extraction merged/split rows incorrectly.
AJCC7,Ovary and Primary Peritoneal Carcinoma,T,T1,I,B00396,441,425,PRIMARY TUMOR (T),formal_definition_table_candidate,Check wording/category against AJCC manual; edit only if extraction merged/split rows incorrectly.
AJCC7,Ovary and Primary Peritoneal Carcinoma,T,T1a,IA,B00396,441,425,PRIMARY TUMOR (T),formal_definition_table_candidate,Check wording/category against AJCC manual; edit only if extraction merged/split rows incorrectly.
AJCC7,Ovary and Primary Peritoneal Carcinoma,T,T1b,IB,B00396,441,425,PRIMARY TUMOR (T),formal_definition_table_candidate,Check wording/category against AJCC manual; edit only if extraction merged/split rows incorrectly.
AJCC7,Ovary and Primary Peritoneal Carcinoma,T,T1c,IC,B00396,441,425,PRIMARY TUMOR (T),formal_definition_table_candidate,Check wording/category against AJCC manual; edit only if extraction merged/split rows incorrectly.
AJCC7,Ovary and Primary Peritoneal Carcinoma,T,T2,II,B00396,441,425,PRIMARY TUMOR (T),formal_definition_table_candidate,Check wording/category against AJCC manual; edit only if extraction merged/split rows incorrectly.
AJCC7,Ovary and Primary Peritoneal Carcinoma,T,T2a,IIA,B00396,441,425,PRIMARY TUMOR (T),formal_definition_table_candidate,Check wording/category against AJCC manual; edit only if extraction merged/split rows incorrectly.
AJCC7,Ovary and Primary Peritoneal Carcinoma,T,T2b,IIB,B00396,441,425,PRIMARY TUMOR (T),formal_definition_table_candidate,Check wording/category against AJCC manual; edit only if extraction merged/split rows incorrectly.
AJCC7,Ovary and Primary Peritoneal Carcinoma,T,T2c,IIC,B00396,441,425,PRIMARY TUMOR (T),formal_definition_table_candidate,Check wording/category against AJCC manual; edit only if extraction merged/split rows incorrectly.
AJCC7,Ovary and Primary Peritoneal Carcinoma,T,T3,III,B00396,441,425,PRIMARY TUMOR (T),formal_definition_table_candidate,Check wording/category against AJCC manual; edit only if extraction merged/split rows incorrectly.
AJCC7,Ovary and Primary Peritoneal Carcinoma,T,T3a,IIIA,B00396,441,425,PRIMARY TUMOR (T),formal_definition_table_candidate,Check wording/category against AJCC manual; edit only if extraction merged/split rows incorrectly.
AJCC7,Ovary and Primary Peritoneal Carcinoma,T,T3b,IIIB,B00396,441,425,PRIMARY TUMOR (T),formal_definition_table_candidate,Check wording/category against AJCC manual; edit only if extraction merged/split rows incorrectly.
AJCC7,Ovary and Primary Peritoneal Carcinoma,T,T3c,IIIC TNM FIGO STAGE NX N0 N1 IIIC,B00396,441,425,PRIMARY TUMOR (T),formal_definition_table_candidate,Check wording/category against AJCC manual; edit only if extraction merged/split rows incorrectly.
AJCC7,Ovary and Primary Peritoneal Carcinoma,N,N1,IIIC TNM FIGO STAGE M0 M1 IV,B00397,441,425,REGIONAL LYMPH NODES (N),formal_definition_table_candidate,Check wording/category against AJCC manual; edit only if extraction merged/split rows incorrectly.
AJCC7,Fallopian Tube,T,TX,Primary tumor cannot be assessed,B00402,446,430,Primary Tumor (T),formal_definition_table_candidate,Check wording/category against AJCC manual; edit only if extraction merged/split rows incorrectly.
AJCC7,Fallopian Tube,T,T0,No evidence of primary tumor Tis * Carcinoma in situ (limited to tubal mucosa),B00402,446,430,Primary Tumor (T),formal_definition_table_candidate,Check wording/category against AJCC manual; edit only if extraction merged/split rows incorrectly.
AJCC7,Fallopian Tube,T,T1,I Tumor limited to the fallopian tube(s),B00402,446,430,Primary Tumor (T),formal_definition_table_candidate,Check wording/category against AJCC manual; edit only if extraction merged/split rows incorrectly.
AJCC7,Fallopian Tube,T,T1a,"IA Tumor limited to one tube, with- out penetrating the serosal surface; no ascites",B00402,446,430,Primary Tumor (T),formal_definition_table_candidate,Check wording/category against AJCC manual; edit only if extraction merged/split rows incorrectly.
AJCC7,Fallopian Tube,T,T1b,"IB Tumor limited to both tubes, with- out penetrating the serosal surface; no ascites",B00402,446,430,Primary Tumor (T),formal_definition_table_candidate,Check wording/category against AJCC manual; edit only if extraction merged/split rows incorrectly.
AJCC7,Fallopian Tube,T,T1c,"IC Tumor limited to one or both tubes with extension onto or through the tubal serosa, or with malignant cells in ascites or peri- toneal washings",B00402,446,430,Primary Tumor (T),formal_definition_table_candidate,Check wording/category against AJCC manual; edit only if extraction merged/split rows incorrectly.
AJCC7,Fallopian Tube,T,T2,II Tumor involves one or both fallo- pian tubes with pelvic extension,B00402,446,430,Primary Tumor (T),formal_definition_table_candidate,Check wording/category against AJCC manual; edit only if extraction merged/split rows incorrectly.
AJCC7,Fallopian Tube,T,T2a,IIA Extension and/or metastasis to the uterus and/or ovaries,B00402,446,430,Primary Tumor (T),formal_definition_table_candidate,Check wording/category against AJCC manual; edit only if extraction merged/split rows incorrectly.
AJCC7,Fallopian Tube,T,T2b,IIB Extension to other pelvic structures,B00402,446,430,Primary Tumor (T),formal_definition_table_candidate,Check wording/category against AJCC manual; edit only if extraction merged/split rows incorrectly.
AJCC7,Fallopian Tube,T,T2c,IIC Pelvic extension with malignant cells in ascites or peritoneal wash- ings,B00402,446,430,Primary Tumor (T),formal_definition_table_candidate,Check wording/category against AJCC manual; edit only if extraction merged/split rows incorrectly.
AJCC7,Fallopian Tube,T,T3,"III Tumor involves one or both fallo- pian tubes, with peritoneal implants outside the pelvis",B00402,446,430,Primary Tumor (T),formal_definition_table_candidate,Check wording/category against AJCC manual; edit only if extraction merged/split rows incorrectly.
AJCC7,Fallopian Tube,T,T3a,IIIA Microscopic peritoneal metastasis outside the pelvis,B00402,446,430,Primary Tumor (T),formal_definition_table_candidate,Check wording/category against AJCC manual; edit only if extraction merged/split rows incorrectly.
AJCC7,Fallopian Tube,T,T3b,IIIB Macroscopic peritoneal metastasis outside the pelvis 2 cm or less in greatest dimension,B00402,446,430,Primary Tumor (T),formal_definition_table_candidate,Check wording/category against AJCC manual; edit only if extraction merged/split rows incorrectly.
AJCC7,Fallopian Tube,T,T3c,IIIC Peritoneal metastasis outside the pelvis and more than 2 cm in diameter * Note : FIGO no longer includes Stage 0 (Tis). Note : Liver capsule metastasis is T3/Stage III; liver parenchy- mal metastasis is M1/Stage IV. Pleural effusion must have positive cytology for M1/Stage IV.,B00402,446,430,Primary Tumor (T),formal_definition_table_candidate,Check wording/category against AJCC manual; edit only if extraction merged/split rows incorrectly.
AJCC7,Fallopian Tube,N,NX,Regional lymph nodes cannot be assessed,B00403,446,430,Regional Lymph Nodes (N),formal_definition_table_candidate,Check wording/category against AJCC manual; edit only if extraction merged/split rows incorrectly.
AJCC7,Fallopian Tube,N,N0,No regional lymph node metastasis,B00403,446,430,Regional Lymph Nodes (N),formal_definition_table_candidate,Check wording/category against AJCC manual; edit only if extraction merged/split rows incorrectly.
AJCC7,Fallopian Tube,N,N1,"IIIC Regional lymph node metastasis In order to view this proof accurately, the Overprint Preview Option must be set to Always in Acrobat Professional or Adobe Reader. Please contact your Customer Service Representative if you have questions about finding this option. Job Name: -- /381449t",B00403,446,430,Regional Lymph Nodes (N),formal_definition_table_candidate,Check wording/category against AJCC manual; edit only if extraction merged/split rows incorrectly.
AJCC7,Fallopian Tube,M,M0,No distant metastasis,B00404,447,431,Distant Metastasis (M),formal_definition_table_candidate,Check wording/category against AJCC manual; edit only if extraction merged/split rows incorrectly.
AJCC7,Fallopian Tube,M,M1,IV Distant metastasis (excludes metas- tasis within the peritoneal cavity),B00404,447,431,Distant Metastasis (M),formal_definition_table_candidate,Check wording/category against AJCC manual; edit only if extraction merged/split rows incorrectly.
AJCC7,Fallopian Tube,G,GX,Grade cannot be assessed,B00406,447,431,HISTOLOGIC GRADE (G),formal_definition_table_candidate,Check wording/category against AJCC manual; edit only if extraction merged/split rows incorrectly.
AJCC7,Fallopian Tube,G,G1,Well differentiated,B00406,447,431,HISTOLOGIC GRADE (G),formal_definition_table_candidate,Check wording/category against AJCC manual; edit only if extraction merged/split rows incorrectly.
AJCC7,Fallopian Tube,G,G2,Moderately differentiated,B00406,447,431,HISTOLOGIC GRADE (G),formal_definition_table_candidate,Check wording/category against AJCC manual; edit only if extraction merged/split rows incorrectly.
AJCC7,Fallopian Tube,G,G3,Poorly differentiated,B00406,447,431,HISTOLOGIC GRADE (G),formal_definition_table_candidate,Check wording/category against AJCC manual; edit only if extraction merged/split rows incorrectly.
AJCC7,Fallopian Tube,G,G4,Undifferentiated,B00406,447,431,HISTOLOGIC GRADE (G),formal_definition_table_candidate,Check wording/category against AJCC manual; edit only if extraction merged/split rows incorrectly.
AJCC7,Fallopian Tube,T,Tis,*,B00407,449,433,PRIMARY TUMOR (T),formal_definition_table_candidate,Check wording/category against AJCC manual; edit only if extraction merged/split rows incorrectly.
AJCC7,Fallopian Tube,T,T1,I IB TNM FIGO STAGE NX N0 N1 IIIC,B00407,449,433,PRIMARY TUMOR (T),formal_definition_table_candidate,Check wording/category against AJCC manual; edit only if extraction merged/split rows incorrectly.
AJCC7,Fallopian Tube,N,N1,IIIC TNM FIGO STAGE M0 M1 IV,B00408,449,433,REGIONAL LYMPH NODES (N),formal_definition_table_candidate,Check wording/category against AJCC manual; edit only if extraction merged/split rows incorrectly.
AJCC7,Gestational Trophoblastic Tumors,T,TX,Primary tumor cannot be assessed,B00413,455,439,Primary Tumor (T),formal_definition_table_candidate,Check wording/category against AJCC manual; edit only if extraction merged/split rows incorrectly.
AJCC7,Gestational Trophoblastic Tumors,T,T0,No evidence of primary tumor,B00413,455,439,Primary Tumor (T),formal_definition_table_candidate,Check wording/category against AJCC manual; edit only if extraction merged/split rows incorrectly.
AJCC7,Gestational Trophoblastic Tumors,T,T1,I Tumor confi ned to uterus,B00413,455,439,Primary Tumor (T),formal_definition_table_candidate,Check wording/category against AJCC manual; edit only if extraction merged/split rows incorrectly.
AJCC7,Gestational Trophoblastic Tumors,T,T2,"II Tumor extends to other genital structures (ovary, tube, vagina, broad ligaments) by metastasis or direct extension",B00413,455,439,Primary Tumor (T),formal_definition_table_candidate,Check wording/category against AJCC manual; edit only if extraction merged/split rows incorrectly.
AJCC7,Gestational Trophoblastic Tumors,M,M0,No distant metastasis,B00414,455,439,Distant Metastasis (M),formal_definition_table_candidate,Check wording/category against AJCC manual; edit only if extraction merged/split rows incorrectly.
AJCC7,Gestational Trophoblastic Tumors,M,M1,Distant metastasis,B00414,455,439,Distant Metastasis (M),formal_definition_table_candidate,Check wording/category against AJCC manual; edit only if extraction merged/split rows incorrectly.
AJCC7,Gestational Trophoblastic Tumors,M,M1a,III Lung metastasis,B00414,455,439,Distant Metastasis (M),formal_definition_table_candidate,Check wording/category against AJCC manual; edit only if extraction merged/split rows incorrectly.
AJCC7,Gestational Trophoblastic Tumors,M,M1b,IV All other distant metastasis,B00414,455,439,Distant Metastasis (M),formal_definition_table_candidate,Check wording/category against AJCC manual; edit only if extraction merged/split rows incorrectly.
AJCC7,Gestational Trophoblastic Tumors,G,GX,Grade cannot be assessed,B00416,455,439,HISTOLOGIC GRADE (G),formal_definition_table_candidate,Check wording/category against AJCC manual; edit only if extraction merged/split rows incorrectly.
AJCC7,Gestational Trophoblastic Tumors,G,G1,Well differentiated,B00416,455,439,HISTOLOGIC GRADE (G),formal_definition_table_candidate,Check wording/category against AJCC manual; edit only if extraction merged/split rows incorrectly.
AJCC7,Gestational Trophoblastic Tumors,G,G2,Moderately differentiated,B00416,455,439,HISTOLOGIC GRADE (G),formal_definition_table_candidate,Check wording/category against AJCC manual; edit only if extraction merged/split rows incorrectly.
AJCC7,Gestational Trophoblastic Tumors,G,G3,Poorly differentiated,B00416,455,439,HISTOLOGIC GRADE (G),formal_definition_table_candidate,Check wording/category against AJCC manual; edit only if extraction merged/split rows incorrectly.
AJCC7,Gestational Trophoblastic Tumors,G,G4,Undifferentiated,B00416,455,439,HISTOLOGIC GRADE (G),formal_definition_table_candidate,Check wording/category against AJCC manual; edit only if extraction merged/split rows incorrectly.
AJCC7,Gestational Trophoblastic Tumors,T,T1,I,B00417,457,441,PRIMARY TUMOR (T),formal_definition_table_candidate,Check wording/category against AJCC manual; edit only if extraction merged/split rows incorrectly.
AJCC7,Gestational Trophoblastic Tumors,T,T2,II,B00417,457,441,PRIMARY TUMOR (T),formal_definition_table_candidate,Check wording/category against AJCC manual; edit only if extraction merged/split rows incorrectly.
AJCC7,Gestational Trophoblastic Tumors,M,M1a,III,B00419,457,441,DISTANT METASTASIS (M),formal_definition_table_candidate,Check wording/category against AJCC manual; edit only if extraction merged/split rows incorrectly.
AJCC7,Gestational Trophoblastic Tumors,M,M1b,IV GROUP T N M RISK SCORE RISK SCORE I T1,B00419,457,441,DISTANT METASTASIS (M),formal_definition_table_candidate,Check wording/category against AJCC manual; edit only if extraction merged/split rows incorrectly.
AJCC7,Gestational Trophoblastic Tumors,M,M0,Unknown IA T1,B00419,457,441,DISTANT METASTASIS (M),formal_definition_table_candidate,Check wording/category against AJCC manual; edit only if extraction merged/split rows incorrectly.
AJCC7,Gestational Trophoblastic Tumors,M,M0,Low risk IB T1,B00419,457,441,DISTANT METASTASIS (M),formal_definition_table_candidate,Check wording/category against AJCC manual; edit only if extraction merged/split rows incorrectly.
AJCC7,Gestational Trophoblastic Tumors,M,M0,High risk II T2,B00419,457,441,DISTANT METASTASIS (M),formal_definition_table_candidate,Check wording/category against AJCC manual; edit only if extraction merged/split rows incorrectly.
AJCC7,Gestational Trophoblastic Tumors,M,M0,Unknown IIA T2,B00419,457,441,DISTANT METASTASIS (M),formal_definition_table_candidate,Check wording/category against AJCC manual; edit only if extraction merged/split rows incorrectly.
AJCC7,Gestational Trophoblastic Tumors,M,M0,Low risk IIB T2,B00419,457,441,DISTANT METASTASIS (M),formal_definition_table_candidate,Check wording/category against AJCC manual; edit only if extraction merged/split rows incorrectly.
AJCC7,Gestational Trophoblastic Tumors,M,M0,High risk III Any T,B00419,457,441,DISTANT METASTASIS (M),formal_definition_table_candidate,Check wording/category against AJCC manual; edit only if extraction merged/split rows incorrectly.
AJCC7,Gestational Trophoblastic Tumors,M,M1a,Unknown IIIA Any T,B00419,457,441,DISTANT METASTASIS (M),formal_definition_table_candidate,Check wording/category against AJCC manual; edit only if extraction merged/split rows incorrectly.
AJCC7,Gestational Trophoblastic Tumors,M,M1a,Low risk IIIB Any T,B00419,457,441,DISTANT METASTASIS (M),formal_definition_table_candidate,Check wording/category against AJCC manual; edit only if extraction merged/split rows incorrectly.
AJCC7,Gestational Trophoblastic Tumors,M,M1a,High risk IV Any T,B00419,457,441,DISTANT METASTASIS (M),formal_definition_table_candidate,Check wording/category against AJCC manual; edit only if extraction merged/split rows incorrectly.
AJCC7,Gestational Trophoblastic Tumors,M,M1b,Unknown IVA Any T,B00419,457,441,DISTANT METASTASIS (M),formal_definition_table_candidate,Check wording/category against AJCC manual; edit only if extraction merged/split rows incorrectly.
AJCC7,Gestational Trophoblastic Tumors,M,M1b,Low risk IVB Any T,B00419,457,441,DISTANT METASTASIS (M),formal_definition_table_candidate,Check wording/category against AJCC manual; edit only if extraction merged/split rows incorrectly.
AJCC7,Gestational Trophoblastic Tumors,M,M1b,High risk PATHOLOGIC GROUP T N M I T1 Unknown IA T1,B00419,457,441,DISTANT METASTASIS (M),formal_definition_table_candidate,Check wording/category against AJCC manual; edit only if extraction merged/split rows incorrectly.
AJCC7,Gestational Trophoblastic Tumors,M,M1b,High risk Stage unknown Stage unknown G ESTATIONAL T ROPHOBLASTIC T UMORS S TAGING F ORM,B00419,457,441,DISTANT METASTASIS (M),formal_definition_table_candidate,Check wording/category against AJCC manual; edit only if extraction merged/split rows incorrectly.
AJCC7,Penis,T,TX,Primary tumor cannot be assessed,B00423,465,449,Primary Tumor (T),formal_definition_table_candidate,Check wording/category against AJCC manual; edit only if extraction merged/split rows incorrectly.
AJCC7,Penis,T,T0,No evidence of primary tumor,B00423,465,449,Primary Tumor (T),formal_definition_table_candidate,Check wording/category against AJCC manual; edit only if extraction merged/split rows incorrectly.
AJCC7,Penis,T,Tis,Carcinoma in situ,B00423,465,449,Primary Tumor (T),formal_definition_table_candidate,Check wording/category against AJCC manual; edit only if extraction merged/split rows incorrectly.
AJCC7,Penis,T,Ta,Noninvasive verrucous carcinoma*,B00423,465,449,Primary Tumor (T),formal_definition_table_candidate,Check wording/category against AJCC manual; edit only if extraction merged/split rows incorrectly.
AJCC7,Penis,T,T1a,"Tumor invades subepithelial connective tissue without lymph vascular invasion and is not poorly differentiated (i.e., grade 3-4)",B00423,465,449,Primary Tumor (T),formal_definition_table_candidate,Check wording/category against AJCC manual; edit only if extraction merged/split rows incorrectly.
AJCC7,Penis,T,T1b,Tumor invades subepithelial connective tissue with lymph vascular invasion or is poorly differentiated,B00423,465,449,Primary Tumor (T),formal_definition_table_candidate,Check wording/category against AJCC manual; edit only if extraction merged/split rows incorrectly.
AJCC7,Penis,T,T2,Tumor invades corpus spongiosum or cavernosum,B00423,465,449,Primary Tumor (T),formal_definition_table_candidate,Check wording/category against AJCC manual; edit only if extraction merged/split rows incorrectly.
AJCC7,Penis,T,T3,Tumor invades urethra,B00423,465,449,Primary Tumor (T),formal_definition_table_candidate,Check wording/category against AJCC manual; edit only if extraction merged/split rows incorrectly.
AJCC7,Penis,T,T4,"Tumor invades other adjacent structures FIGURE 40.1. Ta: Noninvasive verrucous carcinoma. FIGURE 40.2. T1: Tumor invading subepithelial connective tissue; T1a: no vascular invasion and not poorly differentiated; and T1b: high grade and/or poorly differentiated. FIGURE 40.3. T2: Tumor invading corpus spongiosum or cavernosum. FIGURE 40.4. T3: Tumor invading urethra . FIGURE 40.5. T4: Tumor invading other adjacent structures including prostate. In order to view this proof accurately, the Overprint Preview Option must be set to Always in Acrobat Professional or Adobe Reader. Please contact your Customer Service Representative if you have questions about finding this option. Job Name: -- /381449t",B00423,465,449,Primary Tumor (T),formal_definition_table_candidate,Check wording/category against AJCC manual; edit only if extraction merged/split rows incorrectly.
AJCC7,Penis,N,cN0,No palpable or visibly enlarged inguinal lymph nodes,B00424,466,450,Regional Lymph Nodes (N),formal_definition_table_candidate,Check wording/category against AJCC manual; edit only if extraction merged/split rows incorrectly.
AJCC7,Penis,N,cN1,"Palpable mobile unilateral inguinal lymph node cN2 Palpable mobile multiple or bilateral inguinal lymph nodes cN3 Palpable fi xed inguinal nodal mass or pelvic lymphadenopathy unilateral or bilateral * Note: Clinical stage defi nition based on palpation, imaging. Pathologic Stage Defi nition* pNX Regional lymph nodes cannot be assessed",B00424,466,450,Regional Lymph Nodes (N),formal_definition_table_candidate,Check wording/category against AJCC manual; edit only if extraction merged/split rows incorrectly.
AJCC7,Penis,N,pN0,No regional lymph node metastasis,B00424,466,450,Regional Lymph Nodes (N),formal_definition_table_candidate,Check wording/category against AJCC manual; edit only if extraction merged/split rows incorrectly.
AJCC7,Penis,N,pN1,Metastasis in a single inguinal lymph node pN2 Metastasis in multiple or bilateral inguinal lymph nodes pN3 Extranodal extension of lymph node metastasis or pelvic lymph node(s) unilateral or bilateral * Note : Pathologic stage defi nition based on biopsy or surgical excision.,B00424,466,450,Regional Lymph Nodes (N),formal_definition_table_candidate,Check wording/category against AJCC manual; edit only if extraction merged/split rows incorrectly.
AJCC7,Penis,M,M0,No distant metastasis,B00425,466,450,Distant Metastasis (M),formal_definition_table_candidate,Check wording/category against AJCC manual; edit only if extraction merged/split rows incorrectly.
AJCC7,Penis,M,M1,"Distant metastasis* * Note : Lymph node metastasis outside of the true pelvis in addition to visceral or bone sites. Additional Descriptor. The m suffi x indicates the presence of multiple primary tumors and is recorded in parentheses - e.g., pTa (m) N0M0.",B00425,466,450,Distant Metastasis (M),formal_definition_table_candidate,Check wording/category against AJCC manual; edit only if extraction merged/split rows incorrectly.
AJCC7,Penis,G,GX,Grade cannot be assessed,B00427,466,450,HISTOLOGIC GRADE (G),formal_definition_table_candidate,Check wording/category against AJCC manual; edit only if extraction merged/split rows incorrectly.
AJCC7,Penis,G,G1,Well differentiated,B00427,466,450,HISTOLOGIC GRADE (G),formal_definition_table_candidate,Check wording/category against AJCC manual; edit only if extraction merged/split rows incorrectly.
AJCC7,Penis,G,G2,Moderately differentiated,B00427,466,450,HISTOLOGIC GRADE (G),formal_definition_table_candidate,Check wording/category against AJCC manual; edit only if extraction merged/split rows incorrectly.
AJCC7,Penis,G,G3,Poorly differentiated,B00427,466,450,HISTOLOGIC GRADE (G),formal_definition_table_candidate,Check wording/category against AJCC manual; edit only if extraction merged/split rows incorrectly.
AJCC7,Penis,G,G4,Undifferentiated,B00427,466,450,HISTOLOGIC GRADE (G),formal_definition_table_candidate,Check wording/category against AJCC manual; edit only if extraction merged/split rows incorrectly.
AJCC7,Penis,T,T4,NX pNX N0 pN0 N1 pN1 N2 pN2 N3 pN3,B00428,469,453,PRIMARY TUMOR (T),formal_definition_table_candidate,Check wording/category against AJCC manual; edit only if extraction merged/split rows incorrectly.
AJCC7,Penis,N,pN1,pN2 pN3 M0 M1,B00429,469,453,REGIONAL LYMPH NODES (N),formal_definition_table_candidate,Check wording/category against AJCC manual; edit only if extraction merged/split rows incorrectly.
AJCC7,Penis,M,M1,P ENIS S TAGING F ORM,B00430,469,453,DISTANT METASTASIS (M),formal_definition_table_candidate,Check wording/category against AJCC manual; edit only if extraction merged/split rows incorrectly.
AJCC7,Prostate,T,TX,Primary tumor cannot be assessed,B00434,477,461,Primary Tumor (T),formal_definition_table_candidate,Check wording/category against AJCC manual; edit only if extraction merged/split rows incorrectly.
AJCC7,Prostate,T,T0,No evidence of primary tumor,B00434,477,461,Primary Tumor (T),formal_definition_table_candidate,Check wording/category against AJCC manual; edit only if extraction merged/split rows incorrectly.
AJCC7,Prostate,T,T1,Clinically inapparent tumor neither palpable nor visible by imaging,B00434,477,461,Primary Tumor (T),formal_definition_table_candidate,Check wording/category against AJCC manual; edit only if extraction merged/split rows incorrectly.
AJCC7,Prostate,T,T1a,Tumor incidental histologic fi nding in 5% or less of tissue resected,B00434,477,461,Primary Tumor (T),formal_definition_table_candidate,Check wording/category against AJCC manual; edit only if extraction merged/split rows incorrectly.
AJCC7,Prostate,T,T1b,Tumor incidental histologic fi nding in more than 5% of tissue resected,B00434,477,461,Primary Tumor (T),formal_definition_table_candidate,Check wording/category against AJCC manual; edit only if extraction merged/split rows incorrectly.
AJCC7,Prostate,T,T1c,"Tumor identifi ed by needle biopsy (e.g., because of elevated PSA)",B00434,477,461,Primary Tumor (T),formal_definition_table_candidate,Check wording/category against AJCC manual; edit only if extraction merged/split rows incorrectly.
AJCC7,Prostate,T,T2,Tumor confi ned within prostate*,B00434,477,461,Primary Tumor (T),formal_definition_table_candidate,Check wording/category against AJCC manual; edit only if extraction merged/split rows incorrectly.
AJCC7,Prostate,T,T2a,Tumor involves one-half of one lobe or less,B00434,477,461,Primary Tumor (T),formal_definition_table_candidate,Check wording/category against AJCC manual; edit only if extraction merged/split rows incorrectly.
AJCC7,Prostate,T,T2b,Tumor involves more than one-half of one lobe but not both lobes,B00434,477,461,Primary Tumor (T),formal_definition_table_candidate,Check wording/category against AJCC manual; edit only if extraction merged/split rows incorrectly.
AJCC7,Prostate,T,T2c,Tumor involves both lobes,B00434,477,461,Primary Tumor (T),formal_definition_table_candidate,Check wording/category against AJCC manual; edit only if extraction merged/split rows incorrectly.
AJCC7,Prostate,T,T3,Tumor extends through the prostate capsule**,B00434,477,461,Primary Tumor (T),formal_definition_table_candidate,Check wording/category against AJCC manual; edit only if extraction merged/split rows incorrectly.
AJCC7,Prostate,T,T3a,Extracapsular extension (unilateral or bilateral),B00434,477,461,Primary Tumor (T),formal_definition_table_candidate,Check wording/category against AJCC manual; edit only if extraction merged/split rows incorrectly.
AJCC7,Prostate,T,T3b,Tumor invades seminal vesicle(s),B00434,477,461,Primary Tumor (T),formal_definition_table_candidate,Check wording/category against AJCC manual; edit only if extraction merged/split rows incorrectly.
AJCC7,Prostate,T,T4,"Tumor is fi xed or invades adjacent structures other than seminal vesicles such as external sphincter, rectum, bladder, levator muscles, and/or pelvic wall (Figure 41.1) * Note : Tumor found in one or both lobes by needle biopsy, but not palpable or reliably visible by imaging, is classifi ed as T1c. ** Note : Invasion into the prostatic apex or into (but not beyond) the prostatic capsule is classifi ed not as T3 but as T2. Pathologic (pT) * pT2 Organ confi ned pT2a Unilateral, one-half of one side or less pT2b Unilateral, involving more than one-half of side but not both sides pT2c Bilateral disease pT3 Extraprostatic extension pT3a Extraprostatic extension or microscopic invasion of bladder neck ** pT3b Seminal vesicle invasion pT4 Invasion of rectum, levator muscles, and /or pelvic wall * Note : There is no pathologic T1 classifi cation. ** Note : Positive surgical margin should be indicated by an R1 descriptor (residual microscopic disease).",B00434,477,461,Primary Tumor (T),formal_definition_table_candidate,Check wording/category against AJCC manual; edit only if extraction merged/split rows incorrectly.
AJCC7,Prostate,N,NX,Regional lymph nodes were not assessed,B00435,477,461,Regional Lymph Nodes (N),formal_definition_table_candidate,Check wording/category against AJCC manual; edit only if extraction merged/split rows incorrectly.
AJCC7,Prostate,N,N0,No regional lymph node metastasis,B00435,477,461,Regional Lymph Nodes (N),formal_definition_table_candidate,Check wording/category against AJCC manual; edit only if extraction merged/split rows incorrectly.
AJCC7,Prostate,N,N1,Metastasis in regional lymph node(s) Pathologic pNX Regional nodes not sampled,B00435,477,461,Regional Lymph Nodes (N),formal_definition_table_candidate,Check wording/category against AJCC manual; edit only if extraction merged/split rows incorrectly.
AJCC7,Prostate,N,pN0,No positive regional nodes,B00435,477,461,Regional Lymph Nodes (N),formal_definition_table_candidate,Check wording/category against AJCC manual; edit only if extraction merged/split rows incorrectly.
AJCC7,Prostate,N,pN1,Metastases in regional node(s),B00435,477,461,Regional Lymph Nodes (N),formal_definition_table_candidate,Check wording/category against AJCC manual; edit only if extraction merged/split rows incorrectly.
AJCC7,Prostate,M,M0,No distant metastasis,B00436,477,461,Distant Metastasis (M)*,formal_definition_table_candidate,Check wording/category against AJCC manual; edit only if extraction merged/split rows incorrectly.
AJCC7,Prostate,M,M1,Distant metastasis,B00436,477,461,Distant Metastasis (M)*,formal_definition_table_candidate,Check wording/category against AJCC manual; edit only if extraction merged/split rows incorrectly.
AJCC7,Prostate,M,M1a,Nonregional lymph node(s),B00436,477,461,Distant Metastasis (M)*,formal_definition_table_candidate,Check wording/category against AJCC manual; edit only if extraction merged/split rows incorrectly.
AJCC7,Prostate,M,M1b,Bone(s),B00436,477,461,Distant Metastasis (M)*,formal_definition_table_candidate,Check wording/category against AJCC manual; edit only if extraction merged/split rows incorrectly.
AJCC7,Prostate,M,M1c,"Other site(s) with or without bone disease * Note : When more than one site of metastasis is present, the most advanced category is used. pM1c is most advanced.",B00436,477,461,Distant Metastasis (M)*,formal_definition_table_candidate,Check wording/category against AJCC manual; edit only if extraction merged/split rows incorrectly.
AJCC7,Prostate,T,T0,pT2 pT2a pT2b pT2c pT3 pT3a pT3b pT4 NX pNX N0 pN0 N1 pN1,B00440,481,465,PRIMARY TUMOR (T),formal_definition_table_candidate,Check wording/category against AJCC manual; edit only if extraction merged/split rows incorrectly.
AJCC7,Prostate,N,NX,pNX,B00441,481,465,REGIONAL LYMPH NODES (N),formal_definition_table_candidate,Check wording/category against AJCC manual; edit only if extraction merged/split rows incorrectly.
AJCC7,Prostate,N,pN1,P ROSTATE S TAGING F ORM,B00441,481,465,REGIONAL LYMPH NODES (N),formal_definition_table_candidate,Check wording/category against AJCC manual; edit only if extraction merged/split rows incorrectly.
AJCC7,Prostate,M,M1c,GROUP T N M PSA PSA Gleason Gleason I T1a-c N0,B00443,482,466,DISTANT METASTASIS (M),formal_definition_table_candidate,Check wording/category against AJCC manual; edit only if extraction merged/split rows incorrectly.
AJCC7,Prostate,M,M0,PSA <10 Gleason £ 6 Gleason £ 6 T2a N0,B00443,482,466,DISTANT METASTASIS (M),formal_definition_table_candidate,Check wording/category against AJCC manual; edit only if extraction merged/split rows incorrectly.
AJCC7,Prostate,M,M0,PSA <10 Gleason £ 6 Gleason £ 6 Gleason £ 6 Gleason 7 Gleason £ 7 T1-2a N0,B00443,482,466,DISTANT METASTASIS (M),formal_definition_table_candidate,Check wording/category against AJCC manual; edit only if extraction merged/split rows incorrectly.
AJCC7,Prostate,M,M0,PSA X Gleason X IIA T1a-c N0,B00443,482,466,DISTANT METASTASIS (M),formal_definition_table_candidate,Check wording/category against AJCC manual; edit only if extraction merged/split rows incorrectly.
AJCC7,Prostate,M,M0,PSA < 20 Gleason 7 T1a-c N0,B00443,482,466,DISTANT METASTASIS (M),formal_definition_table_candidate,Check wording/category against AJCC manual; edit only if extraction merged/split rows incorrectly.
AJCC7,Prostate,M,M0,PSA ³10 < 20 Gleason £ 6 T2a N0,B00443,482,466,DISTANT METASTASIS (M),formal_definition_table_candidate,Check wording/category against AJCC manual; edit only if extraction merged/split rows incorrectly.
AJCC7,Prostate,M,M0,PSA < 20 Gleason 7 T2b N0,B00443,482,466,DISTANT METASTASIS (M),formal_definition_table_candidate,Check wording/category against AJCC manual; edit only if extraction merged/split rows incorrectly.
AJCC7,Prostate,M,M0,PSA < 20 Gleason £ 7 T2b N0,B00443,482,466,DISTANT METASTASIS (M),formal_definition_table_candidate,Check wording/category against AJCC manual; edit only if extraction merged/split rows incorrectly.
AJCC7,Prostate,M,M0,PSA X Gleason X IIB T2c N0,B00443,482,466,DISTANT METASTASIS (M),formal_definition_table_candidate,Check wording/category against AJCC manual; edit only if extraction merged/split rows incorrectly.
AJCC7,Prostate,M,M0,Any PSA Any Gleason T1-2 N0,B00443,482,466,DISTANT METASTASIS (M),formal_definition_table_candidate,Check wording/category against AJCC manual; edit only if extraction merged/split rows incorrectly.
AJCC7,Prostate,M,M0,PSA ³ 20 Any Gleason T1-2 N0,B00443,482,466,DISTANT METASTASIS (M),formal_definition_table_candidate,Check wording/category against AJCC manual; edit only if extraction merged/split rows incorrectly.
AJCC7,Prostate,M,M0,Any PSA Gleason ³ 8 III T3a-b N0,B00443,482,466,DISTANT METASTASIS (M),formal_definition_table_candidate,Check wording/category against AJCC manual; edit only if extraction merged/split rows incorrectly.
AJCC7,Prostate,M,M0,Any PSA Any Gleason IV T4 N0,B00443,482,466,DISTANT METASTASIS (M),formal_definition_table_candidate,Check wording/category against AJCC manual; edit only if extraction merged/split rows incorrectly.
AJCC7,Prostate,M,M0,Any PSA Any Gleason Any T N1,B00443,482,466,DISTANT METASTASIS (M),formal_definition_table_candidate,Check wording/category against AJCC manual; edit only if extraction merged/split rows incorrectly.
AJCC7,Prostate,M,M0,Any PSA Any Gleason Any T Any N,B00443,482,466,DISTANT METASTASIS (M),formal_definition_table_candidate,Check wording/category against AJCC manual; edit only if extraction merged/split rows incorrectly.
AJCC7,Prostate,M,M1,"Any PSA Any Gleason *When either PSA or Gleason is not available, grouping should be determined by T stage and/or either PSA or Gleason as available. PATHOLOGIC GROUP T N M I T1a-c N0",B00443,482,466,DISTANT METASTASIS (M),formal_definition_table_candidate,Check wording/category against AJCC manual; edit only if extraction merged/split rows incorrectly.
AJCC7,Prostate,M,M0,PSA <10 T2a N0,B00443,482,466,DISTANT METASTASIS (M),formal_definition_table_candidate,Check wording/category against AJCC manual; edit only if extraction merged/split rows incorrectly.
AJCC7,Prostate,M,M0,PSA <10 T1-2a N0,B00443,482,466,DISTANT METASTASIS (M),formal_definition_table_candidate,Check wording/category against AJCC manual; edit only if extraction merged/split rows incorrectly.
AJCC7,Prostate,M,M0,PSA ³ 10 < 20 T2a N0,B00443,482,466,DISTANT METASTASIS (M),formal_definition_table_candidate,Check wording/category against AJCC manual; edit only if extraction merged/split rows incorrectly.
AJCC7,Prostate,M,M0,PSA < 20 Gleason £ 6 T2a N0,B00443,482,466,DISTANT METASTASIS (M),formal_definition_table_candidate,Check wording/category against AJCC manual; edit only if extraction merged/split rows incorrectly.
AJCC7,Prostate,M,M0,PSA ³ 10 < 20 T2b N0,B00443,482,466,DISTANT METASTASIS (M),formal_definition_table_candidate,Check wording/category against AJCC manual; edit only if extraction merged/split rows incorrectly.
AJCC7,Prostate,M,M0,PSA < 20 T2b N0,B00443,482,466,DISTANT METASTASIS (M),formal_definition_table_candidate,Check wording/category against AJCC manual; edit only if extraction merged/split rows incorrectly.
AJCC7,Prostate,M,M0,PSA X Gleason X,B00443,482,466,DISTANT METASTASIS (M),formal_definition_table_candidate,Check wording/category against AJCC manual; edit only if extraction merged/split rows incorrectly.
AJCC7,Testis,N,NX,Regional lymph nodes cannot be assessed,B00447,488,472,Regional Lymph Nodes (N),formal_definition_table_candidate,Check wording/category against AJCC manual; edit only if extraction merged/split rows incorrectly.
AJCC7,Testis,N,N0,No regional lymph node metastasis,B00447,488,472,Regional Lymph Nodes (N),formal_definition_table_candidate,Check wording/category against AJCC manual; edit only if extraction merged/split rows incorrectly.
AJCC7,Testis,N,N1,"Metastasis with a lymph node mass 2 cm or less in greatest dimension; or multiple lymph nodes, none more than 2 cm in greatest dimension",B00447,488,472,Regional Lymph Nodes (N),formal_definition_table_candidate,Check wording/category against AJCC manual; edit only if extraction merged/split rows incorrectly.
AJCC7,Testis,N,N2,"Metastasis with a lymph node mass more than 2 cm but not more than 5 cm in greatest dimension; or multiple lymph nodes, any one mass greater than 2 cm but not more than 5 cm in greatest dimension",B00447,488,472,Regional Lymph Nodes (N),formal_definition_table_candidate,Check wording/category against AJCC manual; edit only if extraction merged/split rows incorrectly.
AJCC7,Testis,N,N3,Metastasis with a lymph node mass more than 5 cm in greatest dimension Pathologic (pN) pNX Regional lymph nodes cannot be assessed,B00447,488,472,Regional Lymph Nodes (N),formal_definition_table_candidate,Check wording/category against AJCC manual; edit only if extraction merged/split rows incorrectly.
AJCC7,Testis,N,pN0,No regional lymph node metastasis,B00447,488,472,Regional Lymph Nodes (N),formal_definition_table_candidate,Check wording/category against AJCC manual; edit only if extraction merged/split rows incorrectly.
AJCC7,Testis,N,pN1,"Metastasis with a lymph node mass 2 cm or less in greatest dimension and less than or equal to fi ve nodes positive, none more than 2 cm in greatest dimension pN2 Metastasis with a lymph node mass more than 2 cm but not more than 5 cm in greatest dimension; or more than fi ve nodes positive, none more than 5 cm; or evidence of extranodal extension of tumor pN3 Metastasis with a lymph node mass more than 5 cm in greatest dimension",B00447,488,472,Regional Lymph Nodes (N),formal_definition_table_candidate,Check wording/category against AJCC manual; edit only if extraction merged/split rows incorrectly.
AJCC7,Testis,M,M0,No distant metastasis,B00448,488,472,Distant Metastasis (M),formal_definition_table_candidate,Check wording/category against AJCC manual; edit only if extraction merged/split rows incorrectly.
AJCC7,Testis,M,M1,Distant metastasis,B00448,488,472,Distant Metastasis (M),formal_definition_table_candidate,Check wording/category against AJCC manual; edit only if extraction merged/split rows incorrectly.
AJCC7,Testis,M,M1a,Nonregional nodal or pulmonary metastasis,B00448,488,472,Distant Metastasis (M),formal_definition_table_candidate,Check wording/category against AJCC manual; edit only if extraction merged/split rows incorrectly.
AJCC7,Testis,M,M1b,Distant metastasis other than to nonregional lymph nodes and lung,B00448,488,472,Distant Metastasis (M),formal_definition_table_candidate,Check wording/category against AJCC manual; edit only if extraction merged/split rows incorrectly.
AJCC7,Testis,N,pN1,pN2 pN3 M0 M1 M1a M1b,B00451,491,475,REGIONAL LYMPH NODES (N),formal_definition_table_candidate,Check wording/category against AJCC manual; edit only if extraction merged/split rows incorrectly.
AJCC7,Testis,M,M1b,T ESTIS S TAGING F ORM,B00452,491,475,DISTANT METASTASIS (M),formal_definition_table_candidate,Check wording/category against AJCC manual; edit only if extraction merged/split rows incorrectly.
AJCC7,Kidney,T,TX,Primary tumor cannot be assessed,B00456,498,482,Primary Tumor (T),formal_definition_table_candidate,Check wording/category against AJCC manual; edit only if extraction merged/split rows incorrectly.
AJCC7,Kidney,T,T0,No evidence of primary tumor,B00456,498,482,Primary Tumor (T),formal_definition_table_candidate,Check wording/category against AJCC manual; edit only if extraction merged/split rows incorrectly.
AJCC7,Kidney,T,T1,"Tumor 7 cm or less in greatest dimension, limited to the kidney",B00456,498,482,Primary Tumor (T),formal_definition_table_candidate,Check wording/category against AJCC manual; edit only if extraction merged/split rows incorrectly.
AJCC7,Kidney,T,T1a,"Tumor 4 cm or less in greatest dimension, limited to the kidney (Figure 43.4A)",B00456,498,482,Primary Tumor (T),formal_definition_table_candidate,Check wording/category against AJCC manual; edit only if extraction merged/split rows incorrectly.
AJCC7,Kidney,T,T1b,Tumor more than 4 cm but not more than 7 cm in greatest dimension limited to the kidney (Figure 43.4B),B00456,498,482,Primary Tumor (T),formal_definition_table_candidate,Check wording/category against AJCC manual; edit only if extraction merged/split rows incorrectly.
AJCC7,Kidney,T,T2,"Tumor more than 7 cm in greatest dimension, limited to the kidney (Figure 43.5)",B00456,498,482,Primary Tumor (T),formal_definition_table_candidate,Check wording/category against AJCC manual; edit only if extraction merged/split rows incorrectly.
AJCC7,Kidney,T,T2a,"Tumor more than 7 cm but less than or equal to 10 cm in greatest dimension, limited to the kidney",B00456,498,482,Primary Tumor (T),formal_definition_table_candidate,Check wording/category against AJCC manual; edit only if extraction merged/split rows incorrectly.
AJCC7,Kidney,T,T2b,"Tumor more than 10 cm, limited to the kidney",B00456,498,482,Primary Tumor (T),formal_definition_table_candidate,Check wording/category against AJCC manual; edit only if extraction merged/split rows incorrectly.
AJCC7,Kidney,T,T3,Tumor extends into major veins or perinephric tissues but not into the ipsilateral adrenal gland and not beyond Gerota’s fascia,B00456,498,482,Primary Tumor (T),formal_definition_table_candidate,Check wording/category against AJCC manual; edit only if extraction merged/split rows incorrectly.
AJCC7,Kidney,T,T3a,"Tumor grossly extends into the renal vein or its segmental (muscle containing) branches, or tumor invades perirenal and/or renal sinus fat but not beyond Gerota’s fascia (Figure 43.6A)",B00456,498,482,Primary Tumor (T),formal_definition_table_candidate,Check wording/category against AJCC manual; edit only if extraction merged/split rows incorrectly.
AJCC7,Kidney,T,T3b,Tumor grossly extends into the vena cava below the diaphragm (Figure 43.6B),B00456,498,482,Primary Tumor (T),formal_definition_table_candidate,Check wording/category against AJCC manual; edit only if extraction merged/split rows incorrectly.
AJCC7,Kidney,T,T3c,Tumor grossly extends into the vena cava above the diaphragm or invades the wall of the vena cava (Figure 43.6C),B00456,498,482,Primary Tumor (T),formal_definition_table_candidate,Check wording/category against AJCC manual; edit only if extraction merged/split rows incorrectly.
AJCC7,Kidney,T,T4,Tumor invades beyond Gerota’s fascia (Figure 43.7A) (including contiguous extension into the ipsilateral adrenal gland) (Figure 43.7B),B00456,498,482,Primary Tumor (T),formal_definition_table_candidate,Check wording/category against AJCC manual; edit only if extraction merged/split rows incorrectly.
AJCC7,Kidney,N,NX,Regional lymph nodes cannot be assessed,B00457,498,482,Regional Lymph Nodes (N),formal_definition_table_candidate,Check wording/category against AJCC manual; edit only if extraction merged/split rows incorrectly.
AJCC7,Kidney,N,N0,No regional lymph node metastasis,B00457,498,482,Regional Lymph Nodes (N),formal_definition_table_candidate,Check wording/category against AJCC manual; edit only if extraction merged/split rows incorrectly.
AJCC7,Kidney,N,N1,Metastasis in regional lymph node(s) (Figure 43.8),B00457,498,482,Regional Lymph Nodes (N),formal_definition_table_candidate,Check wording/category against AJCC manual; edit only if extraction merged/split rows incorrectly.
AJCC7,Kidney,M,M0,No distant metastasis,B00458,498,482,Distant Metastasis (M),formal_definition_table_candidate,Check wording/category against AJCC manual; edit only if extraction merged/split rows incorrectly.
AJCC7,Kidney,M,M1,"Distant metastasis TABLE 43.2. Predictive algorithms for renal cell carcinoma Institution Year Extent of disease Tumor subtype Prognostic indicators Prognostic information Presentation Preoperative Cleveland Clinic 2007 Localized All Tumor size, symptoms, age, gender, smoking history Pathology Nomogram Many Institutions 2007 Localized All Tumor size, symptoms, performance status, age, gender, comorbidity, radiographic lymphadenopathy, necrosis Recurrence Nomogram Postoperative MSKCC 2001 Localized All TNM stage, tumor size, histology, symptoms Recurrence Nomogram MSKCC 2004 Metastatic All Anemia, corrected calcium level, performance status",B00458,498,482,Distant Metastasis (M),formal_definition_table_candidate,Check wording/category against AJCC manual; edit only if extraction merged/split rows incorrectly.
AJCC7,Kidney,T,T4,NX N0 N1,B00460,503,487,PRIMARY TUMOR (T),formal_definition_table_candidate,Check wording/category against AJCC manual; edit only if extraction merged/split rows incorrectly.
AJCC7,Kidney,N,N1,M0 M1,B00461,503,487,REGIONAL LYMPH NODES (N),formal_definition_table_candidate,Check wording/category against AJCC manual; edit only if extraction merged/split rows incorrectly.
AJCC7,Kidney,M,M1,GROUP T N M I T1 N0,B00462,503,487,DISTANT METASTASIS (M),formal_definition_table_candidate,Check wording/category against AJCC manual; edit only if extraction merged/split rows incorrectly.
AJCC7,Kidney,M,M0,II T2 N0,B00462,503,487,DISTANT METASTASIS (M),formal_definition_table_candidate,Check wording/category against AJCC manual; edit only if extraction merged/split rows incorrectly.
AJCC7,Kidney,M,M0,III T1 or T2 N1,B00462,503,487,DISTANT METASTASIS (M),formal_definition_table_candidate,Check wording/category against AJCC manual; edit only if extraction merged/split rows incorrectly.
AJCC7,Kidney,M,M0,T3 N0 or N1,B00462,503,487,DISTANT METASTASIS (M),formal_definition_table_candidate,Check wording/category against AJCC manual; edit only if extraction merged/split rows incorrectly.
AJCC7,Kidney,M,M0,IV T4 Any N,B00462,503,487,DISTANT METASTASIS (M),formal_definition_table_candidate,Check wording/category against AJCC manual; edit only if extraction merged/split rows incorrectly.
AJCC7,Kidney,M,M0,Any T Any N,B00462,503,487,DISTANT METASTASIS (M),formal_definition_table_candidate,Check wording/category against AJCC manual; edit only if extraction merged/split rows incorrectly.
AJCC7,Kidney,M,M1,Stage unknown PATHOLOGIC GROUP T N M I T1 N0,B00462,503,487,DISTANT METASTASIS (M),formal_definition_table_candidate,Check wording/category against AJCC manual; edit only if extraction merged/split rows incorrectly.
AJCC7,Kidney,M,M1,Stage unknown K IDNEY S TAGING F ORM,B00462,503,487,DISTANT METASTASIS (M),formal_definition_table_candidate,Check wording/category against AJCC manual; edit only if extraction merged/split rows incorrectly.
AJCC7,Renal Pelvis and Ureter,T,TX,Primary tumor cannot be assessed,B00466,509,493,Primary Tumor (T),formal_definition_table_candidate,Check wording/category against AJCC manual; edit only if extraction merged/split rows incorrectly.
AJCC7,Renal Pelvis and Ureter,T,T0,No evidence of primary tumor,B00466,509,493,Primary Tumor (T),formal_definition_table_candidate,Check wording/category against AJCC manual; edit only if extraction merged/split rows incorrectly.
AJCC7,Renal Pelvis and Ureter,T,Ta,Papillary noninvasive carcinoma,B00466,509,493,Primary Tumor (T),formal_definition_table_candidate,Check wording/category against AJCC manual; edit only if extraction merged/split rows incorrectly.
AJCC7,Renal Pelvis and Ureter,T,Tis,Carcinoma in situ,B00466,509,493,Primary Tumor (T),formal_definition_table_candidate,Check wording/category against AJCC manual; edit only if extraction merged/split rows incorrectly.
AJCC7,Renal Pelvis and Ureter,T,T1,Tumor invades subepithelial connective tissue,B00466,509,493,Primary Tumor (T),formal_definition_table_candidate,Check wording/category against AJCC manual; edit only if extraction merged/split rows incorrectly.
AJCC7,Renal Pelvis and Ureter,T,T2,Tumor invades the muscularis,B00466,509,493,Primary Tumor (T),formal_definition_table_candidate,Check wording/category against AJCC manual; edit only if extraction merged/split rows incorrectly.
AJCC7,Renal Pelvis and Ureter,T,T3,(For renal pelvis only) Tumor invades beyond muscularis into peripelvic fat or the renal paren- chyma T3. (For ureter only) Tumor invades beyond muscularis into periureteric fat,B00466,509,493,Primary Tumor (T),formal_definition_table_candidate,Check wording/category against AJCC manual; edit only if extraction merged/split rows incorrectly.
AJCC7,Renal Pelvis and Ureter,T,T4,"Tumor invades adjacent organs, or through the kidney into the perinephric fat.",B00466,509,493,Primary Tumor (T),formal_definition_table_candidate,Check wording/category against AJCC manual; edit only if extraction merged/split rows incorrectly.
AJCC7,Renal Pelvis and Ureter,N,NX,Regional lymph nodes cannot be assessed,B00467,509,493,Regional Lymph Nodes (N)*,formal_definition_table_candidate,Check wording/category against AJCC manual; edit only if extraction merged/split rows incorrectly.
AJCC7,Renal Pelvis and Ureter,N,N0,No regional lymph node metastasis,B00467,509,493,Regional Lymph Nodes (N)*,formal_definition_table_candidate,Check wording/category against AJCC manual; edit only if extraction merged/split rows incorrectly.
AJCC7,Renal Pelvis and Ureter,N,N1,"Metastasis in a single lymph node, 2 cm or less in greatest dimension",B00467,509,493,Regional Lymph Nodes (N)*,formal_definition_table_candidate,Check wording/category against AJCC manual; edit only if extraction merged/split rows incorrectly.
AJCC7,Renal Pelvis and Ureter,N,N2,"Metastasis in a single lymph node, more than 2 cm but not more than 5 cm in greatest dimen- sion; or multiple lymph nodes, none more than 5 cm in greatest dimension",B00467,509,493,Regional Lymph Nodes (N)*,formal_definition_table_candidate,Check wording/category against AJCC manual; edit only if extraction merged/split rows incorrectly.
AJCC7,Renal Pelvis and Ureter,N,N3,"Metastasis in a lymph node, more than 5 cm in greatest dimension * Note : Laterality does not affect the N classifi cation.",B00467,509,493,Regional Lymph Nodes (N)*,formal_definition_table_candidate,Check wording/category against AJCC manual; edit only if extraction merged/split rows incorrectly.
AJCC7,Renal Pelvis and Ureter,G,Low grade,HG,B00469,509,493,HISTOLOGIC GRADE (G),formal_definition_table_candidate,Check wording/category against AJCC manual; edit only if extraction merged/split rows incorrectly.
AJCC7,Renal Pelvis and Ureter,G,High grade,"If a grading system is not specifi ed, generally the following system is used:",B00469,509,493,HISTOLOGIC GRADE (G),formal_definition_table_candidate,Check wording/category against AJCC manual; edit only if extraction merged/split rows incorrectly.
AJCC7,Renal Pelvis and Ureter,G,GX,Grade cannot be assessed,B00469,509,493,HISTOLOGIC GRADE (G),formal_definition_table_candidate,Check wording/category against AJCC manual; edit only if extraction merged/split rows incorrectly.
AJCC7,Renal Pelvis and Ureter,G,G1,Well differentiated,B00469,509,493,HISTOLOGIC GRADE (G),formal_definition_table_candidate,Check wording/category against AJCC manual; edit only if extraction merged/split rows incorrectly.
AJCC7,Renal Pelvis and Ureter,G,G2,Moderately differentiated,B00469,509,493,HISTOLOGIC GRADE (G),formal_definition_table_candidate,Check wording/category against AJCC manual; edit only if extraction merged/split rows incorrectly.
AJCC7,Renal Pelvis and Ureter,G,G3,Poorly differentiated,B00469,509,493,HISTOLOGIC GRADE (G),formal_definition_table_candidate,Check wording/category against AJCC manual; edit only if extraction merged/split rows incorrectly.
AJCC7,Renal Pelvis and Ureter,G,G4,Undifferentiated,B00469,509,493,HISTOLOGIC GRADE (G),formal_definition_table_candidate,Check wording/category against AJCC manual; edit only if extraction merged/split rows incorrectly.
AJCC7,Renal Pelvis and Ureter,T,T4,NX N0 N1 N2 N3,B00470,511,495,PRIMARY TUMOR (T),formal_definition_table_candidate,Check wording/category against AJCC manual; edit only if extraction merged/split rows incorrectly.
AJCC7,Renal Pelvis and Ureter,N,N3,M0 M1,B00471,511,495,REGIONAL LYMPH NODES (N),formal_definition_table_candidate,Check wording/category against AJCC manual; edit only if extraction merged/split rows incorrectly.
AJCC7,Renal Pelvis and Ureter,M,M1,GROUP T N M 0a Ta N0,B00472,511,495,DISTANT METASTASIS (M),formal_definition_table_candidate,Check wording/category against AJCC manual; edit only if extraction merged/split rows incorrectly.
AJCC7,Renal Pelvis and Ureter,M,M0,0is Tis N0,B00472,511,495,DISTANT METASTASIS (M),formal_definition_table_candidate,Check wording/category against AJCC manual; edit only if extraction merged/split rows incorrectly.
AJCC7,Renal Pelvis and Ureter,M,M0,I T1 N0,B00472,511,495,DISTANT METASTASIS (M),formal_definition_table_candidate,Check wording/category against AJCC manual; edit only if extraction merged/split rows incorrectly.
AJCC7,Renal Pelvis and Ureter,M,M0,II T2 N0,B00472,511,495,DISTANT METASTASIS (M),formal_definition_table_candidate,Check wording/category against AJCC manual; edit only if extraction merged/split rows incorrectly.
AJCC7,Renal Pelvis and Ureter,M,M0,III T3 N0,B00472,511,495,DISTANT METASTASIS (M),formal_definition_table_candidate,Check wording/category against AJCC manual; edit only if extraction merged/split rows incorrectly.
AJCC7,Renal Pelvis and Ureter,M,M0,IV T4 N0,B00472,511,495,DISTANT METASTASIS (M),formal_definition_table_candidate,Check wording/category against AJCC manual; edit only if extraction merged/split rows incorrectly.
AJCC7,Renal Pelvis and Ureter,M,M0,Any T N1,B00472,511,495,DISTANT METASTASIS (M),formal_definition_table_candidate,Check wording/category against AJCC manual; edit only if extraction merged/split rows incorrectly.
AJCC7,Renal Pelvis and Ureter,M,M0,Any T N2,B00472,511,495,DISTANT METASTASIS (M),formal_definition_table_candidate,Check wording/category against AJCC manual; edit only if extraction merged/split rows incorrectly.
AJCC7,Renal Pelvis and Ureter,M,M0,Any T N3,B00472,511,495,DISTANT METASTASIS (M),formal_definition_table_candidate,Check wording/category against AJCC manual; edit only if extraction merged/split rows incorrectly.
AJCC7,Renal Pelvis and Ureter,M,M0,Any T Any N,B00472,511,495,DISTANT METASTASIS (M),formal_definition_table_candidate,Check wording/category against AJCC manual; edit only if extraction merged/split rows incorrectly.
AJCC7,Renal Pelvis and Ureter,M,M1,Stage unknown PATHOLOGIC GROUP T N M 0a Ta N0,B00472,511,495,DISTANT METASTASIS (M),formal_definition_table_candidate,Check wording/category against AJCC manual; edit only if extraction merged/split rows incorrectly.
AJCC7,Renal Pelvis and Ureter,M,M1,Stage unknown R ENAL P ELVIS AND U RETER S TAGING F ORM,B00472,511,495,DISTANT METASTASIS (M),formal_definition_table_candidate,Check wording/category against AJCC manual; edit only if extraction merged/split rows incorrectly.
AJCC7,Urinary Bladder,T,TX,Primary tumor cannot be assessed,B00477,516,500,Primary Tumor (T),formal_definition_table_candidate,Check wording/category against AJCC manual; edit only if extraction merged/split rows incorrectly.
AJCC7,Urinary Bladder,T,T0,No evidence of primary tumor,B00477,516,500,Primary Tumor (T),formal_definition_table_candidate,Check wording/category against AJCC manual; edit only if extraction merged/split rows incorrectly.
AJCC7,Urinary Bladder,T,Ta,Noninvasive papillary carcinoma,B00477,516,500,Primary Tumor (T),formal_definition_table_candidate,Check wording/category against AJCC manual; edit only if extraction merged/split rows incorrectly.
AJCC7,Urinary Bladder,T,Tis,Carcinoma in situ: “fl at tumor”,B00477,516,500,Primary Tumor (T),formal_definition_table_candidate,Check wording/category against AJCC manual; edit only if extraction merged/split rows incorrectly.
AJCC7,Urinary Bladder,T,T1,Tumor invades subepithelial connective tissue,B00477,516,500,Primary Tumor (T),formal_definition_table_candidate,Check wording/category against AJCC manual; edit only if extraction merged/split rows incorrectly.
AJCC7,Urinary Bladder,T,T2,Tumor invades muscularis propria pT2a Tumor invades superfi cial muscularis propria (inner half) pT2b Tumor invades deep muscularis propria (outer half),B00477,516,500,Primary Tumor (T),formal_definition_table_candidate,Check wording/category against AJCC manual; edit only if extraction merged/split rows incorrectly.
AJCC7,Urinary Bladder,T,T3,Tumor invades perivesical tissue pT3a Microscopically pT3b Macroscopically (extravesical mass),B00477,516,500,Primary Tumor (T),formal_definition_table_candidate,Check wording/category against AJCC manual; edit only if extraction merged/split rows incorrectly.
AJCC7,Urinary Bladder,T,T4,"Tumor invades any of the following: prostatic stroma, seminal vesicles, uterus, vagina, pelvic wall, abdominal wall",B00477,516,500,Primary Tumor (T),formal_definition_table_candidate,Check wording/category against AJCC manual; edit only if extraction merged/split rows incorrectly.
AJCC7,Urinary Bladder,T,T4a,"Tumor invades prostatic stroma, uterus, vagina",B00477,516,500,Primary Tumor (T),formal_definition_table_candidate,Check wording/category against AJCC manual; edit only if extraction merged/split rows incorrectly.
AJCC7,Urinary Bladder,T,T4b,"Tumor invades pelvic wall, abdominal wall",B00477,516,500,Primary Tumor (T),formal_definition_table_candidate,Check wording/category against AJCC manual; edit only if extraction merged/split rows incorrectly.
AJCC7,Urinary Bladder,N,NX,Lymph nodes cannot be assessed,B00478,516,500,Regional Lymph Nodes (N),formal_definition_table_candidate,Check wording/category against AJCC manual; edit only if extraction merged/split rows incorrectly.
AJCC7,Urinary Bladder,N,N0,No lymph node metastasis,B00478,516,500,Regional Lymph Nodes (N),formal_definition_table_candidate,Check wording/category against AJCC manual; edit only if extraction merged/split rows incorrectly.
AJCC7,Urinary Bladder,N,N1,"Single regional lymph node metastasis in the true pelvis (hypogastric, obturator, external iliac, or presacral lymph node)",B00478,516,500,Regional Lymph Nodes (N),formal_definition_table_candidate,Check wording/category against AJCC manual; edit only if extraction merged/split rows incorrectly.
AJCC7,Urinary Bladder,N,N2,"Multiple regional lymph node metastasis in the true pelvis (hypogastric, obturator, external iliac, or presacral lymph node metastasis)",B00478,516,500,Regional Lymph Nodes (N),formal_definition_table_candidate,Check wording/category against AJCC manual; edit only if extraction merged/split rows incorrectly.
AJCC7,Urinary Bladder,N,N3,Lymph node metastasis to the common iliac lymph nodes,B00478,516,500,Regional Lymph Nodes (N),formal_definition_table_candidate,Check wording/category against AJCC manual; edit only if extraction merged/split rows incorrectly.
AJCC7,Urinary Bladder,T,T2,pT2a pT2b,B00481,519,503,PRIMARY TUMOR (T),formal_definition_table_candidate,Check wording/category against AJCC manual; edit only if extraction merged/split rows incorrectly.
AJCC7,Urinary Bladder,T,T3,pT3a pT3b,B00481,519,503,PRIMARY TUMOR (T),formal_definition_table_candidate,Check wording/category against AJCC manual; edit only if extraction merged/split rows incorrectly.
AJCC7,Urinary Bladder,T,T4b,NX N0 N1 N2 N3,B00481,519,503,PRIMARY TUMOR (T),formal_definition_table_candidate,Check wording/category against AJCC manual; edit only if extraction merged/split rows incorrectly.
AJCC7,Urinary Bladder,N,N3,M0 M1,B00482,519,503,REGIONAL LYMPH NODES (N),formal_definition_table_candidate,Check wording/category against AJCC manual; edit only if extraction merged/split rows incorrectly.
AJCC7,Urinary Bladder,M,M1,GROUP T N M 0a Ta N0,B00483,519,503,DISTANT METASTASIS (M),formal_definition_table_candidate,Check wording/category against AJCC manual; edit only if extraction merged/split rows incorrectly.
AJCC7,Urinary Bladder,M,M0,0is Tis N0,B00483,519,503,DISTANT METASTASIS (M),formal_definition_table_candidate,Check wording/category against AJCC manual; edit only if extraction merged/split rows incorrectly.
AJCC7,Urinary Bladder,M,M0,I T1 N0,B00483,519,503,DISTANT METASTASIS (M),formal_definition_table_candidate,Check wording/category against AJCC manual; edit only if extraction merged/split rows incorrectly.
AJCC7,Urinary Bladder,M,M0,II T2a N0,B00483,519,503,DISTANT METASTASIS (M),formal_definition_table_candidate,Check wording/category against AJCC manual; edit only if extraction merged/split rows incorrectly.
AJCC7,Urinary Bladder,M,M0,T2b N0,B00483,519,503,DISTANT METASTASIS (M),formal_definition_table_candidate,Check wording/category against AJCC manual; edit only if extraction merged/split rows incorrectly.
AJCC7,Urinary Bladder,M,M0,III T3a N0,B00483,519,503,DISTANT METASTASIS (M),formal_definition_table_candidate,Check wording/category against AJCC manual; edit only if extraction merged/split rows incorrectly.
AJCC7,Urinary Bladder,M,M0,T3b N0,B00483,519,503,DISTANT METASTASIS (M),formal_definition_table_candidate,Check wording/category against AJCC manual; edit only if extraction merged/split rows incorrectly.
AJCC7,Urinary Bladder,M,M0,T4a N0,B00483,519,503,DISTANT METASTASIS (M),formal_definition_table_candidate,Check wording/category against AJCC manual; edit only if extraction merged/split rows incorrectly.
AJCC7,Urinary Bladder,M,M0,IV T4b N0,B00483,519,503,DISTANT METASTASIS (M),formal_definition_table_candidate,Check wording/category against AJCC manual; edit only if extraction merged/split rows incorrectly.
AJCC7,Urinary Bladder,M,M0,Any T N1-3,B00483,519,503,DISTANT METASTASIS (M),formal_definition_table_candidate,Check wording/category against AJCC manual; edit only if extraction merged/split rows incorrectly.
AJCC7,Urinary Bladder,M,M0,Any T Any N,B00483,519,503,DISTANT METASTASIS (M),formal_definition_table_candidate,Check wording/category against AJCC manual; edit only if extraction merged/split rows incorrectly.
AJCC7,Urinary Bladder,M,M1,Stage unknown PATHOLOGIC GROUP T N M 0a Ta N0,B00483,519,503,DISTANT METASTASIS (M),formal_definition_table_candidate,Check wording/category against AJCC manual; edit only if extraction merged/split rows incorrectly.
AJCC7,Urinary Bladder,M,M1,Stage unknown U RINARY B LADDER S TAGING F ORM,B00483,519,503,DISTANT METASTASIS (M),formal_definition_table_candidate,Check wording/category against AJCC manual; edit only if extraction merged/split rows incorrectly.
AJCC7,Urethra,T,TX,Primary tumor cannot be assessed,B00487,524,508,Primary Tumor (T) (Male and Female),formal_definition_table_candidate,Check wording/category against AJCC manual; edit only if extraction merged/split rows incorrectly.
AJCC7,Urethra,T,T0,No evidence of primary tumor,B00487,524,508,Primary Tumor (T) (Male and Female),formal_definition_table_candidate,Check wording/category against AJCC manual; edit only if extraction merged/split rows incorrectly.
AJCC7,Urethra,T,Ta,"Noninvasive papillary, polypoid, or verrucous carcinoma",B00487,524,508,Primary Tumor (T) (Male and Female),formal_definition_table_candidate,Check wording/category against AJCC manual; edit only if extraction merged/split rows incorrectly.
AJCC7,Urethra,T,Tis,Carcinoma in situ,B00487,524,508,Primary Tumor (T) (Male and Female),formal_definition_table_candidate,Check wording/category against AJCC manual; edit only if extraction merged/split rows incorrectly.
AJCC7,Urethra,T,T1,Tumor invades subepithelial connective tissue,B00487,524,508,Primary Tumor (T) (Male and Female),formal_definition_table_candidate,Check wording/category against AJCC manual; edit only if extraction merged/split rows incorrectly.
AJCC7,Urethra,T,T2,"Tumor invades any of the following: corpus spon- giosum, prostate, periurethral muscle",B00487,524,508,Primary Tumor (T) (Male and Female),formal_definition_table_candidate,Check wording/category against AJCC manual; edit only if extraction merged/split rows incorrectly.
AJCC7,Urethra,T,T3,"Tumor invades any of the following: corpus caver- nosum, beyond prostatic capsule, anterior vagina, bladder neck",B00487,524,508,Primary Tumor (T) (Male and Female),formal_definition_table_candidate,Check wording/category against AJCC manual; edit only if extraction merged/split rows incorrectly.
AJCC7,Urethra,T,T4,"Tumor invades other adjacent organs Urothelial (Transitional Cell) Carcinoma of the Prostate Tis pu Carcinoma in situ, involvement of the prostatic urethra Tis pd Carcinoma in situ, involvement of the prostatic ducts",B00487,524,508,Primary Tumor (T) (Male and Female),formal_definition_table_candidate,Check wording/category against AJCC manual; edit only if extraction merged/split rows incorrectly.
AJCC7,Urethra,T,T1,Tumor invades urethral subepithelial connective tissue,B00487,524,508,Primary Tumor (T) (Male and Female),formal_definition_table_candidate,Check wording/category against AJCC manual; edit only if extraction merged/split rows incorrectly.
AJCC7,Urethra,T,T2,"Tumor invades any of the following: prostatic stroma, corpus spongiosum, periurethral muscle",B00487,524,508,Primary Tumor (T) (Male and Female),formal_definition_table_candidate,Check wording/category against AJCC manual; edit only if extraction merged/split rows incorrectly.
AJCC7,Urethra,T,T3,"Tumor invades any of the following: corpus cav- ernosum, beyond prostatic capsule, bladder neck (extraprostatic extension)",B00487,524,508,Primary Tumor (T) (Male and Female),formal_definition_table_candidate,Check wording/category against AJCC manual; edit only if extraction merged/split rows incorrectly.
AJCC7,Urethra,T,T4,Tumor invades other adjacent organs (invasion of the bladder),B00487,524,508,Primary Tumor (T) (Male and Female),formal_definition_table_candidate,Check wording/category against AJCC manual; edit only if extraction merged/split rows incorrectly.
AJCC7,Urethra,N,NX,Regional lymph nodes cannot be assessed,B00488,524,508,Regional Lymph Nodes (N),formal_definition_table_candidate,Check wording/category against AJCC manual; edit only if extraction merged/split rows incorrectly.
AJCC7,Urethra,N,N0,No regional lymph node metastasis,B00488,524,508,Regional Lymph Nodes (N),formal_definition_table_candidate,Check wording/category against AJCC manual; edit only if extraction merged/split rows incorrectly.
AJCC7,Urethra,N,N1,Metastasis in a single lymph node 2 cm or less in greatest dimension,B00488,524,508,Regional Lymph Nodes (N),formal_definition_table_candidate,Check wording/category against AJCC manual; edit only if extraction merged/split rows incorrectly.
AJCC7,Urethra,N,N2,"Metastasis in a single node more than 2 cm in greatest dimension, or in multiple nodes FIGURE 46.1. Defi nition of primary tumor (T) for Ta, T1, and T2 with depth of invasion ranging from the epithelium to the uro- genital diaphragm. In order to view this proof accurately, the Overprint Preview Option must be set to Always in Acrobat Professional or Adobe Reader. Please contact your Customer Service Representative if you have questions about finding this option. Job Name: -- /381449t",B00488,524,508,Regional Lymph Nodes (N),formal_definition_table_candidate,Check wording/category against AJCC manual; edit only if extraction merged/split rows incorrectly.
AJCC7,Urethra,G,Low grade,HG,B00490,525,509,HISTOLOGIC GRADE (G),formal_definition_table_candidate,Check wording/category against AJCC manual; edit only if extraction merged/split rows incorrectly.
AJCC7,Urethra,G,High grade,"If a grading system is not specifi ed, generally the following system is used:",B00490,525,509,HISTOLOGIC GRADE (G),formal_definition_table_candidate,Check wording/category against AJCC manual; edit only if extraction merged/split rows incorrectly.
AJCC7,Urethra,G,GX,Grade cannot be assessed,B00490,525,509,HISTOLOGIC GRADE (G),formal_definition_table_candidate,Check wording/category against AJCC manual; edit only if extraction merged/split rows incorrectly.
AJCC7,Urethra,G,G1,Well differentiated,B00490,525,509,HISTOLOGIC GRADE (G),formal_definition_table_candidate,Check wording/category against AJCC manual; edit only if extraction merged/split rows incorrectly.
AJCC7,Urethra,G,G2,Moderately differentiated,B00490,525,509,HISTOLOGIC GRADE (G),formal_definition_table_candidate,Check wording/category against AJCC manual; edit only if extraction merged/split rows incorrectly.
AJCC7,Urethra,G,G3,Poorly differentiated,B00490,525,509,HISTOLOGIC GRADE (G),formal_definition_table_candidate,Check wording/category against AJCC manual; edit only if extraction merged/split rows incorrectly.
AJCC7,Urethra,G,G4,Undifferentiated,B00490,525,509,HISTOLOGIC GRADE (G),formal_definition_table_candidate,Check wording/category against AJCC manual; edit only if extraction merged/split rows incorrectly.
AJCC7,Urethra,T,T4,Tis pu Tis pd,B00491,527,511,PRIMARY TUMOR (T),formal_definition_table_candidate,Check wording/category against AJCC manual; edit only if extraction merged/split rows incorrectly.
AJCC7,Urethra,T,T4,NX N0 N1 N2,B00491,527,511,PRIMARY TUMOR (T),formal_definition_table_candidate,Check wording/category against AJCC manual; edit only if extraction merged/split rows incorrectly.
AJCC7,Urethra,N,N2,M0 M1,B00493,527,511,REGIONAL LYMPH NODES (N),formal_definition_table_candidate,Check wording/category against AJCC manual; edit only if extraction merged/split rows incorrectly.
AJCC7,Urethra,M,M1,U RETHRA S TAGING F ORM,B00494,527,511,DISTANT METASTASIS (M),formal_definition_table_candidate,Check wording/category against AJCC manual; edit only if extraction merged/split rows incorrectly.
AJCC7,Adrenal,T,TX,Primary tumor cannot be assessed,B00498,532,516,Primary Tumor (T),formal_definition_table_candidate,Check wording/category against AJCC manual; edit only if extraction merged/split rows incorrectly.
AJCC7,Adrenal,T,T0,No evidence of primary tumor,B00498,532,516,Primary Tumor (T),formal_definition_table_candidate,Check wording/category against AJCC manual; edit only if extraction merged/split rows incorrectly.
AJCC7,Adrenal,T,T1,"Tumor 5 cm or less in greatest dimension, no extra-adrenal invasion (Figure 47.1)",B00498,532,516,Primary Tumor (T),formal_definition_table_candidate,Check wording/category against AJCC manual; edit only if extraction merged/split rows incorrectly.
AJCC7,Adrenal,T,T2,"Tumor greater than 5 cm, no extra-adrenal inva- sion (Figure 47.2)",B00498,532,516,Primary Tumor (T),formal_definition_table_candidate,Check wording/category against AJCC manual; edit only if extraction merged/split rows incorrectly.
AJCC7,Adrenal,T,T3,"Tumor of any size with local invasion, but not invading adjacent organs* (Figure 47.3)",B00498,532,516,Primary Tumor (T),formal_definition_table_candidate,Check wording/category against AJCC manual; edit only if extraction merged/split rows incorrectly.
AJCC7,Adrenal,T,T4,"Tumor of any size with invasion of adjacent organs* (Figure 47.4) * Note : Adjacent organs include kidney, diaphragm, great ves- sels, pancreas, spleen, and liver.",B00498,532,516,Primary Tumor (T),formal_definition_table_candidate,Check wording/category against AJCC manual; edit only if extraction merged/split rows incorrectly.
AJCC7,Adrenal,N,NX,Regional lymph nodes cannot be assessed,B00499,532,516,Regional Lymph Nodes (N),formal_definition_table_candidate,Check wording/category against AJCC manual; edit only if extraction merged/split rows incorrectly.
AJCC7,Adrenal,N,N0,No regional lymph node metastasis,B00499,532,516,Regional Lymph Nodes (N),formal_definition_table_candidate,Check wording/category against AJCC manual; edit only if extraction merged/split rows incorrectly.
AJCC7,Adrenal,N,N1,Metastasis in regional lymph node(s),B00499,532,516,Regional Lymph Nodes (N),formal_definition_table_candidate,Check wording/category against AJCC manual; edit only if extraction merged/split rows incorrectly.
AJCC7,Adrenal,M,M0,No distance metastasis,B00500,532,516,Distant Metastasis (M),formal_definition_table_candidate,Check wording/category against AJCC manual; edit only if extraction merged/split rows incorrectly.
AJCC7,Adrenal,M,M1,"Distance metastasis FIGURE 47.1. T1: Tumor 5 cm or less in greatest dimension, no extra-adrenal invasion. FIGURE 47.2. T2: Tumor greater than 5 cm, no extra-adrenal invasion. In order to view this proof accurately, the Overprint Preview Option must be set to Always in Acrobat Professional or Adobe Reader. Please contact your Customer Service Representative if you have questions about finding this option. Job Name: -- /381449t",B00500,532,516,Distant Metastasis (M),formal_definition_table_candidate,Check wording/category against AJCC manual; edit only if extraction merged/split rows incorrectly.
AJCC7,Adrenal,T,T1,"Tumor 5 cm or less in greatest dimension, no extra-adrenal invasion",B00502,535,519,PRIMARY TUMOR (T),formal_definition_table_candidate,Check wording/category against AJCC manual; edit only if extraction merged/split rows incorrectly.
AJCC7,Adrenal,T,T2,"Tumor greater than 5 cm, no extra-adrenal invasion",B00502,535,519,PRIMARY TUMOR (T),formal_definition_table_candidate,Check wording/category against AJCC manual; edit only if extraction merged/split rows incorrectly.
AJCC7,Adrenal,T,T3,"Tumor of any size with local invasion, but not invading adjacent organs*",B00502,535,519,PRIMARY TUMOR (T),formal_definition_table_candidate,Check wording/category against AJCC manual; edit only if extraction merged/split rows incorrectly.
AJCC7,Adrenal,T,T4,"Tumor of any size with invasion of adjacent organs* *Adjacent organs include kidney, diaphragm, great vessels, pancreas, spleen, and liver.",B00502,535,519,PRIMARY TUMOR (T),formal_definition_table_candidate,Check wording/category against AJCC manual; edit only if extraction merged/split rows incorrectly.
AJCC7,Adrenal,T,T4,NX N0 N1,B00502,535,519,PRIMARY TUMOR (T),formal_definition_table_candidate,Check wording/category against AJCC manual; edit only if extraction merged/split rows incorrectly.
AJCC7,Adrenal,N,N1,M0 M1,B00503,535,519,REGIONAL LYMPH NODES (N),formal_definition_table_candidate,Check wording/category against AJCC manual; edit only if extraction merged/split rows incorrectly.
AJCC7,Adrenal,M,M1,GROUP T N M I T1 N0,B00504,535,519,DISTANT METASTASIS (M),formal_definition_table_candidate,Check wording/category against AJCC manual; edit only if extraction merged/split rows incorrectly.
AJCC7,Adrenal,M,M0,II T2 N0,B00504,535,519,DISTANT METASTASIS (M),formal_definition_table_candidate,Check wording/category against AJCC manual; edit only if extraction merged/split rows incorrectly.
AJCC7,Adrenal,M,M0,III T1 N1,B00504,535,519,DISTANT METASTASIS (M),formal_definition_table_candidate,Check wording/category against AJCC manual; edit only if extraction merged/split rows incorrectly.
AJCC7,Adrenal,M,M0,T2 N1,B00504,535,519,DISTANT METASTASIS (M),formal_definition_table_candidate,Check wording/category against AJCC manual; edit only if extraction merged/split rows incorrectly.
AJCC7,Adrenal,M,M0,T3 N0,B00504,535,519,DISTANT METASTASIS (M),formal_definition_table_candidate,Check wording/category against AJCC manual; edit only if extraction merged/split rows incorrectly.
AJCC7,Adrenal,M,M0,IV T3 N1,B00504,535,519,DISTANT METASTASIS (M),formal_definition_table_candidate,Check wording/category against AJCC manual; edit only if extraction merged/split rows incorrectly.
AJCC7,Adrenal,M,M0,T4 N0,B00504,535,519,DISTANT METASTASIS (M),formal_definition_table_candidate,Check wording/category against AJCC manual; edit only if extraction merged/split rows incorrectly.
AJCC7,Adrenal,M,M0,T4 N1,B00504,535,519,DISTANT METASTASIS (M),formal_definition_table_candidate,Check wording/category against AJCC manual; edit only if extraction merged/split rows incorrectly.
AJCC7,Adrenal,M,M0,Any T Any N,B00504,535,519,DISTANT METASTASIS (M),formal_definition_table_candidate,Check wording/category against AJCC manual; edit only if extraction merged/split rows incorrectly.
AJCC7,Adrenal,M,M1,PATHOLOGIC GROUP T N M I T1 N0,B00504,535,519,DISTANT METASTASIS (M),formal_definition_table_candidate,Check wording/category against AJCC manual; edit only if extraction merged/split rows incorrectly.
AJCC7,Adrenal,M,M1,Stage unknown Stage unknown,B00504,535,519,DISTANT METASTASIS (M),formal_definition_table_candidate,Check wording/category against AJCC manual; edit only if extraction merged/split rows incorrectly.
AJCC7,Carcinoma of the Eyelid,T,TX,Primary tumor cannot be assessed,B00508,540,524,Primary Tumor (T),formal_definition_table_candidate,Check wording/category against AJCC manual; edit only if extraction merged/split rows incorrectly.
AJCC7,Carcinoma of the Eyelid,T,T0,No evidence of primary tumor,B00508,540,524,Primary Tumor (T),formal_definition_table_candidate,Check wording/category against AJCC manual; edit only if extraction merged/split rows incorrectly.
AJCC7,Carcinoma of the Eyelid,T,Tis,Carcinoma in situ,B00508,540,524,Primary Tumor (T),formal_definition_table_candidate,Check wording/category against AJCC manual; edit only if extraction merged/split rows incorrectly.
AJCC7,Carcinoma of the Eyelid,T,T1,Tumor 5 mm or less in greatest dimension Not invading the tarsal plate or eyelid margin,B00508,540,524,Primary Tumor (T),formal_definition_table_candidate,Check wording/category against AJCC manual; edit only if extraction merged/split rows incorrectly.
AJCC7,Carcinoma of the Eyelid,T,T2a,"Tumor more than 5 mm, but not more than 10 mm in greatest dimension Or, any tumor that invades the tarsal plate or eye- lid margin",B00508,540,524,Primary Tumor (T),formal_definition_table_candidate,Check wording/category against AJCC manual; edit only if extraction merged/split rows incorrectly.
AJCC7,Carcinoma of the Eyelid,T,T2b,"Tumor more than 10 mm, but not more than 20 mm in greatest dimension Or, involves full thickness eyelid",B00508,540,524,Primary Tumor (T),formal_definition_table_candidate,Check wording/category against AJCC manual; edit only if extraction merged/split rows incorrectly.
AJCC7,Carcinoma of the Eyelid,T,T3a,"Tumor more than 20 mm in greatest dimension Or, any tumor that invades adjacent ocular or orbital structures Any T with perineural tumor invasion",B00508,540,524,Primary Tumor (T),formal_definition_table_candidate,Check wording/category against AJCC manual; edit only if extraction merged/split rows incorrectly.
AJCC7,Carcinoma of the Eyelid,T,T3b,"Complete tumor resection requires enucleation, exenteration, or bone resection",B00508,540,524,Primary Tumor (T),formal_definition_table_candidate,Check wording/category against AJCC manual; edit only if extraction merged/split rows incorrectly.
AJCC7,Carcinoma of the Eyelid,T,T4,"Tumor is not resectable due to extensive invasion of ocular, orbital, craniofacial structures, or brain In order to view this proof accurately, the Overprint Preview Option must be set to Always in Acrobat Professional or Adobe Reader. Please contact your Customer Service Representative if you have questions about finding this option. Job Name: -- /381449t",B00508,540,524,Primary Tumor (T),formal_definition_table_candidate,Check wording/category against AJCC manual; edit only if extraction merged/split rows incorrectly.
AJCC7,Carcinoma of the Eyelid,N,NX,Regional lymph nodes cannot be assessed,B00509,541,525,Regional Lymph Nodes (N),formal_definition_table_candidate,Check wording/category against AJCC manual; edit only if extraction merged/split rows incorrectly.
AJCC7,Carcinoma of the Eyelid,N,cN0,"No regional lymph node metastasis, based upon clinical evaluation or imaging",B00509,541,525,Regional Lymph Nodes (N),formal_definition_table_candidate,Check wording/category against AJCC manual; edit only if extraction merged/split rows incorrectly.
AJCC7,Carcinoma of the Eyelid,N,pN0,"No regional lymph node metastasis, based upon lymph node biopsy",B00509,541,525,Regional Lymph Nodes (N),formal_definition_table_candidate,Check wording/category against AJCC manual; edit only if extraction merged/split rows incorrectly.
AJCC7,Carcinoma of the Eyelid,N,N1,Regional lymph node metastasis,B00509,541,525,Regional Lymph Nodes (N),formal_definition_table_candidate,Check wording/category against AJCC manual; edit only if extraction merged/split rows incorrectly.
AJCC7,Carcinoma of the Eyelid,G,GX,Grade cannot be assessed,B00511,541,525,HISTOLOGIC GRADE (G),formal_definition_table_candidate,Check wording/category against AJCC manual; edit only if extraction merged/split rows incorrectly.
AJCC7,Carcinoma of the Eyelid,G,G1,Well differentiated,B00511,541,525,HISTOLOGIC GRADE (G),formal_definition_table_candidate,Check wording/category against AJCC manual; edit only if extraction merged/split rows incorrectly.
AJCC7,Carcinoma of the Eyelid,G,G2,Moderately differentiated,B00511,541,525,HISTOLOGIC GRADE (G),formal_definition_table_candidate,Check wording/category against AJCC manual; edit only if extraction merged/split rows incorrectly.
AJCC7,Carcinoma of the Eyelid,G,G3,Poorly differentiated,B00511,541,525,HISTOLOGIC GRADE (G),formal_definition_table_candidate,Check wording/category against AJCC manual; edit only if extraction merged/split rows incorrectly.
AJCC7,Carcinoma of the Eyelid,G,G4,Undifferentiated,B00511,541,525,HISTOLOGIC GRADE (G),formal_definition_table_candidate,Check wording/category against AJCC manual; edit only if extraction merged/split rows incorrectly.
AJCC7,Carcinoma of the Eyelid,T,T4,NX N0 N1,B00512,543,527,PRIMARY TUMOR (T),formal_definition_table_candidate,Check wording/category against AJCC manual; edit only if extraction merged/split rows incorrectly.
AJCC7,Carcinoma of the Eyelid,N,N1,M0 M1,B00513,543,527,REGIONAL LYMPH NODES (N),formal_definition_table_candidate,Check wording/category against AJCC manual; edit only if extraction merged/split rows incorrectly.
AJCC7,Carcinoma of the Eyelid,M,M1,GROUP T N M 0 Tis N0,B00514,543,527,DISTANT METASTASIS (M),formal_definition_table_candidate,Check wording/category against AJCC manual; edit only if extraction merged/split rows incorrectly.
AJCC7,Carcinoma of the Eyelid,M,M0,I A T1 N0,B00514,543,527,DISTANT METASTASIS (M),formal_definition_table_candidate,Check wording/category against AJCC manual; edit only if extraction merged/split rows incorrectly.
AJCC7,Carcinoma of the Eyelid,M,M0,I B T2a N0,B00514,543,527,DISTANT METASTASIS (M),formal_definition_table_candidate,Check wording/category against AJCC manual; edit only if extraction merged/split rows incorrectly.
AJCC7,Carcinoma of the Eyelid,M,M0,I C T2b N0,B00514,543,527,DISTANT METASTASIS (M),formal_definition_table_candidate,Check wording/category against AJCC manual; edit only if extraction merged/split rows incorrectly.
AJCC7,Carcinoma of the Eyelid,M,M0,II T3a N0,B00514,543,527,DISTANT METASTASIS (M),formal_definition_table_candidate,Check wording/category against AJCC manual; edit only if extraction merged/split rows incorrectly.
AJCC7,Carcinoma of the Eyelid,M,M0,III A T3b N0,B00514,543,527,DISTANT METASTASIS (M),formal_definition_table_candidate,Check wording/category against AJCC manual; edit only if extraction merged/split rows incorrectly.
AJCC7,Carcinoma of the Eyelid,M,M0,III B Any T N1,B00514,543,527,DISTANT METASTASIS (M),formal_definition_table_candidate,Check wording/category against AJCC manual; edit only if extraction merged/split rows incorrectly.
AJCC7,Carcinoma of the Eyelid,M,M0,III C T4 Any N,B00514,543,527,DISTANT METASTASIS (M),formal_definition_table_candidate,Check wording/category against AJCC manual; edit only if extraction merged/split rows incorrectly.
AJCC7,Carcinoma of the Eyelid,M,M0,IV Any T Any N,B00514,543,527,DISTANT METASTASIS (M),formal_definition_table_candidate,Check wording/category against AJCC manual; edit only if extraction merged/split rows incorrectly.
AJCC7,Carcinoma of the Eyelid,M,M1,PATHOLOGIC GROUP T N M 0 Tis N0,B00514,543,527,DISTANT METASTASIS (M),formal_definition_table_candidate,Check wording/category against AJCC manual; edit only if extraction merged/split rows incorrectly.
AJCC7,Carcinoma of the Eyelid,M,M1,Stage unknown Stage unknown C ARCINOMA OF THE E YELID S TAGING F ORM,B00514,543,527,DISTANT METASTASIS (M),formal_definition_table_candidate,Check wording/category against AJCC manual; edit only if extraction merged/split rows incorrectly.
AJCC7,Carcinoma of the Conjunctiva,T,TX,Primary tumor cannot be assessed,B00518,548,532,Primary Tumor (T),formal_definition_table_candidate,Check wording/category against AJCC manual; edit only if extraction merged/split rows incorrectly.
AJCC7,Carcinoma of the Conjunctiva,T,T0,No evidence of primary tumor,B00518,548,532,Primary Tumor (T),formal_definition_table_candidate,Check wording/category against AJCC manual; edit only if extraction merged/split rows incorrectly.
AJCC7,Carcinoma of the Conjunctiva,T,Tis,Carcinoma in situ,B00518,548,532,Primary Tumor (T),formal_definition_table_candidate,Check wording/category against AJCC manual; edit only if extraction merged/split rows incorrectly.
AJCC7,Carcinoma of the Conjunctiva,T,T1,Tumor 5 mm or less in greatest dimension*,B00518,548,532,Primary Tumor (T),formal_definition_table_candidate,Check wording/category against AJCC manual; edit only if extraction merged/split rows incorrectly.
AJCC7,Carcinoma of the Conjunctiva,T,T2,"Tumor more than 5 mm in greatest dimension, without invasion of adjacent structures**",B00518,548,532,Primary Tumor (T),formal_definition_table_candidate,Check wording/category against AJCC manual; edit only if extraction merged/split rows incorrectly.
AJCC7,Carcinoma of the Conjunctiva,T,T3,Tumor invades adjacent structures** (excluding the orbit),B00518,548,532,Primary Tumor (T),formal_definition_table_candidate,Check wording/category against AJCC manual; edit only if extraction merged/split rows incorrectly.
AJCC7,Carcinoma of the Conjunctiva,T,T4,Tumor invades the orbit with or without further extension,B00518,548,532,Primary Tumor (T),formal_definition_table_candidate,Check wording/category against AJCC manual; edit only if extraction merged/split rows incorrectly.
AJCC7,Carcinoma of the Conjunctiva,T,T4a,"Tumor invades orbital soft tissues, without bone invasion",B00518,548,532,Primary Tumor (T),formal_definition_table_candidate,Check wording/category against AJCC manual; edit only if extraction merged/split rows incorrectly.
AJCC7,Carcinoma of the Conjunctiva,T,T4b,Tumor invades bone,B00518,548,532,Primary Tumor (T),formal_definition_table_candidate,Check wording/category against AJCC manual; edit only if extraction merged/split rows incorrectly.
AJCC7,Carcinoma of the Conjunctiva,T,T4c,Tumor invades adjacent paranasal sinuses,B00518,548,532,Primary Tumor (T),formal_definition_table_candidate,Check wording/category against AJCC manual; edit only if extraction merged/split rows incorrectly.
AJCC7,Carcinoma of the Conjunctiva,T,T4d,"Tumor invades brain * Note : Tumors occur most commonly in the bulbar limbal conjunctiva. ** Note : Adjacent structures include the cornea (3, 6, 9, or 12 clock hours), intraocular compartments, forniceal conjunc- tiva (lower and/or upper), palpebral conjunctiva (lower and/ or upper), tarsal conjunctiva (lower and/or upper), lacrimal punctum and canaliculi (lower and/or upper), plica, caruncle, posterior eyelid lamella, anterior eyelid lamella, and/or eyelid margin (lower and/or upper).",B00518,548,532,Primary Tumor (T),formal_definition_table_candidate,Check wording/category against AJCC manual; edit only if extraction merged/split rows incorrectly.
AJCC7,Carcinoma of the Conjunctiva,N,NX,Regional lymph nodes cannot be assessed,B00519,548,532,Regional Lymph Nodes (N),formal_definition_table_candidate,Check wording/category against AJCC manual; edit only if extraction merged/split rows incorrectly.
AJCC7,Carcinoma of the Conjunctiva,N,N0,No regional lymph node metastasis,B00519,548,532,Regional Lymph Nodes (N),formal_definition_table_candidate,Check wording/category against AJCC manual; edit only if extraction merged/split rows incorrectly.
AJCC7,Carcinoma of the Conjunctiva,N,N1,Regional lymph node metastasis,B00519,548,532,Regional Lymph Nodes (N),formal_definition_table_candidate,Check wording/category against AJCC manual; edit only if extraction merged/split rows incorrectly.
AJCC7,Carcinoma of the Conjunctiva,G,GX,Grade cannot be assessed,B00521,548,532,HISTOLOGIC GRADE (G),formal_definition_table_candidate,Check wording/category against AJCC manual; edit only if extraction merged/split rows incorrectly.
AJCC7,Carcinoma of the Conjunctiva,G,G1,Well differentiated,B00521,548,532,HISTOLOGIC GRADE (G),formal_definition_table_candidate,Check wording/category against AJCC manual; edit only if extraction merged/split rows incorrectly.
AJCC7,Carcinoma of the Conjunctiva,G,G2,Moderately differentiated,B00521,548,532,HISTOLOGIC GRADE (G),formal_definition_table_candidate,Check wording/category against AJCC manual; edit only if extraction merged/split rows incorrectly.
AJCC7,Carcinoma of the Conjunctiva,G,G3,Poorly differentiated,B00521,548,532,HISTOLOGIC GRADE (G),formal_definition_table_candidate,Check wording/category against AJCC manual; edit only if extraction merged/split rows incorrectly.
AJCC7,Carcinoma of the Conjunctiva,G,G4,"Undifferentiated BIBLIOGRAPHY Brownstein S. Mucoepidermoid carcinoma of the conjunctiva with intraocular invasion. Ophthalmology. 1981;88:1226-30. Buus DR, Tse DT, Folberg R. Microscopically controlled excision of conjunctival squamous cell carcinoma. Am J Ophthalmol. 1994;117:97-102. Campbell RJ. Tumors of eyelid, conjunctiva and cornea. In: Garner A, Klintworth GK, editors. Pathobiology of ocular In order to view this proof accurately, the Overprint Preview Option must be set to Always in Acrobat Professional or Adobe Reader. Please contact your Customer Service Representative if you have questions about finding this option. Job Name: -- /381449t",B00521,548,532,HISTOLOGIC GRADE (G),formal_definition_table_candidate,Check wording/category against AJCC manual; edit only if extraction merged/split rows incorrectly.
AJCC7,Carcinoma of the Conjunctiva,T,T4d,NX N0 N1,B00522,551,535,PRIMARY TUMOR (T),formal_definition_table_candidate,Check wording/category against AJCC manual; edit only if extraction merged/split rows incorrectly.
AJCC7,Carcinoma of the Conjunctiva,N,N1,M0 M1,B00523,551,535,REGIONAL LYMPH NODES (N),formal_definition_table_candidate,Check wording/category against AJCC manual; edit only if extraction merged/split rows incorrectly.
AJCC7,Carcinoma of the Conjunctiva,M,M1,"No stage grouping is presently recommended PATHOLOGIC No stage grouping is presently recommended PROGNOSTIC FACTORS (SITE-SPECIFIC FACTORS) REQUIRED FOR STAGING: None CLINICALLY SIGNIFICANT: Ki-67 growth fraction_________ General Notes: For identification of special cases of TNM or pTNM classifications, the ""m"" suffix and ""y,"" ""r,"" and ""a"" prefixes are used. Although they do not affect the stage grouping, they indicate cases needing separate analysis. m suffix indicates the presence of multiple primary tumors in a single site and is recorded in parentheses: pT(m)NM.",B00524,551,535,DISTANT METASTASIS (M),formal_definition_table_candidate,Check wording/category against AJCC manual; edit only if extraction merged/split rows incorrectly.
AJCC7,Malignant Melanoma of the Conjunctiva,T,TX,Primary tumor cannot be assessed,B00527,556,540,Primary Tumor (T),formal_definition_table_candidate,Check wording/category against AJCC manual; edit only if extraction merged/split rows incorrectly.
AJCC7,Malignant Melanoma of the Conjunctiva,T,T0,No evidence of primary tumor T(is) Melanoma confi ned to the conjunctival epithelium Malignant conjunctival melanoma of the bulbar conjunctiva,B00527,556,540,Primary Tumor (T),formal_definition_table_candidate,Check wording/category against AJCC manual; edit only if extraction merged/split rows incorrectly.
AJCC7,Malignant Melanoma of the Conjunctiva,T,T1a,Less than or equal to 1 quadrant *,B00527,556,540,Primary Tumor (T),formal_definition_table_candidate,Check wording/category against AJCC manual; edit only if extraction merged/split rows incorrectly.
AJCC7,Malignant Melanoma of the Conjunctiva,T,T1b,More than 1 but less than or equal to 2 quadrants,B00527,556,540,Primary Tumor (T),formal_definition_table_candidate,Check wording/category against AJCC manual; edit only if extraction merged/split rows incorrectly.
AJCC7,Malignant Melanoma of the Conjunctiva,T,T1c,"More than 2 but less than or equal to 3 quadrants T1d Greater than 3 quadrants Malignant conjunctival melanoma of the nonbulbar (palpebral, forniceal caruncular)",B00527,556,540,Primary Tumor (T),formal_definition_table_candidate,Check wording/category against AJCC manual; edit only if extraction merged/split rows incorrectly.
AJCC7,Malignant Melanoma of the Conjunctiva,T,T2a,"No caruncular, less than or equal to 1 quadrant",B00527,556,540,Primary Tumor (T),formal_definition_table_candidate,Check wording/category against AJCC manual; edit only if extraction merged/split rows incorrectly.
AJCC7,Malignant Melanoma of the Conjunctiva,T,T2b,"No caruncular, greater than 1 quadrant",B00527,556,540,Primary Tumor (T),formal_definition_table_candidate,Check wording/category against AJCC manual; edit only if extraction merged/split rows incorrectly.
AJCC7,Malignant Melanoma of the Conjunctiva,T,T2c,"Any caruncular, with less than or equal to 1 quadrant T2d Any caruncular, with greater than 1 quadrant Any malignant conjunctival melanoma with local invasion",B00527,556,540,Primary Tumor (T),formal_definition_table_candidate,Check wording/category against AJCC manual; edit only if extraction merged/split rows incorrectly.
AJCC7,Malignant Melanoma of the Conjunctiva,T,T3a,Globe,B00527,556,540,Primary Tumor (T),formal_definition_table_candidate,Check wording/category against AJCC manual; edit only if extraction merged/split rows incorrectly.
AJCC7,Malignant Melanoma of the Conjunctiva,T,T3b,Eyelid,B00527,556,540,Primary Tumor (T),formal_definition_table_candidate,Check wording/category against AJCC manual; edit only if extraction merged/split rows incorrectly.
AJCC7,Malignant Melanoma of the Conjunctiva,T,T3c,Orbit T3d Sinus,B00527,556,540,Primary Tumor (T),formal_definition_table_candidate,Check wording/category against AJCC manual; edit only if extraction merged/split rows incorrectly.
AJCC7,Malignant Melanoma of the Conjunctiva,T,T4,"Tumor invades the central nervous system * Note : Quadrants are defined by clock hour, starting at the limbus (e.g., 6, 9, 12, 3) extending from the central cor- nea, to and beyond the eyelid margins. This will bisect the caruncle.",B00527,556,540,Primary Tumor (T),formal_definition_table_candidate,Check wording/category against AJCC manual; edit only if extraction merged/split rows incorrectly.
AJCC7,Malignant Melanoma of the Conjunctiva,N,NX,"Regional lymph nodes cannot be assessed N0a (biopsied) No regional lymph node metastasis, biopsy performed N0b (not biopsied) No regional lymph node metastasis, biopsy not performed",B00528,556,540,Regional Lymph Node (N),formal_definition_table_candidate,Check wording/category against AJCC manual; edit only if extraction merged/split rows incorrectly.
AJCC7,Malignant Melanoma of the Conjunctiva,N,N1,"Regional lymph node metastasis Metastasis (M) M0 No distant metastasis M1 Distant metastasis ANATOMIC STAGE/PROGNOSTIC GROUP No stage grouping is presently recommended Pathologic Primary Tumor (pT) pTX Primary tumor cannot be assessed pT0 No evidence of primary tumor pT(is) Melanoma of the conjunctiva confi ned to the epithelium* pT1a Melanoma of the bulbar conjunctiva not more than 0.5 mm in thickness with invasion of the substantia propria pT1b Melanoma of the bulbar conjunctiva more than 0.5 mm but not more than 1.5 mm in thickness with invasion of the substantia propria pT1c Melanoma of the bulbar conjunctiva greater than 1.5 mm in thickness with invasion of the substantia propria pT2a Melanoma of the palpebral, forniceal, or caruncular conjunctiva not more than 0.5 mm in thickness with invasion of the substantia propria pT2b Melanoma more than 0.5 but not greater than 1.5 mm in thickness with invasion of the sub- stantia propria pT2c Melanoma of the palpebral, forniceal, or carun- cular conjunctiva greater than 1.5 mm in thick- ness with invasion of the substantia propria pT3 Melanoma invades the eye, eyelid, nasolacrimal system, sinuses, or orbit pT4 Melanoma invades the central nervous system * Note : pT(is) melanoma in situ (includes the term primary acquired melanosis) with atypia replacing greater than 75% of the normal epithelial thickness, with cytologic features of epithelioid cells, including abdundant cytoplasm, vesicular nuclei or prominent nucleoli, and/or presence of intraepithe- lial nests of atypical cells. Regional Lymph Nodes (pN) pNX Regional lymph nodes cannot be assessed",B00528,556,540,Regional Lymph Node (N),formal_definition_table_candidate,Check wording/category against AJCC manual; edit only if extraction merged/split rows incorrectly.
AJCC7,Malignant Melanoma of the Conjunctiva,N,pN0,No regional lymph node metastasis,B00528,556,540,Regional Lymph Node (N),formal_definition_table_candidate,Check wording/category against AJCC manual; edit only if extraction merged/split rows incorrectly.
AJCC7,Malignant Melanoma of the Conjunctiva,N,pN1,"Regional lymph node metastasis present In order to view this proof accurately, the Overprint Preview Option must be set to Always in Acrobat Professional or Adobe Reader. Please contact your Customer Service Representative if you have questions about finding this option. Job Name: -- /381449t",B00528,556,540,Regional Lymph Node (N),formal_definition_table_candidate,Check wording/category against AJCC manual; edit only if extraction merged/split rows incorrectly.
AJCC7,Malignant Melanoma of the Conjunctiva,G,GX,Origin cannot be assessed G0 Primary acquired melanosis without cellular atypia,B00529,557,541,HISTOLOGIC GRADE (G),formal_definition_table_candidate,Check wording/category against AJCC manual; edit only if extraction merged/split rows incorrectly.
AJCC7,Malignant Melanoma of the Conjunctiva,G,G1,Conjunctival nevus,B00529,557,541,HISTOLOGIC GRADE (G),formal_definition_table_candidate,Check wording/category against AJCC manual; edit only if extraction merged/split rows incorrectly.
AJCC7,Malignant Melanoma of the Conjunctiva,G,G2,Primary acquired melanosis with cellular atypia (epithelial disease only),B00529,557,541,HISTOLOGIC GRADE (G),formal_definition_table_candidate,Check wording/category against AJCC manual; edit only if extraction merged/split rows incorrectly.
AJCC7,Malignant Melanoma of the Conjunctiva,G,G3,Primary acquired melanosis with epithelial cellular atypia and invasive melanoma,B00529,557,541,HISTOLOGIC GRADE (G),formal_definition_table_candidate,Check wording/category against AJCC manual; edit only if extraction merged/split rows incorrectly.
AJCC7,Malignant Melanoma of the Conjunctiva,G,G4,"De novo malignant melanoma BIBLIOGRAPHY Anastassiou G, Heiligenhaus A, Bechrakis N, Bader E, Bornfeld N, Steuhl KP. Prognostic value of clinical and histopathologi- cal parameters in conjunctival melanomas: a retrospective study. Br J Ophthalmol. 2002;86:163-7. Damato B, Coupland SE. An audit of conjunctival mela- noma treatment in Liverpool. Eye. 2008b. doi:10.1038/ eye.2008.154. Damato B, Coupland SE. Clinical mapping of conjunctival mela- nomas. Br J Ophthalmol. 2008a;92(11):1545-9. Damato B, Coupland SE. Conjunctival melanoma and melano- sis: a reappraisal of terminology, classifi cation and staging. Clin Exper Ophthalmol. 2008;36:786-95. Finger PT, Tran HV, Turbin RE, Perry HD, Abramson DH, Chin K, et al. High-frequency ultrasonographic evaluation of con- junctival intraepithelial neoplasia and squamous cell carci- noma. Arch Ophthalmol. 2003;121:168-72. Kurli M, Finger PT. Melanocytic conjunctival tumors. Ophthal- mol Clin North Am. 2005;18:15-24. Kurli M, Chin K, Finger PT. Whole-body 18 FDG PET/CT imag- ing for lymph node and metastatic staging of conjunctival melanoma. Br J Ophthalmol. 2008;92:479-82. Missotten GS, Keijser S, De Keizer RJ, De Wolff-Rouendaal D. Conjunctival melanoma in the Netherlands: a nationwide study. Invest Ophthalmol Vis Sci. 2005;46:75-82. Seregard S. Conjunctival melanoma. Surv Ophthalmol. 1998;42: 321-50. Sugiura M, Colby KA, Mihm MC, Zembowicz A. Low-risk and high-risk histologic features in conjunctival primary acquired melanosis with atypia: clinicopathologic analysis of 29 cases. Am J Surg Pathol. 2007;31(2):185-92. Tuomaala S, Kivela T. Metastatic pattern and survival in dis- seminated conjunctival melanoma: implications for sentinel lymph node biopsy. Ophthalmology. 2004;111:816-21. Tuomaala S, Eskelin S, Tarkkanen A, Kivela T. Population-based assessment of clinical characteristics predicting outcome of conjunctival melanoma in whites. Invest Ophthalmol Vis Sci. 2002;43:3399-408. Werschnik C, Lommatszch P. Long-term follow-up of patients with conjunctival melanoma. Am J Clin Oncol. 2002;25: 248-55. Wilson MW, Fleming JC, Fleming RM, Haik BG. Sentinel node biopsy fororbital and ocular adnexal tumors. Ophthal Plast Reconstr Surg. 2001a;17:338-44. Wilson MW, Czechonska G, Finger PT, Rausen A, Hooper ME, Haik BG. Chemotherapy for eye cancer. Surv Ophthalmol. 2001b;45:416-44. Yu GP, Hu DN, McCormick S, Finger PT. Conjunctival mela- noma: is it increasing in the United States? Am J Ophthal- mol. 2003;135:800-6. In order to view this proof accurately, the Overprint Preview Option must be set to Always in Acrobat Professional or Adobe Reader. Please contact your Customer Service Representative if you have questions about finding this option. Job Name: -- /381449t",B00529,557,541,HISTOLOGIC GRADE (G),formal_definition_table_candidate,Check wording/category against AJCC manual; edit only if extraction merged/split rows incorrectly.
AJCC7,Malignant Melanoma of the Conjunctiva,N,N1,M0 M1,B00532,560,544,REGIONAL LYMPH NODES (N),formal_definition_table_candidate,Check wording/category against AJCC manual; edit only if extraction merged/split rows incorrectly.
AJCC7,Malignant Melanoma of the Conjunctiva,M,M1,"No stage grouping is presently recommended PATHOLOGIC No stage grouping is presently recommended PROGNOSTIC FACTORS (SITE-SPECIFIC FACTORS) REQUIRED FOR STAGING: None CLINICALLY SIGNIFICANT: Measured thickness (depth) _________________ General Notes: For identification of special cases of TNM or pTNM classifications, the ""m"" suffix and ""y,"" ""r,"" and ""a"" prefixes are used. Although they do not affect the stage grouping, they indicate cases needing separate analysis. m suffix indicates the presence of multiple primary tumors in a single site and is recorded in parentheses: pT(m)NM. y prefix indicates those cases in which classification is performed during or following initial multimodality therapy. The cTNM or pTNM category is identified by a ""y"" prefix. The ycTNM or ypTNM categorizes the extent of tumor actually present at the time of that examination. The ""y"" categorization is not an estimate of tumor prior to multimodality therapy. r prefix indicates a recurrent tumor when staged after a disease-free interval, and is identified by the ""r"" prefix: rTNM.",B00533,560,544,DISTANT METASTASIS (M),formal_definition_table_candidate,Check wording/category against AJCC manual; edit only if extraction merged/split rows incorrectly.
AJCC7,Malignant Melanoma of the Uvea,G,GX,Grade cannot be assessed,B00537,568,552,HISTOLOGIC GRADE (G) *,formal_definition_table_candidate,Check wording/category against AJCC manual; edit only if extraction merged/split rows incorrectly.
AJCC7,Malignant Melanoma of the Uvea,G,G1,Spindle cell melanoma,B00537,568,552,HISTOLOGIC GRADE (G) *,formal_definition_table_candidate,Check wording/category against AJCC manual; edit only if extraction merged/split rows incorrectly.
AJCC7,Malignant Melanoma of the Uvea,G,G2,Mixed cell melanoma,B00537,568,552,HISTOLOGIC GRADE (G) *,formal_definition_table_candidate,Check wording/category against AJCC manual; edit only if extraction merged/split rows incorrectly.
AJCC7,Malignant Melanoma of the Uvea,G,G3,"Epithelioid cell melanoma * Note : Because of general lack of agreement regarding which proportion of epithelioid cells classifi es a tumor as mixed and epithelioid in type, some ophthalmic pathologists cur- rently combine grades 2 and 3 (nonspindle, epithelioid cells detected) and contrast them with grade 1 (spindle, no epithe- lioid cells detected). BIBLIOGRAPHY Al Jamal RT, Kivelä T. KI-67 immunopositivity in choroi- dal and ciliary body melanoma with respect to nucleo- lar diameter and other prognostic factors. Curr Eye Res. 2006;31:57-67. All-Ericsson C, Girnita L, Seregard S, Bartolazzi A, Jager MJ, Larsson O. Insulin-like growth factor-1 receptor in uveal melanoma: a predictor for metastatic disease and a potential therapeutic target. Invest Ophthalmol Vis Sci. 2002;43:1-8. Blanco G. Diagnosis and treatment of orbital invasion in uveal melanoma. Can J Ophthalmol. 2004;39:388-96. Blom DJ, Luyten GP, Mooy C, Kerkvliet S, Zwinderman AH, Jager MJ. Human leukocyte antigen class I expression. Marker of poor prognosis in uveal melanoma. Invest Ophthalmol Vis Sci. 1997;38:1865-72. The Collaborative Ocular Melanoma Study Group. Accuracy of diagnosis of choroidal melanomas in the Collaborative Ocu- lar Melanoma Study. COMS report no. 1. Arch Ophthalmol. 1990;108:1268-73. The Collaborative Ocular Melanoma Study Group. Comparison of clinical, echographic, and histopathological measure- ments from eyes with medium-sized choroidal melanoma in the collaborative ocular melanoma study: COMS report no. 21. Arch Ophthalmol. 2003;121:1163-71. The Collaborative Ocular Melanoma Study Group. Factors pre- dictive of growth and treatment of small choroidal mela- noma: COMS report no. 5. Arch Ophthalmol. 1997a;115: 1537-44. The Collaborative Ocular Melanoma Study Group. Mortality in patients with small choroidal melanoma. COMS report no. 4. Arch Ophthalmol. 1997b;115:886-93. The Collaborative Ocular Melanoma Study Group. The COMS randomized trial of iodine 125 brachytherapy for choroi- dal melanoma: V. Twelve-year mortality rates and prog- nostic factors: COMS report no. 28. Arch Ophthalmol. 2006;124:1684-93. Damato B, Duke C, Coupland SE, Hiscott P, Smith PA, Campbell I, et al. Cytogenetics of uveal melanoma: a 7-year clinical experience. Ophthalmology. 2007;114:1925-31. Diener-West M, Reynolds SM, Agugliaro DJ, Caldwell R, Cumming K, Earle JD, Hawkins BS, Hayman JA, Jaiyesimi I, Jampol LM, Kirkwood JM, Koh WJ, Robertson DM, Shaw JM, Straatsma BR, Thoma J. Development of metastatic disease after enrollment in the COMS trials for treatment of choroidal melanoma: Collaborative Ocular Melanoma Study Group report no. 26. Arch Ophthalmol. 2005;123: 1639-43. Durie FH, Campbell AM, Lee WR, Damato BE. Analysis of lym- phocytic infi ltration in uveal melanoma. Invest Ophthalmol Vis Sci. 1990;31:2106-10. In order to view this proof accurately, the Overprint Preview Option must be set to Always in Acrobat Professional or Adobe Reader. Please contact your Customer Service Representative if you have questions about finding this option. Job Name: -- /381449t",B00537,568,552,HISTOLOGIC GRADE (G) *,formal_definition_table_candidate,Check wording/category against AJCC manual; edit only if extraction merged/split rows incorrectly.
AJCC7,Malignant Melanoma of the Uvea,T,T1c,T1d,B00538,571,555,PRIMARY TUMOR (T),formal_definition_table_candidate,Check wording/category against AJCC manual; edit only if extraction merged/split rows incorrectly.
AJCC7,Malignant Melanoma of the Uvea,T,T2c,T2d,B00538,571,555,PRIMARY TUMOR (T),formal_definition_table_candidate,Check wording/category against AJCC manual; edit only if extraction merged/split rows incorrectly.
AJCC7,Malignant Melanoma of the Uvea,N,N1,M0 M1 M1a M1b M1c,B00540,572,556,REGIONAL LYMPH NODES (N),formal_definition_table_candidate,Check wording/category against AJCC manual; edit only if extraction merged/split rows incorrectly.
AJCC7,Retinoblastoma,T,TX,Primary tumor cannot be assessed,B00544,579,563,Primary Tumor (T),formal_definition_table_candidate,Check wording/category against AJCC manual; edit only if extraction merged/split rows incorrectly.
AJCC7,Retinoblastoma,T,T0,No evidence of primary tumor,B00544,579,563,Primary Tumor (T),formal_definition_table_candidate,Check wording/category against AJCC manual; edit only if extraction merged/split rows incorrectly.
AJCC7,Retinoblastoma,T,T1,Tumors no more than 2/3 the volume of the eye with no vitreous or subretinal seeding,B00544,579,563,Primary Tumor (T),formal_definition_table_candidate,Check wording/category against AJCC manual; edit only if extraction merged/split rows incorrectly.
AJCC7,Retinoblastoma,T,T1a,No tumor in either eye is greater than 3 mm in largest dimension or located closer than 1.5 mm to the optic nerve or fovea,B00544,579,563,Primary Tumor (T),formal_definition_table_candidate,Check wording/category against AJCC manual; edit only if extraction merged/split rows incorrectly.
AJCC7,Retinoblastoma,T,T1b,At least one tumor is greater than 3 mm in larg- est dimension or located closer than 1.5 mm to the optic nerve or fovea. No retinal detachment or subretinal fl uid beyond 5 mm from the base of the tumor,B00544,579,563,Primary Tumor (T),formal_definition_table_candidate,Check wording/category against AJCC manual; edit only if extraction merged/split rows incorrectly.
AJCC7,Retinoblastoma,T,T1c,"At least one tumor is greater than 3 mm in largest dimension or located closer than 1.5 mm to the optic nerve or fovea, with retinal detachment or subretinal fl uid beyond 5 mm from the base of the tumor",B00544,579,563,Primary Tumor (T),formal_definition_table_candidate,Check wording/category against AJCC manual; edit only if extraction merged/split rows incorrectly.
AJCC7,Retinoblastoma,T,T2,Tumors no more than 2/3 the volume of the eye with vitreous or subretinal seeding. Can have reti- nal detachment,B00544,579,563,Primary Tumor (T),formal_definition_table_candidate,Check wording/category against AJCC manual; edit only if extraction merged/split rows incorrectly.
AJCC7,Retinoblastoma,T,T2a,"Focal vitreous and/or subretinal seeding of fi ne aggregates of tumor cells is present, but no large clumps or “snowballs” of tumor cells",B00544,579,563,Primary Tumor (T),formal_definition_table_candidate,Check wording/category against AJCC manual; edit only if extraction merged/split rows incorrectly.
AJCC7,Retinoblastoma,T,T2b,"Massive vitreous and/or subretinal seeding is present, defi ned as diffuse clumps or “snowballs” of tumor cells",B00544,579,563,Primary Tumor (T),formal_definition_table_candidate,Check wording/category against AJCC manual; edit only if extraction merged/split rows incorrectly.
AJCC7,Retinoblastoma,T,T3,Severe intraocular disease,B00544,579,563,Primary Tumor (T),formal_definition_table_candidate,Check wording/category against AJCC manual; edit only if extraction merged/split rows incorrectly.
AJCC7,Retinoblastoma,T,T3a,Tumor fi lls more than 2/3 of the eye,B00544,579,563,Primary Tumor (T),formal_definition_table_candidate,Check wording/category against AJCC manual; edit only if extraction merged/split rows incorrectly.
AJCC7,Retinoblastoma,T,T3b,"One or more complications present, which may include tumor-associated neovascular or angle closure glaucoma, tumor extension into the ante- rior segment, hyphema, vitreous hemorrhage, or orbital cellulitis",B00544,579,563,Primary Tumor (T),formal_definition_table_candidate,Check wording/category against AJCC manual; edit only if extraction merged/split rows incorrectly.
AJCC7,Retinoblastoma,T,T4,Extraocular disease detected by imaging studies,B00544,579,563,Primary Tumor (T),formal_definition_table_candidate,Check wording/category against AJCC manual; edit only if extraction merged/split rows incorrectly.
AJCC7,Retinoblastoma,T,T4a,Invasion of optic nerve,B00544,579,563,Primary Tumor (T),formal_definition_table_candidate,Check wording/category against AJCC manual; edit only if extraction merged/split rows incorrectly.
AJCC7,Retinoblastoma,T,T4b,Invasion into the orbit,B00544,579,563,Primary Tumor (T),formal_definition_table_candidate,Check wording/category against AJCC manual; edit only if extraction merged/split rows incorrectly.
AJCC7,Retinoblastoma,T,T4c,Intracranial extension not past chiasm,B00544,579,563,Primary Tumor (T),formal_definition_table_candidate,Check wording/category against AJCC manual; edit only if extraction merged/split rows incorrectly.
AJCC7,Retinoblastoma,T,T4d,Intracranial extension past chiasm,B00544,579,563,Primary Tumor (T),formal_definition_table_candidate,Check wording/category against AJCC manual; edit only if extraction merged/split rows incorrectly.
AJCC7,Retinoblastoma,N,NX,Regional lymph nodes cannot be assessed,B00545,579,563,Regional Lymph Nodes (N),formal_definition_table_candidate,Check wording/category against AJCC manual; edit only if extraction merged/split rows incorrectly.
AJCC7,Retinoblastoma,N,N0,No regional lymph node involvement,B00545,579,563,Regional Lymph Nodes (N),formal_definition_table_candidate,Check wording/category against AJCC manual; edit only if extraction merged/split rows incorrectly.
AJCC7,Retinoblastoma,N,N1,"Regional lymph node involvement (preauricular, cervical, submandibular)",B00545,579,563,Regional Lymph Nodes (N),formal_definition_table_candidate,Check wording/category against AJCC manual; edit only if extraction merged/split rows incorrectly.
AJCC7,Retinoblastoma,N,N2,Distant lymph node involvement Metastasis (M) M0 No metastasis M1 Systemic metastasis M1a Single lesion to sites other than CNS M1b Multiple lesions to sites other than CNS M1c Prechiasmatic CNS lesion(s) M1d Postchiasmatic CNS lesion(s) M1e Leptomeningeal and/or CSF involvement Pathologic Classifi cation (pTNM) Primary Tumor (pT ) pTX Primary tumor cannot be assessed pT0 No evidence of primary tumor pT1 Tumor confi ned to eye with no optic nerve or choroidal invasion pT2 Tumor with minimal optic nerve and/or choroidal invasion: pT2a Tumor superfi cially invades optic nerve head but does not extend past lamina cribrosa or tumor exhibits focal choroidal invasion pT2b Tumor superfi cially invades optic nerve head but does not extend past lamina cribrosa and exhibits focal choroidal invasion pT3 Tumor with signifi cant optic nerve and/or choroidal invasion: pT3a Tumor invades optic nerve past lamina cribrosa but not to surgical resection line or tumor exhibits massive choroidal invasion pT3b Tumor invades optic nerve past lamina cribrosa but not to surgical resection line and exhibits massive choroidal invasion pT4 Tumor invades optic nerve to resection line or exhibits extra-ocular extension elsewhere pT4a Tumor invades optic nerve to resection line but no extra-ocular extension identifi ed pT4b Tumor invades optic nerve to resection line and extra-ocular extension identifi ed Regional Lymph Nodes (pN ) pNX Regional lymph nodes cannot be assessed,B00545,579,563,Regional Lymph Nodes (N),formal_definition_table_candidate,Check wording/category against AJCC manual; edit only if extraction merged/split rows incorrectly.
AJCC7,Retinoblastoma,N,pN0,No regional lymph node involvement,B00545,579,563,Regional Lymph Nodes (N),formal_definition_table_candidate,Check wording/category against AJCC manual; edit only if extraction merged/split rows incorrectly.
AJCC7,Retinoblastoma,N,pN1,"Regional lymph node involvement (preauricular, cervical)",B00545,579,563,Regional Lymph Nodes (N),formal_definition_table_candidate,Check wording/category against AJCC manual; edit only if extraction merged/split rows incorrectly.
AJCC7,Retinoblastoma,N,N2,"Distant lymph node involvement Metastasis (pM ) cM0 No metastasis pM1 Metastasis to sites other than CNS pM1a Single lesion pM1b Multiple lesions pM1c CNS metastasis pM1d Discrete mass(es) without leptomeningeal and/ or CSF involvement pM1e Leptomeningeal and/or CSF involvement In order to view this proof accurately, the Overprint Preview Option must be set to Always in Acrobat Professional or Adobe Reader. Please contact your Customer Service Representative if you have questions about finding this option. Job Name: -- /381449t",B00545,579,563,Regional Lymph Nodes (N),formal_definition_table_candidate,Check wording/category against AJCC manual; edit only if extraction merged/split rows incorrectly.
AJCC7,Retinoblastoma,G,GX,Grade cannot be assessed,B00547,580,564,HISTOLOGIC GRADE (G),formal_definition_table_candidate,Check wording/category against AJCC manual; edit only if extraction merged/split rows incorrectly.
AJCC7,Retinoblastoma,G,G1,Well differentiated,B00547,580,564,HISTOLOGIC GRADE (G),formal_definition_table_candidate,Check wording/category against AJCC manual; edit only if extraction merged/split rows incorrectly.
AJCC7,Retinoblastoma,G,G2,Moderately differentiated,B00547,580,564,HISTOLOGIC GRADE (G),formal_definition_table_candidate,Check wording/category against AJCC manual; edit only if extraction merged/split rows incorrectly.
AJCC7,Retinoblastoma,G,G3,Poorly differentiated,B00547,580,564,HISTOLOGIC GRADE (G),formal_definition_table_candidate,Check wording/category against AJCC manual; edit only if extraction merged/split rows incorrectly.
AJCC7,Retinoblastoma,G,G4,Undifferentiated,B00547,580,564,HISTOLOGIC GRADE (G),formal_definition_table_candidate,Check wording/category against AJCC manual; edit only if extraction merged/split rows incorrectly.
AJCC7,Retinoblastoma,N,N2,M0 M1 M1a M1b M1c M1d M1e,B00550,582,566,REGIONAL LYMPH NODES (N),formal_definition_table_candidate,Check wording/category against AJCC manual; edit only if extraction merged/split rows incorrectly.
AJCC7,Retinoblastoma,M,M1c,M1d M1e No stage grouping is presently recommended PATHOLOGIC No stage grouping is presently recommended,B00551,582,566,DISTANT METASTASIS (M),formal_definition_table_candidate,Check wording/category against AJCC manual; edit only if extraction merged/split rows incorrectly.
AJCC7,Carcinoma of the Lacrimal Gland,G,GX,Grade cannot be assessed,B00555,586,570,HISTOLOGIC GRADE (G),formal_definition_table_candidate,Check wording/category against AJCC manual; edit only if extraction merged/split rows incorrectly.
AJCC7,Carcinoma of the Lacrimal Gland,G,G1,Well differentiated,B00555,586,570,HISTOLOGIC GRADE (G),formal_definition_table_candidate,Check wording/category against AJCC manual; edit only if extraction merged/split rows incorrectly.
AJCC7,Carcinoma of the Lacrimal Gland,G,G2,Moderately differentiated: includes adenoid cystic carcinoma without basaloid (solid) pattern,B00555,586,570,HISTOLOGIC GRADE (G),formal_definition_table_candidate,Check wording/category against AJCC manual; edit only if extraction merged/split rows incorrectly.
AJCC7,Carcinoma of the Lacrimal Gland,G,G3,Poorly differentiated: includes adenoid cystic carci- noma with basaloid (solid) pattern,B00555,586,570,HISTOLOGIC GRADE (G),formal_definition_table_candidate,Check wording/category against AJCC manual; edit only if extraction merged/split rows incorrectly.
AJCC7,Carcinoma of the Lacrimal Gland,G,G4,"Undifferentiated In order to view this proof accurately, the Overprint Preview Option must be set to Always in Acrobat Professional or Adobe Reader. Please contact your Customer Service Representative if you have questions about finding this option. Job Name: -- /381449t",B00555,586,570,HISTOLOGIC GRADE (G),formal_definition_table_candidate,Check wording/category against AJCC manual; edit only if extraction merged/split rows incorrectly.
AJCC7,Carcinoma of the Lacrimal Gland,T,T4c,NX N0 N1,B00556,589,573,PRIMARY TUMOR (T),formal_definition_table_candidate,Check wording/category against AJCC manual; edit only if extraction merged/split rows incorrectly.
AJCC7,Carcinoma of the Lacrimal Gland,N,N1,M0 M1,B00557,589,573,REGIONAL LYMPH NODES (N),formal_definition_table_candidate,Check wording/category against AJCC manual; edit only if extraction merged/split rows incorrectly.
AJCC7,Carcinoma of the Lacrimal Gland,M,M1,"No stage grouping is presently recommended PATHOLOGIC No stage grouping is presently recommended PROGNOSTIC FACTORS (SITE-SPECIFIC FACTORS) REQUIRED FOR STAGING: None CLINICALLY SIGNIFICANT: Ki-67 growth fraction ____________ Nuclear NM23 staining ___________ General Notes: For identification of special cases of TNM or pTNM classifications, the ""m"" suffix and ""y,"" ""r,"" and ""a"" prefixes are used. Although they do not affect the stage grouping, they indicate cases needing separate analysis. m suffix indicates the presence of multiple primary tumors in a single site and is recorded in parentheses: pT(m)NM. y prefix indicates those cases in which classification is performed during or following initial multimodality therapy. The cTNM or pTNM category is identified by a ""y"" prefix.",B00558,589,573,DISTANT METASTASIS (M),formal_definition_table_candidate,Check wording/category against AJCC manual; edit only if extraction merged/split rows incorrectly.
AJCC7,Sarcoma of the Orbit,T,TX,Primary tumor cannot be assessed,B00562,594,578,Primary Tumor (T),formal_definition_table_candidate,Check wording/category against AJCC manual; edit only if extraction merged/split rows incorrectly.
AJCC7,Sarcoma of the Orbit,T,T0,No evidence of primary tumor,B00562,594,578,Primary Tumor (T),formal_definition_table_candidate,Check wording/category against AJCC manual; edit only if extraction merged/split rows incorrectly.
AJCC7,Sarcoma of the Orbit,T,T1,Tumor 15 mm or less in greatest dimension,B00562,594,578,Primary Tumor (T),formal_definition_table_candidate,Check wording/category against AJCC manual; edit only if extraction merged/split rows incorrectly.
AJCC7,Sarcoma of the Orbit,T,T2,Tumor more than 15 mm in greatest dimension without invasion of globe or bony wall,B00562,594,578,Primary Tumor (T),formal_definition_table_candidate,Check wording/category against AJCC manual; edit only if extraction merged/split rows incorrectly.
AJCC7,Sarcoma of the Orbit,T,T3,Tumor of any size with invasion of orbital tissues and/or bony walls,B00562,594,578,Primary Tumor (T),formal_definition_table_candidate,Check wording/category against AJCC manual; edit only if extraction merged/split rows incorrectly.
AJCC7,Sarcoma of the Orbit,T,T4,"Tumor invasion of globe or periorbital structure, such as eyelids, temporal fossa, nasal cavity and paranasal sinuses, and/or central nervous system",B00562,594,578,Primary Tumor (T),formal_definition_table_candidate,Check wording/category against AJCC manual; edit only if extraction merged/split rows incorrectly.
AJCC7,Sarcoma of the Orbit,N,NX,Regional lymph nodes cannot be assessed,B00563,594,578,Regional Lymph Nodes (N),formal_definition_table_candidate,Check wording/category against AJCC manual; edit only if extraction merged/split rows incorrectly.
AJCC7,Sarcoma of the Orbit,N,N0,No regional lymph node metastasis,B00563,594,578,Regional Lymph Nodes (N),formal_definition_table_candidate,Check wording/category against AJCC manual; edit only if extraction merged/split rows incorrectly.
AJCC7,Sarcoma of the Orbit,N,N1,Regional lymph node metastasis,B00563,594,578,Regional Lymph Nodes (N),formal_definition_table_candidate,Check wording/category against AJCC manual; edit only if extraction merged/split rows incorrectly.
AJCC7,Sarcoma of the Orbit,G,GX,Grade cannot be assessed,B00565,594,578,HISTOLOGIC GRADE (G),formal_definition_table_candidate,Check wording/category against AJCC manual; edit only if extraction merged/split rows incorrectly.
AJCC7,Sarcoma of the Orbit,G,G1,Well differentiated,B00565,594,578,HISTOLOGIC GRADE (G),formal_definition_table_candidate,Check wording/category against AJCC manual; edit only if extraction merged/split rows incorrectly.
AJCC7,Sarcoma of the Orbit,G,G2,Moderately differentiated,B00565,594,578,HISTOLOGIC GRADE (G),formal_definition_table_candidate,Check wording/category against AJCC manual; edit only if extraction merged/split rows incorrectly.
AJCC7,Sarcoma of the Orbit,G,G3,Poorly differentiated,B00565,594,578,HISTOLOGIC GRADE (G),formal_definition_table_candidate,Check wording/category against AJCC manual; edit only if extraction merged/split rows incorrectly.
AJCC7,Sarcoma of the Orbit,G,G4,Undifferentiated,B00565,594,578,HISTOLOGIC GRADE (G),formal_definition_table_candidate,Check wording/category against AJCC manual; edit only if extraction merged/split rows incorrectly.
AJCC7,Sarcoma of the Orbit,T,T4,NX N0 N1,B00566,595,579,PRIMARY TUMOR (T),formal_definition_table_candidate,Check wording/category against AJCC manual; edit only if extraction merged/split rows incorrectly.
AJCC7,Sarcoma of the Orbit,N,N1,M0 M1,B00567,595,579,REGIONAL LYMPH NODES (N),formal_definition_table_candidate,Check wording/category against AJCC manual; edit only if extraction merged/split rows incorrectly.
AJCC7,Sarcoma of the Orbit,M,M1,"No stage grouping is presently recommended. PATHOLOGIC No stage grouping is presently recommended. PROGNOSTIC FACTORS (SITE-SPECIFIC FACTORS) REQUIRED FOR STAGING: None CLINICALLY SIGNIFICANT: None General Notes: For identification of special cases of TNM or pTNM classifications, the ""m"" suffix and ""y,"" ""r,"" and ""a"" prefixes are used. Although they do not affect the stage grouping, they indicate cases needing separate analysis. m suffix indicates the presence of multiple primary tumors in a single site and is recorded in parentheses: pT(m)NM. y prefix indicates those cases in which classification is performed during or following initial multimodality therapy. The cTNM or pTNM category is identified by a ""y"" prefix. The ycTNM or ypTNM categorizes the extent of tumor actually present at the time of that examination. The ""y"" categorization is not an estimate of tumor prior to multimodality therapy.",B00568,595,579,DISTANT METASTASIS (M),formal_definition_table_candidate,Check wording/category against AJCC manual; edit only if extraction merged/split rows incorrectly.
AJCC7,Ocular Adnexal Lymphoma,T,TX,Lymphoma extent not specifi ed,B00572,600,584,Primary Tumor (T),formal_definition_table_candidate,Check wording/category against AJCC manual; edit only if extraction merged/split rows incorrectly.
AJCC7,Ocular Adnexal Lymphoma,T,T0,No evidence of lymphoma,B00572,600,584,Primary Tumor (T),formal_definition_table_candidate,Check wording/category against AJCC manual; edit only if extraction merged/split rows incorrectly.
AJCC7,Ocular Adnexal Lymphoma,T,T1,Lymphoma involving the conjunctiva alone without orbital involvement,B00572,600,584,Primary Tumor (T),formal_definition_table_candidate,Check wording/category against AJCC manual; edit only if extraction merged/split rows incorrectly.
AJCC7,Ocular Adnexal Lymphoma,T,T1a,Bulbar conjunctiva only,B00572,600,584,Primary Tumor (T),formal_definition_table_candidate,Check wording/category against AJCC manual; edit only if extraction merged/split rows incorrectly.
AJCC7,Ocular Adnexal Lymphoma,T,T1b,Palpebral conjunctiva +/− fornix +/− caruncle,B00572,600,584,Primary Tumor (T),formal_definition_table_candidate,Check wording/category against AJCC manual; edit only if extraction merged/split rows incorrectly.
AJCC7,Ocular Adnexal Lymphoma,T,T1c,Extensive conjunctival involvement,B00572,600,584,Primary Tumor (T),formal_definition_table_candidate,Check wording/category against AJCC manual; edit only if extraction merged/split rows incorrectly.
AJCC7,Ocular Adnexal Lymphoma,T,T2,Lymphoma with orbital involvement +/− any conjunctival involvement,B00572,600,584,Primary Tumor (T),formal_definition_table_candidate,Check wording/category against AJCC manual; edit only if extraction merged/split rows incorrectly.
AJCC7,Ocular Adnexal Lymphoma,T,T2a,Anterior orbital involvement (+/− conjunctival involvement),B00572,600,584,Primary Tumor (T),formal_definition_table_candidate,Check wording/category against AJCC manual; edit only if extraction merged/split rows incorrectly.
AJCC7,Ocular Adnexal Lymphoma,T,T2b,Anterior orbital involvement (+/− conjunctival involvement + lacrimal involvement),B00572,600,584,Primary Tumor (T),formal_definition_table_candidate,Check wording/category against AJCC manual; edit only if extraction merged/split rows incorrectly.
AJCC7,Ocular Adnexal Lymphoma,T,T2c,"Posterior orbital involvement (+/− conjunctival involvement +/− anterior involvement and +/− any extraocular muscle involvement) In order to view this proof accurately, the Overprint Preview Option must be set to Always in Acrobat Professional or Adobe Reader. Please contact your Customer Service Representative if you have questions about finding this option. Job Name: -- /381449t",B00572,600,584,Primary Tumor (T),formal_definition_table_candidate,Check wording/category against AJCC manual; edit only if extraction merged/split rows incorrectly.
AJCC7,Ocular Adnexal Lymphoma,N,NX,Involvement of lymph nodes not assessed,B00573,601,585,Regional Lymph Node (N),formal_definition_table_candidate,Check wording/category against AJCC manual; edit only if extraction merged/split rows incorrectly.
AJCC7,Ocular Adnexal Lymphoma,N,N0,No evidence of lymph node involvement,B00573,601,585,Regional Lymph Node (N),formal_definition_table_candidate,Check wording/category against AJCC manual; edit only if extraction merged/split rows incorrectly.
AJCC7,Ocular Adnexal Lymphoma,N,N1,Involvement of ipsilateral regional lymph nodes*,B00573,601,585,Regional Lymph Node (N),formal_definition_table_candidate,Check wording/category against AJCC manual; edit only if extraction merged/split rows incorrectly.
AJCC7,Ocular Adnexal Lymphoma,N,N2,Involvement of contra lateral or bilateral regional lymph nodes*,B00573,601,585,Regional Lymph Node (N),formal_definition_table_candidate,Check wording/category against AJCC manual; edit only if extraction merged/split rows incorrectly.
AJCC7,Ocular Adnexal Lymphoma,N,N3,"Involvement of peripheral lymph nodes not draining ocular adnexal region N4 Involvement of central lymph nodes * Note : The regional lymph nodes include preauricular (parotid), submandibular, and cervical.",B00573,601,585,Regional Lymph Node (N),formal_definition_table_candidate,Check wording/category against AJCC manual; edit only if extraction merged/split rows incorrectly.
AJCC7,Ocular Adnexal Lymphoma,M,M0,No evidence of involvement of other extranodal sites,B00574,601,585,Distant Metastasis (M),formal_definition_table_candidate,Check wording/category against AJCC manual; edit only if extraction merged/split rows incorrectly.
AJCC7,Ocular Adnexal Lymphoma,M,M1a,"Noncontiguous involvement of tissues or organs external to the ocular adnexa (e.g., parotid glands, submandibular gland, lung, liver, spleen, kidney, breast, etc.)",B00574,601,585,Distant Metastasis (M),formal_definition_table_candidate,Check wording/category against AJCC manual; edit only if extraction merged/split rows incorrectly.
AJCC7,Ocular Adnexal Lymphoma,M,M1b,Lymphomatous involvement of the bone marrow,B00574,601,585,Distant Metastasis (M),formal_definition_table_candidate,Check wording/category against AJCC manual; edit only if extraction merged/split rows incorrectly.
AJCC7,Ocular Adnexal Lymphoma,M,M1c,Both M1a and M1b involvement,B00574,601,585,Distant Metastasis (M),formal_definition_table_candidate,Check wording/category against AJCC manual; edit only if extraction merged/split rows incorrectly.
AJCC7,Ocular Adnexal Lymphoma,G,G1,1-5 centroblasts per 10 high power fi eld,B00576,601,585,HISTOLOGIC GRADE (G),formal_definition_table_candidate,Check wording/category against AJCC manual; edit only if extraction merged/split rows incorrectly.
AJCC7,Ocular Adnexal Lymphoma,G,G2,Between 5 and 15 centroblasts per 10 high power fi elds G3a More than 15 centroblasts per 10 high power fi elds but with admixed centrocytes G3b More than 15 centroblasts per 10 high power fi elds but without centrocytes,B00576,601,585,HISTOLOGIC GRADE (G),formal_definition_table_candidate,Check wording/category against AJCC manual; edit only if extraction merged/split rows incorrectly.
AJCC7,Ocular Adnexal Lymphoma,T,T2c,T2d,B00577,603,587,PRIMARY TUMOR (T),formal_definition_table_candidate,Check wording/category against AJCC manual; edit only if extraction merged/split rows incorrectly.
AJCC7,Ocular Adnexal Lymphoma,T,T4d,NX N0 N1 N2 N3 N4,B00577,603,587,PRIMARY TUMOR (T),formal_definition_table_candidate,Check wording/category against AJCC manual; edit only if extraction merged/split rows incorrectly.
AJCC7,Ocular Adnexal Lymphoma,N,N3,N4 M0 M1a M1b M1c,B00578,603,587,REGIONAL LYMPH NODES (N),formal_definition_table_candidate,Check wording/category against AJCC manual; edit only if extraction merged/split rows incorrectly.
AJCC7,Ocular Adnexal Lymphoma,M,M1c,No stage grouping is presently recommended. PATHOLOGIC No stage grouping is presently recommended. O CULAR A DNEXAL L YMPHOMA S TAGING F ORM,B00579,603,587,DISTANT METASTASIS (M),formal_definition_table_candidate,Check wording/category against AJCC manual; edit only if extraction merged/split rows incorrectly.
AJCC7,Brain and Spinal Cord,G,GX,Grade cannot be assessed,B00584,613,597,HISTOLOGIC GRADE (G),formal_definition_table_candidate,Check wording/category against AJCC manual; edit only if extraction merged/split rows incorrectly.
AJCC7,Brain and Spinal Cord,G,G1,Well differentiated,B00584,613,597,HISTOLOGIC GRADE (G),formal_definition_table_candidate,Check wording/category against AJCC manual; edit only if extraction merged/split rows incorrectly.
AJCC7,Brain and Spinal Cord,G,G2,Moderately differentiated,B00584,613,597,HISTOLOGIC GRADE (G),formal_definition_table_candidate,Check wording/category against AJCC manual; edit only if extraction merged/split rows incorrectly.
AJCC7,Brain and Spinal Cord,G,G3,Poorly differentiated,B00584,613,597,HISTOLOGIC GRADE (G),formal_definition_table_candidate,Check wording/category against AJCC manual; edit only if extraction merged/split rows incorrectly.
AJCC7,Brain and Spinal Cord,G,G4,"Undifferentiated BIBLIOGRAPHY Aldape K, Simmons M, Davis RL, et al. Discrepancies in diagno- ses of neuroepithelial neoplasms: the San Francisco Bay Area Gliomas Study. Cancer. 2000;88:2342-9. Anderson FA, et al. The Glioma Outcomes Project: a resource for measuring and improving glioma outcomes. Neurosurg Focus. 1998;4:1-5. Avgeropoulos NG, Batchelor TT. New treatment strategies for malignant gliomas. The Oncologist. 1999;4:209-24. Cairncross G, Berkey B, Shaw E, Jenkins R, Scheithauer B, Brachman D, et al. Phase III trial of chemotherapy plus radiotherapy com- pared with radiotherapy alone for pure and mixed anaplastic oligodendroglioma: Intergroup Radiation Therapy Oncology Group Trial 9402. J Clin Oncol. 2006;24(18):2707-14. Curran WJ, Scott CB, Horton J, et al. Recursive partitioning analysis of prognostic factors in three Radiation Therapy Oncology Group malignant glioma trials. J Natl Cancer Inst. 1993;85:704-10. Guthrie BL, Laws ER Jr. Prognostic factors in patients with brain tumors. In: Morantz RA, Walsh JW, editors. Brain tumors. New York: Marcel Dekker; 1994. p. 799-808. Jelsma R, Bucy PC. Glioblastoma multiforme: its treatment and some factors affecting survival. Arch Neurol. 1969;20:161-71. Kaye AH, Laws ER Jr. Brain Tumors. 2nd ed. London: Churchill Livingstone; 2001. Louis DN, Ohgaki H, Wiestler OD, Cavenee WK, editors. WHO classifi cation of tumours of the central nervous system. Geneva: WHO Press; 2007. Salcman M. Survival in glioblastoma: historical perspective. Neurosurgery. 1980;7:435-9. Scanlon PW, Taylor WF. Radiotherapy of intracranial astrocy- tomas: analysis of 417 cases treated from 1960 through 1969. Neurosurgery. 1979;5:301-8. Stupp R, Mason WP, van den Bent MJ, Weller M, Fisher B, Taphoorn MJ, et al. Radiotherapy plus concomitant and adjuvant temozolomide for glioblastoma. N Engl J Med. 2005;352(10):987-96. van den Bent MJ, Carpentier AF, Brandes AA, Sanson M, Taphoorn MJ, Bernsen HJ, et al. Adjuvant procarbazine, lomustine, and vincristine improves progression-free sur- vival but not overall survival in newly diagnosed anaplastic oligodendrogliomas and oligoastrocytomas: a randomized European Organisation for Research and Treatment of Cancer phase III trial. J Clin Oncol. 2006;24(18): 2715-22. VandenBerg SR. Current diagnostic concepts of astrocytic tumors. J Neuropathol Exp Neurol. 1992;51:644-57. TABLE 56.4. Prognostic biogenetic markers (under investigation) Proliferation index - Ki-67(MIB-1), PCNA, bcl-2 expression, cyclin-D1 expression DNA studies - fl ow cytometry, DNA index, BrdULI, comparative genomic hybridization Activation of cellular oncogenes - ras, N-myc, C-myc, pescadillo Inactivation of tumor suppressor genes - p53, p16(CDKN2A), Rb, PTEN, DMBT1, MDM2, NF2 Allelic loss / loss of heterozygosity (LOH) - chromosomes 10, 22q, 19q, 17p Cytokine dysregulation - CDK4, EGFR, VEGF, PKC Chromosomal aberrations - chromosomes 1, 9, 10, 11, 17, 19, and 22 Other molecular observations - telomerase activity and hTERT expres- sion, DNA methyltransferase, double minutes, AgNOR instability, MGMT methylation In order to view this proof accurately, the Overprint Preview Option must be set to Always in Acrobat Professional or Adobe Reader. Please contact your Customer Service Representative if you have questions about finding this option. Job Name: -- /381449t",B00584,613,597,HISTOLOGIC GRADE (G),formal_definition_table_candidate,Check wording/category against AJCC manual; edit only if extraction merged/split rows incorrectly.
AJCC7,Lymphoid Neoplasms,T,T4,NX N0 N1 N1a N1b N2 N2a N2b N3,B00594,641,625,PRIMARY TUMOR (T) SKIN,formal_definition_table_candidate,Check wording/category against AJCC manual; edit only if extraction merged/split rows incorrectly.
AJCC7,Lymphoid Neoplasms,N,N3,M0 M1,B00595,641,625,REGIONAL LYMPH NODES (N),formal_definition_table_candidate,Check wording/category against AJCC manual; edit only if extraction merged/split rows incorrectly.
AJCC7,Lymphoid Neoplasms,M,M1,"B0 B0a B0b B1 B1a B1b B2 PERIPHERAL BLOOD INVOLVEMENT (B) Absence of significant blood involvement: £5% of peripheral blood lymphocytes are atypical (Sézary) cells|| Clone negative# Clone positive# Low blood tumor burden: > 5% of peripheral blood lymphocytes are atypical (Sézary) cells but does not meet the criteria of B 2 Clone negative# Clone positive# High blood tumor burden: ³1000/µL Sézary cells^^^ with positive clone# B0 B0a B0b B1 B1a B1b B2 NOTES * For skin, patch indicates any size skin lesion without significant elevation or induration. Presence/absence of hypo-or hyperpigmentation, scale, crusting, and/or poikiloderma should be noted. **For skin, plaque indicates any size skin lesion that is elevated or indurated. Presence or absence of scale, crusting, and/or poikiloderma should be noted. Histologic features such as folliculotropism or large-cell transformation (> 25% large cells), CD30+ or CD30-, and clinical features such as ulceration are important to document. ***For skin, tumor indicates at least one 1-cm diameter solid or nodular lesion P RIMARY C UTANEOUS L YMPHOMA S TAGING F ORM",B00596,641,625,DISTANT METASTASIS (M) VISCERAL,formal_definition_table_candidate,Check wording/category against AJCC manual; edit only if extraction merged/split rows incorrectly.
AJCC8,Oral Cavity,T,TX,Primary tumor cannot be assessed,B00620,29,90,Definition of Primary Tumor (T),formal_definition_table_candidate,Check wording/category against AJCC manual; edit only if extraction merged/split rows incorrectly.
AJCC8,Oral Cavity,T,Tis,Carcinoma in situ,B00620,29,90,Definition of Primary Tumor (T),formal_definition_table_candidate,Check wording/category against AJCC manual; edit only if extraction merged/split rows incorrectly.
AJCC8,Oral Cavity,T,T1,"Tumor <= 2 cm, <= 5 mm depth of invasion (DOI) DOI is depth of invasion and not tumor thickness.",B00620,29,90,Definition of Primary Tumor (T),formal_definition_table_candidate,Check wording/category against AJCC manual; edit only if extraction merged/split rows incorrectly.
AJCC8,Oral Cavity,N,NX,Regional lymph nodes cannot be assessed,B00621,30,91,Definition of Regional Lymph Node (N),formal_definition_table_candidate,Check wording/category against AJCC manual; edit only if extraction merged/split rows incorrectly.
AJCC8,Oral Cavity,N,N0,No regional lymph node metastasis,B00621,30,91,Definition of Regional Lymph Node (N),formal_definition_table_candidate,Check wording/category against AJCC manual; edit only if extraction merged/split rows incorrectly.
AJCC8,Oral Cavity,N,N1,"Metastasis in a single ipsilateral lymph node, 3 cm or smaller in greatest dimension ENE(−)",B00621,30,91,Definition of Regional Lymph Node (N),formal_definition_table_candidate,Check wording/category against AJCC manual; edit only if extraction merged/split rows incorrectly.
AJCC8,Oral Cavity,N,N2,"Metastasis in a single ipsilateral node larger than 3 cm but not larger than 6 cm in greatest dimension and ENE(−); or metastases in multiple ipsilateral lymph nodes, none larger than 6 cm in greatest dimension and ENE(−); or in bilateral or contralateral lymph nodes, none larger than 6 cm in greatest dimension, and ENE(−)",B00621,30,91,Definition of Regional Lymph Node (N),formal_definition_table_candidate,Check wording/category against AJCC manual; edit only if extraction merged/split rows incorrectly.
AJCC8,Oral Cavity,N,N2a,"Metastasis in a single ipsilateral node larger than 3 cm but not larger than 6 cm in greatest dimension, and ENE(−)",B00621,30,91,Definition of Regional Lymph Node (N),formal_definition_table_candidate,Check wording/category against AJCC manual; edit only if extraction merged/split rows incorrectly.
AJCC8,Oral Cavity,N,N2b,"Metastasis in multiple ipsilateral nodes, none larger than 6 cm in greatest dimension, and ENE(−)",B00621,30,91,Definition of Regional Lymph Node (N),formal_definition_table_candidate,Check wording/category against AJCC manual; edit only if extraction merged/split rows incorrectly.
AJCC8,Oral Cavity,N,N2c,"Metastasis in bilateral or contralateral lymph nodes, none larger than 6 cm in greatest dimension, and ENE(−)",B00621,30,91,Definition of Regional Lymph Node (N),formal_definition_table_candidate,Check wording/category against AJCC manual; edit only if extraction merged/split rows incorrectly.
AJCC8,Oral Cavity,N,N3,Metastasis in a lymph node larger than 6 cm in greatest dimension and ENE(−); or metastasis in any node(s) and clinically overt ENE(+),B00621,30,91,Definition of Regional Lymph Node (N),formal_definition_table_candidate,Check wording/category against AJCC manual; edit only if extraction merged/split rows incorrectly.
AJCC8,Oral Cavity,N,N3a,Metastasis in a lymph node larger than 6 cm in greatest dimension and ENE(−),B00621,30,91,Definition of Regional Lymph Node (N),formal_definition_table_candidate,Check wording/category against AJCC manual; edit only if extraction merged/split rows incorrectly.
AJCC8,Oral Cavity,N,N3b,"Metastasis in any node(s) and clinically overt ENE(+) Note: A designation of “U” or “L” may be used for any N category to indicate metastasis above the lower border of the cricoid (U) or below the lower border of the cricoid (L) Similarly, clinical and pathological ENE should be recorded as ENE(−) or ENE(+)",B00621,30,91,Definition of Regional Lymph Node (N),formal_definition_table_candidate,Check wording/category against AJCC manual; edit only if extraction merged/split rows incorrectly.
AJCC8,Oral Cavity,M,M0,No distant metastasis,B00624,31,92,Definition of Distant Metastasis (M),formal_definition_table_candidate,Check wording/category against AJCC manual; edit only if extraction merged/split rows incorrectly.
AJCC8,Oral Cavity,M,M1,Distant metastasis,B00624,31,92,Definition of Distant Metastasis (M),formal_definition_table_candidate,Check wording/category against AJCC manual; edit only if extraction merged/split rows incorrectly.
AJCC8,Oral Cavity,G,GX,Cannot be assessed,B00626,31,92,HISTOLOGIC GRADE (G),formal_definition_table_candidate,Check wording/category against AJCC manual; edit only if extraction merged/split rows incorrectly.
AJCC8,Oral Cavity,G,G1,Well differentiated,B00626,31,92,HISTOLOGIC GRADE (G),formal_definition_table_candidate,Check wording/category against AJCC manual; edit only if extraction merged/split rows incorrectly.
AJCC8,Oral Cavity,G,G2,Moderately differentiated,B00626,31,92,HISTOLOGIC GRADE (G),formal_definition_table_candidate,Check wording/category against AJCC manual; edit only if extraction merged/split rows incorrectly.
AJCC8,Oral Cavity,G,G3,Poorly differentiated,B00626,31,92,HISTOLOGIC GRADE (G),formal_definition_table_candidate,Check wording/category against AJCC manual; edit only if extraction merged/split rows incorrectly.
AJCC8,Major Salivary Glands,N,NX,Regional lymph nodes cannot be assessed,B00627,35,100,Definition of Regional Lymph Node (N),formal_definition_table_candidate,Check wording/category against AJCC manual; edit only if extraction merged/split rows incorrectly.
AJCC8,Major Salivary Glands,N,N0,No regional lymph node metastasis,B00627,35,100,Definition of Regional Lymph Node (N),formal_definition_table_candidate,Check wording/category against AJCC manual; edit only if extraction merged/split rows incorrectly.
AJCC8,Major Salivary Glands,N,N1,"Metastasis in a single ipsilateral lymph node, 3 cm or smaller in greatest dimension and ENE(−)",B00627,35,100,Definition of Regional Lymph Node (N),formal_definition_table_candidate,Check wording/category against AJCC manual; edit only if extraction merged/split rows incorrectly.
AJCC8,Major Salivary Glands,N,N2,"Metastasis in a single ipsilateral node larger than 3 cm but not larger than 6 cm in greatest dimension and ENE(−); or metastases in multiple ipsilateral lymph nodes, none larger than 6 cm in greatest dimension and ENE(−); or in bilateral or contralateral lymph nodes, none larger than 6 cm in greatest dimension and ENE(−)",B00627,35,100,Definition of Regional Lymph Node (N),formal_definition_table_candidate,Check wording/category against AJCC manual; edit only if extraction merged/split rows incorrectly.
AJCC8,Major Salivary Glands,N,N2a,Metastasis in a single ipsilateral node larger than 3 cm but not larger than 6 cm in greatest dimension and ENE(−),B00627,35,100,Definition of Regional Lymph Node (N),formal_definition_table_candidate,Check wording/category against AJCC manual; edit only if extraction merged/split rows incorrectly.
AJCC8,Major Salivary Glands,N,N2b,"Metastasis in multiple ipsilateral nodes, none larger than 6 cm in greatest dimension and ENE(−)",B00627,35,100,Definition of Regional Lymph Node (N),formal_definition_table_candidate,Check wording/category against AJCC manual; edit only if extraction merged/split rows incorrectly.
AJCC8,Major Salivary Glands,N,N2c,"Metastasis in bilateral or contralateral lymph nodes, none larger than 6 cm in greatest dimension and ENE(−)",B00627,35,100,Definition of Regional Lymph Node (N),formal_definition_table_candidate,Check wording/category against AJCC manual; edit only if extraction merged/split rows incorrectly.
AJCC8,Major Salivary Glands,N,N3,Metastasis in a lymph node larger than 6 cm in greatest dimension and ENE(−); or metastasis in any node(s) with clinically overt ENE(+),B00627,35,100,Definition of Regional Lymph Node (N),formal_definition_table_candidate,Check wording/category against AJCC manual; edit only if extraction merged/split rows incorrectly.
AJCC8,Major Salivary Glands,N,N3a,Metastasis in a lymph node larger than 6 cm in greatest dimension and ENE(−),B00627,35,100,Definition of Regional Lymph Node (N),formal_definition_table_candidate,Check wording/category against AJCC manual; edit only if extraction merged/split rows incorrectly.
AJCC8,Major Salivary Glands,N,N3b,"Metastasis in any node(s) with clinically overt ENE(+) Note: A designation of “U” or “L” may be used for any N category to indicate metastasis above the lower border of the cricoid (U) or below the lower border of the cricoid (L) Similarly, clinical and pathological ENE should be recorded as ENE(−) or ENE(+)",B00627,35,100,Definition of Regional Lymph Node (N),formal_definition_table_candidate,Check wording/category against AJCC manual; edit only if extraction merged/split rows incorrectly.
AJCC8,Major Salivary Glands,M,M0,No distant metastasis,B00630,35,100,Definition of Distant Metastasis (M),formal_definition_table_candidate,Check wording/category against AJCC manual; edit only if extraction merged/split rows incorrectly.
AJCC8,Major Salivary Glands,M,M1,Distant metastasis,B00630,35,100,Definition of Distant Metastasis (M),formal_definition_table_candidate,Check wording/category against AJCC manual; edit only if extraction merged/split rows incorrectly.
AJCC8,Nasopharynx,T,TX,Primary tumor cannot be assessed,B00633,37,107,Definition of Primary Tumor (T),formal_definition_table_candidate,Check wording/category against AJCC manual; edit only if extraction merged/split rows incorrectly.
AJCC8,Nasopharynx,T,T0,"No tumor identified, but EBV-positive cervical node(s) involvement",B00633,37,107,Definition of Primary Tumor (T),formal_definition_table_candidate,Check wording/category against AJCC manual; edit only if extraction merged/split rows incorrectly.
AJCC8,Nasopharynx,T,Tis,Tumor in situ,B00633,37,107,Definition of Primary Tumor (T),formal_definition_table_candidate,Check wording/category against AJCC manual; edit only if extraction merged/split rows incorrectly.
AJCC8,Nasopharynx,T,T1,"Tumor confined to nasopharynx, or extension to oropharynx and/or nasal cavity without parapharyngeal involvement",B00633,37,107,Definition of Primary Tumor (T),formal_definition_table_candidate,Check wording/category against AJCC manual; edit only if extraction merged/split rows incorrectly.
AJCC8,Nasopharynx,T,T2,"Tumor with extension to parapharyngeal space, and/or adjacent soft tissue involvement (medial pterygoid, lateral pterygoid, prevertebral muscles)",B00633,37,107,Definition of Primary Tumor (T),formal_definition_table_candidate,Check wording/category against AJCC manual; edit only if extraction merged/split rows incorrectly.
AJCC8,Nasopharynx,T,T3,"Tumor with infiltration of bony structures at skull base, cervical vertebra, pterygoid structures, and/or paranasal sinuses",B00633,37,107,Definition of Primary Tumor (T),formal_definition_table_candidate,Check wording/category against AJCC manual; edit only if extraction merged/split rows incorrectly.
AJCC8,Nasopharynx,T,T4,"Tumor with intracranial extension, involvement of cranial nerves, hypopharynx, orbit, parotid gland, and/ or extensive soft tissue infiltration beyond the lateral surface of the lateral pterygoid muscle",B00633,37,107,Definition of Primary Tumor (T),formal_definition_table_candidate,Check wording/category against AJCC manual; edit only if extraction merged/split rows incorrectly.
AJCC8,Nasopharynx,N,NX,Regional lymph nodes cannot be assessed,B00634,37,107,Definition of Regional Lymph Node (N),formal_definition_table_candidate,Check wording/category against AJCC manual; edit only if extraction merged/split rows incorrectly.
AJCC8,Nasopharynx,N,N0,No regional lymph node metastasis,B00634,37,107,Definition of Regional Lymph Node (N),formal_definition_table_candidate,Check wording/category against AJCC manual; edit only if extraction merged/split rows incorrectly.
AJCC8,Nasopharynx,N,N1,"Unilateral metastasis in cervical lymph node(s) and/ or unilateral or bilateral metastasis in retropharyngeal lymph node(s), 6 cm or smaller in greatest dimension, above the caudal border of cricoid cartilage",B00634,37,107,Definition of Regional Lymph Node (N),formal_definition_table_candidate,Check wording/category against AJCC manual; edit only if extraction merged/split rows incorrectly.
AJCC8,Nasopharynx,N,N2,"Bilateral metastasis in cervical lymph node(s), 6 cm or smaller in greatest dimension, above the caudal border of cricoid cartilage",B00634,37,107,Definition of Regional Lymph Node (N),formal_definition_table_candidate,Check wording/category against AJCC manual; edit only if extraction merged/split rows incorrectly.
AJCC8,Nasopharynx,N,N3,"Unilateral or bilateral metastasis in cervical lymph node(s), larger than 6 cm in greatest dimension, and/ or extension below the caudal border of cricoid cartilage",B00634,37,107,Definition of Regional Lymph Node (N),formal_definition_table_candidate,Check wording/category against AJCC manual; edit only if extraction merged/split rows incorrectly.
AJCC8,Nasopharynx,M,M0,No distant metastasis,B00635,37,107,Definition of Distant Metastasis (M),formal_definition_table_candidate,Check wording/category against AJCC manual; edit only if extraction merged/split rows incorrectly.
AJCC8,Nasopharynx,M,M1,Distant metastasis 9 Nasopharynx AJCC 8th Edition Updates and Corrections 39,B00635,37,107,Definition of Distant Metastasis (M),formal_definition_table_candidate,Check wording/category against AJCC manual; edit only if extraction merged/split rows incorrectly.
AJCC8,HPV-Mediated (p16+) Oropharyngeal Cancer,T,T0,No primary identified,B00637,39,120,Definition of Primary Tumor (T),formal_definition_table_candidate,Check wording/category against AJCC manual; edit only if extraction merged/split rows incorrectly.
AJCC8,HPV-Mediated (p16+) Oropharyngeal Cancer,T,T1,Tumor 2 cm or smaller in greatest dimension,B00637,39,120,Definition of Primary Tumor (T),formal_definition_table_candidate,Check wording/category against AJCC manual; edit only if extraction merged/split rows incorrectly.
AJCC8,HPV-Mediated (p16+) Oropharyngeal Cancer,T,T2,Tumor larger than 2 cm but not larger than 4 cm in greatest dimension,B00637,39,120,Definition of Primary Tumor (T),formal_definition_table_candidate,Check wording/category against AJCC manual; edit only if extraction merged/split rows incorrectly.
AJCC8,HPV-Mediated (p16+) Oropharyngeal Cancer,T,T3,Tumor larger than 4 cm in greatest dimension or extension to lingual surface of epiglottis,B00637,39,120,Definition of Primary Tumor (T),formal_definition_table_candidate,Check wording/category against AJCC manual; edit only if extraction merged/split rows incorrectly.
AJCC8,HPV-Mediated (p16+) Oropharyngeal Cancer,T,T4,"Moderately advanced local disease Tumor invades the larynx, extrinsic muscle of tongue, medial pterygoid, hard palate, or mandible or beyond* *Mucosal extension to lingual surface of epiglottis from primary tumors of the base of the tongue and vallecula does not constitute inva- sion of the larynx.",B00637,39,120,Definition of Primary Tumor (T),formal_definition_table_candidate,Check wording/category against AJCC manual; edit only if extraction merged/split rows incorrectly.
AJCC8,HPV-Mediated (p16+) Oropharyngeal Cancer,N,NX,Regional lymph nodes cannot be assessed,B00638,39,120,Definition of Regional Lymph Node (N),formal_definition_table_candidate,Check wording/category against AJCC manual; edit only if extraction merged/split rows incorrectly.
AJCC8,HPV-Mediated (p16+) Oropharyngeal Cancer,N,N0,No regional lymph node metastasis,B00638,39,120,Definition of Regional Lymph Node (N),formal_definition_table_candidate,Check wording/category against AJCC manual; edit only if extraction merged/split rows incorrectly.
AJCC8,HPV-Mediated (p16+) Oropharyngeal Cancer,N,N1,"One or more ipsilateral lymph nodes, none larger than 6 cm",B00638,39,120,Definition of Regional Lymph Node (N),formal_definition_table_candidate,Check wording/category against AJCC manual; edit only if extraction merged/split rows incorrectly.
AJCC8,HPV-Mediated (p16+) Oropharyngeal Cancer,N,N2,"Contralateral or bilateral lymph nodes, none larger than 6 cm",B00638,39,120,Definition of Regional Lymph Node (N),formal_definition_table_candidate,Check wording/category against AJCC manual; edit only if extraction merged/split rows incorrectly.
AJCC8,HPV-Mediated (p16+) Oropharyngeal Cancer,N,N3,Lymph node(s) larger than 6 cm,B00638,39,120,Definition of Regional Lymph Node (N),formal_definition_table_candidate,Check wording/category against AJCC manual; edit only if extraction merged/split rows incorrectly.
AJCC8,HPV-Mediated (p16+) Oropharyngeal Cancer,M,M0,No distant metastasis,B00641,39,120,Definition of Distant Metastasis (M),formal_definition_table_candidate,Check wording/category against AJCC manual; edit only if extraction merged/split rows incorrectly.
AJCC8,HPV-Mediated (p16+) Oropharyngeal Cancer,M,M1,Distant metastasis,B00641,39,120,Definition of Distant Metastasis (M),formal_definition_table_candidate,Check wording/category against AJCC manual; edit only if extraction merged/split rows incorrectly.
AJCC8,Oropharynx (p16-) and Hypopharynx,N,NX,Regional lymph nodes cannot be assessed,B00653,43,129,Definition of Regional Lymph Node (N),formal_definition_table_candidate,Check wording/category against AJCC manual; edit only if extraction merged/split rows incorrectly.
AJCC8,Oropharynx (p16-) and Hypopharynx,N,N0,No regional lymph node metastasis,B00653,43,129,Definition of Regional Lymph Node (N),formal_definition_table_candidate,Check wording/category against AJCC manual; edit only if extraction merged/split rows incorrectly.
AJCC8,Oropharynx (p16-) and Hypopharynx,N,N1,"Metastasis in a single ipsilateral lymph node, 3 cm or smaller in greatest dimension and ENE(−)",B00653,43,129,Definition of Regional Lymph Node (N),formal_definition_table_candidate,Check wording/category against AJCC manual; edit only if extraction merged/split rows incorrectly.
AJCC8,Oropharynx (p16-) and Hypopharynx,N,N2,"Metastasis in a single ipsilateral node larger than 3 cm but not larger than 6 cm in greatest dimension and ENE(−); or metastases in multiple ipsilateral lymph nodes, none larger than 6 cm in greatest dimension and ENE(−); or in bilateral or contralateral lymph nodes, none larger than 6 cm in greatest dimension and ENE(−)",B00653,43,129,Definition of Regional Lymph Node (N),formal_definition_table_candidate,Check wording/category against AJCC manual; edit only if extraction merged/split rows incorrectly.
AJCC8,Oropharynx (p16-) and Hypopharynx,N,N2a,Metastasis in a single ipsilateral node larger than 3 cm but not larger than 6 cm in greatest dimension and ENE(−),B00653,43,129,Definition of Regional Lymph Node (N),formal_definition_table_candidate,Check wording/category against AJCC manual; edit only if extraction merged/split rows incorrectly.
AJCC8,Oropharynx (p16-) and Hypopharynx,N,N2b,"Metastasis in multiple ipsilateral nodes, none larger than 6 cm in greatest dimension and ENE(−) N Category N Criteria",B00653,43,129,Definition of Regional Lymph Node (N),formal_definition_table_candidate,Check wording/category against AJCC manual; edit only if extraction merged/split rows incorrectly.
AJCC8,Oropharynx (p16-) and Hypopharynx,N,N2c,"Metastasis in bilateral or contralateral lymph nodes, none larger than 6 cm in greatest dimension and ENE(−)",B00653,43,129,Definition of Regional Lymph Node (N),formal_definition_table_candidate,Check wording/category against AJCC manual; edit only if extraction merged/split rows incorrectly.
AJCC8,Oropharynx (p16-) and Hypopharynx,N,N3,Metastasis in a lymph node larger than 6 cm in greatest dimension and ENE(−); or metastasis in any node(s) and clinically overt ENE(+),B00653,43,129,Definition of Regional Lymph Node (N),formal_definition_table_candidate,Check wording/category against AJCC manual; edit only if extraction merged/split rows incorrectly.
AJCC8,Oropharynx (p16-) and Hypopharynx,N,N3a,Metastasis in a lymph node larger than 6 cm in greatest dimension and ENE(−),B00653,43,129,Definition of Regional Lymph Node (N),formal_definition_table_candidate,Check wording/category against AJCC manual; edit only if extraction merged/split rows incorrectly.
AJCC8,Oropharynx (p16-) and Hypopharynx,N,N3b,"Metastasis in any node(s) and clinically overt ENE(+) Note: A designation of “U” or “L” may be used for any N category to indicate metastasis above the lower border of the cricoid (U) or below the lower border of the cricoid (L). Similarly, clinical and pathological ENE should be recorded as ENE(−) or ENE(+)",B00653,43,129,Definition of Regional Lymph Node (N),formal_definition_table_candidate,Check wording/category against AJCC manual; edit only if extraction merged/split rows incorrectly.
AJCC8,Nasal Cavity and Paranasal Sinuses,M,M0,No distant metastasis (no pathologic M0; use,B00657,47,12,Definition of Distant Metastasis (M),formal_definition_table_candidate,Check wording/category against AJCC manual; edit only if extraction merged/split rows incorrectly.
AJCC8,Nasal Cavity and Paranasal Sinuses,G,GX,Grade cannot be assessed,B00660,47,12,HISTOLOGIC GRADE (G),formal_definition_table_candidate,Check wording/category against AJCC manual; edit only if extraction merged/split rows incorrectly.
AJCC8,Nasal Cavity and Paranasal Sinuses,G,G1,Well differentiated,B00660,47,12,HISTOLOGIC GRADE (G),formal_definition_table_candidate,Check wording/category against AJCC manual; edit only if extraction merged/split rows incorrectly.
AJCC8,Nasal Cavity and Paranasal Sinuses,G,G2,Moderately differentiated,B00660,47,12,HISTOLOGIC GRADE (G),formal_definition_table_candidate,Check wording/category against AJCC manual; edit only if extraction merged/split rows incorrectly.
AJCC8,Nasal Cavity and Paranasal Sinuses,G,G3,Poorly differentiated 12 Nasal Cavity and Paranasal Sinuses,B00660,47,12,HISTOLOGIC GRADE (G),formal_definition_table_candidate,Check wording/category against AJCC manual; edit only if extraction merged/split rows incorrectly.
AJCC8,Larynx,M,M0,No distant metastasis,B00665,49,156,Definition of Distant Metastasis (M),formal_definition_table_candidate,Check wording/category against AJCC manual; edit only if extraction merged/split rows incorrectly.
AJCC8,Larynx,M,M1,Distant metastasis,B00665,49,156,Definition of Distant Metastasis (M),formal_definition_table_candidate,Check wording/category against AJCC manual; edit only if extraction merged/split rows incorrectly.
AJCC8,Larynx,G,GX,Grade cannot be assessed,B00667,49,156,HISTOLOGIC GRADE (G),formal_definition_table_candidate,Check wording/category against AJCC manual; edit only if extraction merged/split rows incorrectly.
AJCC8,Larynx,G,G1,Well differentiated,B00667,49,156,HISTOLOGIC GRADE (G),formal_definition_table_candidate,Check wording/category against AJCC manual; edit only if extraction merged/split rows incorrectly.
AJCC8,Larynx,G,G2,Moderately differentiated,B00667,49,156,HISTOLOGIC GRADE (G),formal_definition_table_candidate,Check wording/category against AJCC manual; edit only if extraction merged/split rows incorrectly.
AJCC8,Larynx,G,G3,Poorly differentiated,B00667,49,156,HISTOLOGIC GRADE (G),formal_definition_table_candidate,Check wording/category against AJCC manual; edit only if extraction merged/split rows incorrectly.
AJCC8,Cutaneous Carcinoma of the Head and Neck,T,TX,Primary tumor cannot be assessed,B00671,56,178,Definition of Primary Tumor (T),formal_definition_table_candidate,Check wording/category against AJCC manual; edit only if extraction merged/split rows incorrectly.
AJCC8,Cutaneous Carcinoma of the Head and Neck,T,Tis,Carcinoma in situ,B00671,56,178,Definition of Primary Tumor (T),formal_definition_table_candidate,Check wording/category against AJCC manual; edit only if extraction merged/split rows incorrectly.
AJCC8,Cutaneous Carcinoma of the Head and Neck,T,T1,Tumor smaller than or equal to 2 cm in greatest dimension,B00671,56,178,Definition of Primary Tumor (T),formal_definition_table_candidate,Check wording/category against AJCC manual; edit only if extraction merged/split rows incorrectly.
AJCC8,Cutaneous Carcinoma of the Head and Neck,T,T2,"Tumor larger than 2 cm, but smaller than or equal to 4 cm in greatest dimension",B00671,56,178,Definition of Primary Tumor (T),formal_definition_table_candidate,Check wording/category against AJCC manual; edit only if extraction merged/split rows incorrectly.
AJCC8,Cutaneous Carcinoma of the Head and Neck,T,T3,Tumor larger than 4 cm in maximum dimension or minor bone erosion or perineural invasion or deep invasion*,B00671,56,178,Definition of Primary Tumor (T),formal_definition_table_candidate,Check wording/category against AJCC manual; edit only if extraction merged/split rows incorrectly.
AJCC8,Cutaneous Carcinoma of the Head and Neck,T,T4,"Tumor with gross cortical bone/marrow, skull base invasion and/or skull base foramen invasion",B00671,56,178,Definition of Primary Tumor (T),formal_definition_table_candidate,Check wording/category against AJCC manual; edit only if extraction merged/split rows incorrectly.
AJCC8,Cutaneous Carcinoma of the Head and Neck,T,T4a,Tumor with gross cortical bone/marrow invasion,B00671,56,178,Definition of Primary Tumor (T),formal_definition_table_candidate,Check wording/category against AJCC manual; edit only if extraction merged/split rows incorrectly.
AJCC8,Cutaneous Carcinoma of the Head and Neck,T,T4b,"Tumor with skull base invasion and/or skull base foramen involvement *Deep invasion is defined as invasion beyond the subcutaneous fat or > 6 mm (as measured from the granular layer of adjacent normal epi- dermis to the base of the tumor); perineural invasion for T3 classification is defined as tumor cells within the nerve sheath of a nerve lying deeper than the dermis or measuring 0.1 mm or larger in caliber, or presenting with clinical or radiographic involvement of named nerves without skull base invasion or transgression.",B00671,56,178,Definition of Primary Tumor (T),formal_definition_table_candidate,Check wording/category against AJCC manual; edit only if extraction merged/split rows incorrectly.
AJCC8,Cutaneous Carcinoma of the Head and Neck,N,NX,Regional lymph nodes cannot be assessed,B00672,56,178,Definition of Regional Lymph Node (N),formal_definition_table_candidate,Check wording/category against AJCC manual; edit only if extraction merged/split rows incorrectly.
AJCC8,Cutaneous Carcinoma of the Head and Neck,N,N0,No regional lymph node metastasis,B00672,56,178,Definition of Regional Lymph Node (N),formal_definition_table_candidate,Check wording/category against AJCC manual; edit only if extraction merged/split rows incorrectly.
AJCC8,Cutaneous Carcinoma of the Head and Neck,N,N1,"Metastasis in a single ipsilateral lymph node, 3 cm or smaller in greatest dimension and ENE(−)",B00672,56,178,Definition of Regional Lymph Node (N),formal_definition_table_candidate,Check wording/category against AJCC manual; edit only if extraction merged/split rows incorrectly.
AJCC8,Cutaneous Carcinoma of the Head and Neck,N,N2,"Metastasis in a single ipsilateral node larger than 3 cm but not larger than 6 cm in greatest dimension and ENE(−); or metastases in multiple ipsilateral lymph nodes, none larger than 6 cm in greatest dimension and ENE(−); or in bilateral or contralateral lymph nodes, none larger than 6 cm in greatest dimension and ENE(−)",B00672,56,178,Definition of Regional Lymph Node (N),formal_definition_table_candidate,Check wording/category against AJCC manual; edit only if extraction merged/split rows incorrectly.
AJCC8,Cutaneous Carcinoma of the Head and Neck,N,N2a,Metastasis in a single ipsilateral node larger than 3 cm but not larger than 6 cm in greatest dimension and ENE(−),B00672,56,178,Definition of Regional Lymph Node (N),formal_definition_table_candidate,Check wording/category against AJCC manual; edit only if extraction merged/split rows incorrectly.
AJCC8,Cutaneous Carcinoma of the Head and Neck,N,N2b,"Metastasis in multiple ipsilateral nodes, none larger than 6 cm in greatest dimension and ENE(−)",B00672,56,178,Definition of Regional Lymph Node (N),formal_definition_table_candidate,Check wording/category against AJCC manual; edit only if extraction merged/split rows incorrectly.
AJCC8,Cutaneous Carcinoma of the Head and Neck,N,N2c,"Metastasis in bilateral or contralateral lymph nodes, none larger than 6 cm in greatest dimension and ENE(−)",B00672,56,178,Definition of Regional Lymph Node (N),formal_definition_table_candidate,Check wording/category against AJCC manual; edit only if extraction merged/split rows incorrectly.
AJCC8,Cutaneous Carcinoma of the Head and Neck,N,N3,Metastasis in a lymph node larger than 6 cm in greatest dimension and ENE(−); or metastasis in any node(s) and clinically overt ENE [ENE(+)],B00672,56,178,Definition of Regional Lymph Node (N),formal_definition_table_candidate,Check wording/category against AJCC manual; edit only if extraction merged/split rows incorrectly.
AJCC8,Cutaneous Carcinoma of the Head and Neck,N,N3a,Metastasis in a lymph node larger than 6 cm in greatest dimension and ENE(−),B00672,56,178,Definition of Regional Lymph Node (N),formal_definition_table_candidate,Check wording/category against AJCC manual; edit only if extraction merged/split rows incorrectly.
AJCC8,Cutaneous Carcinoma of the Head and Neck,N,N3b,"Metastasis in any node(s) and ENE(+) Note: A designation of “U” or “L” may be used for any N category to indicate metastasis above the lower border of the cricoid (U) or below the lower border of the cricoid (L). Similarly, clinical and pathological ENE should be recorded as ENE(−) or ENE(+).",B00672,56,178,Definition of Regional Lymph Node (N),formal_definition_table_candidate,Check wording/category against AJCC manual; edit only if extraction merged/split rows incorrectly.
AJCC8,Cutaneous Carcinoma of the Head and Neck,M,M0,No distant metastasis,B00675,57,179,Definition of Distant Metastasis (M),formal_definition_table_candidate,Check wording/category against AJCC manual; edit only if extraction merged/split rows incorrectly.
AJCC8,Cutaneous Carcinoma of the Head and Neck,M,M1,Distant metastasis,B00675,57,179,Definition of Distant Metastasis (M),formal_definition_table_candidate,Check wording/category against AJCC manual; edit only if extraction merged/split rows incorrectly.
AJCC8,Cutaneous Carcinoma of the Head and Neck,G,GX,Grade cannot be assessed,B00677,57,179,HISTOLOGIC GRADE (G),formal_definition_table_candidate,Check wording/category against AJCC manual; edit only if extraction merged/split rows incorrectly.
AJCC8,Cutaneous Carcinoma of the Head and Neck,G,G1,Well differentiated,B00677,57,179,HISTOLOGIC GRADE (G),formal_definition_table_candidate,Check wording/category against AJCC manual; edit only if extraction merged/split rows incorrectly.
AJCC8,Cutaneous Carcinoma of the Head and Neck,G,G2,Moderately differentiated,B00677,57,179,HISTOLOGIC GRADE (G),formal_definition_table_candidate,Check wording/category against AJCC manual; edit only if extraction merged/split rows incorrectly.
AJCC8,Cutaneous Carcinoma of the Head and Neck,G,G3,Poorly differentiated,B00677,57,179,HISTOLOGIC GRADE (G),formal_definition_table_candidate,Check wording/category against AJCC manual; edit only if extraction merged/split rows incorrectly.
AJCC8,Cutaneous Carcinoma of the Head and Neck,G,G4,Undifferentiated,B00677,57,179,HISTOLOGIC GRADE (G),formal_definition_table_candidate,Check wording/category against AJCC manual; edit only if extraction merged/split rows incorrectly.
AJCC8,Appendix - Carcinoma,T,TX,Primary tumor cannot be assessed,B00686,65,243,Definition of Primary Tumor (T),formal_definition_table_candidate,Check wording/category against AJCC manual; edit only if extraction merged/split rows incorrectly.
AJCC8,Appendix - Carcinoma,T,T0,No evidence of primary tumor,B00686,65,243,Definition of Primary Tumor (T),formal_definition_table_candidate,Check wording/category against AJCC manual; edit only if extraction merged/split rows incorrectly.
AJCC8,Appendix - Carcinoma,T,Tis,Carcinoma in situ (intramucosal carcinoma; invasion of the lamina propria or extension into but not through the muscularis mucosae),B00686,65,243,Definition of Primary Tumor (T),formal_definition_table_candidate,Check wording/category against AJCC manual; edit only if extraction merged/split rows incorrectly.
AJCC8,Appendix - Carcinoma,T,Tis(LAMN),"Low-grade appendiceal mucinous neoplasm confined by the muscularis propria. Acellular mucin or mucinous epithelium may invade into the muscularis propria. T1 and T2 are not applicable to LAMN. Acellular mucin or mucinous epithelium that extends into the subserosa or serosa should be classified as T3 or T4a, respectively.",B00686,65,243,Definition of Primary Tumor (T),formal_definition_table_candidate,Check wording/category against AJCC manual; edit only if extraction merged/split rows incorrectly.
AJCC8,Appendix - Carcinoma,T,T1,Tumor invades the submucosa (through the muscularis mucosa but not into the muscularis propria),B00686,65,243,Definition of Primary Tumor (T),formal_definition_table_candidate,Check wording/category against AJCC manual; edit only if extraction merged/split rows incorrectly.
AJCC8,Appendix - Carcinoma,T,T2,Tumor invades the muscularis propria,B00686,65,243,Definition of Primary Tumor (T),formal_definition_table_candidate,Check wording/category against AJCC manual; edit only if extraction merged/split rows incorrectly.
AJCC8,Appendix - Carcinoma,T,T3,Tumor invades through the muscularis propria into the subserosa or the mesoappendix,B00686,65,243,Definition of Primary Tumor (T),formal_definition_table_candidate,Check wording/category against AJCC manual; edit only if extraction merged/split rows incorrectly.
AJCC8,Appendix - Carcinoma,T,T4,"Tumor invades the visceral peritoneum, including the acellular mucin or mucinous epithelium involving the serosa of the appendix or mesoappendix, and/or directly invades adjacent organs or structures",B00686,65,243,Definition of Primary Tumor (T),formal_definition_table_candidate,Check wording/category against AJCC manual; edit only if extraction merged/split rows incorrectly.
AJCC8,Appendix - Carcinoma,T,T4a,"Tumor invades through the visceral peritoneum, including the acellular mucin or mucinous epithelium involving the serosa of the appendix or serosa of the mesoappendix",B00686,65,243,Definition of Primary Tumor (T),formal_definition_table_candidate,Check wording/category against AJCC manual; edit only if extraction merged/split rows incorrectly.
AJCC8,Appendix - Carcinoma,T,T4b,Tumor directly invades or adheres to adjacent organs or structures,B00686,65,243,Definition of Primary Tumor (T),formal_definition_table_candidate,Check wording/category against AJCC manual; edit only if extraction merged/split rows incorrectly.
AJCC8,Appendix - Carcinoma,N,NX,Regional lymph nodes cannot be assessed,B00687,65,243,Definition of Regional Lymph Node (N),formal_definition_table_candidate,Check wording/category against AJCC manual; edit only if extraction merged/split rows incorrectly.
AJCC8,Appendix - Carcinoma,N,N0,No regional lymph node metastasis,B00687,65,243,Definition of Regional Lymph Node (N),formal_definition_table_candidate,Check wording/category against AJCC manual; edit only if extraction merged/split rows incorrectly.
AJCC8,Appendix - Carcinoma,N,N1,"One to three regional lymph nodes are positive (tumor in lymph node measuring >=0.2 mm) or any number of tumor deposits is present, and all identifiable lymph nodes are negative",B00687,65,243,Definition of Regional Lymph Node (N),formal_definition_table_candidate,Check wording/category against AJCC manual; edit only if extraction merged/split rows incorrectly.
AJCC8,Appendix - Carcinoma,N,N1a,One regional lymph node is positive,B00687,65,243,Definition of Regional Lymph Node (N),formal_definition_table_candidate,Check wording/category against AJCC manual; edit only if extraction merged/split rows incorrectly.
AJCC8,Appendix - Carcinoma,N,N1b,Two or three regional lymph nodes are positive,B00687,65,243,Definition of Regional Lymph Node (N),formal_definition_table_candidate,Check wording/category against AJCC manual; edit only if extraction merged/split rows incorrectly.
AJCC8,Appendix - Carcinoma,N,N1c,"No regional lymph nodes are positive, but there are tumor deposits in the subserosa or mesentery",B00687,65,243,Definition of Regional Lymph Node (N),formal_definition_table_candidate,Check wording/category against AJCC manual; edit only if extraction merged/split rows incorrectly.
AJCC8,Appendix - Carcinoma,N,N2,Four or more regional lymph nodes are positive,B00687,65,243,Definition of Regional Lymph Node (N),formal_definition_table_candidate,Check wording/category against AJCC manual; edit only if extraction merged/split rows incorrectly.
AJCC8,Appendix - Carcinoma,M,M0,No distant metastasis,B00688,65,243,Definition of Distant Metastasis (M),formal_definition_table_candidate,Check wording/category against AJCC manual; edit only if extraction merged/split rows incorrectly.
AJCC8,Appendix - Carcinoma,M,M1,Distant metastasis,B00688,65,243,Definition of Distant Metastasis (M),formal_definition_table_candidate,Check wording/category against AJCC manual; edit only if extraction merged/split rows incorrectly.
AJCC8,Appendix - Carcinoma,M,M1a,"Intraperitoneal acellular mucin, without identifiable tumor cells in the disseminated peritoneal mucinous deposits",B00688,65,243,Definition of Distant Metastasis (M),formal_definition_table_candidate,Check wording/category against AJCC manual; edit only if extraction merged/split rows incorrectly.
AJCC8,Appendix - Carcinoma,M,M1b,"Intraperitoneal metastasis only, including peritoneal mucinous deposits containing tumor cells",B00688,65,243,Definition of Distant Metastasis (M),formal_definition_table_candidate,Check wording/category against AJCC manual; edit only if extraction merged/split rows incorrectly.
AJCC8,Appendix - Carcinoma,M,M1c,"Metastasis to sites other than peritoneum Note: For specimens containing acellular mucin without identifiable tumor cells, efforts should be made to obtain additional tissue for thor- ough histologic examination to evaluate for cellularity",B00688,65,243,Definition of Distant Metastasis (M),formal_definition_table_candidate,Check wording/category against AJCC manual; edit only if extraction merged/split rows incorrectly.
AJCC8,Appendix - Carcinoma,G,GX,Grade cannot be assessed,B00689,65,243,HISTOLOGIC GRADE (G),formal_definition_table_candidate,Check wording/category against AJCC manual; edit only if extraction merged/split rows incorrectly.
AJCC8,Appendix - Carcinoma,G,G1,Well differentiated,B00689,65,243,HISTOLOGIC GRADE (G),formal_definition_table_candidate,Check wording/category against AJCC manual; edit only if extraction merged/split rows incorrectly.
AJCC8,Appendix - Carcinoma,G,G2,Moderately differentiated,B00689,65,243,HISTOLOGIC GRADE (G),formal_definition_table_candidate,Check wording/category against AJCC manual; edit only if extraction merged/split rows incorrectly.
AJCC8,Appendix - Carcinoma,G,G3,Poorly differentiated,B00689,65,243,HISTOLOGIC GRADE (G),formal_definition_table_candidate,Check wording/category against AJCC manual; edit only if extraction merged/split rows incorrectly.
AJCC8,Ampulla of Vater,T,TX,Primary tumor cannot be assessed,B00696,77,333,Definition of Primary Tumor (T),formal_definition_table_candidate,Check wording/category against AJCC manual; edit only if extraction merged/split rows incorrectly.
AJCC8,Ampulla of Vater,T,T0,No evidence of primary tumor,B00696,77,333,Definition of Primary Tumor (T),formal_definition_table_candidate,Check wording/category against AJCC manual; edit only if extraction merged/split rows incorrectly.
AJCC8,Ampulla of Vater,T,Tis,Carcinoma in situ,B00696,77,333,Definition of Primary Tumor (T),formal_definition_table_candidate,Check wording/category against AJCC manual; edit only if extraction merged/split rows incorrectly.
AJCC8,Ampulla of Vater,T,T1,Tumor limited to ampulla of Vater or sphincter of Oddi or tumor invades beyond the sphincter of Oddi (perisphincteric invasion) and/or into the duodenal submucosa,B00696,77,333,Definition of Primary Tumor (T),formal_definition_table_candidate,Check wording/category against AJCC manual; edit only if extraction merged/split rows incorrectly.
AJCC8,Ampulla of Vater,T,T1a,Tumor limited to ampulla of Vater or sphincter of Oddi,B00696,77,333,Definition of Primary Tumor (T),formal_definition_table_candidate,Check wording/category against AJCC manual; edit only if extraction merged/split rows incorrectly.
AJCC8,Ampulla of Vater,T,T1b,Tumor invades beyond the sphincter of Oddi (perisphincteric invasion) and/or into the duodenal submucosa,B00696,77,333,Definition of Primary Tumor (T),formal_definition_table_candidate,Check wording/category against AJCC manual; edit only if extraction merged/split rows incorrectly.
AJCC8,Ampulla of Vater,T,T2,Tumor invades into the muscularis propria of the duodenum,B00696,77,333,Definition of Primary Tumor (T),formal_definition_table_candidate,Check wording/category against AJCC manual; edit only if extraction merged/split rows incorrectly.
AJCC8,Ampulla of Vater,T,T3,"Tumor directly invades the pancreas (up to 0.5 cm) or tumor extends more than 0.5 cm into the pancreas, or extends into peripancreatic or periduodenal tissue or duodenal serosa without involvement of the celiac axis or superior mesenteric artery",B00696,77,333,Definition of Primary Tumor (T),formal_definition_table_candidate,Check wording/category against AJCC manual; edit only if extraction merged/split rows incorrectly.
AJCC8,Ampulla of Vater,T,T3a,Tumor directly invades pancreas (up to 0.5 cm),B00696,77,333,Definition of Primary Tumor (T),formal_definition_table_candidate,Check wording/category against AJCC manual; edit only if extraction merged/split rows incorrectly.
AJCC8,Ampulla of Vater,T,T3b,"Tumor extends more than 0.5 cm into the pancreas, or extends into peripancreatic tissue or periduodenal tissue or duodenal serosa without involvement of the celiac axis or superior mesenteric artery",B00696,77,333,Definition of Primary Tumor (T),formal_definition_table_candidate,Check wording/category against AJCC manual; edit only if extraction merged/split rows incorrectly.
AJCC8,Ampulla of Vater,T,T4,"Tumor involves the celiac axis, superior mesenteric artery, and/or common hepatic artery, irrespective of size",B00696,77,333,Definition of Primary Tumor (T),formal_definition_table_candidate,Check wording/category against AJCC manual; edit only if extraction merged/split rows incorrectly.
AJCC8,Ampulla of Vater,N,NX,Regional lymph nodes cannot be assessed,B00697,77,333,Definition of Regional Lymph Node (N),formal_definition_table_candidate,Check wording/category against AJCC manual; edit only if extraction merged/split rows incorrectly.
AJCC8,Ampulla of Vater,N,N0,No regional lymph node metastasis,B00697,77,333,Definition of Regional Lymph Node (N),formal_definition_table_candidate,Check wording/category against AJCC manual; edit only if extraction merged/split rows incorrectly.
AJCC8,Ampulla of Vater,N,N1,Metastasis to one to three regional lymph nodes,B00697,77,333,Definition of Regional Lymph Node (N),formal_definition_table_candidate,Check wording/category against AJCC manual; edit only if extraction merged/split rows incorrectly.
AJCC8,Ampulla of Vater,N,N2,Metastasis to four or more regional lymph nodes,B00697,77,333,Definition of Regional Lymph Node (N),formal_definition_table_candidate,Check wording/category against AJCC manual; edit only if extraction merged/split rows incorrectly.
AJCC8,Ampulla of Vater,M,M0,No distant metastasis,B00698,77,333,Definition of Distant Metastasis (M),formal_definition_table_candidate,Check wording/category against AJCC manual; edit only if extraction merged/split rows incorrectly.
AJCC8,Ampulla of Vater,M,M1,Distant metastasis,B00698,77,333,Definition of Distant Metastasis (M),formal_definition_table_candidate,Check wording/category against AJCC manual; edit only if extraction merged/split rows incorrectly.
AJCC8,Neuroendocrine Tumors of the Stomach,T,TX,Primary tumor cannot be assessed,B00702,81,355,Definition of Primary Tumor (T),formal_definition_table_candidate,Check wording/category against AJCC manual; edit only if extraction merged/split rows incorrectly.
AJCC8,Neuroendocrine Tumors of the Stomach,T,T0,"No evidence of primary tumor T1* Invades the lamina propria or submucosa and less than or equal to 1 cm in size T2* Invades the muscularis propria or greater than 1 cm in size T3* Invades through the muscularis propria into subserosal tissue without penetration of overlying serosa T4* Invades visceral peritoneum (serosa) or other organs or adjacent structures *Note: For any T, add (m) for multiple tumors [TX(#) or TX(m), where X = 1-4 and # = number of primary tumors identified**]; for multiple tumors with different Ts, use the highest. **Example: If there are two primary tumors, one of which penetrates only the subserosa, we define the primary tumor as either T3(2) or T3(m).",B00702,81,355,Definition of Primary Tumor (T),formal_definition_table_candidate,Check wording/category against AJCC manual; edit only if extraction merged/split rows incorrectly.
AJCC8,Neuroendocrine Tumors of the Stomach,N,NX,Regional lymph nodes cannot be assessed,B00703,81,355,Definition of Regional Lymph Node (N),formal_definition_table_candidate,Check wording/category against AJCC manual; edit only if extraction merged/split rows incorrectly.
AJCC8,Neuroendocrine Tumors of the Stomach,N,N0,No regional lymph node metastasis,B00703,81,355,Definition of Regional Lymph Node (N),formal_definition_table_candidate,Check wording/category against AJCC manual; edit only if extraction merged/split rows incorrectly.
AJCC8,Neuroendocrine Tumors of the Stomach,N,N1,Regional lymph node metastasis,B00703,81,355,Definition of Regional Lymph Node (N),formal_definition_table_candidate,Check wording/category against AJCC manual; edit only if extraction merged/split rows incorrectly.
AJCC8,Neuroendocrine Tumors of the Stomach,M,M0,No distant metastasis,B00704,81,355,Definition of Distant Metastasis (M),formal_definition_table_candidate,Check wording/category against AJCC manual; edit only if extraction merged/split rows incorrectly.
AJCC8,Neuroendocrine Tumors of the Stomach,M,M1,Distant metastasis,B00704,81,355,Definition of Distant Metastasis (M),formal_definition_table_candidate,Check wording/category against AJCC manual; edit only if extraction merged/split rows incorrectly.
AJCC8,Neuroendocrine Tumors of the Stomach,M,M1a,Metastasis confined to liver,B00704,81,355,Definition of Distant Metastasis (M),formal_definition_table_candidate,Check wording/category against AJCC manual; edit only if extraction merged/split rows incorrectly.
AJCC8,Neuroendocrine Tumors of the Stomach,M,M1b,"Metastases in at least one extrahepatic site (e.g., lung, ovary, nonregional lymph node, peritoneum, bone)",B00704,81,355,Definition of Distant Metastasis (M),formal_definition_table_candidate,Check wording/category against AJCC manual; edit only if extraction merged/split rows incorrectly.
AJCC8,Neuroendocrine Tumors of the Stomach,M,M1c,Both hepatic and extrahepatic metastases,B00704,81,355,Definition of Distant Metastasis (M),formal_definition_table_candidate,Check wording/category against AJCC manual; edit only if extraction merged/split rows incorrectly.
AJCC8,Neuroendocrine Tumors of the Stomach,G,GX,Grade cannot be assessed,B00706,81,355,HISTOLOGIC GRADE (G),formal_definition_table_candidate,Check wording/category against AJCC manual; edit only if extraction merged/split rows incorrectly.
AJCC8,Neuroendocrine Tumors of the Stomach,G,G1,Mitotic count (per 10 HPF)* < 2 and Ki-67 index (%)** < 3,B00706,81,355,HISTOLOGIC GRADE (G),formal_definition_table_candidate,Check wording/category against AJCC manual; edit only if extraction merged/split rows incorrectly.
AJCC8,Neuroendocrine Tumors of the Stomach,G,G2,Mitotic count (per 10 HPF) = 2-20 or Ki-67 index (%)** = 3-20,B00706,81,355,HISTOLOGIC GRADE (G),formal_definition_table_candidate,Check wording/category against AJCC manual; edit only if extraction merged/split rows incorrectly.
AJCC8,Neuroendocrine Tumors of the Stomach,G,G3,"Mitotic count (per 10 HPF) > 20 or Ki-67 index (%)** > 20 *10 HPF = 2 mm2; at least 50 HPF (at 40× magnification) must be evalu- ated in areas of highest mitotic density in order to adhere to WHO 2010 criteria. **MIB1 antibody; % of 500-2,000 tumor cells in areas of highest nuclear labeling. 29 Neuroendocrine Tumors of the Stomach",B00706,81,355,HISTOLOGIC GRADE (G),formal_definition_table_candidate,Check wording/category against AJCC manual; edit only if extraction merged/split rows incorrectly.
AJCC8,Neuroendocrine Tumors of the Jejunum and Ileum,T,TX,Primary tumor cannot be assessed,B00708,84,380,Definition of Primary Tumor (T),formal_definition_table_candidate,Check wording/category against AJCC manual; edit only if extraction merged/split rows incorrectly.
AJCC8,Neuroendocrine Tumors of the Jejunum and Ileum,T,T0,"No evidence of primary tumor T1* Invades lamina propria or submucosa and less than or equal to1 cm in size T2* Invades muscularis propria or greater than 1 cm in size T3* Invades through the muscularis propria into subserosal tissue without penetration of overlying serosa T4* Invades visceral peritoneum (serosal) or other organs or adjacent structures *Note: For any T, add (m) for multiple tumors [TX(#) or TX(m), where X = 1-4, and # = number of primary tumors identified**]; for multiple tumors with different T, use the highest. **Example: If there are two primary tumors, only one of which invades through the muscularis propria into subserosal tissue without penetra- tion of overlying serosa (jejunal or ileal), we define the primary tumor as either T3(2) or T3(m).",B00708,84,380,Definition of Primary Tumor (T),formal_definition_table_candidate,Check wording/category against AJCC manual; edit only if extraction merged/split rows incorrectly.
AJCC8,Neuroendocrine Tumors of the Jejunum and Ileum,N,NX,Regional lymph nodes cannot be assessed,B00709,84,380,Definition of Regional Lymph Node (N),formal_definition_table_candidate,Check wording/category against AJCC manual; edit only if extraction merged/split rows incorrectly.
AJCC8,Neuroendocrine Tumors of the Jejunum and Ileum,N,N0,No regional lymph node metastasis has occurred,B00709,84,380,Definition of Regional Lymph Node (N),formal_definition_table_candidate,Check wording/category against AJCC manual; edit only if extraction merged/split rows incorrectly.
AJCC8,Neuroendocrine Tumors of the Jejunum and Ileum,N,N1,Regional lymph node metastasis less than 12 nodes,B00709,84,380,Definition of Regional Lymph Node (N),formal_definition_table_candidate,Check wording/category against AJCC manual; edit only if extraction merged/split rows incorrectly.
AJCC8,Neuroendocrine Tumors of the Jejunum and Ileum,N,N2,"Large mesenteric masses (>2 cm) and/or extensive nodal deposits (12 or greater), especially those that encase the superior mesenteric vessels",B00709,84,380,Definition of Regional Lymph Node (N),formal_definition_table_candidate,Check wording/category against AJCC manual; edit only if extraction merged/split rows incorrectly.
AJCC8,Neuroendocrine Tumors of the Jejunum and Ileum,M,M0,No distant metastasis,B00710,84,380,Definition of Distant Metastasis (M),formal_definition_table_candidate,Check wording/category against AJCC manual; edit only if extraction merged/split rows incorrectly.
AJCC8,Neuroendocrine Tumors of the Jejunum and Ileum,M,M1,Distant metastasis,B00710,84,380,Definition of Distant Metastasis (M),formal_definition_table_candidate,Check wording/category against AJCC manual; edit only if extraction merged/split rows incorrectly.
AJCC8,Neuroendocrine Tumors of the Jejunum and Ileum,M,M1a,Metastasis confined to liver,B00710,84,380,Definition of Distant Metastasis (M),formal_definition_table_candidate,Check wording/category against AJCC manual; edit only if extraction merged/split rows incorrectly.
AJCC8,Neuroendocrine Tumors of the Jejunum and Ileum,M,M1b,"Metastases in at least one extrahepatic site (e.g., lung, ovary, nonregional lymph node, peritoneum, bone)",B00710,84,380,Definition of Distant Metastasis (M),formal_definition_table_candidate,Check wording/category against AJCC manual; edit only if extraction merged/split rows incorrectly.
AJCC8,Neuroendocrine Tumors of the Jejunum and Ileum,M,M1c,Both hepatic and extrahepatic metastases,B00710,84,380,Definition of Distant Metastasis (M),formal_definition_table_candidate,Check wording/category against AJCC manual; edit only if extraction merged/split rows incorrectly.
AJCC8,Neuroendocrine Tumors of the Jejunum and Ileum,G,GX,Grade cannot be assessed,B00712,84,380,HISTOLOGIC GRADE (G),formal_definition_table_candidate,Check wording/category against AJCC manual; edit only if extraction merged/split rows incorrectly.
AJCC8,Neuroendocrine Tumors of the Jejunum and Ileum,G,G1,Mitotic count (per 10 HPF)* < 2 and Ki-67 index (%)** < 3,B00712,84,380,HISTOLOGIC GRADE (G),formal_definition_table_candidate,Check wording/category against AJCC manual; edit only if extraction merged/split rows incorrectly.
AJCC8,Neuroendocrine Tumors of the Jejunum and Ileum,G,G2,Mitotic count (per 10 HPF) = 2-20 or Ki-67 index (%)** = 3-20,B00712,84,380,HISTOLOGIC GRADE (G),formal_definition_table_candidate,Check wording/category against AJCC manual; edit only if extraction merged/split rows incorrectly.
AJCC8,Neuroendocrine Tumors of the Jejunum and Ileum,G,G3,"Mitotic count (per 10 HPF) > 20 or Ki-67 index (%)** > 20 *10 HPF = 2 mm2; at least 50 HPFs (at 40× magnification) must be evaluated in areas of highest mitotic density in order to adhere to WHO 2010 criteria. **MIB1 antibody; % of 500-2,000 tumor cells in areas of highest nuclear labeling. In cases of disparity between Ki-67 proliferative index and mitotic count, the result indicating a higher-grade tumor should be selected as the final grade. For example, a mitotic count of 1 per 10 HPF and a Ki-67 of 12% should be desig- nated as a G2 NET.",B00712,84,380,HISTOLOGIC GRADE (G),formal_definition_table_candidate,Check wording/category against AJCC manual; edit only if extraction merged/split rows incorrectly.
AJCC8,Neuroendocrine Tumors of the Appendix,T,TX,Primary tumor cannot be assessed,B00715,87,392,Definition of Primary Tumor (T),formal_definition_table_candidate,Check wording/category against AJCC manual; edit only if extraction merged/split rows incorrectly.
AJCC8,Neuroendocrine Tumors of the Appendix,T,T0,No evidence of primary tumor,B00715,87,392,Definition of Primary Tumor (T),formal_definition_table_candidate,Check wording/category against AJCC manual; edit only if extraction merged/split rows incorrectly.
AJCC8,Neuroendocrine Tumors of the Appendix,T,T1,Tumor 2 cm or less in greatest dimension,B00715,87,392,Definition of Primary Tumor (T),formal_definition_table_candidate,Check wording/category against AJCC manual; edit only if extraction merged/split rows incorrectly.
AJCC8,Neuroendocrine Tumors of the Appendix,T,T2,Tumor more than 2 cm but less than or equal to 4 cm,B00715,87,392,Definition of Primary Tumor (T),formal_definition_table_candidate,Check wording/category against AJCC manual; edit only if extraction merged/split rows incorrectly.
AJCC8,Neuroendocrine Tumors of the Appendix,T,T3,Tumor more than 4 cm or with subserosal invasion or involvement of the mesoappendix,B00715,87,392,Definition of Primary Tumor (T),formal_definition_table_candidate,Check wording/category against AJCC manual; edit only if extraction merged/split rows incorrectly.
AJCC8,Neuroendocrine Tumors of the Appendix,T,T4,"Tumor perforates the peritoneum or directly invades other adjacent organs or structures (excluding direct mural extension to adjacent subserosa of adjacent bowel), e.g., abdominal wall and skeletal muscle",B00715,87,392,Definition of Primary Tumor (T),formal_definition_table_candidate,Check wording/category against AJCC manual; edit only if extraction merged/split rows incorrectly.
AJCC8,Neuroendocrine Tumors of the Appendix,N,NX,Regional lymph nodes cannot be assessed,B00716,87,392,Definition of Regional Lymph Node (N),formal_definition_table_candidate,Check wording/category against AJCC manual; edit only if extraction merged/split rows incorrectly.
AJCC8,Neuroendocrine Tumors of the Appendix,N,N0,No regional lymph node metastasis,B00716,87,392,Definition of Regional Lymph Node (N),formal_definition_table_candidate,Check wording/category against AJCC manual; edit only if extraction merged/split rows incorrectly.
AJCC8,Neuroendocrine Tumors of the Appendix,N,N1,Regional lymph node metastasis,B00716,87,392,Definition of Regional Lymph Node (N),formal_definition_table_candidate,Check wording/category against AJCC manual; edit only if extraction merged/split rows incorrectly.
AJCC8,Neuroendocrine Tumors of the Appendix,M,M0,No distant metastasis,B00717,87,392,Definition of Distant Metastasis (M),formal_definition_table_candidate,Check wording/category against AJCC manual; edit only if extraction merged/split rows incorrectly.
AJCC8,Neuroendocrine Tumors of the Appendix,M,M1,Distant metastasis,B00717,87,392,Definition of Distant Metastasis (M),formal_definition_table_candidate,Check wording/category against AJCC manual; edit only if extraction merged/split rows incorrectly.
AJCC8,Neuroendocrine Tumors of the Appendix,M,M1a,Metastasis confined to liver,B00717,87,392,Definition of Distant Metastasis (M),formal_definition_table_candidate,Check wording/category against AJCC manual; edit only if extraction merged/split rows incorrectly.
AJCC8,Neuroendocrine Tumors of the Appendix,M,M1b,"Metastases in at least one extrahepatic site (e.g., lung, ovary, nonregional lymph node, peritoneum, bone)",B00717,87,392,Definition of Distant Metastasis (M),formal_definition_table_candidate,Check wording/category against AJCC manual; edit only if extraction merged/split rows incorrectly.
AJCC8,Neuroendocrine Tumors of the Appendix,M,M1c,Both hepatic and extrahepatic metastases,B00717,87,392,Definition of Distant Metastasis (M),formal_definition_table_candidate,Check wording/category against AJCC manual; edit only if extraction merged/split rows incorrectly.
AJCC8,Neuroendocrine Tumors of the Appendix,G,GX,Grade cannot be assessed,B00719,88,393,HISTOLOGIC GRADE (G),formal_definition_table_candidate,Check wording/category against AJCC manual; edit only if extraction merged/split rows incorrectly.
AJCC8,Neuroendocrine Tumors of the Appendix,G,G1,Mitotic count (per 10 HPF)* < 2 and Ki-67 index (%)** < 3,B00719,88,393,HISTOLOGIC GRADE (G),formal_definition_table_candidate,Check wording/category against AJCC manual; edit only if extraction merged/split rows incorrectly.
AJCC8,Neuroendocrine Tumors of the Appendix,G,G2,Mitotic count (per 10 HPF) = 2-20 or Ki-67 index (%)** = 3-20,B00719,88,393,HISTOLOGIC GRADE (G),formal_definition_table_candidate,Check wording/category against AJCC manual; edit only if extraction merged/split rows incorrectly.
AJCC8,Neuroendocrine Tumors of the Appendix,G,G3,"Mitotic count (per 10 HPF) > 20 or Ki-67 index (%)** > 20 *10 HPF = 2 mm2; at least 50 HPFs (at 40× magnification) must be evaluated in areas of highest mitotic density in order to match WHO 2010 criteria. **MIB1 atibody; % of 500-2,000 tumor cells in areas of highest nuclear labeling. In cases of disparity between Ki-67 (proliferative index) and mitotic count, the result indicating a higher-grade tumor should be selected as the final grade. For example, a mitotic count of 1 per 10 HPF and a Ki-67 of 12% should be desig- nated as a G2 NET.",B00719,88,393,HISTOLOGIC GRADE (G),formal_definition_table_candidate,Check wording/category against AJCC manual; edit only if extraction merged/split rows incorrectly.
AJCC8,Neuroendocrine Tumors of the Colon and Rectum,T,TX,Primary tumor cannot be assessed,B00721,91,399,Definition of Primary Tumor (T),formal_definition_table_candidate,Check wording/category against AJCC manual; edit only if extraction merged/split rows incorrectly.
AJCC8,Neuroendocrine Tumors of the Colon and Rectum,T,T0,No evidence of primary tumor,B00721,91,399,Definition of Primary Tumor (T),formal_definition_table_candidate,Check wording/category against AJCC manual; edit only if extraction merged/split rows incorrectly.
AJCC8,Neuroendocrine Tumors of the Colon and Rectum,T,T1,Tumor invades the lamina propria or submucosa and is <=2 cm,B00721,91,399,Definition of Primary Tumor (T),formal_definition_table_candidate,Check wording/category against AJCC manual; edit only if extraction merged/split rows incorrectly.
AJCC8,Neuroendocrine Tumors of the Colon and Rectum,T,T1a,Tumor <1 cm in greatest dimension,B00721,91,399,Definition of Primary Tumor (T),formal_definition_table_candidate,Check wording/category against AJCC manual; edit only if extraction merged/split rows incorrectly.
AJCC8,Neuroendocrine Tumors of the Colon and Rectum,T,T1b,Tumor 1-2 cm in greatest dimension,B00721,91,399,Definition of Primary Tumor (T),formal_definition_table_candidate,Check wording/category against AJCC manual; edit only if extraction merged/split rows incorrectly.
AJCC8,Neuroendocrine Tumors of the Colon and Rectum,T,T2,Tumor invades the muscularis propria or is >2 cm with invasion of the lamina propria or submucosa,B00721,91,399,Definition of Primary Tumor (T),formal_definition_table_candidate,Check wording/category against AJCC manual; edit only if extraction merged/split rows incorrectly.
AJCC8,Neuroendocrine Tumors of the Colon and Rectum,T,T3,Tumor invades through the muscularis propria into subserosal tissue without penetration of overlying serosa,B00721,91,399,Definition of Primary Tumor (T),formal_definition_table_candidate,Check wording/category against AJCC manual; edit only if extraction merged/split rows incorrectly.
AJCC8,Neuroendocrine Tumors of the Colon and Rectum,T,T4,"Tumor invades the visceral peritoneum (serosa) or other organs or adjacent structures *Note: For any T, add “(m)” for multiple tumors [TX(#) or TX(m), where X = 1-4 and # = number of primary tumors identified**]; for multiple tumors with different T, use the highest. **Example: If there are two primary tumors, only one of which invades through the muscularis propria into the subserosal tissue without pene- tration of the overlying serosa, we define the primary tumor as either T3(2) or T3(m).",B00721,91,399,Definition of Primary Tumor (T),formal_definition_table_candidate,Check wording/category against AJCC manual; edit only if extraction merged/split rows incorrectly.
AJCC8,Neuroendocrine Tumors of the Colon and Rectum,N,NX,Regional lymph nodes cannot be assessed,B00722,91,399,Definition of Regional Lymph Node (N),formal_definition_table_candidate,Check wording/category against AJCC manual; edit only if extraction merged/split rows incorrectly.
AJCC8,Neuroendocrine Tumors of the Colon and Rectum,N,N0,No regional lymph node metastasis has occurred,B00722,91,399,Definition of Regional Lymph Node (N),formal_definition_table_candidate,Check wording/category against AJCC manual; edit only if extraction merged/split rows incorrectly.
AJCC8,Neuroendocrine Tumors of the Colon and Rectum,N,N1,Regional lymph node metastasis,B00722,91,399,Definition of Regional Lymph Node (N),formal_definition_table_candidate,Check wording/category against AJCC manual; edit only if extraction merged/split rows incorrectly.
AJCC8,Neuroendocrine Tumors of the Colon and Rectum,M,M0,No distant metastasis,B00723,91,399,Definition of Distant Metastasis (M),formal_definition_table_candidate,Check wording/category against AJCC manual; edit only if extraction merged/split rows incorrectly.
AJCC8,Neuroendocrine Tumors of the Colon and Rectum,M,M1,Distant metastasis,B00723,91,399,Definition of Distant Metastasis (M),formal_definition_table_candidate,Check wording/category against AJCC manual; edit only if extraction merged/split rows incorrectly.
AJCC8,Neuroendocrine Tumors of the Colon and Rectum,M,M1a,Metastasis confined to liver,B00723,91,399,Definition of Distant Metastasis (M),formal_definition_table_candidate,Check wording/category against AJCC manual; edit only if extraction merged/split rows incorrectly.
AJCC8,Neuroendocrine Tumors of the Colon and Rectum,M,M1b,"Metastases in at least one extrahepatic site (e.g., lung, ovary, nonregional lymph node, peritoneum, bone)",B00723,91,399,Definition of Distant Metastasis (M),formal_definition_table_candidate,Check wording/category against AJCC manual; edit only if extraction merged/split rows incorrectly.
AJCC8,Neuroendocrine Tumors of the Colon and Rectum,M,M1c,Both hepatic and extrahepatic metastases,B00723,91,399,Definition of Distant Metastasis (M),formal_definition_table_candidate,Check wording/category against AJCC manual; edit only if extraction merged/split rows incorrectly.
AJCC8,Neuroendocrine Tumors of the Pancreas,T,TX,Tumor cannot be assessed,B00727,93,415,Definition of Primary Tumor (T),formal_definition_table_candidate,Check wording/category against AJCC manual; edit only if extraction merged/split rows incorrectly.
AJCC8,Neuroendocrine Tumors of the Pancreas,T,T1,"Tumor limited to the pancreas,* <2 cm",B00727,93,415,Definition of Primary Tumor (T),formal_definition_table_candidate,Check wording/category against AJCC manual; edit only if extraction merged/split rows incorrectly.
AJCC8,Neuroendocrine Tumors of the Pancreas,T,T2,"Tumor limited to the pancreas,* 2−4 cm",B00727,93,415,Definition of Primary Tumor (T),formal_definition_table_candidate,Check wording/category against AJCC manual; edit only if extraction merged/split rows incorrectly.
AJCC8,Neuroendocrine Tumors of the Pancreas,T,T3,"Tumor limited to the pancreas,* >4 cm; or tumor invading the duodenum or common bile duct",B00727,93,415,Definition of Primary Tumor (T),formal_definition_table_candidate,Check wording/category against AJCC manual; edit only if extraction merged/split rows incorrectly.
AJCC8,Neuroendocrine Tumors of the Pancreas,T,T4,"Tumor invading adjacent organs (stomach, spleen, colon, adrenal gland) or the wall of large vessels (celiac axis or the superior mesenteric artery) 34 Neuroendocrine Tumors of the Pancreas",B00727,93,415,Definition of Primary Tumor (T),formal_definition_table_candidate,Check wording/category against AJCC manual; edit only if extraction merged/split rows incorrectly.
AJCC8,Malignant Pleural Mesothelioma,T,TX,Primary tumor cannot be assessed,B00737,98,465,Definition of Primary Tumor (T),formal_definition_table_candidate,Check wording/category against AJCC manual; edit only if extraction merged/split rows incorrectly.
AJCC8,Malignant Pleural Mesothelioma,T,T0,No evidence of primary tumor,B00737,98,465,Definition of Primary Tumor (T),formal_definition_table_candidate,Check wording/category against AJCC manual; edit only if extraction merged/split rows incorrectly.
AJCC8,Malignant Pleural Mesothelioma,T,T1,Tumor limited to the ipsilateral parietal pleura with or without involvement of • visceral pleura • mediastinal pleura • diaphragmatic pleura,B00737,98,465,Definition of Primary Tumor (T),formal_definition_table_candidate,Check wording/category against AJCC manual; edit only if extraction merged/split rows incorrectly.
AJCC8,Malignant Pleural Mesothelioma,T,T2,"Tumor involving each of the ipsilateral pleural surfaces (parietal, mediastinal, diaphragmatic, and visceral pleura) with at least one of the following features: • involvement of diaphragmatic muscle • extension of tumor from visceral pleura into the underlying pulmonary parenchyma",B00737,98,465,Definition of Primary Tumor (T),formal_definition_table_candidate,Check wording/category against AJCC manual; edit only if extraction merged/split rows incorrectly.
AJCC8,Malignant Pleural Mesothelioma,T,T3,"Describes locally advanced but potentially resectable tumor. Tumor involving all the ipsilateral pleural surfaces (parietal, mediastinal, diaphragmatic, and visceral pleura) with at least one of the following features: • involvement of the endothoracic fascia • extension into the mediastinal fat • solitary, completely resectable focus of tumor extending into the soft tissues of the chest wall • nontransmural involvement of the pericardium",B00737,98,465,Definition of Primary Tumor (T),formal_definition_table_candidate,Check wording/category against AJCC manual; edit only if extraction merged/split rows incorrectly.
AJCC8,Malignant Pleural Mesothelioma,T,T4,"Describes locally advanced technically unresectable tumor. Tumor involving all the ipsilateral pleural surfaces (parietal, mediastinal, diaphragmatic, and visceral pleura) with at least one of the following features: • diffuse extension or multifocal masses of tumor in the chest wall, with or without associated rib destruction • direct transdiaphragmatic extension of tumor to the peritoneum • direct extension of tumor to the contralateral pleura • direct extension of tumor to mediastinal organs • direct extension of tumor into the spine • tumor extending through to the internal surface of the pericardium with or without a pericardial effusion; or tumor involving the myocardium NX Regional lymph nodes cannot be assessed N0 No regional lymph node metastases N1 Metastases in the ipsilateral bronchopulmonary, hilar, or mediastinal (including the internal mammary, peridiaphragmatic, pericardial fat pad, or intercostal) lymph nodes N2 Metastases in the contralateral mediastinal, ipsilateral, or contralateral supraclavicular lymph nodes 37 Malignant Pleural Mesothelioma",B00737,98,465,Definition of Primary Tumor (T),formal_definition_table_candidate,Check wording/category against AJCC manual; edit only if extraction merged/split rows incorrectly.
AJCC8,Malignant Pleural Mesothelioma,N,NX,Regional lymph nodes cannot be assessed,B00738,98,465,Definition of Regional Lymph Node (N),formal_definition_table_candidate,Check wording/category against AJCC manual; edit only if extraction merged/split rows incorrectly.
AJCC8,Malignant Pleural Mesothelioma,N,N0,No regional lymph node metastases,B00738,98,465,Definition of Regional Lymph Node (N),formal_definition_table_candidate,Check wording/category against AJCC manual; edit only if extraction merged/split rows incorrectly.
AJCC8,Malignant Pleural Mesothelioma,N,N1,"Metastases in the ipsilateral bronchopulmonary, hilar, or mediastinal (including the internal mammary, peridiaphragmatic, pericardial fat pad, or intercostal) lymph nodes",B00738,98,465,Definition of Regional Lymph Node (N),formal_definition_table_candidate,Check wording/category against AJCC manual; edit only if extraction merged/split rows incorrectly.
AJCC8,Malignant Pleural Mesothelioma,N,N2,"Metastases in the contralateral mediastinal, ipsilateral, or contralateral supraclavicular lymph nodes 37 Malignant Pleural Mesothelioma",B00738,98,465,Definition of Regional Lymph Node (N),formal_definition_table_candidate,Check wording/category against AJCC manual; edit only if extraction merged/split rows incorrectly.
AJCC8,Gastrointestinal Stromal Tumor,T,TX,Primary tumor cannot be assessed,B00750,109,527,Definition of Primary Tumor (T),formal_definition_table_candidate,Check wording/category against AJCC manual; edit only if extraction merged/split rows incorrectly.
AJCC8,Gastrointestinal Stromal Tumor,T,T0,No evidence of primary tumor,B00750,109,527,Definition of Primary Tumor (T),formal_definition_table_candidate,Check wording/category against AJCC manual; edit only if extraction merged/split rows incorrectly.
AJCC8,Gastrointestinal Stromal Tumor,T,T1,Tumor 2 cm or less,B00750,109,527,Definition of Primary Tumor (T),formal_definition_table_candidate,Check wording/category against AJCC manual; edit only if extraction merged/split rows incorrectly.
AJCC8,Gastrointestinal Stromal Tumor,T,T2,Tumor more than 2 cm but not more than 5 cm,B00750,109,527,Definition of Primary Tumor (T),formal_definition_table_candidate,Check wording/category against AJCC manual; edit only if extraction merged/split rows incorrectly.
AJCC8,Gastrointestinal Stromal Tumor,T,T3,Tumor more than 5 cm but not more than 10 cm,B00750,109,527,Definition of Primary Tumor (T),formal_definition_table_candidate,Check wording/category against AJCC manual; edit only if extraction merged/split rows incorrectly.
AJCC8,Gastrointestinal Stromal Tumor,T,T4,Tumor more than 10 cm in greatest dimension,B00750,109,527,Definition of Primary Tumor (T),formal_definition_table_candidate,Check wording/category against AJCC manual; edit only if extraction merged/split rows incorrectly.
AJCC8,Gastrointestinal Stromal Tumor,N,N0,No regional lymph node metastasis or unknown lymph node status,B00751,109,527,Definition of Regional Lymph Node (N),formal_definition_table_candidate,Check wording/category against AJCC manual; edit only if extraction merged/split rows incorrectly.
AJCC8,Gastrointestinal Stromal Tumor,N,N1,Regional lymph node metastasis,B00751,109,527,Definition of Regional Lymph Node (N),formal_definition_table_candidate,Check wording/category against AJCC manual; edit only if extraction merged/split rows incorrectly.
AJCC8,Gastrointestinal Stromal Tumor,M,M0,No distant metastasis,B00752,109,527,Definition of Distant Metastasis (M),formal_definition_table_candidate,Check wording/category against AJCC manual; edit only if extraction merged/split rows incorrectly.
AJCC8,Gastrointestinal Stromal Tumor,M,M1,Distant metastasis Definition of Mitotic Rate Mitotic rate Low 5 or fewer mitoses per 5 mm2 High Over 5 mitoses per 5 mm2,B00752,109,527,Definition of Distant Metastasis (M),formal_definition_table_candidate,Check wording/category against AJCC manual; edit only if extraction merged/split rows incorrectly.
AJCC8,Breast,T,TX,Primary tumor cannot be assessed,B00792,154,624,Definition of Primary Tumor (T) - Clinical,formal_definition_table_candidate,Check wording/category against AJCC manual; edit only if extraction merged/split rows incorrectly.
AJCC8,Breast,T,T0,No evidence of primary tumor,B00792,154,624,Definition of Primary Tumor (T) - Clinical,formal_definition_table_candidate,Check wording/category against AJCC manual; edit only if extraction merged/split rows incorrectly.
AJCC8,Breast,T,Tis,(DCIS)* Ductal carcinoma in situ,B00792,154,624,Definition of Primary Tumor (T) - Clinical,formal_definition_table_candidate,Check wording/category against AJCC manual; edit only if extraction merged/split rows incorrectly.
AJCC8,Breast,T,Tis,"(Paget) Paget disease of the nipple NOT associated with invasive carcinoma and/or carcinoma in situ (DCIS) in the underlying breast parenchyma. Carcinomas in the breast parenchyma associated with Paget disease are categorized based on the size and characteristics of the parenchymal disease, although the presence of Paget disease should still be noted.",B00792,154,624,Definition of Primary Tumor (T) - Clinical,formal_definition_table_candidate,Check wording/category against AJCC manual; edit only if extraction merged/split rows incorrectly.
AJCC8,Breast,T,T1,Tumor <=20 mm in greatest dimension,B00792,154,624,Definition of Primary Tumor (T) - Clinical,formal_definition_table_candidate,Check wording/category against AJCC manual; edit only if extraction merged/split rows incorrectly.
AJCC8,Breast,T,T1mi,Tumor <=1 mm in greatest dimension,B00792,154,624,Definition of Primary Tumor (T) - Clinical,formal_definition_table_candidate,Check wording/category against AJCC manual; edit only if extraction merged/split rows incorrectly.
AJCC8,Breast,T,T1a,Tumor >1 mm but <=5 mm in greatest dimension (round any measurement >1.0-1.9 mm to 2 mm).,B00792,154,624,Definition of Primary Tumor (T) - Clinical,formal_definition_table_candidate,Check wording/category against AJCC manual; edit only if extraction merged/split rows incorrectly.
AJCC8,Breast,T,T1b,Tumor >5 mm but <=10 mm in greatest dimension,B00792,154,624,Definition of Primary Tumor (T) - Clinical,formal_definition_table_candidate,Check wording/category against AJCC manual; edit only if extraction merged/split rows incorrectly.
AJCC8,Breast,T,T1c,Tumor >10 mm but <=20 mm in greatest dimension,B00792,154,624,Definition of Primary Tumor (T) - Clinical,formal_definition_table_candidate,Check wording/category against AJCC manual; edit only if extraction merged/split rows incorrectly.
AJCC8,Breast,T,T2,Tumor >20 mm but <=50 mm in greatest dimension,B00792,154,624,Definition of Primary Tumor (T) - Clinical,formal_definition_table_candidate,Check wording/category against AJCC manual; edit only if extraction merged/split rows incorrectly.
AJCC8,Breast,T,T3,Tumor >50 mm in greatest dimension,B00792,154,624,Definition of Primary Tumor (T) - Clinical,formal_definition_table_candidate,Check wording/category against AJCC manual; edit only if extraction merged/split rows incorrectly.
AJCC8,Breast,T,T4,Tumor of any size with direct extension to the chest wall and/or to the skin (ulceration or macroscopic nodules); invasion of the dermis alone does not qualify as T4,B00792,154,624,Definition of Primary Tumor (T) - Clinical,formal_definition_table_candidate,Check wording/category against AJCC manual; edit only if extraction merged/split rows incorrectly.
AJCC8,Breast,T,T4a,Extension to the chest wall; invasion or adherence to pectoralis muscle in the absence of invasion of chest wall structures does not qualify as T4,B00792,154,624,Definition of Primary Tumor (T) - Clinical,formal_definition_table_candidate,Check wording/category against AJCC manual; edit only if extraction merged/split rows incorrectly.
AJCC8,Breast,T,T4b,Ulceration and/or ipsilateral macroscopic satellite nodules and/or edema (including peau d’orange) of the skin that does not meet the criteria for inflammatory carcinoma,B00792,154,624,Definition of Primary Tumor (T) - Clinical,formal_definition_table_candidate,Check wording/category against AJCC manual; edit only if extraction merged/split rows incorrectly.
AJCC8,Breast,T,T4c,Both T4a and T4b are present,B00792,154,624,Definition of Primary Tumor (T) - Clinical,formal_definition_table_candidate,Check wording/category against AJCC manual; edit only if extraction merged/split rows incorrectly.
AJCC8,Breast,T,T4d,"Inflammatory carcinoma (see section “Rules for Classification”) *Note: Lobular carcinoma in situ (LCIS) is a benign entity and is removed from TNM staging in the AJCC Cancer Staging Manual, 8th Edition. Definition of Regional Lymph Nodes - Clinical (cN) cN Category cN Criteria cNX* Regional lymph nodes cannot be assessed (e.g., previously removed) cN0 No regional lymph node metastases (by imaging or clinical examination) cN1 Metastases to movable ipsilateral Level I, II axillary lymph node(s) cN1mi** Micrometastases (approximately 200 cells, larger than 0.2 mm, but none larger than 2.0 mm) cN2 Metastases in ipsilateral Level I, II axillary lymph nodes that are clinically fixed or matted; or in ipsilateral internal mammary nodes in the absence of axillary lymph node metastases cN Category cN Criteria cN2a Metastases in ipsilateral Level I, II axillary lymph nodes fixed to one another (matted) or to other structures cN2b Metastases only in ipsilateral internal mammary nodes in the absence of axillary lymph node metastases cN3 Metastases in ipsilateral infraclavicular (Level III axillary) lymph node(s) with or without Level I, II axillary lymph node involvement; or in ipsilateral internal mammary lymph node(s) with Level I, II axillary lymph node metastases; or metastases in ipsilateral supraclavicular lymph node(s) with or without axillary or internal mammary lymph node involvement cN3a Metastases in ipsilateral infraclavicular lymph node(s) cN3b Metastases in ipsilateral internal mammary lymph node(s) and axillary lymph node(s) cN3c Metastases in ipsilateral supraclavicular lymph node(s) Note: (sn) and (f) suffixes should be added to the N category to denote confirmation of metastasis by sentinel node biopsy or fine needle aspi- ration/core needle biopsy respectively. *The cNX category is used sparingly in cases where regional lymph nodes have previously been surgically removed or where there is no documentation of physical examination of the axilla. **cN1mi is rarely used but may be appropriate in cases where sentinel node biopsy is performed before tumor resection, most likely to occur in cases treated with neoadjuvant therapy. Definition of Regional Lymph Nodes - Pathological (pN) pN Category pN Criteria pNX Regional lymph nodes cannot be assessed (e.g., not removed for pathological study or previously removed) pN0 No regional lymph node metastasis identified or ITCs only pN0(i+) ITCs only (malignant cell clusters no larger than 0.2 mm) in regional lymph node(s) pN0(mol+) Positive molecular findings by reverse transcriptase polymerase chain reaction (RT-PCR); no ITCs detected pN1 Micrometastases; or metastases in 1-3 axillary lymph nodes; and/or clinically negative internal mammary nodes with micrometastases or macrometastases by sentinel lymph node biopsy pN1mi Micrometastases (approximately 200 cells, larger than 0.2 mm, but none larger than 2.0 mm) pN1a Metastases in 1-3 axillary lymph nodes, at least one metastasis larger than 2.0 mm pN1b Metastases in ipsilateral internal mammary sentinel nodes, excluding ITCs pN1c pN1a and pN1b combined pN2 Metastases in 4-9 axillary lymph nodes; or positive ipsilateral internal mammary lymph nodes by imaging in the absence of axillary lymph node metastases pN2a Metastases in 4-9 axillary lymph nodes (at least one tumor deposit larger than 2.0 mm)",B00792,154,624,Definition of Primary Tumor (T) - Clinical,formal_definition_table_candidate,Check wording/category against AJCC manual; edit only if extraction merged/split rows incorrectly.
AJCC8,Breast,M,M0,"No clinical or radiographic evidence of distant metastases* cM0(i+) No clinical or radiographic evidence of distant metastases in the presence of tumor cells or deposits no larger than 0.2 mm detected microscopically or by molecular techniques in circulating blood, bone marrow, or other nonregional nodal tissue in a patient without symptoms or signs of metastases cM1 Distant metastases detected by clinical and radiographic means pM1 Any histologically proven metastases in distant organs; or if in non-regional nodes, metastases greater than 0.2 mm *Note that imaging studies are not required to assign the cM0 category AJCC ANATOMIC AND PROGNOSTIC STAGE GROUPS There are three stage group tables: The Anatomic Stage Group table, the Clinical Prognostic Stage Group table and the",B00793,155,625,Definition of Distant Metastasis (M),formal_definition_table_candidate,Check wording/category against AJCC manual; edit only if extraction merged/split rows incorrectly.
AJCC8,Breast,G,GX,Grade cannot be assessed,B00804,163,633,HISTOLOGIC GRADE (G),formal_definition_table_candidate,Check wording/category against AJCC manual; edit only if extraction merged/split rows incorrectly.
AJCC8,Breast,G,G1,"Low combined histologic grade (favorable), SBR score of 3-5 points",B00804,163,633,HISTOLOGIC GRADE (G),formal_definition_table_candidate,Check wording/category against AJCC manual; edit only if extraction merged/split rows incorrectly.
AJCC8,Breast,G,G2,Intermediate combined histologic grade (moderately favorable); SBR score of 6-7 points,B00804,163,633,HISTOLOGIC GRADE (G),formal_definition_table_candidate,Check wording/category against AJCC manual; edit only if extraction merged/split rows incorrectly.
AJCC8,Breast,G,G3,High combined histologic grade (unfavorable); SBR score of 8-9 points Ductal Carcinoma in situ: Nuclear Grade The grade that should be used for ductal carcinoma in situ is nuclear grade (see www.cap.org).,B00804,163,633,HISTOLOGIC GRADE (G),formal_definition_table_candidate,Check wording/category against AJCC manual; edit only if extraction merged/split rows incorrectly.
AJCC8,Breast,G,G1,Low nuclear grade,B00804,163,633,HISTOLOGIC GRADE (G),formal_definition_table_candidate,Check wording/category against AJCC manual; edit only if extraction merged/split rows incorrectly.
AJCC8,Breast,G,G2,Intermediate nuclear grade,B00804,163,633,HISTOLOGIC GRADE (G),formal_definition_table_candidate,Check wording/category against AJCC manual; edit only if extraction merged/split rows incorrectly.
AJCC8,Breast,G,G3,High nuclear grade,B00804,163,633,HISTOLOGIC GRADE (G),formal_definition_table_candidate,Check wording/category against AJCC manual; edit only if extraction merged/split rows incorrectly.
AJCC8,Vulva,N,NX,Regional lymph nodes cannot be assessed,B00806,170,645,Definition of Regional Lymph Node (N),formal_definition_table_candidate,Check wording/category against AJCC manual; edit only if extraction merged/split rows incorrectly.
AJCC8,Vulva,N,N0,No regional lymph node metastasis N0(i+) Isolated tumor cells in regional lymph node(s) no greater than 0.2 mm,B00806,170,645,Definition of Regional Lymph Node (N),formal_definition_table_candidate,Check wording/category against AJCC manual; edit only if extraction merged/split rows incorrectly.
AJCC8,Vulva,N,N1,"III Regional lymph node metastasis with one or two lymph node metastases each less than 5 mm, or one lymph node metastasis greater than or equal to 5 mm N1a* IIIA One or two lymph node metastases each less than 5 mm",B00806,170,645,Definition of Regional Lymph Node (N),formal_definition_table_candidate,Check wording/category against AJCC manual; edit only if extraction merged/split rows incorrectly.
AJCC8,Vulva,N,N1b,IIIA One lymph node metastasis greater than or equal to 5 mm,B00806,170,645,Definition of Regional Lymph Node (N),formal_definition_table_candidate,Check wording/category against AJCC manual; edit only if extraction merged/split rows incorrectly.
AJCC8,Vulva,N,N2,"Regional lymph node metastasis with three or more lymph node metastases each less than 5 mm, or two or more lymph node metastases greater than or equal to 5 mm, or lymph node(s) with extranodal extension N2a* IIIB Three or more lymph node metastases each less than 5 mm",B00806,170,645,Definition of Regional Lymph Node (N),formal_definition_table_candidate,Check wording/category against AJCC manual; edit only if extraction merged/split rows incorrectly.
AJCC8,Vulva,N,N2b,IIIB Two or more lymph node metastases greater than or equal to 5 mm,B00806,170,645,Definition of Regional Lymph Node (N),formal_definition_table_candidate,Check wording/category against AJCC manual; edit only if extraction merged/split rows incorrectly.
AJCC8,Vulva,N,N2c,IIIC Lymph node(s) with extranodal extension,B00806,170,645,Definition of Regional Lymph Node (N),formal_definition_table_candidate,Check wording/category against AJCC manual; edit only if extraction merged/split rows incorrectly.
AJCC8,Vulva,N,N3,"IVA Fixed or ulcerated regional lymph node metastasis *Includes micrometastasis, N1mi and N2mi. Note: The site, size, and laterality of lymph node metastases should be recorded.",B00806,170,645,Definition of Regional Lymph Node (N),formal_definition_table_candidate,Check wording/category against AJCC manual; edit only if extraction merged/split rows incorrectly.
AJCC8,Vulva,M,M0,No distant metastasis (no pathological M0; use,B00807,170,645,Definition of Distant Metastasis (M),formal_definition_table_candidate,Check wording/category against AJCC manual; edit only if extraction merged/split rows incorrectly.
AJCC8,Vulva,G,GX,Grade cannot be assessed,B00810,170,645,HISTOLOGIC GRADE (G),formal_definition_table_candidate,Check wording/category against AJCC manual; edit only if extraction merged/split rows incorrectly.
AJCC8,Vulva,G,G1,Well differentiated,B00810,170,645,HISTOLOGIC GRADE (G),formal_definition_table_candidate,Check wording/category against AJCC manual; edit only if extraction merged/split rows incorrectly.
AJCC8,Vulva,G,G2,Moderately differentiated,B00810,170,645,HISTOLOGIC GRADE (G),formal_definition_table_candidate,Check wording/category against AJCC manual; edit only if extraction merged/split rows incorrectly.
AJCC8,Vulva,G,G3,Poorly differentiated 50 Vulva,B00810,170,645,HISTOLOGIC GRADE (G),formal_definition_table_candidate,Check wording/category against AJCC manual; edit only if extraction merged/split rows incorrectly.
AJCC8,Vagina,T,TX,Primary tumor cannot be assessed,B00813,173,652,Definition of Primary Tumor (T),formal_definition_table_candidate,Check wording/category against AJCC manual; edit only if extraction merged/split rows incorrectly.
AJCC8,Vagina,T,T0,No evidence of primary tumor,B00813,173,652,Definition of Primary Tumor (T),formal_definition_table_candidate,Check wording/category against AJCC manual; edit only if extraction merged/split rows incorrectly.
AJCC8,Vagina,T,T1,I Tumor confined to the vagina,B00813,173,652,Definition of Primary Tumor (T),formal_definition_table_candidate,Check wording/category against AJCC manual; edit only if extraction merged/split rows incorrectly.
AJCC8,Vagina,T,T1a,"I Tumor confined to the vagina, measuring <=2.0 cm",B00813,173,652,Definition of Primary Tumor (T),formal_definition_table_candidate,Check wording/category against AJCC manual; edit only if extraction merged/split rows incorrectly.
AJCC8,Vagina,T,T1b,"I Tumor confined to the vagina, measuring >2.0 cm",B00813,173,652,Definition of Primary Tumor (T),formal_definition_table_candidate,Check wording/category against AJCC manual; edit only if extraction merged/split rows incorrectly.
AJCC8,Vagina,T,T2,II Tumor invading paravaginal tissues but not to pelvic sidewall,B00813,173,652,Definition of Primary Tumor (T),formal_definition_table_candidate,Check wording/category against AJCC manual; edit only if extraction merged/split rows incorrectly.
AJCC8,Vagina,T,T2a,"II Tumor invading paravaginal tissues but not to pelvic wall, measuring <=2.0 cm",B00813,173,652,Definition of Primary Tumor (T),formal_definition_table_candidate,Check wording/category against AJCC manual; edit only if extraction merged/split rows incorrectly.
AJCC8,Vagina,T,T2b,"II Tumor invading paravaginal tissues but not to pelvic wall, measuring >2.0 cm",B00813,173,652,Definition of Primary Tumor (T),formal_definition_table_candidate,Check wording/category against AJCC manual; edit only if extraction merged/split rows incorrectly.
AJCC8,Vagina,T,T3,III Tumor extending to the pelvic sidewall* and/or causing hydronephrosis or nonfunctioning kidney,B00813,173,652,Definition of Primary Tumor (T),formal_definition_table_candidate,Check wording/category against AJCC manual; edit only if extraction merged/split rows incorrectly.
AJCC8,Vagina,T,T4,"IVA Tumor invading the mucosa of the bladder or rectum and/or extending beyond the true pelvis (bullous edema is not sufficient evidence to classify a tumor as T4) *Pelvic sidewall is defined as the muscle, fascia, neurovascular struc- tures, or skeletal portions of the bony pelvis. On rectal examination, there is no cancer-free space between the tumor and pelvic sidewall.",B00813,173,652,Definition of Primary Tumor (T),formal_definition_table_candidate,Check wording/category against AJCC manual; edit only if extraction merged/split rows incorrectly.
AJCC8,Vagina,N,NX,Regional lymph nodes cannot be assessed,B00814,173,652,Definition of Regional Lymph Node (N),formal_definition_table_candidate,Check wording/category against AJCC manual; edit only if extraction merged/split rows incorrectly.
AJCC8,Vagina,N,N0,No regional lymph node metastasis N0(i+) Isolated tumor cells in regional lymph node(s) no greater than 0.2 mm,B00814,173,652,Definition of Regional Lymph Node (N),formal_definition_table_candidate,Check wording/category against AJCC manual; edit only if extraction merged/split rows incorrectly.
AJCC8,Vagina,N,N1,III Pelvic or inguinal lymph node metastasis,B00814,173,652,Definition of Regional Lymph Node (N),formal_definition_table_candidate,Check wording/category against AJCC manual; edit only if extraction merged/split rows incorrectly.
AJCC8,Vagina,M,M0,No distant metastasis,B00815,173,652,Definition of Distant Metastasis (M),formal_definition_table_candidate,Check wording/category against AJCC manual; edit only if extraction merged/split rows incorrectly.
AJCC8,Vagina,M,M1,IVB Distant metastasis,B00815,173,652,Definition of Distant Metastasis (M),formal_definition_table_candidate,Check wording/category against AJCC manual; edit only if extraction merged/split rows incorrectly.
AJCC8,"Ovary, Fallopian Tube, and Primary Peritoneal Carcinoma",T,TX,Primary tumor cannot be assessed,B00833,184,696,Definition of Primary Tumor (T),formal_definition_table_candidate,Check wording/category against AJCC manual; edit only if extraction merged/split rows incorrectly.
AJCC8,"Ovary, Fallopian Tube, and Primary Peritoneal Carcinoma",T,T0,No evidence of primary tumor,B00833,184,696,Definition of Primary Tumor (T),formal_definition_table_candidate,Check wording/category against AJCC manual; edit only if extraction merged/split rows incorrectly.
AJCC8,"Ovary, Fallopian Tube, and Primary Peritoneal Carcinoma",T,T1,I Tumor limited to ovaries (one or both) or fallopian tube(s),B00833,184,696,Definition of Primary Tumor (T),formal_definition_table_candidate,Check wording/category against AJCC manual; edit only if extraction merged/split rows incorrectly.
AJCC8,"Ovary, Fallopian Tube, and Primary Peritoneal Carcinoma",T,T1a,"IA Tumor limited to one ovary (capsule intact) or fallopian tube, no tumor on ovarian or fallopian tube surface; no malignant cells in ascites or peritoneal washings",B00833,184,696,Definition of Primary Tumor (T),formal_definition_table_candidate,Check wording/category against AJCC manual; edit only if extraction merged/split rows incorrectly.
AJCC8,"Ovary, Fallopian Tube, and Primary Peritoneal Carcinoma",T,T1b,IB Tumor limited to both ovaries (capsules intact) or fallopian tubes; no tumor on ovarian or fallopian tube surface; no malignant cells in ascites or peritoneal washings,B00833,184,696,Definition of Primary Tumor (T),formal_definition_table_candidate,Check wording/category against AJCC manual; edit only if extraction merged/split rows incorrectly.
AJCC8,"Ovary, Fallopian Tube, and Primary Peritoneal Carcinoma",T,T1c,"IC Tumor limited to one or both ovaries or fallopian tubes, with any of the following: T1c1 IC1 Surgical spill T1c2 IC2 Capsule ruptured before surgery or tumor on ovarian or fallopian tube surface T1c3 IC3 Malignant cells in ascites or peritoneal washings",B00833,184,696,Definition of Primary Tumor (T),formal_definition_table_candidate,Check wording/category against AJCC manual; edit only if extraction merged/split rows incorrectly.
AJCC8,"Ovary, Fallopian Tube, and Primary Peritoneal Carcinoma",T,T2,II Tumor involves one or both ovaries or fallopian tubes with pelvic extension below pelvic brim or primary peritoneal cancer,B00833,184,696,Definition of Primary Tumor (T),formal_definition_table_candidate,Check wording/category against AJCC manual; edit only if extraction merged/split rows incorrectly.
AJCC8,"Ovary, Fallopian Tube, and Primary Peritoneal Carcinoma",T,T2a,IIA Extension and/or implants on the uterus and/or fallopian tube(s) and/or ovaries,B00833,184,696,Definition of Primary Tumor (T),formal_definition_table_candidate,Check wording/category against AJCC manual; edit only if extraction merged/split rows incorrectly.
AJCC8,"Ovary, Fallopian Tube, and Primary Peritoneal Carcinoma",T,T2b,IIB Extension to and/or implants on other pelvic tissues,B00833,184,696,Definition of Primary Tumor (T),formal_definition_table_candidate,Check wording/category against AJCC manual; edit only if extraction merged/split rows incorrectly.
AJCC8,"Ovary, Fallopian Tube, and Primary Peritoneal Carcinoma",T,T3,"III Tumor involves one or both ovaries or fallopian tubes, or primary peritoneal cancer, with microscopically confirmed peritoneal metastasis outside the pelvis and/or metastasis to the retroperitoneal (pelvic and/or para-aortic) lymph nodes",B00833,184,696,Definition of Primary Tumor (T),formal_definition_table_candidate,Check wording/category against AJCC manual; edit only if extraction merged/split rows incorrectly.
AJCC8,"Ovary, Fallopian Tube, and Primary Peritoneal Carcinoma",T,T3a,IIIA2 Microscopic extrapelvic (above the pelvic brim) peritoneal involvement with or without positive retroperitoneal lymph nodes,B00833,184,696,Definition of Primary Tumor (T),formal_definition_table_candidate,Check wording/category against AJCC manual; edit only if extraction merged/split rows incorrectly.
AJCC8,"Ovary, Fallopian Tube, and Primary Peritoneal Carcinoma",T,T3b,IIIB Macroscopic peritoneal metastasis beyond pelvis 2 cm or less in greatest dimension with or without metastasis to the retroperitoneal lymph nodes,B00833,184,696,Definition of Primary Tumor (T),formal_definition_table_candidate,Check wording/category against AJCC manual; edit only if extraction merged/split rows incorrectly.
AJCC8,"Ovary, Fallopian Tube, and Primary Peritoneal Carcinoma",T,T3c,IIIC Macroscopic peritoneal metastasis beyond the pelvis more than 2 cm in greatest dimension with or without metastasis to the retroperitoneal lymph nodes (includes extension of tumor to capsule of liver and spleen without parenchymal involvement of either organ),B00833,184,696,Definition of Primary Tumor (T),formal_definition_table_candidate,Check wording/category against AJCC manual; edit only if extraction merged/split rows incorrectly.
AJCC8,"Ovary, Fallopian Tube, and Primary Peritoneal Carcinoma",N,NX,Regional lymph nodes cannot be assessed,B00834,184,696,Definition of Regional Lymph Node (N),formal_definition_table_candidate,Check wording/category against AJCC manual; edit only if extraction merged/split rows incorrectly.
AJCC8,"Ovary, Fallopian Tube, and Primary Peritoneal Carcinoma",N,N0,No regional lymph node metastasis N0(i+) Isolated tumor cells in regional lymph node(s) no greater than 0.2 mm,B00834,184,696,Definition of Regional Lymph Node (N),formal_definition_table_candidate,Check wording/category against AJCC manual; edit only if extraction merged/split rows incorrectly.
AJCC8,"Ovary, Fallopian Tube, and Primary Peritoneal Carcinoma",N,N1,IIIA1 Positive retroperitoneal lymph nodes only (histologically confirmed),B00834,184,696,Definition of Regional Lymph Node (N),formal_definition_table_candidate,Check wording/category against AJCC manual; edit only if extraction merged/split rows incorrectly.
AJCC8,"Ovary, Fallopian Tube, and Primary Peritoneal Carcinoma",N,N1a,IIIA1i Metastasis up to and including 10 mm in greatest dimension,B00834,184,696,Definition of Regional Lymph Node (N),formal_definition_table_candidate,Check wording/category against AJCC manual; edit only if extraction merged/split rows incorrectly.
AJCC8,"Ovary, Fallopian Tube, and Primary Peritoneal Carcinoma",N,N1b,IIIA1ii Metastasis more than 10 mm in greatest dimension,B00834,184,696,Definition of Regional Lymph Node (N),formal_definition_table_candidate,Check wording/category against AJCC manual; edit only if extraction merged/split rows incorrectly.
AJCC8,"Ovary, Fallopian Tube, and Primary Peritoneal Carcinoma",M,M0,No distant metastasis,B00835,184,696,Definition of Distant Metastasis (M),formal_definition_table_candidate,Check wording/category against AJCC manual; edit only if extraction merged/split rows incorrectly.
AJCC8,"Ovary, Fallopian Tube, and Primary Peritoneal Carcinoma",M,M1,"IV Distant metastasis, including pleural effusion with positive cytology; liver or splenic parenchymal metastasis; metastasis to extra-abdominal organs (including inguinal lymph nodes and lymph nodes outside the abdominal cavity); and transmural involvement of intestine",B00835,184,696,Definition of Distant Metastasis (M),formal_definition_table_candidate,Check wording/category against AJCC manual; edit only if extraction merged/split rows incorrectly.
AJCC8,"Ovary, Fallopian Tube, and Primary Peritoneal Carcinoma",M,M1a,IVA Pleural effusion with positive cytology,B00835,184,696,Definition of Distant Metastasis (M),formal_definition_table_candidate,Check wording/category against AJCC manual; edit only if extraction merged/split rows incorrectly.
AJCC8,"Ovary, Fallopian Tube, and Primary Peritoneal Carcinoma",M,M1b,IVB Liver or splenic parenchymal metastases; metastases to extra-abdominal organs (including inguinal lymph nodes and lymph nodes outside the abdominal cavity); transmural involvement of intestine,B00835,184,696,Definition of Distant Metastasis (M),formal_definition_table_candidate,Check wording/category against AJCC manual; edit only if extraction merged/split rows incorrectly.
AJCC8,Penis,N,cN0,No palpable or visibly enlarged inguinal lymph nodes,B00837,187,715,Definition of Regional Lymph Node (N),formal_definition_table_candidate,Check wording/category against AJCC manual; edit only if extraction merged/split rows incorrectly.
AJCC8,Penis,N,cN1,Palpable mobile unilateral inguinal lymph node cN2 Palpable mobile >= 2 unilateral inguinal nodes or bilateral inguinal lymph nodes cN3 Palpable fixed inguinal nodal mass or pelvic lymphadenopathy unilateral or bilateral,B00837,187,715,Definition of Regional Lymph Node (N),formal_definition_table_candidate,Check wording/category against AJCC manual; edit only if extraction merged/split rows incorrectly.
AJCC8,Penis,M,M0,No distant metastasis,B00840,187,715,Definition of Distant Metastasis (M),formal_definition_table_candidate,Check wording/category against AJCC manual; edit only if extraction merged/split rows incorrectly.
AJCC8,Penis,M,M1,Distant metastasis present,B00840,187,715,Definition of Distant Metastasis (M),formal_definition_table_candidate,Check wording/category against AJCC manual; edit only if extraction merged/split rows incorrectly.
AJCC8,Penis,G,GX,Grade cannot be assessed,B00842,187,715,HISTOLOGIC GRADE (G),formal_definition_table_candidate,Check wording/category against AJCC manual; edit only if extraction merged/split rows incorrectly.
AJCC8,Penis,G,G1,Well differentiated,B00842,187,715,HISTOLOGIC GRADE (G),formal_definition_table_candidate,Check wording/category against AJCC manual; edit only if extraction merged/split rows incorrectly.
AJCC8,Penis,G,G2,Moderately differentiated,B00842,187,715,HISTOLOGIC GRADE (G),formal_definition_table_candidate,Check wording/category against AJCC manual; edit only if extraction merged/split rows incorrectly.
AJCC8,Penis,G,G3,Poorly differentiated/high grade,B00842,187,715,HISTOLOGIC GRADE (G),formal_definition_table_candidate,Check wording/category against AJCC manual; edit only if extraction merged/split rows incorrectly.
AJCC8,Prostate,N,NX,Regional lymph nodes cannot be assessed,B00847,190,732,Definition of Regional Lymph Node (N),formal_definition_table_candidate,Check wording/category against AJCC manual; edit only if extraction merged/split rows incorrectly.
AJCC8,Prostate,N,N0,No positive regional nodes,B00847,190,732,Definition of Regional Lymph Node (N),formal_definition_table_candidate,Check wording/category against AJCC manual; edit only if extraction merged/split rows incorrectly.
AJCC8,Prostate,N,N1,Metastases in regional node(s),B00847,190,732,Definition of Regional Lymph Node (N),formal_definition_table_candidate,Check wording/category against AJCC manual; edit only if extraction merged/split rows incorrectly.
AJCC8,Prostate,M,M0,No distant metastasis,B00848,190,732,Definition of Distant Metastasis (M),formal_definition_table_candidate,Check wording/category against AJCC manual; edit only if extraction merged/split rows incorrectly.
AJCC8,Prostate,M,M1,Distant metastasis,B00848,190,732,Definition of Distant Metastasis (M),formal_definition_table_candidate,Check wording/category against AJCC manual; edit only if extraction merged/split rows incorrectly.
AJCC8,Prostate,M,M1a,Nonregional lymph node(s),B00848,190,732,Definition of Distant Metastasis (M),formal_definition_table_candidate,Check wording/category against AJCC manual; edit only if extraction merged/split rows incorrectly.
AJCC8,Prostate,M,M1b,Bone(s),B00848,190,732,Definition of Distant Metastasis (M),formal_definition_table_candidate,Check wording/category against AJCC manual; edit only if extraction merged/split rows incorrectly.
AJCC8,Prostate,M,M1c,"Other site(s) with or without bone disease Note: When more than one site of metastasis is present, the most advanced category is used. M1c is most advanced. Definition of Prostate-Specific Antigen (PSA) PSA values are used to assign this category. PSA values <10 >=10 <20 <20 >=20 Any value Definition of Histologic Grade Group (G) Recently, the Gleason system has been compressed into so-called Grade Groups.44 Grade Group Gleason Score Gleason Pattern 1 <=6 <=3+3 2 7 3+4 3 7 4+3 4 8 4+4, 3+5, 5+3 5 9 or 10 4+5, 5+4, or 5+5",B00848,190,732,Definition of Distant Metastasis (M),formal_definition_table_candidate,Check wording/category against AJCC manual; edit only if extraction merged/split rows incorrectly.
AJCC8,Kidney,N,NX,Regional lymph nodes cannot be assessed,B00862,196,752,Definition of Regional Lymph Node (N),formal_definition_table_candidate,Check wording/category against AJCC manual; edit only if extraction merged/split rows incorrectly.
AJCC8,Kidney,N,N0,No regional lymph node metastasis,B00862,196,752,Definition of Regional Lymph Node (N),formal_definition_table_candidate,Check wording/category against AJCC manual; edit only if extraction merged/split rows incorrectly.
AJCC8,Kidney,N,N1,Metastasis in regional lymph node(s),B00862,196,752,Definition of Regional Lymph Node (N),formal_definition_table_candidate,Check wording/category against AJCC manual; edit only if extraction merged/split rows incorrectly.
AJCC8,Kidney,M,M0,No distant metastasis,B00863,196,752,Definition of Distant Metastasis (M),formal_definition_table_candidate,Check wording/category against AJCC manual; edit only if extraction merged/split rows incorrectly.
AJCC8,Kidney,M,M1,Distant metastasis,B00863,196,752,Definition of Distant Metastasis (M),formal_definition_table_candidate,Check wording/category against AJCC manual; edit only if extraction merged/split rows incorrectly.
AJCC8,Kidney,G,GX,Grade cannot be assessed,B00865,196,752,HISTOLOGIC GRADE (G),formal_definition_table_candidate,Check wording/category against AJCC manual; edit only if extraction merged/split rows incorrectly.
AJCC8,Kidney,G,G1,Nucleoli absent or inconspicuous and basophilic at 400x magnification,B00865,196,752,HISTOLOGIC GRADE (G),formal_definition_table_candidate,Check wording/category against AJCC manual; edit only if extraction merged/split rows incorrectly.
AJCC8,Kidney,G,G2,"Nucleoli conspicuous and eosinophilic at 400x magnification, visible but not prominent at 100x magnification",B00865,196,752,HISTOLOGIC GRADE (G),formal_definition_table_candidate,Check wording/category against AJCC manual; edit only if extraction merged/split rows incorrectly.
AJCC8,Kidney,G,G3,Nucleoli conspicuous and eosinophilic at 100x magnification,B00865,196,752,HISTOLOGIC GRADE (G),formal_definition_table_candidate,Check wording/category against AJCC manual; edit only if extraction merged/split rows incorrectly.
AJCC8,Kidney,G,G4,Marked nuclear pleomorphism and/or multinucleate giant cells and/or rhabdoid and/or sarcomatoid differentiation,B00865,196,752,HISTOLOGIC GRADE (G),formal_definition_table_candidate,Check wording/category against AJCC manual; edit only if extraction merged/split rows incorrectly.
AJCC8,Renal Pelvis and Ureter,T,TX,Primary tumor cannot be assessed,B00868,199,762,Definition of Primary Tumor (T),formal_definition_table_candidate,Check wording/category against AJCC manual; edit only if extraction merged/split rows incorrectly.
AJCC8,Renal Pelvis and Ureter,T,T0,No evidence of primary tumor,B00868,199,762,Definition of Primary Tumor (T),formal_definition_table_candidate,Check wording/category against AJCC manual; edit only if extraction merged/split rows incorrectly.
AJCC8,Renal Pelvis and Ureter,T,Ta,Papillary noninvasive carcinoma,B00868,199,762,Definition of Primary Tumor (T),formal_definition_table_candidate,Check wording/category against AJCC manual; edit only if extraction merged/split rows incorrectly.
AJCC8,Renal Pelvis and Ureter,T,Tis,Carcinoma in situ,B00868,199,762,Definition of Primary Tumor (T),formal_definition_table_candidate,Check wording/category against AJCC manual; edit only if extraction merged/split rows incorrectly.
AJCC8,Renal Pelvis and Ureter,T,T1,Tumor invades subepithelial connective tissue,B00868,199,762,Definition of Primary Tumor (T),formal_definition_table_candidate,Check wording/category against AJCC manual; edit only if extraction merged/split rows incorrectly.
AJCC8,Renal Pelvis and Ureter,T,T2,Tumor invades the muscularis,B00868,199,762,Definition of Primary Tumor (T),formal_definition_table_candidate,Check wording/category against AJCC manual; edit only if extraction merged/split rows incorrectly.
AJCC8,Renal Pelvis and Ureter,T,T3,For renal pelvis only: Tumor invades beyond muscularis into peripelvic fat or into the renal parenchyma For ureter only:Tumor invades beyond muscularis into periureteric fat,B00868,199,762,Definition of Primary Tumor (T),formal_definition_table_candidate,Check wording/category against AJCC manual; edit only if extraction merged/split rows incorrectly.
AJCC8,Renal Pelvis and Ureter,T,T4,"Tumor invades adjacent organs, or through the kidney into the perinephric fat",B00868,199,762,Definition of Primary Tumor (T),formal_definition_table_candidate,Check wording/category against AJCC manual; edit only if extraction merged/split rows incorrectly.
AJCC8,Renal Pelvis and Ureter,N,NX,Regional lymph nodes cannot be assessed,B00869,199,762,Definition of Regional Lymph Node (N),formal_definition_table_candidate,Check wording/category against AJCC manual; edit only if extraction merged/split rows incorrectly.
AJCC8,Renal Pelvis and Ureter,N,N0,No regional lymph node metastasis,B00869,199,762,Definition of Regional Lymph Node (N),formal_definition_table_candidate,Check wording/category against AJCC manual; edit only if extraction merged/split rows incorrectly.
AJCC8,Renal Pelvis and Ureter,N,N1,"Metastasis <=2 cm in greatest dimension, in a single lymph node",B00869,199,762,Definition of Regional Lymph Node (N),formal_definition_table_candidate,Check wording/category against AJCC manual; edit only if extraction merged/split rows incorrectly.
AJCC8,Renal Pelvis and Ureter,N,N2,"Metastasis >2 cm, in a single lymph node; or multiple lymph nodes",B00869,199,762,Definition of Regional Lymph Node (N),formal_definition_table_candidate,Check wording/category against AJCC manual; edit only if extraction merged/split rows incorrectly.
AJCC8,Renal Pelvis and Ureter,M,M0,No distant metastasis,B00870,199,762,Definition of Distant Metastasis (M),formal_definition_table_candidate,Check wording/category against AJCC manual; edit only if extraction merged/split rows incorrectly.
AJCC8,Renal Pelvis and Ureter,M,M1,Distant metastasis,B00870,199,762,Definition of Distant Metastasis (M),formal_definition_table_candidate,Check wording/category against AJCC manual; edit only if extraction merged/split rows incorrectly.
AJCC8,Renal Pelvis and Ureter,G,Low grade,HG,B00872,199,762,HISTOLOGIC GRADE (G),formal_definition_table_candidate,Check wording/category against AJCC manual; edit only if extraction merged/split rows incorrectly.
AJCC8,Renal Pelvis and Ureter,G,High grade,"Squamous Cell Carcinoma and Adenocarcinoma For squamous cell carcinoma and adenocarcinoma, the follow- ing grading schema is recommended.",B00872,199,762,HISTOLOGIC GRADE (G),formal_definition_table_candidate,Check wording/category against AJCC manual; edit only if extraction merged/split rows incorrectly.
AJCC8,Renal Pelvis and Ureter,G,GX,Grade cannot be assessed,B00872,199,762,HISTOLOGIC GRADE (G),formal_definition_table_candidate,Check wording/category against AJCC manual; edit only if extraction merged/split rows incorrectly.
AJCC8,Renal Pelvis and Ureter,G,G1,Well differentiated,B00872,199,762,HISTOLOGIC GRADE (G),formal_definition_table_candidate,Check wording/category against AJCC manual; edit only if extraction merged/split rows incorrectly.
AJCC8,Renal Pelvis and Ureter,G,G2,Moderately differentiated,B00872,199,762,HISTOLOGIC GRADE (G),formal_definition_table_candidate,Check wording/category against AJCC manual; edit only if extraction merged/split rows incorrectly.
AJCC8,Renal Pelvis and Ureter,G,G3,Poorly differentiated,B00872,199,762,HISTOLOGIC GRADE (G),formal_definition_table_candidate,Check wording/category against AJCC manual; edit only if extraction merged/split rows incorrectly.
AJCC8,Urinary Bladder,T,TX,Primary tumor cannot be assessed,B00874,201,771,Definition of Primary Tumor (T),formal_definition_table_candidate,Check wording/category against AJCC manual; edit only if extraction merged/split rows incorrectly.
AJCC8,Urinary Bladder,T,T0,No evidence of primary tumor,B00874,201,771,Definition of Primary Tumor (T),formal_definition_table_candidate,Check wording/category against AJCC manual; edit only if extraction merged/split rows incorrectly.
AJCC8,Urinary Bladder,T,Ta,Non-invasive papillary carcinoma,B00874,201,771,Definition of Primary Tumor (T),formal_definition_table_candidate,Check wording/category against AJCC manual; edit only if extraction merged/split rows incorrectly.
AJCC8,Urinary Bladder,T,Tis,Urothelial carcinoma in situ: “flat tumor”,B00874,201,771,Definition of Primary Tumor (T),formal_definition_table_candidate,Check wording/category against AJCC manual; edit only if extraction merged/split rows incorrectly.
AJCC8,Urinary Bladder,T,T1,Tumor invades lamina propria (subepithelial connective tissue),B00874,201,771,Definition of Primary Tumor (T),formal_definition_table_candidate,Check wording/category against AJCC manual; edit only if extraction merged/split rows incorrectly.
AJCC8,Urinary Bladder,T,T2,Tumor invades muscularis propria pT2a Tumor invades superficial muscularis propria (inner half) pT2b Tumor invades deep muscularis propria (outer half),B00874,201,771,Definition of Primary Tumor (T),formal_definition_table_candidate,Check wording/category against AJCC manual; edit only if extraction merged/split rows incorrectly.
AJCC8,Urinary Bladder,T,T3,Tumor invades perivesical soft tissue pT3a Microscopically pT3b Macroscopically (extravesical mass),B00874,201,771,Definition of Primary Tumor (T),formal_definition_table_candidate,Check wording/category against AJCC manual; edit only if extraction merged/split rows incorrectly.
AJCC8,Urinary Bladder,T,T4,"Extravesical tumor directly invades any of the following: prostatic stroma, seminal vesicles, uterus, vagina, pelvic wall, abdominal wall",B00874,201,771,Definition of Primary Tumor (T),formal_definition_table_candidate,Check wording/category against AJCC manual; edit only if extraction merged/split rows incorrectly.
AJCC8,Urinary Bladder,T,T4a,"Extravesical tumor invades directly into prostatic stroma, seminal vesicles, uterus, vagina",B00874,201,771,Definition of Primary Tumor (T),formal_definition_table_candidate,Check wording/category against AJCC manual; edit only if extraction merged/split rows incorrectly.
AJCC8,Urinary Bladder,T,T4b,"Extravesical tumor invades pelvic wall, abdominal wall 62 Urinary Bladder",B00874,201,771,Definition of Primary Tumor (T),formal_definition_table_candidate,Check wording/category against AJCC manual; edit only if extraction merged/split rows incorrectly.
AJCC8,Urinary Bladder,N,NX,Lymph nodes cannot be assessed,B00875,202,772,Definition of Regional Lymph Node (N),formal_definition_table_candidate,Check wording/category against AJCC manual; edit only if extraction merged/split rows incorrectly.
AJCC8,Urinary Bladder,N,N0,No lymph node metastasis,B00875,202,772,Definition of Regional Lymph Node (N),formal_definition_table_candidate,Check wording/category against AJCC manual; edit only if extraction merged/split rows incorrectly.
AJCC8,Urinary Bladder,N,N1,"Single regional lymph node metastasis in the true pelvis (perivesical, obturator, internal and external iliac, or sacral lymph node)",B00875,202,772,Definition of Regional Lymph Node (N),formal_definition_table_candidate,Check wording/category against AJCC manual; edit only if extraction merged/split rows incorrectly.
AJCC8,Urinary Bladder,N,N2,"Multiple regional lymph node metastasis in the true pelvis (perivesical, obturator, internal and external iliac, or sacral lymph node metastasis)",B00875,202,772,Definition of Regional Lymph Node (N),formal_definition_table_candidate,Check wording/category against AJCC manual; edit only if extraction merged/split rows incorrectly.
AJCC8,Urinary Bladder,N,N3,Lymph node metastasis to the common iliac lymph nodes,B00875,202,772,Definition of Regional Lymph Node (N),formal_definition_table_candidate,Check wording/category against AJCC manual; edit only if extraction merged/split rows incorrectly.
AJCC8,Urinary Bladder,M,M0,No distant metastasis,B00876,202,772,Definition of Distant Metastasis (M),formal_definition_table_candidate,Check wording/category against AJCC manual; edit only if extraction merged/split rows incorrectly.
AJCC8,Urinary Bladder,M,M1,Distant metastasis,B00876,202,772,Definition of Distant Metastasis (M),formal_definition_table_candidate,Check wording/category against AJCC manual; edit only if extraction merged/split rows incorrectly.
AJCC8,Urinary Bladder,M,M1a,Distant metastasis limited to lymph nodes beyond the common iliacs,B00876,202,772,Definition of Distant Metastasis (M),formal_definition_table_candidate,Check wording/category against AJCC manual; edit only if extraction merged/split rows incorrectly.
AJCC8,Urinary Bladder,M,M1b,Non-lymph-node distant metastases,B00876,202,772,Definition of Distant Metastasis (M),formal_definition_table_candidate,Check wording/category against AJCC manual; edit only if extraction merged/split rows incorrectly.
AJCC8,Urinary Bladder,G,GX,Grade cannot be assessed,B00878,202,772,HISTOLOGIC GRADE (G),formal_definition_table_candidate,Check wording/category against AJCC manual; edit only if extraction merged/split rows incorrectly.
AJCC8,Urinary Bladder,G,G1,Well differentiated,B00878,202,772,HISTOLOGIC GRADE (G),formal_definition_table_candidate,Check wording/category against AJCC manual; edit only if extraction merged/split rows incorrectly.
AJCC8,Urinary Bladder,G,G2,Moderately differentiated,B00878,202,772,HISTOLOGIC GRADE (G),formal_definition_table_candidate,Check wording/category against AJCC manual; edit only if extraction merged/split rows incorrectly.
AJCC8,Urinary Bladder,G,G3,Poorly differentiated,B00878,202,772,HISTOLOGIC GRADE (G),formal_definition_table_candidate,Check wording/category against AJCC manual; edit only if extraction merged/split rows incorrectly.
AJCC8,Urethra,M,M0,No distant metastasis,B00879,205,780,Definition of Distant Metastasis (M),formal_definition_table_candidate,Check wording/category against AJCC manual; edit only if extraction merged/split rows incorrectly.
AJCC8,Urethra,M,M1,Distant metastasis,B00879,205,780,Definition of Distant Metastasis (M),formal_definition_table_candidate,Check wording/category against AJCC manual; edit only if extraction merged/split rows incorrectly.
AJCC8,Urethra,T,Tis,N0 M0 0is,B00883,205,780,Definition of Primary Tumor (T),formal_definition_table_candidate,Check wording/category against AJCC manual; edit only if extraction merged/split rows incorrectly.
AJCC8,Urethra,T,Ta,N0 M0 0a,B00883,205,780,Definition of Primary Tumor (T),formal_definition_table_candidate,Check wording/category against AJCC manual; edit only if extraction merged/split rows incorrectly.
AJCC8,Urethra,T,T1,N0 M0 I,B00883,205,780,Definition of Primary Tumor (T),formal_definition_table_candidate,Check wording/category against AJCC manual; edit only if extraction merged/split rows incorrectly.
AJCC8,Urethra,T,T1,N1 M0 III,B00883,205,780,Definition of Primary Tumor (T),formal_definition_table_candidate,Check wording/category against AJCC manual; edit only if extraction merged/split rows incorrectly.
AJCC8,Urethra,T,T2,N0 M0 II,B00883,205,780,Definition of Primary Tumor (T),formal_definition_table_candidate,Check wording/category against AJCC manual; edit only if extraction merged/split rows incorrectly.
AJCC8,Urethra,T,T2,N1 M0 III,B00883,205,780,Definition of Primary Tumor (T),formal_definition_table_candidate,Check wording/category against AJCC manual; edit only if extraction merged/split rows incorrectly.
AJCC8,Urethra,T,T3,N0 M0 III,B00883,205,780,Definition of Primary Tumor (T),formal_definition_table_candidate,Check wording/category against AJCC manual; edit only if extraction merged/split rows incorrectly.
AJCC8,Urethra,T,T3,N1 M0 III,B00883,205,780,Definition of Primary Tumor (T),formal_definition_table_candidate,Check wording/category against AJCC manual; edit only if extraction merged/split rows incorrectly.
AJCC8,Urethra,T,T4,N0 M0 IV,B00883,205,780,Definition of Primary Tumor (T),formal_definition_table_candidate,Check wording/category against AJCC manual; edit only if extraction merged/split rows incorrectly.
AJCC8,Urethra,T,T4,N1 M0 IV Any T N2 M0 IV Any T Any N M1 IV LG Low grade HG High grade Male Penile Urethra and Female Urethra T,B00883,205,780,Definition of Primary Tumor (T),formal_definition_table_candidate,Check wording/category against AJCC manual; edit only if extraction merged/split rows incorrectly.
AJCC8,Urethra,T,TX,Primary tumor cannot be assessed,B00883,205,780,Definition of Primary Tumor (T),formal_definition_table_candidate,Check wording/category against AJCC manual; edit only if extraction merged/split rows incorrectly.
AJCC8,Urethra,T,T0,No evidence of primary tumor,B00883,205,780,Definition of Primary Tumor (T),formal_definition_table_candidate,Check wording/category against AJCC manual; edit only if extraction merged/split rows incorrectly.
AJCC8,Urethra,T,Ta,Non-invasive papillary carcinoma,B00883,205,780,Definition of Primary Tumor (T),formal_definition_table_candidate,Check wording/category against AJCC manual; edit only if extraction merged/split rows incorrectly.
AJCC8,Urethra,T,Tis,Carcinoma in situ,B00883,205,780,Definition of Primary Tumor (T),formal_definition_table_candidate,Check wording/category against AJCC manual; edit only if extraction merged/split rows incorrectly.
AJCC8,Urethra,T,T1,Tumor invades subepithelial connective tissue,B00883,205,780,Definition of Primary Tumor (T),formal_definition_table_candidate,Check wording/category against AJCC manual; edit only if extraction merged/split rows incorrectly.
AJCC8,Urethra,T,T2,"Tumor invades any of the following: corpus spongiosum, periurethral muscle",B00883,205,780,Definition of Primary Tumor (T),formal_definition_table_candidate,Check wording/category against AJCC manual; edit only if extraction merged/split rows incorrectly.
AJCC8,Urethra,T,T3,"Tumor invades any of the following: corpus cavernosum, anterior vagina",B00883,205,780,Definition of Primary Tumor (T),formal_definition_table_candidate,Check wording/category against AJCC manual; edit only if extraction merged/split rows incorrectly.
AJCC8,Urethra,T,T4,"Tumor invades other adjacent organs (e.g., invasion of the bladder wall) Prostatic Urethra T T Definition",B00883,205,780,Definition of Primary Tumor (T),formal_definition_table_candidate,Check wording/category against AJCC manual; edit only if extraction merged/split rows incorrectly.
AJCC8,Urethra,T,Tis,Carcinoma in situ involving the prostatic urethra or periurethral or prostatic ducts without stromal invasion,B00883,205,780,Definition of Primary Tumor (T),formal_definition_table_candidate,Check wording/category against AJCC manual; edit only if extraction merged/split rows incorrectly.
AJCC8,Urethra,T,T1,Tumor invades urethral subepithelial connective tissue immediately underlying the urothelium,B00883,205,780,Definition of Primary Tumor (T),formal_definition_table_candidate,Check wording/category against AJCC manual; edit only if extraction merged/split rows incorrectly.
AJCC8,Urethra,T,T2,Tumor invades the prostatic stroma surrounding ducts either by direct extension from the urothelial surface or by invasion from prostatic ducts,B00883,205,780,Definition of Primary Tumor (T),formal_definition_table_candidate,Check wording/category against AJCC manual; edit only if extraction merged/split rows incorrectly.
AJCC8,Urethra,T,T3,Tumor invades the periprostatic fat,B00883,205,780,Definition of Primary Tumor (T),formal_definition_table_candidate,Check wording/category against AJCC manual; edit only if extraction merged/split rows incorrectly.
AJCC8,Urethra,T,T4,"Tumor invades other adjacent organs (e.g., extraprostatic invasion of the bladder wall, rectal wall)",B00883,205,780,Definition of Primary Tumor (T),formal_definition_table_candidate,Check wording/category against AJCC manual; edit only if extraction merged/split rows incorrectly.
AJCC8,Urethra,N,NX,Regional lymph nodes cannot be assessed,B00884,205,780,Definition of Regional Lymph Node (N),formal_definition_table_candidate,Check wording/category against AJCC manual; edit only if extraction merged/split rows incorrectly.
AJCC8,Urethra,N,N0,No regional lymph node metastasis,B00884,205,780,Definition of Regional Lymph Node (N),formal_definition_table_candidate,Check wording/category against AJCC manual; edit only if extraction merged/split rows incorrectly.
AJCC8,Urethra,N,N1,"Single regional lymph node metastasis in the inguinal region or true pelvis [perivesical, obturator, internal (hypogastric) and external iliac], or presacral lymph node",B00884,205,780,Definition of Regional Lymph Node (N),formal_definition_table_candidate,Check wording/category against AJCC manual; edit only if extraction merged/split rows incorrectly.
AJCC8,Urethra,N,N2,"Multiple regional lymph node metastasis in the inguinal region or true pelvis [perivesical, obturator, internal (hypogastric) and external iliac], or presacral lymph node When T is… And N is… And M is… Then the stage group is… Tis",B00884,205,780,Definition of Regional Lymph Node (N),formal_definition_table_candidate,Check wording/category against AJCC manual; edit only if extraction merged/split rows incorrectly.
AJCC8,Urethra,N,N0,M0 0is Ta,B00884,205,780,Definition of Regional Lymph Node (N),formal_definition_table_candidate,Check wording/category against AJCC manual; edit only if extraction merged/split rows incorrectly.
AJCC8,Urethra,N,N0,M0 0a T1,B00884,205,780,Definition of Regional Lymph Node (N),formal_definition_table_candidate,Check wording/category against AJCC manual; edit only if extraction merged/split rows incorrectly.
AJCC8,Urethra,N,N0,M0 I T1,B00884,205,780,Definition of Regional Lymph Node (N),formal_definition_table_candidate,Check wording/category against AJCC manual; edit only if extraction merged/split rows incorrectly.
AJCC8,Urethra,N,N1,M0 III T2,B00884,205,780,Definition of Regional Lymph Node (N),formal_definition_table_candidate,Check wording/category against AJCC manual; edit only if extraction merged/split rows incorrectly.
AJCC8,Urethra,N,N0,M0 II T2,B00884,205,780,Definition of Regional Lymph Node (N),formal_definition_table_candidate,Check wording/category against AJCC manual; edit only if extraction merged/split rows incorrectly.
AJCC8,Urethra,N,N1,M0 III T3,B00884,205,780,Definition of Regional Lymph Node (N),formal_definition_table_candidate,Check wording/category against AJCC manual; edit only if extraction merged/split rows incorrectly.
AJCC8,Urethra,N,N0,M0 III T3,B00884,205,780,Definition of Regional Lymph Node (N),formal_definition_table_candidate,Check wording/category against AJCC manual; edit only if extraction merged/split rows incorrectly.
AJCC8,Urethra,N,N1,M0 III T4,B00884,205,780,Definition of Regional Lymph Node (N),formal_definition_table_candidate,Check wording/category against AJCC manual; edit only if extraction merged/split rows incorrectly.
AJCC8,Urethra,N,N0,M0 IV T4,B00884,205,780,Definition of Regional Lymph Node (N),formal_definition_table_candidate,Check wording/category against AJCC manual; edit only if extraction merged/split rows incorrectly.
AJCC8,Urethra,N,N1,M0 IV Any T,B00884,205,780,Definition of Regional Lymph Node (N),formal_definition_table_candidate,Check wording/category against AJCC manual; edit only if extraction merged/split rows incorrectly.
AJCC8,Urethra,N,N2,"M0 IV Any T Any N M1 IV LG Low grade HG High grade Male Penile Urethra and Female Urethra T TX Primary tumor cannot be assessed T0 No evidence of primary tumor Ta Non-invasive papillary carcinoma Tis Carcinoma in situ T1 Tumor invades subepithelial connective tissue T2 Tumor invades any of the following: corpus spongiosum, periurethral muscle T3 Tumor invades any of the following: corpus cavernosum, anterior vagina T4 Tumor invades other adjacent organs (e.g., invasion of the bladder wall) Prostatic Urethra T T Definition TX Primary tumor cannot be assessed T0 No evidence of primary tumor Ta Non-invasive papillary carcinoma Tis Carcinoma in situ involving the prostatic urethra or periurethral or prostatic ducts without stromal invasion T1 Tumor invades urethral subepithelial connective tissue immediately underlying the urothelium T2 Tumor invades the prostatic stroma surrounding ducts either by direct extension from the urothelial surface or by invasion from prostatic ducts T3 Tumor invades the periprostatic fat T4 Tumor invades other adjacent organs (e.g., extraprostatic invasion of the bladder wall, rectal wall)",B00884,205,780,Definition of Regional Lymph Node (N),formal_definition_table_candidate,Check wording/category against AJCC manual; edit only if extraction merged/split rows incorrectly.
AJCC8,Eyelid Carcinoma,N,NX,Regional lymph nodes cannot be assessed,B00888,207,791,Definition of Regional Lymph Node (N),formal_definition_table_candidate,Check wording/category against AJCC manual; edit only if extraction merged/split rows incorrectly.
AJCC8,Eyelid Carcinoma,N,N0,No evidence of lymph node involvement,B00888,207,791,Definition of Regional Lymph Node (N),formal_definition_table_candidate,Check wording/category against AJCC manual; edit only if extraction merged/split rows incorrectly.
AJCC8,Eyelid Carcinoma,N,N1,"Metastasis in a single ipsilateral regional lymph node, <=3 cm in greatest dimension",B00888,207,791,Definition of Regional Lymph Node (N),formal_definition_table_candidate,Check wording/category against AJCC manual; edit only if extraction merged/split rows incorrectly.
AJCC8,Eyelid Carcinoma,N,N1a,Metastasis in a single ipsilateral lymph node based on clinical evaluation or imaging findings,B00888,207,791,Definition of Regional Lymph Node (N),formal_definition_table_candidate,Check wording/category against AJCC manual; edit only if extraction merged/split rows incorrectly.
AJCC8,Eyelid Carcinoma,N,N1b,Metastasis in a single ipsilateral lymph node based on lymph node biopsy,B00888,207,791,Definition of Regional Lymph Node (N),formal_definition_table_candidate,Check wording/category against AJCC manual; edit only if extraction merged/split rows incorrectly.
AJCC8,Eyelid Carcinoma,N,N2,"Metastasis in a single ipsilateral lymph node, >3 cm in greatest dimension, or in bilateral or contralateral lymph nodes",B00888,207,791,Definition of Regional Lymph Node (N),formal_definition_table_candidate,Check wording/category against AJCC manual; edit only if extraction merged/split rows incorrectly.
AJCC8,Eyelid Carcinoma,N,N2a,Metastasis documented based on clinical evaluation or imaging findings,B00888,207,791,Definition of Regional Lymph Node (N),formal_definition_table_candidate,Check wording/category against AJCC manual; edit only if extraction merged/split rows incorrectly.
AJCC8,Eyelid Carcinoma,N,N2b,Metastasis documented based on microscopic findings on lymph node biopsy,B00888,207,791,Definition of Regional Lymph Node (N),formal_definition_table_candidate,Check wording/category against AJCC manual; edit only if extraction merged/split rows incorrectly.
AJCC8,Eyelid Carcinoma,M,M0,No distant metastasis,B00889,207,791,Definition of Distant Metastasis (M),formal_definition_table_candidate,Check wording/category against AJCC manual; edit only if extraction merged/split rows incorrectly.
AJCC8,Eyelid Carcinoma,M,M1,Distant metastasis,B00889,207,791,Definition of Distant Metastasis (M),formal_definition_table_candidate,Check wording/category against AJCC manual; edit only if extraction merged/split rows incorrectly.
AJCC8,Eyelid Carcinoma,G,GX,Grade cannot be assessed,B00891,207,791,HISTOLOGIC GRADE (G),formal_definition_table_candidate,Check wording/category against AJCC manual; edit only if extraction merged/split rows incorrectly.
AJCC8,Eyelid Carcinoma,G,G1,Well differentiated,B00891,207,791,HISTOLOGIC GRADE (G),formal_definition_table_candidate,Check wording/category against AJCC manual; edit only if extraction merged/split rows incorrectly.
AJCC8,Eyelid Carcinoma,G,G2,Moderately differentiated,B00891,207,791,HISTOLOGIC GRADE (G),formal_definition_table_candidate,Check wording/category against AJCC manual; edit only if extraction merged/split rows incorrectly.
AJCC8,Eyelid Carcinoma,G,G3,Poorly differentiated,B00891,207,791,HISTOLOGIC GRADE (G),formal_definition_table_candidate,Check wording/category against AJCC manual; edit only if extraction merged/split rows incorrectly.
AJCC8,Eyelid Carcinoma,G,G4,Undifferentiated,B00891,207,791,HISTOLOGIC GRADE (G),formal_definition_table_candidate,Check wording/category against AJCC manual; edit only if extraction merged/split rows incorrectly.
AJCC8,Conjunctival Melanoma,T,TX,Primary tumor cannot be assessed,B00897,213,807,Definition of Primary Tumor (T),formal_definition_table_candidate,Check wording/category against AJCC manual; edit only if extraction merged/split rows incorrectly.
AJCC8,Conjunctival Melanoma,T,T0,No evidence of primary tumor cT Category cT Criteria,B00897,213,807,Definition of Primary Tumor (T),formal_definition_table_candidate,Check wording/category against AJCC manual; edit only if extraction merged/split rows incorrectly.
AJCC8,Conjunctival Melanoma,T,T1,Tumor of the bulbar conjunctiva,B00897,213,807,Definition of Primary Tumor (T),formal_definition_table_candidate,Check wording/category against AJCC manual; edit only if extraction merged/split rows incorrectly.
AJCC8,Conjunctival Melanoma,T,T1a,<1 quadrant,B00897,213,807,Definition of Primary Tumor (T),formal_definition_table_candidate,Check wording/category against AJCC manual; edit only if extraction merged/split rows incorrectly.
AJCC8,Conjunctival Melanoma,T,T1b,>=1 to <2 quadrants,B00897,213,807,Definition of Primary Tumor (T),formal_definition_table_candidate,Check wording/category against AJCC manual; edit only if extraction merged/split rows incorrectly.
AJCC8,Conjunctival Melanoma,T,T1c,>=2 to <3 quadrants T1d >=3 quadrants,B00897,213,807,Definition of Primary Tumor (T),formal_definition_table_candidate,Check wording/category against AJCC manual; edit only if extraction merged/split rows incorrectly.
AJCC8,Conjunctival Melanoma,T,T2,"Tumor of the nonbulbar (forniceal, palpebral, tarsal) conjunctiva, and tumor involving the caruncle",B00897,213,807,Definition of Primary Tumor (T),formal_definition_table_candidate,Check wording/category against AJCC manual; edit only if extraction merged/split rows incorrectly.
AJCC8,Conjunctival Melanoma,T,T2a,"Noncaruncular, and <=1 quadrant of the nonbulbar conjunctiva involved",B00897,213,807,Definition of Primary Tumor (T),formal_definition_table_candidate,Check wording/category against AJCC manual; edit only if extraction merged/split rows incorrectly.
AJCC8,Conjunctival Melanoma,T,T2b,"Noncaruncular, and >1 quadrant of the nonbulbar conjunctiva involved",B00897,213,807,Definition of Primary Tumor (T),formal_definition_table_candidate,Check wording/category against AJCC manual; edit only if extraction merged/split rows incorrectly.
AJCC8,Conjunctival Melanoma,T,T2c,"Caruncular, and <=1 quadrant of the nonbulbar conjunctiva involved T2d Caruncular, and >1 quadrant of the nonbulbar conjunctiva involved",B00897,213,807,Definition of Primary Tumor (T),formal_definition_table_candidate,Check wording/category against AJCC manual; edit only if extraction merged/split rows incorrectly.
AJCC8,Conjunctival Melanoma,T,T3,Tumor of any size with local invasion,B00897,213,807,Definition of Primary Tumor (T),formal_definition_table_candidate,Check wording/category against AJCC manual; edit only if extraction merged/split rows incorrectly.
AJCC8,Conjunctival Melanoma,T,T3a,Globe,B00897,213,807,Definition of Primary Tumor (T),formal_definition_table_candidate,Check wording/category against AJCC manual; edit only if extraction merged/split rows incorrectly.
AJCC8,Conjunctival Melanoma,T,T3b,Eyelid,B00897,213,807,Definition of Primary Tumor (T),formal_definition_table_candidate,Check wording/category against AJCC manual; edit only if extraction merged/split rows incorrectly.
AJCC8,Conjunctival Melanoma,T,T3c,Orbit T3d Nasolacrimal duct and/or lacrimal sac and/or paranasal sinuses,B00897,213,807,Definition of Primary Tumor (T),formal_definition_table_candidate,Check wording/category against AJCC manual; edit only if extraction merged/split rows incorrectly.
AJCC8,Conjunctival Melanoma,T,T4,Tumor of any size with invasion of the central nervous system,B00897,213,807,Definition of Primary Tumor (T),formal_definition_table_candidate,Check wording/category against AJCC manual; edit only if extraction merged/split rows incorrectly.
AJCC8,Uveal Melanoma,T,TX,Primary tumor cannot be assessed,B00901,215,820,Definition of Primary Tumor (T),formal_definition_table_candidate,Check wording/category against AJCC manual; edit only if extraction merged/split rows incorrectly.
AJCC8,Uveal Melanoma,T,T0,No evidence of primary tumor,B00901,215,820,Definition of Primary Tumor (T),formal_definition_table_candidate,Check wording/category against AJCC manual; edit only if extraction merged/split rows incorrectly.
AJCC8,Uveal Melanoma,T,T1,Tumor limited to the iris,B00901,215,820,Definition of Primary Tumor (T),formal_definition_table_candidate,Check wording/category against AJCC manual; edit only if extraction merged/split rows incorrectly.
AJCC8,Uveal Melanoma,T,T1a,"Tumor limited to the iris, not more than 3 clock hours in size",B00901,215,820,Definition of Primary Tumor (T),formal_definition_table_candidate,Check wording/category against AJCC manual; edit only if extraction merged/split rows incorrectly.
AJCC8,Uveal Melanoma,T,T1b,"Tumor limited to the iris, more than 3 clock hours in size",B00901,215,820,Definition of Primary Tumor (T),formal_definition_table_candidate,Check wording/category against AJCC manual; edit only if extraction merged/split rows incorrectly.
AJCC8,Uveal Melanoma,T,T1c,Tumor limited to the iris with secondary glaucoma,B00901,215,820,Definition of Primary Tumor (T),formal_definition_table_candidate,Check wording/category against AJCC manual; edit only if extraction merged/split rows incorrectly.
AJCC8,Uveal Melanoma,T,T2,"Tumor confluent with or extending into the ciliary body, choroid, or both",B00901,215,820,Definition of Primary Tumor (T),formal_definition_table_candidate,Check wording/category against AJCC manual; edit only if extraction merged/split rows incorrectly.
AJCC8,Uveal Melanoma,T,T2a,"Tumor confluent with or extending into the ciliary body, without secondary glaucoma",B00901,215,820,Definition of Primary Tumor (T),formal_definition_table_candidate,Check wording/category against AJCC manual; edit only if extraction merged/split rows incorrectly.
AJCC8,Uveal Melanoma,T,T2b,"Tumor confluent with or extending into the ciliary body and choroid, without secondary glaucoma",B00901,215,820,Definition of Primary Tumor (T),formal_definition_table_candidate,Check wording/category against AJCC manual; edit only if extraction merged/split rows incorrectly.
AJCC8,Uveal Melanoma,T,T2c,"Tumor confluent with or extending into the ciliary body, choroid, or both, with secondary glaucoma",B00901,215,820,Definition of Primary Tumor (T),formal_definition_table_candidate,Check wording/category against AJCC manual; edit only if extraction merged/split rows incorrectly.
AJCC8,Uveal Melanoma,T,T3,"Tumor confluent with or extending into the ciliary body, choroid, or both, with scleral extension",B00901,215,820,Definition of Primary Tumor (T),formal_definition_table_candidate,Check wording/category against AJCC manual; edit only if extraction merged/split rows incorrectly.
AJCC8,Uveal Melanoma,T,T4,Tumor with extrascleral extension,B00901,215,820,Definition of Primary Tumor (T),formal_definition_table_candidate,Check wording/category against AJCC manual; edit only if extraction merged/split rows incorrectly.
AJCC8,Uveal Melanoma,T,T4a,Tumor with extrascleral extension <=5 mm in largest diameter,B00901,215,820,Definition of Primary Tumor (T),formal_definition_table_candidate,Check wording/category against AJCC manual; edit only if extraction merged/split rows incorrectly.
AJCC8,Uveal Melanoma,T,T4b,"Tumor with extrascleral extension >5 mm in largest diameter Note: Iris melanomas originate from, and are predominantly located in, this region of the uvea. If less than half the tumor volume is located within the iris, the tumor may have originated in the ciliary body, and consideration should be given to classifying it accordingly. Choroidal and Ciliary Body Melanomas",B00901,215,820,Definition of Primary Tumor (T),formal_definition_table_candidate,Check wording/category against AJCC manual; edit only if extraction merged/split rows incorrectly.
AJCC8,Uveal Melanoma,T,T1,Tumor size category 1,B00901,215,820,Definition of Primary Tumor (T),formal_definition_table_candidate,Check wording/category against AJCC manual; edit only if extraction merged/split rows incorrectly.
AJCC8,Uveal Melanoma,T,T1a,Tumor size category 1 without ciliary body involvement and extraocular extension,B00901,215,820,Definition of Primary Tumor (T),formal_definition_table_candidate,Check wording/category against AJCC manual; edit only if extraction merged/split rows incorrectly.
AJCC8,Uveal Melanoma,T,T1b,Tumor size category 1 with ciliary body involvement,B00901,215,820,Definition of Primary Tumor (T),formal_definition_table_candidate,Check wording/category against AJCC manual; edit only if extraction merged/split rows incorrectly.
AJCC8,Uveal Melanoma,T,T1c,Tumor size category 1 without ciliary body involvement but with extraocular extension <=5 mm in largest diameter T1d Tumor size category 1 with ciliary body involvement and extraocular extension <=5 mm in largest diameter,B00901,215,820,Definition of Primary Tumor (T),formal_definition_table_candidate,Check wording/category against AJCC manual; edit only if extraction merged/split rows incorrectly.
AJCC8,Uveal Melanoma,T,T2,Tumor size category 2,B00901,215,820,Definition of Primary Tumor (T),formal_definition_table_candidate,Check wording/category against AJCC manual; edit only if extraction merged/split rows incorrectly.
AJCC8,Uveal Melanoma,T,T2a,Tumor size category 2 without ciliary body involvement and extraocular extension,B00901,215,820,Definition of Primary Tumor (T),formal_definition_table_candidate,Check wording/category against AJCC manual; edit only if extraction merged/split rows incorrectly.
AJCC8,Uveal Melanoma,T,T2b,Tumor size category 2 with ciliary body involvement,B00901,215,820,Definition of Primary Tumor (T),formal_definition_table_candidate,Check wording/category against AJCC manual; edit only if extraction merged/split rows incorrectly.
AJCC8,Uveal Melanoma,T,T2c,Tumor size category 2 without ciliary body involvement but with extraocular extension <=5 mm in largest diameter T2d Tumor size category 2 with ciliary body involvement and extraocular extension <=5 mm in largest diameter,B00901,215,820,Definition of Primary Tumor (T),formal_definition_table_candidate,Check wording/category against AJCC manual; edit only if extraction merged/split rows incorrectly.
AJCC8,Uveal Melanoma,T,T3,Tumor size category 3,B00901,215,820,Definition of Primary Tumor (T),formal_definition_table_candidate,Check wording/category against AJCC manual; edit only if extraction merged/split rows incorrectly.
AJCC8,Uveal Melanoma,T,T3a,Tumor size category 3 without ciliary body involvement and extraocular extension,B00901,215,820,Definition of Primary Tumor (T),formal_definition_table_candidate,Check wording/category against AJCC manual; edit only if extraction merged/split rows incorrectly.
AJCC8,Uveal Melanoma,T,T3b,Tumor size category 3 with ciliary body involvement,B00901,215,820,Definition of Primary Tumor (T),formal_definition_table_candidate,Check wording/category against AJCC manual; edit only if extraction merged/split rows incorrectly.
AJCC8,Uveal Melanoma,T,T3c,Tumor size category 3 without ciliary body involvement but with extraocular extension <=5 mm in largest diameter T3d Tumor size category 3 with ciliary body involvement and extraocular extension <=5 mm in largest diameter,B00901,215,820,Definition of Primary Tumor (T),formal_definition_table_candidate,Check wording/category against AJCC manual; edit only if extraction merged/split rows incorrectly.
AJCC8,Uveal Melanoma,T,T4,Tumor size category 4,B00901,215,820,Definition of Primary Tumor (T),formal_definition_table_candidate,Check wording/category against AJCC manual; edit only if extraction merged/split rows incorrectly.
AJCC8,Uveal Melanoma,T,T4a,Tumor size category 4 without ciliary body involvement and extraocular extension,B00901,215,820,Definition of Primary Tumor (T),formal_definition_table_candidate,Check wording/category against AJCC manual; edit only if extraction merged/split rows incorrectly.
AJCC8,Uveal Melanoma,T,T4b,Tumor size category 4 with ciliary body involvement,B00901,215,820,Definition of Primary Tumor (T),formal_definition_table_candidate,Check wording/category against AJCC manual; edit only if extraction merged/split rows incorrectly.
AJCC8,Uveal Melanoma,T,T4c,Tumor size category 4 without ciliary body involvement but with extraocular extension <=5 mm in largest diameter,B00901,215,820,Definition of Primary Tumor (T),formal_definition_table_candidate,Check wording/category against AJCC manual; edit only if extraction merged/split rows incorrectly.
AJCC8,Uveal Melanoma,N,NX,Regional lymph nodes cannot be assessed,B00902,216,821,Definition of Regional Lymph Node (N),formal_definition_table_candidate,Check wording/category against AJCC manual; edit only if extraction merged/split rows incorrectly.
AJCC8,Uveal Melanoma,N,N0,No regional lymph node involvement,B00902,216,821,Definition of Regional Lymph Node (N),formal_definition_table_candidate,Check wording/category against AJCC manual; edit only if extraction merged/split rows incorrectly.
AJCC8,Uveal Melanoma,N,N1,Regional lymph node metastases or discrete tumor deposits in the orbit,B00902,216,821,Definition of Regional Lymph Node (N),formal_definition_table_candidate,Check wording/category against AJCC manual; edit only if extraction merged/split rows incorrectly.
AJCC8,Uveal Melanoma,N,N1a,Metastasis in one or more regional lymph node(s),B00902,216,821,Definition of Regional Lymph Node (N),formal_definition_table_candidate,Check wording/category against AJCC manual; edit only if extraction merged/split rows incorrectly.
AJCC8,Uveal Melanoma,N,N1b,"No regional lymph nodes are positive, but there are discrete tumor deposits in the orbit that are not contiguous to the eye (choroidal and ciliary body).",B00902,216,821,Definition of Regional Lymph Node (N),formal_definition_table_candidate,Check wording/category against AJCC manual; edit only if extraction merged/split rows incorrectly.
AJCC8,Uveal Melanoma,M,M0,No distant metastasis by clinical classification,B00903,216,821,Definition of Distant Metastasis (M),formal_definition_table_candidate,Check wording/category against AJCC manual; edit only if extraction merged/split rows incorrectly.
AJCC8,Uveal Melanoma,M,M1,Distant metastasis,B00903,216,821,Definition of Distant Metastasis (M),formal_definition_table_candidate,Check wording/category against AJCC manual; edit only if extraction merged/split rows incorrectly.
AJCC8,Uveal Melanoma,M,M1a,Largest diameter of the largest metastasis <=3.0 cm,B00903,216,821,Definition of Distant Metastasis (M),formal_definition_table_candidate,Check wording/category against AJCC manual; edit only if extraction merged/split rows incorrectly.
AJCC8,Uveal Melanoma,M,M1b,Largest diameter of the largest metastasis 3.1-8.0 cm,B00903,216,821,Definition of Distant Metastasis (M),formal_definition_table_candidate,Check wording/category against AJCC manual; edit only if extraction merged/split rows incorrectly.
AJCC8,Uveal Melanoma,M,M1c,Largest diameter of the largest metastasis >=8.1 cm,B00903,216,821,Definition of Distant Metastasis (M),formal_definition_table_candidate,Check wording/category against AJCC manual; edit only if extraction merged/split rows incorrectly.
AJCC8,Uveal Melanoma,G,GX,Grade cannot be assessed,B00905,216,821,HISTOLOGIC GRADE (G),formal_definition_table_candidate,Check wording/category against AJCC manual; edit only if extraction merged/split rows incorrectly.
AJCC8,Uveal Melanoma,G,G1,Spindle cell melanoma (>90% spindle cells),B00905,216,821,HISTOLOGIC GRADE (G),formal_definition_table_candidate,Check wording/category against AJCC manual; edit only if extraction merged/split rows incorrectly.
AJCC8,Uveal Melanoma,G,G2,Mixed cell melanoma (>10% epithelioid cells and <90% spindle cells),B00905,216,821,HISTOLOGIC GRADE (G),formal_definition_table_candidate,Check wording/category against AJCC manual; edit only if extraction merged/split rows incorrectly.
AJCC8,Uveal Melanoma,G,G3,"Epithelioid cell melanoma (>90% epithelioid cells) Note: Because of the lack of universal agreement regarding which pro- portion of epithelioid cells classifies a tumor as mixed or epithelioid, some ophthalmic pathologists currently combine grades 2 and 3 (non- spindle, i.e. epithelioid cells detected) and contrast them with grade 1 (spindle, i.e. no epithelioid cells detected).",B00905,216,821,HISTOLOGIC GRADE (G),formal_definition_table_candidate,Check wording/category against AJCC manual; edit only if extraction merged/split rows incorrectly.
AJCC8,Retinoblastoma,G,GX,Grade cannot be assessed,B00915,220,834,HISTOLOGIC GRADE (G),formal_definition_table_candidate,Check wording/category against AJCC manual; edit only if extraction merged/split rows incorrectly.
AJCC8,Retinoblastoma,G,G1,Tumor with areas of retinoma (fleurettes or neuronal differentiation),B00915,220,834,HISTOLOGIC GRADE (G),formal_definition_table_candidate,Check wording/category against AJCC manual; edit only if extraction merged/split rows incorrectly.
AJCC8,Retinoblastoma,G,G2,Tumor with many rosettes (Flexner-Wintersteiner or Homer Wright),B00915,220,834,HISTOLOGIC GRADE (G),formal_definition_table_candidate,Check wording/category against AJCC manual; edit only if extraction merged/split rows incorrectly.
AJCC8,Retinoblastoma,G,G3,Tumor with occasional rosettes (Flexner-Wintersteiner or Homer Wright),B00915,220,834,HISTOLOGIC GRADE (G),formal_definition_table_candidate,Check wording/category against AJCC manual; edit only if extraction merged/split rows incorrectly.
AJCC8,Retinoblastoma,G,G4,Tumor with poorly differentiated cells without rosettes and/or with extensive areas (more than half of tumor) of anaplasia,B00915,220,834,HISTOLOGIC GRADE (G),formal_definition_table_candidate,Check wording/category against AJCC manual; edit only if extraction merged/split rows incorrectly.
AJCC8,Ocular Adnexal Lymphoma,T,TX,Lymphoma extent not specified,B00921,227,860,Definition of Primary Tumor (T),formal_definition_table_candidate,Check wording/category against AJCC manual; edit only if extraction merged/split rows incorrectly.
AJCC8,Ocular Adnexal Lymphoma,T,T0,No evidence of lymphoma,B00921,227,860,Definition of Primary Tumor (T),formal_definition_table_candidate,Check wording/category against AJCC manual; edit only if extraction merged/split rows incorrectly.
AJCC8,Ocular Adnexal Lymphoma,T,T1,Lymphoma involving the conjunctiva alone without eyelid or orbital involvement,B00921,227,860,Definition of Primary Tumor (T),formal_definition_table_candidate,Check wording/category against AJCC manual; edit only if extraction merged/split rows incorrectly.
AJCC8,Ocular Adnexal Lymphoma,T,T2,Lymphoma with orbital involvement with or without conjunctival involvement,B00921,227,860,Definition of Primary Tumor (T),formal_definition_table_candidate,Check wording/category against AJCC manual; edit only if extraction merged/split rows incorrectly.
AJCC8,Ocular Adnexal Lymphoma,T,T3,Lymphoma with preseptal eyelid involvement with or without orbital involvement and with or without conjunctival involvement,B00921,227,860,Definition of Primary Tumor (T),formal_definition_table_candidate,Check wording/category against AJCC manual; edit only if extraction merged/split rows incorrectly.
AJCC8,Ocular Adnexal Lymphoma,T,T4,"Orbital adnexal lymphoma and extraorbital lymphoma extending beyond the orbit to adjacent structures, such as bone, maxillofacial sinuses, and brain.",B00921,227,860,Definition of Primary Tumor (T),formal_definition_table_candidate,Check wording/category against AJCC manual; edit only if extraction merged/split rows incorrectly.
AJCC8,Ocular Adnexal Lymphoma,N,NX,Involvement of lymph nodes not assessed,B00922,227,860,Definition of Regional Lymph Node (N),formal_definition_table_candidate,Check wording/category against AJCC manual; edit only if extraction merged/split rows incorrectly.
AJCC8,Ocular Adnexal Lymphoma,N,N0,No evidence of lymph node involvement,B00922,227,860,Definition of Regional Lymph Node (N),formal_definition_table_candidate,Check wording/category against AJCC manual; edit only if extraction merged/split rows incorrectly.
AJCC8,Ocular Adnexal Lymphoma,N,N1,"Involvement of lymph node region or regions draining the ocular adnexal structures and superior to the mediastinum (preauricular, parotid, submandibular, and cervical nodes)",B00922,227,860,Definition of Regional Lymph Node (N),formal_definition_table_candidate,Check wording/category against AJCC manual; edit only if extraction merged/split rows incorrectly.
AJCC8,Ocular Adnexal Lymphoma,N,N1a,Involvement of a single lymph node region superior to the mediastinum,B00922,227,860,Definition of Regional Lymph Node (N),formal_definition_table_candidate,Check wording/category against AJCC manual; edit only if extraction merged/split rows incorrectly.
AJCC8,Ocular Adnexal Lymphoma,N,N1b,"Involvement of two or more lymph node regions, superior to the mediastinum",B00922,227,860,Definition of Regional Lymph Node (N),formal_definition_table_candidate,Check wording/category against AJCC manual; edit only if extraction merged/split rows incorrectly.
AJCC8,Ocular Adnexal Lymphoma,N,N2,Involvement of lymph node regions of the mediastinum,B00922,227,860,Definition of Regional Lymph Node (N),formal_definition_table_candidate,Check wording/category against AJCC manual; edit only if extraction merged/split rows incorrectly.
AJCC8,Ocular Adnexal Lymphoma,N,N3,Diffuse or disseminated involvement of peripheral and central lymph node regions,B00922,227,860,Definition of Regional Lymph Node (N),formal_definition_table_candidate,Check wording/category against AJCC manual; edit only if extraction merged/split rows incorrectly.
AJCC8,Ocular Adnexal Lymphoma,M,M0,No evidence of involvement of other extranodal sites,B00923,227,860,Definition of Distant Metastasis (M),formal_definition_table_candidate,Check wording/category against AJCC manual; edit only if extraction merged/split rows incorrectly.
AJCC8,Ocular Adnexal Lymphoma,M,M1,Evidence of involvement of other extranodal sites,B00923,227,860,Definition of Distant Metastasis (M),formal_definition_table_candidate,Check wording/category against AJCC manual; edit only if extraction merged/split rows incorrectly.
AJCC8,Ocular Adnexal Lymphoma,M,M1a,"Noncontiguous involvement of tissues or organs external to the ocular adnexa (e.g., parotid glands, submandibular gland, lung, liver, spleen, kidney, breast)",B00923,227,860,Definition of Distant Metastasis (M),formal_definition_table_candidate,Check wording/category against AJCC manual; edit only if extraction merged/split rows incorrectly.
AJCC8,Ocular Adnexal Lymphoma,M,M1b,Lymphomatous involvement of the bone marrow,B00923,227,860,Definition of Distant Metastasis (M),formal_definition_table_candidate,Check wording/category against AJCC manual; edit only if extraction merged/split rows incorrectly.
AJCC8,Ocular Adnexal Lymphoma,M,M1c,Both M1a and M1b involvement,B00923,227,860,Definition of Distant Metastasis (M),formal_definition_table_candidate,Check wording/category against AJCC manual; edit only if extraction merged/split rows incorrectly.
AJCC8,Ocular Adnexal Lymphoma,G,GX,Grade cannot be assessed,B00925,227,860,HISTOLOGIC GRADE (G),formal_definition_table_candidate,Check wording/category against AJCC manual; edit only if extraction merged/split rows incorrectly.
AJCC8,Ocular Adnexal Lymphoma,G,G1,1-5 centroblasts per 10 high-power fields (HPF),B00925,227,860,HISTOLOGIC GRADE (G),formal_definition_table_candidate,Check wording/category against AJCC manual; edit only if extraction merged/split rows incorrectly.
AJCC8,Ocular Adnexal Lymphoma,G,G2,Between 5 and 15 centroblasts per 10 HPF,B00925,227,860,HISTOLOGIC GRADE (G),formal_definition_table_candidate,Check wording/category against AJCC manual; edit only if extraction merged/split rows incorrectly.
AJCC8,Ocular Adnexal Lymphoma,G,G3,More than 15 centroblasts per 10 HPF but with admixed centrocytes,B00925,227,860,HISTOLOGIC GRADE (G),formal_definition_table_candidate,Check wording/category against AJCC manual; edit only if extraction merged/split rows incorrectly.
AJCC8,Ocular Adnexal Lymphoma,G,G4,More than 15 centroblasts per 10 HPF but without centrocytes,B00925,227,860,HISTOLOGIC GRADE (G),formal_definition_table_candidate,Check wording/category against AJCC manual; edit only if extraction merged/split rows incorrectly.
AJCC8,Thyroid - Differentiated and Anaplastic Carcinoma,T,TX,Primary tumor cannot be assessed,B00935,234,891,Definition of Primary Tumor (T),formal_definition_table_candidate,Check wording/category against AJCC manual; edit only if extraction merged/split rows incorrectly.
AJCC8,Thyroid - Differentiated and Anaplastic Carcinoma,T,T0,No evidence of primary tumor,B00935,234,891,Definition of Primary Tumor (T),formal_definition_table_candidate,Check wording/category against AJCC manual; edit only if extraction merged/split rows incorrectly.
AJCC8,Thyroid - Differentiated and Anaplastic Carcinoma,T,T1,Tumor <=2 cm in greatest dimension limited to the thyroid,B00935,234,891,Definition of Primary Tumor (T),formal_definition_table_candidate,Check wording/category against AJCC manual; edit only if extraction merged/split rows incorrectly.
AJCC8,Thyroid - Differentiated and Anaplastic Carcinoma,T,T1a,Tumor <=1 cm in greatest dimension limited to the thyroid,B00935,234,891,Definition of Primary Tumor (T),formal_definition_table_candidate,Check wording/category against AJCC manual; edit only if extraction merged/split rows incorrectly.
AJCC8,Thyroid - Differentiated and Anaplastic Carcinoma,T,T1b,Tumor >1 cm but <=2 cm in greatest dimension limited to the thyroid,B00935,234,891,Definition of Primary Tumor (T),formal_definition_table_candidate,Check wording/category against AJCC manual; edit only if extraction merged/split rows incorrectly.
AJCC8,Thyroid - Differentiated and Anaplastic Carcinoma,T,T2,Tumor >2 cm but <=4 cm in greatest dimension limited to the thyroid,B00935,234,891,Definition of Primary Tumor (T),formal_definition_table_candidate,Check wording/category against AJCC manual; edit only if extraction merged/split rows incorrectly.
AJCC8,Thyroid - Differentiated and Anaplastic Carcinoma,T,T3,"Tumor >4 cm limited to the thyroid, or gross extrathyroidal extension invading only strap muscles",B00935,234,891,Definition of Primary Tumor (T),formal_definition_table_candidate,Check wording/category against AJCC manual; edit only if extraction merged/split rows incorrectly.
AJCC8,Thyroid - Differentiated and Anaplastic Carcinoma,T,T3a,Tumor >4 cm limited to the thyroid,B00935,234,891,Definition of Primary Tumor (T),formal_definition_table_candidate,Check wording/category against AJCC manual; edit only if extraction merged/split rows incorrectly.
AJCC8,Thyroid - Differentiated and Anaplastic Carcinoma,T,T3b,"Gross extrathyroidal extension invading only strap muscles (sternohyoid, sternothyroid, thyrohyoid, or omohyoid muscles) from a tumor of any size",B00935,234,891,Definition of Primary Tumor (T),formal_definition_table_candidate,Check wording/category against AJCC manual; edit only if extraction merged/split rows incorrectly.
AJCC8,Thyroid - Differentiated and Anaplastic Carcinoma,T,T4,Includes gross extrathyroidal extension beyond the strap muscles,B00935,234,891,Definition of Primary Tumor (T),formal_definition_table_candidate,Check wording/category against AJCC manual; edit only if extraction merged/split rows incorrectly.
AJCC8,Thyroid - Differentiated and Anaplastic Carcinoma,T,T4a,"Gross extrathyroidal extension invading subcutaneous soft tissues, larynx, trachea, esophagus, or recurrent laryngeal nerve from a tumor of any size",B00935,234,891,Definition of Primary Tumor (T),formal_definition_table_candidate,Check wording/category against AJCC manual; edit only if extraction merged/split rows incorrectly.
AJCC8,Thyroid - Differentiated and Anaplastic Carcinoma,T,T4b,Gross extrathyroidal extension invading prevertebral fascia or encasing the carotid artery or mediastinal vessels from a tumor of any size Note: All categories may be subdivided: (s) solitary tumor and (m) multifocal tumor (the largest tumor determines the classification).,B00935,234,891,Definition of Primary Tumor (T),formal_definition_table_candidate,Check wording/category against AJCC manual; edit only if extraction merged/split rows incorrectly.
AJCC8,Thyroid - Differentiated and Anaplastic Carcinoma,N,NX,Regional lymph nodes cannot be assessed,B00936,234,891,Definition of Regional Lymph Node (N),formal_definition_table_candidate,Check wording/category against AJCC manual; edit only if extraction merged/split rows incorrectly.
AJCC8,Thyroid - Differentiated and Anaplastic Carcinoma,N,N0,No evidence of locoregional lymph node metastasis N0a One or more cytologically or histologically confirmed benign lymph nodes N0b No radiologic or clinical evidence of locoregional lymph node metastasis,B00936,234,891,Definition of Regional Lymph Node (N),formal_definition_table_candidate,Check wording/category against AJCC manual; edit only if extraction merged/split rows incorrectly.
AJCC8,Thyroid - Differentiated and Anaplastic Carcinoma,N,N1,Metastasis to regional nodes,B00936,234,891,Definition of Regional Lymph Node (N),formal_definition_table_candidate,Check wording/category against AJCC manual; edit only if extraction merged/split rows incorrectly.
AJCC8,Thyroid - Differentiated and Anaplastic Carcinoma,N,N1a,"Metastasis to level VI or VII (pretracheal, paratracheal, or prelaryngeal/Delphian, or upper mediastinal) lymph nodes. This can be unilateral or bilateral disease.",B00936,234,891,Definition of Regional Lymph Node (N),formal_definition_table_candidate,Check wording/category against AJCC manual; edit only if extraction merged/split rows incorrectly.
AJCC8,Thyroid - Differentiated and Anaplastic Carcinoma,N,N1b,"Metastasis to unilateral, bilateral, or contralateral lateral neck lymph nodes (levels I, II, III, IV, or V) or retropharyngeal lymph nodes 73 Thyroid - Differentiated and Anaplastic Carcinoma",B00936,234,891,Definition of Regional Lymph Node (N),formal_definition_table_candidate,Check wording/category against AJCC manual; edit only if extraction merged/split rows incorrectly.
AJCC8,Thyroid - Differentiated and Anaplastic Carcinoma,M,M0,No distant metastasis,B00937,235,892,Definition of Distant Metastasis (M),formal_definition_table_candidate,Check wording/category against AJCC manual; edit only if extraction merged/split rows incorrectly.
AJCC8,Thyroid - Differentiated and Anaplastic Carcinoma,M,M1,Distant metastasis,B00937,235,892,Definition of Distant Metastasis (M),formal_definition_table_candidate,Check wording/category against AJCC manual; edit only if extraction merged/split rows incorrectly.
AJCC8,Thyroid - Medullary,T,TX,Primary tumor cannot be assessed,B00942,239,905,Definition of Primary Tumor (T),formal_definition_table_candidate,Check wording/category against AJCC manual; edit only if extraction merged/split rows incorrectly.
AJCC8,Thyroid - Medullary,T,T0,No evidence of primary tumor,B00942,239,905,Definition of Primary Tumor (T),formal_definition_table_candidate,Check wording/category against AJCC manual; edit only if extraction merged/split rows incorrectly.
AJCC8,Thyroid - Medullary,T,T1,Tumor <=2 cm in greatest dimension limited to the thyroid,B00942,239,905,Definition of Primary Tumor (T),formal_definition_table_candidate,Check wording/category against AJCC manual; edit only if extraction merged/split rows incorrectly.
AJCC8,Thyroid - Medullary,T,T1a,Tumor <=1 cm in greatest dimension limited to the thyroid,B00942,239,905,Definition of Primary Tumor (T),formal_definition_table_candidate,Check wording/category against AJCC manual; edit only if extraction merged/split rows incorrectly.
AJCC8,Thyroid - Medullary,T,T1b,Tumor >1 cm but <=2 cm in greatest dimension limited to the thyroid,B00942,239,905,Definition of Primary Tumor (T),formal_definition_table_candidate,Check wording/category against AJCC manual; edit only if extraction merged/split rows incorrectly.
AJCC8,Thyroid - Medullary,T,T2,Tumor >2 cm but <=4 cm in greatest dimension limited to the thyroid,B00942,239,905,Definition of Primary Tumor (T),formal_definition_table_candidate,Check wording/category against AJCC manual; edit only if extraction merged/split rows incorrectly.
AJCC8,Thyroid - Medullary,T,T3,Tumor >4 cm or with extrathyroidal extension,B00942,239,905,Definition of Primary Tumor (T),formal_definition_table_candidate,Check wording/category against AJCC manual; edit only if extraction merged/split rows incorrectly.
AJCC8,Thyroid - Medullary,T,T3a,Tumor >4 cm in greatest dimension limited to the thyroid,B00942,239,905,Definition of Primary Tumor (T),formal_definition_table_candidate,Check wording/category against AJCC manual; edit only if extraction merged/split rows incorrectly.
AJCC8,Thyroid - Medullary,T,T3b,"Tumor of any size with gross extrathyroidal extension invading only strap muscles (sternohyoid, sternothyroid, thyrohyoid or omohyoid muscles)",B00942,239,905,Definition of Primary Tumor (T),formal_definition_table_candidate,Check wording/category against AJCC manual; edit only if extraction merged/split rows incorrectly.
AJCC8,Thyroid - Medullary,T,T4,Advanced disease,B00942,239,905,Definition of Primary Tumor (T),formal_definition_table_candidate,Check wording/category against AJCC manual; edit only if extraction merged/split rows incorrectly.
AJCC8,Thyroid - Medullary,T,T4a,"Moderately advanced disease; tumor of any size with gross extrathyroidal extension into the nearby tissues of the neck, including subcutaneous soft tissue, larynx, trachea, esophagus, or recurrent laryngeal nerve",B00942,239,905,Definition of Primary Tumor (T),formal_definition_table_candidate,Check wording/category against AJCC manual; edit only if extraction merged/split rows incorrectly.
AJCC8,Thyroid - Medullary,T,T4b,"Very advanced disease; tumor of any size with extension toward the spine or into nearby large blood vessels, gross extrathyroidal extension invading the prevertebral fascia, or encasing the carotid artery or mediastinal vessels",B00942,239,905,Definition of Primary Tumor (T),formal_definition_table_candidate,Check wording/category against AJCC manual; edit only if extraction merged/split rows incorrectly.
AJCC8,Thyroid - Medullary,N,NX,Regional lymph nodes cannot be assessed,B00943,239,905,Definition of Regional Lymph Node (N),formal_definition_table_candidate,Check wording/category against AJCC manual; edit only if extraction merged/split rows incorrectly.
AJCC8,Thyroid - Medullary,N,N0,No evidence of locoregional lymph node metastasis N0a One or more cytologically or histologically confirmed benign lymph nodes N0b No radiologic or clinical evidence of locoregional lymph node metastasis,B00943,239,905,Definition of Regional Lymph Node (N),formal_definition_table_candidate,Check wording/category against AJCC manual; edit only if extraction merged/split rows incorrectly.
AJCC8,Thyroid - Medullary,N,N1,Metastasis to regional nodes,B00943,239,905,Definition of Regional Lymph Node (N),formal_definition_table_candidate,Check wording/category against AJCC manual; edit only if extraction merged/split rows incorrectly.
AJCC8,Thyroid - Medullary,N,N1a,"Metastasis to level VI or VII (pretracheal, paratracheal, or prelaryngeal/Delphian, or upper mediastinal) lymph nodes. This can be unilateral or bilateral disease.",B00943,239,905,Definition of Regional Lymph Node (N),formal_definition_table_candidate,Check wording/category against AJCC manual; edit only if extraction merged/split rows incorrectly.
AJCC8,Thyroid - Medullary,N,N1b,"Metastasis to unilateral, bilateral, or contralateral lateral neck lymph nodes levels I, II, III, IV, or V) or retropharyngeal lymph nodes",B00943,239,905,Definition of Regional Lymph Node (N),formal_definition_table_candidate,Check wording/category against AJCC manual; edit only if extraction merged/split rows incorrectly.
AJCC8,Thyroid - Medullary,M,M0,No distant metastasis,B00944,239,905,Definition of Distant Metastasis (M),formal_definition_table_candidate,Check wording/category against AJCC manual; edit only if extraction merged/split rows incorrectly.
AJCC8,Thyroid - Medullary,M,M1,Distant metastasis,B00944,239,905,Definition of Distant Metastasis (M),formal_definition_table_candidate,Check wording/category against AJCC manual; edit only if extraction merged/split rows incorrectly.
AJCC8,Primary Cutaneous Lymphomas,N,NX,Clinically abnormal peripheral lymph nodes; no histologic confirmation,B00955,252,978,Definition of Regional Lymph Node (N),formal_definition_table_candidate,Check wording/category against AJCC manual; edit only if extraction merged/split rows incorrectly.
AJCC8,Primary Cutaneous Lymphomas,N,N0,No clinically abnormal peripheral lymph nodes*; biopsy not required,B00955,252,978,Definition of Regional Lymph Node (N),formal_definition_table_candidate,Check wording/category against AJCC manual; edit only if extraction merged/split rows incorrectly.
AJCC8,Primary Cutaneous Lymphomas,N,N1,Clinically abnormal peripheral lymph nodes; histopathology Dutch grade 1 or National Cancer Institute (NCI) LN0-2,B00955,252,978,Definition of Regional Lymph Node (N),formal_definition_table_candidate,Check wording/category against AJCC manual; edit only if extraction merged/split rows incorrectly.
AJCC8,Primary Cutaneous Lymphomas,N,N1a,Clone negative**,B00955,252,978,Definition of Regional Lymph Node (N),formal_definition_table_candidate,Check wording/category against AJCC manual; edit only if extraction merged/split rows incorrectly.
AJCC8,Primary Cutaneous Lymphomas,N,N1b,Clone positive**,B00955,252,978,Definition of Regional Lymph Node (N),formal_definition_table_candidate,Check wording/category against AJCC manual; edit only if extraction merged/split rows incorrectly.
AJCC8,Primary Cutaneous Lymphomas,N,N2,Clinically abnormal peripheral lymph nodes; histopathology Dutch grade 2 or NCI LN3,B00955,252,978,Definition of Regional Lymph Node (N),formal_definition_table_candidate,Check wording/category against AJCC manual; edit only if extraction merged/split rows incorrectly.
AJCC8,Primary Cutaneous Lymphomas,N,N2a,Clone negative**,B00955,252,978,Definition of Regional Lymph Node (N),formal_definition_table_candidate,Check wording/category against AJCC manual; edit only if extraction merged/split rows incorrectly.
AJCC8,Primary Cutaneous Lymphomas,N,N2b,Clone positive**,B00955,252,978,Definition of Regional Lymph Node (N),formal_definition_table_candidate,Check wording/category against AJCC manual; edit only if extraction merged/split rows incorrectly.
AJCC8,Primary Cutaneous Lymphomas,N,N3,"Clinically abnormal peripheral lymph nodes; Histopathology Dutch grades 3-4 or NCI LN4; clone positive or negative *For node, abnormal peripheral lymph node(s) indicates any palpable peripheral node that on physical examination is firm, irregular, clustered, fixed or >=1.5 cm in diameter. Node groups examined on physical examination include cervical, supraclavicular, epitrochlear, axillary, and inguinal. Central nodes, which generally are not amenable to pathological assessment, currently are not considered in the nodal classification unless used to establish N3 histopathologically. **A T-cell clone is defined by polymerase chain reaction (PCR) or Southern blot analysis of the TCR gene.",B00955,252,978,Definition of Regional Lymph Node (N),formal_definition_table_candidate,Check wording/category against AJCC manual; edit only if extraction merged/split rows incorrectly.
AJCC8,Primary Cutaneous Lymphomas,M,M0,No visceral organ involvement,B00956,252,978,Definition of Distant Metastasis (M),formal_definition_table_candidate,Check wording/category against AJCC manual; edit only if extraction merged/split rows incorrectly.
AJCC8,Primary Cutaneous Lymphomas,M,M1,"Visceral involvement (must have pathology confirmation,* and organ involved should be specified) *For viscera, spleen and liver may be diagnosed by imaging criteria. Peripheral Blood Involvement (B) B Category B Criteria B0 Absence of significant blood involvement: <=5% of peripheral blood lymphocytes are atypical (Sézary) cells* B0a Clone negative** B0b Clone positive** B1 Low blood tumor burden: >5% of peripheral blood lymphocytes are atypical (Sézary) cells, but does not meet the criteria of B2 (continued)",B00956,252,978,Definition of Distant Metastasis (M),formal_definition_table_candidate,Check wording/category against AJCC manual; edit only if extraction merged/split rows incorrectly.
AJCC8,Primary Cutaneous Lymphomas,T,T1,Solitary skin involvement,B00959,253,979,Definition of Primary Tumor (T),formal_definition_table_candidate,Check wording/category against AJCC manual; edit only if extraction merged/split rows incorrectly.
AJCC8,Primary Cutaneous Lymphomas,T,T1a,Solitary lesion <5 cm,B00959,253,979,Definition of Primary Tumor (T),formal_definition_table_candidate,Check wording/category against AJCC manual; edit only if extraction merged/split rows incorrectly.
AJCC8,Primary Cutaneous Lymphomas,T,T1b,Solitary lesion >=5 cm,B00959,253,979,Definition of Primary Tumor (T),formal_definition_table_candidate,Check wording/category against AJCC manual; edit only if extraction merged/split rows incorrectly.
AJCC8,Primary Cutaneous Lymphomas,T,T2,Regional skin involvement: multiple lesions limited to one body region or two contiguous body regions,B00959,253,979,Definition of Primary Tumor (T),formal_definition_table_candidate,Check wording/category against AJCC manual; edit only if extraction merged/split rows incorrectly.
AJCC8,Primary Cutaneous Lymphomas,T,T2a,All disease encompassing in a <15-cm circular area,B00959,253,979,Definition of Primary Tumor (T),formal_definition_table_candidate,Check wording/category against AJCC manual; edit only if extraction merged/split rows incorrectly.
AJCC8,Primary Cutaneous Lymphomas,T,T2b,All disease encompassing in a >=15-cm and <30-cm circular area,B00959,253,979,Definition of Primary Tumor (T),formal_definition_table_candidate,Check wording/category against AJCC manual; edit only if extraction merged/split rows incorrectly.
AJCC8,Primary Cutaneous Lymphomas,T,T2c,All disease encompassing in a >=30-cm circular area,B00959,253,979,Definition of Primary Tumor (T),formal_definition_table_candidate,Check wording/category against AJCC manual; edit only if extraction merged/split rows incorrectly.
AJCC8,Primary Cutaneous Lymphomas,T,T3,Generalized skin involvement,B00959,253,979,Definition of Primary Tumor (T),formal_definition_table_candidate,Check wording/category against AJCC manual; edit only if extraction merged/split rows incorrectly.
AJCC8,Primary Cutaneous Lymphomas,T,T3a,Multiple lesions involving 2 noncontiguous body regions,B00959,253,979,Definition of Primary Tumor (T),formal_definition_table_candidate,Check wording/category against AJCC manual; edit only if extraction merged/split rows incorrectly.
AJCC8,Primary Cutaneous Lymphomas,T,T3b,"Multiple lesions involving >=3 body regions B Category B Criteria B1a Clone negative** B1b Clone positive** B2 High blood tumor burden: >=1,000/μL Sézary cells* with positive clone** *For blood, Sézary cells are defined as lymphocytes with hyperconvoluted cerebriform nuclei. If Sézary cells cannot be used to determine tumor burden for B2, then one of the following modified ISCL criteria, along with a positive clonal rearrangement of the TCR, may be used instead: (1) expanded CD4+ or CD3+ cells with a CD4/CD8 ratio of >=10, or (2) expanded CD4+ cells with abnormal immunophenotype, including loss of CD7 or CD26. **A T-cell clone is defined by PCR or Southern blot analysis of the TCR gene. From Olsen et al., with permission from the American Society of Hematology.1 ISCL/EORTC revision to the staging of mycosis fungoides and Sézary syndrome When T is… And N is… And M is… And peripheral blood involvement (B) is… Then the stage group is… T1,2 N1,2 M0 B0,1 IIA",B00959,253,979,Definition of Primary Tumor (T),formal_definition_table_candidate,Check wording/category against AJCC manual; edit only if extraction merged/split rows incorrectly.
AJCC8,Primary Cutaneous Lymphomas,T,T3,"N0-2 M0 B0,1 IIB",B00959,253,979,Definition of Primary Tumor (T),formal_definition_table_candidate,Check wording/category against AJCC manual; edit only if extraction merged/split rows incorrectly.
AJCC8,Primary Cutaneous Lymphomas,T,T4,"N0-2 M0 B0,1 III",B00959,253,979,Definition of Primary Tumor (T),formal_definition_table_candidate,Check wording/category against AJCC manual; edit only if extraction merged/split rows incorrectly.
AJCC8,Primary Cutaneous Lymphomas,T,T4,N0-2 M0 B0 IIIA,B00959,253,979,Definition of Primary Tumor (T),formal_definition_table_candidate,Check wording/category against AJCC manual; edit only if extraction merged/split rows incorrectly.
AJCC8,Primary Cutaneous Lymphomas,T,T4,"N0-2 M0 B1 IIIB T1-4 N0-2 M0 B2 IVA1 T1-4 N3 M0 B0-2 IVA2 T1-4 N0-3 M1 B0-2 IVB From Olsen et al.,1 with permission from the American Society of Hematology.",B00959,253,979,Definition of Primary Tumor (T),formal_definition_table_candidate,Check wording/category against AJCC manual; edit only if extraction merged/split rows incorrectly.
AJCC8,Primary Cutaneous Lymphomas,N,NX,Regional lymph nodes cannot be assessed,B00960,253,979,Definition of Regional Lymph Node (N),formal_definition_table_candidate,Check wording/category against AJCC manual; edit only if extraction merged/split rows incorrectly.
AJCC8,Primary Cutaneous Lymphomas,N,N0,No clinical or pathological lymph node involvement,B00960,253,979,Definition of Regional Lymph Node (N),formal_definition_table_candidate,Check wording/category against AJCC manual; edit only if extraction merged/split rows incorrectly.
AJCC8,Primary Cutaneous Lymphomas,N,N1,Involvement of one peripheral node region that drains an area of current or prior skin involvement,B00960,253,979,Definition of Regional Lymph Node (N),formal_definition_table_candidate,Check wording/category against AJCC manual; edit only if extraction merged/split rows incorrectly.
AJCC8,Primary Cutaneous Lymphomas,N,N2,Involvement of two or more peripheral node regions or involvement of any lymph node region that does not drain an area of current or prior skin involvement,B00960,253,979,Definition of Regional Lymph Node (N),formal_definition_table_candidate,Check wording/category against AJCC manual; edit only if extraction merged/split rows incorrectly.
AJCC8,Primary Cutaneous Lymphomas,N,N3,Involvement of cenrowal nodes (continued) 81 Primary Cutaneous Lymphomas,B00960,253,979,Definition of Regional Lymph Node (N),formal_definition_table_candidate,Check wording/category against AJCC manual; edit only if extraction merged/split rows incorrectly.
