site,edition,classification,t,n,m,grade,location,stage,note
Cervical Lymph Nodes and Unknown Primary Tumors of the Head and Neck,AJCC8,any,T0,N1,M0,Any,Any,III,source_page=16; extract_method=tnm_stage | provenance=auto_extracted_from_uploaded_manuals_v1_0 | crosswalk_v1.3 source_site=Cervical Lymph Nodes and Unknown Primary Tumors of the Head and Neck -> tool_site=Cervical Lymph Nodes and Unknown Primary Tumors of the Head and Neck; New/changed AJCC8 site; no direct AJCC7 chapter in uploaded 7th manual TOC.
Corpus Uteri – Leiomyosarcoma and Endometrial Stromal Sarcoma,AJCC8,yp,T1b,N0,M0,Any,Any,IA,source_page=181; extract_method=stage_carried; extra_factors/raw_extra=IB | provenance=auto_extracted_from_uploaded_manuals_v1_0 | crosswalk_v1.3 source_site=Corpus Uteri - Sarcoma -> tool_site=Corpus Uteri – Leiomyosarcoma and Endometrial Stromal Sarcoma
Corpus Uteri – Leiomyosarcoma and Endometrial Stromal Sarcoma,AJCC8,yp,T1b,N0,M0,Any,Any,IB,source_page=181; extract_method=tnm_stage | provenance=auto_extracted_from_uploaded_manuals_v1_0 | crosswalk_v1.3 source_site=Corpus Uteri - Sarcoma -> tool_site=Corpus Uteri – Leiomyosarcoma and Endometrial Stromal Sarcoma
Corpus Uteri – Leiomyosarcoma and Endometrial Stromal Sarcoma,AJCC8,yp,T1c,N0,M0,Any,Any,IB,source_page=181; extract_method=stage_carried; extra_factors/raw_extra=IC | provenance=auto_extracted_from_uploaded_manuals_v1_0 | crosswalk_v1.3 source_site=Corpus Uteri - Sarcoma -> tool_site=Corpus Uteri – Leiomyosarcoma and Endometrial Stromal Sarcoma
Corpus Uteri – Leiomyosarcoma and Endometrial Stromal Sarcoma,AJCC8,yp,T1c,N0,M0,Any,Any,IC,source_page=181; extract_method=tnm_stage | provenance=auto_extracted_from_uploaded_manuals_v1_0 | crosswalk_v1.3 source_site=Corpus Uteri - Sarcoma -> tool_site=Corpus Uteri – Leiomyosarcoma and Endometrial Stromal Sarcoma
Corpus Uteri – Leiomyosarcoma and Endometrial Stromal Sarcoma,AJCC8,yp,T2,N0,M0,Any,Any,IC,source_page=181; extract_method=stage_carried; extra_factors/raw_extra=II | provenance=auto_extracted_from_uploaded_manuals_v1_0 | crosswalk_v1.3 source_site=Corpus Uteri - Sarcoma -> tool_site=Corpus Uteri – Leiomyosarcoma and Endometrial Stromal Sarcoma
Corpus Uteri – Leiomyosarcoma and Endometrial Stromal Sarcoma,AJCC8,yp,T2,N0,M0,Any,Any,II,source_page=181; extract_method=tnm_stage | provenance=auto_extracted_from_uploaded_manuals_v1_0 | crosswalk_v1.3 source_site=Corpus Uteri - Sarcoma -> tool_site=Corpus Uteri – Leiomyosarcoma and Endometrial Stromal Sarcoma
Corpus Uteri – Leiomyosarcoma and Endometrial Stromal Sarcoma,AJCC8,yp,T3a,N0,M0,Any,Any,II,source_page=181; extract_method=stage_carried; extra_factors/raw_extra=IIIA | provenance=auto_extracted_from_uploaded_manuals_v1_0 | crosswalk_v1.3 source_site=Corpus Uteri - Sarcoma -> tool_site=Corpus Uteri – Leiomyosarcoma and Endometrial Stromal Sarcoma
Corpus Uteri – Leiomyosarcoma and Endometrial Stromal Sarcoma,AJCC8,yp,T3a,N0,M0,Any,Any,IIIA,source_page=181; extract_method=tnm_stage | provenance=auto_extracted_from_uploaded_manuals_v1_0 | crosswalk_v1.3 source_site=Corpus Uteri - Sarcoma -> tool_site=Corpus Uteri – Leiomyosarcoma and Endometrial Stromal Sarcoma
Corpus Uteri – Leiomyosarcoma and Endometrial Stromal Sarcoma,AJCC8,yp,T3b,N0,M0,Any,Any,IIIA,source_page=181; extract_method=stage_carried; extra_factors/raw_extra=IIIB | provenance=auto_extracted_from_uploaded_manuals_v1_0 | crosswalk_v1.3 source_site=Corpus Uteri - Sarcoma -> tool_site=Corpus Uteri – Leiomyosarcoma and Endometrial Stromal Sarcoma
Corpus Uteri – Leiomyosarcoma and Endometrial Stromal Sarcoma,AJCC8,yp,T3b,N0,M0,Any,Any,IIIB,source_page=181; extract_method=tnm_stage | provenance=auto_extracted_from_uploaded_manuals_v1_0 | crosswalk_v1.3 source_site=Corpus Uteri - Sarcoma -> tool_site=Corpus Uteri – Leiomyosarcoma and Endometrial Stromal Sarcoma
Corpus Uteri – Leiomyosarcoma and Endometrial Stromal Sarcoma,AJCC8,yp,T1|T2|T3,N1,M0,Any,Any,IIIB,source_page=181; extract_method=stage_carried; extra_factors/raw_extra=IIIC | provenance=auto_extracted_from_uploaded_manuals_v1_0 | crosswalk_v1.3 source_site=Corpus Uteri - Sarcoma -> tool_site=Corpus Uteri – Leiomyosarcoma and Endometrial Stromal Sarcoma
Corpus Uteri – Leiomyosarcoma and Endometrial Stromal Sarcoma,AJCC8,yp,T1|T2|T3,N1,M0,Any,Any,IIIC,source_page=181; extract_method=tnm_stage | provenance=auto_extracted_from_uploaded_manuals_v1_0 | crosswalk_v1.3 source_site=Corpus Uteri - Sarcoma -> tool_site=Corpus Uteri – Leiomyosarcoma and Endometrial Stromal Sarcoma
Corpus Uteri – Leiomyosarcoma and Endometrial Stromal Sarcoma,AJCC8,yp,T4,Any,M0,Any,Any,IIIC,source_page=181; extract_method=stage_carried; extra_factors/raw_extra=IVA | Glandular elements | provenance=auto_extracted_from_uploaded_manuals_v1_0 | crosswalk_v1.3 source_site=Corpus Uteri - Sarcoma -> tool_site=Corpus Uteri – Leiomyosarcoma and Endometrial Stromal Sarcoma
Corpus Uteri – Leiomyosarcoma and Endometrial Stromal Sarcoma,AJCC8,yp,T4,Any,M0,Any,Any,IVA,source_page=181; extract_method=tnm_stage; extra_factors/raw_extra=Glandular elements | provenance=auto_extracted_from_uploaded_manuals_v1_0 | crosswalk_v1.3 source_site=Corpus Uteri - Sarcoma -> tool_site=Corpus Uteri – Leiomyosarcoma and Endometrial Stromal Sarcoma
Corpus Uteri – Leiomyosarcoma and Endometrial Stromal Sarcoma,AJCC8,yp,Any,Any,M1,Any,Any,IVA,source_page=181; extract_method=stage_carried; extra_factors/raw_extra=IVB | High-grade endometrial stromal sarcoma | provenance=auto_extracted_from_uploaded_manuals_v1_0 | crosswalk_v1.3 source_site=Corpus Uteri - Sarcoma -> tool_site=Corpus Uteri – Leiomyosarcoma and Endometrial Stromal Sarcoma
Corpus Uteri – Leiomyosarcoma and Endometrial Stromal Sarcoma,AJCC8,yp,Any,Any,M1,Any,Any,IVB,source_page=181; extract_method=tnm_stage; extra_factors/raw_extra=High-grade endometrial stromal sarcoma | provenance=auto_extracted_from_uploaded_manuals_v1_0 | crosswalk_v1.3 source_site=Corpus Uteri - Sarcoma -> tool_site=Corpus Uteri – Leiomyosarcoma and Endometrial Stromal Sarcoma
Corpus Uteri – Adenosarcoma,AJCC8,any,T1,N0,M0,Any,Any,I,source_page=180; extract_method=tnm_stage | provenance=auto_extracted_from_uploaded_manuals_v1_0 | crosswalk_v1.3 source_site=Corpus Uteri - Sarcoma -> tool_site=Corpus Uteri – Adenosarcoma
Corpus Uteri – Leiomyosarcoma and Endometrial Stromal Sarcoma,AJCC8,yp,T1a,N0,M0,Any,Any,IA,source_page=181; extract_method=tnm_stage; extra_factors/raw_extra=Myxoid leiomyosarcoma | provenance=auto_extracted_from_uploaded_manuals_v1_0 | crosswalk_v1.3 source_site=Corpus Uteri - Sarcoma -> tool_site=Corpus Uteri – Leiomyosarcoma and Endometrial Stromal Sarcoma
Corpus Uteri – Adenosarcoma,AJCC8,any,T1b,N0,M0,Any,Any,I,source_page=180; extract_method=stage_carried; extra_factors/raw_extra=IB | provenance=auto_extracted_from_uploaded_manuals_v1_0 | crosswalk_v1.3 source_site=Corpus Uteri - Sarcoma -> tool_site=Corpus Uteri – Adenosarcoma
Corpus Uteri – Leiomyosarcoma and Endometrial Stromal Sarcoma,AJCC8,yp,T1a,N0,M0,Any,Any,I,source_page=181; extract_method=stage_carried; extra_factors/raw_extra=IA | Myxoid leiomyosarcoma | provenance=auto_extracted_from_uploaded_manuals_v1_0 | crosswalk_v1.3 source_site=Corpus Uteri - Sarcoma -> tool_site=Corpus Uteri – Leiomyosarcoma and Endometrial Stromal Sarcoma
Corpus Uteri – Leiomyosarcoma and Endometrial Stromal Sarcoma,AJCC8,any,T1b,N0,M0,Any,Any,IB,source_page=180; extract_method=tnm_stage | provenance=auto_extracted_from_uploaded_manuals_v1_0 | crosswalk_v1.3 source_site=Corpus Uteri - Sarcoma -> tool_site=Corpus Uteri – Leiomyosarcoma and Endometrial Stromal Sarcoma
NET - colon / rectum,AJCC8,any,T1,Any,M1,Any,Any,IIIB,source_page=91; extract_method=stage_carried; extra_factors/raw_extra=IV | provenance=auto_extracted_from_uploaded_manuals_v1_0 | crosswalk_v1.3 source_site=Neuroendocrine Tumors of the Colon and Rectum -> tool_site=NET - colon / rectum
NET - colon / rectum,AJCC8,any,T1,Any,M1,Any,Any,IV,source_page=91; extract_method=tnm_stage | provenance=auto_extracted_from_uploaded_manuals_v1_0 | crosswalk_v1.3 source_site=Neuroendocrine Tumors of the Colon and Rectum -> tool_site=NET - colon / rectum
NET - colon / rectum,AJCC8,any,T2,N0,M0,Any,Any,IV,source_page=91; extract_method=stage_carried; extra_factors/raw_extra=IIA | provenance=auto_extracted_from_uploaded_manuals_v1_0 | crosswalk_v1.3 source_site=Neuroendocrine Tumors of the Colon and Rectum -> tool_site=NET - colon / rectum
NET - colon / rectum,AJCC8,any,T2,Any,M1,Any,Any,IIA,source_page=91; extract_method=stage_carried; extra_factors/raw_extra=IV | provenance=auto_extracted_from_uploaded_manuals_v1_0 | crosswalk_v1.3 source_site=Neuroendocrine Tumors of the Colon and Rectum -> tool_site=NET - colon / rectum
NET - colon / rectum,AJCC8,any,T2,Any,M1,Any,Any,IV,source_page=91; extract_method=tnm_stage | provenance=auto_extracted_from_uploaded_manuals_v1_0 | crosswalk_v1.3 source_site=Neuroendocrine Tumors of the Colon and Rectum -> tool_site=NET - colon / rectum
NET - colon / rectum,AJCC8,any,T3,N1,M0,Any,Any,IV,source_page=91; extract_method=stage_carried; extra_factors/raw_extra=IIIB | provenance=auto_extracted_from_uploaded_manuals_v1_0 | crosswalk_v1.3 source_site=Neuroendocrine Tumors of the Colon and Rectum -> tool_site=NET - colon / rectum
NET - colon / rectum,AJCC8,any,T3,N1,M0,Any,Any,IIIB,source_page=91; extract_method=tnm_stage | provenance=auto_extracted_from_uploaded_manuals_v1_0 | crosswalk_v1.3 source_site=Neuroendocrine Tumors of the Colon and Rectum -> tool_site=NET - colon / rectum
NET - pancreas,AJCC8,any,Any,Any,M1,Any,Any,IV,AJCC8 QA v0.5: well-differentiated pancreatic NET TNM stage. | provenance=existing_v0_9_curated_or_previous_patch | crosswalk_v1.3 source_site=NET - pancreas -> tool_site=NET - pancreas
NET - pancreas,AJCC8,any,Any,N1,M0,Any,Any,III,AJCC8 QA v0.5: well-differentiated pancreatic NET TNM stage. | provenance=existing_v0_9_curated_or_previous_patch | crosswalk_v1.3 source_site=NET - pancreas -> tool_site=NET - pancreas
NET - pancreas,AJCC8,any,T1,N0,M0,Any,Any,I,AJCC8 QA v0.5: well-differentiated pancreatic NET TNM stage; high-grade NEC should not use this NET table. | provenance=existing_v0_9_curated_or_previous_patch | crosswalk_v1.3 source_site=NET - pancreas -> tool_site=NET - pancreas
NET - pancreas,AJCC8,any,T2|T3,N0,M0,Any,Any,II,AJCC8 QA v0.5: well-differentiated pancreatic NET TNM stage. | provenance=existing_v0_9_curated_or_previous_patch | crosswalk_v1.3 source_site=NET - pancreas -> tool_site=NET - pancreas
NET - pancreas,AJCC8,any,T4,N0,M0,Any,Any,III,AJCC8 QA v0.5: well-differentiated pancreatic NET TNM stage. | provenance=existing_v0_9_curated_or_previous_patch | crosswalk_v1.3 source_site=NET - pancreas -> tool_site=NET - pancreas
Vulva,AJCC8,any,T1-T2,N1,M0,Any,Any,IIIA,source_page=170; extract_method=tnm_stage | provenance=auto_extracted_from_uploaded_manuals_v1_0 | crosswalk_v1.3 source_site=Vulva -> tool_site=Vulva
Vulva,AJCC8,any,T1-T2,N2a|N2b,M0,Any,Any,IIIA,source_page=170; extract_method=stage_carried; extra_factors/raw_extra=IIIB | provenance=auto_extracted_from_uploaded_manuals_v1_0 | crosswalk_v1.3 source_site=Vulva -> tool_site=Vulva
Vulva,AJCC8,any,T1-T2,N2a|N2b,M0,Any,Any,IIIB,source_page=170; extract_method=tnm_stage | provenance=auto_extracted_from_uploaded_manuals_v1_0 | crosswalk_v1.3 source_site=Vulva -> tool_site=Vulva
Corpus Uteri – Leiomyosarcoma and Endometrial Stromal Sarcoma,AJCC8,any,T1,N0,M0,Any,Any,I,source_page=180; extract_method=tnm_stage | provenance=auto_extracted_from_uploaded_manuals_v1_0 | crosswalk_v1.3 source_site=Corpus Uteri - Sarcoma -> tool_site=Corpus Uteri – Leiomyosarcoma and Endometrial Stromal Sarcoma
Corpus Uteri – Leiomyosarcoma and Endometrial Stromal Sarcoma,AJCC8,any,T1b,N0,M0,Any,Any,I,source_page=180; extract_method=stage_carried; extra_factors/raw_extra=IB | provenance=auto_extracted_from_uploaded_manuals_v1_0 | crosswalk_v1.3 source_site=Corpus Uteri - Sarcoma -> tool_site=Corpus Uteri – Leiomyosarcoma and Endometrial Stromal Sarcoma
Corpus Uteri – Leiomyosarcoma and Endometrial Stromal Sarcoma,AJCC8,yp,T1,N0,M0,Any,Any,I,source_page=181; extract_method=tnm_stage; extra_factors/raw_extra=Epithelioid leiomyosarcoma | provenance=auto_extracted_from_uploaded_manuals_v1_0 | crosswalk_v1.3 source_site=Corpus Uteri - Sarcoma -> tool_site=Corpus Uteri – Leiomyosarcoma and Endometrial Stromal Sarcoma
Corpus Uteri – Adenosarcoma,AJCC8,any,T1b,N0,M0,Any,Any,IB,source_page=180; extract_method=tnm_stage | provenance=auto_extracted_from_uploaded_manuals_v1_0 | crosswalk_v1.3 source_site=Corpus Uteri - Sarcoma -> tool_site=Corpus Uteri – Adenosarcoma
Corpus Uteri – Adenosarcoma,AJCC8,yp,T1,N0,M0,Any,Any,I,source_page=181; extract_method=tnm_stage; extra_factors/raw_extra=Epithelioid leiomyosarcoma | provenance=auto_extracted_from_uploaded_manuals_v1_0 | crosswalk_v1.3 source_site=Corpus Uteri - Sarcoma -> tool_site=Corpus Uteri – Adenosarcoma
Corpus Uteri – Adenosarcoma,AJCC8,yp,T1a,N0,M0,Any,Any,I,source_page=181; extract_method=stage_carried; extra_factors/raw_extra=IA | Myxoid leiomyosarcoma | provenance=auto_extracted_from_uploaded_manuals_v1_0 | crosswalk_v1.3 source_site=Corpus Uteri - Sarcoma -> tool_site=Corpus Uteri – Adenosarcoma
Penis,AJCC8,yp,Tis,N0,M0,Any,Any,IIB,source_page=187; extract_method=stage_carried; extra_factors/raw_extra=0is | provenance=auto_extracted_from_uploaded_manuals_v1_0 | crosswalk_v1.3 source_site=Penis -> tool_site=Penis
Penis,AJCC8,yp,Tis,N0,M0,Any,Any,0is,source_page=187; extract_method=tnm_stage | provenance=auto_extracted_from_uploaded_manuals_v1_0 | crosswalk_v1.3 source_site=Penis -> tool_site=Penis
Penis,AJCC8,yp,Ta,N0,M0,Any,Any,0is,source_page=187; extract_method=stage_carried; extra_factors/raw_extra=0a | Rare Other Squamous Cell Carcinomas | provenance=auto_extracted_from_uploaded_manuals_v1_0 | crosswalk_v1.3 source_site=Penis -> tool_site=Penis
Penis,AJCC8,yp,Ta,N0,M0,Any,Any,0a,source_page=187; extract_method=tnm_stage; extra_factors/raw_extra=Rare Other Squamous Cell Carcinomas | provenance=auto_extracted_from_uploaded_manuals_v1_0 | crosswalk_v1.3 source_site=Penis -> tool_site=Penis
Prostate,AJCC8,any,T2b|T2c,N0,M0,Any,Any,IIA,source_page=190; extract_method=tnm_extra_stage; extra_factors/raw_extra=<20 | 1 | provenance=auto_extracted_from_uploaded_manuals_v1_0 | crosswalk_v1.3 source_site=Prostate -> tool_site=Prostate
Prostate,AJCC8,any,T1|T2,N0,M0,Any,Any,IIA,source_page=190; extract_method=stage_carried; extra_factors/raw_extra=<20 | 3 | IIC | provenance=auto_extracted_from_uploaded_manuals_v1_0 | crosswalk_v1.3 source_site=Prostate -> tool_site=Prostate
Prostate,AJCC8,any,T1|T2,N0,M0,Any,Any,IIC,source_page=190; extract_method=tnm_extra_stage; extra_factors/raw_extra=<20 | 3; duplicate_source_page=190; duplicate_source_page=190; duplicate_source_page=190 | provenance=auto_extracted_from_uploaded_manuals_v1_0 | crosswalk_v1.3 source_site=Prostate -> tool_site=Prostate
Prostate,AJCC8,any,T1|T2,N0,M0,Any,Any,IIIA,source_page=190; extract_method=tnm_extra_stage; extra_factors/raw_extra=≥20 | 1-4 | provenance=auto_extracted_from_uploaded_manuals_v1_0 | crosswalk_v1.3 source_site=Prostate -> tool_site=Prostate
Prostate,AJCC8,any,Any,N0,M0,Any,Any,IIIA,source_page=190; extract_method=stage_carried; extra_factors/raw_extra=Any | 5 | IIIC | provenance=auto_extracted_from_uploaded_manuals_v1_0 | crosswalk_v1.3 source_site=Prostate -> tool_site=Prostate
Prostate,AJCC8,any,Any,N0,M0,Any,Any,IIIC,source_page=190; extract_method=tnm_extra_stage; extra_factors/raw_extra=Any | 5 | provenance=auto_extracted_from_uploaded_manuals_v1_0 | crosswalk_v1.3 source_site=Prostate -> tool_site=Prostate
Kidney,AJCC8,yp,T1,N0,M0,Any,Any,I,source_page=196; extract_method=tnm_stage; extra_factors/raw_extra=G1 | Nucleoli absent or inconspicuous and basophilic at 400x | provenance=auto_extracted_from_uploaded_manuals_v1_0 | crosswalk_v1.3 source_site=Kidney -> tool_site=Kidney
Kidney,AJCC8,yp,T1,N1,M0,Any,Any,I,source_page=196; extract_method=stage_carried; extra_factors/raw_extra=III | magnification | provenance=auto_extracted_from_uploaded_manuals_v1_0 | crosswalk_v1.3 source_site=Kidney -> tool_site=Kidney
Kidney,AJCC8,yp,T1,N1,M0,Any,Any,III,source_page=196; extract_method=tnm_stage; extra_factors/raw_extra=magnification | provenance=auto_extracted_from_uploaded_manuals_v1_0 | crosswalk_v1.3 source_site=Kidney -> tool_site=Kidney
Kidney,AJCC8,yp,T2,N0,M0,Any,Any,III,"source_page=196; extract_method=stage_carried; extra_factors/raw_extra=II | G2 | Nucleoli conspicuous and eosinophilic at 400x magnification, | provenance=auto_extracted_from_uploaded_manuals_v1_0 | crosswalk_v1.3 source_site=Kidney -> tool_site=Kidney"
Kidney,AJCC8,yp,T2,N0,M0,Any,Any,II,"source_page=196; extract_method=tnm_stage; extra_factors/raw_extra=G2 | Nucleoli conspicuous and eosinophilic at 400x magnification, | provenance=auto_extracted_from_uploaded_manuals_v1_0 | crosswalk_v1.3 source_site=Kidney -> tool_site=Kidney"
Kidney,AJCC8,yp,T2,N1,M0,Any,Any,II,source_page=196; extract_method=stage_carried; extra_factors/raw_extra=III | visible but not prominent at 100x magnification | provenance=auto_extracted_from_uploaded_manuals_v1_0 | crosswalk_v1.3 source_site=Kidney -> tool_site=Kidney
Kidney,AJCC8,yp,T2,N1,M0,Any,Any,III,source_page=196; extract_method=tnm_stage; extra_factors/raw_extra=visible but not prominent at 100x magnification | provenance=auto_extracted_from_uploaded_manuals_v1_0 | crosswalk_v1.3 source_site=Kidney -> tool_site=Kidney
Penis,AJCC8,any,T3,N0,M0,Any,Any,IIB,source_page=187; extract_method=tnm_stage | provenance=auto_extracted_from_uploaded_manuals_v1_0 | crosswalk_v1.3 source_site=Penis -> tool_site=Penis
"Ovary, Fallopian Tube and Primary Peritoneal Carcinoma",AJCC8,any,Any,Any,M1b,Any,Any,IVB,"source_page=184; extract_method=tnm_stage | provenance=auto_extracted_from_uploaded_manuals_v1_0 | crosswalk_v1.3 source_site=Ovary, Fallopian Tube, and Primary Peritoneal Carcinoma -> tool_site=Ovary, Fallopian Tube and Primary Peritoneal Carcinoma"
"Ovary, Fallopian Tube and Primary Peritoneal Carcinoma",AJCC8,any,Any,Any,M1b,Any,Any,I,"source_page=184; extract_method=stage_carried; extra_factors/raw_extra=IVB | provenance=auto_extracted_from_uploaded_manuals_v1_0 | crosswalk_v1.3 source_site=Ovary, Fallopian Tube, and Primary Peritoneal Carcinoma -> tool_site=Ovary, Fallopian Tube and Primary Peritoneal Carcinoma"
"Ovary, Fallopian Tube and Primary Peritoneal Carcinoma",AJCC8,any,T1|T2,N1,M0,Any,Any,I,"source_page=184; extract_method=stage_carried; extra_factors/raw_extra=IIIA1 | provenance=auto_extracted_from_uploaded_manuals_v1_0 | crosswalk_v1.3 source_site=Ovary, Fallopian Tube, and Primary Peritoneal Carcinoma -> tool_site=Ovary, Fallopian Tube and Primary Peritoneal Carcinoma"
Corpus Uteri – Adenosarcoma,AJCC8,yp,T1a,N0,M0,Any,Any,IA,source_page=181; extract_method=tnm_stage; extra_factors/raw_extra=Myxoid leiomyosarcoma | provenance=auto_extracted_from_uploaded_manuals_v1_0 | crosswalk_v1.3 source_site=Corpus Uteri - Sarcoma -> tool_site=Corpus Uteri – Adenosarcoma
Corpus Uteri – Adenosarcoma,AJCC8,yp,T1b,N0,M0,Any,Any,IA,source_page=181; extract_method=stage_carried; extra_factors/raw_extra=IB | provenance=auto_extracted_from_uploaded_manuals_v1_0 | crosswalk_v1.3 source_site=Corpus Uteri - Sarcoma -> tool_site=Corpus Uteri – Adenosarcoma
Corpus Uteri – Adenosarcoma,AJCC8,yp,T1b,N0,M0,Any,Any,IB,source_page=181; extract_method=tnm_stage | provenance=auto_extracted_from_uploaded_manuals_v1_0 | crosswalk_v1.3 source_site=Corpus Uteri - Sarcoma -> tool_site=Corpus Uteri – Adenosarcoma
Corpus Uteri – Adenosarcoma,AJCC8,yp,T1c,N0,M0,Any,Any,IB,source_page=181; extract_method=stage_carried; extra_factors/raw_extra=IC | provenance=auto_extracted_from_uploaded_manuals_v1_0 | crosswalk_v1.3 source_site=Corpus Uteri - Sarcoma -> tool_site=Corpus Uteri – Adenosarcoma
Corpus Uteri – Adenosarcoma,AJCC8,yp,T1c,N0,M0,Any,Any,IC,source_page=181; extract_method=tnm_stage | provenance=auto_extracted_from_uploaded_manuals_v1_0 | crosswalk_v1.3 source_site=Corpus Uteri - Sarcoma -> tool_site=Corpus Uteri – Adenosarcoma
Corpus Uteri – Adenosarcoma,AJCC8,yp,T2,N0,M0,Any,Any,IC,source_page=181; extract_method=stage_carried; extra_factors/raw_extra=II | provenance=auto_extracted_from_uploaded_manuals_v1_0 | crosswalk_v1.3 source_site=Corpus Uteri - Sarcoma -> tool_site=Corpus Uteri – Adenosarcoma
Corpus Uteri – Adenosarcoma,AJCC8,yp,T2,N0,M0,Any,Any,II,source_page=181; extract_method=tnm_stage | provenance=auto_extracted_from_uploaded_manuals_v1_0 | crosswalk_v1.3 source_site=Corpus Uteri - Sarcoma -> tool_site=Corpus Uteri – Adenosarcoma
Corpus Uteri – Adenosarcoma,AJCC8,yp,T3a,N0,M0,Any,Any,II,source_page=181; extract_method=stage_carried; extra_factors/raw_extra=IIIA | provenance=auto_extracted_from_uploaded_manuals_v1_0 | crosswalk_v1.3 source_site=Corpus Uteri - Sarcoma -> tool_site=Corpus Uteri – Adenosarcoma
NET - colon / rectum,AJCC8,any,T1,N1,M0,Any,Any,IIIB,source_page=91; extract_method=tnm_stage | provenance=auto_extracted_from_uploaded_manuals_v1_0 | crosswalk_v1.3 source_site=Neuroendocrine Tumors of the Colon and Rectum -> tool_site=NET - colon / rectum
Corpus Uteri – Adenosarcoma,AJCC8,yp,T3a,N0,M0,Any,Any,IIIA,source_page=181; extract_method=tnm_stage | provenance=auto_extracted_from_uploaded_manuals_v1_0 | crosswalk_v1.3 source_site=Corpus Uteri - Sarcoma -> tool_site=Corpus Uteri – Adenosarcoma
Corpus Uteri – Adenosarcoma,AJCC8,yp,T3b,N0,M0,Any,Any,IIIB,source_page=181; extract_method=tnm_stage | provenance=auto_extracted_from_uploaded_manuals_v1_0 | crosswalk_v1.3 source_site=Corpus Uteri - Sarcoma -> tool_site=Corpus Uteri – Adenosarcoma
Corpus Uteri – Adenosarcoma,AJCC8,yp,T1|T2|T3,N1,M0,Any,Any,IIIB,source_page=181; extract_method=stage_carried; extra_factors/raw_extra=IIIC | provenance=auto_extracted_from_uploaded_manuals_v1_0 | crosswalk_v1.3 source_site=Corpus Uteri - Sarcoma -> tool_site=Corpus Uteri – Adenosarcoma
Corpus Uteri – Adenosarcoma,AJCC8,yp,T1|T2|T3,N1,M0,Any,Any,IIIC,source_page=181; extract_method=tnm_stage | provenance=auto_extracted_from_uploaded_manuals_v1_0 | crosswalk_v1.3 source_site=Corpus Uteri - Sarcoma -> tool_site=Corpus Uteri – Adenosarcoma
Corpus Uteri – Adenosarcoma,AJCC8,yp,T4,Any,M0,Any,Any,IIIC,source_page=181; extract_method=stage_carried; extra_factors/raw_extra=IVA | Glandular elements | provenance=auto_extracted_from_uploaded_manuals_v1_0 | crosswalk_v1.3 source_site=Corpus Uteri - Sarcoma -> tool_site=Corpus Uteri – Adenosarcoma
Corpus Uteri – Adenosarcoma,AJCC8,yp,T4,Any,M0,Any,Any,IVA,source_page=181; extract_method=tnm_stage; extra_factors/raw_extra=Glandular elements | provenance=auto_extracted_from_uploaded_manuals_v1_0 | crosswalk_v1.3 source_site=Corpus Uteri - Sarcoma -> tool_site=Corpus Uteri – Adenosarcoma
Corpus Uteri – Adenosarcoma,AJCC8,yp,Any,Any,M1,Any,Any,IVA,source_page=181; extract_method=stage_carried; extra_factors/raw_extra=IVB | High-grade endometrial stromal sarcoma | provenance=auto_extracted_from_uploaded_manuals_v1_0 | crosswalk_v1.3 source_site=Corpus Uteri - Sarcoma -> tool_site=Corpus Uteri – Adenosarcoma
Corpus Uteri – Adenosarcoma,AJCC8,yp,Any,Any,M1,Any,Any,IVB,source_page=181; extract_method=tnm_stage; extra_factors/raw_extra=High-grade endometrial stromal sarcoma | provenance=auto_extracted_from_uploaded_manuals_v1_0 | crosswalk_v1.3 source_site=Corpus Uteri - Sarcoma -> tool_site=Corpus Uteri – Adenosarcoma
"Ovary, Fallopian Tube and Primary Peritoneal Carcinoma",AJCC8,any,T1,N0,M0,Any,Any,I,"source_page=184; extract_method=tnm_stage | provenance=auto_extracted_from_uploaded_manuals_v1_0 | crosswalk_v1.3 source_site=Ovary, Fallopian Tube, and Primary Peritoneal Carcinoma -> tool_site=Ovary, Fallopian Tube and Primary Peritoneal Carcinoma"
Corpus Uteri – Adenosarcoma,AJCC8,yp,T3b,N0,M0,Any,Any,IIIA,source_page=181; extract_method=stage_carried; extra_factors/raw_extra=IIIB | provenance=auto_extracted_from_uploaded_manuals_v1_0 | crosswalk_v1.3 source_site=Corpus Uteri - Sarcoma -> tool_site=Corpus Uteri – Adenosarcoma
NET - colon / rectum,AJCC8,any,T1,N1,M0,Any,Any,I,source_page=91; extract_method=stage_carried; extra_factors/raw_extra=IIIB | provenance=auto_extracted_from_uploaded_manuals_v1_0 | crosswalk_v1.3 source_site=Neuroendocrine Tumors of the Colon and Rectum -> tool_site=NET - colon / rectum
NET - colon / rectum,AJCC8,any,T1,N0,M0,Any,Any,IV,source_page=91; extract_method=stage_carried; extra_factors/raw_extra=I | provenance=auto_extracted_from_uploaded_manuals_v1_0 | crosswalk_v1.3 source_site=Neuroendocrine Tumors of the Colon and Rectum -> tool_site=NET - colon / rectum
NET - colon / rectum,AJCC8,any,TX|T0,Any,M1,Any,Any,IV,source_page=91; extract_method=tnm_stage | provenance=auto_extracted_from_uploaded_manuals_v1_0 | crosswalk_v1.3 source_site=Neuroendocrine Tumors of the Colon and Rectum -> tool_site=NET - colon / rectum
NET - stomach,AJCC8,any,T4,N1,M0,Any,Any,IV,source_page=81; extract_method=stage_carried; extra_factors/raw_extra=III | provenance=auto_extracted_from_uploaded_manuals_v1_0 | crosswalk_v1.3 source_site=Neuroendocrine Tumors of the Stomach -> tool_site=NET - stomach
NET - stomach,AJCC8,any,T4,N1,M0,Any,Any,III,source_page=81; extract_method=tnm_stage | provenance=auto_extracted_from_uploaded_manuals_v1_0 | crosswalk_v1.3 source_site=Neuroendocrine Tumors of the Stomach -> tool_site=NET - stomach
NET - duodenum / ampulla,AJCC8,any,Any,Any,M1,Any,Any,IV,AJCC8 QA v0.5: well-differentiated NET TNM stage group; high-grade NEC/mixed histology should redirect to carcinoma staging. | provenance=existing_v0_9_curated_or_previous_patch | crosswalk_v1.3 source_site=NET - duodenum / ampulla -> tool_site=NET - duodenum / ampulla
NET - duodenum / ampulla,AJCC8,any,Any,N1,M0,Any,Any,III,AJCC8 QA v0.5: well-differentiated NET TNM stage group; high-grade NEC/mixed histology should redirect to carcinoma staging. | provenance=existing_v0_9_curated_or_previous_patch | crosswalk_v1.3 source_site=NET - duodenum / ampulla -> tool_site=NET - duodenum / ampulla
NET - duodenum / ampulla,AJCC8,any,T1,N0,M0,Any,Any,I,AJCC8 QA v0.5: well-differentiated NET TNM stage group; high-grade NEC/mixed histology should redirect to carcinoma staging. | provenance=existing_v0_9_curated_or_previous_patch | crosswalk_v1.3 source_site=NET - duodenum / ampulla -> tool_site=NET - duodenum / ampulla
NET - duodenum / ampulla,AJCC8,any,T2|T3,N0,M0,Any,Any,II,AJCC8 QA v0.5: well-differentiated NET TNM stage group; high-grade NEC/mixed histology should redirect to carcinoma staging. | provenance=existing_v0_9_curated_or_previous_patch | crosswalk_v1.3 source_site=NET - duodenum / ampulla -> tool_site=NET - duodenum / ampulla
NET - duodenum / ampulla,AJCC8,any,T4,N0,M0,Any,Any,III,AJCC8 QA v0.5: well-differentiated NET TNM stage group; high-grade NEC/mixed histology should redirect to carcinoma staging. | provenance=existing_v0_9_curated_or_previous_patch | crosswalk_v1.3 source_site=NET - duodenum / ampulla -> tool_site=NET - duodenum / ampulla
NET - jejunum / ileum,AJCC8,any,Any,Any,M1,Any,Any,IV,AJCC8 QA v0.5: well-differentiated NET TNM stage group; high-grade NEC/mixed histology should redirect to carcinoma staging. | provenance=existing_v0_9_curated_or_previous_patch | crosswalk_v1.3 source_site=NET - jejunum / ileum -> tool_site=NET - jejunum / ileum
NET - jejunum / ileum,AJCC8,any,Any,N1|N2,M0,Any,Any,III,AJCC8 QA v0.5: well-differentiated NET TNM stage group; high-grade NEC/mixed histology should redirect to carcinoma staging. | provenance=existing_v0_9_curated_or_previous_patch | crosswalk_v1.3 source_site=NET - jejunum / ileum -> tool_site=NET - jejunum / ileum
NET - jejunum / ileum,AJCC8,any,T1,N0,M0,Any,Any,I,AJCC8 QA v0.5: well-differentiated NET TNM stage group; high-grade NEC/mixed histology should redirect to carcinoma staging. | provenance=existing_v0_9_curated_or_previous_patch | crosswalk_v1.3 source_site=NET - jejunum / ileum -> tool_site=NET - jejunum / ileum | source_page=84; extract_method=tnm_stage | provenance=auto_extracted_from_uploaded_manuals_v1_0 | crosswalk_v1.3 source_site=Neuroendocrine Tumors of the Jejunum and Ileum -> tool_site=NET - jejunum / ileum
NET - jejunum / ileum,AJCC8,any,T2|T3,N0,M0,Any,Any,II,AJCC8 QA v0.5: well-differentiated NET TNM stage group; high-grade NEC/mixed histology should redirect to carcinoma staging. | provenance=existing_v0_9_curated_or_previous_patch | crosswalk_v1.3 source_site=NET - jejunum / ileum -> tool_site=NET - jejunum / ileum
NET - jejunum / ileum,AJCC8,any,T4,N0,M0,Any,Any,III,AJCC8 QA v0.5: well-differentiated NET TNM stage group; high-grade NEC/mixed histology should redirect to carcinoma staging. | provenance=existing_v0_9_curated_or_previous_patch | crosswalk_v1.3 source_site=NET - jejunum / ileum -> tool_site=NET - jejunum / ileum
NET - jejunum / ileum,AJCC8,any,T2,NX|N0|,M1,Any,Any,IV,source_page=84; extract_method=tnm_stage | provenance=auto_extracted_from_uploaded_manuals_v1_0 | crosswalk_v1.3 source_site=Neuroendocrine Tumors of the Jejunum and Ileum -> tool_site=NET - jejunum / ileum
NET - jejunum / ileum,AJCC8,any,T3,N0,M0,Any,Any,IV,source_page=84; extract_method=stage_carried; extra_factors/raw_extra=II | provenance=auto_extracted_from_uploaded_manuals_v1_0 | crosswalk_v1.3 source_site=Neuroendocrine Tumors of the Jejunum and Ileum -> tool_site=NET - jejunum / ileum
NET - jejunum / ileum,AJCC8,any,T3,N0,M0,Any,Any,II,source_page=84; extract_method=tnm_stage | provenance=auto_extracted_from_uploaded_manuals_v1_0 | crosswalk_v1.3 source_site=Neuroendocrine Tumors of the Jejunum and Ileum -> tool_site=NET - jejunum / ileum
NET - jejunum / ileum,AJCC8,any,T3,N1|N2,M0,Any,Any,II,source_page=84; extract_method=stage_carried; extra_factors/raw_extra=III | provenance=auto_extracted_from_uploaded_manuals_v1_0 | crosswalk_v1.3 source_site=Neuroendocrine Tumors of the Jejunum and Ileum -> tool_site=NET - jejunum / ileum
NET - jejunum / ileum,AJCC8,any,T3,N1|N2,M0,Any,Any,III,source_page=84; extract_method=tnm_stage | provenance=auto_extracted_from_uploaded_manuals_v1_0 | crosswalk_v1.3 source_site=Neuroendocrine Tumors of the Jejunum and Ileum -> tool_site=NET - jejunum / ileum
NET - stomach,AJCC8,any,T3,NX|N0|N1,M1,Any,Any,IV,source_page=81; extract_method=tnm_stage | provenance=auto_extracted_from_uploaded_manuals_v1_0 | crosswalk_v1.3 source_site=Neuroendocrine Tumors of the Stomach -> tool_site=NET - stomach
NET - stomach,AJCC8,any,T3,NX|N0|N1,M1,Any,Any,II,source_page=81; extract_method=stage_carried; extra_factors/raw_extra=IV | provenance=auto_extracted_from_uploaded_manuals_v1_0 | crosswalk_v1.3 source_site=Neuroendocrine Tumors of the Stomach -> tool_site=NET - stomach
NET - stomach,AJCC8,any,T3,N0,M0,Any,Any,II,source_page=81; extract_method=tnm_stage | provenance=auto_extracted_from_uploaded_manuals_v1_0 | crosswalk_v1.3 source_site=Neuroendocrine Tumors of the Stomach -> tool_site=NET - stomach
NET - stomach,AJCC8,any,T3,N0,M0,Any,Any,IV,source_page=81; extract_method=stage_carried; extra_factors/raw_extra=II | provenance=auto_extracted_from_uploaded_manuals_v1_0 | crosswalk_v1.3 source_site=Neuroendocrine Tumors of the Stomach -> tool_site=NET - stomach
Small Intestine: Other Histologies,AJCC8,any,Any,N1,M0,Any,Any,IIIA,AJCC8 QA v0.5: TNM-first audited for current quick-staging site; verify in formal clinical documentation. | provenance=existing_v0_9_curated_or_previous_patch | crosswalk_v1.3 source_site=Small intestine -> tool_site=Small Intestine: Other Histologies
Small Intestine: Other Histologies,AJCC8,any,Any,N2,M0,Any,Any,IIIB,AJCC8 QA v0.5: TNM-first audited for current quick-staging site; verify in formal clinical documentation. | provenance=existing_v0_9_curated_or_previous_patch | crosswalk_v1.3 source_site=Small intestine -> tool_site=Small Intestine: Other Histologies
Small Intestine: Other Histologies,AJCC8,any,T1|T2,N0,M0,Any,Any,I,AJCC8 QA v0.5: TNM-first audited for current quick-staging site; verify in formal clinical documentation. | provenance=existing_v0_9_curated_or_previous_patch | crosswalk_v1.3 source_site=Small intestine -> tool_site=Small Intestine: Other Histologies
Small Intestine: Other Histologies,AJCC8,any,T3,N0,M0,Any,Any,IIA,AJCC8 QA v0.5: TNM-first audited for current quick-staging site; verify in formal clinical documentation. | provenance=existing_v0_9_curated_or_previous_patch | crosswalk_v1.3 source_site=Small intestine -> tool_site=Small Intestine: Other Histologies
Small Intestine: Other Histologies,AJCC8,any,T4,N0,M0,Any,Any,IIB,AJCC8 QA v0.5: TNM-first audited for current quick-staging site; verify in formal clinical documentation. | provenance=existing_v0_9_curated_or_previous_patch | crosswalk_v1.3 source_site=Small intestine -> tool_site=Small Intestine: Other Histologies
Small Intestine: Other Histologies,AJCC8,any,Tis,N0,M0,Any,Any,0,AJCC8 QA v0.5: TNM-first audited for current quick-staging site; verify in formal clinical documentation. | provenance=existing_v0_9_curated_or_previous_patch | crosswalk_v1.3 source_site=Small intestine -> tool_site=Small Intestine: Other Histologies
NET - stomach,AJCC8,any,Any,Any,M1,Any,Any,IV,AJCC8 QA v0.5: well-differentiated NET TNM stage group; high-grade NEC/mixed histology should redirect to carcinoma staging. | provenance=existing_v0_9_curated_or_previous_patch | crosswalk_v1.3 source_site=NET - stomach -> tool_site=NET - stomach
NET - stomach,AJCC8,any,T1,N0,M0,Any,Any,I,AJCC8 QA v0.5: well-differentiated NET TNM stage group; high-grade NEC/mixed histology should redirect to carcinoma staging. | provenance=existing_v0_9_curated_or_previous_patch | crosswalk_v1.3 source_site=NET - stomach -> tool_site=NET - stomach | source_page=81; extract_method=tnm_stage | provenance=auto_extracted_from_uploaded_manuals_v1_0 | crosswalk_v1.3 source_site=Neuroendocrine Tumors of the Stomach -> tool_site=NET - stomach
NET - jejunum / ileum,AJCC8,any,TX|T0,NX|N0|,M1,Any,Any,III,"source_page=84; extract_method=stage_carried; extra_factors/raw_extra=IV | MIB1 antibody; % of 500-2,000 tumor cells in areas of highest | provenance=auto_extracted_from_uploaded_manuals_v1_0 | crosswalk_v1.3 source_site=Neuroendocrine Tumors of the Jejunum and Ileum -> tool_site=NET - jejunum / ileum"
NET - stomach,AJCC8,any,T1|T2|T3|T4,N1,M0,Any,Any,III,AJCC8 QA v0.5: well-differentiated NET TNM stage group; high-grade NEC/mixed histology should redirect to carcinoma staging. | provenance=existing_v0_9_curated_or_previous_patch | crosswalk_v1.3 source_site=NET - stomach -> tool_site=NET - stomach
NET - stomach,AJCC8,any,T4,N0,M0,Any,Any,III,AJCC8 QA v0.5: well-differentiated NET TNM stage group; high-grade NEC/mixed histology should redirect to carcinoma staging. | provenance=existing_v0_9_curated_or_previous_patch | crosswalk_v1.3 source_site=NET - stomach -> tool_site=NET - stomach
NET - stomach,AJCC8,any,TX|T0,NX|N0|N1,M1,Any,Any,IV,source_page=81; extract_method=tnm_stage | provenance=auto_extracted_from_uploaded_manuals_v1_0 | crosswalk_v1.3 source_site=Neuroendocrine Tumors of the Stomach -> tool_site=NET - stomach
NET - stomach,AJCC8,any,T1,N0,M0,Any,Any,IV,source_page=81; extract_method=stage_carried; extra_factors/raw_extra=I | provenance=auto_extracted_from_uploaded_manuals_v1_0 | crosswalk_v1.3 source_site=Neuroendocrine Tumors of the Stomach -> tool_site=NET - stomach
NET - stomach,AJCC8,any,T1,N1,M0,Any,Any,I,source_page=81; extract_method=stage_carried; extra_factors/raw_extra=III | provenance=auto_extracted_from_uploaded_manuals_v1_0 | crosswalk_v1.3 source_site=Neuroendocrine Tumors of the Stomach -> tool_site=NET - stomach
NET - stomach,AJCC8,any,T1,N1,M0,Any,Any,III,source_page=81; extract_method=tnm_stage | provenance=auto_extracted_from_uploaded_manuals_v1_0 | crosswalk_v1.3 source_site=Neuroendocrine Tumors of the Stomach -> tool_site=NET - stomach
NET - stomach,AJCC8,any,T2,N1,M0,Any,Any,III,source_page=81; extract_method=stage_carried; extra_factors/raw_extra=III; duplicate_source_page=81 | provenance=auto_extracted_from_uploaded_manuals_v1_0 | crosswalk_v1.3 source_site=Neuroendocrine Tumors of the Stomach -> tool_site=NET - stomach
NET - stomach,AJCC8,any,T2,NX|N0|N1,M1,Any,Any,III,source_page=81; extract_method=stage_carried; extra_factors/raw_extra=IV | provenance=auto_extracted_from_uploaded_manuals_v1_0 | crosswalk_v1.3 source_site=Neuroendocrine Tumors of the Stomach -> tool_site=NET - stomach
NET - stomach,AJCC8,any,T2,NX|N0|N1,M1,Any,Any,IV,source_page=81; extract_method=tnm_stage | provenance=auto_extracted_from_uploaded_manuals_v1_0 | crosswalk_v1.3 source_site=Neuroendocrine Tumors of the Stomach -> tool_site=NET - stomach
NET - stomach,AJCC8,any,T2|T3,N0,M0,Any,Any,II,AJCC8 QA v0.5: well-differentiated NET TNM stage group; high-grade NEC/mixed histology should redirect to carcinoma staging. | provenance=existing_v0_9_curated_or_previous_patch | crosswalk_v1.3 source_site=NET - stomach -> tool_site=NET - stomach
Kidney,AJCC8,yp,T3,NX|N0,M0,Any,Any,III,source_page=196; extract_method=stage_carried; extra_factors/raw_extra=III | G3 | Nucleoli conspicuous and eosinophilic at 100x magnification; duplicate_source_page=196 | provenance=auto_extracted_from_uploaded_manuals_v1_0 | crosswalk_v1.3 source_site=Kidney -> tool_site=Kidney
NET - jejunum / ileum,AJCC8,any,TX|T0,NX|N0|,M1,Any,Any,IV,"source_page=84; extract_method=tnm_stage; extra_factors/raw_extra=MIB1 antibody; % of 500-2,000 tumor cells in areas of highest | provenance=auto_extracted_from_uploaded_manuals_v1_0 | crosswalk_v1.3 source_site=Neuroendocrine Tumors of the Jejunum and Ileum -> tool_site=NET - jejunum / ileum"
NET - jejunum / ileum,AJCC8,any,T1,N1|N2,M0,Any,Any,I,source_page=84; extract_method=stage_carried; extra_factors/raw_extra=III | In cases of disparity between Ki-67 proliferative index | provenance=auto_extracted_from_uploaded_manuals_v1_0 | crosswalk_v1.3 source_site=Neuroendocrine Tumors of the Jejunum and Ileum -> tool_site=NET - jejunum / ileum
NET - appendix,AJCC8,yp,T3,N0,M0,Any,Any,IV,source_page=88; extract_method=stage_carried; extra_factors/raw_extra=II | provenance=auto_extracted_from_uploaded_manuals_v1_0 | crosswalk_v1.3 source_site=Neuroendocrine Tumors of the Appendix -> tool_site=NET - appendix
NET - appendix,AJCC8,yp,T3,N0,M0,Any,Any,II,source_page=88; extract_method=tnm_stage | provenance=auto_extracted_from_uploaded_manuals_v1_0 | crosswalk_v1.3 source_site=Neuroendocrine Tumors of the Appendix -> tool_site=NET - appendix
NET - appendix,AJCC8,yp,T3,N1,M0,Any,Any,II,source_page=88; extract_method=stage_carried; extra_factors/raw_extra=III | provenance=auto_extracted_from_uploaded_manuals_v1_0 | crosswalk_v1.3 source_site=Neuroendocrine Tumors of the Appendix -> tool_site=NET - appendix
NET - appendix,AJCC8,yp,T3,N1,M0,Any,Any,III,source_page=88; extract_method=tnm_stage | provenance=auto_extracted_from_uploaded_manuals_v1_0 | crosswalk_v1.3 source_site=Neuroendocrine Tumors of the Appendix -> tool_site=NET - appendix
NET - appendix,AJCC8,yp,T3,NX|N0|N1,M1,Any,Any,III,source_page=88; extract_method=stage_carried; extra_factors/raw_extra=IV | provenance=auto_extracted_from_uploaded_manuals_v1_0 | crosswalk_v1.3 source_site=Neuroendocrine Tumors of the Appendix -> tool_site=NET - appendix
NET - appendix,AJCC8,yp,T3,NX|N0|N1,M1,Any,Any,IV,source_page=88; extract_method=tnm_stage | provenance=auto_extracted_from_uploaded_manuals_v1_0 | crosswalk_v1.3 source_site=Neuroendocrine Tumors of the Appendix -> tool_site=NET - appendix
NET - appendix,AJCC8,yp,T4,N0,M0,Any,Any,IV,source_page=88; extract_method=stage_carried; extra_factors/raw_extra=III | provenance=auto_extracted_from_uploaded_manuals_v1_0 | crosswalk_v1.3 source_site=Neuroendocrine Tumors of the Appendix -> tool_site=NET - appendix
NET - appendix,AJCC8,yp,T4,N0,M0,Any,Any,III,source_page=88; extract_method=tnm_stage | provenance=auto_extracted_from_uploaded_manuals_v1_0 | crosswalk_v1.3 source_site=Neuroendocrine Tumors of the Appendix -> tool_site=NET - appendix
NET - appendix,AJCC8,yp,T4,N1,M0,Any,Any,III,source_page=88; extract_method=stage_carried; extra_factors/raw_extra=III; duplicate_source_page=88 | provenance=auto_extracted_from_uploaded_manuals_v1_0 | crosswalk_v1.3 source_site=Neuroendocrine Tumors of the Appendix -> tool_site=NET - appendix
NET - appendix,AJCC8,yp,T4,NX|N0|N1,M1,Any,Any,III,source_page=88; extract_method=stage_carried; extra_factors/raw_extra=IV | provenance=auto_extracted_from_uploaded_manuals_v1_0 | crosswalk_v1.3 source_site=Neuroendocrine Tumors of the Appendix -> tool_site=NET - appendix
NET - appendix,AJCC8,yp,T4,NX|N0|N1,M1,Any,Any,IV,source_page=88; extract_method=tnm_stage | provenance=auto_extracted_from_uploaded_manuals_v1_0 | crosswalk_v1.3 source_site=Neuroendocrine Tumors of the Appendix -> tool_site=NET - appendix
NET - colon / rectum,AJCC8,any,Any,Any,M1,Any,Any,IV,AJCC8 QA v0.5: well-differentiated NET TNM stage group; high-grade NEC/mixed histology should redirect to carcinoma staging. | provenance=existing_v0_9_curated_or_previous_patch | crosswalk_v1.3 source_site=NET - colon / rectum -> tool_site=NET - colon / rectum
NET - colon / rectum,AJCC8,any,Any,N1,M0,Any,Any,IIIB,AJCC8 QA v0.5: well-differentiated NET TNM stage group; high-grade NEC/mixed histology should redirect to carcinoma staging. | provenance=existing_v0_9_curated_or_previous_patch | crosswalk_v1.3 source_site=NET - colon / rectum -> tool_site=NET - colon / rectum
NET - colon / rectum,AJCC8,any,T1,N0,M0,Any,Any,I,AJCC8 QA v0.5: well-differentiated NET TNM stage group; high-grade NEC/mixed histology should redirect to carcinoma staging. | provenance=existing_v0_9_curated_or_previous_patch | crosswalk_v1.3 source_site=NET - colon / rectum -> tool_site=NET - colon / rectum | source_page=91; extract_method=tnm_stage | provenance=auto_extracted_from_uploaded_manuals_v1_0 | crosswalk_v1.3 source_site=Neuroendocrine Tumors of the Colon and Rectum -> tool_site=NET - colon / rectum
NET - colon / rectum,AJCC8,any,T2,N0,M0,Any,Any,IIA,AJCC8 QA v0.5: well-differentiated NET TNM stage group; high-grade NEC/mixed histology should redirect to carcinoma staging. | provenance=existing_v0_9_curated_or_previous_patch | crosswalk_v1.3 source_site=NET - colon / rectum -> tool_site=NET - colon / rectum | source_page=91; extract_method=tnm_stage | provenance=auto_extracted_from_uploaded_manuals_v1_0 | crosswalk_v1.3 source_site=Neuroendocrine Tumors of the Colon and Rectum -> tool_site=NET - colon / rectum
NET - colon / rectum,AJCC8,any,T3,N0,M0,Any,Any,IIB,AJCC8 QA v0.5: well-differentiated NET TNM stage group; high-grade NEC/mixed histology should redirect to carcinoma staging. | provenance=existing_v0_9_curated_or_previous_patch | crosswalk_v1.3 source_site=NET - colon / rectum -> tool_site=NET - colon / rectum
NET - colon / rectum,AJCC8,any,T4,N0,M0,Any,Any,IIIA,AJCC8 QA v0.5: well-differentiated NET TNM stage group; high-grade NEC/mixed histology should redirect to carcinoma staging. | provenance=existing_v0_9_curated_or_previous_patch | crosswalk_v1.3 source_site=NET - colon / rectum -> tool_site=NET - colon / rectum
NET - appendix,AJCC8,yp,T2,NX|N0|N1,M1,Any,Any,IV,source_page=88; extract_method=tnm_stage; extra_factors/raw_extra=HISTOPATHOLOGIC TYPE | provenance=auto_extracted_from_uploaded_manuals_v1_0 | crosswalk_v1.3 source_site=Neuroendocrine Tumors of the Appendix -> tool_site=NET - appendix
NET - appendix,AJCC8,yp,T2,NX|N0|N1,M1,Any,Any,III,source_page=88; extract_method=stage_carried; extra_factors/raw_extra=IV | HISTOPATHOLOGIC TYPE | provenance=auto_extracted_from_uploaded_manuals_v1_0 | crosswalk_v1.3 source_site=Neuroendocrine Tumors of the Appendix -> tool_site=NET - appendix
NET - appendix,AJCC8,any,T2,N1,M0,Any,Any,III,source_page=88; extract_method=tnm_stage | provenance=auto_extracted_from_uploaded_manuals_v1_0 | crosswalk_v1.3 source_site=Neuroendocrine Tumors of the Appendix -> tool_site=NET - appendix
NET - appendix,AJCC8,any,T2,N1,M0,Any,Any,II,source_page=88; extract_method=stage_carried; extra_factors/raw_extra=III | provenance=auto_extracted_from_uploaded_manuals_v1_0 | crosswalk_v1.3 source_site=Neuroendocrine Tumors of the Appendix -> tool_site=NET - appendix
NET - jejunum / ileum,AJCC8,any,T1,N1|N2,M0,Any,Any,III,source_page=84; extract_method=tnm_stage; extra_factors/raw_extra=In cases of disparity between Ki-67 proliferative index | provenance=auto_extracted_from_uploaded_manuals_v1_0 | crosswalk_v1.3 source_site=Neuroendocrine Tumors of the Jejunum and Ileum -> tool_site=NET - jejunum / ileum
NET - jejunum / ileum,AJCC8,any,T1,NX|N0|,M1,Any,Any,III,"source_page=84; extract_method=stage_carried; extra_factors/raw_extra=IV | and mitotic count, the result indicating a higher-grade tumor | provenance=auto_extracted_from_uploaded_manuals_v1_0 | crosswalk_v1.3 source_site=Neuroendocrine Tumors of the Jejunum and Ileum -> tool_site=NET - jejunum / ileum"
NET - jejunum / ileum,AJCC8,any,T1,NX|N0|,M1,Any,Any,IV,"source_page=84; extract_method=tnm_stage; extra_factors/raw_extra=and mitotic count, the result indicating a higher-grade tumor | provenance=auto_extracted_from_uploaded_manuals_v1_0 | crosswalk_v1.3 source_site=Neuroendocrine Tumors of the Jejunum and Ileum -> tool_site=NET - jejunum / ileum"
NET - jejunum / ileum,AJCC8,any,T2,N0,M0,Any,Any,IV,source_page=84; extract_method=stage_carried; extra_factors/raw_extra=II | count of 1 per 10 HPF and a Ki-67 of 12% should be desig- | provenance=auto_extracted_from_uploaded_manuals_v1_0 | crosswalk_v1.3 source_site=Neuroendocrine Tumors of the Jejunum and Ileum -> tool_site=NET - jejunum / ileum
NET - jejunum / ileum,AJCC8,any,T2,N0,M0,Any,Any,II,source_page=84; extract_method=tnm_stage; extra_factors/raw_extra=count of 1 per 10 HPF and a Ki-67 of 12% should be desig- | provenance=auto_extracted_from_uploaded_manuals_v1_0 | crosswalk_v1.3 source_site=Neuroendocrine Tumors of the Jejunum and Ileum -> tool_site=NET - jejunum / ileum
NET - jejunum / ileum,AJCC8,any,T2,N1|N2,M0,Any,Any,II,source_page=84; extract_method=stage_carried; extra_factors/raw_extra=III | nated as a G2 NET. | provenance=auto_extracted_from_uploaded_manuals_v1_0 | crosswalk_v1.3 source_site=Neuroendocrine Tumors of the Jejunum and Ileum -> tool_site=NET - jejunum / ileum
NET - jejunum / ileum,AJCC8,any,T2,N1|N2,M0,Any,Any,III,source_page=84; extract_method=tnm_stage; extra_factors/raw_extra=nated as a G2 NET. | provenance=auto_extracted_from_uploaded_manuals_v1_0 | crosswalk_v1.3 source_site=Neuroendocrine Tumors of the Jejunum and Ileum -> tool_site=NET - jejunum / ileum
NET - appendix,AJCC8,any,Any,Any,M1,Any,Any,IV,AJCC8 QA v0.5: well-differentiated NET TNM stage group; high-grade NEC/mixed histology should redirect to carcinoma staging. | provenance=existing_v0_9_curated_or_previous_patch | crosswalk_v1.3 source_site=NET - appendix -> tool_site=NET - appendix
NET - jejunum / ileum,AJCC8,any,T1,N0,M0,Any,Any,IV,source_page=84; extract_method=stage_carried; extra_factors/raw_extra=I | provenance=auto_extracted_from_uploaded_manuals_v1_0 | crosswalk_v1.3 source_site=Neuroendocrine Tumors of the Jejunum and Ileum -> tool_site=NET - jejunum / ileum
NET - appendix,AJCC8,any,Any,N1,M0,Any,Any,III,AJCC8 QA v0.5: well-differentiated NET TNM stage group; high-grade NEC/mixed histology should redirect to carcinoma staging. | provenance=existing_v0_9_curated_or_previous_patch | crosswalk_v1.3 source_site=NET - appendix -> tool_site=NET - appendix
NET - appendix,AJCC8,any,T2|T3,N0,M0,Any,Any,II,AJCC8 QA v0.5: well-differentiated NET TNM stage group; high-grade NEC/mixed histology should redirect to carcinoma staging. | provenance=existing_v0_9_curated_or_previous_patch | crosswalk_v1.3 source_site=NET - appendix -> tool_site=NET - appendix
NET - appendix,AJCC8,any,T4,N0,M0,Any,Any,III,AJCC8 QA v0.5: well-differentiated NET TNM stage group; high-grade NEC/mixed histology should redirect to carcinoma staging. | provenance=existing_v0_9_curated_or_previous_patch | crosswalk_v1.3 source_site=NET - appendix -> tool_site=NET - appendix
NET - appendix,AJCC8,yp,TX|T0,NX|N0|N1,M1,Any,Any,IV,source_page=87; extract_method=tnm_stage | provenance=auto_extracted_from_uploaded_manuals_v1_0 | crosswalk_v1.3 source_site=Neuroendocrine Tumors of the Appendix -> tool_site=NET - appendix
NET - appendix,AJCC8,yp,T1,N0,M0,Any,Any,IV,source_page=87; extract_method=stage_carried; extra_factors/raw_extra=I | provenance=auto_extracted_from_uploaded_manuals_v1_0 | crosswalk_v1.3 source_site=Neuroendocrine Tumors of the Appendix -> tool_site=NET - appendix
NET - appendix,AJCC8,yp,T1,N0,M0,Any,Any,I,source_page=87; extract_method=tnm_stage | provenance=auto_extracted_from_uploaded_manuals_v1_0 | crosswalk_v1.3 source_site=Neuroendocrine Tumors of the Appendix -> tool_site=NET - appendix
NET - appendix,AJCC8,yp,T1,N1,M0,Any,Any,I,source_page=87; extract_method=stage_carried; extra_factors/raw_extra=III | provenance=auto_extracted_from_uploaded_manuals_v1_0 | crosswalk_v1.3 source_site=Neuroendocrine Tumors of the Appendix -> tool_site=NET - appendix
NET - appendix,AJCC8,yp,T1,N1,M0,Any,Any,III,source_page=87; extract_method=tnm_stage | provenance=auto_extracted_from_uploaded_manuals_v1_0 | crosswalk_v1.3 source_site=Neuroendocrine Tumors of the Appendix -> tool_site=NET - appendix
NET - appendix,AJCC8,any,T2,N0,M0,Any,Any,II,source_page=88; extract_method=tnm_stage | provenance=auto_extracted_from_uploaded_manuals_v1_0 | crosswalk_v1.3 source_site=Neuroendocrine Tumors of the Appendix -> tool_site=NET - appendix
NET - appendix,AJCC8,any,T1,N0,M0,Any,Any,I,AJCC8 QA v0.5: well-differentiated NET TNM stage group; high-grade NEC/mixed histology should redirect to carcinoma staging. | provenance=existing_v0_9_curated_or_previous_patch | crosswalk_v1.3 source_site=NET - appendix -> tool_site=NET - appendix
Small Intestine: Other Histologies,AJCC8,any,Any,Any,M1,Any,Any,IV,AJCC8 QA v0.5: TNM-first audited for current quick-staging site; verify in formal clinical documentation. | provenance=existing_v0_9_curated_or_previous_patch | crosswalk_v1.3 source_site=Small intestine -> tool_site=Small Intestine: Other Histologies
Kidney,AJCC8,yp,T3,N1,M0,Any,Any,III,source_page=196; extract_method=stage_carried; extra_factors/raw_extra=III | G4 | Marked nuclear pleomorphism and/or multinucleate giant; duplicate_source_page=196 | provenance=auto_extracted_from_uploaded_manuals_v1_0 | crosswalk_v1.3 source_site=Kidney -> tool_site=Kidney
Kidney,AJCC8,yp,T4,Any,M0,Any,Any,IV,source_page=196; extract_method=tnm_stage | provenance=auto_extracted_from_uploaded_manuals_v1_0 | crosswalk_v1.3 source_site=Kidney -> tool_site=Kidney
Uveal Melanoma – Iris Melanoma,AJCC8,yp,T4d-e,N0,M0,Any,Any,IIIB,"source_page=216; extract_method=stage_carried; extra_factors/raw_extra=IIIC | Spindle cell melanoma, type B | provenance=auto_extracted_from_uploaded_manuals_v1_0 | crosswalk_v1.3 source_site=Uveal Melanoma -> tool_site=Uveal Melanoma – Iris Melanoma"
Uveal Melanoma – Iris Melanoma,AJCC8,yp,T4d-e,N0,M0,Any,Any,IIIC,"source_page=216; extract_method=tnm_stage; extra_factors/raw_extra=Spindle cell melanoma, type B | provenance=auto_extracted_from_uploaded_manuals_v1_0 | crosswalk_v1.3 source_site=Uveal Melanoma -> tool_site=Uveal Melanoma – Iris Melanoma"
Uveal Melanoma – Iris Melanoma,AJCC8,yp,Any,N1,M0,Any,Any,IIIC,source_page=216; extract_method=stage_carried; extra_factors/raw_extra=IV | provenance=auto_extracted_from_uploaded_manuals_v1_0 | crosswalk_v1.3 source_site=Uveal Melanoma -> tool_site=Uveal Melanoma – Iris Melanoma
Uveal Melanoma – Iris Melanoma,AJCC8,yp,Any,N1,M0,Any,Any,IV,source_page=216; extract_method=tnm_stage | provenance=auto_extracted_from_uploaded_manuals_v1_0 | crosswalk_v1.3 source_site=Uveal Melanoma -> tool_site=Uveal Melanoma – Iris Melanoma
Uveal Melanoma – Iris Melanoma,AJCC8,yp,Any,Any,M1a|M1b|M1c,Any,Any,IV,source_page=216; extract_method=stage_carried; extra_factors/raw_extra=IV; duplicate_source_page=216 | provenance=auto_extracted_from_uploaded_manuals_v1_0 | crosswalk_v1.3 source_site=Uveal Melanoma -> tool_site=Uveal Melanoma – Iris Melanoma
Uveal Melanoma – Choroidal and Ciliary Body Melanoma,AJCC8,yp,T1a,N0,M0,Any,Any,I,"source_page=216; extract_method=tnm_stage; extra_factors/raw_extra=spindle, i.e. epithelioid cells detected) and contrast them with grade 1 | provenance=auto_extracted_from_uploaded_manuals_v1_0 | crosswalk_v1.3 source_site=Uveal Melanoma -> tool_site=Uveal Melanoma – Choroidal and Ciliary Body Melanoma"
Uveal Melanoma – Choroidal and Ciliary Body Melanoma,AJCC8,any,T1b-d,N0,M0,Any,Any,I,source_page=216; extract_method=stage_carried; extra_factors/raw_extra=IIA | provenance=auto_extracted_from_uploaded_manuals_v1_0 | crosswalk_v1.3 source_site=Uveal Melanoma -> tool_site=Uveal Melanoma – Choroidal and Ciliary Body Melanoma
Uveal Melanoma – Choroidal and Ciliary Body Melanoma,AJCC8,any,T1b-d,N0,M0,Any,Any,IIA,source_page=216; extract_method=tnm_stage | provenance=auto_extracted_from_uploaded_manuals_v1_0 | crosswalk_v1.3 source_site=Uveal Melanoma -> tool_site=Uveal Melanoma – Choroidal and Ciliary Body Melanoma
Uveal Melanoma – Choroidal and Ciliary Body Melanoma,AJCC8,any,T2a,N0,M0,Any,Any,IIA,source_page=216; extract_method=stage_carried; extra_factors/raw_extra=IIA; duplicate_source_page=216 | provenance=auto_extracted_from_uploaded_manuals_v1_0 | crosswalk_v1.3 source_site=Uveal Melanoma -> tool_site=Uveal Melanoma – Choroidal and Ciliary Body Melanoma
Uveal Melanoma – Choroidal and Ciliary Body Melanoma,AJCC8,any,T2b,N0,M0,Any,Any,IIA,source_page=216; extract_method=stage_carried; extra_factors/raw_extra=IIB | provenance=auto_extracted_from_uploaded_manuals_v1_0 | crosswalk_v1.3 source_site=Uveal Melanoma -> tool_site=Uveal Melanoma – Choroidal and Ciliary Body Melanoma
Uveal Melanoma – Choroidal and Ciliary Body Melanoma,AJCC8,any,T2b,N0,M0,Any,Any,IIB,source_page=216; extract_method=tnm_stage | provenance=auto_extracted_from_uploaded_manuals_v1_0 | crosswalk_v1.3 source_site=Uveal Melanoma -> tool_site=Uveal Melanoma – Choroidal and Ciliary Body Melanoma
Uveal Melanoma – Choroidal and Ciliary Body Melanoma,AJCC8,yp,T3a,N0,M0,Any,Any,IIB,source_page=216; extract_method=stage_carried; extra_factors/raw_extra=IIB | HISTOPATHOLOGIC TYPE; duplicate_source_page=216 | provenance=auto_extracted_from_uploaded_manuals_v1_0 | crosswalk_v1.3 source_site=Uveal Melanoma -> tool_site=Uveal Melanoma – Choroidal and Ciliary Body Melanoma
Uveal Melanoma – Choroidal and Ciliary Body Melanoma,AJCC8,yp,T2c-d,N0,M0,Any,Any,IIB,source_page=216; extract_method=stage_carried; extra_factors/raw_extra=IIIA | provenance=auto_extracted_from_uploaded_manuals_v1_0 | crosswalk_v1.3 source_site=Uveal Melanoma -> tool_site=Uveal Melanoma – Choroidal and Ciliary Body Melanoma
Uveal Melanoma – Choroidal and Ciliary Body Melanoma,AJCC8,yp,T2c-d,N0,M0,Any,Any,IIIA,source_page=216; extract_method=tnm_stage | provenance=auto_extracted_from_uploaded_manuals_v1_0 | crosswalk_v1.3 source_site=Uveal Melanoma -> tool_site=Uveal Melanoma – Choroidal and Ciliary Body Melanoma
Uveal Melanoma – Choroidal and Ciliary Body Melanoma,AJCC8,yp,T3b|T3c,N0,M0,Any,Any,IIIA,source_page=216; extract_method=stage_carried; extra_factors/raw_extra=IIIA | Mixed epithelioid and spindle cell melanoma; duplicate_source_page=216 | provenance=auto_extracted_from_uploaded_manuals_v1_0 | crosswalk_v1.3 source_site=Uveal Melanoma -> tool_site=Uveal Melanoma – Choroidal and Ciliary Body Melanoma
Uveal Melanoma – Choroidal and Ciliary Body Melanoma,AJCC8,yp,T4a,N0,M0,Any,Any,IIIA,source_page=216; extract_method=stage_carried; extra_factors/raw_extra=IIIA | Epithelioid cell melanoma; duplicate_source_page=216 | provenance=auto_extracted_from_uploaded_manuals_v1_0 | crosswalk_v1.3 source_site=Uveal Melanoma -> tool_site=Uveal Melanoma – Choroidal and Ciliary Body Melanoma
Uveal Melanoma – Choroidal and Ciliary Body Melanoma,AJCC8,yp,T3d,N0,M0,Any,Any,IIIA,source_page=216; extract_method=stage_carried; extra_factors/raw_extra=IIIB | Spindle cell melanoma | provenance=auto_extracted_from_uploaded_manuals_v1_0 | crosswalk_v1.3 source_site=Uveal Melanoma -> tool_site=Uveal Melanoma – Choroidal and Ciliary Body Melanoma
Uveal Melanoma – Iris Melanoma,AJCC8,yp,T4b|T4c,N0,M0,Any,Any,IIIB,"source_page=216; extract_method=stage_carried; extra_factors/raw_extra=IIIB | Spindle cell melanoma, type A; duplicate_source_page=216 | provenance=auto_extracted_from_uploaded_manuals_v1_0 | crosswalk_v1.3 source_site=Uveal Melanoma -> tool_site=Uveal Melanoma – Iris Melanoma"
Uveal Melanoma – Choroidal and Ciliary Body Melanoma,AJCC8,yp,T3d,N0,M0,Any,Any,IIIB,source_page=216; extract_method=tnm_stage; extra_factors/raw_extra=Spindle cell melanoma | provenance=auto_extracted_from_uploaded_manuals_v1_0 | crosswalk_v1.3 source_site=Uveal Melanoma -> tool_site=Uveal Melanoma – Choroidal and Ciliary Body Melanoma
Uveal Melanoma – Iris Melanoma,AJCC8,yp,T3d,N0,M0,Any,Any,IIIB,source_page=216; extract_method=tnm_stage; extra_factors/raw_extra=Spindle cell melanoma | provenance=auto_extracted_from_uploaded_manuals_v1_0 | crosswalk_v1.3 source_site=Uveal Melanoma -> tool_site=Uveal Melanoma – Iris Melanoma
Uveal Melanoma – Iris Melanoma,AJCC8,yp,T4a,N0,M0,Any,Any,IIIA,source_page=216; extract_method=stage_carried; extra_factors/raw_extra=IIIA | Epithelioid cell melanoma; duplicate_source_page=216 | provenance=auto_extracted_from_uploaded_manuals_v1_0 | crosswalk_v1.3 source_site=Uveal Melanoma -> tool_site=Uveal Melanoma – Iris Melanoma
Prostatic Urethra: Squamous Cell Carcinoma and Adenocarcinoma,AJCC8,any,Any,Any,M1,Any,Any,III,source_page=205; extract_method=stage_carried; extra_factors/raw_extra=IV | provenance=auto_extracted_from_uploaded_manuals_v1_0 | crosswalk_v1.3 source_site=Urethra -> tool_site=Prostatic Urethra: Squamous Cell Carcinoma and Adenocarcinoma
Prostatic Urethra: Squamous Cell Carcinoma and Adenocarcinoma,AJCC8,any,Any,Any,M1,Any,Any,IV,source_page=205; extract_method=tnm_stage | provenance=auto_extracted_from_uploaded_manuals_v1_0 | crosswalk_v1.3 source_site=Urethra -> tool_site=Prostatic Urethra: Squamous Cell Carcinoma and Adenocarcinoma
Eyelid Carcinoma,AJCC8,yp,Tis,N0,M0,Any,Any,0,source_page=207; extract_method=tnm_stage; extra_factors/raw_extra=Primary eccrine adenocarcinoma | provenance=auto_extracted_from_uploaded_manuals_v1_0 | crosswalk_v1.3 source_site=Eyelid Carcinoma -> tool_site=Eyelid Carcinoma
Eyelid Carcinoma,AJCC8,yp,T1,N0,M0,Any,Any,0,source_page=207; extract_method=stage_carried; extra_factors/raw_extra=IA | Microcystic adnexal carcinoma (sclerosing sweat duct | provenance=auto_extracted_from_uploaded_manuals_v1_0 | crosswalk_v1.3 source_site=Eyelid Carcinoma -> tool_site=Eyelid Carcinoma
Eyelid Carcinoma,AJCC8,yp,T1,N0,M0,Any,Any,IA,source_page=207; extract_method=tnm_stage; extra_factors/raw_extra=Microcystic adnexal carcinoma (sclerosing sweat duct | provenance=auto_extracted_from_uploaded_manuals_v1_0 | crosswalk_v1.3 source_site=Eyelid Carcinoma -> tool_site=Eyelid Carcinoma
Eyelid Carcinoma,AJCC8,yp,T2a,N0,M0,Any,Any,IA,source_page=207; extract_method=stage_carried; extra_factors/raw_extra=IB | adenocarcinoma) | provenance=auto_extracted_from_uploaded_manuals_v1_0 | crosswalk_v1.3 source_site=Eyelid Carcinoma -> tool_site=Eyelid Carcinoma
Eyelid Carcinoma,AJCC8,yp,T2a,N0,M0,Any,Any,IB,source_page=207; extract_method=tnm_stage; extra_factors/raw_extra=adenocarcinoma) | provenance=auto_extracted_from_uploaded_manuals_v1_0 | crosswalk_v1.3 source_site=Eyelid Carcinoma -> tool_site=Eyelid Carcinoma
Uveal Melanoma – Iris Melanoma,AJCC8,yp,T1a,N0,M0,Any,Any,I,"source_page=216; extract_method=tnm_stage; extra_factors/raw_extra=spindle, i.e. epithelioid cells detected) and contrast them with grade 1 | provenance=auto_extracted_from_uploaded_manuals_v1_0 | crosswalk_v1.3 source_site=Uveal Melanoma -> tool_site=Uveal Melanoma – Iris Melanoma"
Uveal Melanoma – Iris Melanoma,AJCC8,any,T1b-d,N0,M0,Any,Any,I,source_page=216; extract_method=stage_carried; extra_factors/raw_extra=IIA | provenance=auto_extracted_from_uploaded_manuals_v1_0 | crosswalk_v1.3 source_site=Uveal Melanoma -> tool_site=Uveal Melanoma – Iris Melanoma
Uveal Melanoma – Iris Melanoma,AJCC8,any,T1b-d,N0,M0,Any,Any,IIA,source_page=216; extract_method=tnm_stage | provenance=auto_extracted_from_uploaded_manuals_v1_0 | crosswalk_v1.3 source_site=Uveal Melanoma -> tool_site=Uveal Melanoma – Iris Melanoma
Uveal Melanoma – Iris Melanoma,AJCC8,any,T2a,N0,M0,Any,Any,IIA,source_page=216; extract_method=stage_carried; extra_factors/raw_extra=IIA; duplicate_source_page=216 | provenance=auto_extracted_from_uploaded_manuals_v1_0 | crosswalk_v1.3 source_site=Uveal Melanoma -> tool_site=Uveal Melanoma – Iris Melanoma
Uveal Melanoma – Iris Melanoma,AJCC8,any,T2b,N0,M0,Any,Any,IIA,source_page=216; extract_method=stage_carried; extra_factors/raw_extra=IIB | provenance=auto_extracted_from_uploaded_manuals_v1_0 | crosswalk_v1.3 source_site=Uveal Melanoma -> tool_site=Uveal Melanoma – Iris Melanoma
Uveal Melanoma – Iris Melanoma,AJCC8,any,T2b,N0,M0,Any,Any,IIB,source_page=216; extract_method=tnm_stage | provenance=auto_extracted_from_uploaded_manuals_v1_0 | crosswalk_v1.3 source_site=Uveal Melanoma -> tool_site=Uveal Melanoma – Iris Melanoma
Uveal Melanoma – Iris Melanoma,AJCC8,yp,T3a,N0,M0,Any,Any,IIB,source_page=216; extract_method=stage_carried; extra_factors/raw_extra=IIB | HISTOPATHOLOGIC TYPE; duplicate_source_page=216 | provenance=auto_extracted_from_uploaded_manuals_v1_0 | crosswalk_v1.3 source_site=Uveal Melanoma -> tool_site=Uveal Melanoma – Iris Melanoma
Uveal Melanoma – Iris Melanoma,AJCC8,yp,T2c-d,N0,M0,Any,Any,IIB,source_page=216; extract_method=stage_carried; extra_factors/raw_extra=IIIA | provenance=auto_extracted_from_uploaded_manuals_v1_0 | crosswalk_v1.3 source_site=Uveal Melanoma -> tool_site=Uveal Melanoma – Iris Melanoma
Uveal Melanoma – Iris Melanoma,AJCC8,yp,T2c-d,N0,M0,Any,Any,IIIA,source_page=216; extract_method=tnm_stage | provenance=auto_extracted_from_uploaded_manuals_v1_0 | crosswalk_v1.3 source_site=Uveal Melanoma -> tool_site=Uveal Melanoma – Iris Melanoma
Uveal Melanoma – Iris Melanoma,AJCC8,yp,T3b|T3c,N0,M0,Any,Any,IIIA,source_page=216; extract_method=stage_carried; extra_factors/raw_extra=IIIA | Mixed epithelioid and spindle cell melanoma; duplicate_source_page=216 | provenance=auto_extracted_from_uploaded_manuals_v1_0 | crosswalk_v1.3 source_site=Uveal Melanoma -> tool_site=Uveal Melanoma – Iris Melanoma
Uveal Melanoma – Iris Melanoma,AJCC8,yp,T3d,N0,M0,Any,Any,IIIA,source_page=216; extract_method=stage_carried; extra_factors/raw_extra=IIIB | Spindle cell melanoma | provenance=auto_extracted_from_uploaded_manuals_v1_0 | crosswalk_v1.3 source_site=Uveal Melanoma -> tool_site=Uveal Melanoma – Iris Melanoma
Uveal Melanoma – Choroidal and Ciliary Body Melanoma,AJCC8,yp,T4b|T4c,N0,M0,Any,Any,IIIB,"source_page=216; extract_method=stage_carried; extra_factors/raw_extra=IIIB | Spindle cell melanoma, type A; duplicate_source_page=216 | provenance=auto_extracted_from_uploaded_manuals_v1_0 | crosswalk_v1.3 source_site=Uveal Melanoma -> tool_site=Uveal Melanoma – Choroidal and Ciliary Body Melanoma"
Uveal Melanoma – Choroidal and Ciliary Body Melanoma,AJCC8,yp,T4d-e,N0,M0,Any,Any,IIIB,"source_page=216; extract_method=stage_carried; extra_factors/raw_extra=IIIC | Spindle cell melanoma, type B | provenance=auto_extracted_from_uploaded_manuals_v1_0 | crosswalk_v1.3 source_site=Uveal Melanoma -> tool_site=Uveal Melanoma – Choroidal and Ciliary Body Melanoma"
Uveal Melanoma – Choroidal and Ciliary Body Melanoma,AJCC8,yp,T4d-e,N0,M0,Any,Any,IIIC,"source_page=216; extract_method=tnm_stage; extra_factors/raw_extra=Spindle cell melanoma, type B | provenance=auto_extracted_from_uploaded_manuals_v1_0 | crosswalk_v1.3 source_site=Uveal Melanoma -> tool_site=Uveal Melanoma – Choroidal and Ciliary Body Melanoma"
Thyroid – Anaplastic,AJCC8,yp,Any,Any,M1,Any,Any,IVC,source_page=235; extract_method=tnm_stage | provenance=auto_extracted_from_uploaded_manuals_v1_0 | crosswalk_v1.3 source_site=Thyroid - Differentiated and Anaplastic Carcinoma -> tool_site=Thyroid – Anaplastic
Thyroid – Medullary,AJCC8,any,tothethyroid,AnyT,AnyN,Any,Any,IVC,source_page=239; extract_method=tnm_extra_stage; extra_factors/raw_extra=M1; duplicate_source_page=239 | provenance=auto_extracted_from_uploaded_manuals_v1_0 | crosswalk_v1.3 source_site=Thyroid - Medullary -> tool_site=Thyroid – Medullary
Primary Cutaneous Lymphoma: Mycosis Fungoides and Sézary Syndrome,AJCC8,yp,T1,N0,M0,Any,Any,IA,"source_page=253; extract_method=tnm_grade_stage; extra_factors/raw_extra=B0,1 | or involvement of any lymph node region that does | provenance=auto_extracted_from_uploaded_manuals_v1_0 | crosswalk_v1.3 source_site=Primary Cutaneous Lymphomas -> tool_site=Primary Cutaneous Lymphoma: Mycosis Fungoides and Sézary Syndrome"
Primary Cutaneous Lymphoma: Mycosis Fungoides and Sézary Syndrome,AJCC8,yp,T2,N0,M0,Any,Any,IA,"source_page=253; extract_method=stage_carried; extra_factors/raw_extra=B0,1 | IB | not drain an area of current or prior skin involvement | provenance=auto_extracted_from_uploaded_manuals_v1_0 | crosswalk_v1.3 source_site=Primary Cutaneous Lymphomas -> tool_site=Primary Cutaneous Lymphoma: Mycosis Fungoides and Sézary Syndrome"
Primary Cutaneous Lymphoma: Mycosis Fungoides and Sézary Syndrome,AJCC8,yp,T2,N0,M0,Any,Any,IB,"source_page=253; extract_method=tnm_grade_stage; extra_factors/raw_extra=B0,1 | not drain an area of current or prior skin involvement | provenance=auto_extracted_from_uploaded_manuals_v1_0 | crosswalk_v1.3 source_site=Primary Cutaneous Lymphomas -> tool_site=Primary Cutaneous Lymphoma: Mycosis Fungoides and Sézary Syndrome"
Primary Cutaneous Lymphoma: Primary Cutaneous B-Cell/T-Cell (non-MF/SS),AJCC8,yp,T1,N0,M0,Any,Any,IA,"source_page=253; extract_method=tnm_grade_stage; extra_factors/raw_extra=B0,1 | or involvement of any lymph node region that does | provenance=auto_extracted_from_uploaded_manuals_v1_0 | crosswalk_v1.3 source_site=Primary Cutaneous Lymphomas -> tool_site=Primary Cutaneous Lymphoma: Primary Cutaneous B-Cell/T-Cell (non-MF/SS)"
Primary Cutaneous Lymphoma: Primary Cutaneous B-Cell/T-Cell (non-MF/SS),AJCC8,yp,T2,N0,M0,Any,Any,IA,"source_page=253; extract_method=stage_carried; extra_factors/raw_extra=B0,1 | IB | not drain an area of current or prior skin involvement | provenance=auto_extracted_from_uploaded_manuals_v1_0 | crosswalk_v1.3 source_site=Primary Cutaneous Lymphomas -> tool_site=Primary Cutaneous Lymphoma: Primary Cutaneous B-Cell/T-Cell (non-MF/SS)"
Primary Cutaneous Lymphoma: Primary Cutaneous B-Cell/T-Cell (non-MF/SS),AJCC8,yp,T2,N0,M0,Any,Any,IB,"source_page=253; extract_method=tnm_grade_stage; extra_factors/raw_extra=B0,1 | not drain an area of current or prior skin involvement | provenance=auto_extracted_from_uploaded_manuals_v1_0 | crosswalk_v1.3 source_site=Primary Cutaneous Lymphomas -> tool_site=Primary Cutaneous Lymphoma: Primary Cutaneous B-Cell/T-Cell (non-MF/SS)"
Renal Pelvis and Ureter,AJCC8,any,Any,Any,M1,Any,Any,IV,source_page=199; extract_method=tnm_stage | provenance=auto_extracted_from_uploaded_manuals_v1_0 | retained_unmapped_legacy_site_v1.3
Renal Pelvis and Ureter,AJCC8,any,Ta,N0,M0,Any,Any,IV,source_page=199; extract_method=stage_carried; extra_factors/raw_extra=0a | provenance=auto_extracted_from_uploaded_manuals_v1_0 | retained_unmapped_legacy_site_v1.3
Renal Pelvis and Ureter,AJCC8,any,Ta,N0,M0,Any,Any,0a,source_page=199; extract_method=tnm_stage | provenance=auto_extracted_from_uploaded_manuals_v1_0 | retained_unmapped_legacy_site_v1.3
Renal Pelvis and Ureter,AJCC8,any,Tis,N0,M0,Any,Any,0a,source_page=199; extract_method=stage_carried; extra_factors/raw_extra=0is | provenance=auto_extracted_from_uploaded_manuals_v1_0 | retained_unmapped_legacy_site_v1.3
Renal Pelvis and Ureter,AJCC8,any,Tis,N0,M0,Any,Any,0is,source_page=199; extract_method=tnm_stage | provenance=auto_extracted_from_uploaded_manuals_v1_0 | retained_unmapped_legacy_site_v1.3
Renal Pelvis and Ureter,AJCC8,any,T1,N0,M0,Any,Any,0is,source_page=199; extract_method=stage_carried; extra_factors/raw_extra=I | provenance=auto_extracted_from_uploaded_manuals_v1_0 | retained_unmapped_legacy_site_v1.3
Renal Pelvis and Ureter,AJCC8,any,T1,N0,M0,Any,Any,I,source_page=199; extract_method=tnm_stage | provenance=auto_extracted_from_uploaded_manuals_v1_0 | retained_unmapped_legacy_site_v1.3
Renal Pelvis and Ureter,AJCC8,any,T2,N0,M0,Any,Any,I,source_page=199; extract_method=stage_carried; extra_factors/raw_extra=II | provenance=auto_extracted_from_uploaded_manuals_v1_0 | retained_unmapped_legacy_site_v1.3
Renal Pelvis and Ureter,AJCC8,any,T2,N0,M0,Any,Any,II,source_page=199; extract_method=tnm_stage | provenance=auto_extracted_from_uploaded_manuals_v1_0 | retained_unmapped_legacy_site_v1.3
Thyroid – Anaplastic,AJCC8,yp,Any,Any,M1,Any,Any,IVB,source_page=235; extract_method=stage_carried; extra_factors/raw_extra=IVC | provenance=auto_extracted_from_uploaded_manuals_v1_0 | crosswalk_v1.3 source_site=Thyroid - Differentiated and Anaplastic Carcinoma -> tool_site=Thyroid – Anaplastic
Thyroid – Anaplastic,AJCC8,yp,T4,Any,M0,Any,Any,IVB,source_page=235; extract_method=stage_carried; extra_factors/raw_extra=IVB; duplicate_source_page=235 | provenance=auto_extracted_from_uploaded_manuals_v1_0 | crosswalk_v1.3 source_site=Thyroid - Differentiated and Anaplastic Carcinoma -> tool_site=Thyroid – Anaplastic
Thyroid – Anaplastic,AJCC8,yp,T3b,Any,M0,Any,Any,IVB,source_page=235; extract_method=stage_carried; extra_factors/raw_extra=IVB; duplicate_source_page=235 | provenance=auto_extracted_from_uploaded_manuals_v1_0 | crosswalk_v1.3 source_site=Thyroid - Differentiated and Anaplastic Carcinoma -> tool_site=Thyroid – Anaplastic
Thyroid – Anaplastic,AJCC8,yp,T1-T3a,N1,M0,Any,Any,IVB,source_page=235; extract_method=tnm_stage | provenance=auto_extracted_from_uploaded_manuals_v1_0 | crosswalk_v1.3 source_site=Thyroid - Differentiated and Anaplastic Carcinoma -> tool_site=Thyroid – Anaplastic
Uveal Melanoma – Choroidal and Ciliary Body Melanoma,AJCC8,yp,Any,N1,M0,Any,Any,IIIC,source_page=216; extract_method=stage_carried; extra_factors/raw_extra=IV | provenance=auto_extracted_from_uploaded_manuals_v1_0 | crosswalk_v1.3 source_site=Uveal Melanoma -> tool_site=Uveal Melanoma – Choroidal and Ciliary Body Melanoma
Uveal Melanoma – Choroidal and Ciliary Body Melanoma,AJCC8,yp,Any,N1,M0,Any,Any,IV,source_page=216; extract_method=tnm_stage | provenance=auto_extracted_from_uploaded_manuals_v1_0 | crosswalk_v1.3 source_site=Uveal Melanoma -> tool_site=Uveal Melanoma – Choroidal and Ciliary Body Melanoma
Uveal Melanoma – Choroidal and Ciliary Body Melanoma,AJCC8,yp,Any,Any,M1a|M1b|M1c,Any,Any,IV,source_page=216; extract_method=stage_carried; extra_factors/raw_extra=IV; duplicate_source_page=216 | provenance=auto_extracted_from_uploaded_manuals_v1_0 | crosswalk_v1.3 source_site=Uveal Melanoma -> tool_site=Uveal Melanoma – Choroidal and Ciliary Body Melanoma
Retinoblastoma,AJCC8,clinical,T4a,N0,M0,Any,Any,II,source_page=220; extract_method=tnm_grade_stage; extra_factors/raw_extra=Any H | This classification applies only to retinoblastoma. The cen- | provenance=auto_extracted_from_uploaded_manuals_v1_0 | crosswalk_v1.3 source_site=Retinoblastoma -> tool_site=Retinoblastoma
Retinoblastoma,AJCC8,clinical,T4b,N0,M0,Any,Any,II,source_page=220; extract_method=stage_carried; extra_factors/raw_extra=Any H | III | tral nervous system component of “trilateral retinoblastoma” | provenance=auto_extracted_from_uploaded_manuals_v1_0 | crosswalk_v1.3 source_site=Retinoblastoma -> tool_site=Retinoblastoma
Retinoblastoma,AJCC8,clinical,T4b,N0,M0,Any,Any,III,source_page=220; extract_method=tnm_grade_stage; extra_factors/raw_extra=Any H | tral nervous system component of “trilateral retinoblastoma” | provenance=auto_extracted_from_uploaded_manuals_v1_0 | crosswalk_v1.3 source_site=Retinoblastoma -> tool_site=Retinoblastoma
Retinoblastoma,AJCC8,clinical,Any,N1,M0,Any,Any,III,"source_page=220; extract_method=stage_carried; extra_factors/raw_extra=Any H | III | would be required in addition to this staging, using the sec-; duplicate_source_page=220 | provenance=auto_extracted_from_uploaded_manuals_v1_0 | crosswalk_v1.3 source_site=Retinoblastoma -> tool_site=Retinoblastoma"
Retinoblastoma,AJCC8,clinical,Any,Any,M1|M1AnyH,Any,Any,III,source_page=220; extract_method=stage_carried; extra_factors/raw_extra=IV | tion pertinent to brain and spinal cord tumors (Chap. 72). | provenance=auto_extracted_from_uploaded_manuals_v1_0 | crosswalk_v1.3 source_site=Retinoblastoma -> tool_site=Retinoblastoma
Prostatic Urethra: Squamous Cell Carcinoma and Adenocarcinoma,AJCC8,any,T2,N1,M0,Any,Any,III,source_page=205; extract_method=tnm_stage | provenance=auto_extracted_from_uploaded_manuals_v1_0 | crosswalk_v1.3 source_site=Urethra -> tool_site=Prostatic Urethra: Squamous Cell Carcinoma and Adenocarcinoma
Retinoblastoma,AJCC8,clinical,Any,Any,M1|M1AnyH,Any,Any,IV,source_page=220; extract_method=tnm_stage; extra_factors/raw_extra=tion pertinent to brain and spinal cord tumors (Chap. 72). | provenance=auto_extracted_from_uploaded_manuals_v1_0 | crosswalk_v1.3 source_site=Retinoblastoma -> tool_site=Retinoblastoma
Thyroid – Differentiated,AJCC8,yp,T1-T3a,N1,M0,Any,Any,IVA,source_page=235; extract_method=stage_carried; extra_factors/raw_extra=IVB | provenance=auto_extracted_from_uploaded_manuals_v1_0 | crosswalk_v1.3 source_site=Thyroid - Differentiated and Anaplastic Carcinoma -> tool_site=Thyroid – Differentiated
Thyroid – Differentiated,AJCC8,yp,T1-T3a,N1,M0,Any,Any,IVB,source_page=235; extract_method=tnm_stage | provenance=auto_extracted_from_uploaded_manuals_v1_0 | crosswalk_v1.3 source_site=Thyroid - Differentiated and Anaplastic Carcinoma -> tool_site=Thyroid – Differentiated
Thyroid – Differentiated,AJCC8,yp,T3b,Any,M0,Any,Any,IVB,source_page=235; extract_method=stage_carried; extra_factors/raw_extra=IVB; duplicate_source_page=235 | provenance=auto_extracted_from_uploaded_manuals_v1_0 | crosswalk_v1.3 source_site=Thyroid - Differentiated and Anaplastic Carcinoma -> tool_site=Thyroid – Differentiated
Thyroid – Differentiated,AJCC8,yp,T4,Any,M0,Any,Any,IVB,source_page=235; extract_method=stage_carried; extra_factors/raw_extra=IVB; duplicate_source_page=235 | provenance=auto_extracted_from_uploaded_manuals_v1_0 | crosswalk_v1.3 source_site=Thyroid - Differentiated and Anaplastic Carcinoma -> tool_site=Thyroid – Differentiated
Thyroid – Differentiated,AJCC8,yp,Any,Any,M1,Any,Any,IVB,source_page=235; extract_method=stage_carried; extra_factors/raw_extra=IVC | provenance=auto_extracted_from_uploaded_manuals_v1_0 | crosswalk_v1.3 source_site=Thyroid - Differentiated and Anaplastic Carcinoma -> tool_site=Thyroid – Differentiated
Thyroid – Differentiated,AJCC8,yp,Any,Any,M1,Any,Any,IVC,source_page=235; extract_method=tnm_stage | provenance=auto_extracted_from_uploaded_manuals_v1_0 | crosswalk_v1.3 source_site=Thyroid - Differentiated and Anaplastic Carcinoma -> tool_site=Thyroid – Differentiated
Thyroid – Anaplastic,AJCC8,yp,T1-T3a,N0|NX,M0,Any,Any,IVA,source_page=235; extract_method=tnm_stage; extra_factors/raw_extra=Hürthle cell carcinoma | provenance=auto_extracted_from_uploaded_manuals_v1_0 | crosswalk_v1.3 source_site=Thyroid - Differentiated and Anaplastic Carcinoma -> tool_site=Thyroid – Anaplastic
Thyroid – Anaplastic,AJCC8,yp,T1-T3a,N1,M0,Any,Any,IVA,source_page=235; extract_method=stage_carried; extra_factors/raw_extra=IVB | provenance=auto_extracted_from_uploaded_manuals_v1_0 | crosswalk_v1.3 source_site=Thyroid - Differentiated and Anaplastic Carcinoma -> tool_site=Thyroid – Anaplastic
Thyroid – Differentiated,AJCC8,yp,T1-T3a,N0|NX,M0,Any,Any,IVA,source_page=235; extract_method=tnm_stage; extra_factors/raw_extra=Hürthle cell carcinoma | provenance=auto_extracted_from_uploaded_manuals_v1_0 | crosswalk_v1.3 source_site=Thyroid - Differentiated and Anaplastic Carcinoma -> tool_site=Thyroid – Differentiated
Prostatic Urethra: Squamous Cell Carcinoma and Adenocarcinoma,AJCC8,any,T2,N1,M0,Any,Any,II,source_page=205; extract_method=stage_carried; extra_factors/raw_extra=III | provenance=auto_extracted_from_uploaded_manuals_v1_0 | crosswalk_v1.3 source_site=Urethra -> tool_site=Prostatic Urethra: Squamous Cell Carcinoma and Adenocarcinoma
Prostatic Urethra: Squamous Cell Carcinoma and Adenocarcinoma,AJCC8,any,T2,N0,M0,Any,Any,II,source_page=205; extract_method=tnm_stage | provenance=auto_extracted_from_uploaded_manuals_v1_0 | crosswalk_v1.3 source_site=Urethra -> tool_site=Prostatic Urethra: Squamous Cell Carcinoma and Adenocarcinoma
Prostatic Urethra: Squamous Cell Carcinoma and Adenocarcinoma,AJCC8,any,T2,N0,M0,Any,Any,III,source_page=205; extract_method=stage_carried; extra_factors/raw_extra=II | provenance=auto_extracted_from_uploaded_manuals_v1_0 | crosswalk_v1.3 source_site=Urethra -> tool_site=Prostatic Urethra: Squamous Cell Carcinoma and Adenocarcinoma
Urinary Bladder: Squamous Cell Carcinoma and Adenocarcinoma,AJCC8,yp,T1,N0,M0,Any,Any,0is,source_page=202; extract_method=stage_carried; extra_factors/raw_extra=I | Non-invasive carcinoma | provenance=auto_extracted_from_uploaded_manuals_v1_0 | crosswalk_v1.3 source_site=Urinary Bladder -> tool_site=Urinary Bladder: Squamous Cell Carcinoma and Adenocarcinoma
Urinary Bladder: Squamous Cell Carcinoma and Adenocarcinoma,AJCC8,yp,T1,N0,M0,Any,Any,I,source_page=202; extract_method=tnm_stage; extra_factors/raw_extra=Non-invasive carcinoma | provenance=auto_extracted_from_uploaded_manuals_v1_0 | crosswalk_v1.3 source_site=Urinary Bladder -> tool_site=Urinary Bladder: Squamous Cell Carcinoma and Adenocarcinoma
Urinary Bladder: Squamous Cell Carcinoma and Adenocarcinoma,AJCC8,yp,T2a,N0,M0,Any,Any,I,source_page=202; extract_method=stage_carried; extra_factors/raw_extra=II | provenance=auto_extracted_from_uploaded_manuals_v1_0 | crosswalk_v1.3 source_site=Urinary Bladder -> tool_site=Urinary Bladder: Squamous Cell Carcinoma and Adenocarcinoma
Urinary Bladder: Squamous Cell Carcinoma and Adenocarcinoma,AJCC8,yp,T2a,N0,M0,Any,Any,II,source_page=202; extract_method=tnm_stage | provenance=auto_extracted_from_uploaded_manuals_v1_0 | crosswalk_v1.3 source_site=Urinary Bladder -> tool_site=Urinary Bladder: Squamous Cell Carcinoma and Adenocarcinoma
Urinary Bladder: Squamous Cell Carcinoma and Adenocarcinoma,AJCC8,yp,T2b,N0,M0,Any,Any,II,source_page=202; extract_method=stage_carried; extra_factors/raw_extra=II | • Low-grade papillary urothelial carcinoma; duplicate_source_page=202 | provenance=auto_extracted_from_uploaded_manuals_v1_0 | crosswalk_v1.3 source_site=Urinary Bladder -> tool_site=Urinary Bladder: Squamous Cell Carcinoma and Adenocarcinoma
Urinary Bladder: Squamous Cell Carcinoma and Adenocarcinoma,AJCC8,yp,T3a|T3b|T4a,N0,M0,Any,Any,II,source_page=202; extract_method=stage_carried; extra_factors/raw_extra=IIIA | • High-grade papillary urothelial carcinoma | provenance=auto_extracted_from_uploaded_manuals_v1_0 | crosswalk_v1.3 source_site=Urinary Bladder -> tool_site=Urinary Bladder: Squamous Cell Carcinoma and Adenocarcinoma
Urinary Bladder: Squamous Cell Carcinoma and Adenocarcinoma,AJCC8,yp,T3a|T3b|T4a,N0,M0,Any,Any,IIIA,source_page=202; extract_method=tnm_stage; extra_factors/raw_extra=• High-grade papillary urothelial carcinoma | provenance=auto_extracted_from_uploaded_manuals_v1_0 | crosswalk_v1.3 source_site=Urinary Bladder -> tool_site=Urinary Bladder: Squamous Cell Carcinoma and Adenocarcinoma
Urinary Bladder: Squamous Cell Carcinoma and Adenocarcinoma,AJCC8,yp,T1-T4a,N1,M0,Any,Any,IIIA,source_page=202; extract_method=stage_carried; extra_factors/raw_extra=IIIA | • Urothelial carcinoma in situ; duplicate_source_page=202 | provenance=auto_extracted_from_uploaded_manuals_v1_0 | crosswalk_v1.3 source_site=Urinary Bladder -> tool_site=Urinary Bladder: Squamous Cell Carcinoma and Adenocarcinoma
Urinary Bladder: Squamous Cell Carcinoma and Adenocarcinoma,AJCC8,yp,T1-T4a,N2|N3,M0,Any,Any,IIIA,source_page=202; extract_method=stage_carried; extra_factors/raw_extra=IIIB | provenance=auto_extracted_from_uploaded_manuals_v1_0 | crosswalk_v1.3 source_site=Urinary Bladder -> tool_site=Urinary Bladder: Squamous Cell Carcinoma and Adenocarcinoma
Urinary Bladder: Squamous Cell Carcinoma and Adenocarcinoma,AJCC8,yp,T1-T4a,N2|N3,M0,Any,Any,IIIB,source_page=202; extract_method=tnm_stage | provenance=auto_extracted_from_uploaded_manuals_v1_0 | crosswalk_v1.3 source_site=Urinary Bladder -> tool_site=Urinary Bladder: Squamous Cell Carcinoma and Adenocarcinoma
Urinary Bladder: Squamous Cell Carcinoma and Adenocarcinoma,AJCC8,yp,T4b,Any,M0,Any,Any,IIIB,source_page=202; extract_method=stage_carried; extra_factors/raw_extra=IVA | Invasive carcinoma | provenance=auto_extracted_from_uploaded_manuals_v1_0 | crosswalk_v1.3 source_site=Urinary Bladder -> tool_site=Urinary Bladder: Squamous Cell Carcinoma and Adenocarcinoma
Urinary Bladder: Squamous Cell Carcinoma and Adenocarcinoma,AJCC8,yp,T4b,Any,M0,Any,Any,IVA,source_page=202; extract_method=tnm_stage; extra_factors/raw_extra=Invasive carcinoma | provenance=auto_extracted_from_uploaded_manuals_v1_0 | crosswalk_v1.3 source_site=Urinary Bladder -> tool_site=Urinary Bladder: Squamous Cell Carcinoma and Adenocarcinoma
Urinary Bladder: Squamous Cell Carcinoma and Adenocarcinoma,AJCC8,yp,Any,Any,M1a,Any,Any,IVA,source_page=202; extract_method=stage_carried; extra_factors/raw_extra=IVA; duplicate_source_page=202 | provenance=auto_extracted_from_uploaded_manuals_v1_0 | crosswalk_v1.3 source_site=Urinary Bladder -> tool_site=Urinary Bladder: Squamous Cell Carcinoma and Adenocarcinoma
Urinary Bladder: Squamous Cell Carcinoma and Adenocarcinoma,AJCC8,yp,Any,Any,M1b,Any,Any,IVA,source_page=202; extract_method=stage_carried; extra_factors/raw_extra=IVB | • Conventional urothelial carcinoma | provenance=auto_extracted_from_uploaded_manuals_v1_0 | crosswalk_v1.3 source_site=Urinary Bladder -> tool_site=Urinary Bladder: Squamous Cell Carcinoma and Adenocarcinoma
Urinary Bladder: Squamous Cell Carcinoma and Adenocarcinoma,AJCC8,yp,Any,Any,M1b,Any,Any,IVB,source_page=202; extract_method=tnm_stage; extra_factors/raw_extra=• Conventional urothelial carcinoma | provenance=auto_extracted_from_uploaded_manuals_v1_0 | crosswalk_v1.3 source_site=Urinary Bladder -> tool_site=Urinary Bladder: Squamous Cell Carcinoma and Adenocarcinoma
Male Penile Urethra and Female Urethra: Urothelial Carcinomas,AJCC8,any,Tis,N0,M0,Any,Any,0is,source_page=205; extract_method=tnm_stage | provenance=auto_extracted_from_uploaded_manuals_v1_0 | crosswalk_v1.3 source_site=Urethra -> tool_site=Male Penile Urethra and Female Urethra: Urothelial Carcinomas
Male Penile Urethra and Female Urethra: Urothelial Carcinomas,AJCC8,any,Ta,N0,M0,Any,Any,0is,source_page=205; extract_method=stage_carried; extra_factors/raw_extra=0a | provenance=auto_extracted_from_uploaded_manuals_v1_0 | crosswalk_v1.3 source_site=Urethra -> tool_site=Male Penile Urethra and Female Urethra: Urothelial Carcinomas
Urinary Bladder: Squamous Cell Carcinoma and Adenocarcinoma,AJCC8,yp,Tis,N0,M0,Any,Any,0is,source_page=202; extract_method=tnm_stage | provenance=auto_extracted_from_uploaded_manuals_v1_0 | crosswalk_v1.3 source_site=Urinary Bladder -> tool_site=Urinary Bladder: Squamous Cell Carcinoma and Adenocarcinoma
Urinary Bladder: Squamous Cell Carcinoma and Adenocarcinoma,AJCC8,yp,Tis,N0,M0,Any,Any,0a,source_page=202; extract_method=stage_carried; extra_factors/raw_extra=0is | provenance=auto_extracted_from_uploaded_manuals_v1_0 | crosswalk_v1.3 source_site=Urinary Bladder -> tool_site=Urinary Bladder: Squamous Cell Carcinoma and Adenocarcinoma
Urinary Bladder: Squamous Cell Carcinoma and Adenocarcinoma,AJCC8,yp,Ta,N0,M0,Any,Any,0a,source_page=202; extract_method=tnm_stage; extra_factors/raw_extra=noma. The histologic subtypes are as follows: | provenance=auto_extracted_from_uploaded_manuals_v1_0 | crosswalk_v1.3 source_site=Urinary Bladder -> tool_site=Urinary Bladder: Squamous Cell Carcinoma and Adenocarcinoma
Urinary Bladder: Urothelial Carcinomas,AJCC8,yp,Any,Any,M1b,Any,Any,IVB,source_page=202; extract_method=tnm_stage; extra_factors/raw_extra=• Conventional urothelial carcinoma | provenance=auto_extracted_from_uploaded_manuals_v1_0 | crosswalk_v1.3 source_site=Urinary Bladder -> tool_site=Urinary Bladder: Urothelial Carcinomas
Kidney,AJCC8,yp,Any,Any,M1,Any,Any,IV,source_page=196; extract_method=stage_carried; extra_factors/raw_extra=IV; duplicate_source_page=196 | provenance=auto_extracted_from_uploaded_manuals_v1_0 | crosswalk_v1.3 source_site=Kidney -> tool_site=Kidney
Urinary Bladder: Urothelial Carcinomas,AJCC8,yp,Ta,N0,M0,Any,Any,0a,source_page=202; extract_method=tnm_stage; extra_factors/raw_extra=noma. The histologic subtypes are as follows: | provenance=auto_extracted_from_uploaded_manuals_v1_0 | crosswalk_v1.3 source_site=Urinary Bladder -> tool_site=Urinary Bladder: Urothelial Carcinomas
Urinary Bladder: Urothelial Carcinomas,AJCC8,yp,Tis,N0,M0,Any,Any,0a,source_page=202; extract_method=stage_carried; extra_factors/raw_extra=0is | provenance=auto_extracted_from_uploaded_manuals_v1_0 | crosswalk_v1.3 source_site=Urinary Bladder -> tool_site=Urinary Bladder: Urothelial Carcinomas
Urinary Bladder: Urothelial Carcinomas,AJCC8,yp,Tis,N0,M0,Any,Any,0is,source_page=202; extract_method=tnm_stage | provenance=auto_extracted_from_uploaded_manuals_v1_0 | crosswalk_v1.3 source_site=Urinary Bladder -> tool_site=Urinary Bladder: Urothelial Carcinomas
Urinary Bladder: Urothelial Carcinomas,AJCC8,yp,T1,N0,M0,Any,Any,0is,source_page=202; extract_method=stage_carried; extra_factors/raw_extra=I | Non-invasive carcinoma | provenance=auto_extracted_from_uploaded_manuals_v1_0 | crosswalk_v1.3 source_site=Urinary Bladder -> tool_site=Urinary Bladder: Urothelial Carcinomas
Urinary Bladder: Urothelial Carcinomas,AJCC8,yp,T1,N0,M0,Any,Any,I,source_page=202; extract_method=tnm_stage; extra_factors/raw_extra=Non-invasive carcinoma | provenance=auto_extracted_from_uploaded_manuals_v1_0 | crosswalk_v1.3 source_site=Urinary Bladder -> tool_site=Urinary Bladder: Urothelial Carcinomas
Urinary Bladder: Urothelial Carcinomas,AJCC8,yp,T2a,N0,M0,Any,Any,I,source_page=202; extract_method=stage_carried; extra_factors/raw_extra=II | provenance=auto_extracted_from_uploaded_manuals_v1_0 | crosswalk_v1.3 source_site=Urinary Bladder -> tool_site=Urinary Bladder: Urothelial Carcinomas
Urinary Bladder: Urothelial Carcinomas,AJCC8,yp,T2a,N0,M0,Any,Any,II,source_page=202; extract_method=tnm_stage | provenance=auto_extracted_from_uploaded_manuals_v1_0 | crosswalk_v1.3 source_site=Urinary Bladder -> tool_site=Urinary Bladder: Urothelial Carcinomas
Male Penile Urethra and Female Urethra: Urothelial Carcinomas,AJCC8,any,Ta,N0,M0,Any,Any,0a,source_page=205; extract_method=tnm_stage | provenance=auto_extracted_from_uploaded_manuals_v1_0 | crosswalk_v1.3 source_site=Urethra -> tool_site=Male Penile Urethra and Female Urethra: Urothelial Carcinomas
Urinary Bladder: Urothelial Carcinomas,AJCC8,yp,T2b,N0,M0,Any,Any,II,source_page=202; extract_method=stage_carried; extra_factors/raw_extra=II | • Low-grade papillary urothelial carcinoma; duplicate_source_page=202 | provenance=auto_extracted_from_uploaded_manuals_v1_0 | crosswalk_v1.3 source_site=Urinary Bladder -> tool_site=Urinary Bladder: Urothelial Carcinomas
Urinary Bladder: Urothelial Carcinomas,AJCC8,yp,T3a|T3b|T4a,N0,M0,Any,Any,IIIA,source_page=202; extract_method=tnm_stage; extra_factors/raw_extra=• High-grade papillary urothelial carcinoma | provenance=auto_extracted_from_uploaded_manuals_v1_0 | crosswalk_v1.3 source_site=Urinary Bladder -> tool_site=Urinary Bladder: Urothelial Carcinomas
Urinary Bladder: Urothelial Carcinomas,AJCC8,yp,T1-T4a,N1,M0,Any,Any,IIIA,source_page=202; extract_method=stage_carried; extra_factors/raw_extra=IIIA | • Urothelial carcinoma in situ; duplicate_source_page=202 | provenance=auto_extracted_from_uploaded_manuals_v1_0 | crosswalk_v1.3 source_site=Urinary Bladder -> tool_site=Urinary Bladder: Urothelial Carcinomas
Urinary Bladder: Urothelial Carcinomas,AJCC8,yp,T1-T4a,N2|N3,M0,Any,Any,IIIA,source_page=202; extract_method=stage_carried; extra_factors/raw_extra=IIIB | provenance=auto_extracted_from_uploaded_manuals_v1_0 | crosswalk_v1.3 source_site=Urinary Bladder -> tool_site=Urinary Bladder: Urothelial Carcinomas
Urinary Bladder: Urothelial Carcinomas,AJCC8,yp,T1-T4a,N2|N3,M0,Any,Any,IIIB,source_page=202; extract_method=tnm_stage | provenance=auto_extracted_from_uploaded_manuals_v1_0 | crosswalk_v1.3 source_site=Urinary Bladder -> tool_site=Urinary Bladder: Urothelial Carcinomas
Urinary Bladder: Urothelial Carcinomas,AJCC8,yp,T4b,Any,M0,Any,Any,IIIB,source_page=202; extract_method=stage_carried; extra_factors/raw_extra=IVA | Invasive carcinoma | provenance=auto_extracted_from_uploaded_manuals_v1_0 | crosswalk_v1.3 source_site=Urinary Bladder -> tool_site=Urinary Bladder: Urothelial Carcinomas
Urinary Bladder: Urothelial Carcinomas,AJCC8,yp,T4b,Any,M0,Any,Any,IVA,source_page=202; extract_method=tnm_stage; extra_factors/raw_extra=Invasive carcinoma | provenance=auto_extracted_from_uploaded_manuals_v1_0 | crosswalk_v1.3 source_site=Urinary Bladder -> tool_site=Urinary Bladder: Urothelial Carcinomas
Urinary Bladder: Urothelial Carcinomas,AJCC8,yp,Any,Any,M1a,Any,Any,IVA,source_page=202; extract_method=stage_carried; extra_factors/raw_extra=IVA; duplicate_source_page=202 | provenance=auto_extracted_from_uploaded_manuals_v1_0 | crosswalk_v1.3 source_site=Urinary Bladder -> tool_site=Urinary Bladder: Urothelial Carcinomas
Urinary Bladder: Urothelial Carcinomas,AJCC8,yp,Any,Any,M1b,Any,Any,IVA,source_page=202; extract_method=stage_carried; extra_factors/raw_extra=IVB | • Conventional urothelial carcinoma | provenance=auto_extracted_from_uploaded_manuals_v1_0 | crosswalk_v1.3 source_site=Urinary Bladder -> tool_site=Urinary Bladder: Urothelial Carcinomas
Urinary Bladder: Urothelial Carcinomas,AJCC8,yp,T3a|T3b|T4a,N0,M0,Any,Any,II,source_page=202; extract_method=stage_carried; extra_factors/raw_extra=IIIA | • High-grade papillary urothelial carcinoma | provenance=auto_extracted_from_uploaded_manuals_v1_0 | crosswalk_v1.3 source_site=Urinary Bladder -> tool_site=Urinary Bladder: Urothelial Carcinomas
Kidney,AJCC8,yp,T4,Any,M0,Any,Any,III,source_page=196; extract_method=stage_carried; extra_factors/raw_extra=IV | provenance=auto_extracted_from_uploaded_manuals_v1_0 | crosswalk_v1.3 source_site=Kidney -> tool_site=Kidney
Male Penile Urethra and Female Urethra: Urothelial Carcinomas,AJCC8,any,T1,N0,M0,Any,Any,0a,source_page=205; extract_method=stage_carried; extra_factors/raw_extra=I | provenance=auto_extracted_from_uploaded_manuals_v1_0 | crosswalk_v1.3 source_site=Urethra -> tool_site=Male Penile Urethra and Female Urethra: Urothelial Carcinomas
Male Penile Urethra and Female Urethra: Urothelial Carcinomas,AJCC8,any,T1,N1,M0,Any,Any,I,source_page=205; extract_method=stage_carried; extra_factors/raw_extra=III | provenance=auto_extracted_from_uploaded_manuals_v1_0 | crosswalk_v1.3 source_site=Urethra -> tool_site=Male Penile Urethra and Female Urethra: Urothelial Carcinomas
Prostatic Urethra: Urothelial Carcinomas,AJCC8,any,Ta,N0,M0,Any,Any,0a,source_page=205; extract_method=tnm_stage | provenance=auto_extracted_from_uploaded_manuals_v1_0 | crosswalk_v1.3 source_site=Urethra -> tool_site=Prostatic Urethra: Urothelial Carcinomas
Prostatic Urethra: Urothelial Carcinomas,AJCC8,any,T1,N0,M0,Any,Any,0a,source_page=205; extract_method=stage_carried; extra_factors/raw_extra=I | provenance=auto_extracted_from_uploaded_manuals_v1_0 | crosswalk_v1.3 source_site=Urethra -> tool_site=Prostatic Urethra: Urothelial Carcinomas
Prostatic Urethra: Urothelial Carcinomas,AJCC8,any,T1,N0,M0,Any,Any,I,source_page=205; extract_method=tnm_stage | provenance=auto_extracted_from_uploaded_manuals_v1_0 | crosswalk_v1.3 source_site=Urethra -> tool_site=Prostatic Urethra: Urothelial Carcinomas
Prostatic Urethra: Urothelial Carcinomas,AJCC8,any,T1,N1,M0,Any,Any,I,source_page=205; extract_method=stage_carried; extra_factors/raw_extra=III | provenance=auto_extracted_from_uploaded_manuals_v1_0 | crosswalk_v1.3 source_site=Urethra -> tool_site=Prostatic Urethra: Urothelial Carcinomas
Prostatic Urethra: Urothelial Carcinomas,AJCC8,any,T1,N1,M0,Any,Any,III,source_page=205; extract_method=tnm_stage | provenance=auto_extracted_from_uploaded_manuals_v1_0 | crosswalk_v1.3 source_site=Urethra -> tool_site=Prostatic Urethra: Urothelial Carcinomas
Prostatic Urethra: Urothelial Carcinomas,AJCC8,any,T2,N0,M0,Any,Any,III,source_page=205; extract_method=stage_carried; extra_factors/raw_extra=II | provenance=auto_extracted_from_uploaded_manuals_v1_0 | crosswalk_v1.3 source_site=Urethra -> tool_site=Prostatic Urethra: Urothelial Carcinomas
Prostatic Urethra: Urothelial Carcinomas,AJCC8,any,T2,N1,M0,Any,Any,II,source_page=205; extract_method=stage_carried; extra_factors/raw_extra=III | provenance=auto_extracted_from_uploaded_manuals_v1_0 | crosswalk_v1.3 source_site=Urethra -> tool_site=Prostatic Urethra: Urothelial Carcinomas
Prostatic Urethra: Urothelial Carcinomas,AJCC8,any,T2,N1,M0,Any,Any,III,source_page=205; extract_method=tnm_stage | provenance=auto_extracted_from_uploaded_manuals_v1_0 | crosswalk_v1.3 source_site=Urethra -> tool_site=Prostatic Urethra: Urothelial Carcinomas
Prostatic Urethra: Urothelial Carcinomas,AJCC8,any,Any,Any,M1,Any,Any,III,source_page=205; extract_method=stage_carried; extra_factors/raw_extra=IV | provenance=auto_extracted_from_uploaded_manuals_v1_0 | crosswalk_v1.3 source_site=Urethra -> tool_site=Prostatic Urethra: Urothelial Carcinomas
Prostatic Urethra: Urothelial Carcinomas,AJCC8,any,Any,Any,M1,Any,Any,IV,source_page=205; extract_method=tnm_stage | provenance=auto_extracted_from_uploaded_manuals_v1_0 | crosswalk_v1.3 source_site=Urethra -> tool_site=Prostatic Urethra: Urothelial Carcinomas
Prostatic Urethra: Squamous Cell Carcinoma and Adenocarcinoma,AJCC8,any,Tis,N0,M0,Any,Any,0is,source_page=205; extract_method=tnm_stage | provenance=auto_extracted_from_uploaded_manuals_v1_0 | crosswalk_v1.3 source_site=Urethra -> tool_site=Prostatic Urethra: Squamous Cell Carcinoma and Adenocarcinoma
Prostatic Urethra: Squamous Cell Carcinoma and Adenocarcinoma,AJCC8,any,Ta,N0,M0,Any,Any,0is,source_page=205; extract_method=stage_carried; extra_factors/raw_extra=0a | provenance=auto_extracted_from_uploaded_manuals_v1_0 | crosswalk_v1.3 source_site=Urethra -> tool_site=Prostatic Urethra: Squamous Cell Carcinoma and Adenocarcinoma
Prostatic Urethra: Squamous Cell Carcinoma and Adenocarcinoma,AJCC8,any,Ta,N0,M0,Any,Any,0a,source_page=205; extract_method=tnm_stage | provenance=auto_extracted_from_uploaded_manuals_v1_0 | crosswalk_v1.3 source_site=Urethra -> tool_site=Prostatic Urethra: Squamous Cell Carcinoma and Adenocarcinoma
Prostatic Urethra: Squamous Cell Carcinoma and Adenocarcinoma,AJCC8,any,T1,N0,M0,Any,Any,0a,source_page=205; extract_method=stage_carried; extra_factors/raw_extra=I | provenance=auto_extracted_from_uploaded_manuals_v1_0 | crosswalk_v1.3 source_site=Urethra -> tool_site=Prostatic Urethra: Squamous Cell Carcinoma and Adenocarcinoma
Prostatic Urethra: Squamous Cell Carcinoma and Adenocarcinoma,AJCC8,any,T1,N0,M0,Any,Any,I,source_page=205; extract_method=tnm_stage | provenance=auto_extracted_from_uploaded_manuals_v1_0 | crosswalk_v1.3 source_site=Urethra -> tool_site=Prostatic Urethra: Squamous Cell Carcinoma and Adenocarcinoma
Prostatic Urethra: Squamous Cell Carcinoma and Adenocarcinoma,AJCC8,any,T1,N1,M0,Any,Any,I,source_page=205; extract_method=stage_carried; extra_factors/raw_extra=III | provenance=auto_extracted_from_uploaded_manuals_v1_0 | crosswalk_v1.3 source_site=Urethra -> tool_site=Prostatic Urethra: Squamous Cell Carcinoma and Adenocarcinoma
Prostatic Urethra: Squamous Cell Carcinoma and Adenocarcinoma,AJCC8,any,T1,N1,M0,Any,Any,III,source_page=205; extract_method=tnm_stage | provenance=auto_extracted_from_uploaded_manuals_v1_0 | crosswalk_v1.3 source_site=Urethra -> tool_site=Prostatic Urethra: Squamous Cell Carcinoma and Adenocarcinoma
Prostatic Urethra: Urothelial Carcinomas,AJCC8,any,Ta,N0,M0,Any,Any,0is,source_page=205; extract_method=stage_carried; extra_factors/raw_extra=0a | provenance=auto_extracted_from_uploaded_manuals_v1_0 | crosswalk_v1.3 source_site=Urethra -> tool_site=Prostatic Urethra: Urothelial Carcinomas
Prostatic Urethra: Urothelial Carcinomas,AJCC8,any,Tis,N0,M0,Any,Any,0is,source_page=205; extract_method=tnm_stage | provenance=auto_extracted_from_uploaded_manuals_v1_0 | crosswalk_v1.3 source_site=Urethra -> tool_site=Prostatic Urethra: Urothelial Carcinomas
Male Penile and Female Urethra: Squamous Cell Carcinoma and Adenocarcinoma,AJCC8,any,Any,Any,M1,Any,Any,IV,source_page=205; extract_method=tnm_stage | provenance=auto_extracted_from_uploaded_manuals_v1_0 | crosswalk_v1.3 source_site=Urethra -> tool_site=Male Penile and Female Urethra: Squamous Cell Carcinoma and Adenocarcinoma
Male Penile and Female Urethra: Squamous Cell Carcinoma and Adenocarcinoma,AJCC8,any,Any,Any,M1,Any,Any,III,source_page=205; extract_method=stage_carried; extra_factors/raw_extra=IV | provenance=auto_extracted_from_uploaded_manuals_v1_0 | crosswalk_v1.3 source_site=Urethra -> tool_site=Male Penile and Female Urethra: Squamous Cell Carcinoma and Adenocarcinoma
Male Penile Urethra and Female Urethra: Urothelial Carcinomas,AJCC8,any,T1,N1,M0,Any,Any,III,source_page=205; extract_method=tnm_stage | provenance=auto_extracted_from_uploaded_manuals_v1_0 | crosswalk_v1.3 source_site=Urethra -> tool_site=Male Penile Urethra and Female Urethra: Urothelial Carcinomas
Male Penile Urethra and Female Urethra: Urothelial Carcinomas,AJCC8,any,T2,N0,M0,Any,Any,III,source_page=205; extract_method=stage_carried; extra_factors/raw_extra=II | provenance=auto_extracted_from_uploaded_manuals_v1_0 | crosswalk_v1.3 source_site=Urethra -> tool_site=Male Penile Urethra and Female Urethra: Urothelial Carcinomas
Male Penile Urethra and Female Urethra: Urothelial Carcinomas,AJCC8,any,T2,N0,M0,Any,Any,II,source_page=205; extract_method=tnm_stage | provenance=auto_extracted_from_uploaded_manuals_v1_0 | crosswalk_v1.3 source_site=Urethra -> tool_site=Male Penile Urethra and Female Urethra: Urothelial Carcinomas
Male Penile Urethra and Female Urethra: Urothelial Carcinomas,AJCC8,any,T2,N1,M0,Any,Any,II,source_page=205; extract_method=stage_carried; extra_factors/raw_extra=III | provenance=auto_extracted_from_uploaded_manuals_v1_0 | crosswalk_v1.3 source_site=Urethra -> tool_site=Male Penile Urethra and Female Urethra: Urothelial Carcinomas
Male Penile Urethra and Female Urethra: Urothelial Carcinomas,AJCC8,any,T2,N1,M0,Any,Any,III,source_page=205; extract_method=tnm_stage | provenance=auto_extracted_from_uploaded_manuals_v1_0 | crosswalk_v1.3 source_site=Urethra -> tool_site=Male Penile Urethra and Female Urethra: Urothelial Carcinomas
Male Penile Urethra and Female Urethra: Urothelial Carcinomas,AJCC8,any,Any,Any,M1,Any,Any,III,source_page=205; extract_method=stage_carried; extra_factors/raw_extra=IV | provenance=auto_extracted_from_uploaded_manuals_v1_0 | crosswalk_v1.3 source_site=Urethra -> tool_site=Male Penile Urethra and Female Urethra: Urothelial Carcinomas
Male Penile Urethra and Female Urethra: Urothelial Carcinomas,AJCC8,any,Any,Any,M1,Any,Any,IV,source_page=205; extract_method=tnm_stage | provenance=auto_extracted_from_uploaded_manuals_v1_0 | crosswalk_v1.3 source_site=Urethra -> tool_site=Male Penile Urethra and Female Urethra: Urothelial Carcinomas
Male Penile and Female Urethra: Squamous Cell Carcinoma and Adenocarcinoma,AJCC8,any,Tis,N0,M0,Any,Any,0is,source_page=205; extract_method=tnm_stage | provenance=auto_extracted_from_uploaded_manuals_v1_0 | crosswalk_v1.3 source_site=Urethra -> tool_site=Male Penile and Female Urethra: Squamous Cell Carcinoma and Adenocarcinoma
Male Penile Urethra and Female Urethra: Urothelial Carcinomas,AJCC8,any,T1,N0,M0,Any,Any,I,source_page=205; extract_method=tnm_stage | provenance=auto_extracted_from_uploaded_manuals_v1_0 | crosswalk_v1.3 source_site=Urethra -> tool_site=Male Penile Urethra and Female Urethra: Urothelial Carcinomas
Male Penile and Female Urethra: Squamous Cell Carcinoma and Adenocarcinoma,AJCC8,any,Ta,N0,M0,Any,Any,0is,source_page=205; extract_method=stage_carried; extra_factors/raw_extra=0a | provenance=auto_extracted_from_uploaded_manuals_v1_0 | crosswalk_v1.3 source_site=Urethra -> tool_site=Male Penile and Female Urethra: Squamous Cell Carcinoma and Adenocarcinoma
Male Penile and Female Urethra: Squamous Cell Carcinoma and Adenocarcinoma,AJCC8,any,T1,N0,M0,Any,Any,0a,source_page=205; extract_method=stage_carried; extra_factors/raw_extra=I | provenance=auto_extracted_from_uploaded_manuals_v1_0 | crosswalk_v1.3 source_site=Urethra -> tool_site=Male Penile and Female Urethra: Squamous Cell Carcinoma and Adenocarcinoma
Male Penile and Female Urethra: Squamous Cell Carcinoma and Adenocarcinoma,AJCC8,any,T1,N0,M0,Any,Any,I,source_page=205; extract_method=tnm_stage | provenance=auto_extracted_from_uploaded_manuals_v1_0 | crosswalk_v1.3 source_site=Urethra -> tool_site=Male Penile and Female Urethra: Squamous Cell Carcinoma and Adenocarcinoma
Male Penile and Female Urethra: Squamous Cell Carcinoma and Adenocarcinoma,AJCC8,any,T1,N1,M0,Any,Any,I,source_page=205; extract_method=stage_carried; extra_factors/raw_extra=III | provenance=auto_extracted_from_uploaded_manuals_v1_0 | crosswalk_v1.3 source_site=Urethra -> tool_site=Male Penile and Female Urethra: Squamous Cell Carcinoma and Adenocarcinoma
Male Penile and Female Urethra: Squamous Cell Carcinoma and Adenocarcinoma,AJCC8,any,T1,N1,M0,Any,Any,III,source_page=205; extract_method=tnm_stage | provenance=auto_extracted_from_uploaded_manuals_v1_0 | crosswalk_v1.3 source_site=Urethra -> tool_site=Male Penile and Female Urethra: Squamous Cell Carcinoma and Adenocarcinoma
Male Penile and Female Urethra: Squamous Cell Carcinoma and Adenocarcinoma,AJCC8,any,T2,N0,M0,Any,Any,III,source_page=205; extract_method=stage_carried; extra_factors/raw_extra=II | provenance=auto_extracted_from_uploaded_manuals_v1_0 | crosswalk_v1.3 source_site=Urethra -> tool_site=Male Penile and Female Urethra: Squamous Cell Carcinoma and Adenocarcinoma
Male Penile and Female Urethra: Squamous Cell Carcinoma and Adenocarcinoma,AJCC8,any,T2,N0,M0,Any,Any,II,source_page=205; extract_method=tnm_stage | provenance=auto_extracted_from_uploaded_manuals_v1_0 | crosswalk_v1.3 source_site=Urethra -> tool_site=Male Penile and Female Urethra: Squamous Cell Carcinoma and Adenocarcinoma
Male Penile and Female Urethra: Squamous Cell Carcinoma and Adenocarcinoma,AJCC8,any,T2,N1,M0,Any,Any,II,source_page=205; extract_method=stage_carried; extra_factors/raw_extra=III | provenance=auto_extracted_from_uploaded_manuals_v1_0 | crosswalk_v1.3 source_site=Urethra -> tool_site=Male Penile and Female Urethra: Squamous Cell Carcinoma and Adenocarcinoma
Male Penile and Female Urethra: Squamous Cell Carcinoma and Adenocarcinoma,AJCC8,any,T2,N1,M0,Any,Any,III,source_page=205; extract_method=tnm_stage | provenance=auto_extracted_from_uploaded_manuals_v1_0 | crosswalk_v1.3 source_site=Urethra -> tool_site=Male Penile and Female Urethra: Squamous Cell Carcinoma and Adenocarcinoma
Male Penile and Female Urethra: Squamous Cell Carcinoma and Adenocarcinoma,AJCC8,any,Ta,N0,M0,Any,Any,0a,source_page=205; extract_method=tnm_stage | provenance=auto_extracted_from_uploaded_manuals_v1_0 | crosswalk_v1.3 source_site=Urethra -> tool_site=Male Penile and Female Urethra: Squamous Cell Carcinoma and Adenocarcinoma
Exocrine pancreas,AJCC8,any,Tis,N0,M0,Any,Any,0,AJCC8 QA v0.5: TNM-first audited for current quick-staging site; verify in formal clinical documentation. | provenance=existing_v0_9_curated_or_previous_patch | crosswalk_v1.3 source_site=Exocrine pancreas -> tool_site=Exocrine pancreas
Prostatic Urethra: Urothelial Carcinomas,AJCC8,any,T2,N0,M0,Any,Any,II,source_page=205; extract_method=tnm_stage | provenance=auto_extracted_from_uploaded_manuals_v1_0 | crosswalk_v1.3 source_site=Urethra -> tool_site=Prostatic Urethra: Urothelial Carcinomas
Exocrine pancreas,AJCC8,any,T3,N0,M0,Any,Any,IIA,AJCC8 QA v0.5: TNM-first audited for current quick-staging site; verify in formal clinical documentation. | provenance=existing_v0_9_curated_or_previous_patch | crosswalk_v1.3 source_site=Exocrine pancreas -> tool_site=Exocrine pancreas
Esophagus / EGJ - squamous,AJCC8,clinical,T2,N0|N1,M0,Any,Any,II,AJCC8 ESCC clinical cTNM quick table; TNM-only in this tool. yp/prognostic details are not forced into quick mode. | provenance=existing_v0_9_curated_or_previous_patch | crosswalk_v1.3 source_site=Esophagus / EGJ - squamous -> tool_site=Esophagus / EGJ - squamous
Esophagus / EGJ - squamous,AJCC8,clinical,T3,N0,M0,Any,Any,II,AJCC8 ESCC clinical cTNM quick table; TNM-only in this tool. yp/prognostic details are not forced into quick mode. | provenance=existing_v0_9_curated_or_previous_patch | crosswalk_v1.3 source_site=Esophagus / EGJ - squamous -> tool_site=Esophagus / EGJ - squamous
Esophagus / EGJ - squamous,AJCC8,clinical,T3,N1,M0,Any,Any,III,AJCC8 ESCC clinical cTNM quick table; TNM-only in this tool. yp/prognostic details are not forced into quick mode. | provenance=existing_v0_9_curated_or_previous_patch | crosswalk_v1.3 source_site=Esophagus / EGJ - squamous -> tool_site=Esophagus / EGJ - squamous
Esophagus / EGJ - squamous,AJCC8,clinical,T4|T4a|T4b,N0|N1|N2,M0,Any,Any,IVA,AJCC8 ESCC clinical cTNM quick table; TNM-only in this tool. yp/prognostic details are not forced into quick mode. | provenance=existing_v0_9_curated_or_previous_patch | crosswalk_v1.3 source_site=Esophagus / EGJ - squamous -> tool_site=Esophagus / EGJ - squamous
Esophagus / EGJ - squamous,AJCC8,clinical,Tis,N0,M0,Any,Any,0,AJCC8 ESCC clinical cTNM quick table; TNM-only in this tool. yp/prognostic details are not forced into quick mode. | provenance=existing_v0_9_curated_or_previous_patch | crosswalk_v1.3 source_site=Esophagus / EGJ - squamous -> tool_site=Esophagus / EGJ - squamous
Esophagus / EGJ - squamous,AJCC8,pathological,Any,Any,M1,Any,Any,IVB,AJCC8 ESCC pTNM quick/anatomic summary; rows showing ranges mean the full prognostic table separates by additional factors. Quick mode does not ask grade/location. | provenance=existing_v0_9_curated_or_previous_patch | crosswalk_v1.3 source_site=Esophagus / EGJ - squamous -> tool_site=Esophagus / EGJ - squamous
Esophagus / EGJ - squamous,AJCC8,pathological,Any,N3,M0,Any,Any,IVA,AJCC8 ESCC pTNM quick/anatomic summary; rows showing ranges mean the full prognostic table separates by additional factors. Quick mode does not ask grade/location. | provenance=existing_v0_9_curated_or_previous_patch | crosswalk_v1.3 source_site=Esophagus / EGJ - squamous -> tool_site=Esophagus / EGJ - squamous
Esophagus / EGJ - squamous,AJCC8,pathological,T1,N1,M0,Any,Any,IIB,AJCC8 ESCC pTNM quick/anatomic summary; rows showing ranges mean the full prognostic table separates by additional factors. Quick mode does not ask grade/location. | provenance=existing_v0_9_curated_or_previous_patch | crosswalk_v1.3 source_site=Esophagus / EGJ - squamous -> tool_site=Esophagus / EGJ - squamous
Esophagus / EGJ - squamous,AJCC8,pathological,T1,N2,M0,Any,Any,IIIA,AJCC8 ESCC pTNM quick/anatomic summary; rows showing ranges mean the full prognostic table separates by additional factors. Quick mode does not ask grade/location. | provenance=existing_v0_9_curated_or_previous_patch | crosswalk_v1.3 source_site=Esophagus / EGJ - squamous -> tool_site=Esophagus / EGJ - squamous
Esophagus / EGJ - squamous,AJCC8,pathological,T1a,N0,M0,Any,Any,IA/IB,AJCC8 ESCC pTNM quick/anatomic summary; rows showing ranges mean the full prognostic table separates by additional factors. Quick mode does not ask grade/location. | provenance=existing_v0_9_curated_or_previous_patch | crosswalk_v1.3 source_site=Esophagus / EGJ - squamous -> tool_site=Esophagus / EGJ - squamous
Esophagus / EGJ - squamous,AJCC8,pathological,T1b,N0,M0,Any,Any,IB,AJCC8 ESCC pTNM quick/anatomic summary; rows showing ranges mean the full prognostic table separates by additional factors. Quick mode does not ask grade/location. | provenance=existing_v0_9_curated_or_previous_patch | crosswalk_v1.3 source_site=Esophagus / EGJ - squamous -> tool_site=Esophagus / EGJ - squamous
Esophagus / EGJ - squamous,AJCC8,pathological,T2,N0,M0,Any,Any,IB/IIA,AJCC8 ESCC pTNM quick/anatomic summary; rows showing ranges mean the full prognostic table separates by additional factors. Quick mode does not ask grade/location. | provenance=existing_v0_9_curated_or_previous_patch | crosswalk_v1.3 source_site=Esophagus / EGJ - squamous -> tool_site=Esophagus / EGJ - squamous
Esophagus / EGJ - squamous,AJCC8,pathological,T2,N1,M0,Any,Any,IIIA,AJCC8 ESCC pTNM quick/anatomic summary; rows showing ranges mean the full prognostic table separates by additional factors. Quick mode does not ask grade/location. | provenance=existing_v0_9_curated_or_previous_patch | crosswalk_v1.3 source_site=Esophagus / EGJ - squamous -> tool_site=Esophagus / EGJ - squamous
Esophagus / EGJ - squamous,AJCC8,pathological,T2,N2,M0,Any,Any,IIIB,AJCC8 ESCC pTNM quick/anatomic summary; rows showing ranges mean the full prognostic table separates by additional factors. Quick mode does not ask grade/location. | provenance=existing_v0_9_curated_or_previous_patch | crosswalk_v1.3 source_site=Esophagus / EGJ - squamous -> tool_site=Esophagus / EGJ - squamous
Esophagus / EGJ - squamous,AJCC8,pathological,T3,N0,M0,Any,Any,IIA/IIB,AJCC8 ESCC pTNM quick/anatomic summary; rows showing ranges mean the full prognostic table separates by additional factors. Quick mode does not ask grade/location. | provenance=existing_v0_9_curated_or_previous_patch | crosswalk_v1.3 source_site=Esophagus / EGJ - squamous -> tool_site=Esophagus / EGJ - squamous
Esophagus / EGJ - squamous,AJCC8,pathological,T3,N1|N2,M0,Any,Any,IIIB,AJCC8 ESCC pTNM quick/anatomic summary; rows showing ranges mean the full prognostic table separates by additional factors. Quick mode does not ask grade/location. | provenance=existing_v0_9_curated_or_previous_patch | crosswalk_v1.3 source_site=Esophagus / EGJ - squamous -> tool_site=Esophagus / EGJ - squamous
Esophagus / EGJ - squamous,AJCC8,pathological,T4a,N0|N1,M0,Any,Any,IIIB,AJCC8 ESCC pTNM quick/anatomic summary; rows showing ranges mean the full prognostic table separates by additional factors. Quick mode does not ask grade/location. | provenance=existing_v0_9_curated_or_previous_patch | crosswalk_v1.3 source_site=Esophagus / EGJ - squamous -> tool_site=Esophagus / EGJ - squamous
Esophagus / EGJ - squamous,AJCC8,clinical,T1|T2|T3,N2,M0,Any,Any,III,AJCC8 ESCC clinical cTNM quick table; TNM-only in this tool. yp/prognostic details are not forced into quick mode. | provenance=existing_v0_9_curated_or_previous_patch | crosswalk_v1.3 source_site=Esophagus / EGJ - squamous -> tool_site=Esophagus / EGJ - squamous
Esophagus / EGJ - squamous,AJCC8,pathological,T4a,N2,M0,Any,Any,IVA,AJCC8 ESCC pTNM quick/anatomic summary; rows showing ranges mean the full prognostic table separates by additional factors. Quick mode does not ask grade/location. | provenance=existing_v0_9_curated_or_previous_patch | crosswalk_v1.3 source_site=Esophagus / EGJ - squamous -> tool_site=Esophagus / EGJ - squamous
Esophagus / EGJ - squamous,AJCC8,clinical,T1,N0|N1,M0,Any,Any,I,AJCC8 ESCC clinical cTNM quick table; TNM-only in this tool. yp/prognostic details are not forced into quick mode. | provenance=existing_v0_9_curated_or_previous_patch | crosswalk_v1.3 source_site=Esophagus / EGJ - squamous -> tool_site=Esophagus / EGJ - squamous
Esophagus / EGJ - squamous,AJCC8,clinical,Any,Any,M1,Any,Any,IVB,AJCC8 ESCC clinical cTNM quick table; TNM-only in this tool. yp/prognostic details are not forced into quick mode. | provenance=existing_v0_9_curated_or_previous_patch | crosswalk_v1.3 source_site=Esophagus / EGJ - squamous -> tool_site=Esophagus / EGJ - squamous
Breast,AJCC8,clinical,T1,N2,M0,Any,Any,IIIA,source_page=158; extract_method=combined_tnm_stage; extra_factors/raw_extra=Negative | provenance=auto_extracted_from_uploaded_manuals_v1_0 | crosswalk_v1.3 source_site=Breast -> tool_site=Breast
Breast,AJCC8,clinical,T3,N2,M0,Any,Any,IIIA,source_page=158; extract_method=combined_tnm_stage; extra_factors/raw_extra=Negative | provenance=auto_extracted_from_uploaded_manuals_v1_0 | crosswalk_v1.3 source_site=Breast -> tool_site=Breast
Breast,AJCC8,clinical,T4,N0,M0,Any,Any,IIIA,source_page=158; extract_method=combined_tnm_stage; extra_factors/raw_extra=G1 | Positive | Positive | Positive | provenance=auto_extracted_from_uploaded_manuals_v1_0 | crosswalk_v1.3 source_site=Breast -> tool_site=Breast
Breast,AJCC8,clinical,T4,N1,M0,Any,Any,IIIB,source_page=158; extract_method=combined_tnm_stage; extra_factors/raw_extra=Negative | provenance=auto_extracted_from_uploaded_manuals_v1_0 | crosswalk_v1.3 source_site=Breast -> tool_site=Breast
Breast,AJCC8,clinical,AnyAnyNM1,Any,Any,Any,Any,IV,source_page=159; extract_method=tnm_extra_stage; extra_factors/raw_extra=Any | Any | provenance=auto_extracted_from_uploaded_manuals_v1_0 | crosswalk_v1.3 source_site=Breast -> tool_site=Breast
Breast,AJCC8,clinical,Any,Any,M1,Any,Any,IV,source_page=159; extract_method=combined_tnm_stage; extra_factors/raw_extra=Any | Any | Any | Any | provenance=auto_extracted_from_uploaded_manuals_v1_0 | crosswalk_v1.3 source_site=Breast -> tool_site=Breast
Breast,AJCC8,pathological,TisN0M0,Any,Any,Any,Any,IV,source_page=159; extract_method=stage_carried; extra_factors/raw_extra=Any | Any | 0 | provenance=auto_extracted_from_uploaded_manuals_v1_0 | crosswalk_v1.3 source_site=Breast -> tool_site=Breast
Breast,AJCC8,any,T0,N1,M0,Any,Any,IA,source_page=160; extract_method=combined_tnm_stage; extra_factors/raw_extra=G1 | Positive | Positive | Positive | provenance=auto_extracted_from_uploaded_manuals_v1_0 | crosswalk_v1.3 source_site=Breast -> tool_site=Breast
Breast,AJCC8,any,T1,N1,M0,Any,Any,IB,source_page=160; extract_method=combined_tnm_stage; extra_factors/raw_extra=Negative | provenance=auto_extracted_from_uploaded_manuals_v1_0 | crosswalk_v1.3 source_site=Breast -> tool_site=Breast
Breast,AJCC8,any,T2,N1,M0,Any,Any,IA,source_page=160; extract_method=combined_tnm_stage; extra_factors/raw_extra=G1 | Positive | Positive | Positive | provenance=auto_extracted_from_uploaded_manuals_v1_0 | crosswalk_v1.3 source_site=Breast -> tool_site=Breast
Breast,AJCC8,any,T3,N0,M0,Any,Any,IIB,source_page=160; extract_method=combined_tnm_stage; extra_factors/raw_extra=Negative | provenance=auto_extracted_from_uploaded_manuals_v1_0 | crosswalk_v1.3 source_site=Breast -> tool_site=Breast
Breast,AJCC8,any,T0,N2,M0,Any,Any,IB,source_page=161; extract_method=combined_tnm_stage; extra_factors/raw_extra=G1 | Positive | Positive | Positive | provenance=auto_extracted_from_uploaded_manuals_v1_0 | crosswalk_v1.3 source_site=Breast -> tool_site=Breast
Breast,AJCC8,any,T1,N2,M0,Any,Any,IIIA,source_page=161; extract_method=combined_tnm_stage; extra_factors/raw_extra=Negative | provenance=auto_extracted_from_uploaded_manuals_v1_0 | crosswalk_v1.3 source_site=Breast -> tool_site=Breast
Breast,AJCC8,any,T3,N2,M0,Any,Any,IIIA,source_page=161; extract_method=combined_tnm_stage; extra_factors/raw_extra=Negative | provenance=auto_extracted_from_uploaded_manuals_v1_0 | crosswalk_v1.3 source_site=Breast -> tool_site=Breast
Breast,AJCC8,any,T4,N0,M0,Any,Any,IIIA,source_page=161; extract_method=combined_tnm_stage; extra_factors/raw_extra=G1 | Positive | Positive | Positive | provenance=auto_extracted_from_uploaded_manuals_v1_0 | crosswalk_v1.3 source_site=Breast -> tool_site=Breast
Breast,AJCC8,any,T4,N1,M0,Any,Any,IIIB,source_page=161; extract_method=combined_tnm_stage; extra_factors/raw_extra=Negative | provenance=auto_extracted_from_uploaded_manuals_v1_0 | crosswalk_v1.3 source_site=Breast -> tool_site=Breast
Breast,AJCC8,any,AnyAnyN,Any,Any,Any,Any,IV,source_page=162; extract_method=tnm_extra_stage; extra_factors/raw_extra=Any | Any | provenance=auto_extracted_from_uploaded_manuals_v1_0 | crosswalk_v1.3 source_site=Breast -> tool_site=Breast
Esophagus / EGJ - squamous,AJCC8,clinical,Any,N3,M0,Any,Any,IVA,AJCC8 ESCC clinical cTNM quick table; TNM-only in this tool. yp/prognostic details are not forced into quick mode. | provenance=existing_v0_9_curated_or_previous_patch | crosswalk_v1.3 source_site=Esophagus / EGJ - squamous -> tool_site=Esophagus / EGJ - squamous
Esophagus / EGJ - squamous,AJCC8,pathological,T4b,N0|N1|N2,M0,Any,Any,IVA,AJCC8 ESCC pTNM quick/anatomic summary; rows showing ranges mean the full prognostic table separates by additional factors. Quick mode does not ask grade/location. | provenance=existing_v0_9_curated_or_previous_patch | crosswalk_v1.3 source_site=Esophagus / EGJ - squamous -> tool_site=Esophagus / EGJ - squamous
Esophagus / EGJ - squamous,AJCC8,pathological,Tis,N0,M0,Any,Any,0,AJCC8 ESCC pTNM quick/anatomic summary; rows showing ranges mean the full prognostic table separates by additional factors. Quick mode does not ask grade/location. | provenance=existing_v0_9_curated_or_previous_patch | crosswalk_v1.3 source_site=Esophagus / EGJ - squamous -> tool_site=Esophagus / EGJ - squamous
Esophagus / EGJ - adenocarcinoma,AJCC8,clinical,Any,Any,M1,Any,Any,IVB,AJCC8 EAC/GEJ clinical cTNM quick table; TNM-only in this tool. EGJ epicenter rules apply. | provenance=existing_v0_9_curated_or_previous_patch | crosswalk_v1.3 source_site=Esophagus / EGJ - adenocarcinoma -> tool_site=Esophagus / EGJ - adenocarcinoma
Esophagus / EGJ - adenocarcinoma,AJCC8,pathological,Tis,N0,M0,Any,Any,0,AJCC8 EAC/GEJ pTNM quick/anatomic summary; rows showing ranges mean the full prognostic table separates by additional factors. Quick mode does not ask grade/location. | provenance=existing_v0_9_curated_or_previous_patch | crosswalk_v1.3 source_site=Esophagus / EGJ - adenocarcinoma -> tool_site=Esophagus / EGJ - adenocarcinoma
Stomach,AJCC8,clinical,Any,Any,M1,Any,Any,IVB,Stomach AJCC8 cTNM clinical stage grouping audited v0.8.1 from AJCC8 stomach clinical table; N3a/N3b are accepted through N3 parent rule. | provenance=existing_v0_9_curated_or_previous_patch | crosswalk_v1.3 source_site=Stomach -> tool_site=Stomach
Stomach,AJCC8,clinical,T1,N0,M0,Any,Any,I,Stomach AJCC8 cTNM clinical stage grouping audited v0.8.1 from AJCC8 stomach clinical table; N3a/N3b are accepted through N3 parent rule. | provenance=existing_v0_9_curated_or_previous_patch | crosswalk_v1.3 source_site=Stomach -> tool_site=Stomach
Stomach,AJCC8,clinical,T1,N1|N2|N3,M0,Any,Any,IIA,Stomach AJCC8 cTNM clinical stage grouping audited v0.8.1 from AJCC8 stomach clinical table; N3a/N3b are accepted through N3 parent rule. | provenance=existing_v0_9_curated_or_previous_patch | crosswalk_v1.3 source_site=Stomach -> tool_site=Stomach
Stomach,AJCC8,clinical,T2,N0,M0,Any,Any,I,Stomach AJCC8 cTNM clinical stage grouping audited v0.8.1 from AJCC8 stomach clinical table; N3a/N3b are accepted through N3 parent rule. | provenance=existing_v0_9_curated_or_previous_patch | crosswalk_v1.3 source_site=Stomach -> tool_site=Stomach
Stomach,AJCC8,clinical,T2,N1|N2|N3,M0,Any,Any,IIA,Stomach AJCC8 cTNM clinical stage grouping audited v0.8.1 from AJCC8 stomach clinical table; N3a/N3b are accepted through N3 parent rule. | provenance=existing_v0_9_curated_or_previous_patch | crosswalk_v1.3 source_site=Stomach -> tool_site=Stomach
Stomach,AJCC8,clinical,T3,N0,M0,Any,Any,IIB,Stomach AJCC8 cTNM clinical stage grouping audited v0.8.1 from AJCC8 stomach clinical table; N3a/N3b are accepted through N3 parent rule. | provenance=existing_v0_9_curated_or_previous_patch | crosswalk_v1.3 source_site=Stomach -> tool_site=Stomach
Stomach,AJCC8,clinical,T3,N1|N2|N3,M0,Any,Any,III,Stomach AJCC8 cTNM clinical stage grouping audited v0.8.1 from AJCC8 stomach clinical table; N3a/N3b are accepted through N3 parent rule. | provenance=existing_v0_9_curated_or_previous_patch | crosswalk_v1.3 source_site=Stomach -> tool_site=Stomach
Stomach,AJCC8,clinical,T4a,N0,M0,Any,Any,IIB,Stomach AJCC8 cTNM clinical stage grouping audited v0.8.1 from AJCC8 stomach clinical table; N3a/N3b are accepted through N3 parent rule. | provenance=existing_v0_9_curated_or_previous_patch | crosswalk_v1.3 source_site=Stomach -> tool_site=Stomach
Stomach,AJCC8,clinical,T4a,N1|N2|N3,M0,Any,Any,III,Stomach AJCC8 cTNM clinical stage grouping audited v0.8.1 from AJCC8 stomach clinical table; N3a/N3b are accepted through N3 parent rule. | provenance=existing_v0_9_curated_or_previous_patch | crosswalk_v1.3 source_site=Stomach -> tool_site=Stomach
Stomach,AJCC8,clinical,T4b,Any,M0,Any,Any,IVA,Stomach AJCC8 cTNM clinical stage grouping audited v0.8.1 from AJCC8 stomach clinical table; N3a/N3b are accepted through N3 parent rule. | provenance=existing_v0_9_curated_or_previous_patch | crosswalk_v1.3 source_site=Stomach -> tool_site=Stomach
Stomach,AJCC8,clinical,Tis,N0,M0,Any,Any,0,Stomach AJCC8 cTNM clinical stage grouping audited v0.8.1 from AJCC8 stomach clinical table; N3a/N3b are accepted through N3 parent rule. | provenance=existing_v0_9_curated_or_previous_patch | crosswalk_v1.3 source_site=Stomach -> tool_site=Stomach
Stomach,AJCC8,pathological,Any,Any,M1,Any,Any,IV,Stomach AJCC8 pTNM audited: preserves T1a/T1b and N3a/N3b. Clinical/yp have distinct tables; only cT4b/M1 sentinel rules included. | provenance=existing_v0_9_curated_or_previous_patch | crosswalk_v1.3 source_site=Stomach -> tool_site=Stomach
Stomach,AJCC8,pathological,T1,N0,M0,Any,Any,IA,Stomach AJCC8 pTNM audited: preserves T1a/T1b and N3a/N3b. Clinical/yp have distinct tables; only cT4b/M1 sentinel rules included. | provenance=existing_v0_9_curated_or_previous_patch | crosswalk_v1.3 source_site=Stomach -> tool_site=Stomach
Stomach,AJCC8,pathological,T1,N1,M0,Any,Any,IB,Stomach AJCC8 pTNM audited: preserves T1a/T1b and N3a/N3b. Clinical/yp have distinct tables; only cT4b/M1 sentinel rules included. | provenance=existing_v0_9_curated_or_previous_patch | crosswalk_v1.3 source_site=Stomach -> tool_site=Stomach
Stomach,AJCC8,pathological,T1,N2,M0,Any,Any,IIA,Stomach AJCC8 pTNM audited: preserves T1a/T1b and N3a/N3b. Clinical/yp have distinct tables; only cT4b/M1 sentinel rules included. | provenance=existing_v0_9_curated_or_previous_patch | crosswalk_v1.3 source_site=Stomach -> tool_site=Stomach
Stomach,AJCC8,pathological,T1,N3a,M0,Any,Any,IIB,Stomach AJCC8 pTNM audited: preserves T1a/T1b and N3a/N3b. Clinical/yp have distinct tables; only cT4b/M1 sentinel rules included. | provenance=existing_v0_9_curated_or_previous_patch | crosswalk_v1.3 source_site=Stomach -> tool_site=Stomach
Esophagus / EGJ - adenocarcinoma,AJCC8,pathological,T4b,N0|N1|N2,M0,Any,Any,IVA,AJCC8 EAC/GEJ pTNM quick/anatomic summary; rows showing ranges mean the full prognostic table separates by additional factors. Quick mode does not ask grade/location. | provenance=existing_v0_9_curated_or_previous_patch | crosswalk_v1.3 source_site=Esophagus / EGJ - adenocarcinoma -> tool_site=Esophagus / EGJ - adenocarcinoma
Esophagus / EGJ - adenocarcinoma,AJCC8,pathological,T4a,N2,M0,Any,Any,IVA,AJCC8 EAC/GEJ pTNM quick/anatomic summary; rows showing ranges mean the full prognostic table separates by additional factors. Quick mode does not ask grade/location. | provenance=existing_v0_9_curated_or_previous_patch | crosswalk_v1.3 source_site=Esophagus / EGJ - adenocarcinoma -> tool_site=Esophagus / EGJ - adenocarcinoma
Esophagus / EGJ - adenocarcinoma,AJCC8,pathological,T4a,N0|N1,M0,Any,Any,IIIB,AJCC8 EAC/GEJ pTNM quick/anatomic summary; rows showing ranges mean the full prognostic table separates by additional factors. Quick mode does not ask grade/location. | provenance=existing_v0_9_curated_or_previous_patch | crosswalk_v1.3 source_site=Esophagus / EGJ - adenocarcinoma -> tool_site=Esophagus / EGJ - adenocarcinoma
Esophagus / EGJ - adenocarcinoma,AJCC8,pathological,T3,N1|N2,M0,Any,Any,IIIB,AJCC8 EAC/GEJ pTNM quick/anatomic summary; rows showing ranges mean the full prognostic table separates by additional factors. Quick mode does not ask grade/location. | provenance=existing_v0_9_curated_or_previous_patch | crosswalk_v1.3 source_site=Esophagus / EGJ - adenocarcinoma -> tool_site=Esophagus / EGJ - adenocarcinoma
Esophagus / EGJ - adenocarcinoma,AJCC8,clinical,Any,N3,M0,Any,Any,IVA,AJCC8 EAC/GEJ clinical cTNM quick table; TNM-only in this tool. EGJ epicenter rules apply. | provenance=existing_v0_9_curated_or_previous_patch | crosswalk_v1.3 source_site=Esophagus / EGJ - adenocarcinoma -> tool_site=Esophagus / EGJ - adenocarcinoma
Esophagus / EGJ - adenocarcinoma,AJCC8,clinical,T1,N0,M0,Any,Any,I,AJCC8 EAC/GEJ clinical cTNM quick table; TNM-only in this tool. EGJ epicenter rules apply. | provenance=existing_v0_9_curated_or_previous_patch | crosswalk_v1.3 source_site=Esophagus / EGJ - adenocarcinoma -> tool_site=Esophagus / EGJ - adenocarcinoma
Esophagus / EGJ - adenocarcinoma,AJCC8,clinical,T1,N1,M0,Any,Any,IIA,AJCC8 EAC/GEJ clinical cTNM quick table; TNM-only in this tool. EGJ epicenter rules apply. | provenance=existing_v0_9_curated_or_previous_patch | crosswalk_v1.3 source_site=Esophagus / EGJ - adenocarcinoma -> tool_site=Esophagus / EGJ - adenocarcinoma
Esophagus / EGJ - adenocarcinoma,AJCC8,clinical,T1|T2|T3|T4a,N2,M0,Any,Any,IVA,AJCC8 EAC/GEJ clinical cTNM quick table; TNM-only in this tool. EGJ epicenter rules apply. | provenance=existing_v0_9_curated_or_previous_patch | crosswalk_v1.3 source_site=Esophagus / EGJ - adenocarcinoma -> tool_site=Esophagus / EGJ - adenocarcinoma
Esophagus / EGJ - adenocarcinoma,AJCC8,clinical,T2,N0,M0,Any,Any,IIB,AJCC8 EAC/GEJ clinical cTNM quick table; TNM-only in this tool. EGJ epicenter rules apply. | provenance=existing_v0_9_curated_or_previous_patch | crosswalk_v1.3 source_site=Esophagus / EGJ - adenocarcinoma -> tool_site=Esophagus / EGJ - adenocarcinoma
Esophagus / EGJ - adenocarcinoma,AJCC8,clinical,T2,N1,M0,Any,Any,III,AJCC8 EAC/GEJ clinical cTNM quick table; TNM-only in this tool. EGJ epicenter rules apply. | provenance=existing_v0_9_curated_or_previous_patch | crosswalk_v1.3 source_site=Esophagus / EGJ - adenocarcinoma -> tool_site=Esophagus / EGJ - adenocarcinoma
Esophagus / EGJ - adenocarcinoma,AJCC8,clinical,T3|T4a,N0|N1,M0,Any,Any,III,AJCC8 EAC/GEJ clinical cTNM quick table; TNM-only in this tool. EGJ epicenter rules apply. | provenance=existing_v0_9_curated_or_previous_patch | crosswalk_v1.3 source_site=Esophagus / EGJ - adenocarcinoma -> tool_site=Esophagus / EGJ - adenocarcinoma
Esophagus / EGJ - adenocarcinoma,AJCC8,clinical,T4b,N0|N1|N2,M0,Any,Any,IVA,AJCC8 EAC/GEJ clinical cTNM quick table; TNM-only in this tool. EGJ epicenter rules apply. | provenance=existing_v0_9_curated_or_previous_patch | crosswalk_v1.3 source_site=Esophagus / EGJ - adenocarcinoma -> tool_site=Esophagus / EGJ - adenocarcinoma
Breast,AJCC8,clinical,T0,N2,M0,Any,Any,IIA,source_page=158; extract_method=combined_tnm_stage; extra_factors/raw_extra=G1 | Positive | Positive | Positive | provenance=auto_extracted_from_uploaded_manuals_v1_0 | crosswalk_v1.3 source_site=Breast -> tool_site=Breast
Esophagus / EGJ - adenocarcinoma,AJCC8,clinical,Tis,N0,M0,Any,Any,0,AJCC8 EAC/GEJ clinical cTNM quick table; TNM-only in this tool. EGJ epicenter rules apply. | provenance=existing_v0_9_curated_or_previous_patch | crosswalk_v1.3 source_site=Esophagus / EGJ - adenocarcinoma -> tool_site=Esophagus / EGJ - adenocarcinoma
Esophagus / EGJ - adenocarcinoma,AJCC8,pathological,Any,N3,M0,Any,Any,IVA,AJCC8 EAC/GEJ pTNM quick/anatomic summary; rows showing ranges mean the full prognostic table separates by additional factors. Quick mode does not ask grade/location. | provenance=existing_v0_9_curated_or_previous_patch | crosswalk_v1.3 source_site=Esophagus / EGJ - adenocarcinoma -> tool_site=Esophagus / EGJ - adenocarcinoma
Esophagus / EGJ - adenocarcinoma,AJCC8,pathological,T1,N0,M0,Any,Any,IA/IB/IC,AJCC8 EAC/GEJ pTNM quick/anatomic summary; rows showing ranges mean the full prognostic table separates by additional factors. Quick mode does not ask grade/location. | provenance=existing_v0_9_curated_or_previous_patch | crosswalk_v1.3 source_site=Esophagus / EGJ - adenocarcinoma -> tool_site=Esophagus / EGJ - adenocarcinoma
Esophagus / EGJ - adenocarcinoma,AJCC8,pathological,T1,N1,M0,Any,Any,IIB,AJCC8 EAC/GEJ pTNM quick/anatomic summary; rows showing ranges mean the full prognostic table separates by additional factors. Quick mode does not ask grade/location. | provenance=existing_v0_9_curated_or_previous_patch | crosswalk_v1.3 source_site=Esophagus / EGJ - adenocarcinoma -> tool_site=Esophagus / EGJ - adenocarcinoma
Esophagus / EGJ - adenocarcinoma,AJCC8,pathological,T1,N2,M0,Any,Any,IIIA,AJCC8 EAC/GEJ pTNM quick/anatomic summary; rows showing ranges mean the full prognostic table separates by additional factors. Quick mode does not ask grade/location. | provenance=existing_v0_9_curated_or_previous_patch | crosswalk_v1.3 source_site=Esophagus / EGJ - adenocarcinoma -> tool_site=Esophagus / EGJ - adenocarcinoma
Esophagus / EGJ - adenocarcinoma,AJCC8,pathological,T2,N0,M0,Any,Any,IC/IIA,AJCC8 EAC/GEJ pTNM quick/anatomic summary; rows showing ranges mean the full prognostic table separates by additional factors. Quick mode does not ask grade/location. | provenance=existing_v0_9_curated_or_previous_patch | crosswalk_v1.3 source_site=Esophagus / EGJ - adenocarcinoma -> tool_site=Esophagus / EGJ - adenocarcinoma
Esophagus / EGJ - adenocarcinoma,AJCC8,pathological,T2,N1,M0,Any,Any,IIIA,AJCC8 EAC/GEJ pTNM quick/anatomic summary; rows showing ranges mean the full prognostic table separates by additional factors. Quick mode does not ask grade/location. | provenance=existing_v0_9_curated_or_previous_patch | crosswalk_v1.3 source_site=Esophagus / EGJ - adenocarcinoma -> tool_site=Esophagus / EGJ - adenocarcinoma
Esophagus / EGJ - adenocarcinoma,AJCC8,pathological,T2,N2,M0,Any,Any,IIIB,AJCC8 EAC/GEJ pTNM quick/anatomic summary; rows showing ranges mean the full prognostic table separates by additional factors. Quick mode does not ask grade/location. | provenance=existing_v0_9_curated_or_previous_patch | crosswalk_v1.3 source_site=Esophagus / EGJ - adenocarcinoma -> tool_site=Esophagus / EGJ - adenocarcinoma
Esophagus / EGJ - adenocarcinoma,AJCC8,pathological,T3,N0,M0,Any,Any,IIB,AJCC8 EAC/GEJ pTNM quick/anatomic summary; rows showing ranges mean the full prognostic table separates by additional factors. Quick mode does not ask grade/location. | provenance=existing_v0_9_curated_or_previous_patch | crosswalk_v1.3 source_site=Esophagus / EGJ - adenocarcinoma -> tool_site=Esophagus / EGJ - adenocarcinoma
Esophagus / EGJ - adenocarcinoma,AJCC8,pathological,Any,Any,M1,Any,Any,IVB,AJCC8 EAC/GEJ pTNM quick/anatomic summary; rows showing ranges mean the full prognostic table separates by additional factors. Quick mode does not ask grade/location. | provenance=existing_v0_9_curated_or_previous_patch | crosswalk_v1.3 source_site=Esophagus / EGJ - adenocarcinoma -> tool_site=Esophagus / EGJ - adenocarcinoma
Breast,AJCC8,clinical,T3,N0,M0,Any,Any,IIA,source_page=157; extract_method=combined_tnm_stage; extra_factors/raw_extra=Negative | provenance=auto_extracted_from_uploaded_manuals_v1_0 | crosswalk_v1.3 source_site=Breast -> tool_site=Breast
Breast,AJCC8,clinical,T2,N1,M0,Any,Any,IB,source_page=157; extract_method=combined_tnm_stage; extra_factors/raw_extra=G1 | Positive | Positive | Positive | provenance=auto_extracted_from_uploaded_manuals_v1_0 | crosswalk_v1.3 source_site=Breast -> tool_site=Breast
Breast,AJCC8,clinical,T1,N1,M0,Any,Any,IIA,source_page=157; extract_method=combined_tnm_stage; extra_factors/raw_extra=Negative | provenance=auto_extracted_from_uploaded_manuals_v1_0 | crosswalk_v1.3 source_site=Breast -> tool_site=Breast
Major Salivary Glands,AJCC8,any,T2,N0,M0,Any,Any,I,source_page=35; extract_method=stage_carried; extra_factors/raw_extra=II | provenance=auto_extracted_from_uploaded_manuals_v1_0 | crosswalk_v1.3 source_site=Major Salivary Glands -> tool_site=Major Salivary Glands
Major Salivary Glands,AJCC8,any,T2,N0,M0,Any,Any,II,source_page=35; extract_method=tnm_stage | provenance=auto_extracted_from_uploaded_manuals_v1_0 | crosswalk_v1.3 source_site=Major Salivary Glands -> tool_site=Major Salivary Glands
Major Salivary Glands,AJCC8,any,T0|T1|T2|T3,N1,M0,Any,Any,II,source_page=35; extract_method=stage_carried; extra_factors/raw_extra=III | provenance=auto_extracted_from_uploaded_manuals_v1_0 | crosswalk_v1.3 source_site=Major Salivary Glands -> tool_site=Major Salivary Glands
Major Salivary Glands,AJCC8,any,T0|T1|T2|T3,N1,M0,Any,Any,III,source_page=35; extract_method=tnm_stage | provenance=auto_extracted_from_uploaded_manuals_v1_0 | crosswalk_v1.3 source_site=Major Salivary Glands -> tool_site=Major Salivary Glands
Major Salivary Glands,AJCC8,any,T4a,N0|N1,M0,Any,Any,III,source_page=35; extract_method=stage_carried; extra_factors/raw_extra=IVA | provenance=auto_extracted_from_uploaded_manuals_v1_0 | crosswalk_v1.3 source_site=Major Salivary Glands -> tool_site=Major Salivary Glands
Major Salivary Glands,AJCC8,any,T4a,N0|N1,M0,Any,Any,IVA,source_page=35; extract_method=tnm_stage | provenance=auto_extracted_from_uploaded_manuals_v1_0 | crosswalk_v1.3 source_site=Major Salivary Glands -> tool_site=Major Salivary Glands
Major Salivary Glands,AJCC8,any,T0|T1|T2|T3|,N2,M0,Any,Any,IVA,source_page=35; extract_method=stage_carried; extra_factors/raw_extra=IVA; duplicate_source_page=35 | provenance=auto_extracted_from_uploaded_manuals_v1_0 | crosswalk_v1.3 source_site=Major Salivary Glands -> tool_site=Major Salivary Glands
Major Salivary Glands,AJCC8,any,T4b,Any,M0,Any,Any,IVA,source_page=35; extract_method=stage_carried; extra_factors/raw_extra=IVB | provenance=auto_extracted_from_uploaded_manuals_v1_0 | crosswalk_v1.3 source_site=Major Salivary Glands -> tool_site=Major Salivary Glands
Major Salivary Glands,AJCC8,any,T4b,Any,M0,Any,Any,IVB,source_page=35; extract_method=tnm_stage | provenance=auto_extracted_from_uploaded_manuals_v1_0 | crosswalk_v1.3 source_site=Major Salivary Glands -> tool_site=Major Salivary Glands
HPV-Mediated (p16+) Oropharyngeal Cancer,AJCC8,any,T0|T1|T2,N0|N1,M0,Any,Any,I,source_page=39; extract_method=tnm_stage; duplicate_source_page=39 | provenance=auto_extracted_from_uploaded_manuals_v1_0 | crosswalk_v1.3 source_site=HPV-Mediated (p16+) Oropharyngeal Cancer -> tool_site=HPV-Mediated (p16+) Oropharyngeal Cancer; AJCC7 uses a broader Pharynx chapter; AJCC8 splits pharyngeal sites/HPV-mediated disease.
HPV-Mediated (p16+) Oropharyngeal Cancer,AJCC8,any,T0|T1|T2,N2,M0,Any,Any,I,source_page=39; extract_method=stage_carried; extra_factors/raw_extra=II | provenance=auto_extracted_from_uploaded_manuals_v1_0 | crosswalk_v1.3 source_site=HPV-Mediated (p16+) Oropharyngeal Cancer -> tool_site=HPV-Mediated (p16+) Oropharyngeal Cancer; AJCC7 uses a broader Pharynx chapter; AJCC8 splits pharyngeal sites/HPV-mediated disease.
HPV-Mediated (p16+) Oropharyngeal Cancer,AJCC8,any,T0|T1|T2,N2,M0,Any,Any,II,source_page=39; extract_method=tnm_stage | provenance=auto_extracted_from_uploaded_manuals_v1_0 | crosswalk_v1.3 source_site=HPV-Mediated (p16+) Oropharyngeal Cancer -> tool_site=HPV-Mediated (p16+) Oropharyngeal Cancer; AJCC7 uses a broader Pharynx chapter; AJCC8 splits pharyngeal sites/HPV-mediated disease.
HPV-Mediated (p16+) Oropharyngeal Cancer,AJCC8,any,T0|T1|T2|,N3,M0,Any,Any,II,source_page=39; extract_method=stage_carried; extra_factors/raw_extra=III | provenance=auto_extracted_from_uploaded_manuals_v1_0 | crosswalk_v1.3 source_site=HPV-Mediated (p16+) Oropharyngeal Cancer -> tool_site=HPV-Mediated (p16+) Oropharyngeal Cancer; AJCC7 uses a broader Pharynx chapter; AJCC8 splits pharyngeal sites/HPV-mediated disease.
HPV-Mediated (p16+) Oropharyngeal Cancer,AJCC8,any,T0|T1|T2|,N3,M0,Any,Any,III,source_page=39; extract_method=tnm_stage | provenance=auto_extracted_from_uploaded_manuals_v1_0 | crosswalk_v1.3 source_site=HPV-Mediated (p16+) Oropharyngeal Cancer -> tool_site=HPV-Mediated (p16+) Oropharyngeal Cancer; AJCC7 uses a broader Pharynx chapter; AJCC8 splits pharyngeal sites/HPV-mediated disease.
HPV-Mediated (p16+) Oropharyngeal Cancer,AJCC8,any,T4,N0|N1|N2or,M0,Any,Any,III,source_page=39; extract_method=stage_carried; extra_factors/raw_extra=III; duplicate_source_page=39 | provenance=auto_extracted_from_uploaded_manuals_v1_0 | crosswalk_v1.3 source_site=HPV-Mediated (p16+) Oropharyngeal Cancer -> tool_site=HPV-Mediated (p16+) Oropharyngeal Cancer; AJCC7 uses a broader Pharynx chapter; AJCC8 splits pharyngeal sites/HPV-mediated disease.
HPV-Mediated (p16+) Oropharyngeal Cancer,AJCC8,any,T0|T1|T2,N0|N1,M0,Any,Any,III,source_page=39; extract_method=stage_carried; extra_factors/raw_extra=I | provenance=auto_extracted_from_uploaded_manuals_v1_0 | crosswalk_v1.3 source_site=HPV-Mediated (p16+) Oropharyngeal Cancer -> tool_site=HPV-Mediated (p16+) Oropharyngeal Cancer; AJCC7 uses a broader Pharynx chapter; AJCC8 splits pharyngeal sites/HPV-mediated disease.
HPV-Mediated (p16+) Oropharyngeal Cancer,AJCC8,any,T3|T4,N2,M0,Any,Any,I,source_page=39; extract_method=stage_carried; extra_factors/raw_extra=III | provenance=auto_extracted_from_uploaded_manuals_v1_0 | crosswalk_v1.3 source_site=HPV-Mediated (p16+) Oropharyngeal Cancer -> tool_site=HPV-Mediated (p16+) Oropharyngeal Cancer; AJCC7 uses a broader Pharynx chapter; AJCC8 splits pharyngeal sites/HPV-mediated disease.
Major Salivary Glands,AJCC8,any,T1,N0,M0,Any,Any,I,source_page=35; extract_method=tnm_stage | provenance=auto_extracted_from_uploaded_manuals_v1_0 | crosswalk_v1.3 source_site=Major Salivary Glands -> tool_site=Major Salivary Glands
Oral Cavity,AJCC8,yp,Any,Any,M1,Any,Any,IVC,source_page=31; extract_method=tnm_stage | provenance=auto_extracted_from_uploaded_manuals_v1_0 | crosswalk_v1.3 source_site=Oral Cavity -> tool_site=Oral Cavity
Oral Cavity,AJCC8,yp,Any,Any,M1,Any,Any,IVB,source_page=31; extract_method=stage_carried; extra_factors/raw_extra=IVC | provenance=auto_extracted_from_uploaded_manuals_v1_0 | crosswalk_v1.3 source_site=Oral Cavity -> tool_site=Oral Cavity
Oral Cavity,AJCC8,any,T4b,Any,M0,Any,Any,IVB,source_page=31; extract_method=stage_carried; extra_factors/raw_extra=IVB; duplicate_source_page=31 | provenance=auto_extracted_from_uploaded_manuals_v1_0 | crosswalk_v1.3 source_site=Oral Cavity -> tool_site=Oral Cavity
Exocrine pancreas,AJCC8,any,T4,Any,M0,Any,Any,III,AJCC8 QA v0.5: TNM-first audited for current quick-staging site; verify in formal clinical documentation. | provenance=existing_v0_9_curated_or_previous_patch | crosswalk_v1.3 source_site=Exocrine pancreas -> tool_site=Exocrine pancreas
Cervical Lymph Nodes and Unknown Primary Tumors of the Head and Neck,AJCC8,any,T0,N2,M0,Any,Any,III,source_page=16; extract_method=stage_carried; extra_factors/raw_extra=IVA | provenance=auto_extracted_from_uploaded_manuals_v1_0 | crosswalk_v1.3 source_site=Cervical Lymph Nodes and Unknown Primary Tumors of the Head and Neck -> tool_site=Cervical Lymph Nodes and Unknown Primary Tumors of the Head and Neck; New/changed AJCC8 site; no direct AJCC7 chapter in uploaded 7th manual TOC.
Cervical Lymph Nodes and Unknown Primary Tumors of the Head and Neck,AJCC8,any,T0,N2,M0,Any,Any,IVA,source_page=16; extract_method=tnm_stage | provenance=auto_extracted_from_uploaded_manuals_v1_0 | crosswalk_v1.3 source_site=Cervical Lymph Nodes and Unknown Primary Tumors of the Head and Neck -> tool_site=Cervical Lymph Nodes and Unknown Primary Tumors of the Head and Neck; New/changed AJCC8 site; no direct AJCC7 chapter in uploaded 7th manual TOC.
Cervical Lymph Nodes and Unknown Primary Tumors of the Head and Neck,AJCC8,any,T0,N3,M0,Any,Any,IVA,source_page=16; extract_method=stage_carried; extra_factors/raw_extra=IVB | provenance=auto_extracted_from_uploaded_manuals_v1_0 | crosswalk_v1.3 source_site=Cervical Lymph Nodes and Unknown Primary Tumors of the Head and Neck -> tool_site=Cervical Lymph Nodes and Unknown Primary Tumors of the Head and Neck; New/changed AJCC8 site; no direct AJCC7 chapter in uploaded 7th manual TOC.
Cervical Lymph Nodes and Unknown Primary Tumors of the Head and Neck,AJCC8,any,T0,N3,M0,Any,Any,IVB,source_page=16; extract_method=tnm_stage | provenance=auto_extracted_from_uploaded_manuals_v1_0 | crosswalk_v1.3 source_site=Cervical Lymph Nodes and Unknown Primary Tumors of the Head and Neck -> tool_site=Cervical Lymph Nodes and Unknown Primary Tumors of the Head and Neck; New/changed AJCC8 site; no direct AJCC7 chapter in uploaded 7th manual TOC.
Oral Cavity,AJCC8,any,Tis,N0,M0,Any,Any,0,source_page=31; extract_method=tnm_stage | provenance=auto_extracted_from_uploaded_manuals_v1_0 | crosswalk_v1.3 source_site=Oral Cavity -> tool_site=Oral Cavity
Oral Cavity,AJCC8,any,T1,N0,M0,Any,Any,0,source_page=31; extract_method=stage_carried; extra_factors/raw_extra=I | G | G Definition | provenance=auto_extracted_from_uploaded_manuals_v1_0 | crosswalk_v1.3 source_site=Oral Cavity -> tool_site=Oral Cavity
Oral Cavity,AJCC8,any,T1,N0,M0,Any,Any,I,source_page=31; extract_method=tnm_stage; extra_factors/raw_extra=G | G Definition | provenance=auto_extracted_from_uploaded_manuals_v1_0 | crosswalk_v1.3 source_site=Oral Cavity -> tool_site=Oral Cavity
HPV-Mediated (p16+) Oropharyngeal Cancer,AJCC8,any,T3|T4,N2,M0,Any,Any,III,source_page=39; extract_method=tnm_stage | provenance=auto_extracted_from_uploaded_manuals_v1_0 | crosswalk_v1.3 source_site=HPV-Mediated (p16+) Oropharyngeal Cancer -> tool_site=HPV-Mediated (p16+) Oropharyngeal Cancer; AJCC7 uses a broader Pharynx chapter; AJCC8 splits pharyngeal sites/HPV-mediated disease.
Oral Cavity,AJCC8,any,T2,N0,M0,Any,Any,I,source_page=31; extract_method=stage_carried; extra_factors/raw_extra=II | GX | Cannot be assessed | provenance=auto_extracted_from_uploaded_manuals_v1_0 | crosswalk_v1.3 source_site=Oral Cavity -> tool_site=Oral Cavity
Oral Cavity,AJCC8,any,T3,N0,M0,Any,Any,II,source_page=31; extract_method=stage_carried; extra_factors/raw_extra=III | G1 | Well differentiated | provenance=auto_extracted_from_uploaded_manuals_v1_0 | crosswalk_v1.3 source_site=Oral Cavity -> tool_site=Oral Cavity
Oral Cavity,AJCC8,any,T3,N0,M0,Any,Any,III,source_page=31; extract_method=tnm_stage; extra_factors/raw_extra=G1 | Well differentiated | provenance=auto_extracted_from_uploaded_manuals_v1_0 | crosswalk_v1.3 source_site=Oral Cavity -> tool_site=Oral Cavity
Oral Cavity,AJCC8,any,T1|2|3,N1,M0,Any,Any,III,source_page=31; extract_method=stage_carried; extra_factors/raw_extra=III | G2 | Moderately differentiated; duplicate_source_page=31 | provenance=auto_extracted_from_uploaded_manuals_v1_0 | crosswalk_v1.3 source_site=Oral Cavity -> tool_site=Oral Cavity
Oral Cavity,AJCC8,any,T4a,N0|1,M0,Any,Any,III,source_page=31; extract_method=stage_carried; extra_factors/raw_extra=IVA | G3 | Poorly differentiated | provenance=auto_extracted_from_uploaded_manuals_v1_0 | crosswalk_v1.3 source_site=Oral Cavity -> tool_site=Oral Cavity
Oral Cavity,AJCC8,any,T4a,N0|1,M0,Any,Any,IVA,source_page=31; extract_method=tnm_stage; extra_factors/raw_extra=G3 | Poorly differentiated | provenance=auto_extracted_from_uploaded_manuals_v1_0 | crosswalk_v1.3 source_site=Oral Cavity -> tool_site=Oral Cavity
Oral Cavity,AJCC8,any,T1|2|3|4a,N2,M0,Any,Any,IVA,source_page=31; extract_method=stage_carried; extra_factors/raw_extra=IVA; duplicate_source_page=31 | provenance=auto_extracted_from_uploaded_manuals_v1_0 | crosswalk_v1.3 source_site=Oral Cavity -> tool_site=Oral Cavity
Oral Cavity,AJCC8,any,Any,N3,M0,Any,Any,IVA,source_page=31; extract_method=stage_carried; extra_factors/raw_extra=IVB | provenance=auto_extracted_from_uploaded_manuals_v1_0 | crosswalk_v1.3 source_site=Oral Cavity -> tool_site=Oral Cavity
Oral Cavity,AJCC8,any,Any,N3,M0,Any,Any,IVB,source_page=31; extract_method=tnm_stage | provenance=auto_extracted_from_uploaded_manuals_v1_0 | crosswalk_v1.3 source_site=Oral Cavity -> tool_site=Oral Cavity
Oral Cavity,AJCC8,any,T2,N0,M0,Any,Any,II,source_page=31; extract_method=tnm_stage; extra_factors/raw_extra=GX | Cannot be assessed | provenance=auto_extracted_from_uploaded_manuals_v1_0 | crosswalk_v1.3 source_site=Oral Cavity -> tool_site=Oral Cavity
Stomach,AJCC8,pathological,T1,N3b,M0,Any,Any,IIIB,Stomach AJCC8 pTNM audited: preserves T1a/T1b and N3a/N3b. Clinical/yp have distinct tables; only cT4b/M1 sentinel rules included. | provenance=existing_v0_9_curated_or_previous_patch | crosswalk_v1.3 source_site=Stomach -> tool_site=Stomach
HPV-Mediated (p16+) Oropharyngeal Cancer,AJCC8,any,Any,Any,M1,Any,Any,III,source_page=39; extract_method=stage_carried; extra_factors/raw_extra=IV | provenance=auto_extracted_from_uploaded_manuals_v1_0 | crosswalk_v1.3 source_site=HPV-Mediated (p16+) Oropharyngeal Cancer -> tool_site=HPV-Mediated (p16+) Oropharyngeal Cancer; AJCC7 uses a broader Pharynx chapter; AJCC8 splits pharyngeal sites/HPV-mediated disease.
Maxillary Sinus,AJCC8,any,T1,N0,M0,Any,Any,I,source_page=47; extract_method=tnm_stage | provenance=auto_extracted_from_uploaded_manuals_v1_0 | crosswalk_v1.3 source_site=Nasal Cavity and Paranasal Sinuses -> tool_site=Maxillary Sinus; AJCC7 uses a broader nasal cavity/paranasal sinus chapter; AJCC8 may split sites.
Cutaneous Carcinoma of the Head and Neck,AJCC8,yp,T3,N2,M0,Any,Any,IV,"source_page=57; extract_method=stage_carried; extra_factors/raw_extra=IV | 2. Housman TS, Feldman SR, Williford PM, et al. Skin cancer is; duplicate_source_page=57 | provenance=auto_extracted_from_uploaded_manuals_v1_0 | crosswalk_v1.3 source_site=Cutaneous Carcinoma of the Head and Neck -> tool_site=Cutaneous Carcinoma of the Head and Neck"
Cutaneous Carcinoma of the Head and Neck,AJCC8,yp,Any,N3,M0,Any,Any,IV,source_page=57; extract_method=stage_carried; extra_factors/raw_extra=IV | among the most costly of all cancers to treat for the Medicare popu-; duplicate_source_page=57 | provenance=auto_extracted_from_uploaded_manuals_v1_0 | crosswalk_v1.3 source_site=Cutaneous Carcinoma of the Head and Neck -> tool_site=Cutaneous Carcinoma of the Head and Neck
Cutaneous Carcinoma of the Head and Neck,AJCC8,yp,T4,Any,M0,Any,Any,IV,source_page=57; extract_method=stage_carried; extra_factors/raw_extra=IV; duplicate_source_page=57 | provenance=auto_extracted_from_uploaded_manuals_v1_0 | crosswalk_v1.3 source_site=Cutaneous Carcinoma of the Head and Neck -> tool_site=Cutaneous Carcinoma of the Head and Neck
Cutaneous Carcinoma of the Head and Neck,AJCC8,yp,Any,Any,M1,Any,Any,IV,"source_page=57; extract_method=stage_carried; extra_factors/raw_extra=IV | 3. Alam M, Ratner D. Cutaneous squamous-cell carcinoma. N Engl; duplicate_source_page=57 | provenance=auto_extracted_from_uploaded_manuals_v1_0 | crosswalk_v1.3 source_site=Cutaneous Carcinoma of the Head and Neck -> tool_site=Cutaneous Carcinoma of the Head and Neck"
Breast,AJCC8,pathological,T2,N0,M0,Any,Any,IIA,source_page=155; extract_method=tnm_stage | provenance=auto_extracted_from_uploaded_manuals_v1_0 | crosswalk_v1.3 source_site=Breast -> tool_site=Breast
Breast,AJCC8,pathological,T3,N0,M0,Any,Any,IIA,source_page=155; extract_method=stage_carried; extra_factors/raw_extra=IIB | provenance=auto_extracted_from_uploaded_manuals_v1_0 | crosswalk_v1.3 source_site=Breast -> tool_site=Breast
Breast,AJCC8,pathological,T3,N0,M0,Any,Any,IIB,source_page=155; extract_method=tnm_stage | provenance=auto_extracted_from_uploaded_manuals_v1_0 | crosswalk_v1.3 source_site=Breast -> tool_site=Breast
Breast,AJCC8,pathological,T2,N2,M0,Any,Any,IIB,source_page=155; extract_method=stage_carried; extra_factors/raw_extra=IIIA | provenance=auto_extracted_from_uploaded_manuals_v1_0 | crosswalk_v1.3 source_site=Breast -> tool_site=Breast
Breast,AJCC8,pathological,T2,N2,M0,Any,Any,IIIA,source_page=155; extract_method=tnm_stage | provenance=auto_extracted_from_uploaded_manuals_v1_0 | crosswalk_v1.3 source_site=Breast -> tool_site=Breast
Breast,AJCC8,pathological,T3,N1,M0,Any,Any,IIIA,source_page=155; extract_method=stage_carried; extra_factors/raw_extra=IIIA; duplicate_source_page=155 | provenance=auto_extracted_from_uploaded_manuals_v1_0 | crosswalk_v1.3 source_site=Breast -> tool_site=Breast
Breast,AJCC8,pathological,Any,Any,M1,Any,Any,IIIA,source_page=155; extract_method=stage_carried; extra_factors/raw_extra=IV | provenance=auto_extracted_from_uploaded_manuals_v1_0 | crosswalk_v1.3 source_site=Breast -> tool_site=Breast
Breast,AJCC8,pathological,Any,Any,M1,Any,Any,IV,source_page=155; extract_method=tnm_stage | provenance=auto_extracted_from_uploaded_manuals_v1_0 | crosswalk_v1.3 source_site=Breast -> tool_site=Breast
Breast,AJCC8,pathological,TisN0M0,Any,Any,Any,Any,0,source_page=156; extract_method=tnm_extra_stage; extra_factors/raw_extra=Any | Any; duplicate_source_page=159 | provenance=auto_extracted_from_uploaded_manuals_v1_0 | crosswalk_v1.3 source_site=Breast -> tool_site=Breast
Breast,AJCC8,pathological,Tis,N0,M0,Any,Any,0,source_page=156; extract_method=combined_tnm_stage; extra_factors/raw_extra=Any | Any | Any | Any; duplicate_source_page=159 | provenance=auto_extracted_from_uploaded_manuals_v1_0 | crosswalk_v1.3 source_site=Breast -> tool_site=Breast
Breast,AJCC8,pathological,T1,N0,M0,Any,Any,IA,source_page=156; extract_method=combined_tnm_stage; extra_factors/raw_extra=G1 | Positive | Positive | Positive; duplicate_source_page=159; duplicate_source_page=162 | provenance=auto_extracted_from_uploaded_manuals_v1_0 | crosswalk_v1.3 source_site=Breast -> tool_site=Breast
Breast,AJCC8,pathological,T0,N1mi,M0,Any,Any,IA,source_page=156; extract_method=combined_tnm_stage; extra_factors/raw_extra=Negative; duplicate_source_page=159 | provenance=auto_extracted_from_uploaded_manuals_v1_0 | crosswalk_v1.3 source_site=Breast -> tool_site=Breast
Breast,AJCC8,clinical,T0,N1,M0,Any,Any,IB,source_page=157; extract_method=combined_tnm_stage; extra_factors/raw_extra=G1 | Positive | Positive | Positive | provenance=auto_extracted_from_uploaded_manuals_v1_0 | crosswalk_v1.3 source_site=Breast -> tool_site=Breast
Cutaneous Carcinoma of the Head and Neck,AJCC8,yp,T2,N2,M0,Any,Any,IV,source_page=57; extract_method=stage_carried; extra_factors/raw_extra=IV | J Dermatol. Apr 2002;146 Suppl 61(s61):1-6.; duplicate_source_page=57 | provenance=auto_extracted_from_uploaded_manuals_v1_0 | crosswalk_v1.3 source_site=Cutaneous Carcinoma of the Head and Neck -> tool_site=Cutaneous Carcinoma of the Head and Neck
Cutaneous Carcinoma of the Head and Neck,AJCC8,yp,T1,N2,M0,Any,Any,IV,"source_page=57; extract_method=tnm_stage; extra_factors/raw_extra=1. Diepgen TL, Mahler V. The epidemiology of skin cancer. Br | provenance=auto_extracted_from_uploaded_manuals_v1_0 | crosswalk_v1.3 source_site=Cutaneous Carcinoma of the Head and Neck -> tool_site=Cutaneous Carcinoma of the Head and Neck"
Cutaneous Carcinoma of the Head and Neck,AJCC8,yp,T1,N2,M0,Any,Any,III,"source_page=57; extract_method=stage_carried; extra_factors/raw_extra=IV | 1. Diepgen TL, Mahler V. The epidemiology of skin cancer. Br | provenance=auto_extracted_from_uploaded_manuals_v1_0 | crosswalk_v1.3 source_site=Cutaneous Carcinoma of the Head and Neck -> tool_site=Cutaneous Carcinoma of the Head and Neck"
Cutaneous Carcinoma of the Head and Neck,AJCC8,yp,T3,N1,M0,Any,Any,III,source_page=57; extract_method=stage_carried; extra_factors/raw_extra=III; duplicate_source_page=57 | provenance=auto_extracted_from_uploaded_manuals_v1_0 | crosswalk_v1.3 source_site=Cutaneous Carcinoma of the Head and Neck -> tool_site=Cutaneous Carcinoma of the Head and Neck
Nasal Cavity and Ethmoid Sinus,AJCC8,any,T1,N0,M0,Any,Any,I,source_page=47; extract_method=tnm_stage | provenance=auto_extracted_from_uploaded_manuals_v1_0 | crosswalk_v1.3 source_site=Nasal Cavity and Paranasal Sinuses -> tool_site=Nasal Cavity and Ethmoid Sinus; AJCC7 uses a broader nasal cavity/paranasal sinus chapter; AJCC8 may split sites.
Larynx: Supraglottis,AJCC8,any,Tis,N0,M0,Any,Any,0,source_page=49; extract_method=tnm_stage | provenance=auto_extracted_from_uploaded_manuals_v1_0 | crosswalk_v1.3 source_site=Larynx -> tool_site=Larynx: Supraglottis; Tool split by laryngeal subsite; uploaded rule rows may be from broader Larynx chapter.
Larynx: Supraglottis,AJCC8,any,T1|T2|T3|T4a,N2,M0,Any,Any,0,source_page=49; extract_method=stage_carried; extra_factors/raw_extra=IVA | provenance=auto_extracted_from_uploaded_manuals_v1_0 | crosswalk_v1.3 source_site=Larynx -> tool_site=Larynx: Supraglottis; Tool split by laryngeal subsite; uploaded rule rows may be from broader Larynx chapter.
Larynx: Supraglottis,AJCC8,any,T1|T2|T3|T4a,N2,M0,Any,Any,IVA,source_page=49; extract_method=tnm_stage | provenance=auto_extracted_from_uploaded_manuals_v1_0 | crosswalk_v1.3 source_site=Larynx -> tool_site=Larynx: Supraglottis; Tool split by laryngeal subsite; uploaded rule rows may be from broader Larynx chapter.
Larynx: Glottis,AJCC8,any,Tis,N0,M0,Any,Any,0,source_page=49; extract_method=tnm_stage | provenance=auto_extracted_from_uploaded_manuals_v1_0 | crosswalk_v1.3 source_site=Larynx -> tool_site=Larynx: Glottis; Tool split by laryngeal subsite; uploaded rule rows may be from broader Larynx chapter.
Larynx: Glottis,AJCC8,any,T1|T2|T3|T4a,N2,M0,Any,Any,0,source_page=49; extract_method=stage_carried; extra_factors/raw_extra=IVA | provenance=auto_extracted_from_uploaded_manuals_v1_0 | crosswalk_v1.3 source_site=Larynx -> tool_site=Larynx: Glottis; Tool split by laryngeal subsite; uploaded rule rows may be from broader Larynx chapter.
Larynx: Subglottis,AJCC8,any,Tis,N0,M0,Any,Any,0,source_page=49; extract_method=tnm_stage | provenance=auto_extracted_from_uploaded_manuals_v1_0 | crosswalk_v1.3 source_site=Larynx -> tool_site=Larynx: Subglottis; Tool split by laryngeal subsite; uploaded rule rows may be from broader Larynx chapter.
Larynx: Subglottis,AJCC8,any,T1|T2|T3|T4a,N2,M0,Any,Any,0,source_page=49; extract_method=stage_carried; extra_factors/raw_extra=IVA | provenance=auto_extracted_from_uploaded_manuals_v1_0 | crosswalk_v1.3 source_site=Larynx -> tool_site=Larynx: Subglottis; Tool split by laryngeal subsite; uploaded rule rows may be from broader Larynx chapter.
HPV-Mediated (p16+) Oropharyngeal Cancer,AJCC8,any,Any,Any,M1,Any,Any,IV,source_page=39; extract_method=tnm_stage | provenance=auto_extracted_from_uploaded_manuals_v1_0 | crosswalk_v1.3 source_site=HPV-Mediated (p16+) Oropharyngeal Cancer -> tool_site=HPV-Mediated (p16+) Oropharyngeal Cancer; AJCC7 uses a broader Pharynx chapter; AJCC8 splits pharyngeal sites/HPV-mediated disease.
Larynx: Subglottis,AJCC8,any,T1|T2|T3|T4a,N2,M0,Any,Any,IVA,source_page=49; extract_method=tnm_stage | provenance=auto_extracted_from_uploaded_manuals_v1_0 | crosswalk_v1.3 source_site=Larynx -> tool_site=Larynx: Subglottis; Tool split by laryngeal subsite; uploaded rule rows may be from broader Larynx chapter.
Cutaneous Carcinoma of the Head and Neck,AJCC8,yp,T1,N0,M0,Any,Any,0,source_page=57; extract_method=stage_carried; extra_factors/raw_extra=I | provenance=auto_extracted_from_uploaded_manuals_v1_0 | crosswalk_v1.3 source_site=Cutaneous Carcinoma of the Head and Neck -> tool_site=Cutaneous Carcinoma of the Head and Neck
Cutaneous Carcinoma of the Head and Neck,AJCC8,yp,T1,N0,M0,Any,Any,I,source_page=57; extract_method=tnm_stage | provenance=auto_extracted_from_uploaded_manuals_v1_0 | crosswalk_v1.3 source_site=Cutaneous Carcinoma of the Head and Neck -> tool_site=Cutaneous Carcinoma of the Head and Neck
Cutaneous Carcinoma of the Head and Neck,AJCC8,yp,T2,N0,M0,Any,Any,I,source_page=57; extract_method=stage_carried; extra_factors/raw_extra=II | provenance=auto_extracted_from_uploaded_manuals_v1_0 | crosswalk_v1.3 source_site=Cutaneous Carcinoma of the Head and Neck -> tool_site=Cutaneous Carcinoma of the Head and Neck
Cutaneous Carcinoma of the Head and Neck,AJCC8,yp,T2,N0,M0,Any,Any,II,source_page=57; extract_method=tnm_stage | provenance=auto_extracted_from_uploaded_manuals_v1_0 | crosswalk_v1.3 source_site=Cutaneous Carcinoma of the Head and Neck -> tool_site=Cutaneous Carcinoma of the Head and Neck
Cutaneous Carcinoma of the Head and Neck,AJCC8,yp,T3,N0,M0,Any,Any,II,source_page=57; extract_method=stage_carried; extra_factors/raw_extra=III | provenance=auto_extracted_from_uploaded_manuals_v1_0 | crosswalk_v1.3 source_site=Cutaneous Carcinoma of the Head and Neck -> tool_site=Cutaneous Carcinoma of the Head and Neck
Cutaneous Carcinoma of the Head and Neck,AJCC8,yp,T3,N0,M0,Any,Any,III,source_page=57; extract_method=tnm_stage | provenance=auto_extracted_from_uploaded_manuals_v1_0 | crosswalk_v1.3 source_site=Cutaneous Carcinoma of the Head and Neck -> tool_site=Cutaneous Carcinoma of the Head and Neck
Cutaneous Carcinoma of the Head and Neck,AJCC8,yp,T1,N1,M0,Any,Any,III,source_page=57; extract_method=stage_carried; extra_factors/raw_extra=III; duplicate_source_page=57 | provenance=auto_extracted_from_uploaded_manuals_v1_0 | crosswalk_v1.3 source_site=Cutaneous Carcinoma of the Head and Neck -> tool_site=Cutaneous Carcinoma of the Head and Neck
Cutaneous Carcinoma of the Head and Neck,AJCC8,yp,T2,N1,M0,Any,Any,III,source_page=57; extract_method=stage_carried; extra_factors/raw_extra=III | Bibliography; duplicate_source_page=57 | provenance=auto_extracted_from_uploaded_manuals_v1_0 | crosswalk_v1.3 source_site=Cutaneous Carcinoma of the Head and Neck -> tool_site=Cutaneous Carcinoma of the Head and Neck
Cutaneous Carcinoma of the Head and Neck,AJCC8,yp,Tis,N0,M0,Any,Any,0,source_page=57; extract_method=tnm_stage | provenance=auto_extracted_from_uploaded_manuals_v1_0 | crosswalk_v1.3 source_site=Cutaneous Carcinoma of the Head and Neck -> tool_site=Cutaneous Carcinoma of the Head and Neck
Stomach,AJCC8,pathological,T1a,N0,M0,Any,Any,IA,Stomach AJCC8 pTNM audited: preserves T1a/T1b and N3a/N3b. Clinical/yp have distinct tables; only cT4b/M1 sentinel rules included. | provenance=existing_v0_9_curated_or_previous_patch | crosswalk_v1.3 source_site=Stomach -> tool_site=Stomach
Larynx: Glottis,AJCC8,any,T1|T2|T3|T4a,N2,M0,Any,Any,IVA,source_page=49; extract_method=tnm_stage | provenance=auto_extracted_from_uploaded_manuals_v1_0 | crosswalk_v1.3 source_site=Larynx -> tool_site=Larynx: Glottis; Tool split by laryngeal subsite; uploaded rule rows may be from broader Larynx chapter.
Stomach,AJCC8,pathological,T1a,N2,M0,Any,Any,IIA,Stomach AJCC8 pTNM audited: preserves T1a/T1b and N3a/N3b. Clinical/yp have distinct tables; only cT4b/M1 sentinel rules included. | provenance=existing_v0_9_curated_or_previous_patch | crosswalk_v1.3 source_site=Stomach -> tool_site=Stomach
HCC / Liver,AJCC8,any,Any,Any,M1,Any,Any,IVB,AJCC8 QA v0.5: TNM-first audited for current quick-staging site; verify in formal clinical documentation. | provenance=existing_v0_9_curated_or_previous_patch | crosswalk_v1.3 source_site=HCC / Liver -> tool_site=HCC / Liver
HCC / Liver,AJCC8,any,Any,N1,M0,Any,Any,IVA,AJCC8 QA v0.5: TNM-first audited for current quick-staging site; verify in formal clinical documentation. | provenance=existing_v0_9_curated_or_previous_patch | crosswalk_v1.3 source_site=HCC / Liver -> tool_site=HCC / Liver
HCC / Liver,AJCC8,any,T1,N0,M0,Any,Any,I,AJCC8 QA v0.5: TNM-first audited for current quick-staging site; verify in formal clinical documentation. Generic T1 only; prefer T1a/T1b. | provenance=existing_v0_9_curated_or_previous_patch | crosswalk_v1.3 source_site=HCC / Liver -> tool_site=HCC / Liver
HCC / Liver,AJCC8,any,T1a,N0,M0,Any,Any,IA,AJCC8 QA v0.5: TNM-first audited for current quick-staging site; verify in formal clinical documentation. | provenance=existing_v0_9_curated_or_previous_patch | crosswalk_v1.3 source_site=HCC / Liver -> tool_site=HCC / Liver
HCC / Liver,AJCC8,any,T1b,N0,M0,Any,Any,IB,AJCC8 QA v0.5: TNM-first audited for current quick-staging site; verify in formal clinical documentation. | provenance=existing_v0_9_curated_or_previous_patch | crosswalk_v1.3 source_site=HCC / Liver -> tool_site=HCC / Liver
HCC / Liver,AJCC8,any,T2,N0,M0,Any,Any,II,AJCC8 QA v0.5: TNM-first audited for current quick-staging site; verify in formal clinical documentation. | provenance=existing_v0_9_curated_or_previous_patch | crosswalk_v1.3 source_site=HCC / Liver -> tool_site=HCC / Liver
HCC / Liver,AJCC8,any,T3,N0,M0,Any,Any,IIIA,AJCC8 QA v0.5: TNM-first audited for current quick-staging site; verify in formal clinical documentation. | provenance=existing_v0_9_curated_or_previous_patch | crosswalk_v1.3 source_site=HCC / Liver -> tool_site=HCC / Liver
HCC / Liver,AJCC8,any,T4,N0,M0,Any,Any,IIIB,AJCC8 QA v0.5: TNM-first audited for current quick-staging site; verify in formal clinical documentation. | provenance=existing_v0_9_curated_or_previous_patch | crosswalk_v1.3 source_site=HCC / Liver -> tool_site=HCC / Liver
Intrahepatic bile duct,AJCC8,any,Any,Any,M1,Any,Any,IV,AJCC8 QA v0.5: TNM-first audited for current quick-staging site; verify in formal clinical documentation. | provenance=existing_v0_9_curated_or_previous_patch | crosswalk_v1.3 source_site=Intrahepatic bile duct -> tool_site=Intrahepatic bile duct
Intrahepatic bile duct,AJCC8,any,Any,N1,M0,Any,Any,IIIB,AJCC8 QA v0.5: TNM-first audited for current quick-staging site; verify in formal clinical documentation. | provenance=existing_v0_9_curated_or_previous_patch | crosswalk_v1.3 source_site=Intrahepatic bile duct -> tool_site=Intrahepatic bile duct
Intrahepatic bile duct,AJCC8,any,T1,N0,M0,Any,Any,I,AJCC8 QA v0.5: TNM-first audited for current quick-staging site; verify in formal clinical documentation. Generic T1 only; prefer T1a/T1b. | provenance=existing_v0_9_curated_or_previous_patch | crosswalk_v1.3 source_site=Intrahepatic bile duct -> tool_site=Intrahepatic bile duct
Intrahepatic bile duct,AJCC8,any,T1a,N0,M0,Any,Any,IA,AJCC8 QA v0.5: TNM-first audited for current quick-staging site; verify in formal clinical documentation. | provenance=existing_v0_9_curated_or_previous_patch | crosswalk_v1.3 source_site=Intrahepatic bile duct -> tool_site=Intrahepatic bile duct
Intrahepatic bile duct,AJCC8,any,T1b,N0,M0,Any,Any,IB,AJCC8 QA v0.5: TNM-first audited for current quick-staging site; verify in formal clinical documentation. | provenance=existing_v0_9_curated_or_previous_patch | crosswalk_v1.3 source_site=Intrahepatic bile duct -> tool_site=Intrahepatic bile duct
Intrahepatic bile duct,AJCC8,any,T2,N0,M0,Any,Any,II,AJCC8 QA v0.5: TNM-first audited for current quick-staging site; verify in formal clinical documentation. | provenance=existing_v0_9_curated_or_previous_patch | crosswalk_v1.3 source_site=Intrahepatic bile duct -> tool_site=Intrahepatic bile duct
Intrahepatic bile duct,AJCC8,any,T3,N0,M0,Any,Any,IIIA,AJCC8 QA v0.5: TNM-first audited for current quick-staging site; verify in formal clinical documentation. | provenance=existing_v0_9_curated_or_previous_patch | crosswalk_v1.3 source_site=Intrahepatic bile duct -> tool_site=Intrahepatic bile duct
Intrahepatic bile duct,AJCC8,any,T4,N0,M0,Any,Any,IIIB,AJCC8 QA v0.5: TNM-first audited for current quick-staging site; verify in formal clinical documentation. | provenance=existing_v0_9_curated_or_previous_patch | crosswalk_v1.3 source_site=Intrahepatic bile duct -> tool_site=Intrahepatic bile duct
Intrahepatic bile duct,AJCC8,any,Tis,N0,M0,Any,Any,0,AJCC8 QA v0.5: TNM-first audited for current quick-staging site; verify in formal clinical documentation. | provenance=existing_v0_9_curated_or_previous_patch | crosswalk_v1.3 source_site=Intrahepatic bile duct -> tool_site=Intrahepatic bile duct
Appendix - carcinoma,AJCC8,any,Any,Any,M1b,Any,Any,IIIC,source_page=65; extract_method=stage_carried; extra_factors/raw_extra=G1 | IVA | provenance=auto_extracted_from_uploaded_manuals_v1_0 | crosswalk_v1.3 source_site=Appendix - carcinoma -> tool_site=Appendix - carcinoma
Appendix - carcinoma,AJCC8,any,Any,N2,M0,Any,Any,IIIB,source_page=65; extract_method=stage_carried; extra_factors/raw_extra=IIIC | provenance=auto_extracted_from_uploaded_manuals_v1_0 | crosswalk_v1.3 source_site=Appendix - carcinoma -> tool_site=Appendix - carcinoma
Appendix - carcinoma,AJCC8,any,T4,N1,M0,Any,Any,IIIB,source_page=65; extract_method=tnm_stage | provenance=auto_extracted_from_uploaded_manuals_v1_0 | crosswalk_v1.3 source_site=Appendix - carcinoma -> tool_site=Appendix - carcinoma
Appendix - carcinoma,AJCC8,any,T4,N1,M0,Any,Any,IIB,source_page=65; extract_method=stage_carried; extra_factors/raw_extra=IIIB | provenance=auto_extracted_from_uploaded_manuals_v1_0 | crosswalk_v1.3 source_site=Appendix - carcinoma -> tool_site=Appendix - carcinoma
Rectum,AJCC8,any,T4a,N2a,M0,Any,Any,IIIC,AJCC8 QA v0.5: TNM-first audited for current quick-staging site; verify in formal clinical documentation. | provenance=existing_v0_9_curated_or_previous_patch | crosswalk_v1.3 source_site=Rectum -> tool_site=Rectum
Rectum,AJCC8,any,T4b,N0,M0,Any,Any,IIC,AJCC8 QA v0.5: TNM-first audited for current quick-staging site; verify in formal clinical documentation. | provenance=existing_v0_9_curated_or_previous_patch | crosswalk_v1.3 source_site=Rectum -> tool_site=Rectum
Rectum,AJCC8,any,T4b,N1|N1a|N1b|N1c|N2|N2a|N2b,M0,Any,Any,IIIC,AJCC8 QA v0.5: TNM-first audited for current quick-staging site; verify in formal clinical documentation. | provenance=existing_v0_9_curated_or_previous_patch | crosswalk_v1.3 source_site=Rectum -> tool_site=Rectum
Rectum,AJCC8,any,Tis,N0,M0,Any,Any,0,AJCC8 QA v0.5: TNM-first audited for current quick-staging site; verify in formal clinical documentation. | provenance=existing_v0_9_curated_or_previous_patch | crosswalk_v1.3 source_site=Rectum -> tool_site=Rectum
Appendix - carcinoma,AJCC8,any,Any,Any,M1,Any,Any,IV,Appendix carcinoma audited: generic M1 only; use M1a/M1b/M1c when known. | provenance=existing_v0_9_curated_or_previous_patch | crosswalk_v1.3 source_site=Appendix - carcinoma -> tool_site=Appendix - carcinoma
Appendix - carcinoma,AJCC8,any,Any,Any,M1a,Any,Any,IVA,Appendix carcinoma audited. | provenance=existing_v0_9_curated_or_previous_patch | crosswalk_v1.3 source_site=Appendix - carcinoma -> tool_site=Appendix - carcinoma
Appendix - carcinoma,AJCC8,any,Any,Any,M1b,G1,Any,IVA,Appendix carcinoma audited: M1b with G1 is IVA. | source_page=65; extract_method=tnm_extra_stage; duplicate_source_page=65 | provenance=existing_v0_9_curated_or_previous_patch+auto_extracted_from_uploaded_manuals_v1_0 | crosswalk_v1.3 source_site=Appendix - carcinoma -> tool_site=Appendix - carcinoma
Appendix - carcinoma,AJCC8,any,Any,Any,M1b,G2|G3|GX,Any,IVB,Appendix carcinoma audited: M1b with G2/G3/GX is IVB. | provenance=existing_v0_9_curated_or_previous_patch | crosswalk_v1.3 source_site=Appendix - carcinoma -> tool_site=Appendix - carcinoma
Perihilar bile duct,AJCC8,any,Any,Any,M1,Any,Any,IVB,AJCC8 QA v0.5: TNM-first audited for current quick-staging site; verify in formal clinical documentation. | provenance=existing_v0_9_curated_or_previous_patch | crosswalk_v1.3 source_site=Perihilar bile duct -> tool_site=Perihilar bile duct
Appendix - carcinoma,AJCC8,any,Any,Any,M1c,Any,Any,IVC,Appendix carcinoma audited. | provenance=existing_v0_9_curated_or_previous_patch | crosswalk_v1.3 source_site=Appendix - carcinoma -> tool_site=Appendix - carcinoma
Appendix - carcinoma,AJCC8,any,T1|T2,N0,M0,Any,Any,I,Appendix carcinoma audited. | provenance=existing_v0_9_curated_or_previous_patch | crosswalk_v1.3 source_site=Appendix - carcinoma -> tool_site=Appendix - carcinoma
Appendix - carcinoma,AJCC8,any,T1|T2,N1|N1a|N1b|N1c,M0,Any,Any,IIIA,Appendix carcinoma audited. | provenance=existing_v0_9_curated_or_previous_patch | crosswalk_v1.3 source_site=Appendix - carcinoma -> tool_site=Appendix - carcinoma
Appendix - carcinoma,AJCC8,any,T3,N0,M0,Any,Any,IIA,Appendix carcinoma audited. | source_page=65; extract_method=tnm_stage | provenance=existing_v0_9_curated_or_previous_patch+auto_extracted_from_uploaded_manuals_v1_0 | crosswalk_v1.3 source_site=Appendix - carcinoma -> tool_site=Appendix - carcinoma
Appendix - carcinoma,AJCC8,any,T3|T4|T4a|T4b,N1|N1a|N1b|N1c,M0,Any,Any,IIIB,Appendix carcinoma audited. | provenance=existing_v0_9_curated_or_previous_patch | crosswalk_v1.3 source_site=Appendix - carcinoma -> tool_site=Appendix - carcinoma
Appendix - carcinoma,AJCC8,any,T4a,N0,M0,Any,Any,IIB,Appendix carcinoma audited. | source_page=65; extract_method=tnm_stage | provenance=existing_v0_9_curated_or_previous_patch+auto_extracted_from_uploaded_manuals_v1_0 | crosswalk_v1.3 source_site=Appendix - carcinoma -> tool_site=Appendix - carcinoma
Appendix - carcinoma,AJCC8,any,T4b,N0,M0,Any,Any,IIC,Appendix carcinoma audited. | provenance=existing_v0_9_curated_or_previous_patch | crosswalk_v1.3 source_site=Appendix - carcinoma -> tool_site=Appendix - carcinoma
Appendix - carcinoma,AJCC8,any,Tis|Tis(LAMN),N0,M0,Any,Any,0,Appendix carcinoma audited: stage IV M1b requires grade; Tis(LAMN) supported. | provenance=existing_v0_9_curated_or_previous_patch | crosswalk_v1.3 source_site=Appendix - carcinoma -> tool_site=Appendix - carcinoma
Appendix - carcinoma,AJCC8,any,T4a,N0,M0,Any,Any,IIA,source_page=65; extract_method=stage_carried; extra_factors/raw_extra=IIB | provenance=auto_extracted_from_uploaded_manuals_v1_0 | crosswalk_v1.3 source_site=Appendix - carcinoma -> tool_site=Appendix - carcinoma
Appendix - carcinoma,AJCC8,any,Any,N2,M0,Any,Any,IIIC,Appendix carcinoma audited. | source_page=65; extract_method=tnm_stage | provenance=existing_v0_9_curated_or_previous_patch+auto_extracted_from_uploaded_manuals_v1_0 | crosswalk_v1.3 source_site=Appendix - carcinoma -> tool_site=Appendix - carcinoma
Rectum,AJCC8,any,T4a,N0,M0,Any,Any,IIB,AJCC8 QA v0.5: TNM-first audited for current quick-staging site; verify in formal clinical documentation. | provenance=existing_v0_9_curated_or_previous_patch | crosswalk_v1.3 source_site=Rectum -> tool_site=Rectum
Perihilar bile duct,AJCC8,any,Any,N1,M0,Any,Any,IIIC,AJCC8 QA v0.5: TNM-first audited for current quick-staging site; verify in formal clinical documentation. | provenance=existing_v0_9_curated_or_previous_patch | crosswalk_v1.3 source_site=Perihilar bile duct -> tool_site=Perihilar bile duct
Perihilar bile duct,AJCC8,any,T1,N0,M0,Any,Any,I,AJCC8 QA v0.5: TNM-first audited for current quick-staging site; verify in formal clinical documentation. | provenance=existing_v0_9_curated_or_previous_patch | crosswalk_v1.3 source_site=Perihilar bile duct -> tool_site=Perihilar bile duct
Ampulla of Vater,AJCC8,any,Any,N2,M0,Any,Any,IIIB,AJCC8 QA v0.5: TNM-first audited for current quick-staging site; verify in formal clinical documentation. | provenance=existing_v0_9_curated_or_previous_patch | crosswalk_v1.3 source_site=Ampulla of Vater -> tool_site=Ampulla of Vater
Ampulla of Vater,AJCC8,any,T1,N0,M0,Any,Any,I,AJCC8 QA v0.5: TNM-first audited for current quick-staging site; verify in formal clinical documentation. Generic T1 only; prefer T1a/T1b. | provenance=existing_v0_9_curated_or_previous_patch | crosswalk_v1.3 source_site=Ampulla of Vater -> tool_site=Ampulla of Vater
Ampulla of Vater,AJCC8,any,T1a,N0,M0,Any,Any,IA,AJCC8 QA v0.5: TNM-first audited for current quick-staging site; verify in formal clinical documentation. | source_page=77; extract_method=tnm_stage | provenance=existing_v0_9_curated_or_previous_patch+auto_extracted_from_uploaded_manuals_v1_0 | crosswalk_v1.3 source_site=Ampulla of Vater -> tool_site=Ampulla of Vater
Ampulla of Vater,AJCC8,any,T1a|T1b|T2|T3a|T3b|T1|T3,N1,M0,Any,Any,IIIA,AJCC8 QA v0.5: TNM-first audited for current quick-staging site; verify in formal clinical documentation. | provenance=existing_v0_9_curated_or_previous_patch | crosswalk_v1.3 source_site=Ampulla of Vater -> tool_site=Ampulla of Vater
Ampulla of Vater,AJCC8,any,T1b|T2,N0,M0,Any,Any,IB,AJCC8 QA v0.5: TNM-first audited for current quick-staging site; verify in formal clinical documentation. | provenance=existing_v0_9_curated_or_previous_patch | crosswalk_v1.3 source_site=Ampulla of Vater -> tool_site=Ampulla of Vater
Ampulla of Vater,AJCC8,any,T3,N0,M0,Any,Any,II,AJCC8 QA v0.5: TNM-first audited for current quick-staging site; verify in formal clinical documentation. Generic T3 only; prefer T3a/T3b. | provenance=existing_v0_9_curated_or_previous_patch | crosswalk_v1.3 source_site=Ampulla of Vater -> tool_site=Ampulla of Vater
Ampulla of Vater,AJCC8,any,T3a,N0,M0,Any,Any,IIA,AJCC8 QA v0.5: TNM-first audited for current quick-staging site; verify in formal clinical documentation. | provenance=existing_v0_9_curated_or_previous_patch | crosswalk_v1.3 source_site=Ampulla of Vater -> tool_site=Ampulla of Vater
Ampulla of Vater,AJCC8,any,T3b,N0,M0,Any,Any,IIB,AJCC8 QA v0.5: TNM-first audited for current quick-staging site; verify in formal clinical documentation. | source_page=77; extract_method=tnm_stage | provenance=existing_v0_9_curated_or_previous_patch+auto_extracted_from_uploaded_manuals_v1_0 | crosswalk_v1.3 source_site=Ampulla of Vater -> tool_site=Ampulla of Vater
Ampulla of Vater,AJCC8,any,T4,Any,M0,Any,Any,IIIB,AJCC8 QA v0.5: TNM-first audited for current quick-staging site; verify in formal clinical documentation. | provenance=existing_v0_9_curated_or_previous_patch | crosswalk_v1.3 source_site=Ampulla of Vater -> tool_site=Ampulla of Vater
Ampulla of Vater,AJCC8,any,Tis,N0,M0,Any,Any,0,AJCC8 QA v0.5: TNM-first audited for current quick-staging site; verify in formal clinical documentation. | provenance=existing_v0_9_curated_or_previous_patch | crosswalk_v1.3 source_site=Ampulla of Vater -> tool_site=Ampulla of Vater
Ampulla of Vater,AJCC8,any,T3b,N0,M0,Any,Any,IA,source_page=77; extract_method=stage_carried; extra_factors/raw_extra=IIB | provenance=auto_extracted_from_uploaded_manuals_v1_0 | crosswalk_v1.3 source_site=Ampulla of Vater -> tool_site=Ampulla of Vater
Exocrine pancreas,AJCC8,any,Any,Any,M1,Any,Any,IV,AJCC8 QA v0.5: TNM-first audited for current quick-staging site; verify in formal clinical documentation. | provenance=existing_v0_9_curated_or_previous_patch | crosswalk_v1.3 source_site=Exocrine pancreas -> tool_site=Exocrine pancreas
Exocrine pancreas,AJCC8,any,T1|T1a|T1b|T1c,N0,M0,Any,Any,IA,AJCC8 QA v0.5: TNM-first audited for current quick-staging site; verify in formal clinical documentation. | provenance=existing_v0_9_curated_or_previous_patch | crosswalk_v1.3 source_site=Exocrine pancreas -> tool_site=Exocrine pancreas
Exocrine pancreas,AJCC8,any,T1|T1a|T1b|T1c|T2|T3,N1,M0,Any,Any,IIB,AJCC8 QA v0.5: TNM-first audited for current quick-staging site; verify in formal clinical documentation. | provenance=existing_v0_9_curated_or_previous_patch | crosswalk_v1.3 source_site=Exocrine pancreas -> tool_site=Exocrine pancreas
Exocrine pancreas,AJCC8,any,T1|T1a|T1b|T1c|T2|T3,N2,M0,Any,Any,III,AJCC8 QA v0.5: TNM-first audited for current quick-staging site; verify in formal clinical documentation. | provenance=existing_v0_9_curated_or_previous_patch | crosswalk_v1.3 source_site=Exocrine pancreas -> tool_site=Exocrine pancreas
Stomach,AJCC8,pathological,T1a,N1,M0,Any,Any,IB,Stomach AJCC8 pTNM audited: preserves T1a/T1b and N3a/N3b. Clinical/yp have distinct tables; only cT4b/M1 sentinel rules included. | provenance=existing_v0_9_curated_or_previous_patch | crosswalk_v1.3 source_site=Stomach -> tool_site=Stomach
Exocrine pancreas,AJCC8,any,T2,N0,M0,Any,Any,IB,AJCC8 QA v0.5: TNM-first audited for current quick-staging site; verify in formal clinical documentation. | provenance=existing_v0_9_curated_or_previous_patch | crosswalk_v1.3 source_site=Exocrine pancreas -> tool_site=Exocrine pancreas
Ampulla of Vater,AJCC8,any,Any,Any,M1,Any,Any,IV,AJCC8 QA v0.5: TNM-first audited for current quick-staging site; verify in formal clinical documentation. | provenance=existing_v0_9_curated_or_previous_patch | crosswalk_v1.3 source_site=Ampulla of Vater -> tool_site=Ampulla of Vater
Gallbladder,AJCC8,any,Tis,N0,M0,Any,Any,0,AJCC8 QA v0.5: TNM-first audited for current quick-staging site; verify in formal clinical documentation. | provenance=existing_v0_9_curated_or_previous_patch | crosswalk_v1.3 source_site=Gallbladder -> tool_site=Gallbladder
Gallbladder,AJCC8,any,T4,N0|N1,M0,Any,Any,IVA,AJCC8 QA v0.5: TNM-first audited for current quick-staging site; verify in formal clinical documentation. | provenance=existing_v0_9_curated_or_previous_patch | crosswalk_v1.3 source_site=Gallbladder -> tool_site=Gallbladder
Gallbladder,AJCC8,any,T3,N0,M0,Any,Any,IIIA,AJCC8 QA v0.5: TNM-first audited for current quick-staging site; verify in formal clinical documentation. | provenance=existing_v0_9_curated_or_previous_patch | crosswalk_v1.3 source_site=Gallbladder -> tool_site=Gallbladder
Perihilar bile duct,AJCC8,any,T2|T2a|T2b,N0,M0,Any,Any,II,AJCC8 QA v0.5: TNM-first audited for current quick-staging site; verify in formal clinical documentation. | provenance=existing_v0_9_curated_or_previous_patch | crosswalk_v1.3 source_site=Perihilar bile duct -> tool_site=Perihilar bile duct
Perihilar bile duct,AJCC8,any,T3,N0,M0,Any,Any,IIIA,AJCC8 QA v0.5: TNM-first audited for current quick-staging site; verify in formal clinical documentation. | provenance=existing_v0_9_curated_or_previous_patch | crosswalk_v1.3 source_site=Perihilar bile duct -> tool_site=Perihilar bile duct
Perihilar bile duct,AJCC8,any,T4,N0,M0,Any,Any,IIIB,AJCC8 QA v0.5: TNM-first audited for current quick-staging site; verify in formal clinical documentation. | provenance=existing_v0_9_curated_or_previous_patch | crosswalk_v1.3 source_site=Perihilar bile duct -> tool_site=Perihilar bile duct
Perihilar bile duct,AJCC8,any,Tis,N0,M0,Any,Any,0,AJCC8 QA v0.5: TNM-first audited for current quick-staging site; verify in formal clinical documentation. | provenance=existing_v0_9_curated_or_previous_patch | crosswalk_v1.3 source_site=Perihilar bile duct -> tool_site=Perihilar bile duct
Distal bile duct,AJCC8,any,Any,Any,M1,Any,Any,IV,AJCC8 QA v0.5: TNM-first audited for current quick-staging site; verify in formal clinical documentation. | provenance=existing_v0_9_curated_or_previous_patch | crosswalk_v1.3 source_site=Distal bile duct -> tool_site=Distal bile duct
Distal bile duct,AJCC8,any,T1,N0,M0,Any,Any,IA,AJCC8 QA v0.5: TNM-first audited for current quick-staging site; verify in formal clinical documentation. | provenance=existing_v0_9_curated_or_previous_patch | crosswalk_v1.3 source_site=Distal bile duct -> tool_site=Distal bile duct
Distal bile duct,AJCC8,any,T1|T2|T3,N1,M0,Any,Any,IIB,AJCC8 QA v0.5: TNM-first audited for current quick-staging site; verify in formal clinical documentation. | provenance=existing_v0_9_curated_or_previous_patch | crosswalk_v1.3 source_site=Distal bile duct -> tool_site=Distal bile duct
Distal bile duct,AJCC8,any,T1|T2|T3,N2,M0,Any,Any,IIIA,AJCC8 QA v0.5: TNM-first audited for current quick-staging site; verify in formal clinical documentation. | provenance=existing_v0_9_curated_or_previous_patch | crosswalk_v1.3 source_site=Distal bile duct -> tool_site=Distal bile duct
Perihilar bile duct,AJCC8,any,Any,N2,M0,Any,Any,IVA,AJCC8 QA v0.5: TNM-first audited for current quick-staging site; verify in formal clinical documentation. | provenance=existing_v0_9_curated_or_previous_patch | crosswalk_v1.3 source_site=Perihilar bile duct -> tool_site=Perihilar bile duct
Distal bile duct,AJCC8,any,T2,N0,M0,Any,Any,IB,AJCC8 QA v0.5: TNM-first audited for current quick-staging site; verify in formal clinical documentation. | provenance=existing_v0_9_curated_or_previous_patch | crosswalk_v1.3 source_site=Distal bile duct -> tool_site=Distal bile duct
Distal bile duct,AJCC8,any,T4,Any,M0,Any,Any,IIIB,AJCC8 QA v0.5: TNM-first audited for current quick-staging site; verify in formal clinical documentation. | provenance=existing_v0_9_curated_or_previous_patch | crosswalk_v1.3 source_site=Distal bile duct -> tool_site=Distal bile duct
Distal bile duct,AJCC8,any,Tis,N0,M0,Any,Any,0,AJCC8 QA v0.5: TNM-first audited for current quick-staging site; verify in formal clinical documentation. | provenance=existing_v0_9_curated_or_previous_patch | crosswalk_v1.3 source_site=Distal bile duct -> tool_site=Distal bile duct
Gallbladder,AJCC8,any,Any,Any,M1,Any,Any,IVB,AJCC8 QA v0.5: TNM-first audited for current quick-staging site; verify in formal clinical documentation. | provenance=existing_v0_9_curated_or_previous_patch | crosswalk_v1.3 source_site=Gallbladder -> tool_site=Gallbladder
Gallbladder,AJCC8,any,T1|T1a|T1b,N0,M0,Any,Any,I,AJCC8 QA v0.5: TNM-first audited for current quick-staging site; verify in formal clinical documentation. | provenance=existing_v0_9_curated_or_previous_patch | crosswalk_v1.3 source_site=Gallbladder -> tool_site=Gallbladder
Gallbladder,AJCC8,any,T1|T2|T2a|T2b|T3,N1,M0,Any,Any,IIIB,AJCC8 QA v0.5: TNM-first audited for current quick-staging site; verify in formal clinical documentation. | provenance=existing_v0_9_curated_or_previous_patch | crosswalk_v1.3 source_site=Gallbladder -> tool_site=Gallbladder
Gallbladder,AJCC8,any,T2,N0,M0,Any,Any,II,AJCC8 QA v0.5: TNM-first audited for current quick-staging site; verify in formal clinical documentation. Generic T2 only; prefer T2a/T2b. | provenance=existing_v0_9_curated_or_previous_patch | crosswalk_v1.3 source_site=Gallbladder -> tool_site=Gallbladder
Gallbladder,AJCC8,any,T2a,N0,M0,Any,Any,IIA,AJCC8 QA v0.5: TNM-first audited for current quick-staging site; verify in formal clinical documentation. | provenance=existing_v0_9_curated_or_previous_patch | crosswalk_v1.3 source_site=Gallbladder -> tool_site=Gallbladder
Gallbladder,AJCC8,any,T2b,N0,M0,Any,Any,IIB,AJCC8 QA v0.5: TNM-first audited for current quick-staging site; verify in formal clinical documentation. | provenance=existing_v0_9_curated_or_previous_patch | crosswalk_v1.3 source_site=Gallbladder -> tool_site=Gallbladder
Distal bile duct,AJCC8,any,T3,N0,M0,Any,Any,IIA,AJCC8 QA v0.5: TNM-first audited for current quick-staging site; verify in formal clinical documentation. | provenance=existing_v0_9_curated_or_previous_patch | crosswalk_v1.3 source_site=Distal bile duct -> tool_site=Distal bile duct
Rectum,AJCC8,any,T3|T4a,N2b,M0,Any,Any,IIIC,AJCC8 QA v0.5: TNM-first audited for current quick-staging site; verify in formal clinical documentation. | provenance=existing_v0_9_curated_or_previous_patch | crosswalk_v1.3 source_site=Rectum -> tool_site=Rectum
Gallbladder,AJCC8,any,Any,N2,M0,Any,Any,IVB,AJCC8 QA v0.5: TNM-first audited for current quick-staging site; verify in formal clinical documentation. | provenance=existing_v0_9_curated_or_previous_patch | crosswalk_v1.3 source_site=Gallbladder -> tool_site=Gallbladder
Rectum,AJCC8,any,T3,N0,M0,Any,Any,IIA,AJCC8 QA v0.5: TNM-first audited for current quick-staging site; verify in formal clinical documentation. | provenance=existing_v0_9_curated_or_previous_patch | crosswalk_v1.3 source_site=Rectum -> tool_site=Rectum
Stomach,AJCC8,pathological,T4b,N0,M0,Any,Any,IIIA,Stomach AJCC8 pTNM audited: preserves T1a/T1b and N3a/N3b. Clinical/yp have distinct tables; only cT4b/M1 sentinel rules included. | provenance=existing_v0_9_curated_or_previous_patch | crosswalk_v1.3 source_site=Stomach -> tool_site=Stomach
Stomach,AJCC8,pathological,T4b,N1,M0,Any,Any,IIIB,Stomach AJCC8 pTNM audited: preserves T1a/T1b and N3a/N3b. Clinical/yp have distinct tables; only cT4b/M1 sentinel rules included. | provenance=existing_v0_9_curated_or_previous_patch | crosswalk_v1.3 source_site=Stomach -> tool_site=Stomach
Stomach,AJCC8,pathological,T4b,N2,M0,Any,Any,IIIB,Stomach AJCC8 pTNM audited: preserves T1a/T1b and N3a/N3b. Clinical/yp have distinct tables; only cT4b/M1 sentinel rules included. | provenance=existing_v0_9_curated_or_previous_patch | crosswalk_v1.3 source_site=Stomach -> tool_site=Stomach
Stomach,AJCC8,pathological,T4b,N3a,M0,Any,Any,IIIC,Stomach AJCC8 pTNM audited: preserves T1a/T1b and N3a/N3b. Clinical/yp have distinct tables; only cT4b/M1 sentinel rules included. | provenance=existing_v0_9_curated_or_previous_patch | crosswalk_v1.3 source_site=Stomach -> tool_site=Stomach
Stomach,AJCC8,pathological,T4b,N3b,M0,Any,Any,IIIC,Stomach AJCC8 pTNM audited: preserves T1a/T1b and N3a/N3b. Clinical/yp have distinct tables; only cT4b/M1 sentinel rules included. | provenance=existing_v0_9_curated_or_previous_patch | crosswalk_v1.3 source_site=Stomach -> tool_site=Stomach
Stomach,AJCC8,pathological,Tis,N0,M0,Any,Any,0,Stomach AJCC8 pTNM audited: preserves T1a/T1b and N3a/N3b. Clinical/yp have distinct tables; only cT4b/M1 sentinel rules included. | provenance=existing_v0_9_curated_or_previous_patch | crosswalk_v1.3 source_site=Stomach -> tool_site=Stomach
Stomach,AJCC8,yp,Any,Any,M1,Any,Any,IV,Stomach AJCC8 ypTNM post-neoadjuvant stage grouping audited v0.8.1 from AJCC8 stomach ypTNM table; N3a/N3b are accepted through N3 parent rule. | provenance=existing_v0_9_curated_or_previous_patch | crosswalk_v1.3 source_site=Stomach -> tool_site=Stomach
Stomach,AJCC8,yp,T1,N0,M0,Any,Any,I,Stomach AJCC8 ypTNM post-neoadjuvant stage grouping audited v0.8.1 from AJCC8 stomach ypTNM table; N3a/N3b are accepted through N3 parent rule. | provenance=existing_v0_9_curated_or_previous_patch | crosswalk_v1.3 source_site=Stomach -> tool_site=Stomach
Stomach,AJCC8,pathological,T4a,N3b,M0,Any,Any,IIIC,Stomach AJCC8 pTNM audited: preserves T1a/T1b and N3a/N3b. Clinical/yp have distinct tables; only cT4b/M1 sentinel rules included. | provenance=existing_v0_9_curated_or_previous_patch | crosswalk_v1.3 source_site=Stomach -> tool_site=Stomach
Stomach,AJCC8,yp,T1,N1,M0,Any,Any,I,Stomach AJCC8 ypTNM post-neoadjuvant stage grouping audited v0.8.1 from AJCC8 stomach ypTNM table; N3a/N3b are accepted through N3 parent rule. | provenance=existing_v0_9_curated_or_previous_patch | crosswalk_v1.3 source_site=Stomach -> tool_site=Stomach
Stomach,AJCC8,yp,T1,N3,M0,Any,Any,II,Stomach AJCC8 ypTNM post-neoadjuvant stage grouping audited v0.8.1 from AJCC8 stomach ypTNM table; N3a/N3b are accepted through N3 parent rule. | provenance=existing_v0_9_curated_or_previous_patch | crosswalk_v1.3 source_site=Stomach -> tool_site=Stomach
Stomach,AJCC8,yp,T2,N0,M0,Any,Any,I,Stomach AJCC8 ypTNM post-neoadjuvant stage grouping audited v0.8.1 from AJCC8 stomach ypTNM table; N3a/N3b are accepted through N3 parent rule. | provenance=existing_v0_9_curated_or_previous_patch | crosswalk_v1.3 source_site=Stomach -> tool_site=Stomach
Stomach,AJCC8,yp,T2,N1,M0,Any,Any,II,Stomach AJCC8 ypTNM post-neoadjuvant stage grouping audited v0.8.1 from AJCC8 stomach ypTNM table; N3a/N3b are accepted through N3 parent rule. | provenance=existing_v0_9_curated_or_previous_patch | crosswalk_v1.3 source_site=Stomach -> tool_site=Stomach
Stomach,AJCC8,yp,T2,N2,M0,Any,Any,II,Stomach AJCC8 ypTNM post-neoadjuvant stage grouping audited v0.8.1 from AJCC8 stomach ypTNM table; N3a/N3b are accepted through N3 parent rule. | provenance=existing_v0_9_curated_or_previous_patch | crosswalk_v1.3 source_site=Stomach -> tool_site=Stomach
Stomach,AJCC8,yp,T2,N3,M0,Any,Any,III,Stomach AJCC8 ypTNM post-neoadjuvant stage grouping audited v0.8.1 from AJCC8 stomach ypTNM table; N3a/N3b are accepted through N3 parent rule. | provenance=existing_v0_9_curated_or_previous_patch | crosswalk_v1.3 source_site=Stomach -> tool_site=Stomach
Stomach,AJCC8,yp,T3,N0,M0,Any,Any,II,Stomach AJCC8 ypTNM post-neoadjuvant stage grouping audited v0.8.1 from AJCC8 stomach ypTNM table; N3a/N3b are accepted through N3 parent rule. | provenance=existing_v0_9_curated_or_previous_patch | crosswalk_v1.3 source_site=Stomach -> tool_site=Stomach
Stomach,AJCC8,yp,T3,N1,M0,Any,Any,II,Stomach AJCC8 ypTNM post-neoadjuvant stage grouping audited v0.8.1 from AJCC8 stomach ypTNM table; N3a/N3b are accepted through N3 parent rule. | provenance=existing_v0_9_curated_or_previous_patch | crosswalk_v1.3 source_site=Stomach -> tool_site=Stomach
Stomach,AJCC8,yp,T3,N2,M0,Any,Any,III,Stomach AJCC8 ypTNM post-neoadjuvant stage grouping audited v0.8.1 from AJCC8 stomach ypTNM table; N3a/N3b are accepted through N3 parent rule. | provenance=existing_v0_9_curated_or_previous_patch | crosswalk_v1.3 source_site=Stomach -> tool_site=Stomach
Stomach,AJCC8,yp,T1,N2,M0,Any,Any,II,Stomach AJCC8 ypTNM post-neoadjuvant stage grouping audited v0.8.1 from AJCC8 stomach ypTNM table; N3a/N3b are accepted through N3 parent rule. | provenance=existing_v0_9_curated_or_previous_patch | crosswalk_v1.3 source_site=Stomach -> tool_site=Stomach
Stomach,AJCC8,yp,T3,N3,M0,Any,Any,III,Stomach AJCC8 ypTNM post-neoadjuvant stage grouping audited v0.8.1 from AJCC8 stomach ypTNM table; N3a/N3b are accepted through N3 parent rule. | provenance=existing_v0_9_curated_or_previous_patch | crosswalk_v1.3 source_site=Stomach -> tool_site=Stomach
Stomach,AJCC8,pathological,T4a,N3a,M0,Any,Any,IIIB,Stomach AJCC8 pTNM audited: preserves T1a/T1b and N3a/N3b. Clinical/yp have distinct tables; only cT4b/M1 sentinel rules included. | provenance=existing_v0_9_curated_or_previous_patch | crosswalk_v1.3 source_site=Stomach -> tool_site=Stomach
Stomach,AJCC8,pathological,T4a,N1,M0,Any,Any,IIIA,Stomach AJCC8 pTNM audited: preserves T1a/T1b and N3a/N3b. Clinical/yp have distinct tables; only cT4b/M1 sentinel rules included. | provenance=existing_v0_9_curated_or_previous_patch | crosswalk_v1.3 source_site=Stomach -> tool_site=Stomach
Stomach,AJCC8,pathological,T1a,N3a,M0,Any,Any,IIB,Stomach AJCC8 pTNM audited: preserves T1a/T1b and N3a/N3b. Clinical/yp have distinct tables; only cT4b/M1 sentinel rules included. | provenance=existing_v0_9_curated_or_previous_patch | crosswalk_v1.3 source_site=Stomach -> tool_site=Stomach
Stomach,AJCC8,pathological,T1a,N3b,M0,Any,Any,IIIB,Stomach AJCC8 pTNM audited: preserves T1a/T1b and N3a/N3b. Clinical/yp have distinct tables; only cT4b/M1 sentinel rules included. | provenance=existing_v0_9_curated_or_previous_patch | crosswalk_v1.3 source_site=Stomach -> tool_site=Stomach
Rectum,AJCC8,any,T3|T4a,N1|N1a|N1b|N1c,M0,Any,Any,IIIB,AJCC8 QA v0.5: TNM-first audited for current quick-staging site; verify in formal clinical documentation. | provenance=existing_v0_9_curated_or_previous_patch | crosswalk_v1.3 source_site=Rectum -> tool_site=Rectum
Stomach,AJCC8,pathological,T1b,N0,M0,Any,Any,IA,Stomach AJCC8 pTNM audited: preserves T1a/T1b and N3a/N3b. Clinical/yp have distinct tables; only cT4b/M1 sentinel rules included. | provenance=existing_v0_9_curated_or_previous_patch | crosswalk_v1.3 source_site=Stomach -> tool_site=Stomach
Stomach,AJCC8,pathological,T1b,N1,M0,Any,Any,IB,Stomach AJCC8 pTNM audited: preserves T1a/T1b and N3a/N3b. Clinical/yp have distinct tables; only cT4b/M1 sentinel rules included. | provenance=existing_v0_9_curated_or_previous_patch | crosswalk_v1.3 source_site=Stomach -> tool_site=Stomach
Stomach,AJCC8,pathological,T1b,N2,M0,Any,Any,IIA,Stomach AJCC8 pTNM audited: preserves T1a/T1b and N3a/N3b. Clinical/yp have distinct tables; only cT4b/M1 sentinel rules included. | provenance=existing_v0_9_curated_or_previous_patch | crosswalk_v1.3 source_site=Stomach -> tool_site=Stomach
Stomach,AJCC8,pathological,T1b,N3a,M0,Any,Any,IIB,Stomach AJCC8 pTNM audited: preserves T1a/T1b and N3a/N3b. Clinical/yp have distinct tables; only cT4b/M1 sentinel rules included. | provenance=existing_v0_9_curated_or_previous_patch | crosswalk_v1.3 source_site=Stomach -> tool_site=Stomach
Stomach,AJCC8,pathological,T1b,N3b,M0,Any,Any,IIIB,Stomach AJCC8 pTNM audited: preserves T1a/T1b and N3a/N3b. Clinical/yp have distinct tables; only cT4b/M1 sentinel rules included. | provenance=existing_v0_9_curated_or_previous_patch | crosswalk_v1.3 source_site=Stomach -> tool_site=Stomach
Stomach,AJCC8,pathological,T4a,N2,M0,Any,Any,IIIA,Stomach AJCC8 pTNM audited: preserves T1a/T1b and N3a/N3b. Clinical/yp have distinct tables; only cT4b/M1 sentinel rules included. | provenance=existing_v0_9_curated_or_previous_patch | crosswalk_v1.3 source_site=Stomach -> tool_site=Stomach
Stomach,AJCC8,pathological,T2,N0,M0,Any,Any,IB,Stomach AJCC8 pTNM audited: preserves T1a/T1b and N3a/N3b. Clinical/yp have distinct tables; only cT4b/M1 sentinel rules included. | provenance=existing_v0_9_curated_or_previous_patch | crosswalk_v1.3 source_site=Stomach -> tool_site=Stomach
Stomach,AJCC8,pathological,T2,N2,M0,Any,Any,IIB,Stomach AJCC8 pTNM audited: preserves T1a/T1b and N3a/N3b. Clinical/yp have distinct tables; only cT4b/M1 sentinel rules included. | provenance=existing_v0_9_curated_or_previous_patch | crosswalk_v1.3 source_site=Stomach -> tool_site=Stomach
Stomach,AJCC8,pathological,T2,N3a,M0,Any,Any,IIIA,Stomach AJCC8 pTNM audited: preserves T1a/T1b and N3a/N3b. Clinical/yp have distinct tables; only cT4b/M1 sentinel rules included. | provenance=existing_v0_9_curated_or_previous_patch | crosswalk_v1.3 source_site=Stomach -> tool_site=Stomach
Stomach,AJCC8,pathological,T2,N3b,M0,Any,Any,IIIB,Stomach AJCC8 pTNM audited: preserves T1a/T1b and N3a/N3b. Clinical/yp have distinct tables; only cT4b/M1 sentinel rules included. | provenance=existing_v0_9_curated_or_previous_patch | crosswalk_v1.3 source_site=Stomach -> tool_site=Stomach
Stomach,AJCC8,pathological,T3,N0,M0,Any,Any,IIA,Stomach AJCC8 pTNM audited: preserves T1a/T1b and N3a/N3b. Clinical/yp have distinct tables; only cT4b/M1 sentinel rules included. | provenance=existing_v0_9_curated_or_previous_patch | crosswalk_v1.3 source_site=Stomach -> tool_site=Stomach
Stomach,AJCC8,pathological,T3,N1,M0,Any,Any,IIB,Stomach AJCC8 pTNM audited: preserves T1a/T1b and N3a/N3b. Clinical/yp have distinct tables; only cT4b/M1 sentinel rules included. | provenance=existing_v0_9_curated_or_previous_patch | crosswalk_v1.3 source_site=Stomach -> tool_site=Stomach
Stomach,AJCC8,pathological,T3,N3a,M0,Any,Any,IIIB,Stomach AJCC8 pTNM audited: preserves T1a/T1b and N3a/N3b. Clinical/yp have distinct tables; only cT4b/M1 sentinel rules included. | provenance=existing_v0_9_curated_or_previous_patch | crosswalk_v1.3 source_site=Stomach -> tool_site=Stomach
Stomach,AJCC8,pathological,T3,N3b,M0,Any,Any,IIIC,Stomach AJCC8 pTNM audited: preserves T1a/T1b and N3a/N3b. Clinical/yp have distinct tables; only cT4b/M1 sentinel rules included. | provenance=existing_v0_9_curated_or_previous_patch | crosswalk_v1.3 source_site=Stomach -> tool_site=Stomach
Stomach,AJCC8,pathological,T4a,N0,M0,Any,Any,IIB,Stomach AJCC8 pTNM audited: preserves T1a/T1b and N3a/N3b. Clinical/yp have distinct tables; only cT4b/M1 sentinel rules included. | provenance=existing_v0_9_curated_or_previous_patch | crosswalk_v1.3 source_site=Stomach -> tool_site=Stomach
Stomach,AJCC8,pathological,T2,N1,M0,Any,Any,IIA,Stomach AJCC8 pTNM audited: preserves T1a/T1b and N3a/N3b. Clinical/yp have distinct tables; only cT4b/M1 sentinel rules included. | provenance=existing_v0_9_curated_or_previous_patch | crosswalk_v1.3 source_site=Stomach -> tool_site=Stomach
Stomach,AJCC8,yp,T4a,N0,M0,Any,Any,II,Stomach AJCC8 ypTNM post-neoadjuvant stage grouping audited v0.8.1 from AJCC8 stomach ypTNM table; N3a/N3b are accepted through N3 parent rule. | provenance=existing_v0_9_curated_or_previous_patch | crosswalk_v1.3 source_site=Stomach -> tool_site=Stomach
Stomach,AJCC8,pathological,T3,N2,M0,Any,Any,IIIA,Stomach AJCC8 pTNM audited: preserves T1a/T1b and N3a/N3b. Clinical/yp have distinct tables; only cT4b/M1 sentinel rules included. | provenance=existing_v0_9_curated_or_previous_patch | crosswalk_v1.3 source_site=Stomach -> tool_site=Stomach
Stomach,AJCC8,yp,T4a,N2,M0,Any,Any,III,Stomach AJCC8 ypTNM post-neoadjuvant stage grouping audited v0.8.1 from AJCC8 stomach ypTNM table; N3a/N3b are accepted through N3 parent rule. | provenance=existing_v0_9_curated_or_previous_patch | crosswalk_v1.3 source_site=Stomach -> tool_site=Stomach
Colon,AJCC8,any,T2|T3,N2a,M0,Any,Any,IIIB,AJCC8 QA v0.5: TNM-first audited for current quick-staging site; verify in formal clinical documentation. | provenance=existing_v0_9_curated_or_previous_patch | crosswalk_v1.3 source_site=Colon -> tool_site=Colon
Colon,AJCC8,any,T3,N0,M0,Any,Any,IIA,AJCC8 QA v0.5: TNM-first audited for current quick-staging site; verify in formal clinical documentation. | provenance=existing_v0_9_curated_or_previous_patch | crosswalk_v1.3 source_site=Colon -> tool_site=Colon
Colon,AJCC8,any,T3|T4a,N1|N1a|N1b|N1c,M0,Any,Any,IIIB,AJCC8 QA v0.5: TNM-first audited for current quick-staging site; verify in formal clinical documentation. | provenance=existing_v0_9_curated_or_previous_patch | crosswalk_v1.3 source_site=Colon -> tool_site=Colon
Colon,AJCC8,any,T3|T4a,N2b,M0,Any,Any,IIIC,AJCC8 QA v0.5: TNM-first audited for current quick-staging site; verify in formal clinical documentation. | provenance=existing_v0_9_curated_or_previous_patch | crosswalk_v1.3 source_site=Colon -> tool_site=Colon
Colon,AJCC8,any,T4a,N0,M0,Any,Any,IIB,AJCC8 QA v0.5: TNM-first audited for current quick-staging site; verify in formal clinical documentation. | provenance=existing_v0_9_curated_or_previous_patch | crosswalk_v1.3 source_site=Colon -> tool_site=Colon
Colon,AJCC8,any,T4a,N2a,M0,Any,Any,IIIC,AJCC8 QA v0.5: TNM-first audited for current quick-staging site; verify in formal clinical documentation. | provenance=existing_v0_9_curated_or_previous_patch | crosswalk_v1.3 source_site=Colon -> tool_site=Colon
Colon,AJCC8,any,T4b,N0,M0,Any,Any,IIC,AJCC8 QA v0.5: TNM-first audited for current quick-staging site; verify in formal clinical documentation. | provenance=existing_v0_9_curated_or_previous_patch | crosswalk_v1.3 source_site=Colon -> tool_site=Colon
Colon,AJCC8,any,T4b,N1|N1a|N1b|N1c|N2|N2a|N2b,M0,Any,Any,IIIC,AJCC8 QA v0.5: TNM-first audited for current quick-staging site; verify in formal clinical documentation. | provenance=existing_v0_9_curated_or_previous_patch | crosswalk_v1.3 source_site=Colon -> tool_site=Colon
Colon,AJCC8,any,T1|T2,N2b,M0,Any,Any,IIIB,AJCC8 QA v0.5: TNM-first audited for current quick-staging site; verify in formal clinical documentation. | provenance=existing_v0_9_curated_or_previous_patch | crosswalk_v1.3 source_site=Colon -> tool_site=Colon
Rectum,AJCC8,any,Any,Any,M1,Any,Any,IV,AJCC8 QA v0.5: TNM-first audited for current quick-staging site; verify in formal clinical documentation. | provenance=existing_v0_9_curated_or_previous_patch | crosswalk_v1.3 source_site=Rectum -> tool_site=Rectum
Rectum,AJCC8,any,Any,Any,M1b,Any,Any,IVB,AJCC8 QA v0.5: TNM-first audited for current quick-staging site; verify in formal clinical documentation. | provenance=existing_v0_9_curated_or_previous_patch | crosswalk_v1.3 source_site=Rectum -> tool_site=Rectum
Rectum,AJCC8,any,Any,Any,M1c,Any,Any,IVC,AJCC8 QA v0.5: TNM-first audited for current quick-staging site; verify in formal clinical documentation. | provenance=existing_v0_9_curated_or_previous_patch | crosswalk_v1.3 source_site=Rectum -> tool_site=Rectum
Rectum,AJCC8,any,T1,N2a,M0,Any,Any,IIIA,AJCC8 QA v0.5: TNM-first audited for current quick-staging site; verify in formal clinical documentation. | provenance=existing_v0_9_curated_or_previous_patch | crosswalk_v1.3 source_site=Rectum -> tool_site=Rectum
Rectum,AJCC8,any,T1|T2,N0,M0,Any,Any,I,AJCC8 QA v0.5: TNM-first audited for current quick-staging site; verify in formal clinical documentation. | provenance=existing_v0_9_curated_or_previous_patch | crosswalk_v1.3 source_site=Rectum -> tool_site=Rectum
Stomach,AJCC8,yp,T4a,N1,M0,Any,Any,III,Stomach AJCC8 ypTNM post-neoadjuvant stage grouping audited v0.8.1 from AJCC8 stomach ypTNM table; N3a/N3b are accepted through N3 parent rule. | provenance=existing_v0_9_curated_or_previous_patch | crosswalk_v1.3 source_site=Stomach -> tool_site=Stomach
Rectum,AJCC8,any,T2|T3,N2a,M0,Any,Any,IIIB,AJCC8 QA v0.5: TNM-first audited for current quick-staging site; verify in formal clinical documentation. | provenance=existing_v0_9_curated_or_previous_patch | crosswalk_v1.3 source_site=Rectum -> tool_site=Rectum
Rectum,AJCC8,any,T1|T2,N2b,M0,Any,Any,IIIB,AJCC8 QA v0.5: TNM-first audited for current quick-staging site; verify in formal clinical documentation. | provenance=existing_v0_9_curated_or_previous_patch | crosswalk_v1.3 source_site=Rectum -> tool_site=Rectum
Rectum,AJCC8,any,T1|T2,N1|N1a|N1b|N1c,M0,Any,Any,IIIA,AJCC8 QA v0.5: TNM-first audited for current quick-staging site; verify in formal clinical documentation. | provenance=existing_v0_9_curated_or_previous_patch | crosswalk_v1.3 source_site=Rectum -> tool_site=Rectum
Rectum,AJCC8,any,Any,Any,M1a,Any,Any,IVA,AJCC8 QA v0.5: TNM-first audited for current quick-staging site; verify in formal clinical documentation. | provenance=existing_v0_9_curated_or_previous_patch | crosswalk_v1.3 source_site=Rectum -> tool_site=Rectum
Colon,AJCC8,any,T1|T2,N1|N1a|N1b|N1c,M0,Any,Any,IIIA,AJCC8 QA v0.5: TNM-first audited for current quick-staging site; verify in formal clinical documentation. | provenance=existing_v0_9_curated_or_previous_patch | crosswalk_v1.3 source_site=Colon -> tool_site=Colon
Colon,AJCC8,any,Tis,N0,M0,Any,Any,0,AJCC8 QA v0.5: TNM-first audited for current quick-staging site; verify in formal clinical documentation. | provenance=existing_v0_9_curated_or_previous_patch | crosswalk_v1.3 source_site=Colon -> tool_site=Colon
Colon,AJCC8,any,T1,N2a,M0,Any,Any,IIIA,AJCC8 QA v0.5: TNM-first audited for current quick-staging site; verify in formal clinical documentation. | provenance=existing_v0_9_curated_or_previous_patch | crosswalk_v1.3 source_site=Colon -> tool_site=Colon
Colon,AJCC8,any,T1|T2,N0,M0,Any,Any,I,AJCC8 QA v0.5: TNM-first audited for current quick-staging site; verify in formal clinical documentation. | provenance=existing_v0_9_curated_or_previous_patch | crosswalk_v1.3 source_site=Colon -> tool_site=Colon
Stomach,AJCC8,yp,T4b,N0,M0,Any,Any,III,Stomach AJCC8 ypTNM post-neoadjuvant stage grouping audited v0.8.1 from AJCC8 stomach ypTNM table; N3a/N3b are accepted through N3 parent rule. | provenance=existing_v0_9_curated_or_previous_patch | crosswalk_v1.3 source_site=Stomach -> tool_site=Stomach
Stomach,AJCC8,yp,T4a,N3,M0,Any,Any,III,Stomach AJCC8 ypTNM post-neoadjuvant stage grouping audited v0.8.1 from AJCC8 stomach ypTNM table; N3a/N3b are accepted through N3 parent rule. | provenance=existing_v0_9_curated_or_previous_patch | crosswalk_v1.3 source_site=Stomach -> tool_site=Stomach
Stomach,AJCC8,yp,T4b,N3,M0,Any,Any,III,Stomach AJCC8 ypTNM post-neoadjuvant stage grouping audited v0.8.1 from AJCC8 stomach ypTNM table; N3a/N3b are accepted through N3 parent rule. | provenance=existing_v0_9_curated_or_previous_patch | crosswalk_v1.3 source_site=Stomach -> tool_site=Stomach
Small intestine,AJCC8,any,Any,Any,M1,Any,Any,IV,AJCC8 QA v0.5: TNM-first audited for current quick-staging site; verify in formal clinical documentation. | provenance=existing_v0_9_curated_or_previous_patch | crosswalk_v1.3 source_site=Small intestine -> tool_site=Small intestine
Stomach,AJCC8,yp,T4b,N2,M0,Any,Any,III,Stomach AJCC8 ypTNM post-neoadjuvant stage grouping audited v0.8.1 from AJCC8 stomach ypTNM table; N3a/N3b are accepted through N3 parent rule. | provenance=existing_v0_9_curated_or_previous_patch | crosswalk_v1.3 source_site=Stomach -> tool_site=Stomach
Small intestine,AJCC8,any,Any,N2,M0,Any,Any,IIIB,AJCC8 QA v0.5: TNM-first audited for current quick-staging site; verify in formal clinical documentation. | provenance=existing_v0_9_curated_or_previous_patch | crosswalk_v1.3 source_site=Small intestine -> tool_site=Small intestine
Small intestine,AJCC8,any,T1|T2,N0,M0,Any,Any,I,AJCC8 QA v0.5: TNM-first audited for current quick-staging site; verify in formal clinical documentation. | provenance=existing_v0_9_curated_or_previous_patch | crosswalk_v1.3 source_site=Small intestine -> tool_site=Small intestine
Small intestine,AJCC8,any,Any,N1,M0,Any,Any,IIIA,AJCC8 QA v0.5: TNM-first audited for current quick-staging site; verify in formal clinical documentation. | provenance=existing_v0_9_curated_or_previous_patch | crosswalk_v1.3 source_site=Small intestine -> tool_site=Small intestine
Colon,AJCC8,any,Any,Any,M1a,Any,Any,IVA,AJCC8 QA v0.5: TNM-first audited for current quick-staging site; verify in formal clinical documentation. | provenance=existing_v0_9_curated_or_previous_patch | crosswalk_v1.3 source_site=Colon -> tool_site=Colon
Colon,AJCC8,any,Any,Any,M1c,Any,Any,IVC,AJCC8 QA v0.5: TNM-first audited for current quick-staging site; verify in formal clinical documentation. | provenance=existing_v0_9_curated_or_previous_patch | crosswalk_v1.3 source_site=Colon -> tool_site=Colon
Colon,AJCC8,any,Any,Any,M1b,Any,Any,IVB,AJCC8 QA v0.5: TNM-first audited for current quick-staging site; verify in formal clinical documentation. | provenance=existing_v0_9_curated_or_previous_patch | crosswalk_v1.3 source_site=Colon -> tool_site=Colon
Small intestine,AJCC8,any,T3,N0,M0,Any,Any,IIA,AJCC8 QA v0.5: TNM-first audited for current quick-staging site; verify in formal clinical documentation. | provenance=existing_v0_9_curated_or_previous_patch | crosswalk_v1.3 source_site=Small intestine -> tool_site=Small intestine
Stomach,AJCC8,yp,T4b,N1,M0,Any,Any,III,Stomach AJCC8 ypTNM post-neoadjuvant stage grouping audited v0.8.1 from AJCC8 stomach ypTNM table; N3a/N3b are accepted through N3 parent rule. | provenance=existing_v0_9_curated_or_previous_patch | crosswalk_v1.3 source_site=Stomach -> tool_site=Stomach
Small intestine,AJCC8,any,Tis,N0,M0,Any,Any,0,AJCC8 QA v0.5: TNM-first audited for current quick-staging site; verify in formal clinical documentation. | provenance=existing_v0_9_curated_or_previous_patch | crosswalk_v1.3 source_site=Small intestine -> tool_site=Small intestine
Small intestine,AJCC8,any,T4,N0,M0,Any,Any,IIB,AJCC8 QA v0.5: TNM-first audited for current quick-staging site; verify in formal clinical documentation. | provenance=existing_v0_9_curated_or_previous_patch | crosswalk_v1.3 source_site=Small intestine -> tool_site=Small intestine
Colon,AJCC8,any,Any,Any,M1,Any,Any,IV,AJCC8 QA v0.5: TNM-first audited for current quick-staging site; verify in formal clinical documentation. | provenance=existing_v0_9_curated_or_previous_patch | crosswalk_v1.3 source_site=Colon -> tool_site=Colon
Oropharynx (p16-),AJCC8,yp,T4,N0,M0,Any,Any,IVA,"source_page=57; extract_method=stage_first; extra_factors/raw_extra=wall | provenance=auto_extracted_from_uploaded_manuals_v1_0 | crosswalk_v1.3 source_site=Pharynx (Including base of tongue, soft palate, and uvula) -> tool_site=Oropharynx (p16-); AJCC7 uses a broader Pharynx chapter; AJCC8 splits pharyngeal sites/HPV-mediated disease. | SURROGATE_AJCC8_FROM_AJCC7_REVIEW_REQUIRED_v1.7: no AJCC8 stage-grouping rule rows were extractable from the uploaded AJCC8 PDF for this site; copied from AJCC7 to avoid blank result pending cancer committee validation."
Oropharynx (p16-),AJCC8,yp,T3,N0,M0,Any,Any,III,"source_page=57; extract_method=stage_carried; extra_factors/raw_extra=C10.2 Lateral wall of; duplicate_source_page=58; duplicate_source_page=62; duplicate_source_page=69 | provenance=auto_extracted_from_uploaded_manuals_v1_0 | crosswalk_v1.3 source_site=Pharynx (Including base of tongue, soft palate, and uvula) -> tool_site=Oropharynx (p16-); AJCC7 uses a broader Pharynx chapter; AJCC8 splits pharyngeal sites/HPV-mediated disease. | SURROGATE_AJCC8_FROM_AJCC7_REVIEW_REQUIRED_v1.7: no AJCC8 stage-grouping rule rows were extractable from the uploaded AJCC8 PDF for this site; copied from AJCC7 to avoid blank result pending cancer committee validation."
Oropharynx (p16-),AJCC8,yp,T4,N1,M0,Any,Any,IVA,"source_page=57; extract_method=stage_carried; extra_factors/raw_extra=C10.4 Branchial cleft | provenance=auto_extracted_from_uploaded_manuals_v1_0 | crosswalk_v1.3 source_site=Pharynx (Including base of tongue, soft palate, and uvula) -> tool_site=Oropharynx (p16-); AJCC7 uses a broader Pharynx chapter; AJCC8 splits pharyngeal sites/HPV-mediated disease. | SURROGATE_AJCC8_FROM_AJCC7_REVIEW_REQUIRED_v1.7: no AJCC8 stage-grouping rule rows were extractable from the uploaded AJCC8 PDF for this site; copied from AJCC7 to avoid blank result pending cancer committee validation."
Oropharynx (p16-),AJCC8,yp,T2,N2,M0,Any,Any,III,"source_page=57; extract_method=stage_carried; extra_factors/raw_extra=C10.0 Vallecula | provenance=auto_extracted_from_uploaded_manuals_v1_0 | crosswalk_v1.3 source_site=Pharynx (Including base of tongue, soft palate, and uvula) -> tool_site=Oropharynx (p16-); AJCC7 uses a broader Pharynx chapter; AJCC8 splits pharyngeal sites/HPV-mediated disease. | SURROGATE_AJCC8_FROM_AJCC7_REVIEW_REQUIRED_v1.7: no AJCC8 stage-grouping rule rows were extractable from the uploaded AJCC8 PDF for this site; copied from AJCC7 to avoid blank result pending cancer committee validation."
Oropharynx (p16-),AJCC8,yp,T1,N2,M0,Any,Any,III,"source_page=57; extract_method=stage_first; extra_factors/raw_extra=C09.9 Tonsil, NOS | provenance=auto_extracted_from_uploaded_manuals_v1_0 | crosswalk_v1.3 source_site=Pharynx (Including base of tongue, soft palate, and uvula) -> tool_site=Oropharynx (p16-); AJCC7 uses a broader Pharynx chapter; AJCC8 splits pharyngeal sites/HPV-mediated disease. | SURROGATE_AJCC8_FROM_AJCC7_REVIEW_REQUIRED_v1.7: no AJCC8 stage-grouping rule rows were extractable from the uploaded AJCC8 PDF for this site; copied from AJCC7 to avoid blank result pending cancer committee validation."
Oropharynx (p16-),AJCC8,yp,T3,N1,M0,Any,Any,III,"source_page=57; extract_method=stage_carried; extra_factors/raw_extra=oropharynx; duplicate_source_page=58; duplicate_source_page=62; duplicate_source_page=69 | provenance=auto_extracted_from_uploaded_manuals_v1_0 | crosswalk_v1.3 source_site=Pharynx (Including base of tongue, soft palate, and uvula) -> tool_site=Oropharynx (p16-); AJCC7 uses a broader Pharynx chapter; AJCC8 splits pharyngeal sites/HPV-mediated disease. | SURROGATE_AJCC8_FROM_AJCC7_REVIEW_REQUIRED_v1.7: no AJCC8 stage-grouping rule rows were extractable from the uploaded AJCC8 PDF for this site; copied from AJCC7 to avoid blank result pending cancer committee validation."
Oropharynx (p16-),AJCC8,yp,T2,N1,M0,Any,Any,II,"source_page=57; extract_method=stage_carried; extra_factors/raw_extra=C09.8 Overlapping lesion | provenance=auto_extracted_from_uploaded_manuals_v1_0 | crosswalk_v1.3 source_site=Pharynx (Including base of tongue, soft palate, and uvula) -> tool_site=Oropharynx (p16-); AJCC7 uses a broader Pharynx chapter; AJCC8 splits pharyngeal sites/HPV-mediated disease. | SURROGATE_AJCC8_FROM_AJCC7_REVIEW_REQUIRED_v1.7: no AJCC8 stage-grouping rule rows were extractable from the uploaded AJCC8 PDF for this site; copied from AJCC7 to avoid blank result pending cancer committee validation."
Oropharynx (p16-),AJCC8,yp,T2,N0,M0,Any,Any,II,"source_page=57; extract_method=stage_carried; extra_factors/raw_extra=C09.1 Tonsillar pillar; duplicate_source_page=58; duplicate_source_page=62; duplicate_source_page=69 | provenance=auto_extracted_from_uploaded_manuals_v1_0 | crosswalk_v1.3 source_site=Pharynx (Including base of tongue, soft palate, and uvula) -> tool_site=Oropharynx (p16-); AJCC7 uses a broader Pharynx chapter; AJCC8 splits pharyngeal sites/HPV-mediated disease. | SURROGATE_AJCC8_FROM_AJCC7_REVIEW_REQUIRED_v1.7: no AJCC8 stage-grouping rule rows were extractable from the uploaded AJCC8 PDF for this site; copied from AJCC7 to avoid blank result pending cancer committee validation."
Oropharynx (p16-),AJCC8,yp,T1,N1,M0,Any,Any,II,"source_page=57; extract_method=stage_first; extra_factors/raw_extra=C09.0 Tonsillar fossa | provenance=auto_extracted_from_uploaded_manuals_v1_0 | crosswalk_v1.3 source_site=Pharynx (Including base of tongue, soft palate, and uvula) -> tool_site=Oropharynx (p16-); AJCC7 uses a broader Pharynx chapter; AJCC8 splits pharyngeal sites/HPV-mediated disease. | SURROGATE_AJCC8_FROM_AJCC7_REVIEW_REQUIRED_v1.7: no AJCC8 stage-grouping rule rows were extractable from the uploaded AJCC8 PDF for this site; copied from AJCC7 to avoid blank result pending cancer committee validation."
Oropharynx (p16-),AJCC8,yp,T1,N0,M0,Any,Any,I,"source_page=57; extract_method=stage_first; extra_factors/raw_extra=C05.2 Uvula; duplicate_source_page=58; duplicate_source_page=62; duplicate_source_page=69 | provenance=auto_extracted_from_uploaded_manuals_v1_0 | crosswalk_v1.3 source_site=Pharynx (Including base of tongue, soft palate, and uvula) -> tool_site=Oropharynx (p16-); AJCC7 uses a broader Pharynx chapter; AJCC8 splits pharyngeal sites/HPV-mediated disease. | SURROGATE_AJCC8_FROM_AJCC7_REVIEW_REQUIRED_v1.7: no AJCC8 stage-grouping rule rows were extractable from the uploaded AJCC8 PDF for this site; copied from AJCC7 to avoid blank result pending cancer committee validation."
Oropharynx (p16-),AJCC8,yp,T3,N2,M0,Any,Any,III,"source_page=57; extract_method=stage_carried; extra_factors/raw_extra=C10.3 Posterior pharyngeal | provenance=auto_extracted_from_uploaded_manuals_v1_0 | crosswalk_v1.3 source_site=Pharynx (Including base of tongue, soft palate, and uvula) -> tool_site=Oropharynx (p16-); AJCC7 uses a broader Pharynx chapter; AJCC8 splits pharyngeal sites/HPV-mediated disease. | SURROGATE_AJCC8_FROM_AJCC7_REVIEW_REQUIRED_v1.7: no AJCC8 stage-grouping rule rows were extractable from the uploaded AJCC8 PDF for this site; copied from AJCC7 to avoid blank result pending cancer committee validation."
Nasopharynx,AJCC8,any,T4,N0,M0,Any,Any,IVA,"source_page=62; extract_method=stage_first; duplicate_source_page=69 | provenance=auto_extracted_from_uploaded_manuals_v1_0 | crosswalk_v1.3 source_site=Pharynx (Including base of tongue, soft palate, and uvula) -> tool_site=Nasopharynx; AJCC7 uses a broader Pharynx chapter; AJCC8 splits pharyngeal sites/HPV-mediated disease. | SURROGATE_AJCC8_FROM_AJCC7_REVIEW_REQUIRED_v1.7: no AJCC8 stage-grouping rule rows were extractable from the uploaded AJCC8 PDF for this site; copied from AJCC7 to avoid blank result pending cancer committee validation."
Nasopharynx,AJCC8,any,Any,Any,M1,Any,Any,IVC,"source_page=62; extract_method=stage_first; duplicate_source_page=69 | provenance=auto_extracted_from_uploaded_manuals_v1_0 | crosswalk_v1.3 source_site=Pharynx (Including base of tongue, soft palate, and uvula) -> tool_site=Nasopharynx; AJCC7 uses a broader Pharynx chapter; AJCC8 splits pharyngeal sites/HPV-mediated disease. | SURROGATE_AJCC8_FROM_AJCC7_REVIEW_REQUIRED_v1.7: no AJCC8 stage-grouping rule rows were extractable from the uploaded AJCC8 PDF for this site; copied from AJCC7 to avoid blank result pending cancer committee validation."
Nasopharynx,AJCC8,any,Any,N3,M0,Any,Any,IVB,"source_page=62; extract_method=stage_first; duplicate_source_page=69 | provenance=auto_extracted_from_uploaded_manuals_v1_0 | crosswalk_v1.3 source_site=Pharynx (Including base of tongue, soft palate, and uvula) -> tool_site=Nasopharynx; AJCC7 uses a broader Pharynx chapter; AJCC8 splits pharyngeal sites/HPV-mediated disease. | SURROGATE_AJCC8_FROM_AJCC7_REVIEW_REQUIRED_v1.7: no AJCC8 stage-grouping rule rows were extractable from the uploaded AJCC8 PDF for this site; copied from AJCC7 to avoid blank result pending cancer committee validation."
Nasopharynx,AJCC8,any,T4,N2,M0,Any,Any,IVA,"source_page=62; extract_method=stage_carried; duplicate_source_page=69 | provenance=auto_extracted_from_uploaded_manuals_v1_0 | crosswalk_v1.3 source_site=Pharynx (Including base of tongue, soft palate, and uvula) -> tool_site=Nasopharynx; AJCC7 uses a broader Pharynx chapter; AJCC8 splits pharyngeal sites/HPV-mediated disease. | SURROGATE_AJCC8_FROM_AJCC7_REVIEW_REQUIRED_v1.7: no AJCC8 stage-grouping rule rows were extractable from the uploaded AJCC8 PDF for this site; copied from AJCC7 to avoid blank result pending cancer committee validation."
Nasopharynx,AJCC8,any,T4,N1,M0,Any,Any,IVA,"source_page=62; extract_method=stage_carried; duplicate_source_page=69 | provenance=auto_extracted_from_uploaded_manuals_v1_0 | crosswalk_v1.3 source_site=Pharynx (Including base of tongue, soft palate, and uvula) -> tool_site=Nasopharynx; AJCC7 uses a broader Pharynx chapter; AJCC8 splits pharyngeal sites/HPV-mediated disease. | SURROGATE_AJCC8_FROM_AJCC7_REVIEW_REQUIRED_v1.7: no AJCC8 stage-grouping rule rows were extractable from the uploaded AJCC8 PDF for this site; copied from AJCC7 to avoid blank result pending cancer committee validation."
Nasopharynx,AJCC8,any,T3,N2,M0,Any,Any,III,"source_page=62; extract_method=stage_carried; duplicate_source_page=69 | provenance=auto_extracted_from_uploaded_manuals_v1_0 | crosswalk_v1.3 source_site=Pharynx (Including base of tongue, soft palate, and uvula) -> tool_site=Nasopharynx; AJCC7 uses a broader Pharynx chapter; AJCC8 splits pharyngeal sites/HPV-mediated disease. | SURROGATE_AJCC8_FROM_AJCC7_REVIEW_REQUIRED_v1.7: no AJCC8 stage-grouping rule rows were extractable from the uploaded AJCC8 PDF for this site; copied from AJCC7 to avoid blank result pending cancer committee validation."
Nasopharynx,AJCC8,any,T3,N1,M0,Any,Any,III,"source_page=62; extract_method=stage_carried; duplicate_source_page=69 | provenance=auto_extracted_from_uploaded_manuals_v1_0 | crosswalk_v1.3 source_site=Pharynx (Including base of tongue, soft palate, and uvula) -> tool_site=Nasopharynx; AJCC7 uses a broader Pharynx chapter; AJCC8 splits pharyngeal sites/HPV-mediated disease. | SURROGATE_AJCC8_FROM_AJCC7_REVIEW_REQUIRED_v1.7: no AJCC8 stage-grouping rule rows were extractable from the uploaded AJCC8 PDF for this site; copied from AJCC7 to avoid blank result pending cancer committee validation."
Nasopharynx,AJCC8,any,T3,N0,M0,Any,Any,III,"source_page=62; extract_method=stage_carried; duplicate_source_page=69 | provenance=auto_extracted_from_uploaded_manuals_v1_0 | crosswalk_v1.3 source_site=Pharynx (Including base of tongue, soft palate, and uvula) -> tool_site=Nasopharynx; AJCC7 uses a broader Pharynx chapter; AJCC8 splits pharyngeal sites/HPV-mediated disease. | SURROGATE_AJCC8_FROM_AJCC7_REVIEW_REQUIRED_v1.7: no AJCC8 stage-grouping rule rows were extractable from the uploaded AJCC8 PDF for this site; copied from AJCC7 to avoid blank result pending cancer committee validation."
Nasopharynx,AJCC8,any,T2,N2,M0,Any,Any,III,"source_page=62; extract_method=stage_carried; duplicate_source_page=69 | provenance=auto_extracted_from_uploaded_manuals_v1_0 | crosswalk_v1.3 source_site=Pharynx (Including base of tongue, soft palate, and uvula) -> tool_site=Nasopharynx; AJCC7 uses a broader Pharynx chapter; AJCC8 splits pharyngeal sites/HPV-mediated disease. | SURROGATE_AJCC8_FROM_AJCC7_REVIEW_REQUIRED_v1.7: no AJCC8 stage-grouping rule rows were extractable from the uploaded AJCC8 PDF for this site; copied from AJCC7 to avoid blank result pending cancer committee validation."
Nasopharynx,AJCC8,any,T1,N1,M0,Any,Any,II,"source_page=62; extract_method=stage_first; duplicate_source_page=69 | provenance=auto_extracted_from_uploaded_manuals_v1_0 | crosswalk_v1.3 source_site=Pharynx (Including base of tongue, soft palate, and uvula) -> tool_site=Nasopharynx; AJCC7 uses a broader Pharynx chapter; AJCC8 splits pharyngeal sites/HPV-mediated disease. | SURROGATE_AJCC8_FROM_AJCC7_REVIEW_REQUIRED_v1.7: no AJCC8 stage-grouping rule rows were extractable from the uploaded AJCC8 PDF for this site; copied from AJCC7 to avoid blank result pending cancer committee validation."
Oropharynx (p16-),AJCC8,yp,T4,N2,M0,Any,Any,IVA,"source_page=57; extract_method=stage_carried; extra_factors/raw_extra=C10.8 Overlapping lesion | provenance=auto_extracted_from_uploaded_manuals_v1_0 | crosswalk_v1.3 source_site=Pharynx (Including base of tongue, soft palate, and uvula) -> tool_site=Oropharynx (p16-); AJCC7 uses a broader Pharynx chapter; AJCC8 splits pharyngeal sites/HPV-mediated disease. | SURROGATE_AJCC8_FROM_AJCC7_REVIEW_REQUIRED_v1.7: no AJCC8 stage-grouping rule rows were extractable from the uploaded AJCC8 PDF for this site; copied from AJCC7 to avoid blank result pending cancer committee validation."
Nasopharynx,AJCC8,any,T1,N2,M0,Any,Any,III,"source_page=62; extract_method=stage_first; duplicate_source_page=69 | provenance=auto_extracted_from_uploaded_manuals_v1_0 | crosswalk_v1.3 source_site=Pharynx (Including base of tongue, soft palate, and uvula) -> tool_site=Nasopharynx; AJCC7 uses a broader Pharynx chapter; AJCC8 splits pharyngeal sites/HPV-mediated disease. | SURROGATE_AJCC8_FROM_AJCC7_REVIEW_REQUIRED_v1.7: no AJCC8 stage-grouping rule rows were extractable from the uploaded AJCC8 PDF for this site; copied from AJCC7 to avoid blank result pending cancer committee validation."
Nasopharynx,AJCC8,any,T2,N1,M0,Any,Any,II,"source_page=62; extract_method=stage_carried; duplicate_source_page=69 | provenance=auto_extracted_from_uploaded_manuals_v1_0 | crosswalk_v1.3 source_site=Pharynx (Including base of tongue, soft palate, and uvula) -> tool_site=Nasopharynx; AJCC7 uses a broader Pharynx chapter; AJCC8 splits pharyngeal sites/HPV-mediated disease. | SURROGATE_AJCC8_FROM_AJCC7_REVIEW_REQUIRED_v1.7: no AJCC8 stage-grouping rule rows were extractable from the uploaded AJCC8 PDF for this site; copied from AJCC7 to avoid blank result pending cancer committee validation."
Nasopharynx,AJCC8,any,T2,N0,M0,Any,Any,II,"source_page=62; extract_method=stage_carried; duplicate_source_page=69 | provenance=auto_extracted_from_uploaded_manuals_v1_0 | crosswalk_v1.3 source_site=Pharynx (Including base of tongue, soft palate, and uvula) -> tool_site=Nasopharynx; AJCC7 uses a broader Pharynx chapter; AJCC8 splits pharyngeal sites/HPV-mediated disease. | SURROGATE_AJCC8_FROM_AJCC7_REVIEW_REQUIRED_v1.7: no AJCC8 stage-grouping rule rows were extractable from the uploaded AJCC8 PDF for this site; copied from AJCC7 to avoid blank result pending cancer committee validation."
Oropharynx (p16-),AJCC8,yp,Tis,N0,M0,Any,Any,0,"source_page=57; extract_method=stage_first; extra_factors/raw_extra=C02.4 Lingual tonsil; duplicate_source_page=58; duplicate_source_page=62; duplicate_source_page=69 | provenance=auto_extracted_from_uploaded_manuals_v1_0 | crosswalk_v1.3 source_site=Pharynx (Including base of tongue, soft palate, and uvula) -> tool_site=Oropharynx (p16-); AJCC7 uses a broader Pharynx chapter; AJCC8 splits pharyngeal sites/HPV-mediated disease. | SURROGATE_AJCC8_FROM_AJCC7_REVIEW_REQUIRED_v1.7: no AJCC8 stage-grouping rule rows were extractable from the uploaded AJCC8 PDF for this site; copied from AJCC7 to avoid blank result pending cancer committee validation."
Oropharynx (p16-),AJCC8,yp,Any,N3,M0,Any,Any,IVB,"source_page=57; extract_method=stage_first; extra_factors/raw_extra=C10.9 Oropharynx, NOS; duplicate_source_page=58; duplicate_source_page=62; duplicate_source_page=69 | provenance=auto_extracted_from_uploaded_manuals_v1_0 | crosswalk_v1.3 source_site=Pharynx (Including base of tongue, soft palate, and uvula) -> tool_site=Oropharynx (p16-); AJCC7 uses a broader Pharynx chapter; AJCC8 splits pharyngeal sites/HPV-mediated disease. | SURROGATE_AJCC8_FROM_AJCC7_REVIEW_REQUIRED_v1.7: no AJCC8 stage-grouping rule rows were extractable from the uploaded AJCC8 PDF for this site; copied from AJCC7 to avoid blank result pending cancer committee validation."
Oropharynx (p16-),AJCC8,any,T3,N0,M0,Any,Any,III,"source_page=62; extract_method=stage_carried; duplicate_source_page=69 | provenance=auto_extracted_from_uploaded_manuals_v1_0 | crosswalk_v1.3 source_site=Pharynx (Including base of tongue, soft palate, and uvula) -> tool_site=Oropharynx (p16-); AJCC7 uses a broader Pharynx chapter; AJCC8 splits pharyngeal sites/HPV-mediated disease. | SURROGATE_AJCC8_FROM_AJCC7_REVIEW_REQUIRED_v1.7: no AJCC8 stage-grouping rule rows were extractable from the uploaded AJCC8 PDF for this site; copied from AJCC7 to avoid blank result pending cancer committee validation."
Oropharynx (p16-),AJCC8,yp,T1,N1,M0,Any,Any,III,"source_page=58; extract_method=stage_carried; extra_factors/raw_extra=C13.0 | Postcricoid region; duplicate_source_page=62; duplicate_source_page=69 | provenance=auto_extracted_from_uploaded_manuals_v1_0 | crosswalk_v1.3 source_site=Pharynx (Including base of tongue, soft palate, and uvula) -> tool_site=Oropharynx (p16-); AJCC7 uses a broader Pharynx chapter; AJCC8 splits pharyngeal sites/HPV-mediated disease. | SURROGATE_AJCC8_FROM_AJCC7_REVIEW_REQUIRED_v1.7: no AJCC8 stage-grouping rule rows were extractable from the uploaded AJCC8 PDF for this site; copied from AJCC7 to avoid blank result pending cancer committee validation."
Soft Tissue Sarcoma of the Abdomen and Thoracic Visceral Organs,AJCC8,yp,T2b,N0,M0,Any,Any,IB,"source_page=307; extract_method=stage_carried; extra_factors/raw_extra=G1, GX | C38.2 Posterior; duplicate_source_page=311 | provenance=auto_extracted_from_uploaded_manuals_v1_0 | crosswalk_v1.3 source_site=Soft Tissue Sarcoma -> tool_site=Soft Tissue Sarcoma of the Abdomen and Thoracic Visceral Organs; AJCC7 has one broader Soft Tissue Sarcoma chapter; AJCC8 splits by anatomic site. | SURROGATE_AJCC8_FROM_AJCC7_REVIEW_REQUIRED_v1.7: no AJCC8 stage-grouping rule rows were extractable from the uploaded AJCC8 PDF for this site; copied from AJCC7 to avoid blank result pending cancer committee validation."
Soft Tissue Sarcoma of the Abdomen and Thoracic Visceral Organs,AJCC8,yp,T2a,N0,M0,Any,Any,IB,"source_page=307; extract_method=stage_first; extra_factors/raw_extra=G1, GX | mediastinum; duplicate_source_page=311 | provenance=auto_extracted_from_uploaded_manuals_v1_0 | crosswalk_v1.3 source_site=Soft Tissue Sarcoma -> tool_site=Soft Tissue Sarcoma of the Abdomen and Thoracic Visceral Organs; AJCC7 has one broader Soft Tissue Sarcoma chapter; AJCC8 splits by anatomic site. | SURROGATE_AJCC8_FROM_AJCC7_REVIEW_REQUIRED_v1.7: no AJCC8 stage-grouping rule rows were extractable from the uploaded AJCC8 PDF for this site; copied from AJCC7 to avoid blank result pending cancer committee validation."
Nasopharynx,AJCC8,any,T1,N0,M0,Any,Any,I,"source_page=62; extract_method=stage_first; duplicate_source_page=69 | provenance=auto_extracted_from_uploaded_manuals_v1_0 | crosswalk_v1.3 source_site=Pharynx (Including base of tongue, soft palate, and uvula) -> tool_site=Nasopharynx; AJCC7 uses a broader Pharynx chapter; AJCC8 splits pharyngeal sites/HPV-mediated disease. | SURROGATE_AJCC8_FROM_AJCC7_REVIEW_REQUIRED_v1.7: no AJCC8 stage-grouping rule rows were extractable from the uploaded AJCC8 PDF for this site; copied from AJCC7 to avoid blank result pending cancer committee validation."
Soft Tissue Sarcoma of the Abdomen and Thoracic Visceral Organs,AJCC8,yp,T1a,N0,M0,Any,Any,IIA,"source_page=307; extract_method=stage_first; extra_factors/raw_extra=G2, G3 | C38.3 Mediastinum, NOS; duplicate_source_page=311 | provenance=auto_extracted_from_uploaded_manuals_v1_0 | crosswalk_v1.3 source_site=Soft Tissue Sarcoma -> tool_site=Soft Tissue Sarcoma of the Abdomen and Thoracic Visceral Organs; AJCC7 has one broader Soft Tissue Sarcoma chapter; AJCC8 splits by anatomic site. | SURROGATE_AJCC8_FROM_AJCC7_REVIEW_REQUIRED_v1.7: no AJCC8 stage-grouping rule rows were extractable from the uploaded AJCC8 PDF for this site; copied from AJCC7 to avoid blank result pending cancer committee validation."
Soft Tissue Sarcoma of the Abdomen and Thoracic Visceral Organs,AJCC8,yp,T1b,N0,M0,Any,Any,IA,"source_page=307; extract_method=stage_carried; extra_factors/raw_extra=G1, GX | C38.1 Anterior; duplicate_source_page=311 | provenance=auto_extracted_from_uploaded_manuals_v1_0 | crosswalk_v1.3 source_site=Soft Tissue Sarcoma -> tool_site=Soft Tissue Sarcoma of the Abdomen and Thoracic Visceral Organs; AJCC7 has one broader Soft Tissue Sarcoma chapter; AJCC8 splits by anatomic site. | SURROGATE_AJCC8_FROM_AJCC7_REVIEW_REQUIRED_v1.7: no AJCC8 stage-grouping rule rows were extractable from the uploaded AJCC8 PDF for this site; copied from AJCC7 to avoid blank result pending cancer committee validation."
Soft Tissue Sarcoma of the Abdomen and Thoracic Visceral Organs,AJCC8,yp,T1a,N0,M0,Any,Any,IA,"source_page=307; extract_method=stage_first; extra_factors/raw_extra=G1, GX | C38.0 Heart; duplicate_source_page=311 | provenance=auto_extracted_from_uploaded_manuals_v1_0 | crosswalk_v1.3 source_site=Soft Tissue Sarcoma -> tool_site=Soft Tissue Sarcoma of the Abdomen and Thoracic Visceral Organs; AJCC7 has one broader Soft Tissue Sarcoma chapter; AJCC8 splits by anatomic site. | SURROGATE_AJCC8_FROM_AJCC7_REVIEW_REQUIRED_v1.7: no AJCC8 stage-grouping rule rows were extractable from the uploaded AJCC8 PDF for this site; copied from AJCC7 to avoid blank result pending cancer committee validation."
Oropharynx (p16-),AJCC8,any,Any,Any,M1,Any,Any,IVC,"source_page=62; extract_method=stage_first; duplicate_source_page=69 | provenance=auto_extracted_from_uploaded_manuals_v1_0 | crosswalk_v1.3 source_site=Pharynx (Including base of tongue, soft palate, and uvula) -> tool_site=Oropharynx (p16-); AJCC7 uses a broader Pharynx chapter; AJCC8 splits pharyngeal sites/HPV-mediated disease. | SURROGATE_AJCC8_FROM_AJCC7_REVIEW_REQUIRED_v1.7: no AJCC8 stage-grouping rule rows were extractable from the uploaded AJCC8 PDF for this site; copied from AJCC7 to avoid blank result pending cancer committee validation."
Oropharynx (p16-),AJCC8,any,Any,N3,M0,Any,Any,IVB,"source_page=62; extract_method=stage_first; duplicate_source_page=69 | provenance=auto_extracted_from_uploaded_manuals_v1_0 | crosswalk_v1.3 source_site=Pharynx (Including base of tongue, soft palate, and uvula) -> tool_site=Oropharynx (p16-); AJCC7 uses a broader Pharynx chapter; AJCC8 splits pharyngeal sites/HPV-mediated disease. | SURROGATE_AJCC8_FROM_AJCC7_REVIEW_REQUIRED_v1.7: no AJCC8 stage-grouping rule rows were extractable from the uploaded AJCC8 PDF for this site; copied from AJCC7 to avoid blank result pending cancer committee validation."
Oropharynx (p16-),AJCC8,any,T4,N2,M0,Any,Any,IVA,"source_page=62; extract_method=stage_carried; duplicate_source_page=69 | provenance=auto_extracted_from_uploaded_manuals_v1_0 | crosswalk_v1.3 source_site=Pharynx (Including base of tongue, soft palate, and uvula) -> tool_site=Oropharynx (p16-); AJCC7 uses a broader Pharynx chapter; AJCC8 splits pharyngeal sites/HPV-mediated disease. | SURROGATE_AJCC8_FROM_AJCC7_REVIEW_REQUIRED_v1.7: no AJCC8 stage-grouping rule rows were extractable from the uploaded AJCC8 PDF for this site; copied from AJCC7 to avoid blank result pending cancer committee validation."
Oropharynx (p16-),AJCC8,any,T4,N1,M0,Any,Any,IVA,"source_page=62; extract_method=stage_carried; duplicate_source_page=69 | provenance=auto_extracted_from_uploaded_manuals_v1_0 | crosswalk_v1.3 source_site=Pharynx (Including base of tongue, soft palate, and uvula) -> tool_site=Oropharynx (p16-); AJCC7 uses a broader Pharynx chapter; AJCC8 splits pharyngeal sites/HPV-mediated disease. | SURROGATE_AJCC8_FROM_AJCC7_REVIEW_REQUIRED_v1.7: no AJCC8 stage-grouping rule rows were extractable from the uploaded AJCC8 PDF for this site; copied from AJCC7 to avoid blank result pending cancer committee validation."
Oropharynx (p16-),AJCC8,any,T4,N0,M0,Any,Any,IVA,"source_page=62; extract_method=stage_first; duplicate_source_page=69 | provenance=auto_extracted_from_uploaded_manuals_v1_0 | crosswalk_v1.3 source_site=Pharynx (Including base of tongue, soft palate, and uvula) -> tool_site=Oropharynx (p16-); AJCC7 uses a broader Pharynx chapter; AJCC8 splits pharyngeal sites/HPV-mediated disease. | SURROGATE_AJCC8_FROM_AJCC7_REVIEW_REQUIRED_v1.7: no AJCC8 stage-grouping rule rows were extractable from the uploaded AJCC8 PDF for this site; copied from AJCC7 to avoid blank result pending cancer committee validation."
Oropharynx (p16-),AJCC8,any,T3,N2,M0,Any,Any,III,"source_page=62; extract_method=stage_carried; duplicate_source_page=69 | provenance=auto_extracted_from_uploaded_manuals_v1_0 | crosswalk_v1.3 source_site=Pharynx (Including base of tongue, soft palate, and uvula) -> tool_site=Oropharynx (p16-); AJCC7 uses a broader Pharynx chapter; AJCC8 splits pharyngeal sites/HPV-mediated disease. | SURROGATE_AJCC8_FROM_AJCC7_REVIEW_REQUIRED_v1.7: no AJCC8 stage-grouping rule rows were extractable from the uploaded AJCC8 PDF for this site; copied from AJCC7 to avoid blank result pending cancer committee validation."
Oropharynx (p16-),AJCC8,any,T3,N1,M0,Any,Any,III,"source_page=62; extract_method=stage_carried; duplicate_source_page=69 | provenance=auto_extracted_from_uploaded_manuals_v1_0 | crosswalk_v1.3 source_site=Pharynx (Including base of tongue, soft palate, and uvula) -> tool_site=Oropharynx (p16-); AJCC7 uses a broader Pharynx chapter; AJCC8 splits pharyngeal sites/HPV-mediated disease. | SURROGATE_AJCC8_FROM_AJCC7_REVIEW_REQUIRED_v1.7: no AJCC8 stage-grouping rule rows were extractable from the uploaded AJCC8 PDF for this site; copied from AJCC7 to avoid blank result pending cancer committee validation."
Oropharynx (p16-),AJCC8,yp,Any,Any,M1,Any,Any,IVC,"source_page=57; extract_method=stage_first; extra_factors/raw_extra=C11.0 Superior wall of; duplicate_source_page=58; duplicate_source_page=62; duplicate_source_page=69 | provenance=auto_extracted_from_uploaded_manuals_v1_0 | crosswalk_v1.3 source_site=Pharynx (Including base of tongue, soft palate, and uvula) -> tool_site=Oropharynx (p16-); AJCC7 uses a broader Pharynx chapter; AJCC8 splits pharyngeal sites/HPV-mediated disease. | SURROGATE_AJCC8_FROM_AJCC7_REVIEW_REQUIRED_v1.7: no AJCC8 stage-grouping rule rows were extractable from the uploaded AJCC8 PDF for this site; copied from AJCC7 to avoid blank result pending cancer committee validation."
Oropharynx (p16-),AJCC8,any,T2,N2,M0,Any,Any,III,"source_page=62; extract_method=stage_carried; duplicate_source_page=69 | provenance=auto_extracted_from_uploaded_manuals_v1_0 | crosswalk_v1.3 source_site=Pharynx (Including base of tongue, soft palate, and uvula) -> tool_site=Oropharynx (p16-); AJCC7 uses a broader Pharynx chapter; AJCC8 splits pharyngeal sites/HPV-mediated disease. | SURROGATE_AJCC8_FROM_AJCC7_REVIEW_REQUIRED_v1.7: no AJCC8 stage-grouping rule rows were extractable from the uploaded AJCC8 PDF for this site; copied from AJCC7 to avoid blank result pending cancer committee validation."
Oropharynx (p16-),AJCC8,any,T2,N1,M0,Any,Any,II,"source_page=62; extract_method=stage_carried; duplicate_source_page=69 | provenance=auto_extracted_from_uploaded_manuals_v1_0 | crosswalk_v1.3 source_site=Pharynx (Including base of tongue, soft palate, and uvula) -> tool_site=Oropharynx (p16-); AJCC7 uses a broader Pharynx chapter; AJCC8 splits pharyngeal sites/HPV-mediated disease. | SURROGATE_AJCC8_FROM_AJCC7_REVIEW_REQUIRED_v1.7: no AJCC8 stage-grouping rule rows were extractable from the uploaded AJCC8 PDF for this site; copied from AJCC7 to avoid blank result pending cancer committee validation."
Oropharynx (p16-),AJCC8,any,T2,N0,M0,Any,Any,II,"source_page=62; extract_method=stage_carried; duplicate_source_page=69 | provenance=auto_extracted_from_uploaded_manuals_v1_0 | crosswalk_v1.3 source_site=Pharynx (Including base of tongue, soft palate, and uvula) -> tool_site=Oropharynx (p16-); AJCC7 uses a broader Pharynx chapter; AJCC8 splits pharyngeal sites/HPV-mediated disease. | SURROGATE_AJCC8_FROM_AJCC7_REVIEW_REQUIRED_v1.7: no AJCC8 stage-grouping rule rows were extractable from the uploaded AJCC8 PDF for this site; copied from AJCC7 to avoid blank result pending cancer committee validation."
Oropharynx (p16-),AJCC8,any,T1,N1,M0,Any,Any,II,"source_page=62; extract_method=stage_first; duplicate_source_page=69 | provenance=auto_extracted_from_uploaded_manuals_v1_0 | crosswalk_v1.3 source_site=Pharynx (Including base of tongue, soft palate, and uvula) -> tool_site=Oropharynx (p16-); AJCC7 uses a broader Pharynx chapter; AJCC8 splits pharyngeal sites/HPV-mediated disease. | SURROGATE_AJCC8_FROM_AJCC7_REVIEW_REQUIRED_v1.7: no AJCC8 stage-grouping rule rows were extractable from the uploaded AJCC8 PDF for this site; copied from AJCC7 to avoid blank result pending cancer committee validation."
Oropharynx (p16-),AJCC8,any,T1,N0,M0,Any,Any,I,"source_page=62; extract_method=stage_first; duplicate_source_page=69 | provenance=auto_extracted_from_uploaded_manuals_v1_0 | crosswalk_v1.3 source_site=Pharynx (Including base of tongue, soft palate, and uvula) -> tool_site=Oropharynx (p16-); AJCC7 uses a broader Pharynx chapter; AJCC8 splits pharyngeal sites/HPV-mediated disease. | SURROGATE_AJCC8_FROM_AJCC7_REVIEW_REQUIRED_v1.7: no AJCC8 stage-grouping rule rows were extractable from the uploaded AJCC8 PDF for this site; copied from AJCC7 to avoid blank result pending cancer committee validation."
Oropharynx (p16-),AJCC8,any,Tis,N0,M0,Any,Any,0,"source_page=62; extract_method=stage_first; duplicate_source_page=69 | provenance=auto_extracted_from_uploaded_manuals_v1_0 | crosswalk_v1.3 source_site=Pharynx (Including base of tongue, soft palate, and uvula) -> tool_site=Oropharynx (p16-); AJCC7 uses a broader Pharynx chapter; AJCC8 splits pharyngeal sites/HPV-mediated disease. | SURROGATE_AJCC8_FROM_AJCC7_REVIEW_REQUIRED_v1.7: no AJCC8 stage-grouping rule rows were extractable from the uploaded AJCC8 PDF for this site; copied from AJCC7 to avoid blank result pending cancer committee validation."
Oropharynx (p16-),AJCC8,yp,T4b,Any,M0,Any,Any,IVB,"source_page=58; extract_method=stage_first; extra_factors/raw_extra=ICD-O-3 HISTOLOGY; duplicate_source_page=62; duplicate_source_page=69 | provenance=auto_extracted_from_uploaded_manuals_v1_0 | crosswalk_v1.3 source_site=Pharynx (Including base of tongue, soft palate, and uvula) -> tool_site=Oropharynx (p16-); AJCC7 uses a broader Pharynx chapter; AJCC8 splits pharyngeal sites/HPV-mediated disease. | SURROGATE_AJCC8_FROM_AJCC7_REVIEW_REQUIRED_v1.7: no AJCC8 stage-grouping rule rows were extractable from the uploaded AJCC8 PDF for this site; copied from AJCC7 to avoid blank result pending cancer committee validation."
Oropharynx (p16-),AJCC8,yp,T4a,N2,M0,Any,Any,IVA,"source_page=58; extract_method=stage_carried; extra_factors/raw_extra=C13.9 | Hypopharynx, NOS; duplicate_source_page=62; duplicate_source_page=69 | provenance=auto_extracted_from_uploaded_manuals_v1_0 | crosswalk_v1.3 source_site=Pharynx (Including base of tongue, soft palate, and uvula) -> tool_site=Oropharynx (p16-); AJCC7 uses a broader Pharynx chapter; AJCC8 splits pharyngeal sites/HPV-mediated disease. | SURROGATE_AJCC8_FROM_AJCC7_REVIEW_REQUIRED_v1.7: no AJCC8 stage-grouping rule rows were extractable from the uploaded AJCC8 PDF for this site; copied from AJCC7 to avoid blank result pending cancer committee validation."
Oropharynx (p16-),AJCC8,yp,T3,N2,M0,Any,Any,IVA,"source_page=58; extract_method=stage_carried; extra_factors/raw_extra=of hypopharynx; duplicate_source_page=62; duplicate_source_page=69 | provenance=auto_extracted_from_uploaded_manuals_v1_0 | crosswalk_v1.3 source_site=Pharynx (Including base of tongue, soft palate, and uvula) -> tool_site=Oropharynx (p16-); AJCC7 uses a broader Pharynx chapter; AJCC8 splits pharyngeal sites/HPV-mediated disease. | SURROGATE_AJCC8_FROM_AJCC7_REVIEW_REQUIRED_v1.7: no AJCC8 stage-grouping rule rows were extractable from the uploaded AJCC8 PDF for this site; copied from AJCC7 to avoid blank result pending cancer committee validation."
Oropharynx (p16-),AJCC8,yp,T2,N2,M0,Any,Any,IVA,"source_page=58; extract_method=stage_carried; extra_factors/raw_extra=C13.8 | Overlapping lesion; duplicate_source_page=62; duplicate_source_page=69 | provenance=auto_extracted_from_uploaded_manuals_v1_0 | crosswalk_v1.3 source_site=Pharynx (Including base of tongue, soft palate, and uvula) -> tool_site=Oropharynx (p16-); AJCC7 uses a broader Pharynx chapter; AJCC8 splits pharyngeal sites/HPV-mediated disease. | SURROGATE_AJCC8_FROM_AJCC7_REVIEW_REQUIRED_v1.7: no AJCC8 stage-grouping rule rows were extractable from the uploaded AJCC8 PDF for this site; copied from AJCC7 to avoid blank result pending cancer committee validation."
Oropharynx (p16-),AJCC8,yp,T1,N2,M0,Any,Any,IVA,"source_page=58; extract_method=stage_carried; extra_factors/raw_extra=hypopharynx; duplicate_source_page=62; duplicate_source_page=69 | provenance=auto_extracted_from_uploaded_manuals_v1_0 | crosswalk_v1.3 source_site=Pharynx (Including base of tongue, soft palate, and uvula) -> tool_site=Oropharynx (p16-); AJCC7 uses a broader Pharynx chapter; AJCC8 splits pharyngeal sites/HPV-mediated disease. | SURROGATE_AJCC8_FROM_AJCC7_REVIEW_REQUIRED_v1.7: no AJCC8 stage-grouping rule rows were extractable from the uploaded AJCC8 PDF for this site; copied from AJCC7 to avoid blank result pending cancer committee validation."
Oropharynx (p16-),AJCC8,yp,T4a,N1,M0,Any,Any,IVA,"source_page=58; extract_method=stage_carried; extra_factors/raw_extra=C13.2 | Posterior wall of; duplicate_source_page=62; duplicate_source_page=69 | provenance=auto_extracted_from_uploaded_manuals_v1_0 | crosswalk_v1.3 source_site=Pharynx (Including base of tongue, soft palate, and uvula) -> tool_site=Oropharynx (p16-); AJCC7 uses a broader Pharynx chapter; AJCC8 splits pharyngeal sites/HPV-mediated disease. | SURROGATE_AJCC8_FROM_AJCC7_REVIEW_REQUIRED_v1.7: no AJCC8 stage-grouping rule rows were extractable from the uploaded AJCC8 PDF for this site; copied from AJCC7 to avoid blank result pending cancer committee validation."
Oropharynx (p16-),AJCC8,yp,T4a,N0,M0,Any,Any,IVA,"source_page=58; extract_method=stage_first; extra_factors/raw_extra=glottic fold; duplicate_source_page=62; duplicate_source_page=69 | provenance=auto_extracted_from_uploaded_manuals_v1_0 | crosswalk_v1.3 source_site=Pharynx (Including base of tongue, soft palate, and uvula) -> tool_site=Oropharynx (p16-); AJCC7 uses a broader Pharynx chapter; AJCC8 splits pharyngeal sites/HPV-mediated disease. | SURROGATE_AJCC8_FROM_AJCC7_REVIEW_REQUIRED_v1.7: no AJCC8 stage-grouping rule rows were extractable from the uploaded AJCC8 PDF for this site; copied from AJCC7 to avoid blank result pending cancer committee validation."
Oropharynx (p16-),AJCC8,yp,T2,N1,M0,Any,Any,III,"source_page=58; extract_method=stage_carried; extra_factors/raw_extra=C13.1 | Hypopharyngeal; duplicate_source_page=62; duplicate_source_page=69 | provenance=auto_extracted_from_uploaded_manuals_v1_0 | crosswalk_v1.3 source_site=Pharynx (Including base of tongue, soft palate, and uvula) -> tool_site=Oropharynx (p16-); AJCC7 uses a broader Pharynx chapter; AJCC8 splits pharyngeal sites/HPV-mediated disease. | SURROGATE_AJCC8_FROM_AJCC7_REVIEW_REQUIRED_v1.7: no AJCC8 stage-grouping rule rows were extractable from the uploaded AJCC8 PDF for this site; copied from AJCC7 to avoid blank result pending cancer committee validation."
Oropharynx (p16-),AJCC8,any,T1,N2,M0,Any,Any,III,"source_page=62; extract_method=stage_first; duplicate_source_page=69 | provenance=auto_extracted_from_uploaded_manuals_v1_0 | crosswalk_v1.3 source_site=Pharynx (Including base of tongue, soft palate, and uvula) -> tool_site=Oropharynx (p16-); AJCC7 uses a broader Pharynx chapter; AJCC8 splits pharyngeal sites/HPV-mediated disease. | SURROGATE_AJCC8_FROM_AJCC7_REVIEW_REQUIRED_v1.7: no AJCC8 stage-grouping rule rows were extractable from the uploaded AJCC8 PDF for this site; copied from AJCC7 to avoid blank result pending cancer committee validation."
Nasopharynx,AJCC8,any,Tis,N0,M0,Any,Any,0,"source_page=62; extract_method=stage_first; duplicate_source_page=69 | provenance=auto_extracted_from_uploaded_manuals_v1_0 | crosswalk_v1.3 source_site=Pharynx (Including base of tongue, soft palate, and uvula) -> tool_site=Nasopharynx; AJCC7 uses a broader Pharynx chapter; AJCC8 splits pharyngeal sites/HPV-mediated disease. | SURROGATE_AJCC8_FROM_AJCC7_REVIEW_REQUIRED_v1.7: no AJCC8 stage-grouping rule rows were extractable from the uploaded AJCC8 PDF for this site; copied from AJCC7 to avoid blank result pending cancer committee validation."
Merkel Cell Carcinoma,AJCC8,any,Any,N1|N1b|N2,M0,Any,Any,IIIB,source_page=331; extract_method=stage_first; extra_factors/raw_extra=ICD-O-3 HISTOLOGY | provenance=auto_extracted_from_uploaded_manuals_v1_0 | crosswalk_v1.3 source_site=Merkel Cell Carcinoma -> tool_site=Merkel Cell Carcinoma | SURROGATE_AJCC8_FROM_AJCC7_REVIEW_REQUIRED_v1.7: no AJCC8 stage-grouping rule rows were extractable from the uploaded AJCC8 PDF for this site; copied from AJCC7 to avoid blank result pending cancer committee validation.
Nasopharynx,AJCC8,yp,T4a,N2,M0,Any,Any,IVA,"source_page=58; extract_method=stage_carried; extra_factors/raw_extra=C13.9 | Hypopharynx, NOS; duplicate_source_page=62; duplicate_source_page=69 | provenance=auto_extracted_from_uploaded_manuals_v1_0 | crosswalk_v1.3 source_site=Pharynx (Including base of tongue, soft palate, and uvula) -> tool_site=Nasopharynx; AJCC7 uses a broader Pharynx chapter; AJCC8 splits pharyngeal sites/HPV-mediated disease. | SURROGATE_AJCC8_FROM_AJCC7_REVIEW_REQUIRED_v1.7: no AJCC8 stage-grouping rule rows were extractable from the uploaded AJCC8 PDF for this site; copied from AJCC7 to avoid blank result pending cancer committee validation."
Merkel Cell Carcinoma,AJCC8,yp,T2|T3,N0,M0,Any,Any,IIB,source_page=335; extract_method=stage_first; extra_factors/raw_extra=the AEIOU features. J Am Acad Dermatol. 2008;58(3): | provenance=auto_extracted_from_uploaded_manuals_v1_0 | crosswalk_v1.3 source_site=Merkel Cell Carcinoma -> tool_site=Merkel Cell Carcinoma | SURROGATE_AJCC8_FROM_AJCC7_REVIEW_REQUIRED_v1.7: no AJCC8 stage-grouping rule rows were extractable from the uploaded AJCC8 PDF for this site; copied from AJCC7 to avoid blank result pending cancer committee validation.
Merkel Cell Carcinoma,AJCC8,yp,T2|T3,N0,M0,Any,Any,IIA,"source_page=335; extract_method=stage_first; extra_factors/raw_extra=4. Heath ML, Jaimes N, Lemos B, et al. Clinical characteris- | provenance=auto_extracted_from_uploaded_manuals_v1_0 | crosswalk_v1.3 source_site=Merkel Cell Carcinoma -> tool_site=Merkel Cell Carcinoma | SURROGATE_AJCC8_FROM_AJCC7_REVIEW_REQUIRED_v1.7: no AJCC8 stage-grouping rule rows were extractable from the uploaded AJCC8 PDF for this site; copied from AJCC7 to avoid blank result pending cancer committee validation."
Merkel Cell Carcinoma,AJCC8,yp,T1,N0,M0,Any,Any,IB,source_page=335; extract_method=stage_first; extra_factors/raw_extra=carcinoma in the United States. J Am Acad Dermatol. | provenance=auto_extracted_from_uploaded_manuals_v1_0 | crosswalk_v1.3 source_site=Merkel Cell Carcinoma -> tool_site=Merkel Cell Carcinoma | SURROGATE_AJCC8_FROM_AJCC7_REVIEW_REQUIRED_v1.7: no AJCC8 stage-grouping rule rows were extractable from the uploaded AJCC8 PDF for this site; copied from AJCC7 to avoid blank result pending cancer committee validation.
Merkel Cell Carcinoma,AJCC8,yp,T1,N0,M0,Any,Any,IA,"source_page=335; extract_method=stage_first; extra_factors/raw_extra=3. Agelli M, Clegg LX. Epidemiology of primary Merkel cell | provenance=auto_extracted_from_uploaded_manuals_v1_0 | crosswalk_v1.3 source_site=Merkel Cell Carcinoma -> tool_site=Merkel Cell Carcinoma | SURROGATE_AJCC8_FROM_AJCC7_REVIEW_REQUIRED_v1.7: no AJCC8 stage-grouping rule rows were extractable from the uploaded AJCC8 PDF for this site; copied from AJCC7 to avoid blank result pending cancer committee validation."
Merkel Cell Carcinoma,AJCC8,yp,Tis,N0,M0,Any,Any,0,source_page=335; extract_method=stage_first; extra_factors/raw_extra=of a polyomavirus in human merkel cell carcinoma. Science. | provenance=auto_extracted_from_uploaded_manuals_v1_0 | crosswalk_v1.3 source_site=Merkel Cell Carcinoma -> tool_site=Merkel Cell Carcinoma | SURROGATE_AJCC8_FROM_AJCC7_REVIEW_REQUIRED_v1.7: no AJCC8 stage-grouping rule rows were extractable from the uploaded AJCC8 PDF for this site; copied from AJCC7 to avoid blank result pending cancer committee validation.
Merkel Cell Carcinoma,AJCC8,any,Any,Any,M1,Any,Any,IV,source_page=331; extract_method=stage_first; extra_factors/raw_extra=CODE RANGES; duplicate_source_page=337; duplicate_source_page=337 | provenance=auto_extracted_from_uploaded_manuals_v1_0 | crosswalk_v1.3 source_site=Merkel Cell Carcinoma -> tool_site=Merkel Cell Carcinoma | SURROGATE_AJCC8_FROM_AJCC7_REVIEW_REQUIRED_v1.7: no AJCC8 stage-grouping rule rows were extractable from the uploaded AJCC8 PDF for this site; copied from AJCC7 to avoid blank result pending cancer committee validation.
Merkel Cell Carcinoma,AJCC8,any,Any,N1a,M0,Any,Any,IIIA,"source_page=331; extract_method=stage_first; extra_factors/raw_extra=C63.2 Scrotum, NOS | provenance=auto_extracted_from_uploaded_manuals_v1_0 | crosswalk_v1.3 source_site=Merkel Cell Carcinoma -> tool_site=Merkel Cell Carcinoma | SURROGATE_AJCC8_FROM_AJCC7_REVIEW_REQUIRED_v1.7: no AJCC8 stage-grouping rule rows were extractable from the uploaded AJCC8 PDF for this site; copied from AJCC7 to avoid blank result pending cancer committee validation."
Merkel Cell Carcinoma,AJCC8,any,T4,N0,M0,Any,Any,IIC,"source_page=331; extract_method=stage_first; extra_factors/raw_extra=C60.9 Penis, NOS; duplicate_source_page=337; duplicate_source_page=337 | provenance=auto_extracted_from_uploaded_manuals_v1_0 | crosswalk_v1.3 source_site=Merkel Cell Carcinoma -> tool_site=Merkel Cell Carcinoma | SURROGATE_AJCC8_FROM_AJCC7_REVIEW_REQUIRED_v1.7: no AJCC8 stage-grouping rule rows were extractable from the uploaded AJCC8 PDF for this site; copied from AJCC7 to avoid blank result pending cancer committee validation."
Merkel Cell Carcinoma,AJCC8,any,T2|T3,N0,M0,Any,Any,IIB,source_page=331; extract_method=stage_first; extra_factors/raw_extra=C60.8 Overlapping lesion; duplicate_source_page=337 | provenance=auto_extracted_from_uploaded_manuals_v1_0 | crosswalk_v1.3 source_site=Merkel Cell Carcinoma -> tool_site=Merkel Cell Carcinoma | SURROGATE_AJCC8_FROM_AJCC7_REVIEW_REQUIRED_v1.7: no AJCC8 stage-grouping rule rows were extractable from the uploaded AJCC8 PDF for this site; copied from AJCC7 to avoid blank result pending cancer committee validation.
Merkel Cell Carcinoma,AJCC8,any,T2|T3,N0,M0,Any,Any,IIA,source_page=331; extract_method=stage_first; extra_factors/raw_extra=C60.2 Body of penis | provenance=auto_extracted_from_uploaded_manuals_v1_0 | crosswalk_v1.3 source_site=Merkel Cell Carcinoma -> tool_site=Merkel Cell Carcinoma | SURROGATE_AJCC8_FROM_AJCC7_REVIEW_REQUIRED_v1.7: no AJCC8 stage-grouping rule rows were extractable from the uploaded AJCC8 PDF for this site; copied from AJCC7 to avoid blank result pending cancer committee validation.
Merkel Cell Carcinoma,AJCC8,any,T1,N0,M0,Any,Any,IB,source_page=331; extract_method=stage_first; extra_factors/raw_extra=C60.0 Prepuce; duplicate_source_page=337 | provenance=auto_extracted_from_uploaded_manuals_v1_0 | crosswalk_v1.3 source_site=Merkel Cell Carcinoma -> tool_site=Merkel Cell Carcinoma | SURROGATE_AJCC8_FROM_AJCC7_REVIEW_REQUIRED_v1.7: no AJCC8 stage-grouping rule rows were extractable from the uploaded AJCC8 PDF for this site; copied from AJCC7 to avoid blank result pending cancer committee validation.
Merkel Cell Carcinoma,AJCC8,any,T1,N0,M0,Any,Any,IA,"source_page=331; extract_method=stage_first; extra_factors/raw_extra=C51.9 Vulva, NOS; duplicate_source_page=337 | provenance=auto_extracted_from_uploaded_manuals_v1_0 | crosswalk_v1.3 source_site=Merkel Cell Carcinoma -> tool_site=Merkel Cell Carcinoma | SURROGATE_AJCC8_FROM_AJCC7_REVIEW_REQUIRED_v1.7: no AJCC8 stage-grouping rule rows were extractable from the uploaded AJCC8 PDF for this site; copied from AJCC7 to avoid blank result pending cancer committee validation."
Merkel Cell Carcinoma,AJCC8,any,Tis,N0,M0,Any,Any,0,source_page=331; extract_method=stage_first; extra_factors/raw_extra=C51.8 Overlapping lesion; duplicate_source_page=337 | provenance=auto_extracted_from_uploaded_manuals_v1_0 | crosswalk_v1.3 source_site=Merkel Cell Carcinoma -> tool_site=Merkel Cell Carcinoma | SURROGATE_AJCC8_FROM_AJCC7_REVIEW_REQUIRED_v1.7: no AJCC8 stage-grouping rule rows were extractable from the uploaded AJCC8 PDF for this site; copied from AJCC7 to avoid blank result pending cancer committee validation.
Melanoma of the Skin,AJCC8,any,T1|T2|T3|T4a,N2c,M0,Any,Any,IV,source_page=358; extract_method=stage_carried | provenance=auto_extracted_from_uploaded_manuals_v1_0 | crosswalk_v1.3 source_site=Melanoma of the Skin -> tool_site=Melanoma of the Skin | SURROGATE_AJCC8_FROM_AJCC7_REVIEW_REQUIRED_v1.7: no AJCC8 stage-grouping rule rows were extractable from the uploaded AJCC8 PDF for this site; copied from AJCC7 to avoid blank result pending cancer committee validation.
Melanoma of the Skin,AJCC8,any,T1|T2|T3|T4b,N2a,M0,Any,Any,IV,source_page=358; extract_method=stage_carried | provenance=auto_extracted_from_uploaded_manuals_v1_0 | crosswalk_v1.3 source_site=Melanoma of the Skin -> tool_site=Melanoma of the Skin | SURROGATE_AJCC8_FROM_AJCC7_REVIEW_REQUIRED_v1.7: no AJCC8 stage-grouping rule rows were extractable from the uploaded AJCC8 PDF for this site; copied from AJCC7 to avoid blank result pending cancer committee validation.
Melanoma of the Skin,AJCC8,any,T4a,N0,M0,Any,Any,IIC,source_page=358; extract_method=tnm_stage; extra_factors/raw_extra=T4b | N0 | M0 | provenance=auto_extracted_from_uploaded_manuals_v1_0 | crosswalk_v1.3 source_site=Melanoma of the Skin -> tool_site=Melanoma of the Skin | SURROGATE_AJCC8_FROM_AJCC7_REVIEW_REQUIRED_v1.7: no AJCC8 stage-grouping rule rows were extractable from the uploaded AJCC8 PDF for this site; copied from AJCC7 to avoid blank result pending cancer committee validation.
Melanoma of the Skin,AJCC8,any,T3a,N0,M0,Any,Any,IIB,source_page=358; extract_method=tnm_stage; extra_factors/raw_extra=T3b | N0 | M0 | provenance=auto_extracted_from_uploaded_manuals_v1_0 | crosswalk_v1.3 source_site=Melanoma of the Skin -> tool_site=Melanoma of the Skin | SURROGATE_AJCC8_FROM_AJCC7_REVIEW_REQUIRED_v1.7: no AJCC8 stage-grouping rule rows were extractable from the uploaded AJCC8 PDF for this site; copied from AJCC7 to avoid blank result pending cancer committee validation.
Melanoma of the Skin,AJCC8,any,T1|T2|T3|T4a,N1b,M0,Any,Any,IB,source_page=352; extract_method=stage_carried | provenance=auto_extracted_from_uploaded_manuals_v1_0 | crosswalk_v1.3 source_site=Melanoma of the Skin -> tool_site=Melanoma of the Skin | SURROGATE_AJCC8_FROM_AJCC7_REVIEW_REQUIRED_v1.7: no AJCC8 stage-grouping rule rows were extractable from the uploaded AJCC8 PDF for this site; copied from AJCC7 to avoid blank result pending cancer committee validation.
Melanoma of the Skin,AJCC8,any,T4a,N0,M0,Any,Any,IB,source_page=352; extract_method=stage_carried; extra_factors/raw_extra=T4a | N0 | M0 | provenance=auto_extracted_from_uploaded_manuals_v1_0 | crosswalk_v1.3 source_site=Melanoma of the Skin -> tool_site=Melanoma of the Skin | SURROGATE_AJCC8_FROM_AJCC7_REVIEW_REQUIRED_v1.7: no AJCC8 stage-grouping rule rows were extractable from the uploaded AJCC8 PDF for this site; copied from AJCC7 to avoid blank result pending cancer committee validation.
Melanoma of the Skin,AJCC8,any,T3a,N0,M0,Any,Any,IB,source_page=352; extract_method=stage_carried; extra_factors/raw_extra=T3a | N0 | M0 | provenance=auto_extracted_from_uploaded_manuals_v1_0 | crosswalk_v1.3 source_site=Melanoma of the Skin -> tool_site=Melanoma of the Skin | SURROGATE_AJCC8_FROM_AJCC7_REVIEW_REQUIRED_v1.7: no AJCC8 stage-grouping rule rows were extractable from the uploaded AJCC8 PDF for this site; copied from AJCC7 to avoid blank result pending cancer committee validation.
Melanoma of the Skin,AJCC8,any,Any,Any,M1,Any,Any,IV,source_page=342; extract_method=stage_first; extra_factors/raw_extra=IV | Any T | Any N | M1 | C60.0 Prepuce; duplicate_source_page=358; duplicate_source_page=358 | provenance=auto_extracted_from_uploaded_manuals_v1_0 | crosswalk_v1.3 source_site=Melanoma of the Skin -> tool_site=Melanoma of the Skin | SURROGATE_AJCC8_FROM_AJCC7_REVIEW_REQUIRED_v1.7: no AJCC8 stage-grouping rule rows were extractable from the uploaded AJCC8 PDF for this site; copied from AJCC7 to avoid blank result pending cancer committee validation.
Melanoma of the Skin,AJCC8,any,Any,N3,M0,Any,Any,IIIC,"source_page=342; extract_method=stage_carried; extra_factors/raw_extra=C51.9 Vulva, NOS; duplicate_source_page=358 | provenance=auto_extracted_from_uploaded_manuals_v1_0 | crosswalk_v1.3 source_site=Melanoma of the Skin -> tool_site=Melanoma of the Skin | SURROGATE_AJCC8_FROM_AJCC7_REVIEW_REQUIRED_v1.7: no AJCC8 stage-grouping rule rows were extractable from the uploaded AJCC8 PDF for this site; copied from AJCC7 to avoid blank result pending cancer committee validation."
Melanoma of the Skin,AJCC8,any,T1|T2|T3|T4b,N2c,M0,Any,Any,IIIC,source_page=342; extract_method=stage_carried; extra_factors/raw_extra=of vulva; duplicate_source_page=358 | provenance=auto_extracted_from_uploaded_manuals_v1_0 | crosswalk_v1.3 source_site=Melanoma of the Skin -> tool_site=Melanoma of the Skin | SURROGATE_AJCC8_FROM_AJCC7_REVIEW_REQUIRED_v1.7: no AJCC8 stage-grouping rule rows were extractable from the uploaded AJCC8 PDF for this site; copied from AJCC7 to avoid blank result pending cancer committee validation.
Melanoma of the Skin,AJCC8,any,T1|T2|T3|T4b,N2b,M0,Any,Any,IIIC,source_page=342; extract_method=stage_carried; extra_factors/raw_extra=C51.8 Overlapping lesion; duplicate_source_page=358 | provenance=auto_extracted_from_uploaded_manuals_v1_0 | crosswalk_v1.3 source_site=Melanoma of the Skin -> tool_site=Melanoma of the Skin | SURROGATE_AJCC8_FROM_AJCC7_REVIEW_REQUIRED_v1.7: no AJCC8 stage-grouping rule rows were extractable from the uploaded AJCC8 PDF for this site; copied from AJCC7 to avoid blank result pending cancer committee validation.
Soft Tissue Sarcoma of the Abdomen and Thoracic Visceral Organs,AJCC8,yp,T1b,N0,M0,Any,Any,IIA,"source_page=307; extract_method=stage_carried; extra_factors/raw_extra=G2, G3 | C38.8 Overlapping lesion; duplicate_source_page=311 | provenance=auto_extracted_from_uploaded_manuals_v1_0 | crosswalk_v1.3 source_site=Soft Tissue Sarcoma -> tool_site=Soft Tissue Sarcoma of the Abdomen and Thoracic Visceral Organs; AJCC7 has one broader Soft Tissue Sarcoma chapter; AJCC8 splits by anatomic site. | SURROGATE_AJCC8_FROM_AJCC7_REVIEW_REQUIRED_v1.7: no AJCC8 stage-grouping rule rows were extractable from the uploaded AJCC8 PDF for this site; copied from AJCC7 to avoid blank result pending cancer committee validation."
Melanoma of the Skin,AJCC8,any,T1|T2|T3|T4b,N1b,M0,Any,Any,IIIC,source_page=342; extract_method=stage_first; extra_factors/raw_extra=C51.2 Clitoris; duplicate_source_page=352; duplicate_source_page=358 | provenance=auto_extracted_from_uploaded_manuals_v1_0 | crosswalk_v1.3 source_site=Melanoma of the Skin -> tool_site=Melanoma of the Skin | SURROGATE_AJCC8_FROM_AJCC7_REVIEW_REQUIRED_v1.7: no AJCC8 stage-grouping rule rows were extractable from the uploaded AJCC8 PDF for this site; copied from AJCC7 to avoid blank result pending cancer committee validation.
Melanoma of the Skin,AJCC8,any,T1|T2|T3|T4a,N2c,M0,Any,Any,IIIB,source_page=342; extract_method=stage_carried; extra_factors/raw_extra=C51.1 Labium minus | provenance=auto_extracted_from_uploaded_manuals_v1_0 | crosswalk_v1.3 source_site=Melanoma of the Skin -> tool_site=Melanoma of the Skin | SURROGATE_AJCC8_FROM_AJCC7_REVIEW_REQUIRED_v1.7: no AJCC8 stage-grouping rule rows were extractable from the uploaded AJCC8 PDF for this site; copied from AJCC7 to avoid blank result pending cancer committee validation.
Merkel Cell Carcinoma,AJCC8,yp,T4,N0,M0,Any,Any,IIC,source_page=335; extract_method=stage_first; extra_factors/raw_extra=375-81. | provenance=auto_extracted_from_uploaded_manuals_v1_0 | crosswalk_v1.3 source_site=Merkel Cell Carcinoma -> tool_site=Merkel Cell Carcinoma | SURROGATE_AJCC8_FROM_AJCC7_REVIEW_REQUIRED_v1.7: no AJCC8 stage-grouping rule rows were extractable from the uploaded AJCC8 PDF for this site; copied from AJCC7 to avoid blank result pending cancer committee validation.
Nasopharynx,AJCC8,yp,T4b,Any,M0,Any,Any,IVB,"source_page=58; extract_method=stage_first; extra_factors/raw_extra=ICD-O-3 HISTOLOGY; duplicate_source_page=62; duplicate_source_page=69 | provenance=auto_extracted_from_uploaded_manuals_v1_0 | crosswalk_v1.3 source_site=Pharynx (Including base of tongue, soft palate, and uvula) -> tool_site=Nasopharynx; AJCC7 uses a broader Pharynx chapter; AJCC8 splits pharyngeal sites/HPV-mediated disease. | SURROGATE_AJCC8_FROM_AJCC7_REVIEW_REQUIRED_v1.7: no AJCC8 stage-grouping rule rows were extractable from the uploaded AJCC8 PDF for this site; copied from AJCC7 to avoid blank result pending cancer committee validation."
Merkel Cell Carcinoma,AJCC8,yp,Any,N1a,M0,Any,Any,IIIA,source_page=335; extract_method=stage_first; extra_factors/raw_extra=Merkel cell carcinoma in organ-transplant recipients: report | provenance=auto_extracted_from_uploaded_manuals_v1_0 | crosswalk_v1.3 source_site=Merkel Cell Carcinoma -> tool_site=Merkel Cell Carcinoma | SURROGATE_AJCC8_FROM_AJCC7_REVIEW_REQUIRED_v1.7: no AJCC8 stage-grouping rule rows were extractable from the uploaded AJCC8 PDF for this site; copied from AJCC7 to avoid blank result pending cancer committee validation.
Merkel Cell Carcinoma,AJCC8,yp,Any,Any,M1,Any,Any,IV,"source_page=335; extract_method=stage_first; extra_factors/raw_extra=6. Penn I, First MR. Merkel’s cell carcinoma in organ recipients: | provenance=auto_extracted_from_uploaded_manuals_v1_0 | crosswalk_v1.3 source_site=Merkel Cell Carcinoma -> tool_site=Merkel Cell Carcinoma | SURROGATE_AJCC8_FROM_AJCC7_REVIEW_REQUIRED_v1.7: no AJCC8 stage-grouping rule rows were extractable from the uploaded AJCC8 PDF for this site; copied from AJCC7 to avoid blank result pending cancer committee validation."
Nasopharynx,AJCC8,yp,T3,N2,M0,Any,Any,IVA,"source_page=58; extract_method=stage_carried; extra_factors/raw_extra=of hypopharynx; duplicate_source_page=62; duplicate_source_page=69 | provenance=auto_extracted_from_uploaded_manuals_v1_0 | crosswalk_v1.3 source_site=Pharynx (Including base of tongue, soft palate, and uvula) -> tool_site=Nasopharynx; AJCC7 uses a broader Pharynx chapter; AJCC8 splits pharyngeal sites/HPV-mediated disease. | SURROGATE_AJCC8_FROM_AJCC7_REVIEW_REQUIRED_v1.7: no AJCC8 stage-grouping rule rows were extractable from the uploaded AJCC8 PDF for this site; copied from AJCC7 to avoid blank result pending cancer committee validation."
Nasopharynx,AJCC8,yp,T2,N2,M0,Any,Any,IVA,"source_page=58; extract_method=stage_carried; extra_factors/raw_extra=C13.8 | Overlapping lesion; duplicate_source_page=62; duplicate_source_page=69 | provenance=auto_extracted_from_uploaded_manuals_v1_0 | crosswalk_v1.3 source_site=Pharynx (Including base of tongue, soft palate, and uvula) -> tool_site=Nasopharynx; AJCC7 uses a broader Pharynx chapter; AJCC8 splits pharyngeal sites/HPV-mediated disease. | SURROGATE_AJCC8_FROM_AJCC7_REVIEW_REQUIRED_v1.7: no AJCC8 stage-grouping rule rows were extractable from the uploaded AJCC8 PDF for this site; copied from AJCC7 to avoid blank result pending cancer committee validation."
Nasopharynx,AJCC8,yp,T1,N2,M0,Any,Any,IVA,"source_page=58; extract_method=stage_carried; extra_factors/raw_extra=hypopharynx; duplicate_source_page=62; duplicate_source_page=69 | provenance=auto_extracted_from_uploaded_manuals_v1_0 | crosswalk_v1.3 source_site=Pharynx (Including base of tongue, soft palate, and uvula) -> tool_site=Nasopharynx; AJCC7 uses a broader Pharynx chapter; AJCC8 splits pharyngeal sites/HPV-mediated disease. | SURROGATE_AJCC8_FROM_AJCC7_REVIEW_REQUIRED_v1.7: no AJCC8 stage-grouping rule rows were extractable from the uploaded AJCC8 PDF for this site; copied from AJCC7 to avoid blank result pending cancer committee validation."
Nasopharynx,AJCC8,yp,T4a,N1,M0,Any,Any,IVA,"source_page=58; extract_method=stage_carried; extra_factors/raw_extra=C13.2 | Posterior wall of; duplicate_source_page=62; duplicate_source_page=69 | provenance=auto_extracted_from_uploaded_manuals_v1_0 | crosswalk_v1.3 source_site=Pharynx (Including base of tongue, soft palate, and uvula) -> tool_site=Nasopharynx; AJCC7 uses a broader Pharynx chapter; AJCC8 splits pharyngeal sites/HPV-mediated disease. | SURROGATE_AJCC8_FROM_AJCC7_REVIEW_REQUIRED_v1.7: no AJCC8 stage-grouping rule rows were extractable from the uploaded AJCC8 PDF for this site; copied from AJCC7 to avoid blank result pending cancer committee validation."
Nasopharynx,AJCC8,yp,T4a,N0,M0,Any,Any,IVA,"source_page=58; extract_method=stage_first; extra_factors/raw_extra=glottic fold; duplicate_source_page=62; duplicate_source_page=69 | provenance=auto_extracted_from_uploaded_manuals_v1_0 | crosswalk_v1.3 source_site=Pharynx (Including base of tongue, soft palate, and uvula) -> tool_site=Nasopharynx; AJCC7 uses a broader Pharynx chapter; AJCC8 splits pharyngeal sites/HPV-mediated disease. | SURROGATE_AJCC8_FROM_AJCC7_REVIEW_REQUIRED_v1.7: no AJCC8 stage-grouping rule rows were extractable from the uploaded AJCC8 PDF for this site; copied from AJCC7 to avoid blank result pending cancer committee validation."
Nasopharynx,AJCC8,yp,T2,N1,M0,Any,Any,III,"source_page=58; extract_method=stage_carried; extra_factors/raw_extra=C13.1 | Hypopharyngeal; duplicate_source_page=62; duplicate_source_page=69 | provenance=auto_extracted_from_uploaded_manuals_v1_0 | crosswalk_v1.3 source_site=Pharynx (Including base of tongue, soft palate, and uvula) -> tool_site=Nasopharynx; AJCC7 uses a broader Pharynx chapter; AJCC8 splits pharyngeal sites/HPV-mediated disease. | SURROGATE_AJCC8_FROM_AJCC7_REVIEW_REQUIRED_v1.7: no AJCC8 stage-grouping rule rows were extractable from the uploaded AJCC8 PDF for this site; copied from AJCC7 to avoid blank result pending cancer committee validation."
Nasopharynx,AJCC8,yp,T1,N1,M0,Any,Any,III,"source_page=58; extract_method=stage_carried; extra_factors/raw_extra=C13.0 | Postcricoid region; duplicate_source_page=62; duplicate_source_page=69 | provenance=auto_extracted_from_uploaded_manuals_v1_0 | crosswalk_v1.3 source_site=Pharynx (Including base of tongue, soft palate, and uvula) -> tool_site=Nasopharynx; AJCC7 uses a broader Pharynx chapter; AJCC8 splits pharyngeal sites/HPV-mediated disease. | SURROGATE_AJCC8_FROM_AJCC7_REVIEW_REQUIRED_v1.7: no AJCC8 stage-grouping rule rows were extractable from the uploaded AJCC8 PDF for this site; copied from AJCC7 to avoid blank result pending cancer committee validation."
Nasopharynx,AJCC8,yp,Any,Any,M1,Any,Any,IVC,"source_page=57; extract_method=stage_first; extra_factors/raw_extra=C11.0 Superior wall of; duplicate_source_page=58; duplicate_source_page=62; duplicate_source_page=69 | provenance=auto_extracted_from_uploaded_manuals_v1_0 | crosswalk_v1.3 source_site=Pharynx (Including base of tongue, soft palate, and uvula) -> tool_site=Nasopharynx; AJCC7 uses a broader Pharynx chapter; AJCC8 splits pharyngeal sites/HPV-mediated disease. | SURROGATE_AJCC8_FROM_AJCC7_REVIEW_REQUIRED_v1.7: no AJCC8 stage-grouping rule rows were extractable from the uploaded AJCC8 PDF for this site; copied from AJCC7 to avoid blank result pending cancer committee validation."
Nasopharynx,AJCC8,yp,Any,N3,M0,Any,Any,IVB,"source_page=57; extract_method=stage_first; extra_factors/raw_extra=C10.9 Oropharynx, NOS; duplicate_source_page=58; duplicate_source_page=62; duplicate_source_page=69 | provenance=auto_extracted_from_uploaded_manuals_v1_0 | crosswalk_v1.3 source_site=Pharynx (Including base of tongue, soft palate, and uvula) -> tool_site=Nasopharynx; AJCC7 uses a broader Pharynx chapter; AJCC8 splits pharyngeal sites/HPV-mediated disease. | SURROGATE_AJCC8_FROM_AJCC7_REVIEW_REQUIRED_v1.7: no AJCC8 stage-grouping rule rows were extractable from the uploaded AJCC8 PDF for this site; copied from AJCC7 to avoid blank result pending cancer committee validation."
Nasopharynx,AJCC8,yp,T4,N2,M0,Any,Any,IVA,"source_page=57; extract_method=stage_carried; extra_factors/raw_extra=C10.8 Overlapping lesion | provenance=auto_extracted_from_uploaded_manuals_v1_0 | crosswalk_v1.3 source_site=Pharynx (Including base of tongue, soft palate, and uvula) -> tool_site=Nasopharynx; AJCC7 uses a broader Pharynx chapter; AJCC8 splits pharyngeal sites/HPV-mediated disease. | SURROGATE_AJCC8_FROM_AJCC7_REVIEW_REQUIRED_v1.7: no AJCC8 stage-grouping rule rows were extractable from the uploaded AJCC8 PDF for this site; copied from AJCC7 to avoid blank result pending cancer committee validation."
Nasopharynx,AJCC8,yp,T4,N1,M0,Any,Any,IVA,"source_page=57; extract_method=stage_carried; extra_factors/raw_extra=C10.4 Branchial cleft | provenance=auto_extracted_from_uploaded_manuals_v1_0 | crosswalk_v1.3 source_site=Pharynx (Including base of tongue, soft palate, and uvula) -> tool_site=Nasopharynx; AJCC7 uses a broader Pharynx chapter; AJCC8 splits pharyngeal sites/HPV-mediated disease. | SURROGATE_AJCC8_FROM_AJCC7_REVIEW_REQUIRED_v1.7: no AJCC8 stage-grouping rule rows were extractable from the uploaded AJCC8 PDF for this site; copied from AJCC7 to avoid blank result pending cancer committee validation."
Nasopharynx,AJCC8,yp,T4,N0,M0,Any,Any,IVA,"source_page=57; extract_method=stage_first; extra_factors/raw_extra=wall | provenance=auto_extracted_from_uploaded_manuals_v1_0 | crosswalk_v1.3 source_site=Pharynx (Including base of tongue, soft palate, and uvula) -> tool_site=Nasopharynx; AJCC7 uses a broader Pharynx chapter; AJCC8 splits pharyngeal sites/HPV-mediated disease. | SURROGATE_AJCC8_FROM_AJCC7_REVIEW_REQUIRED_v1.7: no AJCC8 stage-grouping rule rows were extractable from the uploaded AJCC8 PDF for this site; copied from AJCC7 to avoid blank result pending cancer committee validation."
Nasopharynx,AJCC8,yp,T3,N2,M0,Any,Any,III,"source_page=57; extract_method=stage_carried; extra_factors/raw_extra=C10.3 Posterior pharyngeal | provenance=auto_extracted_from_uploaded_manuals_v1_0 | crosswalk_v1.3 source_site=Pharynx (Including base of tongue, soft palate, and uvula) -> tool_site=Nasopharynx; AJCC7 uses a broader Pharynx chapter; AJCC8 splits pharyngeal sites/HPV-mediated disease. | SURROGATE_AJCC8_FROM_AJCC7_REVIEW_REQUIRED_v1.7: no AJCC8 stage-grouping rule rows were extractable from the uploaded AJCC8 PDF for this site; copied from AJCC7 to avoid blank result pending cancer committee validation."
Nasopharynx,AJCC8,yp,T3,N1,M0,Any,Any,III,"source_page=57; extract_method=stage_carried; extra_factors/raw_extra=oropharynx; duplicate_source_page=58; duplicate_source_page=62; duplicate_source_page=69 | provenance=auto_extracted_from_uploaded_manuals_v1_0 | crosswalk_v1.3 source_site=Pharynx (Including base of tongue, soft palate, and uvula) -> tool_site=Nasopharynx; AJCC7 uses a broader Pharynx chapter; AJCC8 splits pharyngeal sites/HPV-mediated disease. | SURROGATE_AJCC8_FROM_AJCC7_REVIEW_REQUIRED_v1.7: no AJCC8 stage-grouping rule rows were extractable from the uploaded AJCC8 PDF for this site; copied from AJCC7 to avoid blank result pending cancer committee validation."
Nasopharynx,AJCC8,yp,T3,N0,M0,Any,Any,III,"source_page=57; extract_method=stage_carried; extra_factors/raw_extra=C10.2 Lateral wall of; duplicate_source_page=58; duplicate_source_page=62; duplicate_source_page=69 | provenance=auto_extracted_from_uploaded_manuals_v1_0 | crosswalk_v1.3 source_site=Pharynx (Including base of tongue, soft palate, and uvula) -> tool_site=Nasopharynx; AJCC7 uses a broader Pharynx chapter; AJCC8 splits pharyngeal sites/HPV-mediated disease. | SURROGATE_AJCC8_FROM_AJCC7_REVIEW_REQUIRED_v1.7: no AJCC8 stage-grouping rule rows were extractable from the uploaded AJCC8 PDF for this site; copied from AJCC7 to avoid blank result pending cancer committee validation."
Nasopharynx,AJCC8,yp,T2,N2,M0,Any,Any,III,"source_page=57; extract_method=stage_carried; extra_factors/raw_extra=C10.0 Vallecula | provenance=auto_extracted_from_uploaded_manuals_v1_0 | crosswalk_v1.3 source_site=Pharynx (Including base of tongue, soft palate, and uvula) -> tool_site=Nasopharynx; AJCC7 uses a broader Pharynx chapter; AJCC8 splits pharyngeal sites/HPV-mediated disease. | SURROGATE_AJCC8_FROM_AJCC7_REVIEW_REQUIRED_v1.7: no AJCC8 stage-grouping rule rows were extractable from the uploaded AJCC8 PDF for this site; copied from AJCC7 to avoid blank result pending cancer committee validation."
Nasopharynx,AJCC8,yp,T1,N2,M0,Any,Any,III,"source_page=57; extract_method=stage_first; extra_factors/raw_extra=C09.9 Tonsil, NOS | provenance=auto_extracted_from_uploaded_manuals_v1_0 | crosswalk_v1.3 source_site=Pharynx (Including base of tongue, soft palate, and uvula) -> tool_site=Nasopharynx; AJCC7 uses a broader Pharynx chapter; AJCC8 splits pharyngeal sites/HPV-mediated disease. | SURROGATE_AJCC8_FROM_AJCC7_REVIEW_REQUIRED_v1.7: no AJCC8 stage-grouping rule rows were extractable from the uploaded AJCC8 PDF for this site; copied from AJCC7 to avoid blank result pending cancer committee validation."
Nasopharynx,AJCC8,yp,T2,N1,M0,Any,Any,II,"source_page=57; extract_method=stage_carried; extra_factors/raw_extra=C09.8 Overlapping lesion | provenance=auto_extracted_from_uploaded_manuals_v1_0 | crosswalk_v1.3 source_site=Pharynx (Including base of tongue, soft palate, and uvula) -> tool_site=Nasopharynx; AJCC7 uses a broader Pharynx chapter; AJCC8 splits pharyngeal sites/HPV-mediated disease. | SURROGATE_AJCC8_FROM_AJCC7_REVIEW_REQUIRED_v1.7: no AJCC8 stage-grouping rule rows were extractable from the uploaded AJCC8 PDF for this site; copied from AJCC7 to avoid blank result pending cancer committee validation."
Nasopharynx,AJCC8,yp,T2,N0,M0,Any,Any,II,"source_page=57; extract_method=stage_carried; extra_factors/raw_extra=C09.1 Tonsillar pillar; duplicate_source_page=58; duplicate_source_page=62; duplicate_source_page=69 | provenance=auto_extracted_from_uploaded_manuals_v1_0 | crosswalk_v1.3 source_site=Pharynx (Including base of tongue, soft palate, and uvula) -> tool_site=Nasopharynx; AJCC7 uses a broader Pharynx chapter; AJCC8 splits pharyngeal sites/HPV-mediated disease. | SURROGATE_AJCC8_FROM_AJCC7_REVIEW_REQUIRED_v1.7: no AJCC8 stage-grouping rule rows were extractable from the uploaded AJCC8 PDF for this site; copied from AJCC7 to avoid blank result pending cancer committee validation."
Nasopharynx,AJCC8,yp,T1,N1,M0,Any,Any,II,"source_page=57; extract_method=stage_first; extra_factors/raw_extra=C09.0 Tonsillar fossa | provenance=auto_extracted_from_uploaded_manuals_v1_0 | crosswalk_v1.3 source_site=Pharynx (Including base of tongue, soft palate, and uvula) -> tool_site=Nasopharynx; AJCC7 uses a broader Pharynx chapter; AJCC8 splits pharyngeal sites/HPV-mediated disease. | SURROGATE_AJCC8_FROM_AJCC7_REVIEW_REQUIRED_v1.7: no AJCC8 stage-grouping rule rows were extractable from the uploaded AJCC8 PDF for this site; copied from AJCC7 to avoid blank result pending cancer committee validation."
Nasopharynx,AJCC8,yp,T1,N0,M0,Any,Any,I,"source_page=57; extract_method=stage_first; extra_factors/raw_extra=C05.2 Uvula; duplicate_source_page=58; duplicate_source_page=62; duplicate_source_page=69 | provenance=auto_extracted_from_uploaded_manuals_v1_0 | crosswalk_v1.3 source_site=Pharynx (Including base of tongue, soft palate, and uvula) -> tool_site=Nasopharynx; AJCC7 uses a broader Pharynx chapter; AJCC8 splits pharyngeal sites/HPV-mediated disease. | SURROGATE_AJCC8_FROM_AJCC7_REVIEW_REQUIRED_v1.7: no AJCC8 stage-grouping rule rows were extractable from the uploaded AJCC8 PDF for this site; copied from AJCC7 to avoid blank result pending cancer committee validation."
Nasopharynx,AJCC8,yp,Tis,N0,M0,Any,Any,0,"source_page=57; extract_method=stage_first; extra_factors/raw_extra=C02.4 Lingual tonsil; duplicate_source_page=58; duplicate_source_page=62; duplicate_source_page=69 | provenance=auto_extracted_from_uploaded_manuals_v1_0 | crosswalk_v1.3 source_site=Pharynx (Including base of tongue, soft palate, and uvula) -> tool_site=Nasopharynx; AJCC7 uses a broader Pharynx chapter; AJCC8 splits pharyngeal sites/HPV-mediated disease. | SURROGATE_AJCC8_FROM_AJCC7_REVIEW_REQUIRED_v1.7: no AJCC8 stage-grouping rule rows were extractable from the uploaded AJCC8 PDF for this site; copied from AJCC7 to avoid blank result pending cancer committee validation."
Mucosal Melanoma of the Head and Neck,AJCC8,any,Any,Any,M1,Any,Any,IVC,source_page=113; extract_method=stage_first; extra_factors/raw_extra=(see Chapters 3-6); duplicate_source_page=114; duplicate_source_page=115 | provenance=auto_extracted_from_uploaded_manuals_v1_0 | crosswalk_v1.3 source_site=Mucosal Melanoma of the Head and Neck -> tool_site=Mucosal Melanoma of the Head and Neck | SURROGATE_AJCC8_FROM_AJCC7_REVIEW_REQUIRED_v1.7: no AJCC8 stage-grouping rule rows were extractable from the uploaded AJCC8 PDF for this site; copied from AJCC7 to avoid blank result pending cancer committee validation.
Mucosal Melanoma of the Head and Neck,AJCC8,any,T4b,Any,M0,Any,Any,IVB,source_page=113; extract_method=stage_first; extra_factors/raw_extra=mucosal melanoma; duplicate_source_page=114; duplicate_source_page=115 | provenance=auto_extracted_from_uploaded_manuals_v1_0 | crosswalk_v1.3 source_site=Mucosal Melanoma of the Head and Neck -> tool_site=Mucosal Melanoma of the Head and Neck | SURROGATE_AJCC8_FROM_AJCC7_REVIEW_REQUIRED_v1.7: no AJCC8 stage-grouping rule rows were extractable from the uploaded AJCC8 PDF for this site; copied from AJCC7 to avoid blank result pending cancer committee validation.
Mucosal Melanoma of the Head and Neck,AJCC8,any,T3-T4a,N1,M0,Any,Any,IVA,source_page=113; extract_method=stage_carried; extra_factors/raw_extra=priate anatomic site chapter; duplicate_source_page=114; duplicate_source_page=115 | provenance=auto_extracted_from_uploaded_manuals_v1_0 | crosswalk_v1.3 source_site=Mucosal Melanoma of the Head and Neck -> tool_site=Mucosal Melanoma of the Head and Neck | SURROGATE_AJCC8_FROM_AJCC7_REVIEW_REQUIRED_v1.7: no AJCC8 stage-grouping rule rows were extractable from the uploaded AJCC8 PDF for this site; copied from AJCC7 to avoid blank result pending cancer committee validation.
Mucosal Melanoma of the Head and Neck,AJCC8,any,T4a,N0,M0,Any,Any,IVA,"source_page=113; extract_method=stage_first; extra_factors/raw_extra=of codes, refer to the appro-; duplicate_source_page=114; duplicate_source_page=115 | provenance=auto_extracted_from_uploaded_manuals_v1_0 | crosswalk_v1.3 source_site=Mucosal Melanoma of the Head and Neck -> tool_site=Mucosal Melanoma of the Head and Neck | SURROGATE_AJCC8_FROM_AJCC7_REVIEW_REQUIRED_v1.7: no AJCC8 stage-grouping rule rows were extractable from the uploaded AJCC8 PDF for this site; copied from AJCC7 to avoid blank result pending cancer committee validation."
Mucosal Melanoma of the Head and Neck,AJCC8,any,T3,N0,M0,Any,Any,III,source_page=113; extract_method=stage_first; extra_factors/raw_extra=For a complete description; duplicate_source_page=114; duplicate_source_page=115 | provenance=auto_extracted_from_uploaded_manuals_v1_0 | crosswalk_v1.3 source_site=Mucosal Melanoma of the Head and Neck -> tool_site=Mucosal Melanoma of the Head and Neck | SURROGATE_AJCC8_FROM_AJCC7_REVIEW_REQUIRED_v1.7: no AJCC8 stage-grouping rule rows were extractable from the uploaded AJCC8 PDF for this site; copied from AJCC7 to avoid blank result pending cancer committee validation.
Merkel Cell Carcinoma,AJCC8,yp,Any,N1|N1b|N2,M0,Any,Any,IIIB,source_page=335; extract_method=stage_first | provenance=auto_extracted_from_uploaded_manuals_v1_0 | crosswalk_v1.3 source_site=Merkel Cell Carcinoma -> tool_site=Merkel Cell Carcinoma | SURROGATE_AJCC8_FROM_AJCC7_REVIEW_REQUIRED_v1.7: no AJCC8 stage-grouping rule rows were extractable from the uploaded AJCC8 PDF for this site; copied from AJCC7 to avoid blank result pending cancer committee validation.
Soft Tissue Sarcoma of the Abdomen and Thoracic Visceral Organs,AJCC8,yp,T2a,N0,M0,Any,Any,IIB,"source_page=307; extract_method=stage_first; extra_factors/raw_extra=G2 | of heart, mediasti-; duplicate_source_page=311 | provenance=auto_extracted_from_uploaded_manuals_v1_0 | crosswalk_v1.3 source_site=Soft Tissue Sarcoma -> tool_site=Soft Tissue Sarcoma of the Abdomen and Thoracic Visceral Organs; AJCC7 has one broader Soft Tissue Sarcoma chapter; AJCC8 splits by anatomic site. | SURROGATE_AJCC8_FROM_AJCC7_REVIEW_REQUIRED_v1.7: no AJCC8 stage-grouping rule rows were extractable from the uploaded AJCC8 PDF for this site; copied from AJCC7 to avoid blank result pending cancer committee validation."
Soft Tissue Sarcoma – Unusual Histologies and Sites,AJCC8,yp,T2a,N0,M0,Any,Any,IIB,"source_page=307; extract_method=stage_first; extra_factors/raw_extra=G2 | of heart, mediasti-; duplicate_source_page=311 | provenance=auto_extracted_from_uploaded_manuals_v1_0 | crosswalk_v1.3 source_site=Soft Tissue Sarcoma -> tool_site=Soft Tissue Sarcoma – Unusual Histologies and Sites; AJCC7 has one broader Soft Tissue Sarcoma chapter; AJCC8 splits by anatomic site. | SURROGATE_AJCC8_FROM_AJCC7_REVIEW_REQUIRED_v1.7: no AJCC8 stage-grouping rule rows were extractable from the uploaded AJCC8 PDF for this site; copied from AJCC7 to avoid blank result pending cancer committee validation."
Soft Tissue Sarcoma of the Abdomen and Thoracic Visceral Organs,AJCC8,yp,T2a|T2b,N0,M0,Any,Any,III,source_page=307; extract_method=stage_first; extra_factors/raw_extra=G3 | and autonomic; duplicate_source_page=311 | provenance=auto_extracted_from_uploaded_manuals_v1_0 | crosswalk_v1.3 source_site=Soft Tissue Sarcoma -> tool_site=Soft Tissue Sarcoma of the Abdomen and Thoracic Visceral Organs; AJCC7 has one broader Soft Tissue Sarcoma chapter; AJCC8 splits by anatomic site. | SURROGATE_AJCC8_FROM_AJCC7_REVIEW_REQUIRED_v1.7: no AJCC8 stage-grouping rule rows were extractable from the uploaded AJCC8 PDF for this site; copied from AJCC7 to avoid blank result pending cancer committee validation.
Soft Tissue Sarcoma – Unusual Histologies and Sites,AJCC8,any,T2a,N0,M0,Any,Any,IB,"source_page=313; extract_method=stage_first; extra_factors/raw_extra=G1, GX | IB | T2a | N0 | M0 | G1, GX | provenance=auto_extracted_from_uploaded_manuals_v1_0 | crosswalk_v1.3 source_site=Soft Tissue Sarcoma -> tool_site=Soft Tissue Sarcoma – Unusual Histologies and Sites; AJCC7 has one broader Soft Tissue Sarcoma chapter; AJCC8 splits by anatomic site. | SURROGATE_AJCC8_FROM_AJCC7_REVIEW_REQUIRED_v1.7: no AJCC8 stage-grouping rule rows were extractable from the uploaded AJCC8 PDF for this site; copied from AJCC7 to avoid blank result pending cancer committee validation."
Soft Tissue Sarcoma – Unusual Histologies and Sites,AJCC8,any,T1b,N0,M0,Any,Any,IA,"source_page=313; extract_method=stage_carried; extra_factors/raw_extra=G1, GX | T1b | N0 | M0 | G1, GX | provenance=auto_extracted_from_uploaded_manuals_v1_0 | crosswalk_v1.3 source_site=Soft Tissue Sarcoma -> tool_site=Soft Tissue Sarcoma – Unusual Histologies and Sites; AJCC7 has one broader Soft Tissue Sarcoma chapter; AJCC8 splits by anatomic site. | SURROGATE_AJCC8_FROM_AJCC7_REVIEW_REQUIRED_v1.7: no AJCC8 stage-grouping rule rows were extractable from the uploaded AJCC8 PDF for this site; copied from AJCC7 to avoid blank result pending cancer committee validation."
Soft Tissue Sarcoma – Unusual Histologies and Sites,AJCC8,any,T1a,N0,M0,Any,Any,IA,"source_page=313; extract_method=stage_first; extra_factors/raw_extra=G1, GX | IA | T1a | N0 | M0 | G1, GX | provenance=auto_extracted_from_uploaded_manuals_v1_0 | crosswalk_v1.3 source_site=Soft Tissue Sarcoma -> tool_site=Soft Tissue Sarcoma – Unusual Histologies and Sites; AJCC7 has one broader Soft Tissue Sarcoma chapter; AJCC8 splits by anatomic site. | SURROGATE_AJCC8_FROM_AJCC7_REVIEW_REQUIRED_v1.7: no AJCC8 stage-grouping rule rows were extractable from the uploaded AJCC8 PDF for this site; copied from AJCC7 to avoid blank result pending cancer committee validation."
Soft Tissue Sarcoma – Unusual Histologies and Sites,AJCC8,yp,Any,Any,M1,Any,Any,IV,"source_page=307; extract_method=stage_first; extra_factors/raw_extra=Any G | head, face, and neck; duplicate_source_page=311 | provenance=auto_extracted_from_uploaded_manuals_v1_0 | crosswalk_v1.3 source_site=Soft Tissue Sarcoma -> tool_site=Soft Tissue Sarcoma – Unusual Histologies and Sites; AJCC7 has one broader Soft Tissue Sarcoma chapter; AJCC8 splits by anatomic site. | SURROGATE_AJCC8_FROM_AJCC7_REVIEW_REQUIRED_v1.7: no AJCC8 stage-grouping rule rows were extractable from the uploaded AJCC8 PDF for this site; copied from AJCC7 to avoid blank result pending cancer committee validation."
Soft Tissue Sarcoma – Unusual Histologies and Sites,AJCC8,yp,Any,N1,M0,Any,Any,III,source_page=307; extract_method=stage_carried; extra_factors/raw_extra=Any G | nervous system of; duplicate_source_page=311 | provenance=auto_extracted_from_uploaded_manuals_v1_0 | crosswalk_v1.3 source_site=Soft Tissue Sarcoma -> tool_site=Soft Tissue Sarcoma – Unusual Histologies and Sites; AJCC7 has one broader Soft Tissue Sarcoma chapter; AJCC8 splits by anatomic site. | SURROGATE_AJCC8_FROM_AJCC7_REVIEW_REQUIRED_v1.7: no AJCC8 stage-grouping rule rows were extractable from the uploaded AJCC8 PDF for this site; copied from AJCC7 to avoid blank result pending cancer committee validation.
Soft Tissue Sarcoma – Unusual Histologies and Sites,AJCC8,yp,T2a|T2b,N0,M0,Any,Any,III,source_page=307; extract_method=stage_first; extra_factors/raw_extra=G3 | and autonomic; duplicate_source_page=311 | provenance=auto_extracted_from_uploaded_manuals_v1_0 | crosswalk_v1.3 source_site=Soft Tissue Sarcoma -> tool_site=Soft Tissue Sarcoma – Unusual Histologies and Sites; AJCC7 has one broader Soft Tissue Sarcoma chapter; AJCC8 splits by anatomic site. | SURROGATE_AJCC8_FROM_AJCC7_REVIEW_REQUIRED_v1.7: no AJCC8 stage-grouping rule rows were extractable from the uploaded AJCC8 PDF for this site; copied from AJCC7 to avoid blank result pending cancer committee validation.
Soft Tissue Sarcoma – Unusual Histologies and Sites,AJCC8,yp,T2b,N0,M0,Any,Any,IIB,"source_page=307; extract_method=stage_carried; extra_factors/raw_extra=G2 | num, and pleura; duplicate_source_page=311 | provenance=auto_extracted_from_uploaded_manuals_v1_0 | crosswalk_v1.3 source_site=Soft Tissue Sarcoma -> tool_site=Soft Tissue Sarcoma – Unusual Histologies and Sites; AJCC7 has one broader Soft Tissue Sarcoma chapter; AJCC8 splits by anatomic site. | SURROGATE_AJCC8_FROM_AJCC7_REVIEW_REQUIRED_v1.7: no AJCC8 stage-grouping rule rows were extractable from the uploaded AJCC8 PDF for this site; copied from AJCC7 to avoid blank result pending cancer committee validation."
Soft Tissue Sarcoma – Unusual Histologies and Sites,AJCC8,yp,T1b,N0,M0,Any,Any,IIA,"source_page=307; extract_method=stage_carried; extra_factors/raw_extra=G2, G3 | C38.8 Overlapping lesion; duplicate_source_page=311 | provenance=auto_extracted_from_uploaded_manuals_v1_0 | crosswalk_v1.3 source_site=Soft Tissue Sarcoma -> tool_site=Soft Tissue Sarcoma – Unusual Histologies and Sites; AJCC7 has one broader Soft Tissue Sarcoma chapter; AJCC8 splits by anatomic site. | SURROGATE_AJCC8_FROM_AJCC7_REVIEW_REQUIRED_v1.7: no AJCC8 stage-grouping rule rows were extractable from the uploaded AJCC8 PDF for this site; copied from AJCC7 to avoid blank result pending cancer committee validation."
Soft Tissue Sarcoma – Unusual Histologies and Sites,AJCC8,yp,T1a,N0,M0,Any,Any,IIA,"source_page=307; extract_method=stage_first; extra_factors/raw_extra=G2, G3 | C38.3 Mediastinum, NOS; duplicate_source_page=311 | provenance=auto_extracted_from_uploaded_manuals_v1_0 | crosswalk_v1.3 source_site=Soft Tissue Sarcoma -> tool_site=Soft Tissue Sarcoma – Unusual Histologies and Sites; AJCC7 has one broader Soft Tissue Sarcoma chapter; AJCC8 splits by anatomic site. | SURROGATE_AJCC8_FROM_AJCC7_REVIEW_REQUIRED_v1.7: no AJCC8 stage-grouping rule rows were extractable from the uploaded AJCC8 PDF for this site; copied from AJCC7 to avoid blank result pending cancer committee validation."
Soft Tissue Sarcoma – Unusual Histologies and Sites,AJCC8,yp,T2b,N0,M0,Any,Any,IB,"source_page=307; extract_method=stage_carried; extra_factors/raw_extra=G1, GX | C38.2 Posterior; duplicate_source_page=311 | provenance=auto_extracted_from_uploaded_manuals_v1_0 | crosswalk_v1.3 source_site=Soft Tissue Sarcoma -> tool_site=Soft Tissue Sarcoma – Unusual Histologies and Sites; AJCC7 has one broader Soft Tissue Sarcoma chapter; AJCC8 splits by anatomic site. | SURROGATE_AJCC8_FROM_AJCC7_REVIEW_REQUIRED_v1.7: no AJCC8 stage-grouping rule rows were extractable from the uploaded AJCC8 PDF for this site; copied from AJCC7 to avoid blank result pending cancer committee validation."
Soft Tissue Sarcoma – Unusual Histologies and Sites,AJCC8,yp,T2a,N0,M0,Any,Any,IB,"source_page=307; extract_method=stage_first; extra_factors/raw_extra=G1, GX | mediastinum; duplicate_source_page=311 | provenance=auto_extracted_from_uploaded_manuals_v1_0 | crosswalk_v1.3 source_site=Soft Tissue Sarcoma -> tool_site=Soft Tissue Sarcoma – Unusual Histologies and Sites; AJCC7 has one broader Soft Tissue Sarcoma chapter; AJCC8 splits by anatomic site. | SURROGATE_AJCC8_FROM_AJCC7_REVIEW_REQUIRED_v1.7: no AJCC8 stage-grouping rule rows were extractable from the uploaded AJCC8 PDF for this site; copied from AJCC7 to avoid blank result pending cancer committee validation."
Soft Tissue Sarcoma – Unusual Histologies and Sites,AJCC8,yp,T1b,N0,M0,Any,Any,IA,"source_page=307; extract_method=stage_carried; extra_factors/raw_extra=G1, GX | C38.1 Anterior; duplicate_source_page=311 | provenance=auto_extracted_from_uploaded_manuals_v1_0 | crosswalk_v1.3 source_site=Soft Tissue Sarcoma -> tool_site=Soft Tissue Sarcoma – Unusual Histologies and Sites; AJCC7 has one broader Soft Tissue Sarcoma chapter; AJCC8 splits by anatomic site. | SURROGATE_AJCC8_FROM_AJCC7_REVIEW_REQUIRED_v1.7: no AJCC8 stage-grouping rule rows were extractable from the uploaded AJCC8 PDF for this site; copied from AJCC7 to avoid blank result pending cancer committee validation."
Soft Tissue Sarcoma – Unusual Histologies and Sites,AJCC8,any,T2b,N0,M0,Any,Any,IB,"source_page=313; extract_method=stage_carried; extra_factors/raw_extra=G1, GX | T2b | N0 | M0 | G1, GX | provenance=auto_extracted_from_uploaded_manuals_v1_0 | crosswalk_v1.3 source_site=Soft Tissue Sarcoma -> tool_site=Soft Tissue Sarcoma – Unusual Histologies and Sites; AJCC7 has one broader Soft Tissue Sarcoma chapter; AJCC8 splits by anatomic site. | SURROGATE_AJCC8_FROM_AJCC7_REVIEW_REQUIRED_v1.7: no AJCC8 stage-grouping rule rows were extractable from the uploaded AJCC8 PDF for this site; copied from AJCC7 to avoid blank result pending cancer committee validation."
Soft Tissue Sarcoma – Unusual Histologies and Sites,AJCC8,yp,T1a,N0,M0,Any,Any,IA,"source_page=307; extract_method=stage_first; extra_factors/raw_extra=G1, GX | C38.0 Heart; duplicate_source_page=311 | provenance=auto_extracted_from_uploaded_manuals_v1_0 | crosswalk_v1.3 source_site=Soft Tissue Sarcoma -> tool_site=Soft Tissue Sarcoma – Unusual Histologies and Sites; AJCC7 has one broader Soft Tissue Sarcoma chapter; AJCC8 splits by anatomic site. | SURROGATE_AJCC8_FROM_AJCC7_REVIEW_REQUIRED_v1.7: no AJCC8 stage-grouping rule rows were extractable from the uploaded AJCC8 PDF for this site; copied from AJCC7 to avoid blank result pending cancer committee validation."
Soft Tissue Sarcoma of the Trunk and Extremities,AJCC8,any,Any,N1,M0,Any,Any,IIB,source_page=313; extract_method=stage_carried; extra_factors/raw_extra=Any G | Any T N1 | M0 | Any G | provenance=auto_extracted_from_uploaded_manuals_v1_0 | crosswalk_v1.3 source_site=Soft Tissue Sarcoma -> tool_site=Soft Tissue Sarcoma of the Trunk and Extremities; AJCC7 has one broader Soft Tissue Sarcoma chapter; AJCC8 splits by anatomic site. | SURROGATE_AJCC8_FROM_AJCC7_REVIEW_REQUIRED_v1.7: no AJCC8 stage-grouping rule rows were extractable from the uploaded AJCC8 PDF for this site; copied from AJCC7 to avoid blank result pending cancer committee validation.
Soft Tissue Sarcoma of the Trunk and Extremities,AJCC8,any,T2b,N0,M0,Any,Any,IIB,source_page=313; extract_method=stage_carried; extra_factors/raw_extra=G2 | T2b | N0 | M0 | G2 | provenance=auto_extracted_from_uploaded_manuals_v1_0 | crosswalk_v1.3 source_site=Soft Tissue Sarcoma -> tool_site=Soft Tissue Sarcoma of the Trunk and Extremities; AJCC7 has one broader Soft Tissue Sarcoma chapter; AJCC8 splits by anatomic site. | SURROGATE_AJCC8_FROM_AJCC7_REVIEW_REQUIRED_v1.7: no AJCC8 stage-grouping rule rows were extractable from the uploaded AJCC8 PDF for this site; copied from AJCC7 to avoid blank result pending cancer committee validation.
Soft Tissue Sarcoma of the Trunk and Extremities,AJCC8,any,T2a,N0,M0,Any,Any,IIB,source_page=313; extract_method=stage_first; extra_factors/raw_extra=G2 | IIB | T2a | N0 | M0 | G2 | provenance=auto_extracted_from_uploaded_manuals_v1_0 | crosswalk_v1.3 source_site=Soft Tissue Sarcoma -> tool_site=Soft Tissue Sarcoma of the Trunk and Extremities; AJCC7 has one broader Soft Tissue Sarcoma chapter; AJCC8 splits by anatomic site. | SURROGATE_AJCC8_FROM_AJCC7_REVIEW_REQUIRED_v1.7: no AJCC8 stage-grouping rule rows were extractable from the uploaded AJCC8 PDF for this site; copied from AJCC7 to avoid blank result pending cancer committee validation.
Soft Tissue Sarcoma of the Trunk and Extremities,AJCC8,any,T1b,N0,M0,Any,Any,IIA,"source_page=313; extract_method=stage_carried; extra_factors/raw_extra=G2, G3 | T1b | N0 | M0 | G2, G3 | provenance=auto_extracted_from_uploaded_manuals_v1_0 | crosswalk_v1.3 source_site=Soft Tissue Sarcoma -> tool_site=Soft Tissue Sarcoma of the Trunk and Extremities; AJCC7 has one broader Soft Tissue Sarcoma chapter; AJCC8 splits by anatomic site. | SURROGATE_AJCC8_FROM_AJCC7_REVIEW_REQUIRED_v1.7: no AJCC8 stage-grouping rule rows were extractable from the uploaded AJCC8 PDF for this site; copied from AJCC7 to avoid blank result pending cancer committee validation."
Soft Tissue Sarcoma of the Trunk and Extremities,AJCC8,any,T1a,N0,M0,Any,Any,IIA,"source_page=313; extract_method=stage_first; extra_factors/raw_extra=G2, G3 | IIA | T1a | N0 | M0 | G2, G3 | provenance=auto_extracted_from_uploaded_manuals_v1_0 | crosswalk_v1.3 source_site=Soft Tissue Sarcoma -> tool_site=Soft Tissue Sarcoma of the Trunk and Extremities; AJCC7 has one broader Soft Tissue Sarcoma chapter; AJCC8 splits by anatomic site. | SURROGATE_AJCC8_FROM_AJCC7_REVIEW_REQUIRED_v1.7: no AJCC8 stage-grouping rule rows were extractable from the uploaded AJCC8 PDF for this site; copied from AJCC7 to avoid blank result pending cancer committee validation."
Soft Tissue Sarcoma of the Trunk and Extremities,AJCC8,any,T2b,N0,M0,Any,Any,IB,"source_page=313; extract_method=stage_carried; extra_factors/raw_extra=G1, GX | T2b | N0 | M0 | G1, GX | provenance=auto_extracted_from_uploaded_manuals_v1_0 | crosswalk_v1.3 source_site=Soft Tissue Sarcoma -> tool_site=Soft Tissue Sarcoma of the Trunk and Extremities; AJCC7 has one broader Soft Tissue Sarcoma chapter; AJCC8 splits by anatomic site. | SURROGATE_AJCC8_FROM_AJCC7_REVIEW_REQUIRED_v1.7: no AJCC8 stage-grouping rule rows were extractable from the uploaded AJCC8 PDF for this site; copied from AJCC7 to avoid blank result pending cancer committee validation."
Soft Tissue Sarcoma of the Trunk and Extremities,AJCC8,any,T2a,N0,M0,Any,Any,IB,"source_page=313; extract_method=stage_first; extra_factors/raw_extra=G1, GX | IB | T2a | N0 | M0 | G1, GX | provenance=auto_extracted_from_uploaded_manuals_v1_0 | crosswalk_v1.3 source_site=Soft Tissue Sarcoma -> tool_site=Soft Tissue Sarcoma of the Trunk and Extremities; AJCC7 has one broader Soft Tissue Sarcoma chapter; AJCC8 splits by anatomic site. | SURROGATE_AJCC8_FROM_AJCC7_REVIEW_REQUIRED_v1.7: no AJCC8 stage-grouping rule rows were extractable from the uploaded AJCC8 PDF for this site; copied from AJCC7 to avoid blank result pending cancer committee validation."
Soft Tissue Sarcoma of the Trunk and Extremities,AJCC8,any,T1b,N0,M0,Any,Any,IA,"source_page=313; extract_method=stage_carried; extra_factors/raw_extra=G1, GX | T1b | N0 | M0 | G1, GX | provenance=auto_extracted_from_uploaded_manuals_v1_0 | crosswalk_v1.3 source_site=Soft Tissue Sarcoma -> tool_site=Soft Tissue Sarcoma of the Trunk and Extremities; AJCC7 has one broader Soft Tissue Sarcoma chapter; AJCC8 splits by anatomic site. | SURROGATE_AJCC8_FROM_AJCC7_REVIEW_REQUIRED_v1.7: no AJCC8 stage-grouping rule rows were extractable from the uploaded AJCC8 PDF for this site; copied from AJCC7 to avoid blank result pending cancer committee validation."
Soft Tissue Sarcoma of the Trunk and Extremities,AJCC8,any,T1a,N0,M0,Any,Any,IA,"source_page=313; extract_method=stage_first; extra_factors/raw_extra=G1, GX | IA | T1a | N0 | M0 | G1, GX | provenance=auto_extracted_from_uploaded_manuals_v1_0 | crosswalk_v1.3 source_site=Soft Tissue Sarcoma -> tool_site=Soft Tissue Sarcoma of the Trunk and Extremities; AJCC7 has one broader Soft Tissue Sarcoma chapter; AJCC8 splits by anatomic site. | SURROGATE_AJCC8_FROM_AJCC7_REVIEW_REQUIRED_v1.7: no AJCC8 stage-grouping rule rows were extractable from the uploaded AJCC8 PDF for this site; copied from AJCC7 to avoid blank result pending cancer committee validation."
Soft Tissue Sarcoma of the Trunk and Extremities,AJCC8,yp,Any,Any,M1,Any,Any,IV,"source_page=307; extract_method=stage_first; extra_factors/raw_extra=Any G | head, face, and neck; duplicate_source_page=311 | provenance=auto_extracted_from_uploaded_manuals_v1_0 | crosswalk_v1.3 source_site=Soft Tissue Sarcoma -> tool_site=Soft Tissue Sarcoma of the Trunk and Extremities; AJCC7 has one broader Soft Tissue Sarcoma chapter; AJCC8 splits by anatomic site. | SURROGATE_AJCC8_FROM_AJCC7_REVIEW_REQUIRED_v1.7: no AJCC8 stage-grouping rule rows were extractable from the uploaded AJCC8 PDF for this site; copied from AJCC7 to avoid blank result pending cancer committee validation."
Soft Tissue Sarcoma of the Trunk and Extremities,AJCC8,yp,Any,N1,M0,Any,Any,III,source_page=307; extract_method=stage_carried; extra_factors/raw_extra=Any G | nervous system of; duplicate_source_page=311 | provenance=auto_extracted_from_uploaded_manuals_v1_0 | crosswalk_v1.3 source_site=Soft Tissue Sarcoma -> tool_site=Soft Tissue Sarcoma of the Trunk and Extremities; AJCC7 has one broader Soft Tissue Sarcoma chapter; AJCC8 splits by anatomic site. | SURROGATE_AJCC8_FROM_AJCC7_REVIEW_REQUIRED_v1.7: no AJCC8 stage-grouping rule rows were extractable from the uploaded AJCC8 PDF for this site; copied from AJCC7 to avoid blank result pending cancer committee validation.
Soft Tissue Sarcoma of the Trunk and Extremities,AJCC8,yp,T2a|T2b,N0,M0,Any,Any,III,source_page=307; extract_method=stage_first; extra_factors/raw_extra=G3 | and autonomic; duplicate_source_page=311 | provenance=auto_extracted_from_uploaded_manuals_v1_0 | crosswalk_v1.3 source_site=Soft Tissue Sarcoma -> tool_site=Soft Tissue Sarcoma of the Trunk and Extremities; AJCC7 has one broader Soft Tissue Sarcoma chapter; AJCC8 splits by anatomic site. | SURROGATE_AJCC8_FROM_AJCC7_REVIEW_REQUIRED_v1.7: no AJCC8 stage-grouping rule rows were extractable from the uploaded AJCC8 PDF for this site; copied from AJCC7 to avoid blank result pending cancer committee validation.
Soft Tissue Sarcoma of the Trunk and Extremities,AJCC8,any,Any,Any,M1,Any,Any,IV,source_page=313; extract_method=stage_first; extra_factors/raw_extra=Any G | IV | Any T Any N | M1 | Any G | provenance=auto_extracted_from_uploaded_manuals_v1_0 | crosswalk_v1.3 source_site=Soft Tissue Sarcoma -> tool_site=Soft Tissue Sarcoma of the Trunk and Extremities; AJCC7 has one broader Soft Tissue Sarcoma chapter; AJCC8 splits by anatomic site. | SURROGATE_AJCC8_FROM_AJCC7_REVIEW_REQUIRED_v1.7: no AJCC8 stage-grouping rule rows were extractable from the uploaded AJCC8 PDF for this site; copied from AJCC7 to avoid blank result pending cancer committee validation.
Soft Tissue Sarcoma – Unusual Histologies and Sites,AJCC8,any,T1a,N0,M0,Any,Any,IIA,"source_page=313; extract_method=stage_first; extra_factors/raw_extra=G2, G3 | IIA | T1a | N0 | M0 | G2, G3 | provenance=auto_extracted_from_uploaded_manuals_v1_0 | crosswalk_v1.3 source_site=Soft Tissue Sarcoma -> tool_site=Soft Tissue Sarcoma – Unusual Histologies and Sites; AJCC7 has one broader Soft Tissue Sarcoma chapter; AJCC8 splits by anatomic site. | SURROGATE_AJCC8_FROM_AJCC7_REVIEW_REQUIRED_v1.7: no AJCC8 stage-grouping rule rows were extractable from the uploaded AJCC8 PDF for this site; copied from AJCC7 to avoid blank result pending cancer committee validation."
Soft Tissue Sarcoma – Unusual Histologies and Sites,AJCC8,any,T1b,N0,M0,Any,Any,IIA,"source_page=313; extract_method=stage_carried; extra_factors/raw_extra=G2, G3 | T1b | N0 | M0 | G2, G3 | provenance=auto_extracted_from_uploaded_manuals_v1_0 | crosswalk_v1.3 source_site=Soft Tissue Sarcoma -> tool_site=Soft Tissue Sarcoma – Unusual Histologies and Sites; AJCC7 has one broader Soft Tissue Sarcoma chapter; AJCC8 splits by anatomic site. | SURROGATE_AJCC8_FROM_AJCC7_REVIEW_REQUIRED_v1.7: no AJCC8 stage-grouping rule rows were extractable from the uploaded AJCC8 PDF for this site; copied from AJCC7 to avoid blank result pending cancer committee validation."
Soft Tissue Sarcoma – Unusual Histologies and Sites,AJCC8,any,T2a,N0,M0,Any,Any,IIB,source_page=313; extract_method=stage_first; extra_factors/raw_extra=G2 | IIB | T2a | N0 | M0 | G2 | provenance=auto_extracted_from_uploaded_manuals_v1_0 | crosswalk_v1.3 source_site=Soft Tissue Sarcoma -> tool_site=Soft Tissue Sarcoma – Unusual Histologies and Sites; AJCC7 has one broader Soft Tissue Sarcoma chapter; AJCC8 splits by anatomic site. | SURROGATE_AJCC8_FROM_AJCC7_REVIEW_REQUIRED_v1.7: no AJCC8 stage-grouping rule rows were extractable from the uploaded AJCC8 PDF for this site; copied from AJCC7 to avoid blank result pending cancer committee validation.
Vagina,AJCC8,any,T4,Any,M0,Any,Any,IVA,source_page=403; extract_method=stage_first; duplicate_source_page=407 | provenance=auto_extracted_from_uploaded_manuals_v1_0 | crosswalk_v1.3 source_site=Vagina -> tool_site=Vagina | SURROGATE_AJCC8_FROM_AJCC7_REVIEW_REQUIRED_v1.7: no AJCC8 stage-grouping rule rows were extractable from the uploaded AJCC8 PDF for this site; copied from AJCC7 to avoid blank result pending cancer committee validation.
Melanoma of the Skin,AJCC8,any,T1|T2|T3|T4a,N2b,M0,Any,Any,IIIB,source_page=342; extract_method=stage_carried | provenance=auto_extracted_from_uploaded_manuals_v1_0 | crosswalk_v1.3 source_site=Melanoma of the Skin -> tool_site=Melanoma of the Skin | SURROGATE_AJCC8_FROM_AJCC7_REVIEW_REQUIRED_v1.7: no AJCC8 stage-grouping rule rows were extractable from the uploaded AJCC8 PDF for this site; copied from AJCC7 to avoid blank result pending cancer committee validation.
Vagina,AJCC8,any,T3,N0,M0,Any,Any,III,"source_page=403; extract_method=stage_carried; extra_factors/raw_extra=8940-8950, 8980-8981; duplicate_source_page=407 | provenance=auto_extracted_from_uploaded_manuals_v1_0 | crosswalk_v1.3 source_site=Vagina -> tool_site=Vagina | SURROGATE_AJCC8_FROM_AJCC7_REVIEW_REQUIRED_v1.7: no AJCC8 stage-grouping rule rows were extractable from the uploaded AJCC8 PDF for this site; copied from AJCC7 to avoid blank result pending cancer committee validation."
Vagina,AJCC8,any,T1-T3,N1,M0,Any,Any,III,"source_page=403; extract_method=stage_first; extra_factors/raw_extra=8000-8576, 8800-8801,; duplicate_source_page=407 | provenance=auto_extracted_from_uploaded_manuals_v1_0 | crosswalk_v1.3 source_site=Vagina -> tool_site=Vagina | SURROGATE_AJCC8_FROM_AJCC7_REVIEW_REQUIRED_v1.7: no AJCC8 stage-grouping rule rows were extractable from the uploaded AJCC8 PDF for this site; copied from AJCC7 to avoid blank result pending cancer committee validation."
Vagina,AJCC8,any,T2,N0,M0,Any,Any,II,source_page=403; extract_method=stage_first; extra_factors/raw_extra=CODE RANGES; duplicate_source_page=407 | provenance=auto_extracted_from_uploaded_manuals_v1_0 | crosswalk_v1.3 source_site=Vagina -> tool_site=Vagina | SURROGATE_AJCC8_FROM_AJCC7_REVIEW_REQUIRED_v1.7: no AJCC8 stage-grouping rule rows were extractable from the uploaded AJCC8 PDF for this site; copied from AJCC7 to avoid blank result pending cancer committee validation.
Vagina,AJCC8,any,T1,N0,M0,Any,Any,I,source_page=403; extract_method=stage_first; duplicate_source_page=404; duplicate_source_page=407 | provenance=auto_extracted_from_uploaded_manuals_v1_0 | crosswalk_v1.3 source_site=Vagina -> tool_site=Vagina | SURROGATE_AJCC8_FROM_AJCC7_REVIEW_REQUIRED_v1.7: no AJCC8 stage-grouping rule rows were extractable from the uploaded AJCC8 PDF for this site; copied from AJCC7 to avoid blank result pending cancer committee validation.
Vagina,AJCC8,any,Tis,N0,M0,Any,Any,0,"source_page=403; extract_method=stage_first; extra_factors/raw_extra=C52.9 Vagina, NOS; duplicate_source_page=407 | provenance=auto_extracted_from_uploaded_manuals_v1_0 | crosswalk_v1.3 source_site=Vagina -> tool_site=Vagina | SURROGATE_AJCC8_FROM_AJCC7_REVIEW_REQUIRED_v1.7: no AJCC8 stage-grouping rule rows were extractable from the uploaded AJCC8 PDF for this site; copied from AJCC7 to avoid blank result pending cancer committee validation."
Testis,AJCC8,any,AnypT|Tx,Any,M1b,Any,Any,IIIC,source_page=485; extract_method=stage_carried; extra_factors/raw_extra=Any S; duplicate_source_page=492 | provenance=auto_extracted_from_uploaded_manuals_v1_0 | crosswalk_v1.3 source_site=Testis -> tool_site=Testis | SURROGATE_AJCC8_FROM_AJCC7_REVIEW_REQUIRED_v1.7: no AJCC8 stage-grouping rule rows were extractable from the uploaded AJCC8 PDF for this site; copied from AJCC7 to avoid blank result pending cancer committee validation.
Testis,AJCC8,any,AnypT|Tx,Any,M1a,Any,Any,IIIC,source_page=485; extract_method=stage_carried; extra_factors/raw_extra=S3; duplicate_source_page=492 | provenance=auto_extracted_from_uploaded_manuals_v1_0 | crosswalk_v1.3 source_site=Testis -> tool_site=Testis | SURROGATE_AJCC8_FROM_AJCC7_REVIEW_REQUIRED_v1.7: no AJCC8 stage-grouping rule rows were extractable from the uploaded AJCC8 PDF for this site; copied from AJCC7 to avoid blank result pending cancer committee validation.
Testis,AJCC8,any,AnypT|Tx,N1|N2|N3,M0,Any,Any,IIIC,source_page=485; extract_method=stage_first; extra_factors/raw_extra=S3; duplicate_source_page=492 | provenance=auto_extracted_from_uploaded_manuals_v1_0 | crosswalk_v1.3 source_site=Testis -> tool_site=Testis | SURROGATE_AJCC8_FROM_AJCC7_REVIEW_REQUIRED_v1.7: no AJCC8 stage-grouping rule rows were extractable from the uploaded AJCC8 PDF for this site; copied from AJCC7 to avoid blank result pending cancer committee validation.
Testis,AJCC8,any,AnypT|Tx,Any,M1a,Any,Any,IIIB,source_page=485; extract_method=stage_carried; extra_factors/raw_extra=S2; duplicate_source_page=492 | provenance=auto_extracted_from_uploaded_manuals_v1_0 | crosswalk_v1.3 source_site=Testis -> tool_site=Testis | SURROGATE_AJCC8_FROM_AJCC7_REVIEW_REQUIRED_v1.7: no AJCC8 stage-grouping rule rows were extractable from the uploaded AJCC8 PDF for this site; copied from AJCC7 to avoid blank result pending cancer committee validation.
Testis,AJCC8,any,AnypT|Tx,N1|N2|N3,M0,Any,Any,IIIB,source_page=485; extract_method=stage_first; extra_factors/raw_extra=S2; duplicate_source_page=492 | provenance=auto_extracted_from_uploaded_manuals_v1_0 | crosswalk_v1.3 source_site=Testis -> tool_site=Testis | SURROGATE_AJCC8_FROM_AJCC7_REVIEW_REQUIRED_v1.7: no AJCC8 stage-grouping rule rows were extractable from the uploaded AJCC8 PDF for this site; copied from AJCC7 to avoid blank result pending cancer committee validation.
Testis,AJCC8,any,AnypT|Tx,Any,M1a,Any,Any,IIIA,source_page=485; extract_method=stage_first; extra_factors/raw_extra=S0; duplicate_source_page=485; duplicate_source_page=492; duplicate_source_page=492 | provenance=auto_extracted_from_uploaded_manuals_v1_0 | crosswalk_v1.3 source_site=Testis -> tool_site=Testis | SURROGATE_AJCC8_FROM_AJCC7_REVIEW_REQUIRED_v1.7: no AJCC8 stage-grouping rule rows were extractable from the uploaded AJCC8 PDF for this site; copied from AJCC7 to avoid blank result pending cancer committee validation.
Testis,AJCC8,any,AnypT|Tx,Any,M1,Any,Any,III,source_page=485; extract_method=stage_first; extra_factors/raw_extra=SX; duplicate_source_page=492 | provenance=auto_extracted_from_uploaded_manuals_v1_0 | crosswalk_v1.3 source_site=Testis -> tool_site=Testis | SURROGATE_AJCC8_FROM_AJCC7_REVIEW_REQUIRED_v1.7: no AJCC8 stage-grouping rule rows were extractable from the uploaded AJCC8 PDF for this site; copied from AJCC7 to avoid blank result pending cancer committee validation.
Testis,AJCC8,any,AnypT|Tx,N3,M0,Any,Any,IIC,source_page=485; extract_method=stage_first; extra_factors/raw_extra=S0; duplicate_source_page=485; duplicate_source_page=492; duplicate_source_page=492 | provenance=auto_extracted_from_uploaded_manuals_v1_0 | crosswalk_v1.3 source_site=Testis -> tool_site=Testis | SURROGATE_AJCC8_FROM_AJCC7_REVIEW_REQUIRED_v1.7: no AJCC8 stage-grouping rule rows were extractable from the uploaded AJCC8 PDF for this site; copied from AJCC7 to avoid blank result pending cancer committee validation.
Testis,AJCC8,any,AnypT|Tx,N2,M0,Any,Any,IIB,source_page=485; extract_method=stage_first; extra_factors/raw_extra=S0; duplicate_source_page=485; duplicate_source_page=492; duplicate_source_page=492 | provenance=auto_extracted_from_uploaded_manuals_v1_0 | crosswalk_v1.3 source_site=Testis -> tool_site=Testis | SURROGATE_AJCC8_FROM_AJCC7_REVIEW_REQUIRED_v1.7: no AJCC8 stage-grouping rule rows were extractable from the uploaded AJCC8 PDF for this site; copied from AJCC7 to avoid blank result pending cancer committee validation.
Testis,AJCC8,any,AnypT|Tx,N1,M0,Any,Any,IIA,source_page=485; extract_method=stage_first; extra_factors/raw_extra=S0; duplicate_source_page=485; duplicate_source_page=492; duplicate_source_page=492 | provenance=auto_extracted_from_uploaded_manuals_v1_0 | crosswalk_v1.3 source_site=Testis -> tool_site=Testis | SURROGATE_AJCC8_FROM_AJCC7_REVIEW_REQUIRED_v1.7: no AJCC8 stage-grouping rule rows were extractable from the uploaded AJCC8 PDF for this site; copied from AJCC7 to avoid blank result pending cancer committee validation.
Testis,AJCC8,any,AnypT|Tx,N1|N2|N3,M0,Any,Any,II,source_page=485; extract_method=stage_first; extra_factors/raw_extra=SX; duplicate_source_page=488; duplicate_source_page=492 | provenance=auto_extracted_from_uploaded_manuals_v1_0 | crosswalk_v1.3 source_site=Testis -> tool_site=Testis | SURROGATE_AJCC8_FROM_AJCC7_REVIEW_REQUIRED_v1.7: no AJCC8 stage-grouping rule rows were extractable from the uploaded AJCC8 PDF for this site; copied from AJCC7 to avoid blank result pending cancer committee validation.
Testis,AJCC8,any,T4,N0,M0,Any,Any,IB,source_page=485; extract_method=stage_carried; extra_factors/raw_extra=S0; duplicate_source_page=488; duplicate_source_page=492 | provenance=auto_extracted_from_uploaded_manuals_v1_0 | crosswalk_v1.3 source_site=Testis -> tool_site=Testis | SURROGATE_AJCC8_FROM_AJCC7_REVIEW_REQUIRED_v1.7: no AJCC8 stage-grouping rule rows were extractable from the uploaded AJCC8 PDF for this site; copied from AJCC7 to avoid blank result pending cancer committee validation.
Testis,AJCC8,any,T3,N0,M0,Any,Any,IB,source_page=485; extract_method=stage_carried; extra_factors/raw_extra=S0; duplicate_source_page=488; duplicate_source_page=492 | provenance=auto_extracted_from_uploaded_manuals_v1_0 | crosswalk_v1.3 source_site=Testis -> tool_site=Testis | SURROGATE_AJCC8_FROM_AJCC7_REVIEW_REQUIRED_v1.7: no AJCC8 stage-grouping rule rows were extractable from the uploaded AJCC8 PDF for this site; copied from AJCC7 to avoid blank result pending cancer committee validation.
Testis,AJCC8,any,T2,N0,M0,Any,Any,IB,"source_page=485; extract_method=stage_first; extra_factors/raw_extra=S0 | 9060-9090, 9100-9105; duplicate_source_page=488; duplicate_source_page=492 | provenance=auto_extracted_from_uploaded_manuals_v1_0 | crosswalk_v1.3 source_site=Testis -> tool_site=Testis | SURROGATE_AJCC8_FROM_AJCC7_REVIEW_REQUIRED_v1.7: no AJCC8 stage-grouping rule rows were extractable from the uploaded AJCC8 PDF for this site; copied from AJCC7 to avoid blank result pending cancer committee validation."
Testis,AJCC8,any,T1,N0,M0,Any,Any,IA,"source_page=485; extract_method=stage_first; extra_factors/raw_extra=S0 | 8000-8576, 8590-8670,; duplicate_source_page=488; duplicate_source_page=492 | provenance=auto_extracted_from_uploaded_manuals_v1_0 | crosswalk_v1.3 source_site=Testis -> tool_site=Testis | SURROGATE_AJCC8_FROM_AJCC7_REVIEW_REQUIRED_v1.7: no AJCC8 stage-grouping rule rows were extractable from the uploaded AJCC8 PDF for this site; copied from AJCC7 to avoid blank result pending cancer committee validation."
Testis,AJCC8,any,T1|T2|T3|T4,N0,M0,Any,Any,I,source_page=485; extract_method=stage_first; extra_factors/raw_extra=SX | CODE RANGES; duplicate_source_page=488; duplicate_source_page=492 | provenance=auto_extracted_from_uploaded_manuals_v1_0 | crosswalk_v1.3 source_site=Testis -> tool_site=Testis | SURROGATE_AJCC8_FROM_AJCC7_REVIEW_REQUIRED_v1.7: no AJCC8 stage-grouping rule rows were extractable from the uploaded AJCC8 PDF for this site; copied from AJCC7 to avoid blank result pending cancer committee validation.
Testis,AJCC8,any,Tis,N0,M0,Any,Any,0,source_page=485; extract_method=stage_first; extra_factors/raw_extra=S0; duplicate_source_page=488; duplicate_source_page=492 | provenance=auto_extracted_from_uploaded_manuals_v1_0 | crosswalk_v1.3 source_site=Testis -> tool_site=Testis | SURROGATE_AJCC8_FROM_AJCC7_REVIEW_REQUIRED_v1.7: no AJCC8 stage-grouping rule rows were extractable from the uploaded AJCC8 PDF for this site; copied from AJCC7 to avoid blank result pending cancer committee validation.
Soft Tissue Sarcoma – Unusual Histologies and Sites,AJCC8,any,Any,Any,M1,Any,Any,IV,source_page=313; extract_method=stage_first; extra_factors/raw_extra=Any G | IV | Any T Any N | M1 | Any G | provenance=auto_extracted_from_uploaded_manuals_v1_0 | crosswalk_v1.3 source_site=Soft Tissue Sarcoma -> tool_site=Soft Tissue Sarcoma – Unusual Histologies and Sites; AJCC7 has one broader Soft Tissue Sarcoma chapter; AJCC8 splits by anatomic site. | SURROGATE_AJCC8_FROM_AJCC7_REVIEW_REQUIRED_v1.7: no AJCC8 stage-grouping rule rows were extractable from the uploaded AJCC8 PDF for this site; copied from AJCC7 to avoid blank result pending cancer committee validation.
Soft Tissue Sarcoma – Unusual Histologies and Sites,AJCC8,any,Any,N1,M0,Any,Any,IIB,source_page=313; extract_method=stage_carried; extra_factors/raw_extra=Any G | Any T N1 | M0 | Any G | provenance=auto_extracted_from_uploaded_manuals_v1_0 | crosswalk_v1.3 source_site=Soft Tissue Sarcoma -> tool_site=Soft Tissue Sarcoma – Unusual Histologies and Sites; AJCC7 has one broader Soft Tissue Sarcoma chapter; AJCC8 splits by anatomic site. | SURROGATE_AJCC8_FROM_AJCC7_REVIEW_REQUIRED_v1.7: no AJCC8 stage-grouping rule rows were extractable from the uploaded AJCC8 PDF for this site; copied from AJCC7 to avoid blank result pending cancer committee validation.
Soft Tissue Sarcoma – Unusual Histologies and Sites,AJCC8,any,T2b,N0,M0,Any,Any,IIB,source_page=313; extract_method=stage_carried; extra_factors/raw_extra=G2 | T2b | N0 | M0 | G2 | provenance=auto_extracted_from_uploaded_manuals_v1_0 | crosswalk_v1.3 source_site=Soft Tissue Sarcoma -> tool_site=Soft Tissue Sarcoma – Unusual Histologies and Sites; AJCC7 has one broader Soft Tissue Sarcoma chapter; AJCC8 splits by anatomic site. | SURROGATE_AJCC8_FROM_AJCC7_REVIEW_REQUIRED_v1.7: no AJCC8 stage-grouping rule rows were extractable from the uploaded AJCC8 PDF for this site; copied from AJCC7 to avoid blank result pending cancer committee validation.
Soft Tissue Sarcoma of the Trunk and Extremities,AJCC8,yp,T2b,N0,M0,Any,Any,IIB,"source_page=307; extract_method=stage_carried; extra_factors/raw_extra=G2 | num, and pleura; duplicate_source_page=311 | provenance=auto_extracted_from_uploaded_manuals_v1_0 | crosswalk_v1.3 source_site=Soft Tissue Sarcoma -> tool_site=Soft Tissue Sarcoma of the Trunk and Extremities; AJCC7 has one broader Soft Tissue Sarcoma chapter; AJCC8 splits by anatomic site. | SURROGATE_AJCC8_FROM_AJCC7_REVIEW_REQUIRED_v1.7: no AJCC8 stage-grouping rule rows were extractable from the uploaded AJCC8 PDF for this site; copied from AJCC7 to avoid blank result pending cancer committee validation."
Soft Tissue Sarcoma of the Trunk and Extremities,AJCC8,yp,T2a,N0,M0,Any,Any,IIB,"source_page=307; extract_method=stage_first; extra_factors/raw_extra=G2 | of heart, mediasti-; duplicate_source_page=311 | provenance=auto_extracted_from_uploaded_manuals_v1_0 | crosswalk_v1.3 source_site=Soft Tissue Sarcoma -> tool_site=Soft Tissue Sarcoma of the Trunk and Extremities; AJCC7 has one broader Soft Tissue Sarcoma chapter; AJCC8 splits by anatomic site. | SURROGATE_AJCC8_FROM_AJCC7_REVIEW_REQUIRED_v1.7: no AJCC8 stage-grouping rule rows were extractable from the uploaded AJCC8 PDF for this site; copied from AJCC7 to avoid blank result pending cancer committee validation."
Soft Tissue Sarcoma of the Trunk and Extremities,AJCC8,yp,T1b,N0,M0,Any,Any,IIA,"source_page=307; extract_method=stage_carried; extra_factors/raw_extra=G2, G3 | C38.8 Overlapping lesion; duplicate_source_page=311 | provenance=auto_extracted_from_uploaded_manuals_v1_0 | crosswalk_v1.3 source_site=Soft Tissue Sarcoma -> tool_site=Soft Tissue Sarcoma of the Trunk and Extremities; AJCC7 has one broader Soft Tissue Sarcoma chapter; AJCC8 splits by anatomic site. | SURROGATE_AJCC8_FROM_AJCC7_REVIEW_REQUIRED_v1.7: no AJCC8 stage-grouping rule rows were extractable from the uploaded AJCC8 PDF for this site; copied from AJCC7 to avoid blank result pending cancer committee validation."
Soft Tissue Sarcoma of the Trunk and Extremities,AJCC8,yp,T1a,N0,M0,Any,Any,IIA,"source_page=307; extract_method=stage_first; extra_factors/raw_extra=G2, G3 | C38.3 Mediastinum, NOS; duplicate_source_page=311 | provenance=auto_extracted_from_uploaded_manuals_v1_0 | crosswalk_v1.3 source_site=Soft Tissue Sarcoma -> tool_site=Soft Tissue Sarcoma of the Trunk and Extremities; AJCC7 has one broader Soft Tissue Sarcoma chapter; AJCC8 splits by anatomic site. | SURROGATE_AJCC8_FROM_AJCC7_REVIEW_REQUIRED_v1.7: no AJCC8 stage-grouping rule rows were extractable from the uploaded AJCC8 PDF for this site; copied from AJCC7 to avoid blank result pending cancer committee validation."
Soft Tissue Sarcoma of the Head and Neck,AJCC8,any,T2b,N0,M0,Any,Any,IB,"source_page=313; extract_method=stage_carried; extra_factors/raw_extra=G1, GX | T2b | N0 | M0 | G1, GX | provenance=auto_extracted_from_uploaded_manuals_v1_0 | crosswalk_v1.3 source_site=Soft Tissue Sarcoma -> tool_site=Soft Tissue Sarcoma of the Head and Neck; AJCC7 has one broader Soft Tissue Sarcoma chapter; AJCC8 splits by anatomic site. | SURROGATE_AJCC8_FROM_AJCC7_REVIEW_REQUIRED_v1.7: no AJCC8 stage-grouping rule rows were extractable from the uploaded AJCC8 PDF for this site; copied from AJCC7 to avoid blank result pending cancer committee validation."
Soft Tissue Sarcoma of the Head and Neck,AJCC8,any,T2a,N0,M0,Any,Any,IB,"source_page=313; extract_method=stage_first; extra_factors/raw_extra=G1, GX | IB | T2a | N0 | M0 | G1, GX | provenance=auto_extracted_from_uploaded_manuals_v1_0 | crosswalk_v1.3 source_site=Soft Tissue Sarcoma -> tool_site=Soft Tissue Sarcoma of the Head and Neck; AJCC7 has one broader Soft Tissue Sarcoma chapter; AJCC8 splits by anatomic site. | SURROGATE_AJCC8_FROM_AJCC7_REVIEW_REQUIRED_v1.7: no AJCC8 stage-grouping rule rows were extractable from the uploaded AJCC8 PDF for this site; copied from AJCC7 to avoid blank result pending cancer committee validation."
Soft Tissue Sarcoma of the Head and Neck,AJCC8,any,T1b,N0,M0,Any,Any,IA,"source_page=313; extract_method=stage_carried; extra_factors/raw_extra=G1, GX | T1b | N0 | M0 | G1, GX | provenance=auto_extracted_from_uploaded_manuals_v1_0 | crosswalk_v1.3 source_site=Soft Tissue Sarcoma -> tool_site=Soft Tissue Sarcoma of the Head and Neck; AJCC7 has one broader Soft Tissue Sarcoma chapter; AJCC8 splits by anatomic site. | SURROGATE_AJCC8_FROM_AJCC7_REVIEW_REQUIRED_v1.7: no AJCC8 stage-grouping rule rows were extractable from the uploaded AJCC8 PDF for this site; copied from AJCC7 to avoid blank result pending cancer committee validation."
Soft Tissue Sarcoma of the Head and Neck,AJCC8,any,T1a,N0,M0,Any,Any,IA,"source_page=313; extract_method=stage_first; extra_factors/raw_extra=G1, GX | IA | T1a | N0 | M0 | G1, GX | provenance=auto_extracted_from_uploaded_manuals_v1_0 | crosswalk_v1.3 source_site=Soft Tissue Sarcoma -> tool_site=Soft Tissue Sarcoma of the Head and Neck; AJCC7 has one broader Soft Tissue Sarcoma chapter; AJCC8 splits by anatomic site. | SURROGATE_AJCC8_FROM_AJCC7_REVIEW_REQUIRED_v1.7: no AJCC8 stage-grouping rule rows were extractable from the uploaded AJCC8 PDF for this site; copied from AJCC7 to avoid blank result pending cancer committee validation."
Soft Tissue Sarcoma of the Head and Neck,AJCC8,yp,Any,Any,M1,Any,Any,IV,"source_page=307; extract_method=stage_first; extra_factors/raw_extra=Any G | head, face, and neck; duplicate_source_page=311 | provenance=auto_extracted_from_uploaded_manuals_v1_0 | crosswalk_v1.3 source_site=Soft Tissue Sarcoma -> tool_site=Soft Tissue Sarcoma of the Head and Neck; AJCC7 has one broader Soft Tissue Sarcoma chapter; AJCC8 splits by anatomic site. | SURROGATE_AJCC8_FROM_AJCC7_REVIEW_REQUIRED_v1.7: no AJCC8 stage-grouping rule rows were extractable from the uploaded AJCC8 PDF for this site; copied from AJCC7 to avoid blank result pending cancer committee validation."
Soft Tissue Sarcoma of the Head and Neck,AJCC8,yp,Any,N1,M0,Any,Any,III,source_page=307; extract_method=stage_carried; extra_factors/raw_extra=Any G | nervous system of; duplicate_source_page=311 | provenance=auto_extracted_from_uploaded_manuals_v1_0 | crosswalk_v1.3 source_site=Soft Tissue Sarcoma -> tool_site=Soft Tissue Sarcoma of the Head and Neck; AJCC7 has one broader Soft Tissue Sarcoma chapter; AJCC8 splits by anatomic site. | SURROGATE_AJCC8_FROM_AJCC7_REVIEW_REQUIRED_v1.7: no AJCC8 stage-grouping rule rows were extractable from the uploaded AJCC8 PDF for this site; copied from AJCC7 to avoid blank result pending cancer committee validation.
Soft Tissue Sarcoma of the Head and Neck,AJCC8,yp,T2a|T2b,N0,M0,Any,Any,III,source_page=307; extract_method=stage_first; extra_factors/raw_extra=G3 | and autonomic; duplicate_source_page=311 | provenance=auto_extracted_from_uploaded_manuals_v1_0 | crosswalk_v1.3 source_site=Soft Tissue Sarcoma -> tool_site=Soft Tissue Sarcoma of the Head and Neck; AJCC7 has one broader Soft Tissue Sarcoma chapter; AJCC8 splits by anatomic site. | SURROGATE_AJCC8_FROM_AJCC7_REVIEW_REQUIRED_v1.7: no AJCC8 stage-grouping rule rows were extractable from the uploaded AJCC8 PDF for this site; copied from AJCC7 to avoid blank result pending cancer committee validation.
Soft Tissue Sarcoma of the Head and Neck,AJCC8,yp,T2b,N0,M0,Any,Any,IIB,"source_page=307; extract_method=stage_carried; extra_factors/raw_extra=G2 | num, and pleura; duplicate_source_page=311 | provenance=auto_extracted_from_uploaded_manuals_v1_0 | crosswalk_v1.3 source_site=Soft Tissue Sarcoma -> tool_site=Soft Tissue Sarcoma of the Head and Neck; AJCC7 has one broader Soft Tissue Sarcoma chapter; AJCC8 splits by anatomic site. | SURROGATE_AJCC8_FROM_AJCC7_REVIEW_REQUIRED_v1.7: no AJCC8 stage-grouping rule rows were extractable from the uploaded AJCC8 PDF for this site; copied from AJCC7 to avoid blank result pending cancer committee validation."
Soft Tissue Sarcoma of the Head and Neck,AJCC8,yp,T2a,N0,M0,Any,Any,IIB,"source_page=307; extract_method=stage_first; extra_factors/raw_extra=G2 | of heart, mediasti-; duplicate_source_page=311 | provenance=auto_extracted_from_uploaded_manuals_v1_0 | crosswalk_v1.3 source_site=Soft Tissue Sarcoma -> tool_site=Soft Tissue Sarcoma of the Head and Neck; AJCC7 has one broader Soft Tissue Sarcoma chapter; AJCC8 splits by anatomic site. | SURROGATE_AJCC8_FROM_AJCC7_REVIEW_REQUIRED_v1.7: no AJCC8 stage-grouping rule rows were extractable from the uploaded AJCC8 PDF for this site; copied from AJCC7 to avoid blank result pending cancer committee validation."
Soft Tissue Sarcoma of the Head and Neck,AJCC8,yp,T1b,N0,M0,Any,Any,IIA,"source_page=307; extract_method=stage_carried; extra_factors/raw_extra=G2, G3 | C38.8 Overlapping lesion; duplicate_source_page=311 | provenance=auto_extracted_from_uploaded_manuals_v1_0 | crosswalk_v1.3 source_site=Soft Tissue Sarcoma -> tool_site=Soft Tissue Sarcoma of the Head and Neck; AJCC7 has one broader Soft Tissue Sarcoma chapter; AJCC8 splits by anatomic site. | SURROGATE_AJCC8_FROM_AJCC7_REVIEW_REQUIRED_v1.7: no AJCC8 stage-grouping rule rows were extractable from the uploaded AJCC8 PDF for this site; copied from AJCC7 to avoid blank result pending cancer committee validation."
Soft Tissue Sarcoma of the Head and Neck,AJCC8,yp,T1a,N0,M0,Any,Any,IIA,"source_page=307; extract_method=stage_first; extra_factors/raw_extra=G2, G3 | C38.3 Mediastinum, NOS; duplicate_source_page=311 | provenance=auto_extracted_from_uploaded_manuals_v1_0 | crosswalk_v1.3 source_site=Soft Tissue Sarcoma -> tool_site=Soft Tissue Sarcoma of the Head and Neck; AJCC7 has one broader Soft Tissue Sarcoma chapter; AJCC8 splits by anatomic site. | SURROGATE_AJCC8_FROM_AJCC7_REVIEW_REQUIRED_v1.7: no AJCC8 stage-grouping rule rows were extractable from the uploaded AJCC8 PDF for this site; copied from AJCC7 to avoid blank result pending cancer committee validation."
Soft Tissue Sarcoma of the Head and Neck,AJCC8,yp,T2b,N0,M0,Any,Any,IB,"source_page=307; extract_method=stage_carried; extra_factors/raw_extra=G1, GX | C38.2 Posterior; duplicate_source_page=311 | provenance=auto_extracted_from_uploaded_manuals_v1_0 | crosswalk_v1.3 source_site=Soft Tissue Sarcoma -> tool_site=Soft Tissue Sarcoma of the Head and Neck; AJCC7 has one broader Soft Tissue Sarcoma chapter; AJCC8 splits by anatomic site. | SURROGATE_AJCC8_FROM_AJCC7_REVIEW_REQUIRED_v1.7: no AJCC8 stage-grouping rule rows were extractable from the uploaded AJCC8 PDF for this site; copied from AJCC7 to avoid blank result pending cancer committee validation."
Soft Tissue Sarcoma of the Head and Neck,AJCC8,yp,T2a,N0,M0,Any,Any,IB,"source_page=307; extract_method=stage_first; extra_factors/raw_extra=G1, GX | mediastinum; duplicate_source_page=311 | provenance=auto_extracted_from_uploaded_manuals_v1_0 | crosswalk_v1.3 source_site=Soft Tissue Sarcoma -> tool_site=Soft Tissue Sarcoma of the Head and Neck; AJCC7 has one broader Soft Tissue Sarcoma chapter; AJCC8 splits by anatomic site. | SURROGATE_AJCC8_FROM_AJCC7_REVIEW_REQUIRED_v1.7: no AJCC8 stage-grouping rule rows were extractable from the uploaded AJCC8 PDF for this site; copied from AJCC7 to avoid blank result pending cancer committee validation."
Soft Tissue Sarcoma of the Head and Neck,AJCC8,yp,T1b,N0,M0,Any,Any,IA,"source_page=307; extract_method=stage_carried; extra_factors/raw_extra=G1, GX | C38.1 Anterior; duplicate_source_page=311 | provenance=auto_extracted_from_uploaded_manuals_v1_0 | crosswalk_v1.3 source_site=Soft Tissue Sarcoma -> tool_site=Soft Tissue Sarcoma of the Head and Neck; AJCC7 has one broader Soft Tissue Sarcoma chapter; AJCC8 splits by anatomic site. | SURROGATE_AJCC8_FROM_AJCC7_REVIEW_REQUIRED_v1.7: no AJCC8 stage-grouping rule rows were extractable from the uploaded AJCC8 PDF for this site; copied from AJCC7 to avoid blank result pending cancer committee validation."
Soft Tissue Sarcoma of the Head and Neck,AJCC8,yp,T1a,N0,M0,Any,Any,IA,"source_page=307; extract_method=stage_first; extra_factors/raw_extra=G1, GX | C38.0 Heart; duplicate_source_page=311 | provenance=auto_extracted_from_uploaded_manuals_v1_0 | crosswalk_v1.3 source_site=Soft Tissue Sarcoma -> tool_site=Soft Tissue Sarcoma of the Head and Neck; AJCC7 has one broader Soft Tissue Sarcoma chapter; AJCC8 splits by anatomic site. | SURROGATE_AJCC8_FROM_AJCC7_REVIEW_REQUIRED_v1.7: no AJCC8 stage-grouping rule rows were extractable from the uploaded AJCC8 PDF for this site; copied from AJCC7 to avoid blank result pending cancer committee validation."
Soft Tissue Sarcoma of the Abdomen and Thoracic Visceral Organs,AJCC8,any,Any,Any,M1,Any,Any,IV,source_page=313; extract_method=stage_first; extra_factors/raw_extra=Any G | IV | Any T Any N | M1 | Any G | provenance=auto_extracted_from_uploaded_manuals_v1_0 | crosswalk_v1.3 source_site=Soft Tissue Sarcoma -> tool_site=Soft Tissue Sarcoma of the Abdomen and Thoracic Visceral Organs; AJCC7 has one broader Soft Tissue Sarcoma chapter; AJCC8 splits by anatomic site. | SURROGATE_AJCC8_FROM_AJCC7_REVIEW_REQUIRED_v1.7: no AJCC8 stage-grouping rule rows were extractable from the uploaded AJCC8 PDF for this site; copied from AJCC7 to avoid blank result pending cancer committee validation.
Soft Tissue Sarcoma of the Abdomen and Thoracic Visceral Organs,AJCC8,any,Any,N1,M0,Any,Any,IIB,source_page=313; extract_method=stage_carried; extra_factors/raw_extra=Any G | Any T N1 | M0 | Any G | provenance=auto_extracted_from_uploaded_manuals_v1_0 | crosswalk_v1.3 source_site=Soft Tissue Sarcoma -> tool_site=Soft Tissue Sarcoma of the Abdomen and Thoracic Visceral Organs; AJCC7 has one broader Soft Tissue Sarcoma chapter; AJCC8 splits by anatomic site. | SURROGATE_AJCC8_FROM_AJCC7_REVIEW_REQUIRED_v1.7: no AJCC8 stage-grouping rule rows were extractable from the uploaded AJCC8 PDF for this site; copied from AJCC7 to avoid blank result pending cancer committee validation.
Soft Tissue Sarcoma of the Abdomen and Thoracic Visceral Organs,AJCC8,any,T2b,N0,M0,Any,Any,IIB,source_page=313; extract_method=stage_carried; extra_factors/raw_extra=G2 | T2b | N0 | M0 | G2 | provenance=auto_extracted_from_uploaded_manuals_v1_0 | crosswalk_v1.3 source_site=Soft Tissue Sarcoma -> tool_site=Soft Tissue Sarcoma of the Abdomen and Thoracic Visceral Organs; AJCC7 has one broader Soft Tissue Sarcoma chapter; AJCC8 splits by anatomic site. | SURROGATE_AJCC8_FROM_AJCC7_REVIEW_REQUIRED_v1.7: no AJCC8 stage-grouping rule rows were extractable from the uploaded AJCC8 PDF for this site; copied from AJCC7 to avoid blank result pending cancer committee validation.
Soft Tissue Sarcoma of the Abdomen and Thoracic Visceral Organs,AJCC8,any,T2a,N0,M0,Any,Any,IIB,source_page=313; extract_method=stage_first; extra_factors/raw_extra=G2 | IIB | T2a | N0 | M0 | G2 | provenance=auto_extracted_from_uploaded_manuals_v1_0 | crosswalk_v1.3 source_site=Soft Tissue Sarcoma -> tool_site=Soft Tissue Sarcoma of the Abdomen and Thoracic Visceral Organs; AJCC7 has one broader Soft Tissue Sarcoma chapter; AJCC8 splits by anatomic site. | SURROGATE_AJCC8_FROM_AJCC7_REVIEW_REQUIRED_v1.7: no AJCC8 stage-grouping rule rows were extractable from the uploaded AJCC8 PDF for this site; copied from AJCC7 to avoid blank result pending cancer committee validation.
Soft Tissue Sarcoma of the Abdomen and Thoracic Visceral Organs,AJCC8,any,T1b,N0,M0,Any,Any,IIA,"source_page=313; extract_method=stage_carried; extra_factors/raw_extra=G2, G3 | T1b | N0 | M0 | G2, G3 | provenance=auto_extracted_from_uploaded_manuals_v1_0 | crosswalk_v1.3 source_site=Soft Tissue Sarcoma -> tool_site=Soft Tissue Sarcoma of the Abdomen and Thoracic Visceral Organs; AJCC7 has one broader Soft Tissue Sarcoma chapter; AJCC8 splits by anatomic site. | SURROGATE_AJCC8_FROM_AJCC7_REVIEW_REQUIRED_v1.7: no AJCC8 stage-grouping rule rows were extractable from the uploaded AJCC8 PDF for this site; copied from AJCC7 to avoid blank result pending cancer committee validation."
Soft Tissue Sarcoma of the Abdomen and Thoracic Visceral Organs,AJCC8,any,T1a,N0,M0,Any,Any,IIA,"source_page=313; extract_method=stage_first; extra_factors/raw_extra=G2, G3 | IIA | T1a | N0 | M0 | G2, G3 | provenance=auto_extracted_from_uploaded_manuals_v1_0 | crosswalk_v1.3 source_site=Soft Tissue Sarcoma -> tool_site=Soft Tissue Sarcoma of the Abdomen and Thoracic Visceral Organs; AJCC7 has one broader Soft Tissue Sarcoma chapter; AJCC8 splits by anatomic site. | SURROGATE_AJCC8_FROM_AJCC7_REVIEW_REQUIRED_v1.7: no AJCC8 stage-grouping rule rows were extractable from the uploaded AJCC8 PDF for this site; copied from AJCC7 to avoid blank result pending cancer committee validation."
Soft Tissue Sarcoma of the Abdomen and Thoracic Visceral Organs,AJCC8,any,T2b,N0,M0,Any,Any,IB,"source_page=313; extract_method=stage_carried; extra_factors/raw_extra=G1, GX | T2b | N0 | M0 | G1, GX | provenance=auto_extracted_from_uploaded_manuals_v1_0 | crosswalk_v1.3 source_site=Soft Tissue Sarcoma -> tool_site=Soft Tissue Sarcoma of the Abdomen and Thoracic Visceral Organs; AJCC7 has one broader Soft Tissue Sarcoma chapter; AJCC8 splits by anatomic site. | SURROGATE_AJCC8_FROM_AJCC7_REVIEW_REQUIRED_v1.7: no AJCC8 stage-grouping rule rows were extractable from the uploaded AJCC8 PDF for this site; copied from AJCC7 to avoid blank result pending cancer committee validation."
Soft Tissue Sarcoma of the Abdomen and Thoracic Visceral Organs,AJCC8,any,T2a,N0,M0,Any,Any,IB,"source_page=313; extract_method=stage_first; extra_factors/raw_extra=G1, GX | IB | T2a | N0 | M0 | G1, GX | provenance=auto_extracted_from_uploaded_manuals_v1_0 | crosswalk_v1.3 source_site=Soft Tissue Sarcoma -> tool_site=Soft Tissue Sarcoma of the Abdomen and Thoracic Visceral Organs; AJCC7 has one broader Soft Tissue Sarcoma chapter; AJCC8 splits by anatomic site. | SURROGATE_AJCC8_FROM_AJCC7_REVIEW_REQUIRED_v1.7: no AJCC8 stage-grouping rule rows were extractable from the uploaded AJCC8 PDF for this site; copied from AJCC7 to avoid blank result pending cancer committee validation."
Soft Tissue Sarcoma of the Abdomen and Thoracic Visceral Organs,AJCC8,any,T1b,N0,M0,Any,Any,IA,"source_page=313; extract_method=stage_carried; extra_factors/raw_extra=G1, GX | T1b | N0 | M0 | G1, GX | provenance=auto_extracted_from_uploaded_manuals_v1_0 | crosswalk_v1.3 source_site=Soft Tissue Sarcoma -> tool_site=Soft Tissue Sarcoma of the Abdomen and Thoracic Visceral Organs; AJCC7 has one broader Soft Tissue Sarcoma chapter; AJCC8 splits by anatomic site. | SURROGATE_AJCC8_FROM_AJCC7_REVIEW_REQUIRED_v1.7: no AJCC8 stage-grouping rule rows were extractable from the uploaded AJCC8 PDF for this site; copied from AJCC7 to avoid blank result pending cancer committee validation."
Soft Tissue Sarcoma of the Abdomen and Thoracic Visceral Organs,AJCC8,any,T1a,N0,M0,Any,Any,IA,"source_page=313; extract_method=stage_first; extra_factors/raw_extra=G1, GX | IA | T1a | N0 | M0 | G1, GX | provenance=auto_extracted_from_uploaded_manuals_v1_0 | crosswalk_v1.3 source_site=Soft Tissue Sarcoma -> tool_site=Soft Tissue Sarcoma of the Abdomen and Thoracic Visceral Organs; AJCC7 has one broader Soft Tissue Sarcoma chapter; AJCC8 splits by anatomic site. | SURROGATE_AJCC8_FROM_AJCC7_REVIEW_REQUIRED_v1.7: no AJCC8 stage-grouping rule rows were extractable from the uploaded AJCC8 PDF for this site; copied from AJCC7 to avoid blank result pending cancer committee validation."
Soft Tissue Sarcoma of the Abdomen and Thoracic Visceral Organs,AJCC8,yp,Any,Any,M1,Any,Any,IV,"source_page=307; extract_method=stage_first; extra_factors/raw_extra=Any G | head, face, and neck; duplicate_source_page=311 | provenance=auto_extracted_from_uploaded_manuals_v1_0 | crosswalk_v1.3 source_site=Soft Tissue Sarcoma -> tool_site=Soft Tissue Sarcoma of the Abdomen and Thoracic Visceral Organs; AJCC7 has one broader Soft Tissue Sarcoma chapter; AJCC8 splits by anatomic site. | SURROGATE_AJCC8_FROM_AJCC7_REVIEW_REQUIRED_v1.7: no AJCC8 stage-grouping rule rows were extractable from the uploaded AJCC8 PDF for this site; copied from AJCC7 to avoid blank result pending cancer committee validation."
Soft Tissue Sarcoma of the Abdomen and Thoracic Visceral Organs,AJCC8,yp,Any,N1,M0,Any,Any,III,source_page=307; extract_method=stage_carried; extra_factors/raw_extra=Any G | nervous system of; duplicate_source_page=311 | provenance=auto_extracted_from_uploaded_manuals_v1_0 | crosswalk_v1.3 source_site=Soft Tissue Sarcoma -> tool_site=Soft Tissue Sarcoma of the Abdomen and Thoracic Visceral Organs; AJCC7 has one broader Soft Tissue Sarcoma chapter; AJCC8 splits by anatomic site. | SURROGATE_AJCC8_FROM_AJCC7_REVIEW_REQUIRED_v1.7: no AJCC8 stage-grouping rule rows were extractable from the uploaded AJCC8 PDF for this site; copied from AJCC7 to avoid blank result pending cancer committee validation.
Soft Tissue Sarcoma of the Head and Neck,AJCC8,any,T1a,N0,M0,Any,Any,IIA,"source_page=313; extract_method=stage_first; extra_factors/raw_extra=G2, G3 | IIA | T1a | N0 | M0 | G2, G3 | provenance=auto_extracted_from_uploaded_manuals_v1_0 | crosswalk_v1.3 source_site=Soft Tissue Sarcoma -> tool_site=Soft Tissue Sarcoma of the Head and Neck; AJCC7 has one broader Soft Tissue Sarcoma chapter; AJCC8 splits by anatomic site. | SURROGATE_AJCC8_FROM_AJCC7_REVIEW_REQUIRED_v1.7: no AJCC8 stage-grouping rule rows were extractable from the uploaded AJCC8 PDF for this site; copied from AJCC7 to avoid blank result pending cancer committee validation."
Soft Tissue Sarcoma of the Abdomen and Thoracic Visceral Organs,AJCC8,yp,T2b,N0,M0,Any,Any,IIB,"source_page=307; extract_method=stage_carried; extra_factors/raw_extra=G2 | num, and pleura; duplicate_source_page=311 | provenance=auto_extracted_from_uploaded_manuals_v1_0 | crosswalk_v1.3 source_site=Soft Tissue Sarcoma -> tool_site=Soft Tissue Sarcoma of the Abdomen and Thoracic Visceral Organs; AJCC7 has one broader Soft Tissue Sarcoma chapter; AJCC8 splits by anatomic site. | SURROGATE_AJCC8_FROM_AJCC7_REVIEW_REQUIRED_v1.7: no AJCC8 stage-grouping rule rows were extractable from the uploaded AJCC8 PDF for this site; copied from AJCC7 to avoid blank result pending cancer committee validation."
Soft Tissue Sarcoma of the Head and Neck,AJCC8,any,T1b,N0,M0,Any,Any,IIA,"source_page=313; extract_method=stage_carried; extra_factors/raw_extra=G2, G3 | T1b | N0 | M0 | G2, G3 | provenance=auto_extracted_from_uploaded_manuals_v1_0 | crosswalk_v1.3 source_site=Soft Tissue Sarcoma -> tool_site=Soft Tissue Sarcoma of the Head and Neck; AJCC7 has one broader Soft Tissue Sarcoma chapter; AJCC8 splits by anatomic site. | SURROGATE_AJCC8_FROM_AJCC7_REVIEW_REQUIRED_v1.7: no AJCC8 stage-grouping rule rows were extractable from the uploaded AJCC8 PDF for this site; copied from AJCC7 to avoid blank result pending cancer committee validation."
Soft Tissue Sarcoma of the Head and Neck,AJCC8,any,T2b,N0,M0,Any,Any,IIB,source_page=313; extract_method=stage_carried; extra_factors/raw_extra=G2 | T2b | N0 | M0 | G2 | provenance=auto_extracted_from_uploaded_manuals_v1_0 | crosswalk_v1.3 source_site=Soft Tissue Sarcoma -> tool_site=Soft Tissue Sarcoma of the Head and Neck; AJCC7 has one broader Soft Tissue Sarcoma chapter; AJCC8 splits by anatomic site. | SURROGATE_AJCC8_FROM_AJCC7_REVIEW_REQUIRED_v1.7: no AJCC8 stage-grouping rule rows were extractable from the uploaded AJCC8 PDF for this site; copied from AJCC7 to avoid blank result pending cancer committee validation.
Soft Tissue Sarcoma of the Trunk and Extremities,AJCC8,yp,T2b,N0,M0,Any,Any,IB,"source_page=307; extract_method=stage_carried; extra_factors/raw_extra=G1, GX | C38.2 Posterior; duplicate_source_page=311 | provenance=auto_extracted_from_uploaded_manuals_v1_0 | crosswalk_v1.3 source_site=Soft Tissue Sarcoma -> tool_site=Soft Tissue Sarcoma of the Trunk and Extremities; AJCC7 has one broader Soft Tissue Sarcoma chapter; AJCC8 splits by anatomic site. | SURROGATE_AJCC8_FROM_AJCC7_REVIEW_REQUIRED_v1.7: no AJCC8 stage-grouping rule rows were extractable from the uploaded AJCC8 PDF for this site; copied from AJCC7 to avoid blank result pending cancer committee validation."
Soft Tissue Sarcoma of the Trunk and Extremities,AJCC8,yp,T2a,N0,M0,Any,Any,IB,"source_page=307; extract_method=stage_first; extra_factors/raw_extra=G1, GX | mediastinum; duplicate_source_page=311 | provenance=auto_extracted_from_uploaded_manuals_v1_0 | crosswalk_v1.3 source_site=Soft Tissue Sarcoma -> tool_site=Soft Tissue Sarcoma of the Trunk and Extremities; AJCC7 has one broader Soft Tissue Sarcoma chapter; AJCC8 splits by anatomic site. | SURROGATE_AJCC8_FROM_AJCC7_REVIEW_REQUIRED_v1.7: no AJCC8 stage-grouping rule rows were extractable from the uploaded AJCC8 PDF for this site; copied from AJCC7 to avoid blank result pending cancer committee validation."
Soft Tissue Sarcoma of the Trunk and Extremities,AJCC8,yp,T1b,N0,M0,Any,Any,IA,"source_page=307; extract_method=stage_carried; extra_factors/raw_extra=G1, GX | C38.1 Anterior; duplicate_source_page=311 | provenance=auto_extracted_from_uploaded_manuals_v1_0 | crosswalk_v1.3 source_site=Soft Tissue Sarcoma -> tool_site=Soft Tissue Sarcoma of the Trunk and Extremities; AJCC7 has one broader Soft Tissue Sarcoma chapter; AJCC8 splits by anatomic site. | SURROGATE_AJCC8_FROM_AJCC7_REVIEW_REQUIRED_v1.7: no AJCC8 stage-grouping rule rows were extractable from the uploaded AJCC8 PDF for this site; copied from AJCC7 to avoid blank result pending cancer committee validation."
Soft Tissue Sarcoma of the Trunk and Extremities,AJCC8,yp,T1a,N0,M0,Any,Any,IA,"source_page=307; extract_method=stage_first; extra_factors/raw_extra=G1, GX | C38.0 Heart; duplicate_source_page=311 | provenance=auto_extracted_from_uploaded_manuals_v1_0 | crosswalk_v1.3 source_site=Soft Tissue Sarcoma -> tool_site=Soft Tissue Sarcoma of the Trunk and Extremities; AJCC7 has one broader Soft Tissue Sarcoma chapter; AJCC8 splits by anatomic site. | SURROGATE_AJCC8_FROM_AJCC7_REVIEW_REQUIRED_v1.7: no AJCC8 stage-grouping rule rows were extractable from the uploaded AJCC8 PDF for this site; copied from AJCC7 to avoid blank result pending cancer committee validation."
Soft Tissue Sarcoma of the Retroperitoneum,AJCC8,any,Any,Any,M1,Any,Any,IV,source_page=313; extract_method=stage_first; extra_factors/raw_extra=Any G | IV | Any T Any N | M1 | Any G | provenance=auto_extracted_from_uploaded_manuals_v1_0 | crosswalk_v1.3 source_site=Soft Tissue Sarcoma -> tool_site=Soft Tissue Sarcoma of the Retroperitoneum; AJCC7 has one broader Soft Tissue Sarcoma chapter; AJCC8 splits by anatomic site. | SURROGATE_AJCC8_FROM_AJCC7_REVIEW_REQUIRED_v1.7: no AJCC8 stage-grouping rule rows were extractable from the uploaded AJCC8 PDF for this site; copied from AJCC7 to avoid blank result pending cancer committee validation.
Soft Tissue Sarcoma of the Retroperitoneum,AJCC8,any,Any,N1,M0,Any,Any,IIB,source_page=313; extract_method=stage_carried; extra_factors/raw_extra=Any G | Any T N1 | M0 | Any G | provenance=auto_extracted_from_uploaded_manuals_v1_0 | crosswalk_v1.3 source_site=Soft Tissue Sarcoma -> tool_site=Soft Tissue Sarcoma of the Retroperitoneum; AJCC7 has one broader Soft Tissue Sarcoma chapter; AJCC8 splits by anatomic site. | SURROGATE_AJCC8_FROM_AJCC7_REVIEW_REQUIRED_v1.7: no AJCC8 stage-grouping rule rows were extractable from the uploaded AJCC8 PDF for this site; copied from AJCC7 to avoid blank result pending cancer committee validation.
Soft Tissue Sarcoma of the Retroperitoneum,AJCC8,any,T2b,N0,M0,Any,Any,IIB,source_page=313; extract_method=stage_carried; extra_factors/raw_extra=G2 | T2b | N0 | M0 | G2 | provenance=auto_extracted_from_uploaded_manuals_v1_0 | crosswalk_v1.3 source_site=Soft Tissue Sarcoma -> tool_site=Soft Tissue Sarcoma of the Retroperitoneum; AJCC7 has one broader Soft Tissue Sarcoma chapter; AJCC8 splits by anatomic site. | SURROGATE_AJCC8_FROM_AJCC7_REVIEW_REQUIRED_v1.7: no AJCC8 stage-grouping rule rows were extractable from the uploaded AJCC8 PDF for this site; copied from AJCC7 to avoid blank result pending cancer committee validation.
Soft Tissue Sarcoma of the Retroperitoneum,AJCC8,any,T2a,N0,M0,Any,Any,IIB,source_page=313; extract_method=stage_first; extra_factors/raw_extra=G2 | IIB | T2a | N0 | M0 | G2 | provenance=auto_extracted_from_uploaded_manuals_v1_0 | crosswalk_v1.3 source_site=Soft Tissue Sarcoma -> tool_site=Soft Tissue Sarcoma of the Retroperitoneum; AJCC7 has one broader Soft Tissue Sarcoma chapter; AJCC8 splits by anatomic site. | SURROGATE_AJCC8_FROM_AJCC7_REVIEW_REQUIRED_v1.7: no AJCC8 stage-grouping rule rows were extractable from the uploaded AJCC8 PDF for this site; copied from AJCC7 to avoid blank result pending cancer committee validation.
Soft Tissue Sarcoma of the Retroperitoneum,AJCC8,any,T1b,N0,M0,Any,Any,IIA,"source_page=313; extract_method=stage_carried; extra_factors/raw_extra=G2, G3 | T1b | N0 | M0 | G2, G3 | provenance=auto_extracted_from_uploaded_manuals_v1_0 | crosswalk_v1.3 source_site=Soft Tissue Sarcoma -> tool_site=Soft Tissue Sarcoma of the Retroperitoneum; AJCC7 has one broader Soft Tissue Sarcoma chapter; AJCC8 splits by anatomic site. | SURROGATE_AJCC8_FROM_AJCC7_REVIEW_REQUIRED_v1.7: no AJCC8 stage-grouping rule rows were extractable from the uploaded AJCC8 PDF for this site; copied from AJCC7 to avoid blank result pending cancer committee validation."
Soft Tissue Sarcoma of the Retroperitoneum,AJCC8,any,T1a,N0,M0,Any,Any,IIA,"source_page=313; extract_method=stage_first; extra_factors/raw_extra=G2, G3 | IIA | T1a | N0 | M0 | G2, G3 | provenance=auto_extracted_from_uploaded_manuals_v1_0 | crosswalk_v1.3 source_site=Soft Tissue Sarcoma -> tool_site=Soft Tissue Sarcoma of the Retroperitoneum; AJCC7 has one broader Soft Tissue Sarcoma chapter; AJCC8 splits by anatomic site. | SURROGATE_AJCC8_FROM_AJCC7_REVIEW_REQUIRED_v1.7: no AJCC8 stage-grouping rule rows were extractable from the uploaded AJCC8 PDF for this site; copied from AJCC7 to avoid blank result pending cancer committee validation."
Soft Tissue Sarcoma of the Retroperitoneum,AJCC8,any,T2b,N0,M0,Any,Any,IB,"source_page=313; extract_method=stage_carried; extra_factors/raw_extra=G1, GX | T2b | N0 | M0 | G1, GX | provenance=auto_extracted_from_uploaded_manuals_v1_0 | crosswalk_v1.3 source_site=Soft Tissue Sarcoma -> tool_site=Soft Tissue Sarcoma of the Retroperitoneum; AJCC7 has one broader Soft Tissue Sarcoma chapter; AJCC8 splits by anatomic site. | SURROGATE_AJCC8_FROM_AJCC7_REVIEW_REQUIRED_v1.7: no AJCC8 stage-grouping rule rows were extractable from the uploaded AJCC8 PDF for this site; copied from AJCC7 to avoid blank result pending cancer committee validation."
Soft Tissue Sarcoma of the Retroperitoneum,AJCC8,any,T2a,N0,M0,Any,Any,IB,"source_page=313; extract_method=stage_first; extra_factors/raw_extra=G1, GX | IB | T2a | N0 | M0 | G1, GX | provenance=auto_extracted_from_uploaded_manuals_v1_0 | crosswalk_v1.3 source_site=Soft Tissue Sarcoma -> tool_site=Soft Tissue Sarcoma of the Retroperitoneum; AJCC7 has one broader Soft Tissue Sarcoma chapter; AJCC8 splits by anatomic site. | SURROGATE_AJCC8_FROM_AJCC7_REVIEW_REQUIRED_v1.7: no AJCC8 stage-grouping rule rows were extractable from the uploaded AJCC8 PDF for this site; copied from AJCC7 to avoid blank result pending cancer committee validation."
Soft Tissue Sarcoma of the Retroperitoneum,AJCC8,any,T1b,N0,M0,Any,Any,IA,"source_page=313; extract_method=stage_carried; extra_factors/raw_extra=G1, GX | T1b | N0 | M0 | G1, GX | provenance=auto_extracted_from_uploaded_manuals_v1_0 | crosswalk_v1.3 source_site=Soft Tissue Sarcoma -> tool_site=Soft Tissue Sarcoma of the Retroperitoneum; AJCC7 has one broader Soft Tissue Sarcoma chapter; AJCC8 splits by anatomic site. | SURROGATE_AJCC8_FROM_AJCC7_REVIEW_REQUIRED_v1.7: no AJCC8 stage-grouping rule rows were extractable from the uploaded AJCC8 PDF for this site; copied from AJCC7 to avoid blank result pending cancer committee validation."
Soft Tissue Sarcoma of the Retroperitoneum,AJCC8,any,T1a,N0,M0,Any,Any,IA,"source_page=313; extract_method=stage_first; extra_factors/raw_extra=G1, GX | IA | T1a | N0 | M0 | G1, GX | provenance=auto_extracted_from_uploaded_manuals_v1_0 | crosswalk_v1.3 source_site=Soft Tissue Sarcoma -> tool_site=Soft Tissue Sarcoma of the Retroperitoneum; AJCC7 has one broader Soft Tissue Sarcoma chapter; AJCC8 splits by anatomic site. | SURROGATE_AJCC8_FROM_AJCC7_REVIEW_REQUIRED_v1.7: no AJCC8 stage-grouping rule rows were extractable from the uploaded AJCC8 PDF for this site; copied from AJCC7 to avoid blank result pending cancer committee validation."
Soft Tissue Sarcoma of the Retroperitoneum,AJCC8,yp,Any,Any,M1,Any,Any,IV,"source_page=307; extract_method=stage_first; extra_factors/raw_extra=Any G | head, face, and neck; duplicate_source_page=311 | provenance=auto_extracted_from_uploaded_manuals_v1_0 | crosswalk_v1.3 source_site=Soft Tissue Sarcoma -> tool_site=Soft Tissue Sarcoma of the Retroperitoneum; AJCC7 has one broader Soft Tissue Sarcoma chapter; AJCC8 splits by anatomic site. | SURROGATE_AJCC8_FROM_AJCC7_REVIEW_REQUIRED_v1.7: no AJCC8 stage-grouping rule rows were extractable from the uploaded AJCC8 PDF for this site; copied from AJCC7 to avoid blank result pending cancer committee validation."
Soft Tissue Sarcoma of the Retroperitoneum,AJCC8,yp,Any,N1,M0,Any,Any,III,source_page=307; extract_method=stage_carried; extra_factors/raw_extra=Any G | nervous system of; duplicate_source_page=311 | provenance=auto_extracted_from_uploaded_manuals_v1_0 | crosswalk_v1.3 source_site=Soft Tissue Sarcoma -> tool_site=Soft Tissue Sarcoma of the Retroperitoneum; AJCC7 has one broader Soft Tissue Sarcoma chapter; AJCC8 splits by anatomic site. | SURROGATE_AJCC8_FROM_AJCC7_REVIEW_REQUIRED_v1.7: no AJCC8 stage-grouping rule rows were extractable from the uploaded AJCC8 PDF for this site; copied from AJCC7 to avoid blank result pending cancer committee validation.
Soft Tissue Sarcoma of the Retroperitoneum,AJCC8,yp,T2a|T2b,N0,M0,Any,Any,III,source_page=307; extract_method=stage_first; extra_factors/raw_extra=G3 | and autonomic; duplicate_source_page=311 | provenance=auto_extracted_from_uploaded_manuals_v1_0 | crosswalk_v1.3 source_site=Soft Tissue Sarcoma -> tool_site=Soft Tissue Sarcoma of the Retroperitoneum; AJCC7 has one broader Soft Tissue Sarcoma chapter; AJCC8 splits by anatomic site. | SURROGATE_AJCC8_FROM_AJCC7_REVIEW_REQUIRED_v1.7: no AJCC8 stage-grouping rule rows were extractable from the uploaded AJCC8 PDF for this site; copied from AJCC7 to avoid blank result pending cancer committee validation.
Soft Tissue Sarcoma of the Retroperitoneum,AJCC8,yp,T2b,N0,M0,Any,Any,IIB,"source_page=307; extract_method=stage_carried; extra_factors/raw_extra=G2 | num, and pleura; duplicate_source_page=311 | provenance=auto_extracted_from_uploaded_manuals_v1_0 | crosswalk_v1.3 source_site=Soft Tissue Sarcoma -> tool_site=Soft Tissue Sarcoma of the Retroperitoneum; AJCC7 has one broader Soft Tissue Sarcoma chapter; AJCC8 splits by anatomic site. | SURROGATE_AJCC8_FROM_AJCC7_REVIEW_REQUIRED_v1.7: no AJCC8 stage-grouping rule rows were extractable from the uploaded AJCC8 PDF for this site; copied from AJCC7 to avoid blank result pending cancer committee validation."
Soft Tissue Sarcoma of the Retroperitoneum,AJCC8,yp,T2a,N0,M0,Any,Any,IIB,"source_page=307; extract_method=stage_first; extra_factors/raw_extra=G2 | of heart, mediasti-; duplicate_source_page=311 | provenance=auto_extracted_from_uploaded_manuals_v1_0 | crosswalk_v1.3 source_site=Soft Tissue Sarcoma -> tool_site=Soft Tissue Sarcoma of the Retroperitoneum; AJCC7 has one broader Soft Tissue Sarcoma chapter; AJCC8 splits by anatomic site. | SURROGATE_AJCC8_FROM_AJCC7_REVIEW_REQUIRED_v1.7: no AJCC8 stage-grouping rule rows were extractable from the uploaded AJCC8 PDF for this site; copied from AJCC7 to avoid blank result pending cancer committee validation."
Soft Tissue Sarcoma of the Retroperitoneum,AJCC8,yp,T1b,N0,M0,Any,Any,IIA,"source_page=307; extract_method=stage_carried; extra_factors/raw_extra=G2, G3 | C38.8 Overlapping lesion; duplicate_source_page=311 | provenance=auto_extracted_from_uploaded_manuals_v1_0 | crosswalk_v1.3 source_site=Soft Tissue Sarcoma -> tool_site=Soft Tissue Sarcoma of the Retroperitoneum; AJCC7 has one broader Soft Tissue Sarcoma chapter; AJCC8 splits by anatomic site. | SURROGATE_AJCC8_FROM_AJCC7_REVIEW_REQUIRED_v1.7: no AJCC8 stage-grouping rule rows were extractable from the uploaded AJCC8 PDF for this site; copied from AJCC7 to avoid blank result pending cancer committee validation."
Soft Tissue Sarcoma of the Retroperitoneum,AJCC8,yp,T1a,N0,M0,Any,Any,IIA,"source_page=307; extract_method=stage_first; extra_factors/raw_extra=G2, G3 | C38.3 Mediastinum, NOS; duplicate_source_page=311 | provenance=auto_extracted_from_uploaded_manuals_v1_0 | crosswalk_v1.3 source_site=Soft Tissue Sarcoma -> tool_site=Soft Tissue Sarcoma of the Retroperitoneum; AJCC7 has one broader Soft Tissue Sarcoma chapter; AJCC8 splits by anatomic site. | SURROGATE_AJCC8_FROM_AJCC7_REVIEW_REQUIRED_v1.7: no AJCC8 stage-grouping rule rows were extractable from the uploaded AJCC8 PDF for this site; copied from AJCC7 to avoid blank result pending cancer committee validation."
Soft Tissue Sarcoma of the Retroperitoneum,AJCC8,yp,T2b,N0,M0,Any,Any,IB,"source_page=307; extract_method=stage_carried; extra_factors/raw_extra=G1, GX | C38.2 Posterior; duplicate_source_page=311 | provenance=auto_extracted_from_uploaded_manuals_v1_0 | crosswalk_v1.3 source_site=Soft Tissue Sarcoma -> tool_site=Soft Tissue Sarcoma of the Retroperitoneum; AJCC7 has one broader Soft Tissue Sarcoma chapter; AJCC8 splits by anatomic site. | SURROGATE_AJCC8_FROM_AJCC7_REVIEW_REQUIRED_v1.7: no AJCC8 stage-grouping rule rows were extractable from the uploaded AJCC8 PDF for this site; copied from AJCC7 to avoid blank result pending cancer committee validation."
Soft Tissue Sarcoma of the Retroperitoneum,AJCC8,yp,T2a,N0,M0,Any,Any,IB,"source_page=307; extract_method=stage_first; extra_factors/raw_extra=G1, GX | mediastinum; duplicate_source_page=311 | provenance=auto_extracted_from_uploaded_manuals_v1_0 | crosswalk_v1.3 source_site=Soft Tissue Sarcoma -> tool_site=Soft Tissue Sarcoma of the Retroperitoneum; AJCC7 has one broader Soft Tissue Sarcoma chapter; AJCC8 splits by anatomic site. | SURROGATE_AJCC8_FROM_AJCC7_REVIEW_REQUIRED_v1.7: no AJCC8 stage-grouping rule rows were extractable from the uploaded AJCC8 PDF for this site; copied from AJCC7 to avoid blank result pending cancer committee validation."
Soft Tissue Sarcoma of the Retroperitoneum,AJCC8,yp,T1b,N0,M0,Any,Any,IA,"source_page=307; extract_method=stage_carried; extra_factors/raw_extra=G1, GX | C38.1 Anterior; duplicate_source_page=311 | provenance=auto_extracted_from_uploaded_manuals_v1_0 | crosswalk_v1.3 source_site=Soft Tissue Sarcoma -> tool_site=Soft Tissue Sarcoma of the Retroperitoneum; AJCC7 has one broader Soft Tissue Sarcoma chapter; AJCC8 splits by anatomic site. | SURROGATE_AJCC8_FROM_AJCC7_REVIEW_REQUIRED_v1.7: no AJCC8 stage-grouping rule rows were extractable from the uploaded AJCC8 PDF for this site; copied from AJCC7 to avoid blank result pending cancer committee validation."
Soft Tissue Sarcoma of the Retroperitoneum,AJCC8,yp,T1a,N0,M0,Any,Any,IA,"source_page=307; extract_method=stage_first; extra_factors/raw_extra=G1, GX | C38.0 Heart; duplicate_source_page=311 | provenance=auto_extracted_from_uploaded_manuals_v1_0 | crosswalk_v1.3 source_site=Soft Tissue Sarcoma -> tool_site=Soft Tissue Sarcoma of the Retroperitoneum; AJCC7 has one broader Soft Tissue Sarcoma chapter; AJCC8 splits by anatomic site. | SURROGATE_AJCC8_FROM_AJCC7_REVIEW_REQUIRED_v1.7: no AJCC8 stage-grouping rule rows were extractable from the uploaded AJCC8 PDF for this site; copied from AJCC7 to avoid blank result pending cancer committee validation."
Soft Tissue Sarcoma of the Head and Neck,AJCC8,any,Any,Any,M1,Any,Any,IV,source_page=313; extract_method=stage_first; extra_factors/raw_extra=Any G | IV | Any T Any N | M1 | Any G | provenance=auto_extracted_from_uploaded_manuals_v1_0 | crosswalk_v1.3 source_site=Soft Tissue Sarcoma -> tool_site=Soft Tissue Sarcoma of the Head and Neck; AJCC7 has one broader Soft Tissue Sarcoma chapter; AJCC8 splits by anatomic site. | SURROGATE_AJCC8_FROM_AJCC7_REVIEW_REQUIRED_v1.7: no AJCC8 stage-grouping rule rows were extractable from the uploaded AJCC8 PDF for this site; copied from AJCC7 to avoid blank result pending cancer committee validation.
Soft Tissue Sarcoma of the Head and Neck,AJCC8,any,Any,N1,M0,Any,Any,IIB,source_page=313; extract_method=stage_carried; extra_factors/raw_extra=Any G | Any T N1 | M0 | Any G | provenance=auto_extracted_from_uploaded_manuals_v1_0 | crosswalk_v1.3 source_site=Soft Tissue Sarcoma -> tool_site=Soft Tissue Sarcoma of the Head and Neck; AJCC7 has one broader Soft Tissue Sarcoma chapter; AJCC8 splits by anatomic site. | SURROGATE_AJCC8_FROM_AJCC7_REVIEW_REQUIRED_v1.7: no AJCC8 stage-grouping rule rows were extractable from the uploaded AJCC8 PDF for this site; copied from AJCC7 to avoid blank result pending cancer committee validation.
Soft Tissue Sarcoma of the Head and Neck,AJCC8,any,T2a,N0,M0,Any,Any,IIB,source_page=313; extract_method=stage_first; extra_factors/raw_extra=G2 | IIB | T2a | N0 | M0 | G2 | provenance=auto_extracted_from_uploaded_manuals_v1_0 | crosswalk_v1.3 source_site=Soft Tissue Sarcoma -> tool_site=Soft Tissue Sarcoma of the Head and Neck; AJCC7 has one broader Soft Tissue Sarcoma chapter; AJCC8 splits by anatomic site. | SURROGATE_AJCC8_FROM_AJCC7_REVIEW_REQUIRED_v1.7: no AJCC8 stage-grouping rule rows were extractable from the uploaded AJCC8 PDF for this site; copied from AJCC7 to avoid blank result pending cancer committee validation.
Melanoma of the Skin,AJCC8,any,T1|T2|T3|T4a,N1b,M0,Any,Any,IIIB,source_page=342; extract_method=stage_carried | provenance=auto_extracted_from_uploaded_manuals_v1_0 | crosswalk_v1.3 source_site=Melanoma of the Skin -> tool_site=Melanoma of the Skin | SURROGATE_AJCC8_FROM_AJCC7_REVIEW_REQUIRED_v1.7: no AJCC8 stage-grouping rule rows were extractable from the uploaded AJCC8 PDF for this site; copied from AJCC7 to avoid blank result pending cancer committee validation.
Cervix Uteri,AJCC8,any,Any,Any,M1,Any,Any,IVB,source_page=411; extract_method=stage_first | provenance=auto_extracted_from_uploaded_manuals_v1_0 | crosswalk_v1.3 source_site=Cervix Uteri -> tool_site=Cervix Uteri | SURROGATE_AJCC8_FROM_AJCC7_REVIEW_REQUIRED_v1.7: no AJCC8 stage-grouping rule rows were extractable from the uploaded AJCC8 PDF for this site; copied from AJCC7 to avoid blank result pending cancer committee validation.
Melanoma of the Skin,AJCC8,any,T1|T2|T3|T4b,N1a,M0,Any,Any,IIIB,source_page=342; extract_method=stage_first; extra_factors/raw_extra=of skin | provenance=auto_extracted_from_uploaded_manuals_v1_0 | crosswalk_v1.3 source_site=Melanoma of the Skin -> tool_site=Melanoma of the Skin | SURROGATE_AJCC8_FROM_AJCC7_REVIEW_REQUIRED_v1.7: no AJCC8 stage-grouping rule rows were extractable from the uploaded AJCC8 PDF for this site; copied from AJCC7 to avoid blank result pending cancer committee validation.
Corpus Uteri – Carcinoma and Carcinosarcoma,AJCC8,any,T1|T2|T3,N1,M0,Any,Any,IIIC,source_page=420; extract_method=stage_first; duplicate_source_page=424; duplicate_source_page=432 | provenance=auto_extracted_from_uploaded_manuals_v1_0 | crosswalk_v1.3 source_site=Corpus Uteri -> tool_site=Corpus Uteri – Carcinoma and Carcinosarcoma | SURROGATE_AJCC8_FROM_AJCC7_REVIEW_REQUIRED_v1.7: no AJCC8 stage-grouping rule rows were extractable from the uploaded AJCC8 PDF for this site; copied from AJCC7 to avoid blank result pending cancer committee validation.
Corpus Uteri – Carcinoma and Carcinosarcoma,AJCC8,any,T1c,N0,M0,Any,Any,IC,source_page=420; extract_method=stage_first; extra_factors/raw_extra=8933 (Adenosarcoma); duplicate_source_page=432 | provenance=auto_extracted_from_uploaded_manuals_v1_0 | crosswalk_v1.3 source_site=Corpus Uteri -> tool_site=Corpus Uteri – Carcinoma and Carcinosarcoma | SURROGATE_AJCC8_FROM_AJCC7_REVIEW_REQUIRED_v1.7: no AJCC8 stage-grouping rule rows were extractable from the uploaded AJCC8 PDF for this site; copied from AJCC7 to avoid blank result pending cancer committee validation.
Corpus Uteri – Carcinoma and Carcinosarcoma,AJCC8,any,Any,Any,M1,Any,Any,IVB,source_page=419; extract_method=stage_first; duplicate_source_page=420; duplicate_source_page=422; duplicate_source_page=424; duplicate_source_page=428; duplicate_source_page=432 | provenance=auto_extracted_from_uploaded_manuals_v1_0 | crosswalk_v1.3 source_site=Corpus Uteri -> tool_site=Corpus Uteri – Carcinoma and Carcinosarcoma | SURROGATE_AJCC8_FROM_AJCC7_REVIEW_REQUIRED_v1.7: no AJCC8 stage-grouping rule rows were extractable from the uploaded AJCC8 PDF for this site; copied from AJCC7 to avoid blank result pending cancer committee validation.
Corpus Uteri – Carcinoma and Carcinosarcoma,AJCC8,any,T4,Any,M0,Any,Any,IVA,source_page=419; extract_method=stage_first; duplicate_source_page=420; duplicate_source_page=424; duplicate_source_page=428; duplicate_source_page=432 | provenance=auto_extracted_from_uploaded_manuals_v1_0 | crosswalk_v1.3 source_site=Corpus Uteri -> tool_site=Corpus Uteri – Carcinoma and Carcinosarcoma | SURROGATE_AJCC8_FROM_AJCC7_REVIEW_REQUIRED_v1.7: no AJCC8 stage-grouping rule rows were extractable from the uploaded AJCC8 PDF for this site; copied from AJCC7 to avoid blank result pending cancer committee validation.
Corpus Uteri – Carcinoma and Carcinosarcoma,AJCC8,any,T3b,N0,M0,Any,Any,IIIB,source_page=419; extract_method=stage_first; duplicate_source_page=420; duplicate_source_page=422; duplicate_source_page=424; duplicate_source_page=428; duplicate_source_page=432 | provenance=auto_extracted_from_uploaded_manuals_v1_0 | crosswalk_v1.3 source_site=Corpus Uteri -> tool_site=Corpus Uteri – Carcinoma and Carcinosarcoma | SURROGATE_AJCC8_FROM_AJCC7_REVIEW_REQUIRED_v1.7: no AJCC8 stage-grouping rule rows were extractable from the uploaded AJCC8 PDF for this site; copied from AJCC7 to avoid blank result pending cancer committee validation.
Corpus Uteri – Carcinoma and Carcinosarcoma,AJCC8,any,T3a,N0,M0,Any,Any,IIIA,source_page=419; extract_method=stage_first; duplicate_source_page=420; duplicate_source_page=424; duplicate_source_page=428; duplicate_source_page=432 | provenance=auto_extracted_from_uploaded_manuals_v1_0 | crosswalk_v1.3 source_site=Corpus Uteri -> tool_site=Corpus Uteri – Carcinoma and Carcinosarcoma | SURROGATE_AJCC8_FROM_AJCC7_REVIEW_REQUIRED_v1.7: no AJCC8 stage-grouping rule rows were extractable from the uploaded AJCC8 PDF for this site; copied from AJCC7 to avoid blank result pending cancer committee validation.
Corpus Uteri – Carcinoma and Carcinosarcoma,AJCC8,any,T3,N0,M0,Any,Any,III,"source_page=419; extract_method=stage_first; extra_factors/raw_extra=C55.9 Uterus, NOS; duplicate_source_page=422; duplicate_source_page=428 | provenance=auto_extracted_from_uploaded_manuals_v1_0 | crosswalk_v1.3 source_site=Corpus Uteri -> tool_site=Corpus Uteri – Carcinoma and Carcinosarcoma | SURROGATE_AJCC8_FROM_AJCC7_REVIEW_REQUIRED_v1.7: no AJCC8 stage-grouping rule rows were extractable from the uploaded AJCC8 PDF for this site; copied from AJCC7 to avoid blank result pending cancer committee validation."
Corpus Uteri – Carcinoma and Carcinosarcoma,AJCC8,any,T2,N0,M0,Any,Any,II,source_page=419; extract_method=stage_first; extra_factors/raw_extra=of corpus uteri; duplicate_source_page=420; duplicate_source_page=424; duplicate_source_page=428; duplicate_source_page=432 | provenance=auto_extracted_from_uploaded_manuals_v1_0 | crosswalk_v1.3 source_site=Corpus Uteri -> tool_site=Corpus Uteri – Carcinoma and Carcinosarcoma | SURROGATE_AJCC8_FROM_AJCC7_REVIEW_REQUIRED_v1.7: no AJCC8 stage-grouping rule rows were extractable from the uploaded AJCC8 PDF for this site; copied from AJCC7 to avoid blank result pending cancer committee validation.
Corpus Uteri – Carcinoma and Carcinosarcoma,AJCC8,any,T1b,N0,M0,Any,Any,IB,source_page=419; extract_method=stage_first; extra_factors/raw_extra=C54.8 Overlapping lesion; duplicate_source_page=420; duplicate_source_page=422; duplicate_source_page=428; duplicate_source_page=432 | provenance=auto_extracted_from_uploaded_manuals_v1_0 | crosswalk_v1.3 source_site=Corpus Uteri -> tool_site=Corpus Uteri – Carcinoma and Carcinosarcoma | SURROGATE_AJCC8_FROM_AJCC7_REVIEW_REQUIRED_v1.7: no AJCC8 stage-grouping rule rows were extractable from the uploaded AJCC8 PDF for this site; copied from AJCC7 to avoid blank result pending cancer committee validation.
Corpus Uteri – Carcinoma and Carcinosarcoma,AJCC8,any,T1a,N0,M0,Any,Any,IA,source_page=419; extract_method=stage_first; extra_factors/raw_extra=C54.2 Myometrium; duplicate_source_page=420; duplicate_source_page=428; duplicate_source_page=432 | provenance=auto_extracted_from_uploaded_manuals_v1_0 | crosswalk_v1.3 source_site=Corpus Uteri -> tool_site=Corpus Uteri – Carcinoma and Carcinosarcoma | SURROGATE_AJCC8_FROM_AJCC7_REVIEW_REQUIRED_v1.7: no AJCC8 stage-grouping rule rows were extractable from the uploaded AJCC8 PDF for this site; copied from AJCC7 to avoid blank result pending cancer committee validation.
Corpus Uteri – Carcinoma and Carcinosarcoma,AJCC8,any,T1,N0,M0,Any,Any,I,source_page=419; extract_method=stage_first; extra_factors/raw_extra=C54.1 Endometrium; duplicate_source_page=420; duplicate_source_page=422; duplicate_source_page=423; duplicate_source_page=428; duplicate_source_page=432 | provenance=auto_extracted_from_uploaded_manuals_v1_0 | crosswalk_v1.3 source_site=Corpus Uteri -> tool_site=Corpus Uteri – Carcinoma and Carcinosarcoma | SURROGATE_AJCC8_FROM_AJCC7_REVIEW_REQUIRED_v1.7: no AJCC8 stage-grouping rule rows were extractable from the uploaded AJCC8 PDF for this site; copied from AJCC7 to avoid blank result pending cancer committee validation.
Corpus Uteri – Carcinoma and Carcinosarcoma,AJCC8,any,Tis,N0,M0,Any,Any,0,source_page=419; extract_method=stage_first; extra_factors/raw_extra=CODES; duplicate_source_page=428 | provenance=auto_extracted_from_uploaded_manuals_v1_0 | crosswalk_v1.3 source_site=Corpus Uteri -> tool_site=Corpus Uteri – Carcinoma and Carcinosarcoma | SURROGATE_AJCC8_FROM_AJCC7_REVIEW_REQUIRED_v1.7: no AJCC8 stage-grouping rule rows were extractable from the uploaded AJCC8 PDF for this site; copied from AJCC7 to avoid blank result pending cancer committee validation.
Esophagus / EGJ - adenocarcinoma,AJCC8,yp,T2,N0,M03,Any,Any,IIA,source_page=125; extract_method=stage_first | provenance=auto_extracted_from_uploaded_manuals_v1_0 | crosswalk_v1.3 source_site=Esophagus and EGJ -> tool_site=Esophagus / EGJ - adenocarcinoma | SURROGATE_AJCC8_FROM_AJCC7_REVIEW_REQUIRED_v1.7: AJCC8 has site rows but no yp rows matching this stage basis; copied from AJCC7 pending cancer committee validation.
Cervix Uteri,AJCC8,any,T1|T2|T3,N1,M0,Any,Any,II,source_page=416; extract_method=stage_carried; extra_factors/raw_extra=T1-3 | N1 | M0 | provenance=auto_extracted_from_uploaded_manuals_v1_0 | crosswalk_v1.3 source_site=Cervix Uteri -> tool_site=Cervix Uteri | SURROGATE_AJCC8_FROM_AJCC7_REVIEW_REQUIRED_v1.7: no AJCC8 stage-grouping rule rows were extractable from the uploaded AJCC8 PDF for this site; copied from AJCC7 to avoid blank result pending cancer committee validation.
Cervix Uteri,AJCC8,any,T1|T2|T3,N1,M0,Any,Any,IIIB,source_page=411; extract_method=stage_carried | provenance=auto_extracted_from_uploaded_manuals_v1_0 | crosswalk_v1.3 source_site=Cervix Uteri -> tool_site=Cervix Uteri | SURROGATE_AJCC8_FROM_AJCC7_REVIEW_REQUIRED_v1.7: no AJCC8 stage-grouping rule rows were extractable from the uploaded AJCC8 PDF for this site; copied from AJCC7 to avoid blank result pending cancer committee validation.
Cervix Uteri,AJCC8,any,T3b,Any,M0,Any,Any,IIIB,source_page=411; extract_method=stage_first | provenance=auto_extracted_from_uploaded_manuals_v1_0 | crosswalk_v1.3 source_site=Cervix Uteri -> tool_site=Cervix Uteri | SURROGATE_AJCC8_FROM_AJCC7_REVIEW_REQUIRED_v1.7: no AJCC8 stage-grouping rule rows were extractable from the uploaded AJCC8 PDF for this site; copied from AJCC7 to avoid blank result pending cancer committee validation.
Cervix Uteri,AJCC8,any,T3a,N0,M0,Any,Any,IIIA,source_page=411; extract_method=stage_first; duplicate_source_page=413 | provenance=auto_extracted_from_uploaded_manuals_v1_0 | crosswalk_v1.3 source_site=Cervix Uteri -> tool_site=Cervix Uteri | SURROGATE_AJCC8_FROM_AJCC7_REVIEW_REQUIRED_v1.7: no AJCC8 stage-grouping rule rows were extractable from the uploaded AJCC8 PDF for this site; copied from AJCC7 to avoid blank result pending cancer committee validation.
Cervix Uteri,AJCC8,any,T3,N0,M0,Any,Any,III,source_page=411; extract_method=stage_first | provenance=auto_extracted_from_uploaded_manuals_v1_0 | crosswalk_v1.3 source_site=Cervix Uteri -> tool_site=Cervix Uteri | SURROGATE_AJCC8_FROM_AJCC7_REVIEW_REQUIRED_v1.7: no AJCC8 stage-grouping rule rows were extractable from the uploaded AJCC8 PDF for this site; copied from AJCC7 to avoid blank result pending cancer committee validation.
Cervix Uteri,AJCC8,any,T2b,N0,M0,Any,Any,IIB,source_page=411; extract_method=stage_first; duplicate_source_page=413 | provenance=auto_extracted_from_uploaded_manuals_v1_0 | crosswalk_v1.3 source_site=Cervix Uteri -> tool_site=Cervix Uteri | SURROGATE_AJCC8_FROM_AJCC7_REVIEW_REQUIRED_v1.7: no AJCC8 stage-grouping rule rows were extractable from the uploaded AJCC8 PDF for this site; copied from AJCC7 to avoid blank result pending cancer committee validation.
Cervix Uteri,AJCC8,any,T2a,N0,M0,Any,Any,IIA,source_page=411; extract_method=stage_first | provenance=auto_extracted_from_uploaded_manuals_v1_0 | crosswalk_v1.3 source_site=Cervix Uteri -> tool_site=Cervix Uteri | SURROGATE_AJCC8_FROM_AJCC7_REVIEW_REQUIRED_v1.7: no AJCC8 stage-grouping rule rows were extractable from the uploaded AJCC8 PDF for this site; copied from AJCC7 to avoid blank result pending cancer committee validation.
Cervix Uteri,AJCC8,any,T2,N0,M0,Any,Any,II,source_page=411; extract_method=stage_first; duplicate_source_page=413; duplicate_source_page=416 | provenance=auto_extracted_from_uploaded_manuals_v1_0 | crosswalk_v1.3 source_site=Cervix Uteri -> tool_site=Cervix Uteri | SURROGATE_AJCC8_FROM_AJCC7_REVIEW_REQUIRED_v1.7: no AJCC8 stage-grouping rule rows were extractable from the uploaded AJCC8 PDF for this site; copied from AJCC7 to avoid blank result pending cancer committee validation.
Cervix Uteri,AJCC8,any,T1b,N0,M0,Any,Any,IB,"source_page=411; extract_method=stage_first; extra_factors/raw_extra=8000-8576, 8940-8950, | provenance=auto_extracted_from_uploaded_manuals_v1_0 | crosswalk_v1.3 source_site=Cervix Uteri -> tool_site=Cervix Uteri | SURROGATE_AJCC8_FROM_AJCC7_REVIEW_REQUIRED_v1.7: no AJCC8 stage-grouping rule rows were extractable from the uploaded AJCC8 PDF for this site; copied from AJCC7 to avoid blank result pending cancer committee validation."
Cervix Uteri,AJCC8,any,T1a,N0,M0,Any,Any,IA,source_page=411; extract_method=stage_first; extra_factors/raw_extra=C53.9 Cervix uteri; duplicate_source_page=413 | provenance=auto_extracted_from_uploaded_manuals_v1_0 | crosswalk_v1.3 source_site=Cervix Uteri -> tool_site=Cervix Uteri | SURROGATE_AJCC8_FROM_AJCC7_REVIEW_REQUIRED_v1.7: no AJCC8 stage-grouping rule rows were extractable from the uploaded AJCC8 PDF for this site; copied from AJCC7 to avoid blank result pending cancer committee validation.
Cervix Uteri,AJCC8,any,T1,N0,M0,Any,Any,I,source_page=411; extract_method=stage_first; extra_factors/raw_extra=C53.8 Overlapping lesion; duplicate_source_page=416 | provenance=auto_extracted_from_uploaded_manuals_v1_0 | crosswalk_v1.3 source_site=Cervix Uteri -> tool_site=Cervix Uteri | SURROGATE_AJCC8_FROM_AJCC7_REVIEW_REQUIRED_v1.7: no AJCC8 stage-grouping rule rows were extractable from the uploaded AJCC8 PDF for this site; copied from AJCC7 to avoid blank result pending cancer committee validation.
Cervix Uteri,AJCC8,any,Tis,N0,M0,Any,Any,0,source_page=411; extract_method=stage_first; extra_factors/raw_extra=C53.1 Exocervix; duplicate_source_page=413 | provenance=auto_extracted_from_uploaded_manuals_v1_0 | crosswalk_v1.3 source_site=Cervix Uteri -> tool_site=Cervix Uteri | SURROGATE_AJCC8_FROM_AJCC7_REVIEW_REQUIRED_v1.7: no AJCC8 stage-grouping rule rows were extractable from the uploaded AJCC8 PDF for this site; copied from AJCC7 to avoid blank result pending cancer committee validation.
Bone: Spine,AJCC8,any,Any,Any,M1b,Any,Any,IVB,source_page=305; extract_method=stage_carried; extra_factors/raw_extra=Any G | Any T | Any N | M1b | Any G | provenance=auto_extracted_from_uploaded_manuals_v1_0 | crosswalk_v1.3 source_site=Bone -> tool_site=Bone: Spine | SURROGATE_AJCC8_FROM_AJCC7_REVIEW_REQUIRED_v1.7: no AJCC8 stage-grouping rule rows were extractable from the uploaded AJCC8 PDF for this site; copied from AJCC7 to avoid blank result pending cancer committee validation.
Cervix Uteri,AJCC8,any,T4,Any,M0,Any,Any,IVA,source_page=411; extract_method=stage_first | provenance=auto_extracted_from_uploaded_manuals_v1_0 | crosswalk_v1.3 source_site=Cervix Uteri -> tool_site=Cervix Uteri | SURROGATE_AJCC8_FROM_AJCC7_REVIEW_REQUIRED_v1.7: no AJCC8 stage-grouping rule rows were extractable from the uploaded AJCC8 PDF for this site; copied from AJCC7 to avoid blank result pending cancer committee validation.
Esophagus / EGJ - squamous,AJCC8,yp,T2,N0,M03,Any,Any,IIA,source_page=125; extract_method=stage_first | provenance=auto_extracted_from_uploaded_manuals_v1_0 | crosswalk_v1.3 source_site=Esophagus and EGJ -> tool_site=Esophagus / EGJ - squamous | SURROGATE_AJCC8_FROM_AJCC7_REVIEW_REQUIRED_v1.7: AJCC8 has site rows but no yp rows matching this stage basis; copied from AJCC7 pending cancer committee validation.
Esophagus and Esophagogastric Junction: Other Histologies,AJCC8,any,T1,N0,M01|X,Any,Any,IA,source_page=119; extract_method=stage_first; extra_factors/raw_extra=Any | C15.3 Upper third | provenance=auto_extracted_from_uploaded_manuals_v1_0 | crosswalk_v1.3 source_site=Esophagus and EGJ -> tool_site=Esophagus and Esophagogastric Junction: Other Histologies | SURROGATE_AJCC8_FROM_AJCC7_REVIEW_REQUIRED_v1.7: no AJCC8 stage-grouping rule rows were extractable from the uploaded AJCC8 PDF for this site; copied from AJCC7 to avoid blank result pending cancer committee validation.
Esophagus and Esophagogastric Junction: Other Histologies,AJCC8,any,T1,N0,M02-3,Any,Any,IB,source_page=119; extract_method=stage_first; extra_factors/raw_extra=Any | of esophagus | provenance=auto_extracted_from_uploaded_manuals_v1_0 | crosswalk_v1.3 source_site=Esophagus and EGJ -> tool_site=Esophagus and Esophagogastric Junction: Other Histologies | SURROGATE_AJCC8_FROM_AJCC7_REVIEW_REQUIRED_v1.7: no AJCC8 stage-grouping rule rows were extractable from the uploaded AJCC8 PDF for this site; copied from AJCC7 to avoid blank result pending cancer committee validation.
Esophagus and Esophagogastric Junction: Other Histologies,AJCC8,any,Any,Any,M1,Any,Any,IV,source_page=120; extract_method=stage_first; duplicate_source_page=129; duplicate_source_page=130 | provenance=auto_extracted_from_uploaded_manuals_v1_0 | crosswalk_v1.3 source_site=Esophagus and EGJ -> tool_site=Esophagus and Esophagogastric Junction: Other Histologies | SURROGATE_AJCC8_FROM_AJCC7_REVIEW_REQUIRED_v1.7: no AJCC8 stage-grouping rule rows were extractable from the uploaded AJCC8 PDF for this site; copied from AJCC7 to avoid blank result pending cancer committee validation.
Esophagus and Esophagogastric Junction: Other Histologies,AJCC8,any,Any,N3,M0,Any,Any,IIIC,source_page=120; extract_method=stage_carried; duplicate_source_page=129; duplicate_source_page=130 | provenance=auto_extracted_from_uploaded_manuals_v1_0 | crosswalk_v1.3 source_site=Esophagus and EGJ -> tool_site=Esophagus and Esophagogastric Junction: Other Histologies | SURROGATE_AJCC8_FROM_AJCC7_REVIEW_REQUIRED_v1.7: no AJCC8 stage-grouping rule rows were extractable from the uploaded AJCC8 PDF for this site; copied from AJCC7 to avoid blank result pending cancer committee validation.
Esophagus and Esophagogastric Junction: Other Histologies,AJCC8,any,T4b,AnyM0,Any,Any,Any,IIIC,source_page=120; extract_method=stage_carried | provenance=auto_extracted_from_uploaded_manuals_v1_0 | crosswalk_v1.3 source_site=Esophagus and EGJ -> tool_site=Esophagus and Esophagogastric Junction: Other Histologies | SURROGATE_AJCC8_FROM_AJCC7_REVIEW_REQUIRED_v1.7: no AJCC8 stage-grouping rule rows were extractable from the uploaded AJCC8 PDF for this site; copied from AJCC7 to avoid blank result pending cancer committee validation.
Esophagus and Esophagogastric Junction: Other Histologies,AJCC8,any,T4a,N1|N2M0,Any,Any,Any,IIIC,source_page=120; extract_method=stage_first | provenance=auto_extracted_from_uploaded_manuals_v1_0 | crosswalk_v1.3 source_site=Esophagus and EGJ -> tool_site=Esophagus and Esophagogastric Junction: Other Histologies | SURROGATE_AJCC8_FROM_AJCC7_REVIEW_REQUIRED_v1.7: no AJCC8 stage-grouping rule rows were extractable from the uploaded AJCC8 PDF for this site; copied from AJCC7 to avoid blank result pending cancer committee validation.
Esophagus and Esophagogastric Junction: Other Histologies,AJCC8,any,T3,N2,M0,Any,Any,IIIB,source_page=120; extract_method=stage_first; duplicate_source_page=129; duplicate_source_page=130 | provenance=auto_extracted_from_uploaded_manuals_v1_0 | crosswalk_v1.3 source_site=Esophagus and EGJ -> tool_site=Esophagus and Esophagogastric Junction: Other Histologies | SURROGATE_AJCC8_FROM_AJCC7_REVIEW_REQUIRED_v1.7: no AJCC8 stage-grouping rule rows were extractable from the uploaded AJCC8 PDF for this site; copied from AJCC7 to avoid blank result pending cancer committee validation.
Esophagus and Esophagogastric Junction: Other Histologies,AJCC8,any,T4a,N0,M0,Any,Any,IIIA,source_page=120; extract_method=stage_carried; duplicate_source_page=129; duplicate_source_page=130 | provenance=auto_extracted_from_uploaded_manuals_v1_0 | crosswalk_v1.3 source_site=Esophagus and EGJ -> tool_site=Esophagus and Esophagogastric Junction: Other Histologies | SURROGATE_AJCC8_FROM_AJCC7_REVIEW_REQUIRED_v1.7: no AJCC8 stage-grouping rule rows were extractable from the uploaded AJCC8 PDF for this site; copied from AJCC7 to avoid blank result pending cancer committee validation.
Esophagus and Esophagogastric Junction: Other Histologies,AJCC8,any,T3,N1,M0,Any,Any,IIIA,source_page=120; extract_method=stage_carried; duplicate_source_page=129; duplicate_source_page=130 | provenance=auto_extracted_from_uploaded_manuals_v1_0 | crosswalk_v1.3 source_site=Esophagus and EGJ -> tool_site=Esophagus and Esophagogastric Junction: Other Histologies | SURROGATE_AJCC8_FROM_AJCC7_REVIEW_REQUIRED_v1.7: no AJCC8 stage-grouping rule rows were extractable from the uploaded AJCC8 PDF for this site; copied from AJCC7 to avoid blank result pending cancer committee validation.
Esophagus and Esophagogastric Junction: Other Histologies,AJCC8,any,T1|T2,N2,M0,Any,Any,IIIA,source_page=120; extract_method=stage_first; duplicate_source_page=129; duplicate_source_page=130 | provenance=auto_extracted_from_uploaded_manuals_v1_0 | crosswalk_v1.3 source_site=Esophagus and EGJ -> tool_site=Esophagus and Esophagogastric Junction: Other Histologies | SURROGATE_AJCC8_FROM_AJCC7_REVIEW_REQUIRED_v1.7: no AJCC8 stage-grouping rule rows were extractable from the uploaded AJCC8 PDF for this site; copied from AJCC7 to avoid blank result pending cancer committee validation.
Esophagus and Esophagogastric Junction: Other Histologies,AJCC8,any,T1|T2,N1,M0,Any,Any,IIB,source_page=120; extract_method=stage_carried; duplicate_source_page=129; duplicate_source_page=130 | provenance=auto_extracted_from_uploaded_manuals_v1_0 | crosswalk_v1.3 source_site=Esophagus and EGJ -> tool_site=Esophagus and Esophagogastric Junction: Other Histologies | SURROGATE_AJCC8_FROM_AJCC7_REVIEW_REQUIRED_v1.7: no AJCC8 stage-grouping rule rows were extractable from the uploaded AJCC8 PDF for this site; copied from AJCC7 to avoid blank result pending cancer committee validation.
Esophagus and Esophagogastric Junction: Other Histologies,AJCC8,any,T3,N0,M0,Any,Any,IIB,source_page=120; extract_method=stage_first; duplicate_source_page=130 | provenance=auto_extracted_from_uploaded_manuals_v1_0 | crosswalk_v1.3 source_site=Esophagus and EGJ -> tool_site=Esophagus and Esophagogastric Junction: Other Histologies | SURROGATE_AJCC8_FROM_AJCC7_REVIEW_REQUIRED_v1.7: no AJCC8 stage-grouping rule rows were extractable from the uploaded AJCC8 PDF for this site; copied from AJCC7 to avoid blank result pending cancer committee validation.
Esophagus and Esophagogastric Junction: Other Histologies,AJCC8,any,T2,N0,M0,Any,Any,IIA,source_page=120; extract_method=stage_first; extra_factors/raw_extra=3; duplicate_source_page=130 | provenance=auto_extracted_from_uploaded_manuals_v1_0 | crosswalk_v1.3 source_site=Esophagus and EGJ -> tool_site=Esophagus and Esophagogastric Junction: Other Histologies | SURROGATE_AJCC8_FROM_AJCC7_REVIEW_REQUIRED_v1.7: no AJCC8 stage-grouping rule rows were extractable from the uploaded AJCC8 PDF for this site; copied from AJCC7 to avoid blank result pending cancer committee validation.
Esophagus and Esophagogastric Junction: Other Histologies,AJCC8,any,T2,N0,M0,Any,Any,IB,"source_page=120; extract_method=stage_carried; extra_factors/raw_extra=1-2, X; duplicate_source_page=130 | provenance=auto_extracted_from_uploaded_manuals_v1_0 | crosswalk_v1.3 source_site=Esophagus and EGJ -> tool_site=Esophagus and Esophagogastric Junction: Other Histologies | SURROGATE_AJCC8_FROM_AJCC7_REVIEW_REQUIRED_v1.7: no AJCC8 stage-grouping rule rows were extractable from the uploaded AJCC8 PDF for this site; copied from AJCC7 to avoid blank result pending cancer committee validation."
Esophagus and Esophagogastric Junction: Other Histologies,AJCC8,any,T1,N0,M0,Any,Any,IB,source_page=120; extract_method=stage_first; extra_factors/raw_extra=3; duplicate_source_page=129; duplicate_source_page=130 | provenance=auto_extracted_from_uploaded_manuals_v1_0 | crosswalk_v1.3 source_site=Esophagus and EGJ -> tool_site=Esophagus and Esophagogastric Junction: Other Histologies | SURROGATE_AJCC8_FROM_AJCC7_REVIEW_REQUIRED_v1.7: no AJCC8 stage-grouping rule rows were extractable from the uploaded AJCC8 PDF for this site; copied from AJCC7 to avoid blank result pending cancer committee validation.
Esophagus and Esophagogastric Junction: Other Histologies,AJCC8,any,T1,N0,M0,Any,Any,IA,"source_page=120; extract_method=stage_first; extra_factors/raw_extra=1-2, X | 8980-8981 (C16 only); duplicate_source_page=129; duplicate_source_page=130 | provenance=auto_extracted_from_uploaded_manuals_v1_0 | crosswalk_v1.3 source_site=Esophagus and EGJ -> tool_site=Esophagus and Esophagogastric Junction: Other Histologies | SURROGATE_AJCC8_FROM_AJCC7_REVIEW_REQUIRED_v1.7: no AJCC8 stage-grouping rule rows were extractable from the uploaded AJCC8 PDF for this site; copied from AJCC7 to avoid blank result pending cancer committee validation."
Esophagus and Esophagogastric Junction: Other Histologies,AJCC8,any,Any,Any,M1Any,Any,Any,IV,source_page=119; extract_method=stage_first; extra_factors/raw_extra=Any | junction. | provenance=auto_extracted_from_uploaded_manuals_v1_0 | crosswalk_v1.3 source_site=Esophagus and EGJ -> tool_site=Esophagus and Esophagogastric Junction: Other Histologies | SURROGATE_AJCC8_FROM_AJCC7_REVIEW_REQUIRED_v1.7: no AJCC8 stage-grouping rule rows were extractable from the uploaded AJCC8 PDF for this site; copied from AJCC7 to avoid blank result pending cancer committee validation.
Esophagus and Esophagogastric Junction: Other Histologies,AJCC8,any,Any,N3,M0Any,Any,Any,IIIC,source_page=119; extract_method=stage_carried; extra_factors/raw_extra=Any | *Note: If gastric tumor extends | provenance=auto_extracted_from_uploaded_manuals_v1_0 | crosswalk_v1.3 source_site=Esophagus and EGJ -> tool_site=Esophagus and Esophagogastric Junction: Other Histologies | SURROGATE_AJCC8_FROM_AJCC7_REVIEW_REQUIRED_v1.7: no AJCC8 stage-grouping rule rows were extractable from the uploaded AJCC8 PDF for this site; copied from AJCC7 to avoid blank result pending cancer committee validation.
Esophagus and Esophagogastric Junction: Other Histologies,AJCC8,any,T4b,AnyM0Any,Any,Any,Any,IIIC,source_page=119; extract_method=stage_carried | provenance=auto_extracted_from_uploaded_manuals_v1_0 | crosswalk_v1.3 source_site=Esophagus and EGJ -> tool_site=Esophagus and Esophagogastric Junction: Other Histologies | SURROGATE_AJCC8_FROM_AJCC7_REVIEW_REQUIRED_v1.7: no AJCC8 stage-grouping rule rows were extractable from the uploaded AJCC8 PDF for this site; copied from AJCC7 to avoid blank result pending cancer committee validation.
Esophagus and Esophagogastric Junction: Other Histologies,AJCC8,any,T4a,N1|N2M0Any,Any,Any,Any,IIIC,source_page=119; extract_method=stage_first; extra_factors/raw_extra=proximal 5 cm only* | provenance=auto_extracted_from_uploaded_manuals_v1_0 | crosswalk_v1.3 source_site=Esophagus and EGJ -> tool_site=Esophagus and Esophagogastric Junction: Other Histologies | SURROGATE_AJCC8_FROM_AJCC7_REVIEW_REQUIRED_v1.7: no AJCC8 stage-grouping rule rows were extractable from the uploaded AJCC8 PDF for this site; copied from AJCC7 to avoid blank result pending cancer committee validation.
Esophagus and Esophagogastric Junction: Other Histologies,AJCC8,any,T3,N2,M0Any,Any,Any,IIIB,source_page=119; extract_method=stage_first; extra_factors/raw_extra=Any | proximal 5 cm only* | provenance=auto_extracted_from_uploaded_manuals_v1_0 | crosswalk_v1.3 source_site=Esophagus and EGJ -> tool_site=Esophagus and Esophagogastric Junction: Other Histologies | SURROGATE_AJCC8_FROM_AJCC7_REVIEW_REQUIRED_v1.7: no AJCC8 stage-grouping rule rows were extractable from the uploaded AJCC8 PDF for this site; copied from AJCC7 to avoid blank result pending cancer committee validation.
Esophagus and Esophagogastric Junction: Other Histologies,AJCC8,any,T4a,N0,M0Any,Any,Any,IIIA,"source_page=119; extract_method=stage_carried; extra_factors/raw_extra=Any | C16.1 Fundus of stomach, | provenance=auto_extracted_from_uploaded_manuals_v1_0 | crosswalk_v1.3 source_site=Esophagus and EGJ -> tool_site=Esophagus and Esophagogastric Junction: Other Histologies | SURROGATE_AJCC8_FROM_AJCC7_REVIEW_REQUIRED_v1.7: no AJCC8 stage-grouping rule rows were extractable from the uploaded AJCC8 PDF for this site; copied from AJCC7 to avoid blank result pending cancer committee validation."
Esophagus and Esophagogastric Junction: Other Histologies,AJCC8,any,T3,N1,M0Any,Any,Any,IIIA,source_page=119; extract_method=stage_carried; extra_factors/raw_extra=Any | gastric junction | provenance=auto_extracted_from_uploaded_manuals_v1_0 | crosswalk_v1.3 source_site=Esophagus and EGJ -> tool_site=Esophagus and Esophagogastric Junction: Other Histologies | SURROGATE_AJCC8_FROM_AJCC7_REVIEW_REQUIRED_v1.7: no AJCC8 stage-grouping rule rows were extractable from the uploaded AJCC8 PDF for this site; copied from AJCC7 to avoid blank result pending cancer committee validation.
Esophagus and Esophagogastric Junction: Other Histologies,AJCC8,any,T1|T2,N2,M0Any,Any,Any,IIIA,"source_page=119; extract_method=stage_first; extra_factors/raw_extra=Any | C16.0 Cardia, esophago- | provenance=auto_extracted_from_uploaded_manuals_v1_0 | crosswalk_v1.3 source_site=Esophagus and EGJ -> tool_site=Esophagus and Esophagogastric Junction: Other Histologies | SURROGATE_AJCC8_FROM_AJCC7_REVIEW_REQUIRED_v1.7: no AJCC8 stage-grouping rule rows were extractable from the uploaded AJCC8 PDF for this site; copied from AJCC7 to avoid blank result pending cancer committee validation."
Esophagus and Esophagogastric Junction: Other Histologies,AJCC8,any,T1|T2,N1,M0Any,Any,Any,IIB,source_page=119; extract_method=stage_carried; extra_factors/raw_extra=Any | of esophagus | provenance=auto_extracted_from_uploaded_manuals_v1_0 | crosswalk_v1.3 source_site=Esophagus and EGJ -> tool_site=Esophagus and Esophagogastric Junction: Other Histologies | SURROGATE_AJCC8_FROM_AJCC7_REVIEW_REQUIRED_v1.7: no AJCC8 stage-grouping rule rows were extractable from the uploaded AJCC8 PDF for this site; copied from AJCC7 to avoid blank result pending cancer committee validation.
Esophagus and Esophagogastric Junction: Other Histologies,AJCC8,any,T2|T3,N0,M02-3,Any,Any,IIB,"source_page=119; extract_method=stage_first; extra_factors/raw_extra=Upper, middle | C15.8 Overlapping lesion | provenance=auto_extracted_from_uploaded_manuals_v1_0 | crosswalk_v1.3 source_site=Esophagus and EGJ -> tool_site=Esophagus and Esophagogastric Junction: Other Histologies | SURROGATE_AJCC8_FROM_AJCC7_REVIEW_REQUIRED_v1.7: no AJCC8 stage-grouping rule rows were extractable from the uploaded AJCC8 PDF for this site; copied from AJCC7 to avoid blank result pending cancer committee validation."
Esophagus and Esophagogastric Junction: Other Histologies,AJCC8,any,T2|T3,N0,M02-3,Any,Any,IIA,"source_page=119; extract_method=stage_carried; extra_factors/raw_extra=Lower, X | of esophagus | provenance=auto_extracted_from_uploaded_manuals_v1_0 | crosswalk_v1.3 source_site=Esophagus and EGJ -> tool_site=Esophagus and Esophagogastric Junction: Other Histologies | SURROGATE_AJCC8_FROM_AJCC7_REVIEW_REQUIRED_v1.7: no AJCC8 stage-grouping rule rows were extractable from the uploaded AJCC8 PDF for this site; copied from AJCC7 to avoid blank result pending cancer committee validation."
Esophagus and Esophagogastric Junction: Other Histologies,AJCC8,any,T2|T3,N0,M01|X,Any,Any,IIA,"source_page=119; extract_method=stage_first; extra_factors/raw_extra=Upper, middle | C15.5 Lower third | provenance=auto_extracted_from_uploaded_manuals_v1_0 | crosswalk_v1.3 source_site=Esophagus and EGJ -> tool_site=Esophagus and Esophagogastric Junction: Other Histologies | SURROGATE_AJCC8_FROM_AJCC7_REVIEW_REQUIRED_v1.7: no AJCC8 stage-grouping rule rows were extractable from the uploaded AJCC8 PDF for this site; copied from AJCC7 to avoid blank result pending cancer committee validation."
Esophagus and Esophagogastric Junction: Other Histologies,AJCC8,any,T2|T3,N0,M01|X,Any,Any,IB,"source_page=119; extract_method=stage_carried; extra_factors/raw_extra=Lower, X | C15.4 Middle third | provenance=auto_extracted_from_uploaded_manuals_v1_0 | crosswalk_v1.3 source_site=Esophagus and EGJ -> tool_site=Esophagus and Esophagogastric Junction: Other Histologies | SURROGATE_AJCC8_FROM_AJCC7_REVIEW_REQUIRED_v1.7: no AJCC8 stage-grouping rule rows were extractable from the uploaded AJCC8 PDF for this site; copied from AJCC7 to avoid blank result pending cancer committee validation."
Bone: Spine,AJCC8,any,Any,N1,Any,Any,Any,IVB,source_page=305; extract_method=stage_first; extra_factors/raw_extra=Any G | IVB | Any T | N1 | Any M | Any G | provenance=auto_extracted_from_uploaded_manuals_v1_0 | crosswalk_v1.3 source_site=Bone -> tool_site=Bone: Spine | SURROGATE_AJCC8_FROM_AJCC7_REVIEW_REQUIRED_v1.7: no AJCC8 stage-grouping rule rows were extractable from the uploaded AJCC8 PDF for this site; copied from AJCC7 to avoid blank result pending cancer committee validation.
Bone: Spine,AJCC8,any,Any,N0,M1a,Any,Any,IVA,source_page=305; extract_method=stage_first; extra_factors/raw_extra=Any G | IVA | Any T | N0 | M1a | Any G | provenance=auto_extracted_from_uploaded_manuals_v1_0 | crosswalk_v1.3 source_site=Bone -> tool_site=Bone: Spine | SURROGATE_AJCC8_FROM_AJCC7_REVIEW_REQUIRED_v1.7: no AJCC8 stage-grouping rule rows were extractable from the uploaded AJCC8 PDF for this site; copied from AJCC7 to avoid blank result pending cancer committee validation.
Bone: Spine,AJCC8,any,T1,N0,M0,Any,Any,IIA,"source_page=300; extract_method=stage_first; extra_factors/raw_extra=G3, 4 High grade | Clear cell; duplicate_source_page=305 | provenance=auto_extracted_from_uploaded_manuals_v1_0 | crosswalk_v1.3 source_site=Bone -> tool_site=Bone: Spine | SURROGATE_AJCC8_FROM_AJCC7_REVIEW_REQUIRED_v1.7: no AJCC8 stage-grouping rule rows were extractable from the uploaded AJCC8 PDF for this site; copied from AJCC7 to avoid blank result pending cancer committee validation."
Bone: Spine,AJCC8,any,T3,N0,M0,Any,Any,III,"source_page=297; extract_method=stage_first; extra_factors/raw_extra=G3, 4 | C40.2 Long bones of; duplicate_source_page=300; duplicate_source_page=305 | provenance=auto_extracted_from_uploaded_manuals_v1_0 | crosswalk_v1.3 source_site=Bone -> tool_site=Bone: Spine | SURROGATE_AJCC8_FROM_AJCC7_REVIEW_REQUIRED_v1.7: no AJCC8 stage-grouping rule rows were extractable from the uploaded AJCC8 PDF for this site; copied from AJCC7 to avoid blank result pending cancer committee validation."
Anus,AJCC8,any,T2,N0,M0,Any,Any,II,source_page=181; extract_method=stage_first; extra_factors/raw_extra=C21.8 Overlapping lesion; duplicate_source_page=185; duplicate_source_page=187 | provenance=auto_extracted_from_uploaded_manuals_v1_0 | crosswalk_v1.3 source_site=Anus -> tool_site=Anus | SURROGATE_AJCC8_FROM_AJCC7_REVIEW_REQUIRED_v1.7: no AJCC8 stage-grouping rule rows were extractable from the uploaded AJCC8 PDF for this site; copied from AJCC7 to avoid blank result pending cancer committee validation.
Anus,AJCC8,any,T1,N0,M0,Any,Any,I,source_page=181; extract_method=stage_first; extra_factors/raw_extra=C21.1 Anal canal; duplicate_source_page=185; duplicate_source_page=187 | provenance=auto_extracted_from_uploaded_manuals_v1_0 | crosswalk_v1.3 source_site=Anus -> tool_site=Anus | SURROGATE_AJCC8_FROM_AJCC7_REVIEW_REQUIRED_v1.7: no AJCC8 stage-grouping rule rows were extractable from the uploaded AJCC8 PDF for this site; copied from AJCC7 to avoid blank result pending cancer committee validation.
Anus,AJCC8,any,Tis,N0,M0,Any,Any,0,"source_page=181; extract_method=stage_first; extra_factors/raw_extra=C21.0 Anus, NOS; duplicate_source_page=185; duplicate_source_page=187 | provenance=auto_extracted_from_uploaded_manuals_v1_0 | crosswalk_v1.3 source_site=Anus -> tool_site=Anus | SURROGATE_AJCC8_FROM_AJCC7_REVIEW_REQUIRED_v1.7: no AJCC8 stage-grouping rule rows were extractable from the uploaded AJCC8 PDF for this site; copied from AJCC7 to avoid blank result pending cancer committee validation."
Adrenal – Neuroendocrine Tumors,AJCC8,any,T4,N1,M0,Any,Any,IV,source_page=531; extract_method=stage_carried; duplicate_source_page=533; duplicate_source_page=535 | provenance=auto_extracted_from_uploaded_manuals_v1_0 | crosswalk_v1.3 source_site=Adrenal -> tool_site=Adrenal – Neuroendocrine Tumors | SURROGATE_AJCC8_FROM_AJCC7_REVIEW_REQUIRED_v1.7: no AJCC8 stage-grouping rule rows were extractable from the uploaded AJCC8 PDF for this site; copied from AJCC7 to avoid blank result pending cancer committee validation.
Adrenal – Neuroendocrine Tumors,AJCC8,any,T4,N0,M0,Any,Any,IV,"source_page=531; extract_method=stage_carried; extra_factors/raw_extra=8140 (C74.0 only), 8370; duplicate_source_page=533; duplicate_source_page=535 | provenance=auto_extracted_from_uploaded_manuals_v1_0 | crosswalk_v1.3 source_site=Adrenal -> tool_site=Adrenal – Neuroendocrine Tumors | SURROGATE_AJCC8_FROM_AJCC7_REVIEW_REQUIRED_v1.7: no AJCC8 stage-grouping rule rows were extractable from the uploaded AJCC8 PDF for this site; copied from AJCC7 to avoid blank result pending cancer committee validation."
Adrenal – Neuroendocrine Tumors,AJCC8,any,T3,N1,M0,Any,Any,IV,"source_page=531; extract_method=stage_first; extra_factors/raw_extra=8010 (C74.0 only),; duplicate_source_page=533; duplicate_source_page=535 | provenance=auto_extracted_from_uploaded_manuals_v1_0 | crosswalk_v1.3 source_site=Adrenal -> tool_site=Adrenal – Neuroendocrine Tumors | SURROGATE_AJCC8_FROM_AJCC7_REVIEW_REQUIRED_v1.7: no AJCC8 stage-grouping rule rows were extractable from the uploaded AJCC8 PDF for this site; copied from AJCC7 to avoid blank result pending cancer committee validation."
Adrenal – Neuroendocrine Tumors,AJCC8,any,T3,N0,M0,Any,Any,III,source_page=531; extract_method=stage_carried; extra_factors/raw_extra=CODE; duplicate_source_page=533; duplicate_source_page=535 | provenance=auto_extracted_from_uploaded_manuals_v1_0 | crosswalk_v1.3 source_site=Adrenal -> tool_site=Adrenal – Neuroendocrine Tumors | SURROGATE_AJCC8_FROM_AJCC7_REVIEW_REQUIRED_v1.7: no AJCC8 stage-grouping rule rows were extractable from the uploaded AJCC8 PDF for this site; copied from AJCC7 to avoid blank result pending cancer committee validation.
Adrenal – Neuroendocrine Tumors,AJCC8,any,T2,N1,M0,Any,Any,III,source_page=531; extract_method=stage_carried; extra_factors/raw_extra=ICD-O-3 HISTOLOGY; duplicate_source_page=533; duplicate_source_page=535 | provenance=auto_extracted_from_uploaded_manuals_v1_0 | crosswalk_v1.3 source_site=Adrenal -> tool_site=Adrenal – Neuroendocrine Tumors | SURROGATE_AJCC8_FROM_AJCC7_REVIEW_REQUIRED_v1.7: no AJCC8 stage-grouping rule rows were extractable from the uploaded AJCC8 PDF for this site; copied from AJCC7 to avoid blank result pending cancer committee validation.
Adrenal – Neuroendocrine Tumors,AJCC8,any,T1,N1,M0,Any,Any,III,source_page=531; extract_method=stage_first; duplicate_source_page=533; duplicate_source_page=535 | provenance=auto_extracted_from_uploaded_manuals_v1_0 | crosswalk_v1.3 source_site=Adrenal -> tool_site=Adrenal – Neuroendocrine Tumors | SURROGATE_AJCC8_FROM_AJCC7_REVIEW_REQUIRED_v1.7: no AJCC8 stage-grouping rule rows were extractable from the uploaded AJCC8 PDF for this site; copied from AJCC7 to avoid blank result pending cancer committee validation.
Adrenal – Neuroendocrine Tumors,AJCC8,any,T2,N0,M0,Any,Any,II,source_page=531; extract_method=stage_first; extra_factors/raw_extra=gland; duplicate_source_page=533; duplicate_source_page=535 | provenance=auto_extracted_from_uploaded_manuals_v1_0 | crosswalk_v1.3 source_site=Adrenal -> tool_site=Adrenal – Neuroendocrine Tumors | SURROGATE_AJCC8_FROM_AJCC7_REVIEW_REQUIRED_v1.7: no AJCC8 stage-grouping rule rows were extractable from the uploaded AJCC8 PDF for this site; copied from AJCC7 to avoid blank result pending cancer committee validation.
Adrenal – Neuroendocrine Tumors,AJCC8,any,Any,Any,M1,Any,Any,IV,source_page=197; extract_method=stage_first; extra_factors/raw_extra=C24.1 | Ampulla of; duplicate_source_page=204 | provenance=auto_extracted_from_uploaded_manuals_v1_0 | crosswalk_v1.3 source_site=Neuroendocrine Tumors -> tool_site=Adrenal – Neuroendocrine Tumors | source_page=531; extract_method=stage_carried; duplicate_source_page=533; duplicate_source_page=535 | provenance=auto_extracted_from_uploaded_manuals_v1_0 | crosswalk_v1.3 source_site=Adrenal -> tool_site=Adrenal – Neuroendocrine Tumors | SURROGATE_AJCC8_FROM_AJCC7_REVIEW_REQUIRED_v1.7: no AJCC8 stage-grouping rule rows were extractable from the uploaded AJCC8 PDF for this site; copied from AJCC7 to avoid blank result pending cancer committee validation.
Adrenal – Neuroendocrine Tumors,AJCC8,any,Any,N1,M0,Any,Any,IIIB,source_page=197; extract_method=stage_first; extra_factors/raw_extra=junction; duplicate_source_page=204 | provenance=auto_extracted_from_uploaded_manuals_v1_0 | crosswalk_v1.3 source_site=Neuroendocrine Tumors -> tool_site=Adrenal – Neuroendocrine Tumors | SURROGATE_AJCC8_FROM_AJCC7_REVIEW_REQUIRED_v1.7: no AJCC8 stage-grouping rule rows were extractable from the uploaded AJCC8 PDF for this site; copied from AJCC7 to avoid blank result pending cancer committee validation.
Adrenal – Neuroendocrine Tumors,AJCC8,any,T4,N0,M0,Any,Any,IIIA,source_page=197; extract_method=stage_first; extra_factors/raw_extra=C19.9 | Rectosigmoid; duplicate_source_page=204 | provenance=auto_extracted_from_uploaded_manuals_v1_0 | crosswalk_v1.3 source_site=Neuroendocrine Tumors -> tool_site=Adrenal – Neuroendocrine Tumors | SURROGATE_AJCC8_FROM_AJCC7_REVIEW_REQUIRED_v1.7: no AJCC8 stage-grouping rule rows were extractable from the uploaded AJCC8 PDF for this site; copied from AJCC7 to avoid blank result pending cancer committee validation.
Adrenal – Neuroendocrine Tumors,AJCC8,any,T3,N0,M0,Any,Any,IIB,source_page=197; extract_method=stage_first; extra_factors/raw_extra=C18.2-C18.9 (excludes; duplicate_source_page=204 | provenance=auto_extracted_from_uploaded_manuals_v1_0 | crosswalk_v1.3 source_site=Neuroendocrine Tumors -> tool_site=Adrenal – Neuroendocrine Tumors | SURROGATE_AJCC8_FROM_AJCC7_REVIEW_REQUIRED_v1.7: no AJCC8 stage-grouping rule rows were extractable from the uploaded AJCC8 PDF for this site; copied from AJCC7 to avoid blank result pending cancer committee validation.
Adrenal – Neuroendocrine Tumors,AJCC8,any,T2,N0,M0,Any,Any,IIA,"source_page=197; extract_method=stage_first; extra_factors/raw_extra=C18.0, | Colon; duplicate_source_page=204 | provenance=auto_extracted_from_uploaded_manuals_v1_0 | crosswalk_v1.3 source_site=Neuroendocrine Tumors -> tool_site=Adrenal – Neuroendocrine Tumors | SURROGATE_AJCC8_FROM_AJCC7_REVIEW_REQUIRED_v1.7: no AJCC8 stage-grouping rule rows were extractable from the uploaded AJCC8 PDF for this site; copied from AJCC7 to avoid blank result pending cancer committee validation."
Adrenal – Neuroendocrine Tumors,AJCC8,any,T1,N0,M0,Any,Any,I,source_page=197; extract_method=stage_first; extra_factors/raw_extra=C17.0-C17.9 Small; duplicate_source_page=204 | provenance=auto_extracted_from_uploaded_manuals_v1_0 | crosswalk_v1.3 source_site=Neuroendocrine Tumors -> tool_site=Adrenal – Neuroendocrine Tumors | source_page=531; extract_method=stage_first; extra_factors/raw_extra=C74.0 Cortex of adrenal; duplicate_source_page=533; duplicate_source_page=535 | provenance=auto_extracted_from_uploaded_manuals_v1_0 | crosswalk_v1.3 source_site=Adrenal -> tool_site=Adrenal – Neuroendocrine Tumors | SURROGATE_AJCC8_FROM_AJCC7_REVIEW_REQUIRED_v1.7: no AJCC8 stage-grouping rule rows were extractable from the uploaded AJCC8 PDF for this site; copied from AJCC7 to avoid blank result pending cancer committee validation.
Adrenal – Neuroendocrine Tumors,AJCC8,any,Tis,N0,M0,Any,Any,0,source_page=197; extract_method=stage_first; extra_factors/raw_extra=C16.0-C16.9 Stomach; duplicate_source_page=204 | provenance=auto_extracted_from_uploaded_manuals_v1_0 | crosswalk_v1.3 source_site=Neuroendocrine Tumors -> tool_site=Adrenal – Neuroendocrine Tumors | SURROGATE_AJCC8_FROM_AJCC7_REVIEW_REQUIRED_v1.7: no AJCC8 stage-grouping rule rows were extractable from the uploaded AJCC8 PDF for this site; copied from AJCC7 to avoid blank result pending cancer committee validation.
Adrenal Cortical Carcinoma,AJCC8,any,Any,Any,M1,Any,Any,IV,source_page=531; extract_method=stage_carried; duplicate_source_page=533; duplicate_source_page=535 | provenance=auto_extracted_from_uploaded_manuals_v1_0 | crosswalk_v1.3 source_site=Adrenal -> tool_site=Adrenal Cortical Carcinoma | SURROGATE_AJCC8_FROM_AJCC7_REVIEW_REQUIRED_v1.7: no AJCC8 stage-grouping rule rows were extractable from the uploaded AJCC8 PDF for this site; copied from AJCC7 to avoid blank result pending cancer committee validation.
Adrenal Cortical Carcinoma,AJCC8,any,T4,N1,M0,Any,Any,IV,source_page=531; extract_method=stage_carried; duplicate_source_page=533; duplicate_source_page=535 | provenance=auto_extracted_from_uploaded_manuals_v1_0 | crosswalk_v1.3 source_site=Adrenal -> tool_site=Adrenal Cortical Carcinoma | SURROGATE_AJCC8_FROM_AJCC7_REVIEW_REQUIRED_v1.7: no AJCC8 stage-grouping rule rows were extractable from the uploaded AJCC8 PDF for this site; copied from AJCC7 to avoid blank result pending cancer committee validation.
Adrenal Cortical Carcinoma,AJCC8,any,T4,N0,M0,Any,Any,IV,"source_page=531; extract_method=stage_carried; extra_factors/raw_extra=8140 (C74.0 only), 8370; duplicate_source_page=533; duplicate_source_page=535 | provenance=auto_extracted_from_uploaded_manuals_v1_0 | crosswalk_v1.3 source_site=Adrenal -> tool_site=Adrenal Cortical Carcinoma | SURROGATE_AJCC8_FROM_AJCC7_REVIEW_REQUIRED_v1.7: no AJCC8 stage-grouping rule rows were extractable from the uploaded AJCC8 PDF for this site; copied from AJCC7 to avoid blank result pending cancer committee validation."
Adrenal Cortical Carcinoma,AJCC8,any,T3,N1,M0,Any,Any,IV,"source_page=531; extract_method=stage_first; extra_factors/raw_extra=8010 (C74.0 only),; duplicate_source_page=533; duplicate_source_page=535 | provenance=auto_extracted_from_uploaded_manuals_v1_0 | crosswalk_v1.3 source_site=Adrenal -> tool_site=Adrenal Cortical Carcinoma | SURROGATE_AJCC8_FROM_AJCC7_REVIEW_REQUIRED_v1.7: no AJCC8 stage-grouping rule rows were extractable from the uploaded AJCC8 PDF for this site; copied from AJCC7 to avoid blank result pending cancer committee validation."
Adrenal Cortical Carcinoma,AJCC8,any,T3,N0,M0,Any,Any,III,source_page=531; extract_method=stage_carried; extra_factors/raw_extra=CODE; duplicate_source_page=533; duplicate_source_page=535 | provenance=auto_extracted_from_uploaded_manuals_v1_0 | crosswalk_v1.3 source_site=Adrenal -> tool_site=Adrenal Cortical Carcinoma | SURROGATE_AJCC8_FROM_AJCC7_REVIEW_REQUIRED_v1.7: no AJCC8 stage-grouping rule rows were extractable from the uploaded AJCC8 PDF for this site; copied from AJCC7 to avoid blank result pending cancer committee validation.
Adrenal Cortical Carcinoma,AJCC8,any,T2,N1,M0,Any,Any,III,source_page=531; extract_method=stage_carried; extra_factors/raw_extra=ICD-O-3 HISTOLOGY; duplicate_source_page=533; duplicate_source_page=535 | provenance=auto_extracted_from_uploaded_manuals_v1_0 | crosswalk_v1.3 source_site=Adrenal -> tool_site=Adrenal Cortical Carcinoma | SURROGATE_AJCC8_FROM_AJCC7_REVIEW_REQUIRED_v1.7: no AJCC8 stage-grouping rule rows were extractable from the uploaded AJCC8 PDF for this site; copied from AJCC7 to avoid blank result pending cancer committee validation.
Adrenal Cortical Carcinoma,AJCC8,any,T1,N1,M0,Any,Any,III,source_page=531; extract_method=stage_first; duplicate_source_page=533; duplicate_source_page=535 | provenance=auto_extracted_from_uploaded_manuals_v1_0 | crosswalk_v1.3 source_site=Adrenal -> tool_site=Adrenal Cortical Carcinoma | SURROGATE_AJCC8_FROM_AJCC7_REVIEW_REQUIRED_v1.7: no AJCC8 stage-grouping rule rows were extractable from the uploaded AJCC8 PDF for this site; copied from AJCC7 to avoid blank result pending cancer committee validation.
Adrenal Cortical Carcinoma,AJCC8,any,T2,N0,M0,Any,Any,II,source_page=531; extract_method=stage_first; extra_factors/raw_extra=gland; duplicate_source_page=533; duplicate_source_page=535 | provenance=auto_extracted_from_uploaded_manuals_v1_0 | crosswalk_v1.3 source_site=Adrenal -> tool_site=Adrenal Cortical Carcinoma | SURROGATE_AJCC8_FROM_AJCC7_REVIEW_REQUIRED_v1.7: no AJCC8 stage-grouping rule rows were extractable from the uploaded AJCC8 PDF for this site; copied from AJCC7 to avoid blank result pending cancer committee validation.
Adrenal Cortical Carcinoma,AJCC8,any,T1,N0,M0,Any,Any,I,source_page=531; extract_method=stage_first; extra_factors/raw_extra=C74.0 Cortex of adrenal; duplicate_source_page=533; duplicate_source_page=535 | provenance=auto_extracted_from_uploaded_manuals_v1_0 | crosswalk_v1.3 source_site=Adrenal -> tool_site=Adrenal Cortical Carcinoma | SURROGATE_AJCC8_FROM_AJCC7_REVIEW_REQUIRED_v1.7: no AJCC8 stage-grouping rule rows were extractable from the uploaded AJCC8 PDF for this site; copied from AJCC7 to avoid blank result pending cancer committee validation.
Vagina,AJCC8,any,Any,Any,M1,Any,Any,IVB,source_page=403; extract_method=stage_first; duplicate_source_page=404; duplicate_source_page=407 | provenance=auto_extracted_from_uploaded_manuals_v1_0 | crosswalk_v1.3 source_site=Vagina -> tool_site=Vagina | SURROGATE_AJCC8_FROM_AJCC7_REVIEW_REQUIRED_v1.7: no AJCC8 stage-grouping rule rows were extractable from the uploaded AJCC8 PDF for this site; copied from AJCC7 to avoid blank result pending cancer committee validation.
Anus,AJCC8,any,T3,N0,M0,Any,Any,II,"source_page=181; extract_method=stage_carried; extra_factors/raw_extra=of rectum, anus,; duplicate_source_page=185; duplicate_source_page=187 | provenance=auto_extracted_from_uploaded_manuals_v1_0 | crosswalk_v1.3 source_site=Anus -> tool_site=Anus | SURROGATE_AJCC8_FROM_AJCC7_REVIEW_REQUIRED_v1.7: no AJCC8 stage-grouping rule rows were extractable from the uploaded AJCC8 PDF for this site; copied from AJCC7 to avoid blank result pending cancer committee validation."
Esophagus and Esophagogastric Junction: Other Histologies,AJCC8,yp,T2,N0,M03,Any,Any,IIA,source_page=125; extract_method=stage_first | provenance=auto_extracted_from_uploaded_manuals_v1_0 | crosswalk_v1.3 source_site=Esophagus and EGJ -> tool_site=Esophagus and Esophagogastric Junction: Other Histologies | SURROGATE_AJCC8_FROM_AJCC7_REVIEW_REQUIRED_v1.7: no AJCC8 stage-grouping rule rows were extractable from the uploaded AJCC8 PDF for this site; copied from AJCC7 to avoid blank result pending cancer committee validation.
Anus,AJCC8,any,T1,N1,M0,Any,Any,IIIA,source_page=181; extract_method=stage_first; extra_factors/raw_extra=and anal canal; duplicate_source_page=185; duplicate_source_page=187 | provenance=auto_extracted_from_uploaded_manuals_v1_0 | crosswalk_v1.3 source_site=Anus -> tool_site=Anus | SURROGATE_AJCC8_FROM_AJCC7_REVIEW_REQUIRED_v1.7: no AJCC8 stage-grouping rule rows were extractable from the uploaded AJCC8 PDF for this site; copied from AJCC7 to avoid blank result pending cancer committee validation.
Anus,AJCC8,any,T3,N1,M0,Any,Any,IIIA,source_page=181; extract_method=stage_carried; extra_factors/raw_extra=ICD-O-3 HISTOLOGY; duplicate_source_page=185; duplicate_source_page=187 | provenance=auto_extracted_from_uploaded_manuals_v1_0 | crosswalk_v1.3 source_site=Anus -> tool_site=Anus | SURROGATE_AJCC8_FROM_AJCC7_REVIEW_REQUIRED_v1.7: no AJCC8 stage-grouping rule rows were extractable from the uploaded AJCC8 PDF for this site; copied from AJCC7 to avoid blank result pending cancer committee validation.
Bone: Spine,AJCC8,any,T2,N0,M0,Any,Any,IIB,"source_page=297; extract_method=stage_first; extra_factors/raw_extra=G3, 4 High grade | upper limb and; duplicate_source_page=300; duplicate_source_page=305 | provenance=auto_extracted_from_uploaded_manuals_v1_0 | crosswalk_v1.3 source_site=Bone -> tool_site=Bone: Spine | SURROGATE_AJCC8_FROM_AJCC7_REVIEW_REQUIRED_v1.7: no AJCC8 stage-grouping rule rows were extractable from the uploaded AJCC8 PDF for this site; copied from AJCC7 to avoid blank result pending cancer committee validation."
Bone: Spine,AJCC8,any,T3,N0,M0,Any,Any,IB,"source_page=297; extract_method=stage_carried; extra_factors/raw_extra=G1,2 Low grade, GX | and associated; duplicate_source_page=300; duplicate_source_page=305 | provenance=auto_extracted_from_uploaded_manuals_v1_0 | crosswalk_v1.3 source_site=Bone -> tool_site=Bone: Spine | SURROGATE_AJCC8_FROM_AJCC7_REVIEW_REQUIRED_v1.7: no AJCC8 stage-grouping rule rows were extractable from the uploaded AJCC8 PDF for this site; copied from AJCC7 to avoid blank result pending cancer committee validation."
Bone: Spine,AJCC8,any,T2,N0,M0,Any,Any,IB,"source_page=297; extract_method=stage_first; extra_factors/raw_extra=G1,2 Low grade, GX | upper limb, scapula,; duplicate_source_page=300; duplicate_source_page=305 | provenance=auto_extracted_from_uploaded_manuals_v1_0 | crosswalk_v1.3 source_site=Bone -> tool_site=Bone: Spine | SURROGATE_AJCC8_FROM_AJCC7_REVIEW_REQUIRED_v1.7: no AJCC8 stage-grouping rule rows were extractable from the uploaded AJCC8 PDF for this site; copied from AJCC7 to avoid blank result pending cancer committee validation."
Bone: Spine,AJCC8,any,T1,N0,M0,Any,Any,IA,"source_page=297; extract_method=stage_first; extra_factors/raw_extra=G1,2 Low grade, GX | C40.0 Long bones of; duplicate_source_page=300; duplicate_source_page=305 | provenance=auto_extracted_from_uploaded_manuals_v1_0 | crosswalk_v1.3 source_site=Bone -> tool_site=Bone: Spine | SURROGATE_AJCC8_FROM_AJCC7_REVIEW_REQUIRED_v1.7: no AJCC8 stage-grouping rule rows were extractable from the uploaded AJCC8 PDF for this site; copied from AJCC7 to avoid blank result pending cancer committee validation."
Bone: Pelvis,AJCC8,any,Any,Any,M1b,Any,Any,IVB,source_page=305; extract_method=stage_carried; extra_factors/raw_extra=Any G | Any T | Any N | M1b | Any G | provenance=auto_extracted_from_uploaded_manuals_v1_0 | crosswalk_v1.3 source_site=Bone -> tool_site=Bone: Pelvis | SURROGATE_AJCC8_FROM_AJCC7_REVIEW_REQUIRED_v1.7: no AJCC8 stage-grouping rule rows were extractable from the uploaded AJCC8 PDF for this site; copied from AJCC7 to avoid blank result pending cancer committee validation.
Bone: Pelvis,AJCC8,any,Any,N1,Any,Any,Any,IVB,source_page=305; extract_method=stage_first; extra_factors/raw_extra=Any G | IVB | Any T | N1 | Any M | Any G | provenance=auto_extracted_from_uploaded_manuals_v1_0 | crosswalk_v1.3 source_site=Bone -> tool_site=Bone: Pelvis | SURROGATE_AJCC8_FROM_AJCC7_REVIEW_REQUIRED_v1.7: no AJCC8 stage-grouping rule rows were extractable from the uploaded AJCC8 PDF for this site; copied from AJCC7 to avoid blank result pending cancer committee validation.
Bone: Pelvis,AJCC8,any,Any,N0,M1a,Any,Any,IVA,source_page=305; extract_method=stage_first; extra_factors/raw_extra=Any G | IVA | Any T | N0 | M1a | Any G | provenance=auto_extracted_from_uploaded_manuals_v1_0 | crosswalk_v1.3 source_site=Bone -> tool_site=Bone: Pelvis | SURROGATE_AJCC8_FROM_AJCC7_REVIEW_REQUIRED_v1.7: no AJCC8 stage-grouping rule rows were extractable from the uploaded AJCC8 PDF for this site; copied from AJCC7 to avoid blank result pending cancer committee validation.
Bone: Pelvis,AJCC8,any,T1,N0,M0,Any,Any,IIA,"source_page=300; extract_method=stage_first; extra_factors/raw_extra=G3, 4 High grade | Clear cell; duplicate_source_page=305 | provenance=auto_extracted_from_uploaded_manuals_v1_0 | crosswalk_v1.3 source_site=Bone -> tool_site=Bone: Pelvis | SURROGATE_AJCC8_FROM_AJCC7_REVIEW_REQUIRED_v1.7: no AJCC8 stage-grouping rule rows were extractable from the uploaded AJCC8 PDF for this site; copied from AJCC7 to avoid blank result pending cancer committee validation."
Bone: Pelvis,AJCC8,any,T3,N0,M0,Any,Any,III,"source_page=297; extract_method=stage_first; extra_factors/raw_extra=G3, 4 | C40.2 Long bones of; duplicate_source_page=300; duplicate_source_page=305 | provenance=auto_extracted_from_uploaded_manuals_v1_0 | crosswalk_v1.3 source_site=Bone -> tool_site=Bone: Pelvis | SURROGATE_AJCC8_FROM_AJCC7_REVIEW_REQUIRED_v1.7: no AJCC8 stage-grouping rule rows were extractable from the uploaded AJCC8 PDF for this site; copied from AJCC7 to avoid blank result pending cancer committee validation."
Bone: Pelvis,AJCC8,any,T2,N0,M0,Any,Any,IIB,"source_page=297; extract_method=stage_first; extra_factors/raw_extra=G3, 4 High grade | upper limb and; duplicate_source_page=300; duplicate_source_page=305 | provenance=auto_extracted_from_uploaded_manuals_v1_0 | crosswalk_v1.3 source_site=Bone -> tool_site=Bone: Pelvis | SURROGATE_AJCC8_FROM_AJCC7_REVIEW_REQUIRED_v1.7: no AJCC8 stage-grouping rule rows were extractable from the uploaded AJCC8 PDF for this site; copied from AJCC7 to avoid blank result pending cancer committee validation."
Bone: Pelvis,AJCC8,any,T3,N0,M0,Any,Any,IB,"source_page=297; extract_method=stage_carried; extra_factors/raw_extra=G1,2 Low grade, GX | and associated; duplicate_source_page=300; duplicate_source_page=305 | provenance=auto_extracted_from_uploaded_manuals_v1_0 | crosswalk_v1.3 source_site=Bone -> tool_site=Bone: Pelvis | SURROGATE_AJCC8_FROM_AJCC7_REVIEW_REQUIRED_v1.7: no AJCC8 stage-grouping rule rows were extractable from the uploaded AJCC8 PDF for this site; copied from AJCC7 to avoid blank result pending cancer committee validation."
Bone: Pelvis,AJCC8,any,T2,N0,M0,Any,Any,IB,"source_page=297; extract_method=stage_first; extra_factors/raw_extra=G1,2 Low grade, GX | upper limb, scapula,; duplicate_source_page=300; duplicate_source_page=305 | provenance=auto_extracted_from_uploaded_manuals_v1_0 | crosswalk_v1.3 source_site=Bone -> tool_site=Bone: Pelvis | SURROGATE_AJCC8_FROM_AJCC7_REVIEW_REQUIRED_v1.7: no AJCC8 stage-grouping rule rows were extractable from the uploaded AJCC8 PDF for this site; copied from AJCC7 to avoid blank result pending cancer committee validation."
Bone: Pelvis,AJCC8,any,T1,N0,M0,Any,Any,IA,"source_page=297; extract_method=stage_first; extra_factors/raw_extra=G1,2 Low grade, GX | C40.0 Long bones of; duplicate_source_page=300; duplicate_source_page=305 | provenance=auto_extracted_from_uploaded_manuals_v1_0 | crosswalk_v1.3 source_site=Bone -> tool_site=Bone: Pelvis | SURROGATE_AJCC8_FROM_AJCC7_REVIEW_REQUIRED_v1.7: no AJCC8 stage-grouping rule rows were extractable from the uploaded AJCC8 PDF for this site; copied from AJCC7 to avoid blank result pending cancer committee validation."
"Bone: Appendicular Skeleton, Trunk, Skull and Facial Bones",AJCC8,any,Any,Any,M1b,Any,Any,IVB,"source_page=305; extract_method=stage_carried; extra_factors/raw_extra=Any G | Any T | Any N | M1b | Any G | provenance=auto_extracted_from_uploaded_manuals_v1_0 | crosswalk_v1.3 source_site=Bone -> tool_site=Bone: Appendicular Skeleton, Trunk, Skull and Facial Bones | SURROGATE_AJCC8_FROM_AJCC7_REVIEW_REQUIRED_v1.7: no AJCC8 stage-grouping rule rows were extractable from the uploaded AJCC8 PDF for this site; copied from AJCC7 to avoid blank result pending cancer committee validation."
"Bone: Appendicular Skeleton, Trunk, Skull and Facial Bones",AJCC8,any,Any,N1,Any,Any,Any,IVB,"source_page=305; extract_method=stage_first; extra_factors/raw_extra=Any G | IVB | Any T | N1 | Any M | Any G | provenance=auto_extracted_from_uploaded_manuals_v1_0 | crosswalk_v1.3 source_site=Bone -> tool_site=Bone: Appendicular Skeleton, Trunk, Skull and Facial Bones | SURROGATE_AJCC8_FROM_AJCC7_REVIEW_REQUIRED_v1.7: no AJCC8 stage-grouping rule rows were extractable from the uploaded AJCC8 PDF for this site; copied from AJCC7 to avoid blank result pending cancer committee validation."
"Bone: Appendicular Skeleton, Trunk, Skull and Facial Bones",AJCC8,any,Any,N0,M1a,Any,Any,IVA,"source_page=305; extract_method=stage_first; extra_factors/raw_extra=Any G | IVA | Any T | N0 | M1a | Any G | provenance=auto_extracted_from_uploaded_manuals_v1_0 | crosswalk_v1.3 source_site=Bone -> tool_site=Bone: Appendicular Skeleton, Trunk, Skull and Facial Bones | SURROGATE_AJCC8_FROM_AJCC7_REVIEW_REQUIRED_v1.7: no AJCC8 stage-grouping rule rows were extractable from the uploaded AJCC8 PDF for this site; copied from AJCC7 to avoid blank result pending cancer committee validation."
"Bone: Appendicular Skeleton, Trunk, Skull and Facial Bones",AJCC8,any,T1,N0,M0,Any,Any,IIA,"source_page=300; extract_method=stage_first; extra_factors/raw_extra=G3, 4 High grade | Clear cell; duplicate_source_page=305 | provenance=auto_extracted_from_uploaded_manuals_v1_0 | crosswalk_v1.3 source_site=Bone -> tool_site=Bone: Appendicular Skeleton, Trunk, Skull and Facial Bones | SURROGATE_AJCC8_FROM_AJCC7_REVIEW_REQUIRED_v1.7: no AJCC8 stage-grouping rule rows were extractable from the uploaded AJCC8 PDF for this site; copied from AJCC7 to avoid blank result pending cancer committee validation."
"Bone: Appendicular Skeleton, Trunk, Skull and Facial Bones",AJCC8,any,T3,N0,M0,Any,Any,III,"source_page=297; extract_method=stage_first; extra_factors/raw_extra=G3, 4 | C40.2 Long bones of; duplicate_source_page=300; duplicate_source_page=305 | provenance=auto_extracted_from_uploaded_manuals_v1_0 | crosswalk_v1.3 source_site=Bone -> tool_site=Bone: Appendicular Skeleton, Trunk, Skull and Facial Bones | SURROGATE_AJCC8_FROM_AJCC7_REVIEW_REQUIRED_v1.7: no AJCC8 stage-grouping rule rows were extractable from the uploaded AJCC8 PDF for this site; copied from AJCC7 to avoid blank result pending cancer committee validation."
"Bone: Appendicular Skeleton, Trunk, Skull and Facial Bones",AJCC8,any,T2,N0,M0,Any,Any,IIB,"source_page=297; extract_method=stage_first; extra_factors/raw_extra=G3, 4 High grade | upper limb and; duplicate_source_page=300; duplicate_source_page=305 | provenance=auto_extracted_from_uploaded_manuals_v1_0 | crosswalk_v1.3 source_site=Bone -> tool_site=Bone: Appendicular Skeleton, Trunk, Skull and Facial Bones | SURROGATE_AJCC8_FROM_AJCC7_REVIEW_REQUIRED_v1.7: no AJCC8 stage-grouping rule rows were extractable from the uploaded AJCC8 PDF for this site; copied from AJCC7 to avoid blank result pending cancer committee validation."
"Bone: Appendicular Skeleton, Trunk, Skull and Facial Bones",AJCC8,any,T3,N0,M0,Any,Any,IB,"source_page=297; extract_method=stage_carried; extra_factors/raw_extra=G1,2 Low grade, GX | and associated; duplicate_source_page=300; duplicate_source_page=305 | provenance=auto_extracted_from_uploaded_manuals_v1_0 | crosswalk_v1.3 source_site=Bone -> tool_site=Bone: Appendicular Skeleton, Trunk, Skull and Facial Bones | SURROGATE_AJCC8_FROM_AJCC7_REVIEW_REQUIRED_v1.7: no AJCC8 stage-grouping rule rows were extractable from the uploaded AJCC8 PDF for this site; copied from AJCC7 to avoid blank result pending cancer committee validation."
"Bone: Appendicular Skeleton, Trunk, Skull and Facial Bones",AJCC8,any,T2,N0,M0,Any,Any,IB,"source_page=297; extract_method=stage_first; extra_factors/raw_extra=G1,2 Low grade, GX | upper limb, scapula,; duplicate_source_page=300; duplicate_source_page=305 | provenance=auto_extracted_from_uploaded_manuals_v1_0 | crosswalk_v1.3 source_site=Bone -> tool_site=Bone: Appendicular Skeleton, Trunk, Skull and Facial Bones | SURROGATE_AJCC8_FROM_AJCC7_REVIEW_REQUIRED_v1.7: no AJCC8 stage-grouping rule rows were extractable from the uploaded AJCC8 PDF for this site; copied from AJCC7 to avoid blank result pending cancer committee validation."
"Bone: Appendicular Skeleton, Trunk, Skull and Facial Bones",AJCC8,any,T1,N0,M0,Any,Any,IA,"source_page=297; extract_method=stage_first; extra_factors/raw_extra=G1,2 Low grade, GX | C40.0 Long bones of; duplicate_source_page=300; duplicate_source_page=305 | provenance=auto_extracted_from_uploaded_manuals_v1_0 | crosswalk_v1.3 source_site=Bone -> tool_site=Bone: Appendicular Skeleton, Trunk, Skull and Facial Bones | SURROGATE_AJCC8_FROM_AJCC7_REVIEW_REQUIRED_v1.7: no AJCC8 stage-grouping rule rows were extractable from the uploaded AJCC8 PDF for this site; copied from AJCC7 to avoid blank result pending cancer committee validation."
Anus,AJCC8,any,Any,Any,M1,Any,Any,IV,source_page=181; extract_method=stage_first; duplicate_source_page=185; duplicate_source_page=187 | provenance=auto_extracted_from_uploaded_manuals_v1_0 | crosswalk_v1.3 source_site=Anus -> tool_site=Anus | SURROGATE_AJCC8_FROM_AJCC7_REVIEW_REQUIRED_v1.7: no AJCC8 stage-grouping rule rows were extractable from the uploaded AJCC8 PDF for this site; copied from AJCC7 to avoid blank result pending cancer committee validation.
Anus,AJCC8,any,Any,N3,M0,Any,Any,IIIB,source_page=181; extract_method=stage_carried; duplicate_source_page=185; duplicate_source_page=187 | provenance=auto_extracted_from_uploaded_manuals_v1_0 | crosswalk_v1.3 source_site=Anus -> tool_site=Anus | SURROGATE_AJCC8_FROM_AJCC7_REVIEW_REQUIRED_v1.7: no AJCC8 stage-grouping rule rows were extractable from the uploaded AJCC8 PDF for this site; copied from AJCC7 to avoid blank result pending cancer committee validation.
Anus,AJCC8,any,Any,N2,M0,Any,Any,IIIB,"source_page=181; extract_method=stage_carried; extra_factors/raw_extra=8940-8950, 8980-8981; duplicate_source_page=185; duplicate_source_page=187 | provenance=auto_extracted_from_uploaded_manuals_v1_0 | crosswalk_v1.3 source_site=Anus -> tool_site=Anus | SURROGATE_AJCC8_FROM_AJCC7_REVIEW_REQUIRED_v1.7: no AJCC8 stage-grouping rule rows were extractable from the uploaded AJCC8 PDF for this site; copied from AJCC7 to avoid blank result pending cancer committee validation."
Anus,AJCC8,any,T4,N1,M0,Any,Any,IIIB,"source_page=181; extract_method=stage_first; extra_factors/raw_extra=8243-8245, 8250-8576,; duplicate_source_page=185; duplicate_source_page=187 | provenance=auto_extracted_from_uploaded_manuals_v1_0 | crosswalk_v1.3 source_site=Anus -> tool_site=Anus | SURROGATE_AJCC8_FROM_AJCC7_REVIEW_REQUIRED_v1.7: no AJCC8 stage-grouping rule rows were extractable from the uploaded AJCC8 PDF for this site; copied from AJCC7 to avoid blank result pending cancer committee validation."
Anus,AJCC8,any,T4,N0,M0,Any,Any,IIIA,source_page=181; extract_method=stage_carried; extra_factors/raw_extra=CODE RANGES; duplicate_source_page=185; duplicate_source_page=187 | provenance=auto_extracted_from_uploaded_manuals_v1_0 | crosswalk_v1.3 source_site=Anus -> tool_site=Anus | SURROGATE_AJCC8_FROM_AJCC7_REVIEW_REQUIRED_v1.7: no AJCC8 stage-grouping rule rows were extractable from the uploaded AJCC8 PDF for this site; copied from AJCC7 to avoid blank result pending cancer committee validation.
Anus,AJCC8,any,T2,N1,M0,Any,Any,IIIA,source_page=181; extract_method=stage_carried; duplicate_source_page=185; duplicate_source_page=187 | provenance=auto_extracted_from_uploaded_manuals_v1_0 | crosswalk_v1.3 source_site=Anus -> tool_site=Anus | SURROGATE_AJCC8_FROM_AJCC7_REVIEW_REQUIRED_v1.7: no AJCC8 stage-grouping rule rows were extractable from the uploaded AJCC8 PDF for this site; copied from AJCC7 to avoid blank result pending cancer committee validation.
Melanoma of the Skin,AJCC8,any,T1|T2|T3|T4b,N2a,M0,Any,Any,IIIB,source_page=342; extract_method=stage_carried | provenance=auto_extracted_from_uploaded_manuals_v1_0 | crosswalk_v1.3 source_site=Melanoma of the Skin -> tool_site=Melanoma of the Skin | SURROGATE_AJCC8_FROM_AJCC7_REVIEW_REQUIRED_v1.7: no AJCC8 stage-grouping rule rows were extractable from the uploaded AJCC8 PDF for this site; copied from AJCC7 to avoid blank result pending cancer committee validation.
Esophagus and Esophagogastric Junction: Other Histologies,AJCC8,any,T2|T3,N0,M0,Any,Any,IB,"source_page=129; extract_method=stage_carried; extra_factors/raw_extra=1, X | Lower, X | T2-3 | N0 | M0 | 1, X | Lower, X | provenance=auto_extracted_from_uploaded_manuals_v1_0 | crosswalk_v1.3 source_site=Esophagus and EGJ -> tool_site=Esophagus and Esophagogastric Junction: Other Histologies | SURROGATE_AJCC8_FROM_AJCC7_REVIEW_REQUIRED_v1.7: no AJCC8 stage-grouping rule rows were extractable from the uploaded AJCC8 PDF for this site; copied from AJCC7 to avoid blank result pending cancer committee validation."
Esophagus and Esophagogastric Junction: Other Histologies,AJCC8,any,T2|T3,N0,M0,Any,Any,IIB,"source_page=129; extract_method=stage_first; extra_factors/raw_extra=2-3 | Upper, middle | IIB | T2-3 | N0 | M0 | 2-3 | Upper, middle | provenance=auto_extracted_from_uploaded_manuals_v1_0 | crosswalk_v1.3 source_site=Esophagus and EGJ -> tool_site=Esophagus and Esophagogastric Junction: Other Histologies | SURROGATE_AJCC8_FROM_AJCC7_REVIEW_REQUIRED_v1.7: no AJCC8 stage-grouping rule rows were extractable from the uploaded AJCC8 PDF for this site; copied from AJCC7 to avoid blank result pending cancer committee validation."
Lung,AJCC8,any,Any,Any,M1b,Any,Any,IV,source_page=270; extract_method=stage_carried; duplicate_source_page=284 | provenance=auto_extracted_from_uploaded_manuals_v1_0 | crosswalk_v1.3 source_site=Lung -> tool_site=Lung | SURROGATE_AJCC8_FROM_AJCC7_REVIEW_REQUIRED_v1.7: no AJCC8 stage-grouping rule rows were extractable from the uploaded AJCC8 PDF for this site; copied from AJCC7 to avoid blank result pending cancer committee validation.
Lung,AJCC8,any,Any,Any,M1a,Any,Any,IV,source_page=270; extract_method=stage_first; duplicate_source_page=284 | provenance=auto_extracted_from_uploaded_manuals_v1_0 | crosswalk_v1.3 source_site=Lung -> tool_site=Lung | SURROGATE_AJCC8_FROM_AJCC7_REVIEW_REQUIRED_v1.7: no AJCC8 stage-grouping rule rows were extractable from the uploaded AJCC8 PDF for this site; copied from AJCC7 to avoid blank result pending cancer committee validation.
Lung,AJCC8,any,T4,N3,M0,Any,Any,IIIB,source_page=270; extract_method=stage_carried; duplicate_source_page=284 | provenance=auto_extracted_from_uploaded_manuals_v1_0 | crosswalk_v1.3 source_site=Lung -> tool_site=Lung | SURROGATE_AJCC8_FROM_AJCC7_REVIEW_REQUIRED_v1.7: no AJCC8 stage-grouping rule rows were extractable from the uploaded AJCC8 PDF for this site; copied from AJCC7 to avoid blank result pending cancer committee validation.
Lung,AJCC8,any,T4,N2,M0,Any,Any,IIIB,source_page=270; extract_method=stage_carried; duplicate_source_page=284 | provenance=auto_extracted_from_uploaded_manuals_v1_0 | crosswalk_v1.3 source_site=Lung -> tool_site=Lung | SURROGATE_AJCC8_FROM_AJCC7_REVIEW_REQUIRED_v1.7: no AJCC8 stage-grouping rule rows were extractable from the uploaded AJCC8 PDF for this site; copied from AJCC7 to avoid blank result pending cancer committee validation.
Lung,AJCC8,any,T3,N3,M0,Any,Any,IIIB,source_page=270; extract_method=stage_carried; duplicate_source_page=284 | provenance=auto_extracted_from_uploaded_manuals_v1_0 | crosswalk_v1.3 source_site=Lung -> tool_site=Lung | SURROGATE_AJCC8_FROM_AJCC7_REVIEW_REQUIRED_v1.7: no AJCC8 stage-grouping rule rows were extractable from the uploaded AJCC8 PDF for this site; copied from AJCC7 to avoid blank result pending cancer committee validation.
Lung,AJCC8,any,T2b,N3,M0,Any,Any,IIIB,source_page=270; extract_method=stage_carried; duplicate_source_page=284 | provenance=auto_extracted_from_uploaded_manuals_v1_0 | crosswalk_v1.3 source_site=Lung -> tool_site=Lung | SURROGATE_AJCC8_FROM_AJCC7_REVIEW_REQUIRED_v1.7: no AJCC8 stage-grouping rule rows were extractable from the uploaded AJCC8 PDF for this site; copied from AJCC7 to avoid blank result pending cancer committee validation.
Lung,AJCC8,any,T2a,N3,M0,Any,Any,IIIB,source_page=270; extract_method=stage_carried; duplicate_source_page=284 | provenance=auto_extracted_from_uploaded_manuals_v1_0 | crosswalk_v1.3 source_site=Lung -> tool_site=Lung | SURROGATE_AJCC8_FROM_AJCC7_REVIEW_REQUIRED_v1.7: no AJCC8 stage-grouping rule rows were extractable from the uploaded AJCC8 PDF for this site; copied from AJCC7 to avoid blank result pending cancer committee validation.
Lung,AJCC8,any,T1b,N3,M0,Any,Any,IIIB,source_page=270; extract_method=stage_carried; duplicate_source_page=284 | provenance=auto_extracted_from_uploaded_manuals_v1_0 | crosswalk_v1.3 source_site=Lung -> tool_site=Lung | SURROGATE_AJCC8_FROM_AJCC7_REVIEW_REQUIRED_v1.7: no AJCC8 stage-grouping rule rows were extractable from the uploaded AJCC8 PDF for this site; copied from AJCC7 to avoid blank result pending cancer committee validation.
Lung,AJCC8,any,T1a,N3,M0,Any,Any,IIIB,source_page=270; extract_method=stage_first; duplicate_source_page=284 | provenance=auto_extracted_from_uploaded_manuals_v1_0 | crosswalk_v1.3 source_site=Lung -> tool_site=Lung | SURROGATE_AJCC8_FROM_AJCC7_REVIEW_REQUIRED_v1.7: no AJCC8 stage-grouping rule rows were extractable from the uploaded AJCC8 PDF for this site; copied from AJCC7 to avoid blank result pending cancer committee validation.
Lung,AJCC8,any,T4,N1,M0,Any,Any,IIIA,source_page=270; extract_method=stage_carried; duplicate_source_page=284 | provenance=auto_extracted_from_uploaded_manuals_v1_0 | crosswalk_v1.3 source_site=Lung -> tool_site=Lung | SURROGATE_AJCC8_FROM_AJCC7_REVIEW_REQUIRED_v1.7: no AJCC8 stage-grouping rule rows were extractable from the uploaded AJCC8 PDF for this site; copied from AJCC7 to avoid blank result pending cancer committee validation.
Lung,AJCC8,any,T4,N0,M0,Any,Any,IIIA,source_page=270; extract_method=stage_carried; duplicate_source_page=284 | provenance=auto_extracted_from_uploaded_manuals_v1_0 | crosswalk_v1.3 source_site=Lung -> tool_site=Lung | SURROGATE_AJCC8_FROM_AJCC7_REVIEW_REQUIRED_v1.7: no AJCC8 stage-grouping rule rows were extractable from the uploaded AJCC8 PDF for this site; copied from AJCC7 to avoid blank result pending cancer committee validation.
Lung,AJCC8,any,T3,N2,M0,Any,Any,IIIA,source_page=270; extract_method=stage_carried; duplicate_source_page=284 | provenance=auto_extracted_from_uploaded_manuals_v1_0 | crosswalk_v1.3 source_site=Lung -> tool_site=Lung | SURROGATE_AJCC8_FROM_AJCC7_REVIEW_REQUIRED_v1.7: no AJCC8 stage-grouping rule rows were extractable from the uploaded AJCC8 PDF for this site; copied from AJCC7 to avoid blank result pending cancer committee validation.
Lung,AJCC8,any,TX,N0,M0,Any,Any,Occult,source_page=284; extract_method=stage_first; extra_factors/raw_extra=Occult | TX | N0 | M0 | provenance=auto_extracted_from_uploaded_manuals_v1_0 | crosswalk_v1.3 source_site=Lung -> tool_site=Lung | SURROGATE_AJCC8_FROM_AJCC7_REVIEW_REQUIRED_v1.7: no AJCC8 stage-grouping rule rows were extractable from the uploaded AJCC8 PDF for this site; copied from AJCC7 to avoid blank result pending cancer committee validation.
Lung,AJCC8,any,T3,N1,M0,Any,Any,IIIA,source_page=270; extract_method=stage_carried; duplicate_source_page=284 | provenance=auto_extracted_from_uploaded_manuals_v1_0 | crosswalk_v1.3 source_site=Lung -> tool_site=Lung | SURROGATE_AJCC8_FROM_AJCC7_REVIEW_REQUIRED_v1.7: no AJCC8 stage-grouping rule rows were extractable from the uploaded AJCC8 PDF for this site; copied from AJCC7 to avoid blank result pending cancer committee validation.
Lung,AJCC8,any,T2a,N2,M0,Any,Any,IIIA,source_page=270; extract_method=stage_carried; duplicate_source_page=284 | provenance=auto_extracted_from_uploaded_manuals_v1_0 | crosswalk_v1.3 source_site=Lung -> tool_site=Lung | SURROGATE_AJCC8_FROM_AJCC7_REVIEW_REQUIRED_v1.7: no AJCC8 stage-grouping rule rows were extractable from the uploaded AJCC8 PDF for this site; copied from AJCC7 to avoid blank result pending cancer committee validation.
Lung,AJCC8,any,T1b,N2,M0,Any,Any,IIIA,source_page=270; extract_method=stage_carried; duplicate_source_page=284 | provenance=auto_extracted_from_uploaded_manuals_v1_0 | crosswalk_v1.3 source_site=Lung -> tool_site=Lung | SURROGATE_AJCC8_FROM_AJCC7_REVIEW_REQUIRED_v1.7: no AJCC8 stage-grouping rule rows were extractable from the uploaded AJCC8 PDF for this site; copied from AJCC7 to avoid blank result pending cancer committee validation.
Lung,AJCC8,any,T1a,N2,M0,Any,Any,IIIA,source_page=270; extract_method=stage_first; extra_factors/raw_extra=8980-8981; duplicate_source_page=284 | provenance=auto_extracted_from_uploaded_manuals_v1_0 | crosswalk_v1.3 source_site=Lung -> tool_site=Lung | SURROGATE_AJCC8_FROM_AJCC7_REVIEW_REQUIRED_v1.7: no AJCC8 stage-grouping rule rows were extractable from the uploaded AJCC8 PDF for this site; copied from AJCC7 to avoid blank result pending cancer committee validation.
Lung,AJCC8,any,T3,N0,M0,Any,Any,IIB,source_page=269; extract_method=stage_carried; duplicate_source_page=284 | provenance=auto_extracted_from_uploaded_manuals_v1_0 | crosswalk_v1.3 source_site=Lung -> tool_site=Lung | SURROGATE_AJCC8_FROM_AJCC7_REVIEW_REQUIRED_v1.7: no AJCC8 stage-grouping rule rows were extractable from the uploaded AJCC8 PDF for this site; copied from AJCC7 to avoid blank result pending cancer committee validation.
Lung,AJCC8,any,T2b,N1,M0,Any,Any,IIB,source_page=269; extract_method=stage_first; duplicate_source_page=284 | provenance=auto_extracted_from_uploaded_manuals_v1_0 | crosswalk_v1.3 source_site=Lung -> tool_site=Lung | SURROGATE_AJCC8_FROM_AJCC7_REVIEW_REQUIRED_v1.7: no AJCC8 stage-grouping rule rows were extractable from the uploaded AJCC8 PDF for this site; copied from AJCC7 to avoid blank result pending cancer committee validation.
Lung,AJCC8,any,T2a,N1,M0,Any,Any,IIA,source_page=269; extract_method=stage_carried; duplicate_source_page=284 | provenance=auto_extracted_from_uploaded_manuals_v1_0 | crosswalk_v1.3 source_site=Lung -> tool_site=Lung | SURROGATE_AJCC8_FROM_AJCC7_REVIEW_REQUIRED_v1.7: no AJCC8 stage-grouping rule rows were extractable from the uploaded AJCC8 PDF for this site; copied from AJCC7 to avoid blank result pending cancer committee validation.
Lung,AJCC8,any,T1b,N1,M0,Any,Any,IIA,source_page=269; extract_method=stage_carried; duplicate_source_page=284 | provenance=auto_extracted_from_uploaded_manuals_v1_0 | crosswalk_v1.3 source_site=Lung -> tool_site=Lung | SURROGATE_AJCC8_FROM_AJCC7_REVIEW_REQUIRED_v1.7: no AJCC8 stage-grouping rule rows were extractable from the uploaded AJCC8 PDF for this site; copied from AJCC7 to avoid blank result pending cancer committee validation.
Lung,AJCC8,any,T1a,N1,M0,Any,Any,IIA,source_page=269; extract_method=stage_carried; extra_factors/raw_extra=25; duplicate_source_page=284 | provenance=auto_extracted_from_uploaded_manuals_v1_0 | crosswalk_v1.3 source_site=Lung -> tool_site=Lung | SURROGATE_AJCC8_FROM_AJCC7_REVIEW_REQUIRED_v1.7: no AJCC8 stage-grouping rule rows were extractable from the uploaded AJCC8 PDF for this site; copied from AJCC7 to avoid blank result pending cancer committee validation.
Lung,AJCC8,any,T2b,N0,M0,Any,Any,IIA,source_page=269; extract_method=stage_first; duplicate_source_page=284 | provenance=auto_extracted_from_uploaded_manuals_v1_0 | crosswalk_v1.3 source_site=Lung -> tool_site=Lung | SURROGATE_AJCC8_FROM_AJCC7_REVIEW_REQUIRED_v1.7: no AJCC8 stage-grouping rule rows were extractable from the uploaded AJCC8 PDF for this site; copied from AJCC7 to avoid blank result pending cancer committee validation.
Lung,AJCC8,any,T2a,N0,M0,Any,Any,IB,source_page=269; extract_method=stage_first; extra_factors/raw_extra=of lung; duplicate_source_page=284 | provenance=auto_extracted_from_uploaded_manuals_v1_0 | crosswalk_v1.3 source_site=Lung -> tool_site=Lung | SURROGATE_AJCC8_FROM_AJCC7_REVIEW_REQUIRED_v1.7: no AJCC8 stage-grouping rule rows were extractable from the uploaded AJCC8 PDF for this site; copied from AJCC7 to avoid blank result pending cancer committee validation.
Lung,AJCC8,any,T1b,N0,M0,Any,Any,IA,source_page=269; extract_method=stage_carried; extra_factors/raw_extra=C34.8 Overlapping lesion; duplicate_source_page=284 | provenance=auto_extracted_from_uploaded_manuals_v1_0 | crosswalk_v1.3 source_site=Lung -> tool_site=Lung | SURROGATE_AJCC8_FROM_AJCC7_REVIEW_REQUIRED_v1.7: no AJCC8 stage-grouping rule rows were extractable from the uploaded AJCC8 PDF for this site; copied from AJCC7 to avoid blank result pending cancer committee validation.
Lung,AJCC8,any,T1a,N0,M0,Any,Any,IA,"source_page=269; extract_method=stage_first; extra_factors/raw_extra=C34.3 Lower lobe, lung; duplicate_source_page=284 | provenance=auto_extracted_from_uploaded_manuals_v1_0 | crosswalk_v1.3 source_site=Lung -> tool_site=Lung | SURROGATE_AJCC8_FROM_AJCC7_REVIEW_REQUIRED_v1.7: no AJCC8 stage-grouping rule rows were extractable from the uploaded AJCC8 PDF for this site; copied from AJCC7 to avoid blank result pending cancer committee validation."
Lung,AJCC8,any,T2b,N2,M0,Any,Any,IIIA,source_page=270; extract_method=stage_carried; duplicate_source_page=284 | provenance=auto_extracted_from_uploaded_manuals_v1_0 | crosswalk_v1.3 source_site=Lung -> tool_site=Lung | SURROGATE_AJCC8_FROM_AJCC7_REVIEW_REQUIRED_v1.7: no AJCC8 stage-grouping rule rows were extractable from the uploaded AJCC8 PDF for this site; copied from AJCC7 to avoid blank result pending cancer committee validation.
Malignant Pleural Mesothelioma,AJCC8,any,T1,N0,M0,Any,Any,I,"source_page=287; extract_method=stage_first; extra_factors/raw_extra=C38.4 Pleura, NOS; duplicate_source_page=292 | provenance=auto_extracted_from_uploaded_manuals_v1_0 | crosswalk_v1.3 source_site=Pleural Mesothelioma -> tool_site=Malignant Pleural Mesothelioma | SURROGATE_AJCC8_FROM_AJCC7_REVIEW_REQUIRED_v1.7: no AJCC8 stage-grouping rule rows were extractable from the uploaded AJCC8 PDF for this site; copied from AJCC7 to avoid blank result pending cancer committee validation."
Malignant Pleural Mesothelioma,AJCC8,any,T1a,N0,M0,Any,Any,IA,source_page=287; extract_method=stage_first; duplicate_source_page=292 | provenance=auto_extracted_from_uploaded_manuals_v1_0 | crosswalk_v1.3 source_site=Pleural Mesothelioma -> tool_site=Malignant Pleural Mesothelioma | SURROGATE_AJCC8_FROM_AJCC7_REVIEW_REQUIRED_v1.7: no AJCC8 stage-grouping rule rows were extractable from the uploaded AJCC8 PDF for this site; copied from AJCC7 to avoid blank result pending cancer committee validation.
Malignant Pleural Mesothelioma,AJCC8,any,T1b,N0,M0,Any,Any,IB,source_page=287; extract_method=stage_first; extra_factors/raw_extra=CODE RANGES; duplicate_source_page=292 | provenance=auto_extracted_from_uploaded_manuals_v1_0 | crosswalk_v1.3 source_site=Pleural Mesothelioma -> tool_site=Malignant Pleural Mesothelioma | SURROGATE_AJCC8_FROM_AJCC7_REVIEW_REQUIRED_v1.7: no AJCC8 stage-grouping rule rows were extractable from the uploaded AJCC8 PDF for this site; copied from AJCC7 to avoid blank result pending cancer committee validation.
Melanoma of the Skin,AJCC8,any,T1|T2|T3|T4a,N2a,M0,Any,Any,IIC,source_page=342; extract_method=stage_carried; extra_factors/raw_extra=C44.8 Overlapping lesion | provenance=auto_extracted_from_uploaded_manuals_v1_0 | crosswalk_v1.3 source_site=Melanoma of the Skin -> tool_site=Melanoma of the Skin | SURROGATE_AJCC8_FROM_AJCC7_REVIEW_REQUIRED_v1.7: no AJCC8 stage-grouping rule rows were extractable from the uploaded AJCC8 PDF for this site; copied from AJCC7 to avoid blank result pending cancer committee validation.
Melanoma of the Skin,AJCC8,any,T4b,N0,M0,Any,Any,IIC,source_page=342; extract_method=stage_first; extra_factors/raw_extra=IIC | T4b | N0 | M0; duplicate_source_page=358 | provenance=auto_extracted_from_uploaded_manuals_v1_0 | crosswalk_v1.3 source_site=Melanoma of the Skin -> tool_site=Melanoma of the Skin | SURROGATE_AJCC8_FROM_AJCC7_REVIEW_REQUIRED_v1.7: no AJCC8 stage-grouping rule rows were extractable from the uploaded AJCC8 PDF for this site; copied from AJCC7 to avoid blank result pending cancer committee validation.
Melanoma of the Skin,AJCC8,any,T4a,N0,M0,Any,Any,IIB,source_page=342; extract_method=stage_carried; extra_factors/raw_extra=T4a | N0 | M0 | C44.6 Skin of upper limb; duplicate_source_page=358 | provenance=auto_extracted_from_uploaded_manuals_v1_0 | crosswalk_v1.3 source_site=Melanoma of the Skin -> tool_site=Melanoma of the Skin | SURROGATE_AJCC8_FROM_AJCC7_REVIEW_REQUIRED_v1.7: no AJCC8 stage-grouping rule rows were extractable from the uploaded AJCC8 PDF for this site; copied from AJCC7 to avoid blank result pending cancer committee validation.
Melanoma of the Skin,AJCC8,any,T3b,N0,M0,Any,Any,IIB,source_page=342; extract_method=stage_first; extra_factors/raw_extra=IIB | T3b | N0 | M0; duplicate_source_page=358 | provenance=auto_extracted_from_uploaded_manuals_v1_0 | crosswalk_v1.3 source_site=Melanoma of the Skin -> tool_site=Melanoma of the Skin | SURROGATE_AJCC8_FROM_AJCC7_REVIEW_REQUIRED_v1.7: no AJCC8 stage-grouping rule rows were extractable from the uploaded AJCC8 PDF for this site; copied from AJCC7 to avoid blank result pending cancer committee validation.
Melanoma of the Skin,AJCC8,any,T3a,N0,M0,Any,Any,IIA,source_page=342; extract_method=stage_carried; extra_factors/raw_extra=T3a | N0 | M0 | and neck; duplicate_source_page=358 | provenance=auto_extracted_from_uploaded_manuals_v1_0 | crosswalk_v1.3 source_site=Melanoma of the Skin -> tool_site=Melanoma of the Skin | SURROGATE_AJCC8_FROM_AJCC7_REVIEW_REQUIRED_v1.7: no AJCC8 stage-grouping rule rows were extractable from the uploaded AJCC8 PDF for this site; copied from AJCC7 to avoid blank result pending cancer committee validation.
Melanoma of the Skin,AJCC8,any,T2b,N0,M0,Any,Any,IIA,source_page=342; extract_method=stage_first; extra_factors/raw_extra=IIA | T2b | N0 | M0 | C44.4 Skin of scalp; duplicate_source_page=358; duplicate_source_page=358 | provenance=auto_extracted_from_uploaded_manuals_v1_0 | crosswalk_v1.3 source_site=Melanoma of the Skin -> tool_site=Melanoma of the Skin | SURROGATE_AJCC8_FROM_AJCC7_REVIEW_REQUIRED_v1.7: no AJCC8 stage-grouping rule rows were extractable from the uploaded AJCC8 PDF for this site; copied from AJCC7 to avoid blank result pending cancer committee validation.
Melanoma of the Skin,AJCC8,any,T2a,N0,M0,Any,Any,IB,source_page=342; extract_method=stage_carried; extra_factors/raw_extra=T2a | N0 | M0 | of face; duplicate_source_page=358; duplicate_source_page=358 | provenance=auto_extracted_from_uploaded_manuals_v1_0 | crosswalk_v1.3 source_site=Melanoma of the Skin -> tool_site=Melanoma of the Skin | SURROGATE_AJCC8_FROM_AJCC7_REVIEW_REQUIRED_v1.7: no AJCC8 stage-grouping rule rows were extractable from the uploaded AJCC8 PDF for this site; copied from AJCC7 to avoid blank result pending cancer committee validation.
Melanoma of the Skin,AJCC8,any,T1b,N0,M0,Any,Any,IB,source_page=342; extract_method=stage_first; extra_factors/raw_extra=IB | T1b | N0 | M0 | unspecified parts; duplicate_source_page=352; duplicate_source_page=358; duplicate_source_page=358 | provenance=auto_extracted_from_uploaded_manuals_v1_0 | crosswalk_v1.3 source_site=Melanoma of the Skin -> tool_site=Melanoma of the Skin | SURROGATE_AJCC8_FROM_AJCC7_REVIEW_REQUIRED_v1.7: no AJCC8 stage-grouping rule rows were extractable from the uploaded AJCC8 PDF for this site; copied from AJCC7 to avoid blank result pending cancer committee validation.
Melanoma of the Skin,AJCC8,any,T1a,N0,M0,Any,Any,IA,source_page=342; extract_method=stage_first; extra_factors/raw_extra=IA | T1a | N0 | M0; duplicate_source_page=358 | provenance=auto_extracted_from_uploaded_manuals_v1_0 | crosswalk_v1.3 source_site=Melanoma of the Skin -> tool_site=Melanoma of the Skin | SURROGATE_AJCC8_FROM_AJCC7_REVIEW_REQUIRED_v1.7: no AJCC8 stage-grouping rule rows were extractable from the uploaded AJCC8 PDF for this site; copied from AJCC7 to avoid blank result pending cancer committee validation.
Melanoma of the Skin,AJCC8,any,Tis,N0,M0,Any,Any,0,source_page=342; extract_method=stage_first; extra_factors/raw_extra=0 | Tis | N0 | M0 | C44.1 Eyelid; duplicate_source_page=358 | provenance=auto_extracted_from_uploaded_manuals_v1_0 | crosswalk_v1.3 source_site=Melanoma of the Skin -> tool_site=Melanoma of the Skin | SURROGATE_AJCC8_FROM_AJCC7_REVIEW_REQUIRED_v1.7: no AJCC8 stage-grouping rule rows were extractable from the uploaded AJCC8 PDF for this site; copied from AJCC7 to avoid blank result pending cancer committee validation.
Malignant Pleural Mesothelioma,AJCC8,yp,Any,Any,M1,Any,Any,IV,source_page=289; extract_method=stage_carried; extra_factors/raw_extra=lymph node involvement influences outcome after extrapleu- | provenance=auto_extracted_from_uploaded_manuals_v1_0 | crosswalk_v1.3 source_site=Pleural Mesothelioma -> tool_site=Malignant Pleural Mesothelioma | SURROGATE_AJCC8_FROM_AJCC7_REVIEW_REQUIRED_v1.7: no AJCC8 stage-grouping rule rows were extractable from the uploaded AJCC8 PDF for this site; copied from AJCC7 to avoid blank result pending cancer committee validation.
Malignant Pleural Mesothelioma,AJCC8,yp,Any,N3,M0,Any,Any,IV,"source_page=289; extract_method=stage_carried; extra_factors/raw_extra=Edwards JG, Stewart DJ, Martin-Ucar A, et al. The pattern of | provenance=auto_extracted_from_uploaded_manuals_v1_0 | crosswalk_v1.3 source_site=Pleural Mesothelioma -> tool_site=Malignant Pleural Mesothelioma | SURROGATE_AJCC8_FROM_AJCC7_REVIEW_REQUIRED_v1.7: no AJCC8 stage-grouping rule rows were extractable from the uploaded AJCC8 PDF for this site; copied from AJCC7 to avoid blank result pending cancer committee validation."
Malignant Pleural Mesothelioma,AJCC8,yp,T4,Any,M0,Any,Any,IV,source_page=289; extract_method=stage_first; extra_factors/raw_extra=1993;72:394-404. | provenance=auto_extracted_from_uploaded_manuals_v1_0 | crosswalk_v1.3 source_site=Pleural Mesothelioma -> tool_site=Malignant Pleural Mesothelioma | SURROGATE_AJCC8_FROM_AJCC7_REVIEW_REQUIRED_v1.7: no AJCC8 stage-grouping rule rows were extractable from the uploaded AJCC8 PDF for this site; copied from AJCC7 to avoid blank result pending cancer committee validation.
Malignant Pleural Mesothelioma,AJCC8,yp,T3,N0|N1|N2,M0,Any,Any,III,source_page=289; extract_method=stage_carried; extra_factors/raw_extra=malignant mesothelioma: a prospective study of 188 con- | provenance=auto_extracted_from_uploaded_manuals_v1_0 | crosswalk_v1.3 source_site=Pleural Mesothelioma -> tool_site=Malignant Pleural Mesothelioma | SURROGATE_AJCC8_FROM_AJCC7_REVIEW_REQUIRED_v1.7: no AJCC8 stage-grouping rule rows were extractable from the uploaded AJCC8 PDF for this site; copied from AJCC7 to avoid blank result pending cancer committee validation.
Malignant Pleural Mesothelioma,AJCC8,yp,T1|T2,N2,M0,Any,Any,III,"source_page=289; extract_method=stage_carried; extra_factors/raw_extra=Boutin C, Rey F, Gouvernet J, et al. Thoracoscopy in pleural | provenance=auto_extracted_from_uploaded_manuals_v1_0 | crosswalk_v1.3 source_site=Pleural Mesothelioma -> tool_site=Malignant Pleural Mesothelioma | SURROGATE_AJCC8_FROM_AJCC7_REVIEW_REQUIRED_v1.7: no AJCC8 stage-grouping rule rows were extractable from the uploaded AJCC8 PDF for this site; copied from AJCC7 to avoid blank result pending cancer committee validation."
Malignant Pleural Mesothelioma,AJCC8,yp,T1|T2,N1,M0,Any,Any,III,source_page=289; extract_method=stage_first; extra_factors/raw_extra=pleural mesothelioma. J Clin Oncol. 2007;25:5770-6. | provenance=auto_extracted_from_uploaded_manuals_v1_0 | crosswalk_v1.3 source_site=Pleural Mesothelioma -> tool_site=Malignant Pleural Mesothelioma | SURROGATE_AJCC8_FROM_AJCC7_REVIEW_REQUIRED_v1.7: no AJCC8 stage-grouping rule rows were extractable from the uploaded AJCC8 PDF for this site; copied from AJCC7 to avoid blank result pending cancer committee validation.
Malignant Pleural Mesothelioma,AJCC8,yp,T2,N0,M0,Any,Any,II,source_page=289; extract_method=stage_first | provenance=auto_extracted_from_uploaded_manuals_v1_0 | crosswalk_v1.3 source_site=Pleural Mesothelioma -> tool_site=Malignant Pleural Mesothelioma | SURROGATE_AJCC8_FROM_AJCC7_REVIEW_REQUIRED_v1.7: no AJCC8 stage-grouping rule rows were extractable from the uploaded AJCC8 PDF for this site; copied from AJCC7 to avoid blank result pending cancer committee validation.
Malignant Pleural Mesothelioma,AJCC8,yp,T1b,N0,M0,Any,Any,IB,source_page=289; extract_method=stage_first; extra_factors/raw_extra=pleural mesothelioma? A prognostic factor analysis of | provenance=auto_extracted_from_uploaded_manuals_v1_0 | crosswalk_v1.3 source_site=Pleural Mesothelioma -> tool_site=Malignant Pleural Mesothelioma | SURROGATE_AJCC8_FROM_AJCC7_REVIEW_REQUIRED_v1.7: no AJCC8 stage-grouping rule rows were extractable from the uploaded AJCC8 PDF for this site; copied from AJCC7 to avoid blank result pending cancer committee validation.
Malignant Pleural Mesothelioma,AJCC8,yp,T1a,N0,M0,Any,Any,IA,"source_page=289; extract_method=stage_first; extra_factors/raw_extra=Bottomley A, Coens C, Efficace F, et al. Symptoms and patient- | provenance=auto_extracted_from_uploaded_manuals_v1_0 | crosswalk_v1.3 source_site=Pleural Mesothelioma -> tool_site=Malignant Pleural Mesothelioma | SURROGATE_AJCC8_FROM_AJCC7_REVIEW_REQUIRED_v1.7: no AJCC8 stage-grouping rule rows were extractable from the uploaded AJCC8 PDF for this site; copied from AJCC7 to avoid blank result pending cancer committee validation."
Malignant Pleural Mesothelioma,AJCC8,yp,T1,N0,M0,Any,Any,I,source_page=289; extract_method=stage_first; extra_factors/raw_extra=BIBLIOGRAPHY | provenance=auto_extracted_from_uploaded_manuals_v1_0 | crosswalk_v1.3 source_site=Pleural Mesothelioma -> tool_site=Malignant Pleural Mesothelioma | SURROGATE_AJCC8_FROM_AJCC7_REVIEW_REQUIRED_v1.7: no AJCC8 stage-grouping rule rows were extractable from the uploaded AJCC8 PDF for this site; copied from AJCC7 to avoid blank result pending cancer committee validation.
Malignant Pleural Mesothelioma,AJCC8,any,Any,Any,M1,Any,Any,IV,source_page=287; extract_method=stage_carried; duplicate_source_page=292 | provenance=auto_extracted_from_uploaded_manuals_v1_0 | crosswalk_v1.3 source_site=Pleural Mesothelioma -> tool_site=Malignant Pleural Mesothelioma | SURROGATE_AJCC8_FROM_AJCC7_REVIEW_REQUIRED_v1.7: no AJCC8 stage-grouping rule rows were extractable from the uploaded AJCC8 PDF for this site; copied from AJCC7 to avoid blank result pending cancer committee validation.
Malignant Pleural Mesothelioma,AJCC8,any,Any,N3,M0,Any,Any,IV,source_page=287; extract_method=stage_carried; duplicate_source_page=292 | provenance=auto_extracted_from_uploaded_manuals_v1_0 | crosswalk_v1.3 source_site=Pleural Mesothelioma -> tool_site=Malignant Pleural Mesothelioma | SURROGATE_AJCC8_FROM_AJCC7_REVIEW_REQUIRED_v1.7: no AJCC8 stage-grouping rule rows were extractable from the uploaded AJCC8 PDF for this site; copied from AJCC7 to avoid blank result pending cancer committee validation.
Malignant Pleural Mesothelioma,AJCC8,any,T4,Any,M0,Any,Any,IV,source_page=287; extract_method=stage_first; duplicate_source_page=292 | provenance=auto_extracted_from_uploaded_manuals_v1_0 | crosswalk_v1.3 source_site=Pleural Mesothelioma -> tool_site=Malignant Pleural Mesothelioma | SURROGATE_AJCC8_FROM_AJCC7_REVIEW_REQUIRED_v1.7: no AJCC8 stage-grouping rule rows were extractable from the uploaded AJCC8 PDF for this site; copied from AJCC7 to avoid blank result pending cancer committee validation.
Malignant Pleural Mesothelioma,AJCC8,any,T3,N0|N1|N2,M0,Any,Any,III,source_page=287; extract_method=stage_carried; duplicate_source_page=292 | provenance=auto_extracted_from_uploaded_manuals_v1_0 | crosswalk_v1.3 source_site=Pleural Mesothelioma -> tool_site=Malignant Pleural Mesothelioma | SURROGATE_AJCC8_FROM_AJCC7_REVIEW_REQUIRED_v1.7: no AJCC8 stage-grouping rule rows were extractable from the uploaded AJCC8 PDF for this site; copied from AJCC7 to avoid blank result pending cancer committee validation.
Malignant Pleural Mesothelioma,AJCC8,any,T1|T2,N2,M0,Any,Any,III,source_page=287; extract_method=stage_carried; duplicate_source_page=292 | provenance=auto_extracted_from_uploaded_manuals_v1_0 | crosswalk_v1.3 source_site=Pleural Mesothelioma -> tool_site=Malignant Pleural Mesothelioma | SURROGATE_AJCC8_FROM_AJCC7_REVIEW_REQUIRED_v1.7: no AJCC8 stage-grouping rule rows were extractable from the uploaded AJCC8 PDF for this site; copied from AJCC7 to avoid blank result pending cancer committee validation.
Malignant Pleural Mesothelioma,AJCC8,any,T1|T2,N1,M0,Any,Any,III,source_page=287; extract_method=stage_first; duplicate_source_page=292 | provenance=auto_extracted_from_uploaded_manuals_v1_0 | crosswalk_v1.3 source_site=Pleural Mesothelioma -> tool_site=Malignant Pleural Mesothelioma | SURROGATE_AJCC8_FROM_AJCC7_REVIEW_REQUIRED_v1.7: no AJCC8 stage-grouping rule rows were extractable from the uploaded AJCC8 PDF for this site; copied from AJCC7 to avoid blank result pending cancer committee validation.
Malignant Pleural Mesothelioma,AJCC8,any,T2,N0,M0,Any,Any,II,source_page=287; extract_method=stage_first; extra_factors/raw_extra=9050-9053; duplicate_source_page=292 | provenance=auto_extracted_from_uploaded_manuals_v1_0 | crosswalk_v1.3 source_site=Pleural Mesothelioma -> tool_site=Malignant Pleural Mesothelioma | SURROGATE_AJCC8_FROM_AJCC7_REVIEW_REQUIRED_v1.7: no AJCC8 stage-grouping rule rows were extractable from the uploaded AJCC8 PDF for this site; copied from AJCC7 to avoid blank result pending cancer committee validation.
Lung,AJCC8,any,Tis,N0,M0,Any,Any,0,"source_page=269; extract_method=stage_first; extra_factors/raw_extra=C34.1 Upper lobe, lung; duplicate_source_page=284 | provenance=auto_extracted_from_uploaded_manuals_v1_0 | crosswalk_v1.3 source_site=Lung -> tool_site=Lung | SURROGATE_AJCC8_FROM_AJCC7_REVIEW_REQUIRED_v1.7: no AJCC8 stage-grouping rule rows were extractable from the uploaded AJCC8 PDF for this site; copied from AJCC7 to avoid blank result pending cancer committee validation."
Hypopharynx,AJCC8,any,Any,Any,M1,Any,Any,IVC,"source_page=62; extract_method=stage_first; duplicate_source_page=69 | provenance=auto_extracted_from_uploaded_manuals_v1_0 | crosswalk_v1.3 source_site=Pharynx (Including base of tongue, soft palate, and uvula) -> tool_site=Hypopharynx; AJCC7 uses a broader Pharynx chapter; AJCC8 splits pharyngeal sites/HPV-mediated disease. | SURROGATE_AJCC8_FROM_AJCC7_REVIEW_REQUIRED_v1.7: no AJCC8 stage-grouping rule rows were extractable from the uploaded AJCC8 PDF for this site; copied from AJCC7 to avoid blank result pending cancer committee validation."
Hypopharynx,AJCC8,any,Any,N3,M0,Any,Any,IVB,"source_page=62; extract_method=stage_first; duplicate_source_page=69 | provenance=auto_extracted_from_uploaded_manuals_v1_0 | crosswalk_v1.3 source_site=Pharynx (Including base of tongue, soft palate, and uvula) -> tool_site=Hypopharynx; AJCC7 uses a broader Pharynx chapter; AJCC8 splits pharyngeal sites/HPV-mediated disease. | SURROGATE_AJCC8_FROM_AJCC7_REVIEW_REQUIRED_v1.7: no AJCC8 stage-grouping rule rows were extractable from the uploaded AJCC8 PDF for this site; copied from AJCC7 to avoid blank result pending cancer committee validation."
Hypopharynx,AJCC8,any,T4,N2,M0,Any,Any,IVA,"source_page=62; extract_method=stage_carried; duplicate_source_page=69 | provenance=auto_extracted_from_uploaded_manuals_v1_0 | crosswalk_v1.3 source_site=Pharynx (Including base of tongue, soft palate, and uvula) -> tool_site=Hypopharynx; AJCC7 uses a broader Pharynx chapter; AJCC8 splits pharyngeal sites/HPV-mediated disease. | SURROGATE_AJCC8_FROM_AJCC7_REVIEW_REQUIRED_v1.7: no AJCC8 stage-grouping rule rows were extractable from the uploaded AJCC8 PDF for this site; copied from AJCC7 to avoid blank result pending cancer committee validation."
Hypopharynx,AJCC8,yp,T2,N1,M0,Any,Any,II,"source_page=57; extract_method=stage_carried; extra_factors/raw_extra=C09.8 Overlapping lesion | provenance=auto_extracted_from_uploaded_manuals_v1_0 | crosswalk_v1.3 source_site=Pharynx (Including base of tongue, soft palate, and uvula) -> tool_site=Hypopharynx; AJCC7 uses a broader Pharynx chapter; AJCC8 splits pharyngeal sites/HPV-mediated disease. | SURROGATE_AJCC8_FROM_AJCC7_REVIEW_REQUIRED_v1.7: no AJCC8 stage-grouping rule rows were extractable from the uploaded AJCC8 PDF for this site; copied from AJCC7 to avoid blank result pending cancer committee validation."
Hypopharynx,AJCC8,yp,T2,N0,M0,Any,Any,II,"source_page=57; extract_method=stage_carried; extra_factors/raw_extra=C09.1 Tonsillar pillar; duplicate_source_page=58; duplicate_source_page=62; duplicate_source_page=69 | provenance=auto_extracted_from_uploaded_manuals_v1_0 | crosswalk_v1.3 source_site=Pharynx (Including base of tongue, soft palate, and uvula) -> tool_site=Hypopharynx; AJCC7 uses a broader Pharynx chapter; AJCC8 splits pharyngeal sites/HPV-mediated disease. | SURROGATE_AJCC8_FROM_AJCC7_REVIEW_REQUIRED_v1.7: no AJCC8 stage-grouping rule rows were extractable from the uploaded AJCC8 PDF for this site; copied from AJCC7 to avoid blank result pending cancer committee validation."
Hypopharynx,AJCC8,yp,T1,N1,M0,Any,Any,II,"source_page=57; extract_method=stage_first; extra_factors/raw_extra=C09.0 Tonsillar fossa | provenance=auto_extracted_from_uploaded_manuals_v1_0 | crosswalk_v1.3 source_site=Pharynx (Including base of tongue, soft palate, and uvula) -> tool_site=Hypopharynx; AJCC7 uses a broader Pharynx chapter; AJCC8 splits pharyngeal sites/HPV-mediated disease. | SURROGATE_AJCC8_FROM_AJCC7_REVIEW_REQUIRED_v1.7: no AJCC8 stage-grouping rule rows were extractable from the uploaded AJCC8 PDF for this site; copied from AJCC7 to avoid blank result pending cancer committee validation."
Hypopharynx,AJCC8,yp,T1,N0,M0,Any,Any,I,"source_page=57; extract_method=stage_first; extra_factors/raw_extra=C05.2 Uvula; duplicate_source_page=58; duplicate_source_page=62; duplicate_source_page=69 | provenance=auto_extracted_from_uploaded_manuals_v1_0 | crosswalk_v1.3 source_site=Pharynx (Including base of tongue, soft palate, and uvula) -> tool_site=Hypopharynx; AJCC7 uses a broader Pharynx chapter; AJCC8 splits pharyngeal sites/HPV-mediated disease. | SURROGATE_AJCC8_FROM_AJCC7_REVIEW_REQUIRED_v1.7: no AJCC8 stage-grouping rule rows were extractable from the uploaded AJCC8 PDF for this site; copied from AJCC7 to avoid blank result pending cancer committee validation."
Hypopharynx,AJCC8,yp,Tis,N0,M0,Any,Any,0,"source_page=57; extract_method=stage_first; extra_factors/raw_extra=C02.4 Lingual tonsil; duplicate_source_page=58; duplicate_source_page=62; duplicate_source_page=69 | provenance=auto_extracted_from_uploaded_manuals_v1_0 | crosswalk_v1.3 source_site=Pharynx (Including base of tongue, soft palate, and uvula) -> tool_site=Hypopharynx; AJCC7 uses a broader Pharynx chapter; AJCC8 splits pharyngeal sites/HPV-mediated disease. | SURROGATE_AJCC8_FROM_AJCC7_REVIEW_REQUIRED_v1.7: no AJCC8 stage-grouping rule rows were extractable from the uploaded AJCC8 PDF for this site; copied from AJCC7 to avoid blank result pending cancer committee validation."
GIST,AJCC8,yp,Any,N1,M0,Any,Any,IV,source_page=193; extract_method=stage_first; extra_factors/raw_extra=Any rate | provenance=auto_extracted_from_uploaded_manuals_v1_0 | crosswalk_v1.3 source_site=Gastrointestinal Stromal Tumor -> tool_site=GIST | SURROGATE_AJCC8_FROM_AJCC7_REVIEW_REQUIRED_v1.7: no AJCC8 stage-grouping rule rows were extractable from the uploaded AJCC8 PDF for this site; copied from AJCC7 to avoid blank result pending cancer committee validation.
GIST,AJCC8,yp,T4,N0,M0,Any,Any,II,source_page=193; extract_method=stage_carried; extra_factors/raw_extra=Low | provenance=auto_extracted_from_uploaded_manuals_v1_0 | crosswalk_v1.3 source_site=Gastrointestinal Stromal Tumor -> tool_site=GIST | SURROGATE_AJCC8_FROM_AJCC7_REVIEW_REQUIRED_v1.7: no AJCC8 stage-grouping rule rows were extractable from the uploaded AJCC8 PDF for this site; copied from AJCC7 to avoid blank result pending cancer committee validation.
GIST,AJCC8,yp,T2,N0,M0,Any,Any,II,source_page=193; extract_method=stage_carried; extra_factors/raw_extra=High | provenance=auto_extracted_from_uploaded_manuals_v1_0 | crosswalk_v1.3 source_site=Gastrointestinal Stromal Tumor -> tool_site=GIST | SURROGATE_AJCC8_FROM_AJCC7_REVIEW_REQUIRED_v1.7: no AJCC8 stage-grouping rule rows were extractable from the uploaded AJCC8 PDF for this site; copied from AJCC7 to avoid blank result pending cancer committee validation.
GIST,AJCC8,yp,T1,N0,M0,Any,Any,II,source_page=193; extract_method=stage_first; extra_factors/raw_extra=High | provenance=auto_extracted_from_uploaded_manuals_v1_0 | crosswalk_v1.3 source_site=Gastrointestinal Stromal Tumor -> tool_site=GIST | SURROGATE_AJCC8_FROM_AJCC7_REVIEW_REQUIRED_v1.7: no AJCC8 stage-grouping rule rows were extractable from the uploaded AJCC8 PDF for this site; copied from AJCC7 to avoid blank result pending cancer committee validation.
GIST,AJCC8,any,T3,N0,M0,Any,Any,IIIB,source_page=191; extract_method=stage_carried; extra_factors/raw_extra=High; duplicate_source_page=193; duplicate_source_page=195 | provenance=auto_extracted_from_uploaded_manuals_v1_0 | crosswalk_v1.3 source_site=Gastrointestinal Stromal Tumor -> tool_site=GIST | SURROGATE_AJCC8_FROM_AJCC7_REVIEW_REQUIRED_v1.7: no AJCC8 stage-grouping rule rows were extractable from the uploaded AJCC8 PDF for this site; copied from AJCC7 to avoid blank result pending cancer committee validation.
GIST,AJCC8,any,T2,N0,M0,Any,Any,IIIB,source_page=191; extract_method=stage_first; extra_factors/raw_extra=High; duplicate_source_page=193; duplicate_source_page=195 | provenance=auto_extracted_from_uploaded_manuals_v1_0 | crosswalk_v1.3 source_site=Gastrointestinal Stromal Tumor -> tool_site=GIST | SURROGATE_AJCC8_FROM_AJCC7_REVIEW_REQUIRED_v1.7: no AJCC8 stage-grouping rule rows were extractable from the uploaded AJCC8 PDF for this site; copied from AJCC7 to avoid blank result pending cancer committee validation.
GIST,AJCC8,any,T4,N0,M0,Any,Any,IIIA,source_page=191; extract_method=stage_carried; extra_factors/raw_extra=Low; duplicate_source_page=195 | provenance=auto_extracted_from_uploaded_manuals_v1_0 | crosswalk_v1.3 source_site=Gastrointestinal Stromal Tumor -> tool_site=GIST | SURROGATE_AJCC8_FROM_AJCC7_REVIEW_REQUIRED_v1.7: no AJCC8 stage-grouping rule rows were extractable from the uploaded AJCC8 PDF for this site; copied from AJCC7 to avoid blank result pending cancer committee validation.
GIST,AJCC8,any,T1,N0,M0,Any,Any,IIIA,source_page=191; extract_method=stage_first; extra_factors/raw_extra=High; duplicate_source_page=195 | provenance=auto_extracted_from_uploaded_manuals_v1_0 | crosswalk_v1.3 source_site=Gastrointestinal Stromal Tumor -> tool_site=GIST | SURROGATE_AJCC8_FROM_AJCC7_REVIEW_REQUIRED_v1.7: no AJCC8 stage-grouping rule rows were extractable from the uploaded AJCC8 PDF for this site; copied from AJCC7 to avoid blank result pending cancer committee validation.
GIST,AJCC8,any,T3,N0,M0,Any,Any,II,source_page=191; extract_method=stage_first; extra_factors/raw_extra=Low; duplicate_source_page=195 | provenance=auto_extracted_from_uploaded_manuals_v1_0 | crosswalk_v1.3 source_site=Gastrointestinal Stromal Tumor -> tool_site=GIST | SURROGATE_AJCC8_FROM_AJCC7_REVIEW_REQUIRED_v1.7: no AJCC8 stage-grouping rule rows were extractable from the uploaded AJCC8 PDF for this site; copied from AJCC7 to avoid blank result pending cancer committee validation.
GIST,AJCC8,any,T1|T2,N0,M0,Any,Any,I,source_page=191; extract_method=stage_first; extra_factors/raw_extra=Low; duplicate_source_page=195 | provenance=auto_extracted_from_uploaded_manuals_v1_0 | crosswalk_v1.3 source_site=Gastrointestinal Stromal Tumor -> tool_site=GIST | SURROGATE_AJCC8_FROM_AJCC7_REVIEW_REQUIRED_v1.7: no AJCC8 stage-grouping rule rows were extractable from the uploaded AJCC8 PDF for this site; copied from AJCC7 to avoid blank result pending cancer committee validation.
GIST,AJCC8,any,Any,Any,M1,Any,Any,IV,source_page=191; extract_method=stage_carried; extra_factors/raw_extra=Any rate; duplicate_source_page=191; duplicate_source_page=195; duplicate_source_page=195 | provenance=auto_extracted_from_uploaded_manuals_v1_0 | crosswalk_v1.3 source_site=Gastrointestinal Stromal Tumor -> tool_site=GIST | SURROGATE_AJCC8_FROM_AJCC7_REVIEW_REQUIRED_v1.7: no AJCC8 stage-grouping rule rows were extractable from the uploaded AJCC8 PDF for this site; copied from AJCC7 to avoid blank result pending cancer committee validation.
GIST,AJCC8,any,Any,N1,M0,Any,Any,IV,source_page=191; extract_method=stage_first; extra_factors/raw_extra=Any rate | neum; duplicate_source_page=191; duplicate_source_page=195; duplicate_source_page=195 | provenance=auto_extracted_from_uploaded_manuals_v1_0 | crosswalk_v1.3 source_site=Gastrointestinal Stromal Tumor -> tool_site=GIST | SURROGATE_AJCC8_FROM_AJCC7_REVIEW_REQUIRED_v1.7: no AJCC8 stage-grouping rule rows were extractable from the uploaded AJCC8 PDF for this site; copied from AJCC7 to avoid blank result pending cancer committee validation.
GIST,AJCC8,any,T4,N0,M0,Any,Any,IIIB,source_page=191; extract_method=stage_first; extra_factors/raw_extra=High | & Perito-; duplicate_source_page=191; duplicate_source_page=193; duplicate_source_page=195; duplicate_source_page=195 | provenance=auto_extracted_from_uploaded_manuals_v1_0 | crosswalk_v1.3 source_site=Gastrointestinal Stromal Tumor -> tool_site=GIST | SURROGATE_AJCC8_FROM_AJCC7_REVIEW_REQUIRED_v1.7: no AJCC8 stage-grouping rule rows were extractable from the uploaded AJCC8 PDF for this site; copied from AJCC7 to avoid blank result pending cancer committee validation.
GIST,AJCC8,any,T3,N0,M0,Any,Any,IIIA,source_page=191; extract_method=stage_first; extra_factors/raw_extra=High | C48.0-C48.8 Retro-; duplicate_source_page=195 | provenance=auto_extracted_from_uploaded_manuals_v1_0 | crosswalk_v1.3 source_site=Gastrointestinal Stromal Tumor -> tool_site=GIST | SURROGATE_AJCC8_FROM_AJCC7_REVIEW_REQUIRED_v1.7: no AJCC8 stage-grouping rule rows were extractable from the uploaded AJCC8 PDF for this site; copied from AJCC7 to avoid blank result pending cancer committee validation.
GIST,AJCC8,any,T4,N0,M0,Any,Any,II,source_page=191; extract_method=stage_carried; extra_factors/raw_extra=Low | C20.9 | Rectum; duplicate_source_page=195 | provenance=auto_extracted_from_uploaded_manuals_v1_0 | crosswalk_v1.3 source_site=Gastrointestinal Stromal Tumor -> tool_site=GIST | SURROGATE_AJCC8_FROM_AJCC7_REVIEW_REQUIRED_v1.7: no AJCC8 stage-grouping rule rows were extractable from the uploaded AJCC8 PDF for this site; copied from AJCC7 to avoid blank result pending cancer committee validation.
GIST,AJCC8,any,T2,N0,M0,Any,Any,II,source_page=191; extract_method=stage_carried; extra_factors/raw_extra=High | junction; duplicate_source_page=195 | provenance=auto_extracted_from_uploaded_manuals_v1_0 | crosswalk_v1.3 source_site=Gastrointestinal Stromal Tumor -> tool_site=GIST | SURROGATE_AJCC8_FROM_AJCC7_REVIEW_REQUIRED_v1.7: no AJCC8 stage-grouping rule rows were extractable from the uploaded AJCC8 PDF for this site; copied from AJCC7 to avoid blank result pending cancer committee validation.
GIST,AJCC8,any,T1,N0,M0,Any,Any,II,source_page=191; extract_method=stage_first; extra_factors/raw_extra=High | C19.9 | Rectosigmoid; duplicate_source_page=195 | provenance=auto_extracted_from_uploaded_manuals_v1_0 | crosswalk_v1.3 source_site=Gastrointestinal Stromal Tumor -> tool_site=GIST | SURROGATE_AJCC8_FROM_AJCC7_REVIEW_REQUIRED_v1.7: no AJCC8 stage-grouping rule rows were extractable from the uploaded AJCC8 PDF for this site; copied from AJCC7 to avoid blank result pending cancer committee validation.
GIST,AJCC8,any,T3,N0,M0,Any,Any,IB,source_page=191; extract_method=stage_first; extra_factors/raw_extra=Low | C17.9; duplicate_source_page=195 | provenance=auto_extracted_from_uploaded_manuals_v1_0 | crosswalk_v1.3 source_site=Gastrointestinal Stromal Tumor -> tool_site=GIST | SURROGATE_AJCC8_FROM_AJCC7_REVIEW_REQUIRED_v1.7: no AJCC8 stage-grouping rule rows were extractable from the uploaded AJCC8 PDF for this site; copied from AJCC7 to avoid blank result pending cancer committee validation.
GIST,AJCC8,any,T1|T2,N0,M0,Any,Any,IA,source_page=191; extract_method=stage_first; extra_factors/raw_extra=Low | C17.8- | intestine; duplicate_source_page=195 | provenance=auto_extracted_from_uploaded_manuals_v1_0 | crosswalk_v1.3 source_site=Gastrointestinal Stromal Tumor -> tool_site=GIST | SURROGATE_AJCC8_FROM_AJCC7_REVIEW_REQUIRED_v1.7: no AJCC8 stage-grouping rule rows were extractable from the uploaded AJCC8 PDF for this site; copied from AJCC7 to avoid blank result pending cancer committee validation.
Esophagus and Esophagogastric Junction: Other Histologies,AJCC8,any,Tis(HGD),N0,M0,Any,Any,0,"source_page=130; extract_method=stage_first; extra_factors/raw_extra=1, X | 0 | Tis (HGD) | N0 | M0 | 1, X | provenance=auto_extracted_from_uploaded_manuals_v1_0 | crosswalk_v1.3 source_site=Esophagus and EGJ -> tool_site=Esophagus and Esophagogastric Junction: Other Histologies | SURROGATE_AJCC8_FROM_AJCC7_REVIEW_REQUIRED_v1.7: no AJCC8 stage-grouping rule rows were extractable from the uploaded AJCC8 PDF for this site; copied from AJCC7 to avoid blank result pending cancer committee validation."
Esophagus and Esophagogastric Junction: Other Histologies,AJCC8,any,T4b,Any,M0,Any,Any,IIIC,source_page=129; extract_method=stage_carried; extra_factors/raw_extra=Any | Any | T4b | Any | M0 | Any | Any; duplicate_source_page=130 | provenance=auto_extracted_from_uploaded_manuals_v1_0 | crosswalk_v1.3 source_site=Esophagus and EGJ -> tool_site=Esophagus and Esophagogastric Junction: Other Histologies | SURROGATE_AJCC8_FROM_AJCC7_REVIEW_REQUIRED_v1.7: no AJCC8 stage-grouping rule rows were extractable from the uploaded AJCC8 PDF for this site; copied from AJCC7 to avoid blank result pending cancer committee validation.
Esophagus and Esophagogastric Junction: Other Histologies,AJCC8,any,T4a,N1|N2,M0,Any,Any,IIIC,source_page=129; extract_method=stage_first; extra_factors/raw_extra=Any | Any | IIIC | T4a | N1-2 | M0 | Any | Any; duplicate_source_page=130 | provenance=auto_extracted_from_uploaded_manuals_v1_0 | crosswalk_v1.3 source_site=Esophagus and EGJ -> tool_site=Esophagus and Esophagogastric Junction: Other Histologies | SURROGATE_AJCC8_FROM_AJCC7_REVIEW_REQUIRED_v1.7: no AJCC8 stage-grouping rule rows were extractable from the uploaded AJCC8 PDF for this site; copied from AJCC7 to avoid blank result pending cancer committee validation.
Hypopharynx,AJCC8,yp,T1,N2,M0,Any,Any,III,"source_page=57; extract_method=stage_first; extra_factors/raw_extra=C09.9 Tonsil, NOS | provenance=auto_extracted_from_uploaded_manuals_v1_0 | crosswalk_v1.3 source_site=Pharynx (Including base of tongue, soft palate, and uvula) -> tool_site=Hypopharynx; AJCC7 uses a broader Pharynx chapter; AJCC8 splits pharyngeal sites/HPV-mediated disease. | SURROGATE_AJCC8_FROM_AJCC7_REVIEW_REQUIRED_v1.7: no AJCC8 stage-grouping rule rows were extractable from the uploaded AJCC8 PDF for this site; copied from AJCC7 to avoid blank result pending cancer committee validation."
Esophagus and Esophagogastric Junction: Other Histologies,AJCC8,any,T2|T3,N0,M0,Any,Any,IIA,"source_page=129; extract_method=stage_first; extra_factors/raw_extra=1, X | Upper, middle | IIA | T2-3 | N0 | M0 | 1, X | Upper, middle; duplicate_source_page=129 | provenance=auto_extracted_from_uploaded_manuals_v1_0 | crosswalk_v1.3 source_site=Esophagus and EGJ -> tool_site=Esophagus and Esophagogastric Junction: Other Histologies | SURROGATE_AJCC8_FROM_AJCC7_REVIEW_REQUIRED_v1.7: no AJCC8 stage-grouping rule rows were extractable from the uploaded AJCC8 PDF for this site; copied from AJCC7 to avoid blank result pending cancer committee validation."
Hypopharynx,AJCC8,yp,T2,N2,M0,Any,Any,III,"source_page=57; extract_method=stage_carried; extra_factors/raw_extra=C10.0 Vallecula | provenance=auto_extracted_from_uploaded_manuals_v1_0 | crosswalk_v1.3 source_site=Pharynx (Including base of tongue, soft palate, and uvula) -> tool_site=Hypopharynx; AJCC7 uses a broader Pharynx chapter; AJCC8 splits pharyngeal sites/HPV-mediated disease. | SURROGATE_AJCC8_FROM_AJCC7_REVIEW_REQUIRED_v1.7: no AJCC8 stage-grouping rule rows were extractable from the uploaded AJCC8 PDF for this site; copied from AJCC7 to avoid blank result pending cancer committee validation."
Hypopharynx,AJCC8,yp,T3,N1,M0,Any,Any,III,"source_page=57; extract_method=stage_carried; extra_factors/raw_extra=oropharynx; duplicate_source_page=58; duplicate_source_page=62; duplicate_source_page=69 | provenance=auto_extracted_from_uploaded_manuals_v1_0 | crosswalk_v1.3 source_site=Pharynx (Including base of tongue, soft palate, and uvula) -> tool_site=Hypopharynx; AJCC7 uses a broader Pharynx chapter; AJCC8 splits pharyngeal sites/HPV-mediated disease. | SURROGATE_AJCC8_FROM_AJCC7_REVIEW_REQUIRED_v1.7: no AJCC8 stage-grouping rule rows were extractable from the uploaded AJCC8 PDF for this site; copied from AJCC7 to avoid blank result pending cancer committee validation."
Hypopharynx,AJCC8,any,T4,N1,M0,Any,Any,IVA,"source_page=62; extract_method=stage_carried; duplicate_source_page=69 | provenance=auto_extracted_from_uploaded_manuals_v1_0 | crosswalk_v1.3 source_site=Pharynx (Including base of tongue, soft palate, and uvula) -> tool_site=Hypopharynx; AJCC7 uses a broader Pharynx chapter; AJCC8 splits pharyngeal sites/HPV-mediated disease. | SURROGATE_AJCC8_FROM_AJCC7_REVIEW_REQUIRED_v1.7: no AJCC8 stage-grouping rule rows were extractable from the uploaded AJCC8 PDF for this site; copied from AJCC7 to avoid blank result pending cancer committee validation."
Hypopharynx,AJCC8,any,T4,N0,M0,Any,Any,IVA,"source_page=62; extract_method=stage_first; duplicate_source_page=69 | provenance=auto_extracted_from_uploaded_manuals_v1_0 | crosswalk_v1.3 source_site=Pharynx (Including base of tongue, soft palate, and uvula) -> tool_site=Hypopharynx; AJCC7 uses a broader Pharynx chapter; AJCC8 splits pharyngeal sites/HPV-mediated disease. | SURROGATE_AJCC8_FROM_AJCC7_REVIEW_REQUIRED_v1.7: no AJCC8 stage-grouping rule rows were extractable from the uploaded AJCC8 PDF for this site; copied from AJCC7 to avoid blank result pending cancer committee validation."
Hypopharynx,AJCC8,any,T3,N2,M0,Any,Any,III,"source_page=62; extract_method=stage_carried; duplicate_source_page=69 | provenance=auto_extracted_from_uploaded_manuals_v1_0 | crosswalk_v1.3 source_site=Pharynx (Including base of tongue, soft palate, and uvula) -> tool_site=Hypopharynx; AJCC7 uses a broader Pharynx chapter; AJCC8 splits pharyngeal sites/HPV-mediated disease. | SURROGATE_AJCC8_FROM_AJCC7_REVIEW_REQUIRED_v1.7: no AJCC8 stage-grouping rule rows were extractable from the uploaded AJCC8 PDF for this site; copied from AJCC7 to avoid blank result pending cancer committee validation."
Hypopharynx,AJCC8,any,T3,N1,M0,Any,Any,III,"source_page=62; extract_method=stage_carried; duplicate_source_page=69 | provenance=auto_extracted_from_uploaded_manuals_v1_0 | crosswalk_v1.3 source_site=Pharynx (Including base of tongue, soft palate, and uvula) -> tool_site=Hypopharynx; AJCC7 uses a broader Pharynx chapter; AJCC8 splits pharyngeal sites/HPV-mediated disease. | SURROGATE_AJCC8_FROM_AJCC7_REVIEW_REQUIRED_v1.7: no AJCC8 stage-grouping rule rows were extractable from the uploaded AJCC8 PDF for this site; copied from AJCC7 to avoid blank result pending cancer committee validation."
Hypopharynx,AJCC8,any,T3,N0,M0,Any,Any,III,"source_page=62; extract_method=stage_carried; duplicate_source_page=69 | provenance=auto_extracted_from_uploaded_manuals_v1_0 | crosswalk_v1.3 source_site=Pharynx (Including base of tongue, soft palate, and uvula) -> tool_site=Hypopharynx; AJCC7 uses a broader Pharynx chapter; AJCC8 splits pharyngeal sites/HPV-mediated disease. | SURROGATE_AJCC8_FROM_AJCC7_REVIEW_REQUIRED_v1.7: no AJCC8 stage-grouping rule rows were extractable from the uploaded AJCC8 PDF for this site; copied from AJCC7 to avoid blank result pending cancer committee validation."
Hypopharynx,AJCC8,any,T2,N2,M0,Any,Any,III,"source_page=62; extract_method=stage_carried; duplicate_source_page=69 | provenance=auto_extracted_from_uploaded_manuals_v1_0 | crosswalk_v1.3 source_site=Pharynx (Including base of tongue, soft palate, and uvula) -> tool_site=Hypopharynx; AJCC7 uses a broader Pharynx chapter; AJCC8 splits pharyngeal sites/HPV-mediated disease. | SURROGATE_AJCC8_FROM_AJCC7_REVIEW_REQUIRED_v1.7: no AJCC8 stage-grouping rule rows were extractable from the uploaded AJCC8 PDF for this site; copied from AJCC7 to avoid blank result pending cancer committee validation."
Hypopharynx,AJCC8,any,T1,N2,M0,Any,Any,III,"source_page=62; extract_method=stage_first; duplicate_source_page=69 | provenance=auto_extracted_from_uploaded_manuals_v1_0 | crosswalk_v1.3 source_site=Pharynx (Including base of tongue, soft palate, and uvula) -> tool_site=Hypopharynx; AJCC7 uses a broader Pharynx chapter; AJCC8 splits pharyngeal sites/HPV-mediated disease. | SURROGATE_AJCC8_FROM_AJCC7_REVIEW_REQUIRED_v1.7: no AJCC8 stage-grouping rule rows were extractable from the uploaded AJCC8 PDF for this site; copied from AJCC7 to avoid blank result pending cancer committee validation."
Hypopharynx,AJCC8,any,T2,N1,M0,Any,Any,II,"source_page=62; extract_method=stage_carried; duplicate_source_page=69 | provenance=auto_extracted_from_uploaded_manuals_v1_0 | crosswalk_v1.3 source_site=Pharynx (Including base of tongue, soft palate, and uvula) -> tool_site=Hypopharynx; AJCC7 uses a broader Pharynx chapter; AJCC8 splits pharyngeal sites/HPV-mediated disease. | SURROGATE_AJCC8_FROM_AJCC7_REVIEW_REQUIRED_v1.7: no AJCC8 stage-grouping rule rows were extractable from the uploaded AJCC8 PDF for this site; copied from AJCC7 to avoid blank result pending cancer committee validation."
Hypopharynx,AJCC8,any,T2,N0,M0,Any,Any,II,"source_page=62; extract_method=stage_carried; duplicate_source_page=69 | provenance=auto_extracted_from_uploaded_manuals_v1_0 | crosswalk_v1.3 source_site=Pharynx (Including base of tongue, soft palate, and uvula) -> tool_site=Hypopharynx; AJCC7 uses a broader Pharynx chapter; AJCC8 splits pharyngeal sites/HPV-mediated disease. | SURROGATE_AJCC8_FROM_AJCC7_REVIEW_REQUIRED_v1.7: no AJCC8 stage-grouping rule rows were extractable from the uploaded AJCC8 PDF for this site; copied from AJCC7 to avoid blank result pending cancer committee validation."
Hypopharynx,AJCC8,any,T1,N1,M0,Any,Any,II,"source_page=62; extract_method=stage_first; duplicate_source_page=69 | provenance=auto_extracted_from_uploaded_manuals_v1_0 | crosswalk_v1.3 source_site=Pharynx (Including base of tongue, soft palate, and uvula) -> tool_site=Hypopharynx; AJCC7 uses a broader Pharynx chapter; AJCC8 splits pharyngeal sites/HPV-mediated disease. | SURROGATE_AJCC8_FROM_AJCC7_REVIEW_REQUIRED_v1.7: no AJCC8 stage-grouping rule rows were extractable from the uploaded AJCC8 PDF for this site; copied from AJCC7 to avoid blank result pending cancer committee validation."
Hypopharynx,AJCC8,any,T1,N0,M0,Any,Any,I,"source_page=62; extract_method=stage_first; duplicate_source_page=69 | provenance=auto_extracted_from_uploaded_manuals_v1_0 | crosswalk_v1.3 source_site=Pharynx (Including base of tongue, soft palate, and uvula) -> tool_site=Hypopharynx; AJCC7 uses a broader Pharynx chapter; AJCC8 splits pharyngeal sites/HPV-mediated disease. | SURROGATE_AJCC8_FROM_AJCC7_REVIEW_REQUIRED_v1.7: no AJCC8 stage-grouping rule rows were extractable from the uploaded AJCC8 PDF for this site; copied from AJCC7 to avoid blank result pending cancer committee validation."
Hypopharynx,AJCC8,any,Tis,N0,M0,Any,Any,0,"source_page=62; extract_method=stage_first; duplicate_source_page=69 | provenance=auto_extracted_from_uploaded_manuals_v1_0 | crosswalk_v1.3 source_site=Pharynx (Including base of tongue, soft palate, and uvula) -> tool_site=Hypopharynx; AJCC7 uses a broader Pharynx chapter; AJCC8 splits pharyngeal sites/HPV-mediated disease. | SURROGATE_AJCC8_FROM_AJCC7_REVIEW_REQUIRED_v1.7: no AJCC8 stage-grouping rule rows were extractable from the uploaded AJCC8 PDF for this site; copied from AJCC7 to avoid blank result pending cancer committee validation."
Hypopharynx,AJCC8,yp,T4b,Any,M0,Any,Any,IVB,"source_page=58; extract_method=stage_first; extra_factors/raw_extra=ICD-O-3 HISTOLOGY; duplicate_source_page=62; duplicate_source_page=69 | provenance=auto_extracted_from_uploaded_manuals_v1_0 | crosswalk_v1.3 source_site=Pharynx (Including base of tongue, soft palate, and uvula) -> tool_site=Hypopharynx; AJCC7 uses a broader Pharynx chapter; AJCC8 splits pharyngeal sites/HPV-mediated disease. | SURROGATE_AJCC8_FROM_AJCC7_REVIEW_REQUIRED_v1.7: no AJCC8 stage-grouping rule rows were extractable from the uploaded AJCC8 PDF for this site; copied from AJCC7 to avoid blank result pending cancer committee validation."
Hypopharynx,AJCC8,yp,T4a,N2,M0,Any,Any,IVA,"source_page=58; extract_method=stage_carried; extra_factors/raw_extra=C13.9 | Hypopharynx, NOS; duplicate_source_page=62; duplicate_source_page=69 | provenance=auto_extracted_from_uploaded_manuals_v1_0 | crosswalk_v1.3 source_site=Pharynx (Including base of tongue, soft palate, and uvula) -> tool_site=Hypopharynx; AJCC7 uses a broader Pharynx chapter; AJCC8 splits pharyngeal sites/HPV-mediated disease. | SURROGATE_AJCC8_FROM_AJCC7_REVIEW_REQUIRED_v1.7: no AJCC8 stage-grouping rule rows were extractable from the uploaded AJCC8 PDF for this site; copied from AJCC7 to avoid blank result pending cancer committee validation."
Hypopharynx,AJCC8,yp,T3,N2,M0,Any,Any,IVA,"source_page=58; extract_method=stage_carried; extra_factors/raw_extra=of hypopharynx; duplicate_source_page=62; duplicate_source_page=69 | provenance=auto_extracted_from_uploaded_manuals_v1_0 | crosswalk_v1.3 source_site=Pharynx (Including base of tongue, soft palate, and uvula) -> tool_site=Hypopharynx; AJCC7 uses a broader Pharynx chapter; AJCC8 splits pharyngeal sites/HPV-mediated disease. | SURROGATE_AJCC8_FROM_AJCC7_REVIEW_REQUIRED_v1.7: no AJCC8 stage-grouping rule rows were extractable from the uploaded AJCC8 PDF for this site; copied from AJCC7 to avoid blank result pending cancer committee validation."
Hypopharynx,AJCC8,yp,T2,N2,M0,Any,Any,IVA,"source_page=58; extract_method=stage_carried; extra_factors/raw_extra=C13.8 | Overlapping lesion; duplicate_source_page=62; duplicate_source_page=69 | provenance=auto_extracted_from_uploaded_manuals_v1_0 | crosswalk_v1.3 source_site=Pharynx (Including base of tongue, soft palate, and uvula) -> tool_site=Hypopharynx; AJCC7 uses a broader Pharynx chapter; AJCC8 splits pharyngeal sites/HPV-mediated disease. | SURROGATE_AJCC8_FROM_AJCC7_REVIEW_REQUIRED_v1.7: no AJCC8 stage-grouping rule rows were extractable from the uploaded AJCC8 PDF for this site; copied from AJCC7 to avoid blank result pending cancer committee validation."
Hypopharynx,AJCC8,yp,T1,N2,M0,Any,Any,IVA,"source_page=58; extract_method=stage_carried; extra_factors/raw_extra=hypopharynx; duplicate_source_page=62; duplicate_source_page=69 | provenance=auto_extracted_from_uploaded_manuals_v1_0 | crosswalk_v1.3 source_site=Pharynx (Including base of tongue, soft palate, and uvula) -> tool_site=Hypopharynx; AJCC7 uses a broader Pharynx chapter; AJCC8 splits pharyngeal sites/HPV-mediated disease. | SURROGATE_AJCC8_FROM_AJCC7_REVIEW_REQUIRED_v1.7: no AJCC8 stage-grouping rule rows were extractable from the uploaded AJCC8 PDF for this site; copied from AJCC7 to avoid blank result pending cancer committee validation."
Hypopharynx,AJCC8,yp,T4a,N1,M0,Any,Any,IVA,"source_page=58; extract_method=stage_carried; extra_factors/raw_extra=C13.2 | Posterior wall of; duplicate_source_page=62; duplicate_source_page=69 | provenance=auto_extracted_from_uploaded_manuals_v1_0 | crosswalk_v1.3 source_site=Pharynx (Including base of tongue, soft palate, and uvula) -> tool_site=Hypopharynx; AJCC7 uses a broader Pharynx chapter; AJCC8 splits pharyngeal sites/HPV-mediated disease. | SURROGATE_AJCC8_FROM_AJCC7_REVIEW_REQUIRED_v1.7: no AJCC8 stage-grouping rule rows were extractable from the uploaded AJCC8 PDF for this site; copied from AJCC7 to avoid blank result pending cancer committee validation."
Hypopharynx,AJCC8,yp,T4a,N0,M0,Any,Any,IVA,"source_page=58; extract_method=stage_first; extra_factors/raw_extra=glottic fold; duplicate_source_page=62; duplicate_source_page=69 | provenance=auto_extracted_from_uploaded_manuals_v1_0 | crosswalk_v1.3 source_site=Pharynx (Including base of tongue, soft palate, and uvula) -> tool_site=Hypopharynx; AJCC7 uses a broader Pharynx chapter; AJCC8 splits pharyngeal sites/HPV-mediated disease. | SURROGATE_AJCC8_FROM_AJCC7_REVIEW_REQUIRED_v1.7: no AJCC8 stage-grouping rule rows were extractable from the uploaded AJCC8 PDF for this site; copied from AJCC7 to avoid blank result pending cancer committee validation."
Hypopharynx,AJCC8,yp,T2,N1,M0,Any,Any,III,"source_page=58; extract_method=stage_carried; extra_factors/raw_extra=C13.1 | Hypopharyngeal; duplicate_source_page=62; duplicate_source_page=69 | provenance=auto_extracted_from_uploaded_manuals_v1_0 | crosswalk_v1.3 source_site=Pharynx (Including base of tongue, soft palate, and uvula) -> tool_site=Hypopharynx; AJCC7 uses a broader Pharynx chapter; AJCC8 splits pharyngeal sites/HPV-mediated disease. | SURROGATE_AJCC8_FROM_AJCC7_REVIEW_REQUIRED_v1.7: no AJCC8 stage-grouping rule rows were extractable from the uploaded AJCC8 PDF for this site; copied from AJCC7 to avoid blank result pending cancer committee validation."
Hypopharynx,AJCC8,yp,T1,N1,M0,Any,Any,III,"source_page=58; extract_method=stage_carried; extra_factors/raw_extra=C13.0 | Postcricoid region; duplicate_source_page=62; duplicate_source_page=69 | provenance=auto_extracted_from_uploaded_manuals_v1_0 | crosswalk_v1.3 source_site=Pharynx (Including base of tongue, soft palate, and uvula) -> tool_site=Hypopharynx; AJCC7 uses a broader Pharynx chapter; AJCC8 splits pharyngeal sites/HPV-mediated disease. | SURROGATE_AJCC8_FROM_AJCC7_REVIEW_REQUIRED_v1.7: no AJCC8 stage-grouping rule rows were extractable from the uploaded AJCC8 PDF for this site; copied from AJCC7 to avoid blank result pending cancer committee validation."
Hypopharynx,AJCC8,yp,Any,Any,M1,Any,Any,IVC,"source_page=57; extract_method=stage_first; extra_factors/raw_extra=C11.0 Superior wall of; duplicate_source_page=58; duplicate_source_page=62; duplicate_source_page=69 | provenance=auto_extracted_from_uploaded_manuals_v1_0 | crosswalk_v1.3 source_site=Pharynx (Including base of tongue, soft palate, and uvula) -> tool_site=Hypopharynx; AJCC7 uses a broader Pharynx chapter; AJCC8 splits pharyngeal sites/HPV-mediated disease. | SURROGATE_AJCC8_FROM_AJCC7_REVIEW_REQUIRED_v1.7: no AJCC8 stage-grouping rule rows were extractable from the uploaded AJCC8 PDF for this site; copied from AJCC7 to avoid blank result pending cancer committee validation."
Hypopharynx,AJCC8,yp,Any,N3,M0,Any,Any,IVB,"source_page=57; extract_method=stage_first; extra_factors/raw_extra=C10.9 Oropharynx, NOS; duplicate_source_page=58; duplicate_source_page=62; duplicate_source_page=69 | provenance=auto_extracted_from_uploaded_manuals_v1_0 | crosswalk_v1.3 source_site=Pharynx (Including base of tongue, soft palate, and uvula) -> tool_site=Hypopharynx; AJCC7 uses a broader Pharynx chapter; AJCC8 splits pharyngeal sites/HPV-mediated disease. | SURROGATE_AJCC8_FROM_AJCC7_REVIEW_REQUIRED_v1.7: no AJCC8 stage-grouping rule rows were extractable from the uploaded AJCC8 PDF for this site; copied from AJCC7 to avoid blank result pending cancer committee validation."
Hypopharynx,AJCC8,yp,T4,N2,M0,Any,Any,IVA,"source_page=57; extract_method=stage_carried; extra_factors/raw_extra=C10.8 Overlapping lesion | provenance=auto_extracted_from_uploaded_manuals_v1_0 | crosswalk_v1.3 source_site=Pharynx (Including base of tongue, soft palate, and uvula) -> tool_site=Hypopharynx; AJCC7 uses a broader Pharynx chapter; AJCC8 splits pharyngeal sites/HPV-mediated disease. | SURROGATE_AJCC8_FROM_AJCC7_REVIEW_REQUIRED_v1.7: no AJCC8 stage-grouping rule rows were extractable from the uploaded AJCC8 PDF for this site; copied from AJCC7 to avoid blank result pending cancer committee validation."
Hypopharynx,AJCC8,yp,T4,N1,M0,Any,Any,IVA,"source_page=57; extract_method=stage_carried; extra_factors/raw_extra=C10.4 Branchial cleft | provenance=auto_extracted_from_uploaded_manuals_v1_0 | crosswalk_v1.3 source_site=Pharynx (Including base of tongue, soft palate, and uvula) -> tool_site=Hypopharynx; AJCC7 uses a broader Pharynx chapter; AJCC8 splits pharyngeal sites/HPV-mediated disease. | SURROGATE_AJCC8_FROM_AJCC7_REVIEW_REQUIRED_v1.7: no AJCC8 stage-grouping rule rows were extractable from the uploaded AJCC8 PDF for this site; copied from AJCC7 to avoid blank result pending cancer committee validation."
Hypopharynx,AJCC8,yp,T4,N0,M0,Any,Any,IVA,"source_page=57; extract_method=stage_first; extra_factors/raw_extra=wall | provenance=auto_extracted_from_uploaded_manuals_v1_0 | crosswalk_v1.3 source_site=Pharynx (Including base of tongue, soft palate, and uvula) -> tool_site=Hypopharynx; AJCC7 uses a broader Pharynx chapter; AJCC8 splits pharyngeal sites/HPV-mediated disease. | SURROGATE_AJCC8_FROM_AJCC7_REVIEW_REQUIRED_v1.7: no AJCC8 stage-grouping rule rows were extractable from the uploaded AJCC8 PDF for this site; copied from AJCC7 to avoid blank result pending cancer committee validation."
Hypopharynx,AJCC8,yp,T3,N2,M0,Any,Any,III,"source_page=57; extract_method=stage_carried; extra_factors/raw_extra=C10.3 Posterior pharyngeal | provenance=auto_extracted_from_uploaded_manuals_v1_0 | crosswalk_v1.3 source_site=Pharynx (Including base of tongue, soft palate, and uvula) -> tool_site=Hypopharynx; AJCC7 uses a broader Pharynx chapter; AJCC8 splits pharyngeal sites/HPV-mediated disease. | SURROGATE_AJCC8_FROM_AJCC7_REVIEW_REQUIRED_v1.7: no AJCC8 stage-grouping rule rows were extractable from the uploaded AJCC8 PDF for this site; copied from AJCC7 to avoid blank result pending cancer committee validation."
Hypopharynx,AJCC8,yp,T3,N0,M0,Any,Any,III,"source_page=57; extract_method=stage_carried; extra_factors/raw_extra=C10.2 Lateral wall of; duplicate_source_page=58; duplicate_source_page=62; duplicate_source_page=69 | provenance=auto_extracted_from_uploaded_manuals_v1_0 | crosswalk_v1.3 source_site=Pharynx (Including base of tongue, soft palate, and uvula) -> tool_site=Hypopharynx; AJCC7 uses a broader Pharynx chapter; AJCC8 splits pharyngeal sites/HPV-mediated disease. | SURROGATE_AJCC8_FROM_AJCC7_REVIEW_REQUIRED_v1.7: no AJCC8 stage-grouping rule rows were extractable from the uploaded AJCC8 PDF for this site; copied from AJCC7 to avoid blank result pending cancer committee validation."
Vagina,AJCC8,any,T3,N0,M0,Any,Any,I,source_page=404; extract_method=stage_carried | provenance=auto_extracted_from_uploaded_manuals_v1_0 | crosswalk_v1.3 source_site=Vagina -> tool_site=Vagina | SURROGATE_AJCC8_FROM_AJCC7_REVIEW_REQUIRED_v1.7: no AJCC8 stage-grouping rule rows were extractable from the uploaded AJCC8 PDF for this site; copied from AJCC7 to avoid blank result pending cancer committee validation.
