site,edition,classification,t,n,m,grade,location,stage,note
Oropharynx (p16-),AJCC8,yp,T4,N0,M0,Any,Any,IVA,"source_page=57; extract_method=stage_first; extra_factors/raw_extra=wall | provenance=auto_extracted_from_uploaded_manuals_v1_0 | crosswalk_v1.3 source_site=Pharynx (Including base of tongue, soft palate, and uvula) -> tool_site=Oropharynx (p16-); AJCC7 uses a broader Pharynx chapter; AJCC8 splits pharyngeal sites/HPV-mediated disease. | SURROGATE_AJCC8_FROM_AJCC7_REVIEW_REQUIRED_v1.7: no AJCC8 stage-grouping rule rows were extractable from the uploaded AJCC8 PDF for this site; copied from AJCC7 to avoid blank result pending cancer committee validation."
Oropharynx (p16-),AJCC8,yp,T3,N0,M0,Any,Any,III,"source_page=57; extract_method=stage_carried; extra_factors/raw_extra=C10.2 Lateral wall of; duplicate_source_page=58; duplicate_source_page=62; duplicate_source_page=69 | provenance=auto_extracted_from_uploaded_manuals_v1_0 | crosswalk_v1.3 source_site=Pharynx (Including base of tongue, soft palate, and uvula) -> tool_site=Oropharynx (p16-); AJCC7 uses a broader Pharynx chapter; AJCC8 splits pharyngeal sites/HPV-mediated disease. | SURROGATE_AJCC8_FROM_AJCC7_REVIEW_REQUIRED_v1.7: no AJCC8 stage-grouping rule rows were extractable from the uploaded AJCC8 PDF for this site; copied from AJCC7 to avoid blank result pending cancer committee validation."
Oropharynx (p16-),AJCC8,yp,T4,N1,M0,Any,Any,IVA,"source_page=57; extract_method=stage_carried; extra_factors/raw_extra=C10.4 Branchial cleft | provenance=auto_extracted_from_uploaded_manuals_v1_0 | crosswalk_v1.3 source_site=Pharynx (Including base of tongue, soft palate, and uvula) -> tool_site=Oropharynx (p16-); AJCC7 uses a broader Pharynx chapter; AJCC8 splits pharyngeal sites/HPV-mediated disease. | SURROGATE_AJCC8_FROM_AJCC7_REVIEW_REQUIRED_v1.7: no AJCC8 stage-grouping rule rows were extractable from the uploaded AJCC8 PDF for this site; copied from AJCC7 to avoid blank result pending cancer committee validation."
Oropharynx (p16-),AJCC8,yp,T2,N2,M0,Any,Any,III,"source_page=57; extract_method=stage_carried; extra_factors/raw_extra=C10.0 Vallecula | provenance=auto_extracted_from_uploaded_manuals_v1_0 | crosswalk_v1.3 source_site=Pharynx (Including base of tongue, soft palate, and uvula) -> tool_site=Oropharynx (p16-); AJCC7 uses a broader Pharynx chapter; AJCC8 splits pharyngeal sites/HPV-mediated disease. | SURROGATE_AJCC8_FROM_AJCC7_REVIEW_REQUIRED_v1.7: no AJCC8 stage-grouping rule rows were extractable from the uploaded AJCC8 PDF for this site; copied from AJCC7 to avoid blank result pending cancer committee validation."
Oropharynx (p16-),AJCC8,yp,T1,N2,M0,Any,Any,III,"source_page=57; extract_method=stage_first; extra_factors/raw_extra=C09.9 Tonsil, NOS | provenance=auto_extracted_from_uploaded_manuals_v1_0 | crosswalk_v1.3 source_site=Pharynx (Including base of tongue, soft palate, and uvula) -> tool_site=Oropharynx (p16-); AJCC7 uses a broader Pharynx chapter; AJCC8 splits pharyngeal sites/HPV-mediated disease. | SURROGATE_AJCC8_FROM_AJCC7_REVIEW_REQUIRED_v1.7: no AJCC8 stage-grouping rule rows were extractable from the uploaded AJCC8 PDF for this site; copied from AJCC7 to avoid blank result pending cancer committee validation."
Oropharynx (p16-),AJCC8,yp,T3,N1,M0,Any,Any,III,"source_page=57; extract_method=stage_carried; extra_factors/raw_extra=oropharynx; duplicate_source_page=58; duplicate_source_page=62; duplicate_source_page=69 | provenance=auto_extracted_from_uploaded_manuals_v1_0 | crosswalk_v1.3 source_site=Pharynx (Including base of tongue, soft palate, and uvula) -> tool_site=Oropharynx (p16-); AJCC7 uses a broader Pharynx chapter; AJCC8 splits pharyngeal sites/HPV-mediated disease. | SURROGATE_AJCC8_FROM_AJCC7_REVIEW_REQUIRED_v1.7: no AJCC8 stage-grouping rule rows were extractable from the uploaded AJCC8 PDF for this site; copied from AJCC7 to avoid blank result pending cancer committee validation."
Oropharynx (p16-),AJCC8,yp,T2,N1,M0,Any,Any,II,"source_page=57; extract_method=stage_carried; extra_factors/raw_extra=C09.8 Overlapping lesion | provenance=auto_extracted_from_uploaded_manuals_v1_0 | crosswalk_v1.3 source_site=Pharynx (Including base of tongue, soft palate, and uvula) -> tool_site=Oropharynx (p16-); AJCC7 uses a broader Pharynx chapter; AJCC8 splits pharyngeal sites/HPV-mediated disease. | SURROGATE_AJCC8_FROM_AJCC7_REVIEW_REQUIRED_v1.7: no AJCC8 stage-grouping rule rows were extractable from the uploaded AJCC8 PDF for this site; copied from AJCC7 to avoid blank result pending cancer committee validation."
Oropharynx (p16-),AJCC8,yp,T2,N0,M0,Any,Any,II,"source_page=57; extract_method=stage_carried; extra_factors/raw_extra=C09.1 Tonsillar pillar; duplicate_source_page=58; duplicate_source_page=62; duplicate_source_page=69 | provenance=auto_extracted_from_uploaded_manuals_v1_0 | crosswalk_v1.3 source_site=Pharynx (Including base of tongue, soft palate, and uvula) -> tool_site=Oropharynx (p16-); AJCC7 uses a broader Pharynx chapter; AJCC8 splits pharyngeal sites/HPV-mediated disease. | SURROGATE_AJCC8_FROM_AJCC7_REVIEW_REQUIRED_v1.7: no AJCC8 stage-grouping rule rows were extractable from the uploaded AJCC8 PDF for this site; copied from AJCC7 to avoid blank result pending cancer committee validation."
Oropharynx (p16-),AJCC8,yp,T1,N1,M0,Any,Any,II,"source_page=57; extract_method=stage_first; extra_factors/raw_extra=C09.0 Tonsillar fossa | provenance=auto_extracted_from_uploaded_manuals_v1_0 | crosswalk_v1.3 source_site=Pharynx (Including base of tongue, soft palate, and uvula) -> tool_site=Oropharynx (p16-); AJCC7 uses a broader Pharynx chapter; AJCC8 splits pharyngeal sites/HPV-mediated disease. | SURROGATE_AJCC8_FROM_AJCC7_REVIEW_REQUIRED_v1.7: no AJCC8 stage-grouping rule rows were extractable from the uploaded AJCC8 PDF for this site; copied from AJCC7 to avoid blank result pending cancer committee validation."
Oropharynx (p16-),AJCC8,yp,T1,N0,M0,Any,Any,I,"source_page=57; extract_method=stage_first; extra_factors/raw_extra=C05.2 Uvula; duplicate_source_page=58; duplicate_source_page=62; duplicate_source_page=69 | provenance=auto_extracted_from_uploaded_manuals_v1_0 | crosswalk_v1.3 source_site=Pharynx (Including base of tongue, soft palate, and uvula) -> tool_site=Oropharynx (p16-); AJCC7 uses a broader Pharynx chapter; AJCC8 splits pharyngeal sites/HPV-mediated disease. | SURROGATE_AJCC8_FROM_AJCC7_REVIEW_REQUIRED_v1.7: no AJCC8 stage-grouping rule rows were extractable from the uploaded AJCC8 PDF for this site; copied from AJCC7 to avoid blank result pending cancer committee validation."
Oropharynx (p16-),AJCC8,yp,T3,N2,M0,Any,Any,III,"source_page=57; extract_method=stage_carried; extra_factors/raw_extra=C10.3 Posterior pharyngeal | provenance=auto_extracted_from_uploaded_manuals_v1_0 | crosswalk_v1.3 source_site=Pharynx (Including base of tongue, soft palate, and uvula) -> tool_site=Oropharynx (p16-); AJCC7 uses a broader Pharynx chapter; AJCC8 splits pharyngeal sites/HPV-mediated disease. | SURROGATE_AJCC8_FROM_AJCC7_REVIEW_REQUIRED_v1.7: no AJCC8 stage-grouping rule rows were extractable from the uploaded AJCC8 PDF for this site; copied from AJCC7 to avoid blank result pending cancer committee validation."
Nasopharynx,AJCC8,any,T4,N0,M0,Any,Any,IVA,"source_page=62; extract_method=stage_first; duplicate_source_page=69 | provenance=auto_extracted_from_uploaded_manuals_v1_0 | crosswalk_v1.3 source_site=Pharynx (Including base of tongue, soft palate, and uvula) -> tool_site=Nasopharynx; AJCC7 uses a broader Pharynx chapter; AJCC8 splits pharyngeal sites/HPV-mediated disease. | SURROGATE_AJCC8_FROM_AJCC7_REVIEW_REQUIRED_v1.7: no AJCC8 stage-grouping rule rows were extractable from the uploaded AJCC8 PDF for this site; copied from AJCC7 to avoid blank result pending cancer committee validation."
Nasopharynx,AJCC8,any,Any,Any,M1,Any,Any,IVC,"source_page=62; extract_method=stage_first; duplicate_source_page=69 | provenance=auto_extracted_from_uploaded_manuals_v1_0 | crosswalk_v1.3 source_site=Pharynx (Including base of tongue, soft palate, and uvula) -> tool_site=Nasopharynx; AJCC7 uses a broader Pharynx chapter; AJCC8 splits pharyngeal sites/HPV-mediated disease. | SURROGATE_AJCC8_FROM_AJCC7_REVIEW_REQUIRED_v1.7: no AJCC8 stage-grouping rule rows were extractable from the uploaded AJCC8 PDF for this site; copied from AJCC7 to avoid blank result pending cancer committee validation."
Nasopharynx,AJCC8,any,Any,N3,M0,Any,Any,IVB,"source_page=62; extract_method=stage_first; duplicate_source_page=69 | provenance=auto_extracted_from_uploaded_manuals_v1_0 | crosswalk_v1.3 source_site=Pharynx (Including base of tongue, soft palate, and uvula) -> tool_site=Nasopharynx; AJCC7 uses a broader Pharynx chapter; AJCC8 splits pharyngeal sites/HPV-mediated disease. | SURROGATE_AJCC8_FROM_AJCC7_REVIEW_REQUIRED_v1.7: no AJCC8 stage-grouping rule rows were extractable from the uploaded AJCC8 PDF for this site; copied from AJCC7 to avoid blank result pending cancer committee validation."
Nasopharynx,AJCC8,any,T4,N2,M0,Any,Any,IVA,"source_page=62; extract_method=stage_carried; duplicate_source_page=69 | provenance=auto_extracted_from_uploaded_manuals_v1_0 | crosswalk_v1.3 source_site=Pharynx (Including base of tongue, soft palate, and uvula) -> tool_site=Nasopharynx; AJCC7 uses a broader Pharynx chapter; AJCC8 splits pharyngeal sites/HPV-mediated disease. | SURROGATE_AJCC8_FROM_AJCC7_REVIEW_REQUIRED_v1.7: no AJCC8 stage-grouping rule rows were extractable from the uploaded AJCC8 PDF for this site; copied from AJCC7 to avoid blank result pending cancer committee validation."
Nasopharynx,AJCC8,any,T4,N1,M0,Any,Any,IVA,"source_page=62; extract_method=stage_carried; duplicate_source_page=69 | provenance=auto_extracted_from_uploaded_manuals_v1_0 | crosswalk_v1.3 source_site=Pharynx (Including base of tongue, soft palate, and uvula) -> tool_site=Nasopharynx; AJCC7 uses a broader Pharynx chapter; AJCC8 splits pharyngeal sites/HPV-mediated disease. | SURROGATE_AJCC8_FROM_AJCC7_REVIEW_REQUIRED_v1.7: no AJCC8 stage-grouping rule rows were extractable from the uploaded AJCC8 PDF for this site; copied from AJCC7 to avoid blank result pending cancer committee validation."
Nasopharynx,AJCC8,any,T3,N2,M0,Any,Any,III,"source_page=62; extract_method=stage_carried; duplicate_source_page=69 | provenance=auto_extracted_from_uploaded_manuals_v1_0 | crosswalk_v1.3 source_site=Pharynx (Including base of tongue, soft palate, and uvula) -> tool_site=Nasopharynx; AJCC7 uses a broader Pharynx chapter; AJCC8 splits pharyngeal sites/HPV-mediated disease. | SURROGATE_AJCC8_FROM_AJCC7_REVIEW_REQUIRED_v1.7: no AJCC8 stage-grouping rule rows were extractable from the uploaded AJCC8 PDF for this site; copied from AJCC7 to avoid blank result pending cancer committee validation."
Nasopharynx,AJCC8,any,T3,N1,M0,Any,Any,III,"source_page=62; extract_method=stage_carried; duplicate_source_page=69 | provenance=auto_extracted_from_uploaded_manuals_v1_0 | crosswalk_v1.3 source_site=Pharynx (Including base of tongue, soft palate, and uvula) -> tool_site=Nasopharynx; AJCC7 uses a broader Pharynx chapter; AJCC8 splits pharyngeal sites/HPV-mediated disease. | SURROGATE_AJCC8_FROM_AJCC7_REVIEW_REQUIRED_v1.7: no AJCC8 stage-grouping rule rows were extractable from the uploaded AJCC8 PDF for this site; copied from AJCC7 to avoid blank result pending cancer committee validation."
Nasopharynx,AJCC8,any,T3,N0,M0,Any,Any,III,"source_page=62; extract_method=stage_carried; duplicate_source_page=69 | provenance=auto_extracted_from_uploaded_manuals_v1_0 | crosswalk_v1.3 source_site=Pharynx (Including base of tongue, soft palate, and uvula) -> tool_site=Nasopharynx; AJCC7 uses a broader Pharynx chapter; AJCC8 splits pharyngeal sites/HPV-mediated disease. | SURROGATE_AJCC8_FROM_AJCC7_REVIEW_REQUIRED_v1.7: no AJCC8 stage-grouping rule rows were extractable from the uploaded AJCC8 PDF for this site; copied from AJCC7 to avoid blank result pending cancer committee validation."
Nasopharynx,AJCC8,any,T2,N2,M0,Any,Any,III,"source_page=62; extract_method=stage_carried; duplicate_source_page=69 | provenance=auto_extracted_from_uploaded_manuals_v1_0 | crosswalk_v1.3 source_site=Pharynx (Including base of tongue, soft palate, and uvula) -> tool_site=Nasopharynx; AJCC7 uses a broader Pharynx chapter; AJCC8 splits pharyngeal sites/HPV-mediated disease. | SURROGATE_AJCC8_FROM_AJCC7_REVIEW_REQUIRED_v1.7: no AJCC8 stage-grouping rule rows were extractable from the uploaded AJCC8 PDF for this site; copied from AJCC7 to avoid blank result pending cancer committee validation."
Nasopharynx,AJCC8,any,T1,N1,M0,Any,Any,II,"source_page=62; extract_method=stage_first; duplicate_source_page=69 | provenance=auto_extracted_from_uploaded_manuals_v1_0 | crosswalk_v1.3 source_site=Pharynx (Including base of tongue, soft palate, and uvula) -> tool_site=Nasopharynx; AJCC7 uses a broader Pharynx chapter; AJCC8 splits pharyngeal sites/HPV-mediated disease. | SURROGATE_AJCC8_FROM_AJCC7_REVIEW_REQUIRED_v1.7: no AJCC8 stage-grouping rule rows were extractable from the uploaded AJCC8 PDF for this site; copied from AJCC7 to avoid blank result pending cancer committee validation."
Oropharynx (p16-),AJCC8,yp,T4,N2,M0,Any,Any,IVA,"source_page=57; extract_method=stage_carried; extra_factors/raw_extra=C10.8 Overlapping lesion | provenance=auto_extracted_from_uploaded_manuals_v1_0 | crosswalk_v1.3 source_site=Pharynx (Including base of tongue, soft palate, and uvula) -> tool_site=Oropharynx (p16-); AJCC7 uses a broader Pharynx chapter; AJCC8 splits pharyngeal sites/HPV-mediated disease. | SURROGATE_AJCC8_FROM_AJCC7_REVIEW_REQUIRED_v1.7: no AJCC8 stage-grouping rule rows were extractable from the uploaded AJCC8 PDF for this site; copied from AJCC7 to avoid blank result pending cancer committee validation."
Nasopharynx,AJCC8,any,T1,N2,M0,Any,Any,III,"source_page=62; extract_method=stage_first; duplicate_source_page=69 | provenance=auto_extracted_from_uploaded_manuals_v1_0 | crosswalk_v1.3 source_site=Pharynx (Including base of tongue, soft palate, and uvula) -> tool_site=Nasopharynx; AJCC7 uses a broader Pharynx chapter; AJCC8 splits pharyngeal sites/HPV-mediated disease. | SURROGATE_AJCC8_FROM_AJCC7_REVIEW_REQUIRED_v1.7: no AJCC8 stage-grouping rule rows were extractable from the uploaded AJCC8 PDF for this site; copied from AJCC7 to avoid blank result pending cancer committee validation."
Nasopharynx,AJCC8,any,T2,N1,M0,Any,Any,II,"source_page=62; extract_method=stage_carried; duplicate_source_page=69 | provenance=auto_extracted_from_uploaded_manuals_v1_0 | crosswalk_v1.3 source_site=Pharynx (Including base of tongue, soft palate, and uvula) -> tool_site=Nasopharynx; AJCC7 uses a broader Pharynx chapter; AJCC8 splits pharyngeal sites/HPV-mediated disease. | SURROGATE_AJCC8_FROM_AJCC7_REVIEW_REQUIRED_v1.7: no AJCC8 stage-grouping rule rows were extractable from the uploaded AJCC8 PDF for this site; copied from AJCC7 to avoid blank result pending cancer committee validation."
Nasopharynx,AJCC8,any,T2,N0,M0,Any,Any,II,"source_page=62; extract_method=stage_carried; duplicate_source_page=69 | provenance=auto_extracted_from_uploaded_manuals_v1_0 | crosswalk_v1.3 source_site=Pharynx (Including base of tongue, soft palate, and uvula) -> tool_site=Nasopharynx; AJCC7 uses a broader Pharynx chapter; AJCC8 splits pharyngeal sites/HPV-mediated disease. | SURROGATE_AJCC8_FROM_AJCC7_REVIEW_REQUIRED_v1.7: no AJCC8 stage-grouping rule rows were extractable from the uploaded AJCC8 PDF for this site; copied from AJCC7 to avoid blank result pending cancer committee validation."
Oropharynx (p16-),AJCC8,yp,Tis,N0,M0,Any,Any,0,"source_page=57; extract_method=stage_first; extra_factors/raw_extra=C02.4 Lingual tonsil; duplicate_source_page=58; duplicate_source_page=62; duplicate_source_page=69 | provenance=auto_extracted_from_uploaded_manuals_v1_0 | crosswalk_v1.3 source_site=Pharynx (Including base of tongue, soft palate, and uvula) -> tool_site=Oropharynx (p16-); AJCC7 uses a broader Pharynx chapter; AJCC8 splits pharyngeal sites/HPV-mediated disease. | SURROGATE_AJCC8_FROM_AJCC7_REVIEW_REQUIRED_v1.7: no AJCC8 stage-grouping rule rows were extractable from the uploaded AJCC8 PDF for this site; copied from AJCC7 to avoid blank result pending cancer committee validation."
Oropharynx (p16-),AJCC8,yp,Any,N3,M0,Any,Any,IVB,"source_page=57; extract_method=stage_first; extra_factors/raw_extra=C10.9 Oropharynx, NOS; duplicate_source_page=58; duplicate_source_page=62; duplicate_source_page=69 | provenance=auto_extracted_from_uploaded_manuals_v1_0 | crosswalk_v1.3 source_site=Pharynx (Including base of tongue, soft palate, and uvula) -> tool_site=Oropharynx (p16-); AJCC7 uses a broader Pharynx chapter; AJCC8 splits pharyngeal sites/HPV-mediated disease. | SURROGATE_AJCC8_FROM_AJCC7_REVIEW_REQUIRED_v1.7: no AJCC8 stage-grouping rule rows were extractable from the uploaded AJCC8 PDF for this site; copied from AJCC7 to avoid blank result pending cancer committee validation."
Oropharynx (p16-),AJCC8,any,T3,N0,M0,Any,Any,III,"source_page=62; extract_method=stage_carried; duplicate_source_page=69 | provenance=auto_extracted_from_uploaded_manuals_v1_0 | crosswalk_v1.3 source_site=Pharynx (Including base of tongue, soft palate, and uvula) -> tool_site=Oropharynx (p16-); AJCC7 uses a broader Pharynx chapter; AJCC8 splits pharyngeal sites/HPV-mediated disease. | SURROGATE_AJCC8_FROM_AJCC7_REVIEW_REQUIRED_v1.7: no AJCC8 stage-grouping rule rows were extractable from the uploaded AJCC8 PDF for this site; copied from AJCC7 to avoid blank result pending cancer committee validation."
Oropharynx (p16-),AJCC8,yp,T1,N1,M0,Any,Any,III,"source_page=58; extract_method=stage_carried; extra_factors/raw_extra=C13.0 | Postcricoid region; duplicate_source_page=62; duplicate_source_page=69 | provenance=auto_extracted_from_uploaded_manuals_v1_0 | crosswalk_v1.3 source_site=Pharynx (Including base of tongue, soft palate, and uvula) -> tool_site=Oropharynx (p16-); AJCC7 uses a broader Pharynx chapter; AJCC8 splits pharyngeal sites/HPV-mediated disease. | SURROGATE_AJCC8_FROM_AJCC7_REVIEW_REQUIRED_v1.7: no AJCC8 stage-grouping rule rows were extractable from the uploaded AJCC8 PDF for this site; copied from AJCC7 to avoid blank result pending cancer committee validation."
Soft Tissue Sarcoma of the Abdomen and Thoracic Visceral Organs,AJCC8,yp,T2b,N0,M0,Any,Any,IB,"source_page=307; extract_method=stage_carried; extra_factors/raw_extra=G1, GX | C38.2 Posterior; duplicate_source_page=311 | provenance=auto_extracted_from_uploaded_manuals_v1_0 | crosswalk_v1.3 source_site=Soft Tissue Sarcoma -> tool_site=Soft Tissue Sarcoma of the Abdomen and Thoracic Visceral Organs; AJCC7 has one broader Soft Tissue Sarcoma chapter; AJCC8 splits by anatomic site. | SURROGATE_AJCC8_FROM_AJCC7_REVIEW_REQUIRED_v1.7: no AJCC8 stage-grouping rule rows were extractable from the uploaded AJCC8 PDF for this site; copied from AJCC7 to avoid blank result pending cancer committee validation."
Soft Tissue Sarcoma of the Abdomen and Thoracic Visceral Organs,AJCC8,yp,T2a,N0,M0,Any,Any,IB,"source_page=307; extract_method=stage_first; extra_factors/raw_extra=G1, GX | mediastinum; duplicate_source_page=311 | provenance=auto_extracted_from_uploaded_manuals_v1_0 | crosswalk_v1.3 source_site=Soft Tissue Sarcoma -> tool_site=Soft Tissue Sarcoma of the Abdomen and Thoracic Visceral Organs; AJCC7 has one broader Soft Tissue Sarcoma chapter; AJCC8 splits by anatomic site. | SURROGATE_AJCC8_FROM_AJCC7_REVIEW_REQUIRED_v1.7: no AJCC8 stage-grouping rule rows were extractable from the uploaded AJCC8 PDF for this site; copied from AJCC7 to avoid blank result pending cancer committee validation."
Nasopharynx,AJCC8,any,T1,N0,M0,Any,Any,I,"source_page=62; extract_method=stage_first; duplicate_source_page=69 | provenance=auto_extracted_from_uploaded_manuals_v1_0 | crosswalk_v1.3 source_site=Pharynx (Including base of tongue, soft palate, and uvula) -> tool_site=Nasopharynx; AJCC7 uses a broader Pharynx chapter; AJCC8 splits pharyngeal sites/HPV-mediated disease. | SURROGATE_AJCC8_FROM_AJCC7_REVIEW_REQUIRED_v1.7: no AJCC8 stage-grouping rule rows were extractable from the uploaded AJCC8 PDF for this site; copied from AJCC7 to avoid blank result pending cancer committee validation."
Soft Tissue Sarcoma of the Abdomen and Thoracic Visceral Organs,AJCC8,yp,T1a,N0,M0,Any,Any,IIA,"source_page=307; extract_method=stage_first; extra_factors/raw_extra=G2, G3 | C38.3 Mediastinum, NOS; duplicate_source_page=311 | provenance=auto_extracted_from_uploaded_manuals_v1_0 | crosswalk_v1.3 source_site=Soft Tissue Sarcoma -> tool_site=Soft Tissue Sarcoma of the Abdomen and Thoracic Visceral Organs; AJCC7 has one broader Soft Tissue Sarcoma chapter; AJCC8 splits by anatomic site. | SURROGATE_AJCC8_FROM_AJCC7_REVIEW_REQUIRED_v1.7: no AJCC8 stage-grouping rule rows were extractable from the uploaded AJCC8 PDF for this site; copied from AJCC7 to avoid blank result pending cancer committee validation."
Soft Tissue Sarcoma of the Abdomen and Thoracic Visceral Organs,AJCC8,yp,T1b,N0,M0,Any,Any,IA,"source_page=307; extract_method=stage_carried; extra_factors/raw_extra=G1, GX | C38.1 Anterior; duplicate_source_page=311 | provenance=auto_extracted_from_uploaded_manuals_v1_0 | crosswalk_v1.3 source_site=Soft Tissue Sarcoma -> tool_site=Soft Tissue Sarcoma of the Abdomen and Thoracic Visceral Organs; AJCC7 has one broader Soft Tissue Sarcoma chapter; AJCC8 splits by anatomic site. | SURROGATE_AJCC8_FROM_AJCC7_REVIEW_REQUIRED_v1.7: no AJCC8 stage-grouping rule rows were extractable from the uploaded AJCC8 PDF for this site; copied from AJCC7 to avoid blank result pending cancer committee validation."
Soft Tissue Sarcoma of the Abdomen and Thoracic Visceral Organs,AJCC8,yp,T1a,N0,M0,Any,Any,IA,"source_page=307; extract_method=stage_first; extra_factors/raw_extra=G1, GX | C38.0 Heart; duplicate_source_page=311 | provenance=auto_extracted_from_uploaded_manuals_v1_0 | crosswalk_v1.3 source_site=Soft Tissue Sarcoma -> tool_site=Soft Tissue Sarcoma of the Abdomen and Thoracic Visceral Organs; AJCC7 has one broader Soft Tissue Sarcoma chapter; AJCC8 splits by anatomic site. | SURROGATE_AJCC8_FROM_AJCC7_REVIEW_REQUIRED_v1.7: no AJCC8 stage-grouping rule rows were extractable from the uploaded AJCC8 PDF for this site; copied from AJCC7 to avoid blank result pending cancer committee validation."
Oropharynx (p16-),AJCC8,any,Any,Any,M1,Any,Any,IVC,"source_page=62; extract_method=stage_first; duplicate_source_page=69 | provenance=auto_extracted_from_uploaded_manuals_v1_0 | crosswalk_v1.3 source_site=Pharynx (Including base of tongue, soft palate, and uvula) -> tool_site=Oropharynx (p16-); AJCC7 uses a broader Pharynx chapter; AJCC8 splits pharyngeal sites/HPV-mediated disease. | SURROGATE_AJCC8_FROM_AJCC7_REVIEW_REQUIRED_v1.7: no AJCC8 stage-grouping rule rows were extractable from the uploaded AJCC8 PDF for this site; copied from AJCC7 to avoid blank result pending cancer committee validation."
Oropharynx (p16-),AJCC8,any,Any,N3,M0,Any,Any,IVB,"source_page=62; extract_method=stage_first; duplicate_source_page=69 | provenance=auto_extracted_from_uploaded_manuals_v1_0 | crosswalk_v1.3 source_site=Pharynx (Including base of tongue, soft palate, and uvula) -> tool_site=Oropharynx (p16-); AJCC7 uses a broader Pharynx chapter; AJCC8 splits pharyngeal sites/HPV-mediated disease. | SURROGATE_AJCC8_FROM_AJCC7_REVIEW_REQUIRED_v1.7: no AJCC8 stage-grouping rule rows were extractable from the uploaded AJCC8 PDF for this site; copied from AJCC7 to avoid blank result pending cancer committee validation."
Oropharynx (p16-),AJCC8,any,T4,N2,M0,Any,Any,IVA,"source_page=62; extract_method=stage_carried; duplicate_source_page=69 | provenance=auto_extracted_from_uploaded_manuals_v1_0 | crosswalk_v1.3 source_site=Pharynx (Including base of tongue, soft palate, and uvula) -> tool_site=Oropharynx (p16-); AJCC7 uses a broader Pharynx chapter; AJCC8 splits pharyngeal sites/HPV-mediated disease. | SURROGATE_AJCC8_FROM_AJCC7_REVIEW_REQUIRED_v1.7: no AJCC8 stage-grouping rule rows were extractable from the uploaded AJCC8 PDF for this site; copied from AJCC7 to avoid blank result pending cancer committee validation."
Oropharynx (p16-),AJCC8,any,T4,N1,M0,Any,Any,IVA,"source_page=62; extract_method=stage_carried; duplicate_source_page=69 | provenance=auto_extracted_from_uploaded_manuals_v1_0 | crosswalk_v1.3 source_site=Pharynx (Including base of tongue, soft palate, and uvula) -> tool_site=Oropharynx (p16-); AJCC7 uses a broader Pharynx chapter; AJCC8 splits pharyngeal sites/HPV-mediated disease. | SURROGATE_AJCC8_FROM_AJCC7_REVIEW_REQUIRED_v1.7: no AJCC8 stage-grouping rule rows were extractable from the uploaded AJCC8 PDF for this site; copied from AJCC7 to avoid blank result pending cancer committee validation."
Oropharynx (p16-),AJCC8,any,T4,N0,M0,Any,Any,IVA,"source_page=62; extract_method=stage_first; duplicate_source_page=69 | provenance=auto_extracted_from_uploaded_manuals_v1_0 | crosswalk_v1.3 source_site=Pharynx (Including base of tongue, soft palate, and uvula) -> tool_site=Oropharynx (p16-); AJCC7 uses a broader Pharynx chapter; AJCC8 splits pharyngeal sites/HPV-mediated disease. | SURROGATE_AJCC8_FROM_AJCC7_REVIEW_REQUIRED_v1.7: no AJCC8 stage-grouping rule rows were extractable from the uploaded AJCC8 PDF for this site; copied from AJCC7 to avoid blank result pending cancer committee validation."
Oropharynx (p16-),AJCC8,any,T3,N2,M0,Any,Any,III,"source_page=62; extract_method=stage_carried; duplicate_source_page=69 | provenance=auto_extracted_from_uploaded_manuals_v1_0 | crosswalk_v1.3 source_site=Pharynx (Including base of tongue, soft palate, and uvula) -> tool_site=Oropharynx (p16-); AJCC7 uses a broader Pharynx chapter; AJCC8 splits pharyngeal sites/HPV-mediated disease. | SURROGATE_AJCC8_FROM_AJCC7_REVIEW_REQUIRED_v1.7: no AJCC8 stage-grouping rule rows were extractable from the uploaded AJCC8 PDF for this site; copied from AJCC7 to avoid blank result pending cancer committee validation."
Oropharynx (p16-),AJCC8,any,T3,N1,M0,Any,Any,III,"source_page=62; extract_method=stage_carried; duplicate_source_page=69 | provenance=auto_extracted_from_uploaded_manuals_v1_0 | crosswalk_v1.3 source_site=Pharynx (Including base of tongue, soft palate, and uvula) -> tool_site=Oropharynx (p16-); AJCC7 uses a broader Pharynx chapter; AJCC8 splits pharyngeal sites/HPV-mediated disease. | SURROGATE_AJCC8_FROM_AJCC7_REVIEW_REQUIRED_v1.7: no AJCC8 stage-grouping rule rows were extractable from the uploaded AJCC8 PDF for this site; copied from AJCC7 to avoid blank result pending cancer committee validation."
Oropharynx (p16-),AJCC8,yp,Any,Any,M1,Any,Any,IVC,"source_page=57; extract_method=stage_first; extra_factors/raw_extra=C11.0 Superior wall of; duplicate_source_page=58; duplicate_source_page=62; duplicate_source_page=69 | provenance=auto_extracted_from_uploaded_manuals_v1_0 | crosswalk_v1.3 source_site=Pharynx (Including base of tongue, soft palate, and uvula) -> tool_site=Oropharynx (p16-); AJCC7 uses a broader Pharynx chapter; AJCC8 splits pharyngeal sites/HPV-mediated disease. | SURROGATE_AJCC8_FROM_AJCC7_REVIEW_REQUIRED_v1.7: no AJCC8 stage-grouping rule rows were extractable from the uploaded AJCC8 PDF for this site; copied from AJCC7 to avoid blank result pending cancer committee validation."
Oropharynx (p16-),AJCC8,any,T2,N2,M0,Any,Any,III,"source_page=62; extract_method=stage_carried; duplicate_source_page=69 | provenance=auto_extracted_from_uploaded_manuals_v1_0 | crosswalk_v1.3 source_site=Pharynx (Including base of tongue, soft palate, and uvula) -> tool_site=Oropharynx (p16-); AJCC7 uses a broader Pharynx chapter; AJCC8 splits pharyngeal sites/HPV-mediated disease. | SURROGATE_AJCC8_FROM_AJCC7_REVIEW_REQUIRED_v1.7: no AJCC8 stage-grouping rule rows were extractable from the uploaded AJCC8 PDF for this site; copied from AJCC7 to avoid blank result pending cancer committee validation."
Oropharynx (p16-),AJCC8,any,T2,N1,M0,Any,Any,II,"source_page=62; extract_method=stage_carried; duplicate_source_page=69 | provenance=auto_extracted_from_uploaded_manuals_v1_0 | crosswalk_v1.3 source_site=Pharynx (Including base of tongue, soft palate, and uvula) -> tool_site=Oropharynx (p16-); AJCC7 uses a broader Pharynx chapter; AJCC8 splits pharyngeal sites/HPV-mediated disease. | SURROGATE_AJCC8_FROM_AJCC7_REVIEW_REQUIRED_v1.7: no AJCC8 stage-grouping rule rows were extractable from the uploaded AJCC8 PDF for this site; copied from AJCC7 to avoid blank result pending cancer committee validation."
Oropharynx (p16-),AJCC8,any,T2,N0,M0,Any,Any,II,"source_page=62; extract_method=stage_carried; duplicate_source_page=69 | provenance=auto_extracted_from_uploaded_manuals_v1_0 | crosswalk_v1.3 source_site=Pharynx (Including base of tongue, soft palate, and uvula) -> tool_site=Oropharynx (p16-); AJCC7 uses a broader Pharynx chapter; AJCC8 splits pharyngeal sites/HPV-mediated disease. | SURROGATE_AJCC8_FROM_AJCC7_REVIEW_REQUIRED_v1.7: no AJCC8 stage-grouping rule rows were extractable from the uploaded AJCC8 PDF for this site; copied from AJCC7 to avoid blank result pending cancer committee validation."
Oropharynx (p16-),AJCC8,any,T1,N1,M0,Any,Any,II,"source_page=62; extract_method=stage_first; duplicate_source_page=69 | provenance=auto_extracted_from_uploaded_manuals_v1_0 | crosswalk_v1.3 source_site=Pharynx (Including base of tongue, soft palate, and uvula) -> tool_site=Oropharynx (p16-); AJCC7 uses a broader Pharynx chapter; AJCC8 splits pharyngeal sites/HPV-mediated disease. | SURROGATE_AJCC8_FROM_AJCC7_REVIEW_REQUIRED_v1.7: no AJCC8 stage-grouping rule rows were extractable from the uploaded AJCC8 PDF for this site; copied from AJCC7 to avoid blank result pending cancer committee validation."
Oropharynx (p16-),AJCC8,any,T1,N0,M0,Any,Any,I,"source_page=62; extract_method=stage_first; duplicate_source_page=69 | provenance=auto_extracted_from_uploaded_manuals_v1_0 | crosswalk_v1.3 source_site=Pharynx (Including base of tongue, soft palate, and uvula) -> tool_site=Oropharynx (p16-); AJCC7 uses a broader Pharynx chapter; AJCC8 splits pharyngeal sites/HPV-mediated disease. | SURROGATE_AJCC8_FROM_AJCC7_REVIEW_REQUIRED_v1.7: no AJCC8 stage-grouping rule rows were extractable from the uploaded AJCC8 PDF for this site; copied from AJCC7 to avoid blank result pending cancer committee validation."
Oropharynx (p16-),AJCC8,any,Tis,N0,M0,Any,Any,0,"source_page=62; extract_method=stage_first; duplicate_source_page=69 | provenance=auto_extracted_from_uploaded_manuals_v1_0 | crosswalk_v1.3 source_site=Pharynx (Including base of tongue, soft palate, and uvula) -> tool_site=Oropharynx (p16-); AJCC7 uses a broader Pharynx chapter; AJCC8 splits pharyngeal sites/HPV-mediated disease. | SURROGATE_AJCC8_FROM_AJCC7_REVIEW_REQUIRED_v1.7: no AJCC8 stage-grouping rule rows were extractable from the uploaded AJCC8 PDF for this site; copied from AJCC7 to avoid blank result pending cancer committee validation."
Oropharynx (p16-),AJCC8,yp,T4b,Any,M0,Any,Any,IVB,"source_page=58; extract_method=stage_first; extra_factors/raw_extra=ICD-O-3 HISTOLOGY; duplicate_source_page=62; duplicate_source_page=69 | provenance=auto_extracted_from_uploaded_manuals_v1_0 | crosswalk_v1.3 source_site=Pharynx (Including base of tongue, soft palate, and uvula) -> tool_site=Oropharynx (p16-); AJCC7 uses a broader Pharynx chapter; AJCC8 splits pharyngeal sites/HPV-mediated disease. | SURROGATE_AJCC8_FROM_AJCC7_REVIEW_REQUIRED_v1.7: no AJCC8 stage-grouping rule rows were extractable from the uploaded AJCC8 PDF for this site; copied from AJCC7 to avoid blank result pending cancer committee validation."
Oropharynx (p16-),AJCC8,yp,T4a,N2,M0,Any,Any,IVA,"source_page=58; extract_method=stage_carried; extra_factors/raw_extra=C13.9 | Hypopharynx, NOS; duplicate_source_page=62; duplicate_source_page=69 | provenance=auto_extracted_from_uploaded_manuals_v1_0 | crosswalk_v1.3 source_site=Pharynx (Including base of tongue, soft palate, and uvula) -> tool_site=Oropharynx (p16-); AJCC7 uses a broader Pharynx chapter; AJCC8 splits pharyngeal sites/HPV-mediated disease. | SURROGATE_AJCC8_FROM_AJCC7_REVIEW_REQUIRED_v1.7: no AJCC8 stage-grouping rule rows were extractable from the uploaded AJCC8 PDF for this site; copied from AJCC7 to avoid blank result pending cancer committee validation."
Oropharynx (p16-),AJCC8,yp,T3,N2,M0,Any,Any,IVA,"source_page=58; extract_method=stage_carried; extra_factors/raw_extra=of hypopharynx; duplicate_source_page=62; duplicate_source_page=69 | provenance=auto_extracted_from_uploaded_manuals_v1_0 | crosswalk_v1.3 source_site=Pharynx (Including base of tongue, soft palate, and uvula) -> tool_site=Oropharynx (p16-); AJCC7 uses a broader Pharynx chapter; AJCC8 splits pharyngeal sites/HPV-mediated disease. | SURROGATE_AJCC8_FROM_AJCC7_REVIEW_REQUIRED_v1.7: no AJCC8 stage-grouping rule rows were extractable from the uploaded AJCC8 PDF for this site; copied from AJCC7 to avoid blank result pending cancer committee validation."
Oropharynx (p16-),AJCC8,yp,T2,N2,M0,Any,Any,IVA,"source_page=58; extract_method=stage_carried; extra_factors/raw_extra=C13.8 | Overlapping lesion; duplicate_source_page=62; duplicate_source_page=69 | provenance=auto_extracted_from_uploaded_manuals_v1_0 | crosswalk_v1.3 source_site=Pharynx (Including base of tongue, soft palate, and uvula) -> tool_site=Oropharynx (p16-); AJCC7 uses a broader Pharynx chapter; AJCC8 splits pharyngeal sites/HPV-mediated disease. | SURROGATE_AJCC8_FROM_AJCC7_REVIEW_REQUIRED_v1.7: no AJCC8 stage-grouping rule rows were extractable from the uploaded AJCC8 PDF for this site; copied from AJCC7 to avoid blank result pending cancer committee validation."
Oropharynx (p16-),AJCC8,yp,T1,N2,M0,Any,Any,IVA,"source_page=58; extract_method=stage_carried; extra_factors/raw_extra=hypopharynx; duplicate_source_page=62; duplicate_source_page=69 | provenance=auto_extracted_from_uploaded_manuals_v1_0 | crosswalk_v1.3 source_site=Pharynx (Including base of tongue, soft palate, and uvula) -> tool_site=Oropharynx (p16-); AJCC7 uses a broader Pharynx chapter; AJCC8 splits pharyngeal sites/HPV-mediated disease. | SURROGATE_AJCC8_FROM_AJCC7_REVIEW_REQUIRED_v1.7: no AJCC8 stage-grouping rule rows were extractable from the uploaded AJCC8 PDF for this site; copied from AJCC7 to avoid blank result pending cancer committee validation."
Oropharynx (p16-),AJCC8,yp,T4a,N1,M0,Any,Any,IVA,"source_page=58; extract_method=stage_carried; extra_factors/raw_extra=C13.2 | Posterior wall of; duplicate_source_page=62; duplicate_source_page=69 | provenance=auto_extracted_from_uploaded_manuals_v1_0 | crosswalk_v1.3 source_site=Pharynx (Including base of tongue, soft palate, and uvula) -> tool_site=Oropharynx (p16-); AJCC7 uses a broader Pharynx chapter; AJCC8 splits pharyngeal sites/HPV-mediated disease. | SURROGATE_AJCC8_FROM_AJCC7_REVIEW_REQUIRED_v1.7: no AJCC8 stage-grouping rule rows were extractable from the uploaded AJCC8 PDF for this site; copied from AJCC7 to avoid blank result pending cancer committee validation."
Oropharynx (p16-),AJCC8,yp,T4a,N0,M0,Any,Any,IVA,"source_page=58; extract_method=stage_first; extra_factors/raw_extra=glottic fold; duplicate_source_page=62; duplicate_source_page=69 | provenance=auto_extracted_from_uploaded_manuals_v1_0 | crosswalk_v1.3 source_site=Pharynx (Including base of tongue, soft palate, and uvula) -> tool_site=Oropharynx (p16-); AJCC7 uses a broader Pharynx chapter; AJCC8 splits pharyngeal sites/HPV-mediated disease. | SURROGATE_AJCC8_FROM_AJCC7_REVIEW_REQUIRED_v1.7: no AJCC8 stage-grouping rule rows were extractable from the uploaded AJCC8 PDF for this site; copied from AJCC7 to avoid blank result pending cancer committee validation."
Oropharynx (p16-),AJCC8,yp,T2,N1,M0,Any,Any,III,"source_page=58; extract_method=stage_carried; extra_factors/raw_extra=C13.1 | Hypopharyngeal; duplicate_source_page=62; duplicate_source_page=69 | provenance=auto_extracted_from_uploaded_manuals_v1_0 | crosswalk_v1.3 source_site=Pharynx (Including base of tongue, soft palate, and uvula) -> tool_site=Oropharynx (p16-); AJCC7 uses a broader Pharynx chapter; AJCC8 splits pharyngeal sites/HPV-mediated disease. | SURROGATE_AJCC8_FROM_AJCC7_REVIEW_REQUIRED_v1.7: no AJCC8 stage-grouping rule rows were extractable from the uploaded AJCC8 PDF for this site; copied from AJCC7 to avoid blank result pending cancer committee validation."
Oropharynx (p16-),AJCC8,any,T1,N2,M0,Any,Any,III,"source_page=62; extract_method=stage_first; duplicate_source_page=69 | provenance=auto_extracted_from_uploaded_manuals_v1_0 | crosswalk_v1.3 source_site=Pharynx (Including base of tongue, soft palate, and uvula) -> tool_site=Oropharynx (p16-); AJCC7 uses a broader Pharynx chapter; AJCC8 splits pharyngeal sites/HPV-mediated disease. | SURROGATE_AJCC8_FROM_AJCC7_REVIEW_REQUIRED_v1.7: no AJCC8 stage-grouping rule rows were extractable from the uploaded AJCC8 PDF for this site; copied from AJCC7 to avoid blank result pending cancer committee validation."
Nasopharynx,AJCC8,any,Tis,N0,M0,Any,Any,0,"source_page=62; extract_method=stage_first; duplicate_source_page=69 | provenance=auto_extracted_from_uploaded_manuals_v1_0 | crosswalk_v1.3 source_site=Pharynx (Including base of tongue, soft palate, and uvula) -> tool_site=Nasopharynx; AJCC7 uses a broader Pharynx chapter; AJCC8 splits pharyngeal sites/HPV-mediated disease. | SURROGATE_AJCC8_FROM_AJCC7_REVIEW_REQUIRED_v1.7: no AJCC8 stage-grouping rule rows were extractable from the uploaded AJCC8 PDF for this site; copied from AJCC7 to avoid blank result pending cancer committee validation."
Merkel Cell Carcinoma,AJCC8,any,Any,N1|N1b|N2,M0,Any,Any,IIIB,source_page=331; extract_method=stage_first; extra_factors/raw_extra=ICD-O-3 HISTOLOGY | provenance=auto_extracted_from_uploaded_manuals_v1_0 | crosswalk_v1.3 source_site=Merkel Cell Carcinoma -> tool_site=Merkel Cell Carcinoma | SURROGATE_AJCC8_FROM_AJCC7_REVIEW_REQUIRED_v1.7: no AJCC8 stage-grouping rule rows were extractable from the uploaded AJCC8 PDF for this site; copied from AJCC7 to avoid blank result pending cancer committee validation.
Nasopharynx,AJCC8,yp,T4a,N2,M0,Any,Any,IVA,"source_page=58; extract_method=stage_carried; extra_factors/raw_extra=C13.9 | Hypopharynx, NOS; duplicate_source_page=62; duplicate_source_page=69 | provenance=auto_extracted_from_uploaded_manuals_v1_0 | crosswalk_v1.3 source_site=Pharynx (Including base of tongue, soft palate, and uvula) -> tool_site=Nasopharynx; AJCC7 uses a broader Pharynx chapter; AJCC8 splits pharyngeal sites/HPV-mediated disease. | SURROGATE_AJCC8_FROM_AJCC7_REVIEW_REQUIRED_v1.7: no AJCC8 stage-grouping rule rows were extractable from the uploaded AJCC8 PDF for this site; copied from AJCC7 to avoid blank result pending cancer committee validation."
Merkel Cell Carcinoma,AJCC8,yp,T2|T3,N0,M0,Any,Any,IIB,source_page=335; extract_method=stage_first; extra_factors/raw_extra=the AEIOU features. J Am Acad Dermatol. 2008;58(3): | provenance=auto_extracted_from_uploaded_manuals_v1_0 | crosswalk_v1.3 source_site=Merkel Cell Carcinoma -> tool_site=Merkel Cell Carcinoma | SURROGATE_AJCC8_FROM_AJCC7_REVIEW_REQUIRED_v1.7: no AJCC8 stage-grouping rule rows were extractable from the uploaded AJCC8 PDF for this site; copied from AJCC7 to avoid blank result pending cancer committee validation.
Merkel Cell Carcinoma,AJCC8,yp,T2|T3,N0,M0,Any,Any,IIA,"source_page=335; extract_method=stage_first; extra_factors/raw_extra=4. Heath ML, Jaimes N, Lemos B, et al. Clinical characteris- | provenance=auto_extracted_from_uploaded_manuals_v1_0 | crosswalk_v1.3 source_site=Merkel Cell Carcinoma -> tool_site=Merkel Cell Carcinoma | SURROGATE_AJCC8_FROM_AJCC7_REVIEW_REQUIRED_v1.7: no AJCC8 stage-grouping rule rows were extractable from the uploaded AJCC8 PDF for this site; copied from AJCC7 to avoid blank result pending cancer committee validation."
Merkel Cell Carcinoma,AJCC8,yp,T1,N0,M0,Any,Any,IB,source_page=335; extract_method=stage_first; extra_factors/raw_extra=carcinoma in the United States. J Am Acad Dermatol. | provenance=auto_extracted_from_uploaded_manuals_v1_0 | crosswalk_v1.3 source_site=Merkel Cell Carcinoma -> tool_site=Merkel Cell Carcinoma | SURROGATE_AJCC8_FROM_AJCC7_REVIEW_REQUIRED_v1.7: no AJCC8 stage-grouping rule rows were extractable from the uploaded AJCC8 PDF for this site; copied from AJCC7 to avoid blank result pending cancer committee validation.
Merkel Cell Carcinoma,AJCC8,yp,T1,N0,M0,Any,Any,IA,"source_page=335; extract_method=stage_first; extra_factors/raw_extra=3. Agelli M, Clegg LX. Epidemiology of primary Merkel cell | provenance=auto_extracted_from_uploaded_manuals_v1_0 | crosswalk_v1.3 source_site=Merkel Cell Carcinoma -> tool_site=Merkel Cell Carcinoma | SURROGATE_AJCC8_FROM_AJCC7_REVIEW_REQUIRED_v1.7: no AJCC8 stage-grouping rule rows were extractable from the uploaded AJCC8 PDF for this site; copied from AJCC7 to avoid blank result pending cancer committee validation."
Merkel Cell Carcinoma,AJCC8,yp,Tis,N0,M0,Any,Any,0,source_page=335; extract_method=stage_first; extra_factors/raw_extra=of a polyomavirus in human merkel cell carcinoma. Science. | provenance=auto_extracted_from_uploaded_manuals_v1_0 | crosswalk_v1.3 source_site=Merkel Cell Carcinoma -> tool_site=Merkel Cell Carcinoma | SURROGATE_AJCC8_FROM_AJCC7_REVIEW_REQUIRED_v1.7: no AJCC8 stage-grouping rule rows were extractable from the uploaded AJCC8 PDF for this site; copied from AJCC7 to avoid blank result pending cancer committee validation.
Merkel Cell Carcinoma,AJCC8,any,Any,Any,M1,Any,Any,IV,source_page=331; extract_method=stage_first; extra_factors/raw_extra=CODE RANGES; duplicate_source_page=337; duplicate_source_page=337 | provenance=auto_extracted_from_uploaded_manuals_v1_0 | crosswalk_v1.3 source_site=Merkel Cell Carcinoma -> tool_site=Merkel Cell Carcinoma | SURROGATE_AJCC8_FROM_AJCC7_REVIEW_REQUIRED_v1.7: no AJCC8 stage-grouping rule rows were extractable from the uploaded AJCC8 PDF for this site; copied from AJCC7 to avoid blank result pending cancer committee validation.
Merkel Cell Carcinoma,AJCC8,any,Any,N1a,M0,Any,Any,IIIA,"source_page=331; extract_method=stage_first; extra_factors/raw_extra=C63.2 Scrotum, NOS | provenance=auto_extracted_from_uploaded_manuals_v1_0 | crosswalk_v1.3 source_site=Merkel Cell Carcinoma -> tool_site=Merkel Cell Carcinoma | SURROGATE_AJCC8_FROM_AJCC7_REVIEW_REQUIRED_v1.7: no AJCC8 stage-grouping rule rows were extractable from the uploaded AJCC8 PDF for this site; copied from AJCC7 to avoid blank result pending cancer committee validation."
Merkel Cell Carcinoma,AJCC8,any,T4,N0,M0,Any,Any,IIC,"source_page=331; extract_method=stage_first; extra_factors/raw_extra=C60.9 Penis, NOS; duplicate_source_page=337; duplicate_source_page=337 | provenance=auto_extracted_from_uploaded_manuals_v1_0 | crosswalk_v1.3 source_site=Merkel Cell Carcinoma -> tool_site=Merkel Cell Carcinoma | SURROGATE_AJCC8_FROM_AJCC7_REVIEW_REQUIRED_v1.7: no AJCC8 stage-grouping rule rows were extractable from the uploaded AJCC8 PDF for this site; copied from AJCC7 to avoid blank result pending cancer committee validation."
Merkel Cell Carcinoma,AJCC8,any,T2|T3,N0,M0,Any,Any,IIB,source_page=331; extract_method=stage_first; extra_factors/raw_extra=C60.8 Overlapping lesion; duplicate_source_page=337 | provenance=auto_extracted_from_uploaded_manuals_v1_0 | crosswalk_v1.3 source_site=Merkel Cell Carcinoma -> tool_site=Merkel Cell Carcinoma | SURROGATE_AJCC8_FROM_AJCC7_REVIEW_REQUIRED_v1.7: no AJCC8 stage-grouping rule rows were extractable from the uploaded AJCC8 PDF for this site; copied from AJCC7 to avoid blank result pending cancer committee validation.
Merkel Cell Carcinoma,AJCC8,any,T2|T3,N0,M0,Any,Any,IIA,source_page=331; extract_method=stage_first; extra_factors/raw_extra=C60.2 Body of penis | provenance=auto_extracted_from_uploaded_manuals_v1_0 | crosswalk_v1.3 source_site=Merkel Cell Carcinoma -> tool_site=Merkel Cell Carcinoma | SURROGATE_AJCC8_FROM_AJCC7_REVIEW_REQUIRED_v1.7: no AJCC8 stage-grouping rule rows were extractable from the uploaded AJCC8 PDF for this site; copied from AJCC7 to avoid blank result pending cancer committee validation.
Merkel Cell Carcinoma,AJCC8,any,T1,N0,M0,Any,Any,IB,source_page=331; extract_method=stage_first; extra_factors/raw_extra=C60.0 Prepuce; duplicate_source_page=337 | provenance=auto_extracted_from_uploaded_manuals_v1_0 | crosswalk_v1.3 source_site=Merkel Cell Carcinoma -> tool_site=Merkel Cell Carcinoma | SURROGATE_AJCC8_FROM_AJCC7_REVIEW_REQUIRED_v1.7: no AJCC8 stage-grouping rule rows were extractable from the uploaded AJCC8 PDF for this site; copied from AJCC7 to avoid blank result pending cancer committee validation.
Merkel Cell Carcinoma,AJCC8,any,T1,N0,M0,Any,Any,IA,"source_page=331; extract_method=stage_first; extra_factors/raw_extra=C51.9 Vulva, NOS; duplicate_source_page=337 | provenance=auto_extracted_from_uploaded_manuals_v1_0 | crosswalk_v1.3 source_site=Merkel Cell Carcinoma -> tool_site=Merkel Cell Carcinoma | SURROGATE_AJCC8_FROM_AJCC7_REVIEW_REQUIRED_v1.7: no AJCC8 stage-grouping rule rows were extractable from the uploaded AJCC8 PDF for this site; copied from AJCC7 to avoid blank result pending cancer committee validation."
Merkel Cell Carcinoma,AJCC8,any,Tis,N0,M0,Any,Any,0,source_page=331; extract_method=stage_first; extra_factors/raw_extra=C51.8 Overlapping lesion; duplicate_source_page=337 | provenance=auto_extracted_from_uploaded_manuals_v1_0 | crosswalk_v1.3 source_site=Merkel Cell Carcinoma -> tool_site=Merkel Cell Carcinoma | SURROGATE_AJCC8_FROM_AJCC7_REVIEW_REQUIRED_v1.7: no AJCC8 stage-grouping rule rows were extractable from the uploaded AJCC8 PDF for this site; copied from AJCC7 to avoid blank result pending cancer committee validation.
Melanoma of the Skin,AJCC8,any,T1|T2|T3|T4a,N2c,M0,Any,Any,IV,source_page=358; extract_method=stage_carried | provenance=auto_extracted_from_uploaded_manuals_v1_0 | crosswalk_v1.3 source_site=Melanoma of the Skin -> tool_site=Melanoma of the Skin | SURROGATE_AJCC8_FROM_AJCC7_REVIEW_REQUIRED_v1.7: no AJCC8 stage-grouping rule rows were extractable from the uploaded AJCC8 PDF for this site; copied from AJCC7 to avoid blank result pending cancer committee validation.
Melanoma of the Skin,AJCC8,any,T1|T2|T3|T4b,N2a,M0,Any,Any,IV,source_page=358; extract_method=stage_carried | provenance=auto_extracted_from_uploaded_manuals_v1_0 | crosswalk_v1.3 source_site=Melanoma of the Skin -> tool_site=Melanoma of the Skin | SURROGATE_AJCC8_FROM_AJCC7_REVIEW_REQUIRED_v1.7: no AJCC8 stage-grouping rule rows were extractable from the uploaded AJCC8 PDF for this site; copied from AJCC7 to avoid blank result pending cancer committee validation.
Melanoma of the Skin,AJCC8,any,T4a,N0,M0,Any,Any,IIC,source_page=358; extract_method=tnm_stage; extra_factors/raw_extra=T4b | N0 | M0 | provenance=auto_extracted_from_uploaded_manuals_v1_0 | crosswalk_v1.3 source_site=Melanoma of the Skin -> tool_site=Melanoma of the Skin | SURROGATE_AJCC8_FROM_AJCC7_REVIEW_REQUIRED_v1.7: no AJCC8 stage-grouping rule rows were extractable from the uploaded AJCC8 PDF for this site; copied from AJCC7 to avoid blank result pending cancer committee validation.
Melanoma of the Skin,AJCC8,any,T3a,N0,M0,Any,Any,IIB,source_page=358; extract_method=tnm_stage; extra_factors/raw_extra=T3b | N0 | M0 | provenance=auto_extracted_from_uploaded_manuals_v1_0 | crosswalk_v1.3 source_site=Melanoma of the Skin -> tool_site=Melanoma of the Skin | SURROGATE_AJCC8_FROM_AJCC7_REVIEW_REQUIRED_v1.7: no AJCC8 stage-grouping rule rows were extractable from the uploaded AJCC8 PDF for this site; copied from AJCC7 to avoid blank result pending cancer committee validation.
Melanoma of the Skin,AJCC8,any,T1|T2|T3|T4a,N1b,M0,Any,Any,IB,source_page=352; extract_method=stage_carried | provenance=auto_extracted_from_uploaded_manuals_v1_0 | crosswalk_v1.3 source_site=Melanoma of the Skin -> tool_site=Melanoma of the Skin | SURROGATE_AJCC8_FROM_AJCC7_REVIEW_REQUIRED_v1.7: no AJCC8 stage-grouping rule rows were extractable from the uploaded AJCC8 PDF for this site; copied from AJCC7 to avoid blank result pending cancer committee validation.
Melanoma of the Skin,AJCC8,any,T4a,N0,M0,Any,Any,IB,source_page=352; extract_method=stage_carried; extra_factors/raw_extra=T4a | N0 | M0 | provenance=auto_extracted_from_uploaded_manuals_v1_0 | crosswalk_v1.3 source_site=Melanoma of the Skin -> tool_site=Melanoma of the Skin | SURROGATE_AJCC8_FROM_AJCC7_REVIEW_REQUIRED_v1.7: no AJCC8 stage-grouping rule rows were extractable from the uploaded AJCC8 PDF for this site; copied from AJCC7 to avoid blank result pending cancer committee validation.
Melanoma of the Skin,AJCC8,any,T3a,N0,M0,Any,Any,IB,source_page=352; extract_method=stage_carried; extra_factors/raw_extra=T3a | N0 | M0 | provenance=auto_extracted_from_uploaded_manuals_v1_0 | crosswalk_v1.3 source_site=Melanoma of the Skin -> tool_site=Melanoma of the Skin | SURROGATE_AJCC8_FROM_AJCC7_REVIEW_REQUIRED_v1.7: no AJCC8 stage-grouping rule rows were extractable from the uploaded AJCC8 PDF for this site; copied from AJCC7 to avoid blank result pending cancer committee validation.
Melanoma of the Skin,AJCC8,any,Any,Any,M1,Any,Any,IV,source_page=342; extract_method=stage_first; extra_factors/raw_extra=IV | Any T | Any N | M1 | C60.0 Prepuce; duplicate_source_page=358; duplicate_source_page=358 | provenance=auto_extracted_from_uploaded_manuals_v1_0 | crosswalk_v1.3 source_site=Melanoma of the Skin -> tool_site=Melanoma of the Skin | SURROGATE_AJCC8_FROM_AJCC7_REVIEW_REQUIRED_v1.7: no AJCC8 stage-grouping rule rows were extractable from the uploaded AJCC8 PDF for this site; copied from AJCC7 to avoid blank result pending cancer committee validation.
Melanoma of the Skin,AJCC8,any,Any,N3,M0,Any,Any,IIIC,"source_page=342; extract_method=stage_carried; extra_factors/raw_extra=C51.9 Vulva, NOS; duplicate_source_page=358 | provenance=auto_extracted_from_uploaded_manuals_v1_0 | crosswalk_v1.3 source_site=Melanoma of the Skin -> tool_site=Melanoma of the Skin | SURROGATE_AJCC8_FROM_AJCC7_REVIEW_REQUIRED_v1.7: no AJCC8 stage-grouping rule rows were extractable from the uploaded AJCC8 PDF for this site; copied from AJCC7 to avoid blank result pending cancer committee validation."
Melanoma of the Skin,AJCC8,any,T1|T2|T3|T4b,N2c,M0,Any,Any,IIIC,source_page=342; extract_method=stage_carried; extra_factors/raw_extra=of vulva; duplicate_source_page=358 | provenance=auto_extracted_from_uploaded_manuals_v1_0 | crosswalk_v1.3 source_site=Melanoma of the Skin -> tool_site=Melanoma of the Skin | SURROGATE_AJCC8_FROM_AJCC7_REVIEW_REQUIRED_v1.7: no AJCC8 stage-grouping rule rows were extractable from the uploaded AJCC8 PDF for this site; copied from AJCC7 to avoid blank result pending cancer committee validation.
Melanoma of the Skin,AJCC8,any,T1|T2|T3|T4b,N2b,M0,Any,Any,IIIC,source_page=342; extract_method=stage_carried; extra_factors/raw_extra=C51.8 Overlapping lesion; duplicate_source_page=358 | provenance=auto_extracted_from_uploaded_manuals_v1_0 | crosswalk_v1.3 source_site=Melanoma of the Skin -> tool_site=Melanoma of the Skin | SURROGATE_AJCC8_FROM_AJCC7_REVIEW_REQUIRED_v1.7: no AJCC8 stage-grouping rule rows were extractable from the uploaded AJCC8 PDF for this site; copied from AJCC7 to avoid blank result pending cancer committee validation.
Soft Tissue Sarcoma of the Abdomen and Thoracic Visceral Organs,AJCC8,yp,T1b,N0,M0,Any,Any,IIA,"source_page=307; extract_method=stage_carried; extra_factors/raw_extra=G2, G3 | C38.8 Overlapping lesion; duplicate_source_page=311 | provenance=auto_extracted_from_uploaded_manuals_v1_0 | crosswalk_v1.3 source_site=Soft Tissue Sarcoma -> tool_site=Soft Tissue Sarcoma of the Abdomen and Thoracic Visceral Organs; AJCC7 has one broader Soft Tissue Sarcoma chapter; AJCC8 splits by anatomic site. | SURROGATE_AJCC8_FROM_AJCC7_REVIEW_REQUIRED_v1.7: no AJCC8 stage-grouping rule rows were extractable from the uploaded AJCC8 PDF for this site; copied from AJCC7 to avoid blank result pending cancer committee validation."
Melanoma of the Skin,AJCC8,any,T1|T2|T3|T4b,N1b,M0,Any,Any,IIIC,source_page=342; extract_method=stage_first; extra_factors/raw_extra=C51.2 Clitoris; duplicate_source_page=352; duplicate_source_page=358 | provenance=auto_extracted_from_uploaded_manuals_v1_0 | crosswalk_v1.3 source_site=Melanoma of the Skin -> tool_site=Melanoma of the Skin | SURROGATE_AJCC8_FROM_AJCC7_REVIEW_REQUIRED_v1.7: no AJCC8 stage-grouping rule rows were extractable from the uploaded AJCC8 PDF for this site; copied from AJCC7 to avoid blank result pending cancer committee validation.
Melanoma of the Skin,AJCC8,any,T1|T2|T3|T4a,N2c,M0,Any,Any,IIIB,source_page=342; extract_method=stage_carried; extra_factors/raw_extra=C51.1 Labium minus | provenance=auto_extracted_from_uploaded_manuals_v1_0 | crosswalk_v1.3 source_site=Melanoma of the Skin -> tool_site=Melanoma of the Skin | SURROGATE_AJCC8_FROM_AJCC7_REVIEW_REQUIRED_v1.7: no AJCC8 stage-grouping rule rows were extractable from the uploaded AJCC8 PDF for this site; copied from AJCC7 to avoid blank result pending cancer committee validation.
Merkel Cell Carcinoma,AJCC8,yp,T4,N0,M0,Any,Any,IIC,source_page=335; extract_method=stage_first; extra_factors/raw_extra=375-81. | provenance=auto_extracted_from_uploaded_manuals_v1_0 | crosswalk_v1.3 source_site=Merkel Cell Carcinoma -> tool_site=Merkel Cell Carcinoma | SURROGATE_AJCC8_FROM_AJCC7_REVIEW_REQUIRED_v1.7: no AJCC8 stage-grouping rule rows were extractable from the uploaded AJCC8 PDF for this site; copied from AJCC7 to avoid blank result pending cancer committee validation.
Nasopharynx,AJCC8,yp,T4b,Any,M0,Any,Any,IVB,"source_page=58; extract_method=stage_first; extra_factors/raw_extra=ICD-O-3 HISTOLOGY; duplicate_source_page=62; duplicate_source_page=69 | provenance=auto_extracted_from_uploaded_manuals_v1_0 | crosswalk_v1.3 source_site=Pharynx (Including base of tongue, soft palate, and uvula) -> tool_site=Nasopharynx; AJCC7 uses a broader Pharynx chapter; AJCC8 splits pharyngeal sites/HPV-mediated disease. | SURROGATE_AJCC8_FROM_AJCC7_REVIEW_REQUIRED_v1.7: no AJCC8 stage-grouping rule rows were extractable from the uploaded AJCC8 PDF for this site; copied from AJCC7 to avoid blank result pending cancer committee validation."
Merkel Cell Carcinoma,AJCC8,yp,Any,N1a,M0,Any,Any,IIIA,source_page=335; extract_method=stage_first; extra_factors/raw_extra=Merkel cell carcinoma in organ-transplant recipients: report | provenance=auto_extracted_from_uploaded_manuals_v1_0 | crosswalk_v1.3 source_site=Merkel Cell Carcinoma -> tool_site=Merkel Cell Carcinoma | SURROGATE_AJCC8_FROM_AJCC7_REVIEW_REQUIRED_v1.7: no AJCC8 stage-grouping rule rows were extractable from the uploaded AJCC8 PDF for this site; copied from AJCC7 to avoid blank result pending cancer committee validation.
Merkel Cell Carcinoma,AJCC8,yp,Any,Any,M1,Any,Any,IV,"source_page=335; extract_method=stage_first; extra_factors/raw_extra=6. Penn I, First MR. Merkel’s cell carcinoma in organ recipients: | provenance=auto_extracted_from_uploaded_manuals_v1_0 | crosswalk_v1.3 source_site=Merkel Cell Carcinoma -> tool_site=Merkel Cell Carcinoma | SURROGATE_AJCC8_FROM_AJCC7_REVIEW_REQUIRED_v1.7: no AJCC8 stage-grouping rule rows were extractable from the uploaded AJCC8 PDF for this site; copied from AJCC7 to avoid blank result pending cancer committee validation."
Nasopharynx,AJCC8,yp,T3,N2,M0,Any,Any,IVA,"source_page=58; extract_method=stage_carried; extra_factors/raw_extra=of hypopharynx; duplicate_source_page=62; duplicate_source_page=69 | provenance=auto_extracted_from_uploaded_manuals_v1_0 | crosswalk_v1.3 source_site=Pharynx (Including base of tongue, soft palate, and uvula) -> tool_site=Nasopharynx; AJCC7 uses a broader Pharynx chapter; AJCC8 splits pharyngeal sites/HPV-mediated disease. | SURROGATE_AJCC8_FROM_AJCC7_REVIEW_REQUIRED_v1.7: no AJCC8 stage-grouping rule rows were extractable from the uploaded AJCC8 PDF for this site; copied from AJCC7 to avoid blank result pending cancer committee validation."
Nasopharynx,AJCC8,yp,T2,N2,M0,Any,Any,IVA,"source_page=58; extract_method=stage_carried; extra_factors/raw_extra=C13.8 | Overlapping lesion; duplicate_source_page=62; duplicate_source_page=69 | provenance=auto_extracted_from_uploaded_manuals_v1_0 | crosswalk_v1.3 source_site=Pharynx (Including base of tongue, soft palate, and uvula) -> tool_site=Nasopharynx; AJCC7 uses a broader Pharynx chapter; AJCC8 splits pharyngeal sites/HPV-mediated disease. | SURROGATE_AJCC8_FROM_AJCC7_REVIEW_REQUIRED_v1.7: no AJCC8 stage-grouping rule rows were extractable from the uploaded AJCC8 PDF for this site; copied from AJCC7 to avoid blank result pending cancer committee validation."
Nasopharynx,AJCC8,yp,T1,N2,M0,Any,Any,IVA,"source_page=58; extract_method=stage_carried; extra_factors/raw_extra=hypopharynx; duplicate_source_page=62; duplicate_source_page=69 | provenance=auto_extracted_from_uploaded_manuals_v1_0 | crosswalk_v1.3 source_site=Pharynx (Including base of tongue, soft palate, and uvula) -> tool_site=Nasopharynx; AJCC7 uses a broader Pharynx chapter; AJCC8 splits pharyngeal sites/HPV-mediated disease. | SURROGATE_AJCC8_FROM_AJCC7_REVIEW_REQUIRED_v1.7: no AJCC8 stage-grouping rule rows were extractable from the uploaded AJCC8 PDF for this site; copied from AJCC7 to avoid blank result pending cancer committee validation."
Nasopharynx,AJCC8,yp,T4a,N1,M0,Any,Any,IVA,"source_page=58; extract_method=stage_carried; extra_factors/raw_extra=C13.2 | Posterior wall of; duplicate_source_page=62; duplicate_source_page=69 | provenance=auto_extracted_from_uploaded_manuals_v1_0 | crosswalk_v1.3 source_site=Pharynx (Including base of tongue, soft palate, and uvula) -> tool_site=Nasopharynx; AJCC7 uses a broader Pharynx chapter; AJCC8 splits pharyngeal sites/HPV-mediated disease. | SURROGATE_AJCC8_FROM_AJCC7_REVIEW_REQUIRED_v1.7: no AJCC8 stage-grouping rule rows were extractable from the uploaded AJCC8 PDF for this site; copied from AJCC7 to avoid blank result pending cancer committee validation."
Nasopharynx,AJCC8,yp,T4a,N0,M0,Any,Any,IVA,"source_page=58; extract_method=stage_first; extra_factors/raw_extra=glottic fold; duplicate_source_page=62; duplicate_source_page=69 | provenance=auto_extracted_from_uploaded_manuals_v1_0 | crosswalk_v1.3 source_site=Pharynx (Including base of tongue, soft palate, and uvula) -> tool_site=Nasopharynx; AJCC7 uses a broader Pharynx chapter; AJCC8 splits pharyngeal sites/HPV-mediated disease. | SURROGATE_AJCC8_FROM_AJCC7_REVIEW_REQUIRED_v1.7: no AJCC8 stage-grouping rule rows were extractable from the uploaded AJCC8 PDF for this site; copied from AJCC7 to avoid blank result pending cancer committee validation."
Nasopharynx,AJCC8,yp,T2,N1,M0,Any,Any,III,"source_page=58; extract_method=stage_carried; extra_factors/raw_extra=C13.1 | Hypopharyngeal; duplicate_source_page=62; duplicate_source_page=69 | provenance=auto_extracted_from_uploaded_manuals_v1_0 | crosswalk_v1.3 source_site=Pharynx (Including base of tongue, soft palate, and uvula) -> tool_site=Nasopharynx; AJCC7 uses a broader Pharynx chapter; AJCC8 splits pharyngeal sites/HPV-mediated disease. | SURROGATE_AJCC8_FROM_AJCC7_REVIEW_REQUIRED_v1.7: no AJCC8 stage-grouping rule rows were extractable from the uploaded AJCC8 PDF for this site; copied from AJCC7 to avoid blank result pending cancer committee validation."
Nasopharynx,AJCC8,yp,T1,N1,M0,Any,Any,III,"source_page=58; extract_method=stage_carried; extra_factors/raw_extra=C13.0 | Postcricoid region; duplicate_source_page=62; duplicate_source_page=69 | provenance=auto_extracted_from_uploaded_manuals_v1_0 | crosswalk_v1.3 source_site=Pharynx (Including base of tongue, soft palate, and uvula) -> tool_site=Nasopharynx; AJCC7 uses a broader Pharynx chapter; AJCC8 splits pharyngeal sites/HPV-mediated disease. | SURROGATE_AJCC8_FROM_AJCC7_REVIEW_REQUIRED_v1.7: no AJCC8 stage-grouping rule rows were extractable from the uploaded AJCC8 PDF for this site; copied from AJCC7 to avoid blank result pending cancer committee validation."
Nasopharynx,AJCC8,yp,Any,Any,M1,Any,Any,IVC,"source_page=57; extract_method=stage_first; extra_factors/raw_extra=C11.0 Superior wall of; duplicate_source_page=58; duplicate_source_page=62; duplicate_source_page=69 | provenance=auto_extracted_from_uploaded_manuals_v1_0 | crosswalk_v1.3 source_site=Pharynx (Including base of tongue, soft palate, and uvula) -> tool_site=Nasopharynx; AJCC7 uses a broader Pharynx chapter; AJCC8 splits pharyngeal sites/HPV-mediated disease. | SURROGATE_AJCC8_FROM_AJCC7_REVIEW_REQUIRED_v1.7: no AJCC8 stage-grouping rule rows were extractable from the uploaded AJCC8 PDF for this site; copied from AJCC7 to avoid blank result pending cancer committee validation."
Nasopharynx,AJCC8,yp,Any,N3,M0,Any,Any,IVB,"source_page=57; extract_method=stage_first; extra_factors/raw_extra=C10.9 Oropharynx, NOS; duplicate_source_page=58; duplicate_source_page=62; duplicate_source_page=69 | provenance=auto_extracted_from_uploaded_manuals_v1_0 | crosswalk_v1.3 source_site=Pharynx (Including base of tongue, soft palate, and uvula) -> tool_site=Nasopharynx; AJCC7 uses a broader Pharynx chapter; AJCC8 splits pharyngeal sites/HPV-mediated disease. | SURROGATE_AJCC8_FROM_AJCC7_REVIEW_REQUIRED_v1.7: no AJCC8 stage-grouping rule rows were extractable from the uploaded AJCC8 PDF for this site; copied from AJCC7 to avoid blank result pending cancer committee validation."
Nasopharynx,AJCC8,yp,T4,N2,M0,Any,Any,IVA,"source_page=57; extract_method=stage_carried; extra_factors/raw_extra=C10.8 Overlapping lesion | provenance=auto_extracted_from_uploaded_manuals_v1_0 | crosswalk_v1.3 source_site=Pharynx (Including base of tongue, soft palate, and uvula) -> tool_site=Nasopharynx; AJCC7 uses a broader Pharynx chapter; AJCC8 splits pharyngeal sites/HPV-mediated disease. | SURROGATE_AJCC8_FROM_AJCC7_REVIEW_REQUIRED_v1.7: no AJCC8 stage-grouping rule rows were extractable from the uploaded AJCC8 PDF for this site; copied from AJCC7 to avoid blank result pending cancer committee validation."
Nasopharynx,AJCC8,yp,T4,N1,M0,Any,Any,IVA,"source_page=57; extract_method=stage_carried; extra_factors/raw_extra=C10.4 Branchial cleft | provenance=auto_extracted_from_uploaded_manuals_v1_0 | crosswalk_v1.3 source_site=Pharynx (Including base of tongue, soft palate, and uvula) -> tool_site=Nasopharynx; AJCC7 uses a broader Pharynx chapter; AJCC8 splits pharyngeal sites/HPV-mediated disease. | SURROGATE_AJCC8_FROM_AJCC7_REVIEW_REQUIRED_v1.7: no AJCC8 stage-grouping rule rows were extractable from the uploaded AJCC8 PDF for this site; copied from AJCC7 to avoid blank result pending cancer committee validation."
Nasopharynx,AJCC8,yp,T4,N0,M0,Any,Any,IVA,"source_page=57; extract_method=stage_first; extra_factors/raw_extra=wall | provenance=auto_extracted_from_uploaded_manuals_v1_0 | crosswalk_v1.3 source_site=Pharynx (Including base of tongue, soft palate, and uvula) -> tool_site=Nasopharynx; AJCC7 uses a broader Pharynx chapter; AJCC8 splits pharyngeal sites/HPV-mediated disease. | SURROGATE_AJCC8_FROM_AJCC7_REVIEW_REQUIRED_v1.7: no AJCC8 stage-grouping rule rows were extractable from the uploaded AJCC8 PDF for this site; copied from AJCC7 to avoid blank result pending cancer committee validation."
Nasopharynx,AJCC8,yp,T3,N2,M0,Any,Any,III,"source_page=57; extract_method=stage_carried; extra_factors/raw_extra=C10.3 Posterior pharyngeal | provenance=auto_extracted_from_uploaded_manuals_v1_0 | crosswalk_v1.3 source_site=Pharynx (Including base of tongue, soft palate, and uvula) -> tool_site=Nasopharynx; AJCC7 uses a broader Pharynx chapter; AJCC8 splits pharyngeal sites/HPV-mediated disease. | SURROGATE_AJCC8_FROM_AJCC7_REVIEW_REQUIRED_v1.7: no AJCC8 stage-grouping rule rows were extractable from the uploaded AJCC8 PDF for this site; copied from AJCC7 to avoid blank result pending cancer committee validation."
Nasopharynx,AJCC8,yp,T3,N1,M0,Any,Any,III,"source_page=57; extract_method=stage_carried; extra_factors/raw_extra=oropharynx; duplicate_source_page=58; duplicate_source_page=62; duplicate_source_page=69 | provenance=auto_extracted_from_uploaded_manuals_v1_0 | crosswalk_v1.3 source_site=Pharynx (Including base of tongue, soft palate, and uvula) -> tool_site=Nasopharynx; AJCC7 uses a broader Pharynx chapter; AJCC8 splits pharyngeal sites/HPV-mediated disease. | SURROGATE_AJCC8_FROM_AJCC7_REVIEW_REQUIRED_v1.7: no AJCC8 stage-grouping rule rows were extractable from the uploaded AJCC8 PDF for this site; copied from AJCC7 to avoid blank result pending cancer committee validation."
Nasopharynx,AJCC8,yp,T3,N0,M0,Any,Any,III,"source_page=57; extract_method=stage_carried; extra_factors/raw_extra=C10.2 Lateral wall of; duplicate_source_page=58; duplicate_source_page=62; duplicate_source_page=69 | provenance=auto_extracted_from_uploaded_manuals_v1_0 | crosswalk_v1.3 source_site=Pharynx (Including base of tongue, soft palate, and uvula) -> tool_site=Nasopharynx; AJCC7 uses a broader Pharynx chapter; AJCC8 splits pharyngeal sites/HPV-mediated disease. | SURROGATE_AJCC8_FROM_AJCC7_REVIEW_REQUIRED_v1.7: no AJCC8 stage-grouping rule rows were extractable from the uploaded AJCC8 PDF for this site; copied from AJCC7 to avoid blank result pending cancer committee validation."
Nasopharynx,AJCC8,yp,T2,N2,M0,Any,Any,III,"source_page=57; extract_method=stage_carried; extra_factors/raw_extra=C10.0 Vallecula | provenance=auto_extracted_from_uploaded_manuals_v1_0 | crosswalk_v1.3 source_site=Pharynx (Including base of tongue, soft palate, and uvula) -> tool_site=Nasopharynx; AJCC7 uses a broader Pharynx chapter; AJCC8 splits pharyngeal sites/HPV-mediated disease. | SURROGATE_AJCC8_FROM_AJCC7_REVIEW_REQUIRED_v1.7: no AJCC8 stage-grouping rule rows were extractable from the uploaded AJCC8 PDF for this site; copied from AJCC7 to avoid blank result pending cancer committee validation."
Nasopharynx,AJCC8,yp,T1,N2,M0,Any,Any,III,"source_page=57; extract_method=stage_first; extra_factors/raw_extra=C09.9 Tonsil, NOS | provenance=auto_extracted_from_uploaded_manuals_v1_0 | crosswalk_v1.3 source_site=Pharynx (Including base of tongue, soft palate, and uvula) -> tool_site=Nasopharynx; AJCC7 uses a broader Pharynx chapter; AJCC8 splits pharyngeal sites/HPV-mediated disease. | SURROGATE_AJCC8_FROM_AJCC7_REVIEW_REQUIRED_v1.7: no AJCC8 stage-grouping rule rows were extractable from the uploaded AJCC8 PDF for this site; copied from AJCC7 to avoid blank result pending cancer committee validation."
Nasopharynx,AJCC8,yp,T2,N1,M0,Any,Any,II,"source_page=57; extract_method=stage_carried; extra_factors/raw_extra=C09.8 Overlapping lesion | provenance=auto_extracted_from_uploaded_manuals_v1_0 | crosswalk_v1.3 source_site=Pharynx (Including base of tongue, soft palate, and uvula) -> tool_site=Nasopharynx; AJCC7 uses a broader Pharynx chapter; AJCC8 splits pharyngeal sites/HPV-mediated disease. | SURROGATE_AJCC8_FROM_AJCC7_REVIEW_REQUIRED_v1.7: no AJCC8 stage-grouping rule rows were extractable from the uploaded AJCC8 PDF for this site; copied from AJCC7 to avoid blank result pending cancer committee validation."
Nasopharynx,AJCC8,yp,T2,N0,M0,Any,Any,II,"source_page=57; extract_method=stage_carried; extra_factors/raw_extra=C09.1 Tonsillar pillar; duplicate_source_page=58; duplicate_source_page=62; duplicate_source_page=69 | provenance=auto_extracted_from_uploaded_manuals_v1_0 | crosswalk_v1.3 source_site=Pharynx (Including base of tongue, soft palate, and uvula) -> tool_site=Nasopharynx; AJCC7 uses a broader Pharynx chapter; AJCC8 splits pharyngeal sites/HPV-mediated disease. | SURROGATE_AJCC8_FROM_AJCC7_REVIEW_REQUIRED_v1.7: no AJCC8 stage-grouping rule rows were extractable from the uploaded AJCC8 PDF for this site; copied from AJCC7 to avoid blank result pending cancer committee validation."
Nasopharynx,AJCC8,yp,T1,N1,M0,Any,Any,II,"source_page=57; extract_method=stage_first; extra_factors/raw_extra=C09.0 Tonsillar fossa | provenance=auto_extracted_from_uploaded_manuals_v1_0 | crosswalk_v1.3 source_site=Pharynx (Including base of tongue, soft palate, and uvula) -> tool_site=Nasopharynx; AJCC7 uses a broader Pharynx chapter; AJCC8 splits pharyngeal sites/HPV-mediated disease. | SURROGATE_AJCC8_FROM_AJCC7_REVIEW_REQUIRED_v1.7: no AJCC8 stage-grouping rule rows were extractable from the uploaded AJCC8 PDF for this site; copied from AJCC7 to avoid blank result pending cancer committee validation."
Nasopharynx,AJCC8,yp,T1,N0,M0,Any,Any,I,"source_page=57; extract_method=stage_first; extra_factors/raw_extra=C05.2 Uvula; duplicate_source_page=58; duplicate_source_page=62; duplicate_source_page=69 | provenance=auto_extracted_from_uploaded_manuals_v1_0 | crosswalk_v1.3 source_site=Pharynx (Including base of tongue, soft palate, and uvula) -> tool_site=Nasopharynx; AJCC7 uses a broader Pharynx chapter; AJCC8 splits pharyngeal sites/HPV-mediated disease. | SURROGATE_AJCC8_FROM_AJCC7_REVIEW_REQUIRED_v1.7: no AJCC8 stage-grouping rule rows were extractable from the uploaded AJCC8 PDF for this site; copied from AJCC7 to avoid blank result pending cancer committee validation."
Nasopharynx,AJCC8,yp,Tis,N0,M0,Any,Any,0,"source_page=57; extract_method=stage_first; extra_factors/raw_extra=C02.4 Lingual tonsil; duplicate_source_page=58; duplicate_source_page=62; duplicate_source_page=69 | provenance=auto_extracted_from_uploaded_manuals_v1_0 | crosswalk_v1.3 source_site=Pharynx (Including base of tongue, soft palate, and uvula) -> tool_site=Nasopharynx; AJCC7 uses a broader Pharynx chapter; AJCC8 splits pharyngeal sites/HPV-mediated disease. | SURROGATE_AJCC8_FROM_AJCC7_REVIEW_REQUIRED_v1.7: no AJCC8 stage-grouping rule rows were extractable from the uploaded AJCC8 PDF for this site; copied from AJCC7 to avoid blank result pending cancer committee validation."
Mucosal Melanoma of the Head and Neck,AJCC8,any,Any,Any,M1,Any,Any,IVC,source_page=113; extract_method=stage_first; extra_factors/raw_extra=(see Chapters 3-6); duplicate_source_page=114; duplicate_source_page=115 | provenance=auto_extracted_from_uploaded_manuals_v1_0 | crosswalk_v1.3 source_site=Mucosal Melanoma of the Head and Neck -> tool_site=Mucosal Melanoma of the Head and Neck | SURROGATE_AJCC8_FROM_AJCC7_REVIEW_REQUIRED_v1.7: no AJCC8 stage-grouping rule rows were extractable from the uploaded AJCC8 PDF for this site; copied from AJCC7 to avoid blank result pending cancer committee validation.
Mucosal Melanoma of the Head and Neck,AJCC8,any,T4b,Any,M0,Any,Any,IVB,source_page=113; extract_method=stage_first; extra_factors/raw_extra=mucosal melanoma; duplicate_source_page=114; duplicate_source_page=115 | provenance=auto_extracted_from_uploaded_manuals_v1_0 | crosswalk_v1.3 source_site=Mucosal Melanoma of the Head and Neck -> tool_site=Mucosal Melanoma of the Head and Neck | SURROGATE_AJCC8_FROM_AJCC7_REVIEW_REQUIRED_v1.7: no AJCC8 stage-grouping rule rows were extractable from the uploaded AJCC8 PDF for this site; copied from AJCC7 to avoid blank result pending cancer committee validation.
Mucosal Melanoma of the Head and Neck,AJCC8,any,T3-T4a,N1,M0,Any,Any,IVA,source_page=113; extract_method=stage_carried; extra_factors/raw_extra=priate anatomic site chapter; duplicate_source_page=114; duplicate_source_page=115 | provenance=auto_extracted_from_uploaded_manuals_v1_0 | crosswalk_v1.3 source_site=Mucosal Melanoma of the Head and Neck -> tool_site=Mucosal Melanoma of the Head and Neck | SURROGATE_AJCC8_FROM_AJCC7_REVIEW_REQUIRED_v1.7: no AJCC8 stage-grouping rule rows were extractable from the uploaded AJCC8 PDF for this site; copied from AJCC7 to avoid blank result pending cancer committee validation.
Mucosal Melanoma of the Head and Neck,AJCC8,any,T4a,N0,M0,Any,Any,IVA,"source_page=113; extract_method=stage_first; extra_factors/raw_extra=of codes, refer to the appro-; duplicate_source_page=114; duplicate_source_page=115 | provenance=auto_extracted_from_uploaded_manuals_v1_0 | crosswalk_v1.3 source_site=Mucosal Melanoma of the Head and Neck -> tool_site=Mucosal Melanoma of the Head and Neck | SURROGATE_AJCC8_FROM_AJCC7_REVIEW_REQUIRED_v1.7: no AJCC8 stage-grouping rule rows were extractable from the uploaded AJCC8 PDF for this site; copied from AJCC7 to avoid blank result pending cancer committee validation."
Mucosal Melanoma of the Head and Neck,AJCC8,any,T3,N0,M0,Any,Any,III,source_page=113; extract_method=stage_first; extra_factors/raw_extra=For a complete description; duplicate_source_page=114; duplicate_source_page=115 | provenance=auto_extracted_from_uploaded_manuals_v1_0 | crosswalk_v1.3 source_site=Mucosal Melanoma of the Head and Neck -> tool_site=Mucosal Melanoma of the Head and Neck | SURROGATE_AJCC8_FROM_AJCC7_REVIEW_REQUIRED_v1.7: no AJCC8 stage-grouping rule rows were extractable from the uploaded AJCC8 PDF for this site; copied from AJCC7 to avoid blank result pending cancer committee validation.
Merkel Cell Carcinoma,AJCC8,yp,Any,N1|N1b|N2,M0,Any,Any,IIIB,source_page=335; extract_method=stage_first | provenance=auto_extracted_from_uploaded_manuals_v1_0 | crosswalk_v1.3 source_site=Merkel Cell Carcinoma -> tool_site=Merkel Cell Carcinoma | SURROGATE_AJCC8_FROM_AJCC7_REVIEW_REQUIRED_v1.7: no AJCC8 stage-grouping rule rows were extractable from the uploaded AJCC8 PDF for this site; copied from AJCC7 to avoid blank result pending cancer committee validation.
Soft Tissue Sarcoma of the Abdomen and Thoracic Visceral Organs,AJCC8,yp,T2a,N0,M0,Any,Any,IIB,"source_page=307; extract_method=stage_first; extra_factors/raw_extra=G2 | of heart, mediasti-; duplicate_source_page=311 | provenance=auto_extracted_from_uploaded_manuals_v1_0 | crosswalk_v1.3 source_site=Soft Tissue Sarcoma -> tool_site=Soft Tissue Sarcoma of the Abdomen and Thoracic Visceral Organs; AJCC7 has one broader Soft Tissue Sarcoma chapter; AJCC8 splits by anatomic site. | SURROGATE_AJCC8_FROM_AJCC7_REVIEW_REQUIRED_v1.7: no AJCC8 stage-grouping rule rows were extractable from the uploaded AJCC8 PDF for this site; copied from AJCC7 to avoid blank result pending cancer committee validation."
Soft Tissue Sarcoma – Unusual Histologies and Sites,AJCC8,yp,T2a,N0,M0,Any,Any,IIB,"source_page=307; extract_method=stage_first; extra_factors/raw_extra=G2 | of heart, mediasti-; duplicate_source_page=311 | provenance=auto_extracted_from_uploaded_manuals_v1_0 | crosswalk_v1.3 source_site=Soft Tissue Sarcoma -> tool_site=Soft Tissue Sarcoma – Unusual Histologies and Sites; AJCC7 has one broader Soft Tissue Sarcoma chapter; AJCC8 splits by anatomic site. | SURROGATE_AJCC8_FROM_AJCC7_REVIEW_REQUIRED_v1.7: no AJCC8 stage-grouping rule rows were extractable from the uploaded AJCC8 PDF for this site; copied from AJCC7 to avoid blank result pending cancer committee validation."
Soft Tissue Sarcoma of the Abdomen and Thoracic Visceral Organs,AJCC8,yp,T2a|T2b,N0,M0,Any,Any,III,source_page=307; extract_method=stage_first; extra_factors/raw_extra=G3 | and autonomic; duplicate_source_page=311 | provenance=auto_extracted_from_uploaded_manuals_v1_0 | crosswalk_v1.3 source_site=Soft Tissue Sarcoma -> tool_site=Soft Tissue Sarcoma of the Abdomen and Thoracic Visceral Organs; AJCC7 has one broader Soft Tissue Sarcoma chapter; AJCC8 splits by anatomic site. | SURROGATE_AJCC8_FROM_AJCC7_REVIEW_REQUIRED_v1.7: no AJCC8 stage-grouping rule rows were extractable from the uploaded AJCC8 PDF for this site; copied from AJCC7 to avoid blank result pending cancer committee validation.
Soft Tissue Sarcoma – Unusual Histologies and Sites,AJCC8,any,T2a,N0,M0,Any,Any,IB,"source_page=313; extract_method=stage_first; extra_factors/raw_extra=G1, GX | IB | T2a | N0 | M0 | G1, GX | provenance=auto_extracted_from_uploaded_manuals_v1_0 | crosswalk_v1.3 source_site=Soft Tissue Sarcoma -> tool_site=Soft Tissue Sarcoma – Unusual Histologies and Sites; AJCC7 has one broader Soft Tissue Sarcoma chapter; AJCC8 splits by anatomic site. | SURROGATE_AJCC8_FROM_AJCC7_REVIEW_REQUIRED_v1.7: no AJCC8 stage-grouping rule rows were extractable from the uploaded AJCC8 PDF for this site; copied from AJCC7 to avoid blank result pending cancer committee validation."
Soft Tissue Sarcoma – Unusual Histologies and Sites,AJCC8,any,T1b,N0,M0,Any,Any,IA,"source_page=313; extract_method=stage_carried; extra_factors/raw_extra=G1, GX | T1b | N0 | M0 | G1, GX | provenance=auto_extracted_from_uploaded_manuals_v1_0 | crosswalk_v1.3 source_site=Soft Tissue Sarcoma -> tool_site=Soft Tissue Sarcoma – Unusual Histologies and Sites; AJCC7 has one broader Soft Tissue Sarcoma chapter; AJCC8 splits by anatomic site. | SURROGATE_AJCC8_FROM_AJCC7_REVIEW_REQUIRED_v1.7: no AJCC8 stage-grouping rule rows were extractable from the uploaded AJCC8 PDF for this site; copied from AJCC7 to avoid blank result pending cancer committee validation."
Soft Tissue Sarcoma – Unusual Histologies and Sites,AJCC8,any,T1a,N0,M0,Any,Any,IA,"source_page=313; extract_method=stage_first; extra_factors/raw_extra=G1, GX | IA | T1a | N0 | M0 | G1, GX | provenance=auto_extracted_from_uploaded_manuals_v1_0 | crosswalk_v1.3 source_site=Soft Tissue Sarcoma -> tool_site=Soft Tissue Sarcoma – Unusual Histologies and Sites; AJCC7 has one broader Soft Tissue Sarcoma chapter; AJCC8 splits by anatomic site. | SURROGATE_AJCC8_FROM_AJCC7_REVIEW_REQUIRED_v1.7: no AJCC8 stage-grouping rule rows were extractable from the uploaded AJCC8 PDF for this site; copied from AJCC7 to avoid blank result pending cancer committee validation."
Soft Tissue Sarcoma – Unusual Histologies and Sites,AJCC8,yp,Any,Any,M1,Any,Any,IV,"source_page=307; extract_method=stage_first; extra_factors/raw_extra=Any G | head, face, and neck; duplicate_source_page=311 | provenance=auto_extracted_from_uploaded_manuals_v1_0 | crosswalk_v1.3 source_site=Soft Tissue Sarcoma -> tool_site=Soft Tissue Sarcoma – Unusual Histologies and Sites; AJCC7 has one broader Soft Tissue Sarcoma chapter; AJCC8 splits by anatomic site. | SURROGATE_AJCC8_FROM_AJCC7_REVIEW_REQUIRED_v1.7: no AJCC8 stage-grouping rule rows were extractable from the uploaded AJCC8 PDF for this site; copied from AJCC7 to avoid blank result pending cancer committee validation."
Soft Tissue Sarcoma – Unusual Histologies and Sites,AJCC8,yp,Any,N1,M0,Any,Any,III,source_page=307; extract_method=stage_carried; extra_factors/raw_extra=Any G | nervous system of; duplicate_source_page=311 | provenance=auto_extracted_from_uploaded_manuals_v1_0 | crosswalk_v1.3 source_site=Soft Tissue Sarcoma -> tool_site=Soft Tissue Sarcoma – Unusual Histologies and Sites; AJCC7 has one broader Soft Tissue Sarcoma chapter; AJCC8 splits by anatomic site. | SURROGATE_AJCC8_FROM_AJCC7_REVIEW_REQUIRED_v1.7: no AJCC8 stage-grouping rule rows were extractable from the uploaded AJCC8 PDF for this site; copied from AJCC7 to avoid blank result pending cancer committee validation.
Soft Tissue Sarcoma – Unusual Histologies and Sites,AJCC8,yp,T2a|T2b,N0,M0,Any,Any,III,source_page=307; extract_method=stage_first; extra_factors/raw_extra=G3 | and autonomic; duplicate_source_page=311 | provenance=auto_extracted_from_uploaded_manuals_v1_0 | crosswalk_v1.3 source_site=Soft Tissue Sarcoma -> tool_site=Soft Tissue Sarcoma – Unusual Histologies and Sites; AJCC7 has one broader Soft Tissue Sarcoma chapter; AJCC8 splits by anatomic site. | SURROGATE_AJCC8_FROM_AJCC7_REVIEW_REQUIRED_v1.7: no AJCC8 stage-grouping rule rows were extractable from the uploaded AJCC8 PDF for this site; copied from AJCC7 to avoid blank result pending cancer committee validation.
Soft Tissue Sarcoma – Unusual Histologies and Sites,AJCC8,yp,T2b,N0,M0,Any,Any,IIB,"source_page=307; extract_method=stage_carried; extra_factors/raw_extra=G2 | num, and pleura; duplicate_source_page=311 | provenance=auto_extracted_from_uploaded_manuals_v1_0 | crosswalk_v1.3 source_site=Soft Tissue Sarcoma -> tool_site=Soft Tissue Sarcoma – Unusual Histologies and Sites; AJCC7 has one broader Soft Tissue Sarcoma chapter; AJCC8 splits by anatomic site. | SURROGATE_AJCC8_FROM_AJCC7_REVIEW_REQUIRED_v1.7: no AJCC8 stage-grouping rule rows were extractable from the uploaded AJCC8 PDF for this site; copied from AJCC7 to avoid blank result pending cancer committee validation."
Soft Tissue Sarcoma – Unusual Histologies and Sites,AJCC8,yp,T1b,N0,M0,Any,Any,IIA,"source_page=307; extract_method=stage_carried; extra_factors/raw_extra=G2, G3 | C38.8 Overlapping lesion; duplicate_source_page=311 | provenance=auto_extracted_from_uploaded_manuals_v1_0 | crosswalk_v1.3 source_site=Soft Tissue Sarcoma -> tool_site=Soft Tissue Sarcoma – Unusual Histologies and Sites; AJCC7 has one broader Soft Tissue Sarcoma chapter; AJCC8 splits by anatomic site. | SURROGATE_AJCC8_FROM_AJCC7_REVIEW_REQUIRED_v1.7: no AJCC8 stage-grouping rule rows were extractable from the uploaded AJCC8 PDF for this site; copied from AJCC7 to avoid blank result pending cancer committee validation."
Soft Tissue Sarcoma – Unusual Histologies and Sites,AJCC8,yp,T1a,N0,M0,Any,Any,IIA,"source_page=307; extract_method=stage_first; extra_factors/raw_extra=G2, G3 | C38.3 Mediastinum, NOS; duplicate_source_page=311 | provenance=auto_extracted_from_uploaded_manuals_v1_0 | crosswalk_v1.3 source_site=Soft Tissue Sarcoma -> tool_site=Soft Tissue Sarcoma – Unusual Histologies and Sites; AJCC7 has one broader Soft Tissue Sarcoma chapter; AJCC8 splits by anatomic site. | SURROGATE_AJCC8_FROM_AJCC7_REVIEW_REQUIRED_v1.7: no AJCC8 stage-grouping rule rows were extractable from the uploaded AJCC8 PDF for this site; copied from AJCC7 to avoid blank result pending cancer committee validation."
Soft Tissue Sarcoma – Unusual Histologies and Sites,AJCC8,yp,T2b,N0,M0,Any,Any,IB,"source_page=307; extract_method=stage_carried; extra_factors/raw_extra=G1, GX | C38.2 Posterior; duplicate_source_page=311 | provenance=auto_extracted_from_uploaded_manuals_v1_0 | crosswalk_v1.3 source_site=Soft Tissue Sarcoma -> tool_site=Soft Tissue Sarcoma – Unusual Histologies and Sites; AJCC7 has one broader Soft Tissue Sarcoma chapter; AJCC8 splits by anatomic site. | SURROGATE_AJCC8_FROM_AJCC7_REVIEW_REQUIRED_v1.7: no AJCC8 stage-grouping rule rows were extractable from the uploaded AJCC8 PDF for this site; copied from AJCC7 to avoid blank result pending cancer committee validation."
Soft Tissue Sarcoma – Unusual Histologies and Sites,AJCC8,yp,T2a,N0,M0,Any,Any,IB,"source_page=307; extract_method=stage_first; extra_factors/raw_extra=G1, GX | mediastinum; duplicate_source_page=311 | provenance=auto_extracted_from_uploaded_manuals_v1_0 | crosswalk_v1.3 source_site=Soft Tissue Sarcoma -> tool_site=Soft Tissue Sarcoma – Unusual Histologies and Sites; AJCC7 has one broader Soft Tissue Sarcoma chapter; AJCC8 splits by anatomic site. | SURROGATE_AJCC8_FROM_AJCC7_REVIEW_REQUIRED_v1.7: no AJCC8 stage-grouping rule rows were extractable from the uploaded AJCC8 PDF for this site; copied from AJCC7 to avoid blank result pending cancer committee validation."
Soft Tissue Sarcoma – Unusual Histologies and Sites,AJCC8,yp,T1b,N0,M0,Any,Any,IA,"source_page=307; extract_method=stage_carried; extra_factors/raw_extra=G1, GX | C38.1 Anterior; duplicate_source_page=311 | provenance=auto_extracted_from_uploaded_manuals_v1_0 | crosswalk_v1.3 source_site=Soft Tissue Sarcoma -> tool_site=Soft Tissue Sarcoma – Unusual Histologies and Sites; AJCC7 has one broader Soft Tissue Sarcoma chapter; AJCC8 splits by anatomic site. | SURROGATE_AJCC8_FROM_AJCC7_REVIEW_REQUIRED_v1.7: no AJCC8 stage-grouping rule rows were extractable from the uploaded AJCC8 PDF for this site; copied from AJCC7 to avoid blank result pending cancer committee validation."
Soft Tissue Sarcoma – Unusual Histologies and Sites,AJCC8,any,T2b,N0,M0,Any,Any,IB,"source_page=313; extract_method=stage_carried; extra_factors/raw_extra=G1, GX | T2b | N0 | M0 | G1, GX | provenance=auto_extracted_from_uploaded_manuals_v1_0 | crosswalk_v1.3 source_site=Soft Tissue Sarcoma -> tool_site=Soft Tissue Sarcoma – Unusual Histologies and Sites; AJCC7 has one broader Soft Tissue Sarcoma chapter; AJCC8 splits by anatomic site. | SURROGATE_AJCC8_FROM_AJCC7_REVIEW_REQUIRED_v1.7: no AJCC8 stage-grouping rule rows were extractable from the uploaded AJCC8 PDF for this site; copied from AJCC7 to avoid blank result pending cancer committee validation."
Soft Tissue Sarcoma – Unusual Histologies and Sites,AJCC8,yp,T1a,N0,M0,Any,Any,IA,"source_page=307; extract_method=stage_first; extra_factors/raw_extra=G1, GX | C38.0 Heart; duplicate_source_page=311 | provenance=auto_extracted_from_uploaded_manuals_v1_0 | crosswalk_v1.3 source_site=Soft Tissue Sarcoma -> tool_site=Soft Tissue Sarcoma – Unusual Histologies and Sites; AJCC7 has one broader Soft Tissue Sarcoma chapter; AJCC8 splits by anatomic site. | SURROGATE_AJCC8_FROM_AJCC7_REVIEW_REQUIRED_v1.7: no AJCC8 stage-grouping rule rows were extractable from the uploaded AJCC8 PDF for this site; copied from AJCC7 to avoid blank result pending cancer committee validation."
Soft Tissue Sarcoma of the Trunk and Extremities,AJCC8,any,Any,N1,M0,Any,Any,IIB,source_page=313; extract_method=stage_carried; extra_factors/raw_extra=Any G | Any T N1 | M0 | Any G | provenance=auto_extracted_from_uploaded_manuals_v1_0 | crosswalk_v1.3 source_site=Soft Tissue Sarcoma -> tool_site=Soft Tissue Sarcoma of the Trunk and Extremities; AJCC7 has one broader Soft Tissue Sarcoma chapter; AJCC8 splits by anatomic site. | SURROGATE_AJCC8_FROM_AJCC7_REVIEW_REQUIRED_v1.7: no AJCC8 stage-grouping rule rows were extractable from the uploaded AJCC8 PDF for this site; copied from AJCC7 to avoid blank result pending cancer committee validation.
Soft Tissue Sarcoma of the Trunk and Extremities,AJCC8,any,T2b,N0,M0,Any,Any,IIB,source_page=313; extract_method=stage_carried; extra_factors/raw_extra=G2 | T2b | N0 | M0 | G2 | provenance=auto_extracted_from_uploaded_manuals_v1_0 | crosswalk_v1.3 source_site=Soft Tissue Sarcoma -> tool_site=Soft Tissue Sarcoma of the Trunk and Extremities; AJCC7 has one broader Soft Tissue Sarcoma chapter; AJCC8 splits by anatomic site. | SURROGATE_AJCC8_FROM_AJCC7_REVIEW_REQUIRED_v1.7: no AJCC8 stage-grouping rule rows were extractable from the uploaded AJCC8 PDF for this site; copied from AJCC7 to avoid blank result pending cancer committee validation.
Soft Tissue Sarcoma of the Trunk and Extremities,AJCC8,any,T2a,N0,M0,Any,Any,IIB,source_page=313; extract_method=stage_first; extra_factors/raw_extra=G2 | IIB | T2a | N0 | M0 | G2 | provenance=auto_extracted_from_uploaded_manuals_v1_0 | crosswalk_v1.3 source_site=Soft Tissue Sarcoma -> tool_site=Soft Tissue Sarcoma of the Trunk and Extremities; AJCC7 has one broader Soft Tissue Sarcoma chapter; AJCC8 splits by anatomic site. | SURROGATE_AJCC8_FROM_AJCC7_REVIEW_REQUIRED_v1.7: no AJCC8 stage-grouping rule rows were extractable from the uploaded AJCC8 PDF for this site; copied from AJCC7 to avoid blank result pending cancer committee validation.
Soft Tissue Sarcoma of the Trunk and Extremities,AJCC8,any,T1b,N0,M0,Any,Any,IIA,"source_page=313; extract_method=stage_carried; extra_factors/raw_extra=G2, G3 | T1b | N0 | M0 | G2, G3 | provenance=auto_extracted_from_uploaded_manuals_v1_0 | crosswalk_v1.3 source_site=Soft Tissue Sarcoma -> tool_site=Soft Tissue Sarcoma of the Trunk and Extremities; AJCC7 has one broader Soft Tissue Sarcoma chapter; AJCC8 splits by anatomic site. | SURROGATE_AJCC8_FROM_AJCC7_REVIEW_REQUIRED_v1.7: no AJCC8 stage-grouping rule rows were extractable from the uploaded AJCC8 PDF for this site; copied from AJCC7 to avoid blank result pending cancer committee validation."
Soft Tissue Sarcoma of the Trunk and Extremities,AJCC8,any,T1a,N0,M0,Any,Any,IIA,"source_page=313; extract_method=stage_first; extra_factors/raw_extra=G2, G3 | IIA | T1a | N0 | M0 | G2, G3 | provenance=auto_extracted_from_uploaded_manuals_v1_0 | crosswalk_v1.3 source_site=Soft Tissue Sarcoma -> tool_site=Soft Tissue Sarcoma of the Trunk and Extremities; AJCC7 has one broader Soft Tissue Sarcoma chapter; AJCC8 splits by anatomic site. | SURROGATE_AJCC8_FROM_AJCC7_REVIEW_REQUIRED_v1.7: no AJCC8 stage-grouping rule rows were extractable from the uploaded AJCC8 PDF for this site; copied from AJCC7 to avoid blank result pending cancer committee validation."
Soft Tissue Sarcoma of the Trunk and Extremities,AJCC8,any,T2b,N0,M0,Any,Any,IB,"source_page=313; extract_method=stage_carried; extra_factors/raw_extra=G1, GX | T2b | N0 | M0 | G1, GX | provenance=auto_extracted_from_uploaded_manuals_v1_0 | crosswalk_v1.3 source_site=Soft Tissue Sarcoma -> tool_site=Soft Tissue Sarcoma of the Trunk and Extremities; AJCC7 has one broader Soft Tissue Sarcoma chapter; AJCC8 splits by anatomic site. | SURROGATE_AJCC8_FROM_AJCC7_REVIEW_REQUIRED_v1.7: no AJCC8 stage-grouping rule rows were extractable from the uploaded AJCC8 PDF for this site; copied from AJCC7 to avoid blank result pending cancer committee validation."
Soft Tissue Sarcoma of the Trunk and Extremities,AJCC8,any,T2a,N0,M0,Any,Any,IB,"source_page=313; extract_method=stage_first; extra_factors/raw_extra=G1, GX | IB | T2a | N0 | M0 | G1, GX | provenance=auto_extracted_from_uploaded_manuals_v1_0 | crosswalk_v1.3 source_site=Soft Tissue Sarcoma -> tool_site=Soft Tissue Sarcoma of the Trunk and Extremities; AJCC7 has one broader Soft Tissue Sarcoma chapter; AJCC8 splits by anatomic site. | SURROGATE_AJCC8_FROM_AJCC7_REVIEW_REQUIRED_v1.7: no AJCC8 stage-grouping rule rows were extractable from the uploaded AJCC8 PDF for this site; copied from AJCC7 to avoid blank result pending cancer committee validation."
Soft Tissue Sarcoma of the Trunk and Extremities,AJCC8,any,T1b,N0,M0,Any,Any,IA,"source_page=313; extract_method=stage_carried; extra_factors/raw_extra=G1, GX | T1b | N0 | M0 | G1, GX | provenance=auto_extracted_from_uploaded_manuals_v1_0 | crosswalk_v1.3 source_site=Soft Tissue Sarcoma -> tool_site=Soft Tissue Sarcoma of the Trunk and Extremities; AJCC7 has one broader Soft Tissue Sarcoma chapter; AJCC8 splits by anatomic site. | SURROGATE_AJCC8_FROM_AJCC7_REVIEW_REQUIRED_v1.7: no AJCC8 stage-grouping rule rows were extractable from the uploaded AJCC8 PDF for this site; copied from AJCC7 to avoid blank result pending cancer committee validation."
Soft Tissue Sarcoma of the Trunk and Extremities,AJCC8,any,T1a,N0,M0,Any,Any,IA,"source_page=313; extract_method=stage_first; extra_factors/raw_extra=G1, GX | IA | T1a | N0 | M0 | G1, GX | provenance=auto_extracted_from_uploaded_manuals_v1_0 | crosswalk_v1.3 source_site=Soft Tissue Sarcoma -> tool_site=Soft Tissue Sarcoma of the Trunk and Extremities; AJCC7 has one broader Soft Tissue Sarcoma chapter; AJCC8 splits by anatomic site. | SURROGATE_AJCC8_FROM_AJCC7_REVIEW_REQUIRED_v1.7: no AJCC8 stage-grouping rule rows were extractable from the uploaded AJCC8 PDF for this site; copied from AJCC7 to avoid blank result pending cancer committee validation."
Soft Tissue Sarcoma of the Trunk and Extremities,AJCC8,yp,Any,Any,M1,Any,Any,IV,"source_page=307; extract_method=stage_first; extra_factors/raw_extra=Any G | head, face, and neck; duplicate_source_page=311 | provenance=auto_extracted_from_uploaded_manuals_v1_0 | crosswalk_v1.3 source_site=Soft Tissue Sarcoma -> tool_site=Soft Tissue Sarcoma of the Trunk and Extremities; AJCC7 has one broader Soft Tissue Sarcoma chapter; AJCC8 splits by anatomic site. | SURROGATE_AJCC8_FROM_AJCC7_REVIEW_REQUIRED_v1.7: no AJCC8 stage-grouping rule rows were extractable from the uploaded AJCC8 PDF for this site; copied from AJCC7 to avoid blank result pending cancer committee validation."
Soft Tissue Sarcoma of the Trunk and Extremities,AJCC8,yp,Any,N1,M0,Any,Any,III,source_page=307; extract_method=stage_carried; extra_factors/raw_extra=Any G | nervous system of; duplicate_source_page=311 | provenance=auto_extracted_from_uploaded_manuals_v1_0 | crosswalk_v1.3 source_site=Soft Tissue Sarcoma -> tool_site=Soft Tissue Sarcoma of the Trunk and Extremities; AJCC7 has one broader Soft Tissue Sarcoma chapter; AJCC8 splits by anatomic site. | SURROGATE_AJCC8_FROM_AJCC7_REVIEW_REQUIRED_v1.7: no AJCC8 stage-grouping rule rows were extractable from the uploaded AJCC8 PDF for this site; copied from AJCC7 to avoid blank result pending cancer committee validation.
Soft Tissue Sarcoma of the Trunk and Extremities,AJCC8,yp,T2a|T2b,N0,M0,Any,Any,III,source_page=307; extract_method=stage_first; extra_factors/raw_extra=G3 | and autonomic; duplicate_source_page=311 | provenance=auto_extracted_from_uploaded_manuals_v1_0 | crosswalk_v1.3 source_site=Soft Tissue Sarcoma -> tool_site=Soft Tissue Sarcoma of the Trunk and Extremities; AJCC7 has one broader Soft Tissue Sarcoma chapter; AJCC8 splits by anatomic site. | SURROGATE_AJCC8_FROM_AJCC7_REVIEW_REQUIRED_v1.7: no AJCC8 stage-grouping rule rows were extractable from the uploaded AJCC8 PDF for this site; copied from AJCC7 to avoid blank result pending cancer committee validation.
Soft Tissue Sarcoma of the Trunk and Extremities,AJCC8,any,Any,Any,M1,Any,Any,IV,source_page=313; extract_method=stage_first; extra_factors/raw_extra=Any G | IV | Any T Any N | M1 | Any G | provenance=auto_extracted_from_uploaded_manuals_v1_0 | crosswalk_v1.3 source_site=Soft Tissue Sarcoma -> tool_site=Soft Tissue Sarcoma of the Trunk and Extremities; AJCC7 has one broader Soft Tissue Sarcoma chapter; AJCC8 splits by anatomic site. | SURROGATE_AJCC8_FROM_AJCC7_REVIEW_REQUIRED_v1.7: no AJCC8 stage-grouping rule rows were extractable from the uploaded AJCC8 PDF for this site; copied from AJCC7 to avoid blank result pending cancer committee validation.
Soft Tissue Sarcoma – Unusual Histologies and Sites,AJCC8,any,T1a,N0,M0,Any,Any,IIA,"source_page=313; extract_method=stage_first; extra_factors/raw_extra=G2, G3 | IIA | T1a | N0 | M0 | G2, G3 | provenance=auto_extracted_from_uploaded_manuals_v1_0 | crosswalk_v1.3 source_site=Soft Tissue Sarcoma -> tool_site=Soft Tissue Sarcoma – Unusual Histologies and Sites; AJCC7 has one broader Soft Tissue Sarcoma chapter; AJCC8 splits by anatomic site. | SURROGATE_AJCC8_FROM_AJCC7_REVIEW_REQUIRED_v1.7: no AJCC8 stage-grouping rule rows were extractable from the uploaded AJCC8 PDF for this site; copied from AJCC7 to avoid blank result pending cancer committee validation."
Soft Tissue Sarcoma – Unusual Histologies and Sites,AJCC8,any,T1b,N0,M0,Any,Any,IIA,"source_page=313; extract_method=stage_carried; extra_factors/raw_extra=G2, G3 | T1b | N0 | M0 | G2, G3 | provenance=auto_extracted_from_uploaded_manuals_v1_0 | crosswalk_v1.3 source_site=Soft Tissue Sarcoma -> tool_site=Soft Tissue Sarcoma – Unusual Histologies and Sites; AJCC7 has one broader Soft Tissue Sarcoma chapter; AJCC8 splits by anatomic site. | SURROGATE_AJCC8_FROM_AJCC7_REVIEW_REQUIRED_v1.7: no AJCC8 stage-grouping rule rows were extractable from the uploaded AJCC8 PDF for this site; copied from AJCC7 to avoid blank result pending cancer committee validation."
Soft Tissue Sarcoma – Unusual Histologies and Sites,AJCC8,any,T2a,N0,M0,Any,Any,IIB,source_page=313; extract_method=stage_first; extra_factors/raw_extra=G2 | IIB | T2a | N0 | M0 | G2 | provenance=auto_extracted_from_uploaded_manuals_v1_0 | crosswalk_v1.3 source_site=Soft Tissue Sarcoma -> tool_site=Soft Tissue Sarcoma – Unusual Histologies and Sites; AJCC7 has one broader Soft Tissue Sarcoma chapter; AJCC8 splits by anatomic site. | SURROGATE_AJCC8_FROM_AJCC7_REVIEW_REQUIRED_v1.7: no AJCC8 stage-grouping rule rows were extractable from the uploaded AJCC8 PDF for this site; copied from AJCC7 to avoid blank result pending cancer committee validation.
Vagina,AJCC8,any,T4,Any,M0,Any,Any,IVA,source_page=403; extract_method=stage_first; duplicate_source_page=407 | provenance=auto_extracted_from_uploaded_manuals_v1_0 | crosswalk_v1.3 source_site=Vagina -> tool_site=Vagina | SURROGATE_AJCC8_FROM_AJCC7_REVIEW_REQUIRED_v1.7: no AJCC8 stage-grouping rule rows were extractable from the uploaded AJCC8 PDF for this site; copied from AJCC7 to avoid blank result pending cancer committee validation.
Melanoma of the Skin,AJCC8,any,T1|T2|T3|T4a,N2b,M0,Any,Any,IIIB,source_page=342; extract_method=stage_carried | provenance=auto_extracted_from_uploaded_manuals_v1_0 | crosswalk_v1.3 source_site=Melanoma of the Skin -> tool_site=Melanoma of the Skin | SURROGATE_AJCC8_FROM_AJCC7_REVIEW_REQUIRED_v1.7: no AJCC8 stage-grouping rule rows were extractable from the uploaded AJCC8 PDF for this site; copied from AJCC7 to avoid blank result pending cancer committee validation.
Vagina,AJCC8,any,T3,N0,M0,Any,Any,III,"source_page=403; extract_method=stage_carried; extra_factors/raw_extra=8940-8950, 8980-8981; duplicate_source_page=407 | provenance=auto_extracted_from_uploaded_manuals_v1_0 | crosswalk_v1.3 source_site=Vagina -> tool_site=Vagina | SURROGATE_AJCC8_FROM_AJCC7_REVIEW_REQUIRED_v1.7: no AJCC8 stage-grouping rule rows were extractable from the uploaded AJCC8 PDF for this site; copied from AJCC7 to avoid blank result pending cancer committee validation."
Vagina,AJCC8,any,T1-T3,N1,M0,Any,Any,III,"source_page=403; extract_method=stage_first; extra_factors/raw_extra=8000-8576, 8800-8801,; duplicate_source_page=407 | provenance=auto_extracted_from_uploaded_manuals_v1_0 | crosswalk_v1.3 source_site=Vagina -> tool_site=Vagina | SURROGATE_AJCC8_FROM_AJCC7_REVIEW_REQUIRED_v1.7: no AJCC8 stage-grouping rule rows were extractable from the uploaded AJCC8 PDF for this site; copied from AJCC7 to avoid blank result pending cancer committee validation."
Vagina,AJCC8,any,T2,N0,M0,Any,Any,II,source_page=403; extract_method=stage_first; extra_factors/raw_extra=CODE RANGES; duplicate_source_page=407 | provenance=auto_extracted_from_uploaded_manuals_v1_0 | crosswalk_v1.3 source_site=Vagina -> tool_site=Vagina | SURROGATE_AJCC8_FROM_AJCC7_REVIEW_REQUIRED_v1.7: no AJCC8 stage-grouping rule rows were extractable from the uploaded AJCC8 PDF for this site; copied from AJCC7 to avoid blank result pending cancer committee validation.
Vagina,AJCC8,any,T1,N0,M0,Any,Any,I,source_page=403; extract_method=stage_first; duplicate_source_page=404; duplicate_source_page=407 | provenance=auto_extracted_from_uploaded_manuals_v1_0 | crosswalk_v1.3 source_site=Vagina -> tool_site=Vagina | SURROGATE_AJCC8_FROM_AJCC7_REVIEW_REQUIRED_v1.7: no AJCC8 stage-grouping rule rows were extractable from the uploaded AJCC8 PDF for this site; copied from AJCC7 to avoid blank result pending cancer committee validation.
Vagina,AJCC8,any,Tis,N0,M0,Any,Any,0,"source_page=403; extract_method=stage_first; extra_factors/raw_extra=C52.9 Vagina, NOS; duplicate_source_page=407 | provenance=auto_extracted_from_uploaded_manuals_v1_0 | crosswalk_v1.3 source_site=Vagina -> tool_site=Vagina | SURROGATE_AJCC8_FROM_AJCC7_REVIEW_REQUIRED_v1.7: no AJCC8 stage-grouping rule rows were extractable from the uploaded AJCC8 PDF for this site; copied from AJCC7 to avoid blank result pending cancer committee validation."
Testis,AJCC8,any,AnypT|Tx,Any,M1b,Any,Any,IIIC,source_page=485; extract_method=stage_carried; extra_factors/raw_extra=Any S; duplicate_source_page=492 | provenance=auto_extracted_from_uploaded_manuals_v1_0 | crosswalk_v1.3 source_site=Testis -> tool_site=Testis | SURROGATE_AJCC8_FROM_AJCC7_REVIEW_REQUIRED_v1.7: no AJCC8 stage-grouping rule rows were extractable from the uploaded AJCC8 PDF for this site; copied from AJCC7 to avoid blank result pending cancer committee validation.
Testis,AJCC8,any,AnypT|Tx,Any,M1a,Any,Any,IIIC,source_page=485; extract_method=stage_carried; extra_factors/raw_extra=S3; duplicate_source_page=492 | provenance=auto_extracted_from_uploaded_manuals_v1_0 | crosswalk_v1.3 source_site=Testis -> tool_site=Testis | SURROGATE_AJCC8_FROM_AJCC7_REVIEW_REQUIRED_v1.7: no AJCC8 stage-grouping rule rows were extractable from the uploaded AJCC8 PDF for this site; copied from AJCC7 to avoid blank result pending cancer committee validation.
Testis,AJCC8,any,AnypT|Tx,N1|N2|N3,M0,Any,Any,IIIC,source_page=485; extract_method=stage_first; extra_factors/raw_extra=S3; duplicate_source_page=492 | provenance=auto_extracted_from_uploaded_manuals_v1_0 | crosswalk_v1.3 source_site=Testis -> tool_site=Testis | SURROGATE_AJCC8_FROM_AJCC7_REVIEW_REQUIRED_v1.7: no AJCC8 stage-grouping rule rows were extractable from the uploaded AJCC8 PDF for this site; copied from AJCC7 to avoid blank result pending cancer committee validation.
Testis,AJCC8,any,AnypT|Tx,Any,M1a,Any,Any,IIIB,source_page=485; extract_method=stage_carried; extra_factors/raw_extra=S2; duplicate_source_page=492 | provenance=auto_extracted_from_uploaded_manuals_v1_0 | crosswalk_v1.3 source_site=Testis -> tool_site=Testis | SURROGATE_AJCC8_FROM_AJCC7_REVIEW_REQUIRED_v1.7: no AJCC8 stage-grouping rule rows were extractable from the uploaded AJCC8 PDF for this site; copied from AJCC7 to avoid blank result pending cancer committee validation.
Testis,AJCC8,any,AnypT|Tx,N1|N2|N3,M0,Any,Any,IIIB,source_page=485; extract_method=stage_first; extra_factors/raw_extra=S2; duplicate_source_page=492 | provenance=auto_extracted_from_uploaded_manuals_v1_0 | crosswalk_v1.3 source_site=Testis -> tool_site=Testis | SURROGATE_AJCC8_FROM_AJCC7_REVIEW_REQUIRED_v1.7: no AJCC8 stage-grouping rule rows were extractable from the uploaded AJCC8 PDF for this site; copied from AJCC7 to avoid blank result pending cancer committee validation.
Testis,AJCC8,any,AnypT|Tx,Any,M1a,Any,Any,IIIA,source_page=485; extract_method=stage_first; extra_factors/raw_extra=S0; duplicate_source_page=485; duplicate_source_page=492; duplicate_source_page=492 | provenance=auto_extracted_from_uploaded_manuals_v1_0 | crosswalk_v1.3 source_site=Testis -> tool_site=Testis | SURROGATE_AJCC8_FROM_AJCC7_REVIEW_REQUIRED_v1.7: no AJCC8 stage-grouping rule rows were extractable from the uploaded AJCC8 PDF for this site; copied from AJCC7 to avoid blank result pending cancer committee validation.
Testis,AJCC8,any,AnypT|Tx,Any,M1,Any,Any,III,source_page=485; extract_method=stage_first; extra_factors/raw_extra=SX; duplicate_source_page=492 | provenance=auto_extracted_from_uploaded_manuals_v1_0 | crosswalk_v1.3 source_site=Testis -> tool_site=Testis | SURROGATE_AJCC8_FROM_AJCC7_REVIEW_REQUIRED_v1.7: no AJCC8 stage-grouping rule rows were extractable from the uploaded AJCC8 PDF for this site; copied from AJCC7 to avoid blank result pending cancer committee validation.
Testis,AJCC8,any,AnypT|Tx,N3,M0,Any,Any,IIC,source_page=485; extract_method=stage_first; extra_factors/raw_extra=S0; duplicate_source_page=485; duplicate_source_page=492; duplicate_source_page=492 | provenance=auto_extracted_from_uploaded_manuals_v1_0 | crosswalk_v1.3 source_site=Testis -> tool_site=Testis | SURROGATE_AJCC8_FROM_AJCC7_REVIEW_REQUIRED_v1.7: no AJCC8 stage-grouping rule rows were extractable from the uploaded AJCC8 PDF for this site; copied from AJCC7 to avoid blank result pending cancer committee validation.
Testis,AJCC8,any,AnypT|Tx,N2,M0,Any,Any,IIB,source_page=485; extract_method=stage_first; extra_factors/raw_extra=S0; duplicate_source_page=485; duplicate_source_page=492; duplicate_source_page=492 | provenance=auto_extracted_from_uploaded_manuals_v1_0 | crosswalk_v1.3 source_site=Testis -> tool_site=Testis | SURROGATE_AJCC8_FROM_AJCC7_REVIEW_REQUIRED_v1.7: no AJCC8 stage-grouping rule rows were extractable from the uploaded AJCC8 PDF for this site; copied from AJCC7 to avoid blank result pending cancer committee validation.
Testis,AJCC8,any,AnypT|Tx,N1,M0,Any,Any,IIA,source_page=485; extract_method=stage_first; extra_factors/raw_extra=S0; duplicate_source_page=485; duplicate_source_page=492; duplicate_source_page=492 | provenance=auto_extracted_from_uploaded_manuals_v1_0 | crosswalk_v1.3 source_site=Testis -> tool_site=Testis | SURROGATE_AJCC8_FROM_AJCC7_REVIEW_REQUIRED_v1.7: no AJCC8 stage-grouping rule rows were extractable from the uploaded AJCC8 PDF for this site; copied from AJCC7 to avoid blank result pending cancer committee validation.
Testis,AJCC8,any,AnypT|Tx,N1|N2|N3,M0,Any,Any,II,source_page=485; extract_method=stage_first; extra_factors/raw_extra=SX; duplicate_source_page=488; duplicate_source_page=492 | provenance=auto_extracted_from_uploaded_manuals_v1_0 | crosswalk_v1.3 source_site=Testis -> tool_site=Testis | SURROGATE_AJCC8_FROM_AJCC7_REVIEW_REQUIRED_v1.7: no AJCC8 stage-grouping rule rows were extractable from the uploaded AJCC8 PDF for this site; copied from AJCC7 to avoid blank result pending cancer committee validation.
Testis,AJCC8,any,T4,N0,M0,Any,Any,IB,source_page=485; extract_method=stage_carried; extra_factors/raw_extra=S0; duplicate_source_page=488; duplicate_source_page=492 | provenance=auto_extracted_from_uploaded_manuals_v1_0 | crosswalk_v1.3 source_site=Testis -> tool_site=Testis | SURROGATE_AJCC8_FROM_AJCC7_REVIEW_REQUIRED_v1.7: no AJCC8 stage-grouping rule rows were extractable from the uploaded AJCC8 PDF for this site; copied from AJCC7 to avoid blank result pending cancer committee validation.
Testis,AJCC8,any,T3,N0,M0,Any,Any,IB,source_page=485; extract_method=stage_carried; extra_factors/raw_extra=S0; duplicate_source_page=488; duplicate_source_page=492 | provenance=auto_extracted_from_uploaded_manuals_v1_0 | crosswalk_v1.3 source_site=Testis -> tool_site=Testis | SURROGATE_AJCC8_FROM_AJCC7_REVIEW_REQUIRED_v1.7: no AJCC8 stage-grouping rule rows were extractable from the uploaded AJCC8 PDF for this site; copied from AJCC7 to avoid blank result pending cancer committee validation.
Testis,AJCC8,any,T2,N0,M0,Any,Any,IB,"source_page=485; extract_method=stage_first; extra_factors/raw_extra=S0 | 9060-9090, 9100-9105; duplicate_source_page=488; duplicate_source_page=492 | provenance=auto_extracted_from_uploaded_manuals_v1_0 | crosswalk_v1.3 source_site=Testis -> tool_site=Testis | SURROGATE_AJCC8_FROM_AJCC7_REVIEW_REQUIRED_v1.7: no AJCC8 stage-grouping rule rows were extractable from the uploaded AJCC8 PDF for this site; copied from AJCC7 to avoid blank result pending cancer committee validation."
Testis,AJCC8,any,T1,N0,M0,Any,Any,IA,"source_page=485; extract_method=stage_first; extra_factors/raw_extra=S0 | 8000-8576, 8590-8670,; duplicate_source_page=488; duplicate_source_page=492 | provenance=auto_extracted_from_uploaded_manuals_v1_0 | crosswalk_v1.3 source_site=Testis -> tool_site=Testis | SURROGATE_AJCC8_FROM_AJCC7_REVIEW_REQUIRED_v1.7: no AJCC8 stage-grouping rule rows were extractable from the uploaded AJCC8 PDF for this site; copied from AJCC7 to avoid blank result pending cancer committee validation."
Testis,AJCC8,any,T1|T2|T3|T4,N0,M0,Any,Any,I,source_page=485; extract_method=stage_first; extra_factors/raw_extra=SX | CODE RANGES; duplicate_source_page=488; duplicate_source_page=492 | provenance=auto_extracted_from_uploaded_manuals_v1_0 | crosswalk_v1.3 source_site=Testis -> tool_site=Testis | SURROGATE_AJCC8_FROM_AJCC7_REVIEW_REQUIRED_v1.7: no AJCC8 stage-grouping rule rows were extractable from the uploaded AJCC8 PDF for this site; copied from AJCC7 to avoid blank result pending cancer committee validation.
Testis,AJCC8,any,Tis,N0,M0,Any,Any,0,source_page=485; extract_method=stage_first; extra_factors/raw_extra=S0; duplicate_source_page=488; duplicate_source_page=492 | provenance=auto_extracted_from_uploaded_manuals_v1_0 | crosswalk_v1.3 source_site=Testis -> tool_site=Testis | SURROGATE_AJCC8_FROM_AJCC7_REVIEW_REQUIRED_v1.7: no AJCC8 stage-grouping rule rows were extractable from the uploaded AJCC8 PDF for this site; copied from AJCC7 to avoid blank result pending cancer committee validation.
Soft Tissue Sarcoma – Unusual Histologies and Sites,AJCC8,any,Any,Any,M1,Any,Any,IV,source_page=313; extract_method=stage_first; extra_factors/raw_extra=Any G | IV | Any T Any N | M1 | Any G | provenance=auto_extracted_from_uploaded_manuals_v1_0 | crosswalk_v1.3 source_site=Soft Tissue Sarcoma -> tool_site=Soft Tissue Sarcoma – Unusual Histologies and Sites; AJCC7 has one broader Soft Tissue Sarcoma chapter; AJCC8 splits by anatomic site. | SURROGATE_AJCC8_FROM_AJCC7_REVIEW_REQUIRED_v1.7: no AJCC8 stage-grouping rule rows were extractable from the uploaded AJCC8 PDF for this site; copied from AJCC7 to avoid blank result pending cancer committee validation.
Soft Tissue Sarcoma – Unusual Histologies and Sites,AJCC8,any,Any,N1,M0,Any,Any,IIB,source_page=313; extract_method=stage_carried; extra_factors/raw_extra=Any G | Any T N1 | M0 | Any G | provenance=auto_extracted_from_uploaded_manuals_v1_0 | crosswalk_v1.3 source_site=Soft Tissue Sarcoma -> tool_site=Soft Tissue Sarcoma – Unusual Histologies and Sites; AJCC7 has one broader Soft Tissue Sarcoma chapter; AJCC8 splits by anatomic site. | SURROGATE_AJCC8_FROM_AJCC7_REVIEW_REQUIRED_v1.7: no AJCC8 stage-grouping rule rows were extractable from the uploaded AJCC8 PDF for this site; copied from AJCC7 to avoid blank result pending cancer committee validation.
Soft Tissue Sarcoma – Unusual Histologies and Sites,AJCC8,any,T2b,N0,M0,Any,Any,IIB,source_page=313; extract_method=stage_carried; extra_factors/raw_extra=G2 | T2b | N0 | M0 | G2 | provenance=auto_extracted_from_uploaded_manuals_v1_0 | crosswalk_v1.3 source_site=Soft Tissue Sarcoma -> tool_site=Soft Tissue Sarcoma – Unusual Histologies and Sites; AJCC7 has one broader Soft Tissue Sarcoma chapter; AJCC8 splits by anatomic site. | SURROGATE_AJCC8_FROM_AJCC7_REVIEW_REQUIRED_v1.7: no AJCC8 stage-grouping rule rows were extractable from the uploaded AJCC8 PDF for this site; copied from AJCC7 to avoid blank result pending cancer committee validation.
Soft Tissue Sarcoma of the Trunk and Extremities,AJCC8,yp,T2b,N0,M0,Any,Any,IIB,"source_page=307; extract_method=stage_carried; extra_factors/raw_extra=G2 | num, and pleura; duplicate_source_page=311 | provenance=auto_extracted_from_uploaded_manuals_v1_0 | crosswalk_v1.3 source_site=Soft Tissue Sarcoma -> tool_site=Soft Tissue Sarcoma of the Trunk and Extremities; AJCC7 has one broader Soft Tissue Sarcoma chapter; AJCC8 splits by anatomic site. | SURROGATE_AJCC8_FROM_AJCC7_REVIEW_REQUIRED_v1.7: no AJCC8 stage-grouping rule rows were extractable from the uploaded AJCC8 PDF for this site; copied from AJCC7 to avoid blank result pending cancer committee validation."
Soft Tissue Sarcoma of the Trunk and Extremities,AJCC8,yp,T2a,N0,M0,Any,Any,IIB,"source_page=307; extract_method=stage_first; extra_factors/raw_extra=G2 | of heart, mediasti-; duplicate_source_page=311 | provenance=auto_extracted_from_uploaded_manuals_v1_0 | crosswalk_v1.3 source_site=Soft Tissue Sarcoma -> tool_site=Soft Tissue Sarcoma of the Trunk and Extremities; AJCC7 has one broader Soft Tissue Sarcoma chapter; AJCC8 splits by anatomic site. | SURROGATE_AJCC8_FROM_AJCC7_REVIEW_REQUIRED_v1.7: no AJCC8 stage-grouping rule rows were extractable from the uploaded AJCC8 PDF for this site; copied from AJCC7 to avoid blank result pending cancer committee validation."
Soft Tissue Sarcoma of the Trunk and Extremities,AJCC8,yp,T1b,N0,M0,Any,Any,IIA,"source_page=307; extract_method=stage_carried; extra_factors/raw_extra=G2, G3 | C38.8 Overlapping lesion; duplicate_source_page=311 | provenance=auto_extracted_from_uploaded_manuals_v1_0 | crosswalk_v1.3 source_site=Soft Tissue Sarcoma -> tool_site=Soft Tissue Sarcoma of the Trunk and Extremities; AJCC7 has one broader Soft Tissue Sarcoma chapter; AJCC8 splits by anatomic site. | SURROGATE_AJCC8_FROM_AJCC7_REVIEW_REQUIRED_v1.7: no AJCC8 stage-grouping rule rows were extractable from the uploaded AJCC8 PDF for this site; copied from AJCC7 to avoid blank result pending cancer committee validation."
Soft Tissue Sarcoma of the Trunk and Extremities,AJCC8,yp,T1a,N0,M0,Any,Any,IIA,"source_page=307; extract_method=stage_first; extra_factors/raw_extra=G2, G3 | C38.3 Mediastinum, NOS; duplicate_source_page=311 | provenance=auto_extracted_from_uploaded_manuals_v1_0 | crosswalk_v1.3 source_site=Soft Tissue Sarcoma -> tool_site=Soft Tissue Sarcoma of the Trunk and Extremities; AJCC7 has one broader Soft Tissue Sarcoma chapter; AJCC8 splits by anatomic site. | SURROGATE_AJCC8_FROM_AJCC7_REVIEW_REQUIRED_v1.7: no AJCC8 stage-grouping rule rows were extractable from the uploaded AJCC8 PDF for this site; copied from AJCC7 to avoid blank result pending cancer committee validation."
Soft Tissue Sarcoma of the Head and Neck,AJCC8,any,T2b,N0,M0,Any,Any,IB,"source_page=313; extract_method=stage_carried; extra_factors/raw_extra=G1, GX | T2b | N0 | M0 | G1, GX | provenance=auto_extracted_from_uploaded_manuals_v1_0 | crosswalk_v1.3 source_site=Soft Tissue Sarcoma -> tool_site=Soft Tissue Sarcoma of the Head and Neck; AJCC7 has one broader Soft Tissue Sarcoma chapter; AJCC8 splits by anatomic site. | SURROGATE_AJCC8_FROM_AJCC7_REVIEW_REQUIRED_v1.7: no AJCC8 stage-grouping rule rows were extractable from the uploaded AJCC8 PDF for this site; copied from AJCC7 to avoid blank result pending cancer committee validation."
Soft Tissue Sarcoma of the Head and Neck,AJCC8,any,T2a,N0,M0,Any,Any,IB,"source_page=313; extract_method=stage_first; extra_factors/raw_extra=G1, GX | IB | T2a | N0 | M0 | G1, GX | provenance=auto_extracted_from_uploaded_manuals_v1_0 | crosswalk_v1.3 source_site=Soft Tissue Sarcoma -> tool_site=Soft Tissue Sarcoma of the Head and Neck; AJCC7 has one broader Soft Tissue Sarcoma chapter; AJCC8 splits by anatomic site. | SURROGATE_AJCC8_FROM_AJCC7_REVIEW_REQUIRED_v1.7: no AJCC8 stage-grouping rule rows were extractable from the uploaded AJCC8 PDF for this site; copied from AJCC7 to avoid blank result pending cancer committee validation."
Soft Tissue Sarcoma of the Head and Neck,AJCC8,any,T1b,N0,M0,Any,Any,IA,"source_page=313; extract_method=stage_carried; extra_factors/raw_extra=G1, GX | T1b | N0 | M0 | G1, GX | provenance=auto_extracted_from_uploaded_manuals_v1_0 | crosswalk_v1.3 source_site=Soft Tissue Sarcoma -> tool_site=Soft Tissue Sarcoma of the Head and Neck; AJCC7 has one broader Soft Tissue Sarcoma chapter; AJCC8 splits by anatomic site. | SURROGATE_AJCC8_FROM_AJCC7_REVIEW_REQUIRED_v1.7: no AJCC8 stage-grouping rule rows were extractable from the uploaded AJCC8 PDF for this site; copied from AJCC7 to avoid blank result pending cancer committee validation."
Soft Tissue Sarcoma of the Head and Neck,AJCC8,any,T1a,N0,M0,Any,Any,IA,"source_page=313; extract_method=stage_first; extra_factors/raw_extra=G1, GX | IA | T1a | N0 | M0 | G1, GX | provenance=auto_extracted_from_uploaded_manuals_v1_0 | crosswalk_v1.3 source_site=Soft Tissue Sarcoma -> tool_site=Soft Tissue Sarcoma of the Head and Neck; AJCC7 has one broader Soft Tissue Sarcoma chapter; AJCC8 splits by anatomic site. | SURROGATE_AJCC8_FROM_AJCC7_REVIEW_REQUIRED_v1.7: no AJCC8 stage-grouping rule rows were extractable from the uploaded AJCC8 PDF for this site; copied from AJCC7 to avoid blank result pending cancer committee validation."
Soft Tissue Sarcoma of the Head and Neck,AJCC8,yp,Any,Any,M1,Any,Any,IV,"source_page=307; extract_method=stage_first; extra_factors/raw_extra=Any G | head, face, and neck; duplicate_source_page=311 | provenance=auto_extracted_from_uploaded_manuals_v1_0 | crosswalk_v1.3 source_site=Soft Tissue Sarcoma -> tool_site=Soft Tissue Sarcoma of the Head and Neck; AJCC7 has one broader Soft Tissue Sarcoma chapter; AJCC8 splits by anatomic site. | SURROGATE_AJCC8_FROM_AJCC7_REVIEW_REQUIRED_v1.7: no AJCC8 stage-grouping rule rows were extractable from the uploaded AJCC8 PDF for this site; copied from AJCC7 to avoid blank result pending cancer committee validation."
Soft Tissue Sarcoma of the Head and Neck,AJCC8,yp,Any,N1,M0,Any,Any,III,source_page=307; extract_method=stage_carried; extra_factors/raw_extra=Any G | nervous system of; duplicate_source_page=311 | provenance=auto_extracted_from_uploaded_manuals_v1_0 | crosswalk_v1.3 source_site=Soft Tissue Sarcoma -> tool_site=Soft Tissue Sarcoma of the Head and Neck; AJCC7 has one broader Soft Tissue Sarcoma chapter; AJCC8 splits by anatomic site. | SURROGATE_AJCC8_FROM_AJCC7_REVIEW_REQUIRED_v1.7: no AJCC8 stage-grouping rule rows were extractable from the uploaded AJCC8 PDF for this site; copied from AJCC7 to avoid blank result pending cancer committee validation.
Soft Tissue Sarcoma of the Head and Neck,AJCC8,yp,T2a|T2b,N0,M0,Any,Any,III,source_page=307; extract_method=stage_first; extra_factors/raw_extra=G3 | and autonomic; duplicate_source_page=311 | provenance=auto_extracted_from_uploaded_manuals_v1_0 | crosswalk_v1.3 source_site=Soft Tissue Sarcoma -> tool_site=Soft Tissue Sarcoma of the Head and Neck; AJCC7 has one broader Soft Tissue Sarcoma chapter; AJCC8 splits by anatomic site. | SURROGATE_AJCC8_FROM_AJCC7_REVIEW_REQUIRED_v1.7: no AJCC8 stage-grouping rule rows were extractable from the uploaded AJCC8 PDF for this site; copied from AJCC7 to avoid blank result pending cancer committee validation.
Soft Tissue Sarcoma of the Head and Neck,AJCC8,yp,T2b,N0,M0,Any,Any,IIB,"source_page=307; extract_method=stage_carried; extra_factors/raw_extra=G2 | num, and pleura; duplicate_source_page=311 | provenance=auto_extracted_from_uploaded_manuals_v1_0 | crosswalk_v1.3 source_site=Soft Tissue Sarcoma -> tool_site=Soft Tissue Sarcoma of the Head and Neck; AJCC7 has one broader Soft Tissue Sarcoma chapter; AJCC8 splits by anatomic site. | SURROGATE_AJCC8_FROM_AJCC7_REVIEW_REQUIRED_v1.7: no AJCC8 stage-grouping rule rows were extractable from the uploaded AJCC8 PDF for this site; copied from AJCC7 to avoid blank result pending cancer committee validation."
Soft Tissue Sarcoma of the Head and Neck,AJCC8,yp,T2a,N0,M0,Any,Any,IIB,"source_page=307; extract_method=stage_first; extra_factors/raw_extra=G2 | of heart, mediasti-; duplicate_source_page=311 | provenance=auto_extracted_from_uploaded_manuals_v1_0 | crosswalk_v1.3 source_site=Soft Tissue Sarcoma -> tool_site=Soft Tissue Sarcoma of the Head and Neck; AJCC7 has one broader Soft Tissue Sarcoma chapter; AJCC8 splits by anatomic site. | SURROGATE_AJCC8_FROM_AJCC7_REVIEW_REQUIRED_v1.7: no AJCC8 stage-grouping rule rows were extractable from the uploaded AJCC8 PDF for this site; copied from AJCC7 to avoid blank result pending cancer committee validation."
Soft Tissue Sarcoma of the Head and Neck,AJCC8,yp,T1b,N0,M0,Any,Any,IIA,"source_page=307; extract_method=stage_carried; extra_factors/raw_extra=G2, G3 | C38.8 Overlapping lesion; duplicate_source_page=311 | provenance=auto_extracted_from_uploaded_manuals_v1_0 | crosswalk_v1.3 source_site=Soft Tissue Sarcoma -> tool_site=Soft Tissue Sarcoma of the Head and Neck; AJCC7 has one broader Soft Tissue Sarcoma chapter; AJCC8 splits by anatomic site. | SURROGATE_AJCC8_FROM_AJCC7_REVIEW_REQUIRED_v1.7: no AJCC8 stage-grouping rule rows were extractable from the uploaded AJCC8 PDF for this site; copied from AJCC7 to avoid blank result pending cancer committee validation."
Soft Tissue Sarcoma of the Head and Neck,AJCC8,yp,T1a,N0,M0,Any,Any,IIA,"source_page=307; extract_method=stage_first; extra_factors/raw_extra=G2, G3 | C38.3 Mediastinum, NOS; duplicate_source_page=311 | provenance=auto_extracted_from_uploaded_manuals_v1_0 | crosswalk_v1.3 source_site=Soft Tissue Sarcoma -> tool_site=Soft Tissue Sarcoma of the Head and Neck; AJCC7 has one broader Soft Tissue Sarcoma chapter; AJCC8 splits by anatomic site. | SURROGATE_AJCC8_FROM_AJCC7_REVIEW_REQUIRED_v1.7: no AJCC8 stage-grouping rule rows were extractable from the uploaded AJCC8 PDF for this site; copied from AJCC7 to avoid blank result pending cancer committee validation."
Soft Tissue Sarcoma of the Head and Neck,AJCC8,yp,T2b,N0,M0,Any,Any,IB,"source_page=307; extract_method=stage_carried; extra_factors/raw_extra=G1, GX | C38.2 Posterior; duplicate_source_page=311 | provenance=auto_extracted_from_uploaded_manuals_v1_0 | crosswalk_v1.3 source_site=Soft Tissue Sarcoma -> tool_site=Soft Tissue Sarcoma of the Head and Neck; AJCC7 has one broader Soft Tissue Sarcoma chapter; AJCC8 splits by anatomic site. | SURROGATE_AJCC8_FROM_AJCC7_REVIEW_REQUIRED_v1.7: no AJCC8 stage-grouping rule rows were extractable from the uploaded AJCC8 PDF for this site; copied from AJCC7 to avoid blank result pending cancer committee validation."
Soft Tissue Sarcoma of the Head and Neck,AJCC8,yp,T2a,N0,M0,Any,Any,IB,"source_page=307; extract_method=stage_first; extra_factors/raw_extra=G1, GX | mediastinum; duplicate_source_page=311 | provenance=auto_extracted_from_uploaded_manuals_v1_0 | crosswalk_v1.3 source_site=Soft Tissue Sarcoma -> tool_site=Soft Tissue Sarcoma of the Head and Neck; AJCC7 has one broader Soft Tissue Sarcoma chapter; AJCC8 splits by anatomic site. | SURROGATE_AJCC8_FROM_AJCC7_REVIEW_REQUIRED_v1.7: no AJCC8 stage-grouping rule rows were extractable from the uploaded AJCC8 PDF for this site; copied from AJCC7 to avoid blank result pending cancer committee validation."
Soft Tissue Sarcoma of the Head and Neck,AJCC8,yp,T1b,N0,M0,Any,Any,IA,"source_page=307; extract_method=stage_carried; extra_factors/raw_extra=G1, GX | C38.1 Anterior; duplicate_source_page=311 | provenance=auto_extracted_from_uploaded_manuals_v1_0 | crosswalk_v1.3 source_site=Soft Tissue Sarcoma -> tool_site=Soft Tissue Sarcoma of the Head and Neck; AJCC7 has one broader Soft Tissue Sarcoma chapter; AJCC8 splits by anatomic site. | SURROGATE_AJCC8_FROM_AJCC7_REVIEW_REQUIRED_v1.7: no AJCC8 stage-grouping rule rows were extractable from the uploaded AJCC8 PDF for this site; copied from AJCC7 to avoid blank result pending cancer committee validation."
Soft Tissue Sarcoma of the Head and Neck,AJCC8,yp,T1a,N0,M0,Any,Any,IA,"source_page=307; extract_method=stage_first; extra_factors/raw_extra=G1, GX | C38.0 Heart; duplicate_source_page=311 | provenance=auto_extracted_from_uploaded_manuals_v1_0 | crosswalk_v1.3 source_site=Soft Tissue Sarcoma -> tool_site=Soft Tissue Sarcoma of the Head and Neck; AJCC7 has one broader Soft Tissue Sarcoma chapter; AJCC8 splits by anatomic site. | SURROGATE_AJCC8_FROM_AJCC7_REVIEW_REQUIRED_v1.7: no AJCC8 stage-grouping rule rows were extractable from the uploaded AJCC8 PDF for this site; copied from AJCC7 to avoid blank result pending cancer committee validation."
Soft Tissue Sarcoma of the Abdomen and Thoracic Visceral Organs,AJCC8,any,Any,Any,M1,Any,Any,IV,source_page=313; extract_method=stage_first; extra_factors/raw_extra=Any G | IV | Any T Any N | M1 | Any G | provenance=auto_extracted_from_uploaded_manuals_v1_0 | crosswalk_v1.3 source_site=Soft Tissue Sarcoma -> tool_site=Soft Tissue Sarcoma of the Abdomen and Thoracic Visceral Organs; AJCC7 has one broader Soft Tissue Sarcoma chapter; AJCC8 splits by anatomic site. | SURROGATE_AJCC8_FROM_AJCC7_REVIEW_REQUIRED_v1.7: no AJCC8 stage-grouping rule rows were extractable from the uploaded AJCC8 PDF for this site; copied from AJCC7 to avoid blank result pending cancer committee validation.
Soft Tissue Sarcoma of the Abdomen and Thoracic Visceral Organs,AJCC8,any,Any,N1,M0,Any,Any,IIB,source_page=313; extract_method=stage_carried; extra_factors/raw_extra=Any G | Any T N1 | M0 | Any G | provenance=auto_extracted_from_uploaded_manuals_v1_0 | crosswalk_v1.3 source_site=Soft Tissue Sarcoma -> tool_site=Soft Tissue Sarcoma of the Abdomen and Thoracic Visceral Organs; AJCC7 has one broader Soft Tissue Sarcoma chapter; AJCC8 splits by anatomic site. | SURROGATE_AJCC8_FROM_AJCC7_REVIEW_REQUIRED_v1.7: no AJCC8 stage-grouping rule rows were extractable from the uploaded AJCC8 PDF for this site; copied from AJCC7 to avoid blank result pending cancer committee validation.
Soft Tissue Sarcoma of the Abdomen and Thoracic Visceral Organs,AJCC8,any,T2b,N0,M0,Any,Any,IIB,source_page=313; extract_method=stage_carried; extra_factors/raw_extra=G2 | T2b | N0 | M0 | G2 | provenance=auto_extracted_from_uploaded_manuals_v1_0 | crosswalk_v1.3 source_site=Soft Tissue Sarcoma -> tool_site=Soft Tissue Sarcoma of the Abdomen and Thoracic Visceral Organs; AJCC7 has one broader Soft Tissue Sarcoma chapter; AJCC8 splits by anatomic site. | SURROGATE_AJCC8_FROM_AJCC7_REVIEW_REQUIRED_v1.7: no AJCC8 stage-grouping rule rows were extractable from the uploaded AJCC8 PDF for this site; copied from AJCC7 to avoid blank result pending cancer committee validation.
Soft Tissue Sarcoma of the Abdomen and Thoracic Visceral Organs,AJCC8,any,T2a,N0,M0,Any,Any,IIB,source_page=313; extract_method=stage_first; extra_factors/raw_extra=G2 | IIB | T2a | N0 | M0 | G2 | provenance=auto_extracted_from_uploaded_manuals_v1_0 | crosswalk_v1.3 source_site=Soft Tissue Sarcoma -> tool_site=Soft Tissue Sarcoma of the Abdomen and Thoracic Visceral Organs; AJCC7 has one broader Soft Tissue Sarcoma chapter; AJCC8 splits by anatomic site. | SURROGATE_AJCC8_FROM_AJCC7_REVIEW_REQUIRED_v1.7: no AJCC8 stage-grouping rule rows were extractable from the uploaded AJCC8 PDF for this site; copied from AJCC7 to avoid blank result pending cancer committee validation.
Soft Tissue Sarcoma of the Abdomen and Thoracic Visceral Organs,AJCC8,any,T1b,N0,M0,Any,Any,IIA,"source_page=313; extract_method=stage_carried; extra_factors/raw_extra=G2, G3 | T1b | N0 | M0 | G2, G3 | provenance=auto_extracted_from_uploaded_manuals_v1_0 | crosswalk_v1.3 source_site=Soft Tissue Sarcoma -> tool_site=Soft Tissue Sarcoma of the Abdomen and Thoracic Visceral Organs; AJCC7 has one broader Soft Tissue Sarcoma chapter; AJCC8 splits by anatomic site. | SURROGATE_AJCC8_FROM_AJCC7_REVIEW_REQUIRED_v1.7: no AJCC8 stage-grouping rule rows were extractable from the uploaded AJCC8 PDF for this site; copied from AJCC7 to avoid blank result pending cancer committee validation."
Soft Tissue Sarcoma of the Abdomen and Thoracic Visceral Organs,AJCC8,any,T1a,N0,M0,Any,Any,IIA,"source_page=313; extract_method=stage_first; extra_factors/raw_extra=G2, G3 | IIA | T1a | N0 | M0 | G2, G3 | provenance=auto_extracted_from_uploaded_manuals_v1_0 | crosswalk_v1.3 source_site=Soft Tissue Sarcoma -> tool_site=Soft Tissue Sarcoma of the Abdomen and Thoracic Visceral Organs; AJCC7 has one broader Soft Tissue Sarcoma chapter; AJCC8 splits by anatomic site. | SURROGATE_AJCC8_FROM_AJCC7_REVIEW_REQUIRED_v1.7: no AJCC8 stage-grouping rule rows were extractable from the uploaded AJCC8 PDF for this site; copied from AJCC7 to avoid blank result pending cancer committee validation."
Soft Tissue Sarcoma of the Abdomen and Thoracic Visceral Organs,AJCC8,any,T2b,N0,M0,Any,Any,IB,"source_page=313; extract_method=stage_carried; extra_factors/raw_extra=G1, GX | T2b | N0 | M0 | G1, GX | provenance=auto_extracted_from_uploaded_manuals_v1_0 | crosswalk_v1.3 source_site=Soft Tissue Sarcoma -> tool_site=Soft Tissue Sarcoma of the Abdomen and Thoracic Visceral Organs; AJCC7 has one broader Soft Tissue Sarcoma chapter; AJCC8 splits by anatomic site. | SURROGATE_AJCC8_FROM_AJCC7_REVIEW_REQUIRED_v1.7: no AJCC8 stage-grouping rule rows were extractable from the uploaded AJCC8 PDF for this site; copied from AJCC7 to avoid blank result pending cancer committee validation."
Soft Tissue Sarcoma of the Abdomen and Thoracic Visceral Organs,AJCC8,any,T2a,N0,M0,Any,Any,IB,"source_page=313; extract_method=stage_first; extra_factors/raw_extra=G1, GX | IB | T2a | N0 | M0 | G1, GX | provenance=auto_extracted_from_uploaded_manuals_v1_0 | crosswalk_v1.3 source_site=Soft Tissue Sarcoma -> tool_site=Soft Tissue Sarcoma of the Abdomen and Thoracic Visceral Organs; AJCC7 has one broader Soft Tissue Sarcoma chapter; AJCC8 splits by anatomic site. | SURROGATE_AJCC8_FROM_AJCC7_REVIEW_REQUIRED_v1.7: no AJCC8 stage-grouping rule rows were extractable from the uploaded AJCC8 PDF for this site; copied from AJCC7 to avoid blank result pending cancer committee validation."
Soft Tissue Sarcoma of the Abdomen and Thoracic Visceral Organs,AJCC8,any,T1b,N0,M0,Any,Any,IA,"source_page=313; extract_method=stage_carried; extra_factors/raw_extra=G1, GX | T1b | N0 | M0 | G1, GX | provenance=auto_extracted_from_uploaded_manuals_v1_0 | crosswalk_v1.3 source_site=Soft Tissue Sarcoma -> tool_site=Soft Tissue Sarcoma of the Abdomen and Thoracic Visceral Organs; AJCC7 has one broader Soft Tissue Sarcoma chapter; AJCC8 splits by anatomic site. | SURROGATE_AJCC8_FROM_AJCC7_REVIEW_REQUIRED_v1.7: no AJCC8 stage-grouping rule rows were extractable from the uploaded AJCC8 PDF for this site; copied from AJCC7 to avoid blank result pending cancer committee validation."
Soft Tissue Sarcoma of the Abdomen and Thoracic Visceral Organs,AJCC8,any,T1a,N0,M0,Any,Any,IA,"source_page=313; extract_method=stage_first; extra_factors/raw_extra=G1, GX | IA | T1a | N0 | M0 | G1, GX | provenance=auto_extracted_from_uploaded_manuals_v1_0 | crosswalk_v1.3 source_site=Soft Tissue Sarcoma -> tool_site=Soft Tissue Sarcoma of the Abdomen and Thoracic Visceral Organs; AJCC7 has one broader Soft Tissue Sarcoma chapter; AJCC8 splits by anatomic site. | SURROGATE_AJCC8_FROM_AJCC7_REVIEW_REQUIRED_v1.7: no AJCC8 stage-grouping rule rows were extractable from the uploaded AJCC8 PDF for this site; copied from AJCC7 to avoid blank result pending cancer committee validation."
Soft Tissue Sarcoma of the Abdomen and Thoracic Visceral Organs,AJCC8,yp,Any,Any,M1,Any,Any,IV,"source_page=307; extract_method=stage_first; extra_factors/raw_extra=Any G | head, face, and neck; duplicate_source_page=311 | provenance=auto_extracted_from_uploaded_manuals_v1_0 | crosswalk_v1.3 source_site=Soft Tissue Sarcoma -> tool_site=Soft Tissue Sarcoma of the Abdomen and Thoracic Visceral Organs; AJCC7 has one broader Soft Tissue Sarcoma chapter; AJCC8 splits by anatomic site. | SURROGATE_AJCC8_FROM_AJCC7_REVIEW_REQUIRED_v1.7: no AJCC8 stage-grouping rule rows were extractable from the uploaded AJCC8 PDF for this site; copied from AJCC7 to avoid blank result pending cancer committee validation."
Soft Tissue Sarcoma of the Abdomen and Thoracic Visceral Organs,AJCC8,yp,Any,N1,M0,Any,Any,III,source_page=307; extract_method=stage_carried; extra_factors/raw_extra=Any G | nervous system of; duplicate_source_page=311 | provenance=auto_extracted_from_uploaded_manuals_v1_0 | crosswalk_v1.3 source_site=Soft Tissue Sarcoma -> tool_site=Soft Tissue Sarcoma of the Abdomen and Thoracic Visceral Organs; AJCC7 has one broader Soft Tissue Sarcoma chapter; AJCC8 splits by anatomic site. | SURROGATE_AJCC8_FROM_AJCC7_REVIEW_REQUIRED_v1.7: no AJCC8 stage-grouping rule rows were extractable from the uploaded AJCC8 PDF for this site; copied from AJCC7 to avoid blank result pending cancer committee validation.
Soft Tissue Sarcoma of the Head and Neck,AJCC8,any,T1a,N0,M0,Any,Any,IIA,"source_page=313; extract_method=stage_first; extra_factors/raw_extra=G2, G3 | IIA | T1a | N0 | M0 | G2, G3 | provenance=auto_extracted_from_uploaded_manuals_v1_0 | crosswalk_v1.3 source_site=Soft Tissue Sarcoma -> tool_site=Soft Tissue Sarcoma of the Head and Neck; AJCC7 has one broader Soft Tissue Sarcoma chapter; AJCC8 splits by anatomic site. | SURROGATE_AJCC8_FROM_AJCC7_REVIEW_REQUIRED_v1.7: no AJCC8 stage-grouping rule rows were extractable from the uploaded AJCC8 PDF for this site; copied from AJCC7 to avoid blank result pending cancer committee validation."
Soft Tissue Sarcoma of the Abdomen and Thoracic Visceral Organs,AJCC8,yp,T2b,N0,M0,Any,Any,IIB,"source_page=307; extract_method=stage_carried; extra_factors/raw_extra=G2 | num, and pleura; duplicate_source_page=311 | provenance=auto_extracted_from_uploaded_manuals_v1_0 | crosswalk_v1.3 source_site=Soft Tissue Sarcoma -> tool_site=Soft Tissue Sarcoma of the Abdomen and Thoracic Visceral Organs; AJCC7 has one broader Soft Tissue Sarcoma chapter; AJCC8 splits by anatomic site. | SURROGATE_AJCC8_FROM_AJCC7_REVIEW_REQUIRED_v1.7: no AJCC8 stage-grouping rule rows were extractable from the uploaded AJCC8 PDF for this site; copied from AJCC7 to avoid blank result pending cancer committee validation."
Soft Tissue Sarcoma of the Head and Neck,AJCC8,any,T1b,N0,M0,Any,Any,IIA,"source_page=313; extract_method=stage_carried; extra_factors/raw_extra=G2, G3 | T1b | N0 | M0 | G2, G3 | provenance=auto_extracted_from_uploaded_manuals_v1_0 | crosswalk_v1.3 source_site=Soft Tissue Sarcoma -> tool_site=Soft Tissue Sarcoma of the Head and Neck; AJCC7 has one broader Soft Tissue Sarcoma chapter; AJCC8 splits by anatomic site. | SURROGATE_AJCC8_FROM_AJCC7_REVIEW_REQUIRED_v1.7: no AJCC8 stage-grouping rule rows were extractable from the uploaded AJCC8 PDF for this site; copied from AJCC7 to avoid blank result pending cancer committee validation."
Soft Tissue Sarcoma of the Head and Neck,AJCC8,any,T2b,N0,M0,Any,Any,IIB,source_page=313; extract_method=stage_carried; extra_factors/raw_extra=G2 | T2b | N0 | M0 | G2 | provenance=auto_extracted_from_uploaded_manuals_v1_0 | crosswalk_v1.3 source_site=Soft Tissue Sarcoma -> tool_site=Soft Tissue Sarcoma of the Head and Neck; AJCC7 has one broader Soft Tissue Sarcoma chapter; AJCC8 splits by anatomic site. | SURROGATE_AJCC8_FROM_AJCC7_REVIEW_REQUIRED_v1.7: no AJCC8 stage-grouping rule rows were extractable from the uploaded AJCC8 PDF for this site; copied from AJCC7 to avoid blank result pending cancer committee validation.
Soft Tissue Sarcoma of the Trunk and Extremities,AJCC8,yp,T2b,N0,M0,Any,Any,IB,"source_page=307; extract_method=stage_carried; extra_factors/raw_extra=G1, GX | C38.2 Posterior; duplicate_source_page=311 | provenance=auto_extracted_from_uploaded_manuals_v1_0 | crosswalk_v1.3 source_site=Soft Tissue Sarcoma -> tool_site=Soft Tissue Sarcoma of the Trunk and Extremities; AJCC7 has one broader Soft Tissue Sarcoma chapter; AJCC8 splits by anatomic site. | SURROGATE_AJCC8_FROM_AJCC7_REVIEW_REQUIRED_v1.7: no AJCC8 stage-grouping rule rows were extractable from the uploaded AJCC8 PDF for this site; copied from AJCC7 to avoid blank result pending cancer committee validation."
Soft Tissue Sarcoma of the Trunk and Extremities,AJCC8,yp,T2a,N0,M0,Any,Any,IB,"source_page=307; extract_method=stage_first; extra_factors/raw_extra=G1, GX | mediastinum; duplicate_source_page=311 | provenance=auto_extracted_from_uploaded_manuals_v1_0 | crosswalk_v1.3 source_site=Soft Tissue Sarcoma -> tool_site=Soft Tissue Sarcoma of the Trunk and Extremities; AJCC7 has one broader Soft Tissue Sarcoma chapter; AJCC8 splits by anatomic site. | SURROGATE_AJCC8_FROM_AJCC7_REVIEW_REQUIRED_v1.7: no AJCC8 stage-grouping rule rows were extractable from the uploaded AJCC8 PDF for this site; copied from AJCC7 to avoid blank result pending cancer committee validation."
Soft Tissue Sarcoma of the Trunk and Extremities,AJCC8,yp,T1b,N0,M0,Any,Any,IA,"source_page=307; extract_method=stage_carried; extra_factors/raw_extra=G1, GX | C38.1 Anterior; duplicate_source_page=311 | provenance=auto_extracted_from_uploaded_manuals_v1_0 | crosswalk_v1.3 source_site=Soft Tissue Sarcoma -> tool_site=Soft Tissue Sarcoma of the Trunk and Extremities; AJCC7 has one broader Soft Tissue Sarcoma chapter; AJCC8 splits by anatomic site. | SURROGATE_AJCC8_FROM_AJCC7_REVIEW_REQUIRED_v1.7: no AJCC8 stage-grouping rule rows were extractable from the uploaded AJCC8 PDF for this site; copied from AJCC7 to avoid blank result pending cancer committee validation."
Soft Tissue Sarcoma of the Trunk and Extremities,AJCC8,yp,T1a,N0,M0,Any,Any,IA,"source_page=307; extract_method=stage_first; extra_factors/raw_extra=G1, GX | C38.0 Heart; duplicate_source_page=311 | provenance=auto_extracted_from_uploaded_manuals_v1_0 | crosswalk_v1.3 source_site=Soft Tissue Sarcoma -> tool_site=Soft Tissue Sarcoma of the Trunk and Extremities; AJCC7 has one broader Soft Tissue Sarcoma chapter; AJCC8 splits by anatomic site. | SURROGATE_AJCC8_FROM_AJCC7_REVIEW_REQUIRED_v1.7: no AJCC8 stage-grouping rule rows were extractable from the uploaded AJCC8 PDF for this site; copied from AJCC7 to avoid blank result pending cancer committee validation."
Soft Tissue Sarcoma of the Retroperitoneum,AJCC8,any,Any,Any,M1,Any,Any,IV,source_page=313; extract_method=stage_first; extra_factors/raw_extra=Any G | IV | Any T Any N | M1 | Any G | provenance=auto_extracted_from_uploaded_manuals_v1_0 | crosswalk_v1.3 source_site=Soft Tissue Sarcoma -> tool_site=Soft Tissue Sarcoma of the Retroperitoneum; AJCC7 has one broader Soft Tissue Sarcoma chapter; AJCC8 splits by anatomic site. | SURROGATE_AJCC8_FROM_AJCC7_REVIEW_REQUIRED_v1.7: no AJCC8 stage-grouping rule rows were extractable from the uploaded AJCC8 PDF for this site; copied from AJCC7 to avoid blank result pending cancer committee validation.
Soft Tissue Sarcoma of the Retroperitoneum,AJCC8,any,Any,N1,M0,Any,Any,IIB,source_page=313; extract_method=stage_carried; extra_factors/raw_extra=Any G | Any T N1 | M0 | Any G | provenance=auto_extracted_from_uploaded_manuals_v1_0 | crosswalk_v1.3 source_site=Soft Tissue Sarcoma -> tool_site=Soft Tissue Sarcoma of the Retroperitoneum; AJCC7 has one broader Soft Tissue Sarcoma chapter; AJCC8 splits by anatomic site. | SURROGATE_AJCC8_FROM_AJCC7_REVIEW_REQUIRED_v1.7: no AJCC8 stage-grouping rule rows were extractable from the uploaded AJCC8 PDF for this site; copied from AJCC7 to avoid blank result pending cancer committee validation.
Soft Tissue Sarcoma of the Retroperitoneum,AJCC8,any,T2b,N0,M0,Any,Any,IIB,source_page=313; extract_method=stage_carried; extra_factors/raw_extra=G2 | T2b | N0 | M0 | G2 | provenance=auto_extracted_from_uploaded_manuals_v1_0 | crosswalk_v1.3 source_site=Soft Tissue Sarcoma -> tool_site=Soft Tissue Sarcoma of the Retroperitoneum; AJCC7 has one broader Soft Tissue Sarcoma chapter; AJCC8 splits by anatomic site. | SURROGATE_AJCC8_FROM_AJCC7_REVIEW_REQUIRED_v1.7: no AJCC8 stage-grouping rule rows were extractable from the uploaded AJCC8 PDF for this site; copied from AJCC7 to avoid blank result pending cancer committee validation.
Soft Tissue Sarcoma of the Retroperitoneum,AJCC8,any,T2a,N0,M0,Any,Any,IIB,source_page=313; extract_method=stage_first; extra_factors/raw_extra=G2 | IIB | T2a | N0 | M0 | G2 | provenance=auto_extracted_from_uploaded_manuals_v1_0 | crosswalk_v1.3 source_site=Soft Tissue Sarcoma -> tool_site=Soft Tissue Sarcoma of the Retroperitoneum; AJCC7 has one broader Soft Tissue Sarcoma chapter; AJCC8 splits by anatomic site. | SURROGATE_AJCC8_FROM_AJCC7_REVIEW_REQUIRED_v1.7: no AJCC8 stage-grouping rule rows were extractable from the uploaded AJCC8 PDF for this site; copied from AJCC7 to avoid blank result pending cancer committee validation.
Soft Tissue Sarcoma of the Retroperitoneum,AJCC8,any,T1b,N0,M0,Any,Any,IIA,"source_page=313; extract_method=stage_carried; extra_factors/raw_extra=G2, G3 | T1b | N0 | M0 | G2, G3 | provenance=auto_extracted_from_uploaded_manuals_v1_0 | crosswalk_v1.3 source_site=Soft Tissue Sarcoma -> tool_site=Soft Tissue Sarcoma of the Retroperitoneum; AJCC7 has one broader Soft Tissue Sarcoma chapter; AJCC8 splits by anatomic site. | SURROGATE_AJCC8_FROM_AJCC7_REVIEW_REQUIRED_v1.7: no AJCC8 stage-grouping rule rows were extractable from the uploaded AJCC8 PDF for this site; copied from AJCC7 to avoid blank result pending cancer committee validation."
Soft Tissue Sarcoma of the Retroperitoneum,AJCC8,any,T1a,N0,M0,Any,Any,IIA,"source_page=313; extract_method=stage_first; extra_factors/raw_extra=G2, G3 | IIA | T1a | N0 | M0 | G2, G3 | provenance=auto_extracted_from_uploaded_manuals_v1_0 | crosswalk_v1.3 source_site=Soft Tissue Sarcoma -> tool_site=Soft Tissue Sarcoma of the Retroperitoneum; AJCC7 has one broader Soft Tissue Sarcoma chapter; AJCC8 splits by anatomic site. | SURROGATE_AJCC8_FROM_AJCC7_REVIEW_REQUIRED_v1.7: no AJCC8 stage-grouping rule rows were extractable from the uploaded AJCC8 PDF for this site; copied from AJCC7 to avoid blank result pending cancer committee validation."
Soft Tissue Sarcoma of the Retroperitoneum,AJCC8,any,T2b,N0,M0,Any,Any,IB,"source_page=313; extract_method=stage_carried; extra_factors/raw_extra=G1, GX | T2b | N0 | M0 | G1, GX | provenance=auto_extracted_from_uploaded_manuals_v1_0 | crosswalk_v1.3 source_site=Soft Tissue Sarcoma -> tool_site=Soft Tissue Sarcoma of the Retroperitoneum; AJCC7 has one broader Soft Tissue Sarcoma chapter; AJCC8 splits by anatomic site. | SURROGATE_AJCC8_FROM_AJCC7_REVIEW_REQUIRED_v1.7: no AJCC8 stage-grouping rule rows were extractable from the uploaded AJCC8 PDF for this site; copied from AJCC7 to avoid blank result pending cancer committee validation."
Soft Tissue Sarcoma of the Retroperitoneum,AJCC8,any,T2a,N0,M0,Any,Any,IB,"source_page=313; extract_method=stage_first; extra_factors/raw_extra=G1, GX | IB | T2a | N0 | M0 | G1, GX | provenance=auto_extracted_from_uploaded_manuals_v1_0 | crosswalk_v1.3 source_site=Soft Tissue Sarcoma -> tool_site=Soft Tissue Sarcoma of the Retroperitoneum; AJCC7 has one broader Soft Tissue Sarcoma chapter; AJCC8 splits by anatomic site. | SURROGATE_AJCC8_FROM_AJCC7_REVIEW_REQUIRED_v1.7: no AJCC8 stage-grouping rule rows were extractable from the uploaded AJCC8 PDF for this site; copied from AJCC7 to avoid blank result pending cancer committee validation."
Soft Tissue Sarcoma of the Retroperitoneum,AJCC8,any,T1b,N0,M0,Any,Any,IA,"source_page=313; extract_method=stage_carried; extra_factors/raw_extra=G1, GX | T1b | N0 | M0 | G1, GX | provenance=auto_extracted_from_uploaded_manuals_v1_0 | crosswalk_v1.3 source_site=Soft Tissue Sarcoma -> tool_site=Soft Tissue Sarcoma of the Retroperitoneum; AJCC7 has one broader Soft Tissue Sarcoma chapter; AJCC8 splits by anatomic site. | SURROGATE_AJCC8_FROM_AJCC7_REVIEW_REQUIRED_v1.7: no AJCC8 stage-grouping rule rows were extractable from the uploaded AJCC8 PDF for this site; copied from AJCC7 to avoid blank result pending cancer committee validation."
Soft Tissue Sarcoma of the Retroperitoneum,AJCC8,any,T1a,N0,M0,Any,Any,IA,"source_page=313; extract_method=stage_first; extra_factors/raw_extra=G1, GX | IA | T1a | N0 | M0 | G1, GX | provenance=auto_extracted_from_uploaded_manuals_v1_0 | crosswalk_v1.3 source_site=Soft Tissue Sarcoma -> tool_site=Soft Tissue Sarcoma of the Retroperitoneum; AJCC7 has one broader Soft Tissue Sarcoma chapter; AJCC8 splits by anatomic site. | SURROGATE_AJCC8_FROM_AJCC7_REVIEW_REQUIRED_v1.7: no AJCC8 stage-grouping rule rows were extractable from the uploaded AJCC8 PDF for this site; copied from AJCC7 to avoid blank result pending cancer committee validation."
Soft Tissue Sarcoma of the Retroperitoneum,AJCC8,yp,Any,Any,M1,Any,Any,IV,"source_page=307; extract_method=stage_first; extra_factors/raw_extra=Any G | head, face, and neck; duplicate_source_page=311 | provenance=auto_extracted_from_uploaded_manuals_v1_0 | crosswalk_v1.3 source_site=Soft Tissue Sarcoma -> tool_site=Soft Tissue Sarcoma of the Retroperitoneum; AJCC7 has one broader Soft Tissue Sarcoma chapter; AJCC8 splits by anatomic site. | SURROGATE_AJCC8_FROM_AJCC7_REVIEW_REQUIRED_v1.7: no AJCC8 stage-grouping rule rows were extractable from the uploaded AJCC8 PDF for this site; copied from AJCC7 to avoid blank result pending cancer committee validation."
Soft Tissue Sarcoma of the Retroperitoneum,AJCC8,yp,Any,N1,M0,Any,Any,III,source_page=307; extract_method=stage_carried; extra_factors/raw_extra=Any G | nervous system of; duplicate_source_page=311 | provenance=auto_extracted_from_uploaded_manuals_v1_0 | crosswalk_v1.3 source_site=Soft Tissue Sarcoma -> tool_site=Soft Tissue Sarcoma of the Retroperitoneum; AJCC7 has one broader Soft Tissue Sarcoma chapter; AJCC8 splits by anatomic site. | SURROGATE_AJCC8_FROM_AJCC7_REVIEW_REQUIRED_v1.7: no AJCC8 stage-grouping rule rows were extractable from the uploaded AJCC8 PDF for this site; copied from AJCC7 to avoid blank result pending cancer committee validation.
Soft Tissue Sarcoma of the Retroperitoneum,AJCC8,yp,T2a|T2b,N0,M0,Any,Any,III,source_page=307; extract_method=stage_first; extra_factors/raw_extra=G3 | and autonomic; duplicate_source_page=311 | provenance=auto_extracted_from_uploaded_manuals_v1_0 | crosswalk_v1.3 source_site=Soft Tissue Sarcoma -> tool_site=Soft Tissue Sarcoma of the Retroperitoneum; AJCC7 has one broader Soft Tissue Sarcoma chapter; AJCC8 splits by anatomic site. | SURROGATE_AJCC8_FROM_AJCC7_REVIEW_REQUIRED_v1.7: no AJCC8 stage-grouping rule rows were extractable from the uploaded AJCC8 PDF for this site; copied from AJCC7 to avoid blank result pending cancer committee validation.
Soft Tissue Sarcoma of the Retroperitoneum,AJCC8,yp,T2b,N0,M0,Any,Any,IIB,"source_page=307; extract_method=stage_carried; extra_factors/raw_extra=G2 | num, and pleura; duplicate_source_page=311 | provenance=auto_extracted_from_uploaded_manuals_v1_0 | crosswalk_v1.3 source_site=Soft Tissue Sarcoma -> tool_site=Soft Tissue Sarcoma of the Retroperitoneum; AJCC7 has one broader Soft Tissue Sarcoma chapter; AJCC8 splits by anatomic site. | SURROGATE_AJCC8_FROM_AJCC7_REVIEW_REQUIRED_v1.7: no AJCC8 stage-grouping rule rows were extractable from the uploaded AJCC8 PDF for this site; copied from AJCC7 to avoid blank result pending cancer committee validation."
Soft Tissue Sarcoma of the Retroperitoneum,AJCC8,yp,T2a,N0,M0,Any,Any,IIB,"source_page=307; extract_method=stage_first; extra_factors/raw_extra=G2 | of heart, mediasti-; duplicate_source_page=311 | provenance=auto_extracted_from_uploaded_manuals_v1_0 | crosswalk_v1.3 source_site=Soft Tissue Sarcoma -> tool_site=Soft Tissue Sarcoma of the Retroperitoneum; AJCC7 has one broader Soft Tissue Sarcoma chapter; AJCC8 splits by anatomic site. | SURROGATE_AJCC8_FROM_AJCC7_REVIEW_REQUIRED_v1.7: no AJCC8 stage-grouping rule rows were extractable from the uploaded AJCC8 PDF for this site; copied from AJCC7 to avoid blank result pending cancer committee validation."
Soft Tissue Sarcoma of the Retroperitoneum,AJCC8,yp,T1b,N0,M0,Any,Any,IIA,"source_page=307; extract_method=stage_carried; extra_factors/raw_extra=G2, G3 | C38.8 Overlapping lesion; duplicate_source_page=311 | provenance=auto_extracted_from_uploaded_manuals_v1_0 | crosswalk_v1.3 source_site=Soft Tissue Sarcoma -> tool_site=Soft Tissue Sarcoma of the Retroperitoneum; AJCC7 has one broader Soft Tissue Sarcoma chapter; AJCC8 splits by anatomic site. | SURROGATE_AJCC8_FROM_AJCC7_REVIEW_REQUIRED_v1.7: no AJCC8 stage-grouping rule rows were extractable from the uploaded AJCC8 PDF for this site; copied from AJCC7 to avoid blank result pending cancer committee validation."
Soft Tissue Sarcoma of the Retroperitoneum,AJCC8,yp,T1a,N0,M0,Any,Any,IIA,"source_page=307; extract_method=stage_first; extra_factors/raw_extra=G2, G3 | C38.3 Mediastinum, NOS; duplicate_source_page=311 | provenance=auto_extracted_from_uploaded_manuals_v1_0 | crosswalk_v1.3 source_site=Soft Tissue Sarcoma -> tool_site=Soft Tissue Sarcoma of the Retroperitoneum; AJCC7 has one broader Soft Tissue Sarcoma chapter; AJCC8 splits by anatomic site. | SURROGATE_AJCC8_FROM_AJCC7_REVIEW_REQUIRED_v1.7: no AJCC8 stage-grouping rule rows were extractable from the uploaded AJCC8 PDF for this site; copied from AJCC7 to avoid blank result pending cancer committee validation."
Soft Tissue Sarcoma of the Retroperitoneum,AJCC8,yp,T2b,N0,M0,Any,Any,IB,"source_page=307; extract_method=stage_carried; extra_factors/raw_extra=G1, GX | C38.2 Posterior; duplicate_source_page=311 | provenance=auto_extracted_from_uploaded_manuals_v1_0 | crosswalk_v1.3 source_site=Soft Tissue Sarcoma -> tool_site=Soft Tissue Sarcoma of the Retroperitoneum; AJCC7 has one broader Soft Tissue Sarcoma chapter; AJCC8 splits by anatomic site. | SURROGATE_AJCC8_FROM_AJCC7_REVIEW_REQUIRED_v1.7: no AJCC8 stage-grouping rule rows were extractable from the uploaded AJCC8 PDF for this site; copied from AJCC7 to avoid blank result pending cancer committee validation."
Soft Tissue Sarcoma of the Retroperitoneum,AJCC8,yp,T2a,N0,M0,Any,Any,IB,"source_page=307; extract_method=stage_first; extra_factors/raw_extra=G1, GX | mediastinum; duplicate_source_page=311 | provenance=auto_extracted_from_uploaded_manuals_v1_0 | crosswalk_v1.3 source_site=Soft Tissue Sarcoma -> tool_site=Soft Tissue Sarcoma of the Retroperitoneum; AJCC7 has one broader Soft Tissue Sarcoma chapter; AJCC8 splits by anatomic site. | SURROGATE_AJCC8_FROM_AJCC7_REVIEW_REQUIRED_v1.7: no AJCC8 stage-grouping rule rows were extractable from the uploaded AJCC8 PDF for this site; copied from AJCC7 to avoid blank result pending cancer committee validation."
Soft Tissue Sarcoma of the Retroperitoneum,AJCC8,yp,T1b,N0,M0,Any,Any,IA,"source_page=307; extract_method=stage_carried; extra_factors/raw_extra=G1, GX | C38.1 Anterior; duplicate_source_page=311 | provenance=auto_extracted_from_uploaded_manuals_v1_0 | crosswalk_v1.3 source_site=Soft Tissue Sarcoma -> tool_site=Soft Tissue Sarcoma of the Retroperitoneum; AJCC7 has one broader Soft Tissue Sarcoma chapter; AJCC8 splits by anatomic site. | SURROGATE_AJCC8_FROM_AJCC7_REVIEW_REQUIRED_v1.7: no AJCC8 stage-grouping rule rows were extractable from the uploaded AJCC8 PDF for this site; copied from AJCC7 to avoid blank result pending cancer committee validation."
Soft Tissue Sarcoma of the Retroperitoneum,AJCC8,yp,T1a,N0,M0,Any,Any,IA,"source_page=307; extract_method=stage_first; extra_factors/raw_extra=G1, GX | C38.0 Heart; duplicate_source_page=311 | provenance=auto_extracted_from_uploaded_manuals_v1_0 | crosswalk_v1.3 source_site=Soft Tissue Sarcoma -> tool_site=Soft Tissue Sarcoma of the Retroperitoneum; AJCC7 has one broader Soft Tissue Sarcoma chapter; AJCC8 splits by anatomic site. | SURROGATE_AJCC8_FROM_AJCC7_REVIEW_REQUIRED_v1.7: no AJCC8 stage-grouping rule rows were extractable from the uploaded AJCC8 PDF for this site; copied from AJCC7 to avoid blank result pending cancer committee validation."
Soft Tissue Sarcoma of the Head and Neck,AJCC8,any,Any,Any,M1,Any,Any,IV,source_page=313; extract_method=stage_first; extra_factors/raw_extra=Any G | IV | Any T Any N | M1 | Any G | provenance=auto_extracted_from_uploaded_manuals_v1_0 | crosswalk_v1.3 source_site=Soft Tissue Sarcoma -> tool_site=Soft Tissue Sarcoma of the Head and Neck; AJCC7 has one broader Soft Tissue Sarcoma chapter; AJCC8 splits by anatomic site. | SURROGATE_AJCC8_FROM_AJCC7_REVIEW_REQUIRED_v1.7: no AJCC8 stage-grouping rule rows were extractable from the uploaded AJCC8 PDF for this site; copied from AJCC7 to avoid blank result pending cancer committee validation.
Soft Tissue Sarcoma of the Head and Neck,AJCC8,any,Any,N1,M0,Any,Any,IIB,source_page=313; extract_method=stage_carried; extra_factors/raw_extra=Any G | Any T N1 | M0 | Any G | provenance=auto_extracted_from_uploaded_manuals_v1_0 | crosswalk_v1.3 source_site=Soft Tissue Sarcoma -> tool_site=Soft Tissue Sarcoma of the Head and Neck; AJCC7 has one broader Soft Tissue Sarcoma chapter; AJCC8 splits by anatomic site. | SURROGATE_AJCC8_FROM_AJCC7_REVIEW_REQUIRED_v1.7: no AJCC8 stage-grouping rule rows were extractable from the uploaded AJCC8 PDF for this site; copied from AJCC7 to avoid blank result pending cancer committee validation.
Soft Tissue Sarcoma of the Head and Neck,AJCC8,any,T2a,N0,M0,Any,Any,IIB,source_page=313; extract_method=stage_first; extra_factors/raw_extra=G2 | IIB | T2a | N0 | M0 | G2 | provenance=auto_extracted_from_uploaded_manuals_v1_0 | crosswalk_v1.3 source_site=Soft Tissue Sarcoma -> tool_site=Soft Tissue Sarcoma of the Head and Neck; AJCC7 has one broader Soft Tissue Sarcoma chapter; AJCC8 splits by anatomic site. | SURROGATE_AJCC8_FROM_AJCC7_REVIEW_REQUIRED_v1.7: no AJCC8 stage-grouping rule rows were extractable from the uploaded AJCC8 PDF for this site; copied from AJCC7 to avoid blank result pending cancer committee validation.
Melanoma of the Skin,AJCC8,any,T1|T2|T3|T4a,N1b,M0,Any,Any,IIIB,source_page=342; extract_method=stage_carried | provenance=auto_extracted_from_uploaded_manuals_v1_0 | crosswalk_v1.3 source_site=Melanoma of the Skin -> tool_site=Melanoma of the Skin | SURROGATE_AJCC8_FROM_AJCC7_REVIEW_REQUIRED_v1.7: no AJCC8 stage-grouping rule rows were extractable from the uploaded AJCC8 PDF for this site; copied from AJCC7 to avoid blank result pending cancer committee validation.
Cervix Uteri,AJCC8,any,Any,Any,M1,Any,Any,IVB,source_page=411; extract_method=stage_first | provenance=auto_extracted_from_uploaded_manuals_v1_0 | crosswalk_v1.3 source_site=Cervix Uteri -> tool_site=Cervix Uteri | SURROGATE_AJCC8_FROM_AJCC7_REVIEW_REQUIRED_v1.7: no AJCC8 stage-grouping rule rows were extractable from the uploaded AJCC8 PDF for this site; copied from AJCC7 to avoid blank result pending cancer committee validation.
Melanoma of the Skin,AJCC8,any,T1|T2|T3|T4b,N1a,M0,Any,Any,IIIB,source_page=342; extract_method=stage_first; extra_factors/raw_extra=of skin | provenance=auto_extracted_from_uploaded_manuals_v1_0 | crosswalk_v1.3 source_site=Melanoma of the Skin -> tool_site=Melanoma of the Skin | SURROGATE_AJCC8_FROM_AJCC7_REVIEW_REQUIRED_v1.7: no AJCC8 stage-grouping rule rows were extractable from the uploaded AJCC8 PDF for this site; copied from AJCC7 to avoid blank result pending cancer committee validation.
Corpus Uteri – Carcinoma and Carcinosarcoma,AJCC8,any,T1|T2|T3,N1,M0,Any,Any,IIIC,source_page=420; extract_method=stage_first; duplicate_source_page=424; duplicate_source_page=432 | provenance=auto_extracted_from_uploaded_manuals_v1_0 | crosswalk_v1.3 source_site=Corpus Uteri -> tool_site=Corpus Uteri – Carcinoma and Carcinosarcoma | SURROGATE_AJCC8_FROM_AJCC7_REVIEW_REQUIRED_v1.7: no AJCC8 stage-grouping rule rows were extractable from the uploaded AJCC8 PDF for this site; copied from AJCC7 to avoid blank result pending cancer committee validation.
Corpus Uteri – Carcinoma and Carcinosarcoma,AJCC8,any,T1c,N0,M0,Any,Any,IC,source_page=420; extract_method=stage_first; extra_factors/raw_extra=8933 (Adenosarcoma); duplicate_source_page=432 | provenance=auto_extracted_from_uploaded_manuals_v1_0 | crosswalk_v1.3 source_site=Corpus Uteri -> tool_site=Corpus Uteri – Carcinoma and Carcinosarcoma | SURROGATE_AJCC8_FROM_AJCC7_REVIEW_REQUIRED_v1.7: no AJCC8 stage-grouping rule rows were extractable from the uploaded AJCC8 PDF for this site; copied from AJCC7 to avoid blank result pending cancer committee validation.
Corpus Uteri – Carcinoma and Carcinosarcoma,AJCC8,any,Any,Any,M1,Any,Any,IVB,source_page=419; extract_method=stage_first; duplicate_source_page=420; duplicate_source_page=422; duplicate_source_page=424; duplicate_source_page=428; duplicate_source_page=432 | provenance=auto_extracted_from_uploaded_manuals_v1_0 | crosswalk_v1.3 source_site=Corpus Uteri -> tool_site=Corpus Uteri – Carcinoma and Carcinosarcoma | SURROGATE_AJCC8_FROM_AJCC7_REVIEW_REQUIRED_v1.7: no AJCC8 stage-grouping rule rows were extractable from the uploaded AJCC8 PDF for this site; copied from AJCC7 to avoid blank result pending cancer committee validation.
Corpus Uteri – Carcinoma and Carcinosarcoma,AJCC8,any,T4,Any,M0,Any,Any,IVA,source_page=419; extract_method=stage_first; duplicate_source_page=420; duplicate_source_page=424; duplicate_source_page=428; duplicate_source_page=432 | provenance=auto_extracted_from_uploaded_manuals_v1_0 | crosswalk_v1.3 source_site=Corpus Uteri -> tool_site=Corpus Uteri – Carcinoma and Carcinosarcoma | SURROGATE_AJCC8_FROM_AJCC7_REVIEW_REQUIRED_v1.7: no AJCC8 stage-grouping rule rows were extractable from the uploaded AJCC8 PDF for this site; copied from AJCC7 to avoid blank result pending cancer committee validation.
Corpus Uteri – Carcinoma and Carcinosarcoma,AJCC8,any,T3b,N0,M0,Any,Any,IIIB,source_page=419; extract_method=stage_first; duplicate_source_page=420; duplicate_source_page=422; duplicate_source_page=424; duplicate_source_page=428; duplicate_source_page=432 | provenance=auto_extracted_from_uploaded_manuals_v1_0 | crosswalk_v1.3 source_site=Corpus Uteri -> tool_site=Corpus Uteri – Carcinoma and Carcinosarcoma | SURROGATE_AJCC8_FROM_AJCC7_REVIEW_REQUIRED_v1.7: no AJCC8 stage-grouping rule rows were extractable from the uploaded AJCC8 PDF for this site; copied from AJCC7 to avoid blank result pending cancer committee validation.
Corpus Uteri – Carcinoma and Carcinosarcoma,AJCC8,any,T3a,N0,M0,Any,Any,IIIA,source_page=419; extract_method=stage_first; duplicate_source_page=420; duplicate_source_page=424; duplicate_source_page=428; duplicate_source_page=432 | provenance=auto_extracted_from_uploaded_manuals_v1_0 | crosswalk_v1.3 source_site=Corpus Uteri -> tool_site=Corpus Uteri – Carcinoma and Carcinosarcoma | SURROGATE_AJCC8_FROM_AJCC7_REVIEW_REQUIRED_v1.7: no AJCC8 stage-grouping rule rows were extractable from the uploaded AJCC8 PDF for this site; copied from AJCC7 to avoid blank result pending cancer committee validation.
Corpus Uteri – Carcinoma and Carcinosarcoma,AJCC8,any,T3,N0,M0,Any,Any,III,"source_page=419; extract_method=stage_first; extra_factors/raw_extra=C55.9 Uterus, NOS; duplicate_source_page=422; duplicate_source_page=428 | provenance=auto_extracted_from_uploaded_manuals_v1_0 | crosswalk_v1.3 source_site=Corpus Uteri -> tool_site=Corpus Uteri – Carcinoma and Carcinosarcoma | SURROGATE_AJCC8_FROM_AJCC7_REVIEW_REQUIRED_v1.7: no AJCC8 stage-grouping rule rows were extractable from the uploaded AJCC8 PDF for this site; copied from AJCC7 to avoid blank result pending cancer committee validation."
Corpus Uteri – Carcinoma and Carcinosarcoma,AJCC8,any,T2,N0,M0,Any,Any,II,source_page=419; extract_method=stage_first; extra_factors/raw_extra=of corpus uteri; duplicate_source_page=420; duplicate_source_page=424; duplicate_source_page=428; duplicate_source_page=432 | provenance=auto_extracted_from_uploaded_manuals_v1_0 | crosswalk_v1.3 source_site=Corpus Uteri -> tool_site=Corpus Uteri – Carcinoma and Carcinosarcoma | SURROGATE_AJCC8_FROM_AJCC7_REVIEW_REQUIRED_v1.7: no AJCC8 stage-grouping rule rows were extractable from the uploaded AJCC8 PDF for this site; copied from AJCC7 to avoid blank result pending cancer committee validation.
Corpus Uteri – Carcinoma and Carcinosarcoma,AJCC8,any,T1b,N0,M0,Any,Any,IB,source_page=419; extract_method=stage_first; extra_factors/raw_extra=C54.8 Overlapping lesion; duplicate_source_page=420; duplicate_source_page=422; duplicate_source_page=428; duplicate_source_page=432 | provenance=auto_extracted_from_uploaded_manuals_v1_0 | crosswalk_v1.3 source_site=Corpus Uteri -> tool_site=Corpus Uteri – Carcinoma and Carcinosarcoma | SURROGATE_AJCC8_FROM_AJCC7_REVIEW_REQUIRED_v1.7: no AJCC8 stage-grouping rule rows were extractable from the uploaded AJCC8 PDF for this site; copied from AJCC7 to avoid blank result pending cancer committee validation.
Corpus Uteri – Carcinoma and Carcinosarcoma,AJCC8,any,T1a,N0,M0,Any,Any,IA,source_page=419; extract_method=stage_first; extra_factors/raw_extra=C54.2 Myometrium; duplicate_source_page=420; duplicate_source_page=428; duplicate_source_page=432 | provenance=auto_extracted_from_uploaded_manuals_v1_0 | crosswalk_v1.3 source_site=Corpus Uteri -> tool_site=Corpus Uteri – Carcinoma and Carcinosarcoma | SURROGATE_AJCC8_FROM_AJCC7_REVIEW_REQUIRED_v1.7: no AJCC8 stage-grouping rule rows were extractable from the uploaded AJCC8 PDF for this site; copied from AJCC7 to avoid blank result pending cancer committee validation.
Corpus Uteri – Carcinoma and Carcinosarcoma,AJCC8,any,T1,N0,M0,Any,Any,I,source_page=419; extract_method=stage_first; extra_factors/raw_extra=C54.1 Endometrium; duplicate_source_page=420; duplicate_source_page=422; duplicate_source_page=423; duplicate_source_page=428; duplicate_source_page=432 | provenance=auto_extracted_from_uploaded_manuals_v1_0 | crosswalk_v1.3 source_site=Corpus Uteri -> tool_site=Corpus Uteri – Carcinoma and Carcinosarcoma | SURROGATE_AJCC8_FROM_AJCC7_REVIEW_REQUIRED_v1.7: no AJCC8 stage-grouping rule rows were extractable from the uploaded AJCC8 PDF for this site; copied from AJCC7 to avoid blank result pending cancer committee validation.
Corpus Uteri – Carcinoma and Carcinosarcoma,AJCC8,any,Tis,N0,M0,Any,Any,0,source_page=419; extract_method=stage_first; extra_factors/raw_extra=CODES; duplicate_source_page=428 | provenance=auto_extracted_from_uploaded_manuals_v1_0 | crosswalk_v1.3 source_site=Corpus Uteri -> tool_site=Corpus Uteri – Carcinoma and Carcinosarcoma | SURROGATE_AJCC8_FROM_AJCC7_REVIEW_REQUIRED_v1.7: no AJCC8 stage-grouping rule rows were extractable from the uploaded AJCC8 PDF for this site; copied from AJCC7 to avoid blank result pending cancer committee validation.
Esophagus / EGJ - adenocarcinoma,AJCC8,yp,T2,N0,M03,Any,Any,IIA,source_page=125; extract_method=stage_first | provenance=auto_extracted_from_uploaded_manuals_v1_0 | crosswalk_v1.3 source_site=Esophagus and EGJ -> tool_site=Esophagus / EGJ - adenocarcinoma | SURROGATE_AJCC8_FROM_AJCC7_REVIEW_REQUIRED_v1.7: AJCC8 has site rows but no yp rows matching this stage basis; copied from AJCC7 pending cancer committee validation.
Cervix Uteri,AJCC8,any,T1|T2|T3,N1,M0,Any,Any,II,source_page=416; extract_method=stage_carried; extra_factors/raw_extra=T1-3 | N1 | M0 | provenance=auto_extracted_from_uploaded_manuals_v1_0 | crosswalk_v1.3 source_site=Cervix Uteri -> tool_site=Cervix Uteri | SURROGATE_AJCC8_FROM_AJCC7_REVIEW_REQUIRED_v1.7: no AJCC8 stage-grouping rule rows were extractable from the uploaded AJCC8 PDF for this site; copied from AJCC7 to avoid blank result pending cancer committee validation.
Cervix Uteri,AJCC8,any,T1|T2|T3,N1,M0,Any,Any,IIIB,source_page=411; extract_method=stage_carried | provenance=auto_extracted_from_uploaded_manuals_v1_0 | crosswalk_v1.3 source_site=Cervix Uteri -> tool_site=Cervix Uteri | SURROGATE_AJCC8_FROM_AJCC7_REVIEW_REQUIRED_v1.7: no AJCC8 stage-grouping rule rows were extractable from the uploaded AJCC8 PDF for this site; copied from AJCC7 to avoid blank result pending cancer committee validation.
Cervix Uteri,AJCC8,any,T3b,Any,M0,Any,Any,IIIB,source_page=411; extract_method=stage_first | provenance=auto_extracted_from_uploaded_manuals_v1_0 | crosswalk_v1.3 source_site=Cervix Uteri -> tool_site=Cervix Uteri | SURROGATE_AJCC8_FROM_AJCC7_REVIEW_REQUIRED_v1.7: no AJCC8 stage-grouping rule rows were extractable from the uploaded AJCC8 PDF for this site; copied from AJCC7 to avoid blank result pending cancer committee validation.
Cervix Uteri,AJCC8,any,T3a,N0,M0,Any,Any,IIIA,source_page=411; extract_method=stage_first; duplicate_source_page=413 | provenance=auto_extracted_from_uploaded_manuals_v1_0 | crosswalk_v1.3 source_site=Cervix Uteri -> tool_site=Cervix Uteri | SURROGATE_AJCC8_FROM_AJCC7_REVIEW_REQUIRED_v1.7: no AJCC8 stage-grouping rule rows were extractable from the uploaded AJCC8 PDF for this site; copied from AJCC7 to avoid blank result pending cancer committee validation.
Cervix Uteri,AJCC8,any,T3,N0,M0,Any,Any,III,source_page=411; extract_method=stage_first | provenance=auto_extracted_from_uploaded_manuals_v1_0 | crosswalk_v1.3 source_site=Cervix Uteri -> tool_site=Cervix Uteri | SURROGATE_AJCC8_FROM_AJCC7_REVIEW_REQUIRED_v1.7: no AJCC8 stage-grouping rule rows were extractable from the uploaded AJCC8 PDF for this site; copied from AJCC7 to avoid blank result pending cancer committee validation.
Cervix Uteri,AJCC8,any,T2b,N0,M0,Any,Any,IIB,source_page=411; extract_method=stage_first; duplicate_source_page=413 | provenance=auto_extracted_from_uploaded_manuals_v1_0 | crosswalk_v1.3 source_site=Cervix Uteri -> tool_site=Cervix Uteri | SURROGATE_AJCC8_FROM_AJCC7_REVIEW_REQUIRED_v1.7: no AJCC8 stage-grouping rule rows were extractable from the uploaded AJCC8 PDF for this site; copied from AJCC7 to avoid blank result pending cancer committee validation.
Cervix Uteri,AJCC8,any,T2a,N0,M0,Any,Any,IIA,source_page=411; extract_method=stage_first | provenance=auto_extracted_from_uploaded_manuals_v1_0 | crosswalk_v1.3 source_site=Cervix Uteri -> tool_site=Cervix Uteri | SURROGATE_AJCC8_FROM_AJCC7_REVIEW_REQUIRED_v1.7: no AJCC8 stage-grouping rule rows were extractable from the uploaded AJCC8 PDF for this site; copied from AJCC7 to avoid blank result pending cancer committee validation.
Cervix Uteri,AJCC8,any,T2,N0,M0,Any,Any,II,source_page=411; extract_method=stage_first; duplicate_source_page=413; duplicate_source_page=416 | provenance=auto_extracted_from_uploaded_manuals_v1_0 | crosswalk_v1.3 source_site=Cervix Uteri -> tool_site=Cervix Uteri | SURROGATE_AJCC8_FROM_AJCC7_REVIEW_REQUIRED_v1.7: no AJCC8 stage-grouping rule rows were extractable from the uploaded AJCC8 PDF for this site; copied from AJCC7 to avoid blank result pending cancer committee validation.
Cervix Uteri,AJCC8,any,T1b,N0,M0,Any,Any,IB,"source_page=411; extract_method=stage_first; extra_factors/raw_extra=8000-8576, 8940-8950, | provenance=auto_extracted_from_uploaded_manuals_v1_0 | crosswalk_v1.3 source_site=Cervix Uteri -> tool_site=Cervix Uteri | SURROGATE_AJCC8_FROM_AJCC7_REVIEW_REQUIRED_v1.7: no AJCC8 stage-grouping rule rows were extractable from the uploaded AJCC8 PDF for this site; copied from AJCC7 to avoid blank result pending cancer committee validation."
Cervix Uteri,AJCC8,any,T1a,N0,M0,Any,Any,IA,source_page=411; extract_method=stage_first; extra_factors/raw_extra=C53.9 Cervix uteri; duplicate_source_page=413 | provenance=auto_extracted_from_uploaded_manuals_v1_0 | crosswalk_v1.3 source_site=Cervix Uteri -> tool_site=Cervix Uteri | SURROGATE_AJCC8_FROM_AJCC7_REVIEW_REQUIRED_v1.7: no AJCC8 stage-grouping rule rows were extractable from the uploaded AJCC8 PDF for this site; copied from AJCC7 to avoid blank result pending cancer committee validation.
Cervix Uteri,AJCC8,any,T1,N0,M0,Any,Any,I,source_page=411; extract_method=stage_first; extra_factors/raw_extra=C53.8 Overlapping lesion; duplicate_source_page=416 | provenance=auto_extracted_from_uploaded_manuals_v1_0 | crosswalk_v1.3 source_site=Cervix Uteri -> tool_site=Cervix Uteri | SURROGATE_AJCC8_FROM_AJCC7_REVIEW_REQUIRED_v1.7: no AJCC8 stage-grouping rule rows were extractable from the uploaded AJCC8 PDF for this site; copied from AJCC7 to avoid blank result pending cancer committee validation.
Cervix Uteri,AJCC8,any,Tis,N0,M0,Any,Any,0,source_page=411; extract_method=stage_first; extra_factors/raw_extra=C53.1 Exocervix; duplicate_source_page=413 | provenance=auto_extracted_from_uploaded_manuals_v1_0 | crosswalk_v1.3 source_site=Cervix Uteri -> tool_site=Cervix Uteri | SURROGATE_AJCC8_FROM_AJCC7_REVIEW_REQUIRED_v1.7: no AJCC8 stage-grouping rule rows were extractable from the uploaded AJCC8 PDF for this site; copied from AJCC7 to avoid blank result pending cancer committee validation.
Bone: Spine,AJCC8,any,Any,Any,M1b,Any,Any,IVB,source_page=305; extract_method=stage_carried; extra_factors/raw_extra=Any G | Any T | Any N | M1b | Any G | provenance=auto_extracted_from_uploaded_manuals_v1_0 | crosswalk_v1.3 source_site=Bone -> tool_site=Bone: Spine | SURROGATE_AJCC8_FROM_AJCC7_REVIEW_REQUIRED_v1.7: no AJCC8 stage-grouping rule rows were extractable from the uploaded AJCC8 PDF for this site; copied from AJCC7 to avoid blank result pending cancer committee validation.
Cervix Uteri,AJCC8,any,T4,Any,M0,Any,Any,IVA,source_page=411; extract_method=stage_first | provenance=auto_extracted_from_uploaded_manuals_v1_0 | crosswalk_v1.3 source_site=Cervix Uteri -> tool_site=Cervix Uteri | SURROGATE_AJCC8_FROM_AJCC7_REVIEW_REQUIRED_v1.7: no AJCC8 stage-grouping rule rows were extractable from the uploaded AJCC8 PDF for this site; copied from AJCC7 to avoid blank result pending cancer committee validation.
Esophagus / EGJ - squamous,AJCC8,yp,T2,N0,M03,Any,Any,IIA,source_page=125; extract_method=stage_first | provenance=auto_extracted_from_uploaded_manuals_v1_0 | crosswalk_v1.3 source_site=Esophagus and EGJ -> tool_site=Esophagus / EGJ - squamous | SURROGATE_AJCC8_FROM_AJCC7_REVIEW_REQUIRED_v1.7: AJCC8 has site rows but no yp rows matching this stage basis; copied from AJCC7 pending cancer committee validation.
Esophagus and Esophagogastric Junction: Other Histologies,AJCC8,any,T1,N0,M01|X,Any,Any,IA,source_page=119; extract_method=stage_first; extra_factors/raw_extra=Any | C15.3 Upper third | provenance=auto_extracted_from_uploaded_manuals_v1_0 | crosswalk_v1.3 source_site=Esophagus and EGJ -> tool_site=Esophagus and Esophagogastric Junction: Other Histologies | SURROGATE_AJCC8_FROM_AJCC7_REVIEW_REQUIRED_v1.7: no AJCC8 stage-grouping rule rows were extractable from the uploaded AJCC8 PDF for this site; copied from AJCC7 to avoid blank result pending cancer committee validation.
Esophagus and Esophagogastric Junction: Other Histologies,AJCC8,any,T1,N0,M02-3,Any,Any,IB,source_page=119; extract_method=stage_first; extra_factors/raw_extra=Any | of esophagus | provenance=auto_extracted_from_uploaded_manuals_v1_0 | crosswalk_v1.3 source_site=Esophagus and EGJ -> tool_site=Esophagus and Esophagogastric Junction: Other Histologies | SURROGATE_AJCC8_FROM_AJCC7_REVIEW_REQUIRED_v1.7: no AJCC8 stage-grouping rule rows were extractable from the uploaded AJCC8 PDF for this site; copied from AJCC7 to avoid blank result pending cancer committee validation.
Esophagus and Esophagogastric Junction: Other Histologies,AJCC8,any,Any,Any,M1,Any,Any,IV,source_page=120; extract_method=stage_first; duplicate_source_page=129; duplicate_source_page=130 | provenance=auto_extracted_from_uploaded_manuals_v1_0 | crosswalk_v1.3 source_site=Esophagus and EGJ -> tool_site=Esophagus and Esophagogastric Junction: Other Histologies | SURROGATE_AJCC8_FROM_AJCC7_REVIEW_REQUIRED_v1.7: no AJCC8 stage-grouping rule rows were extractable from the uploaded AJCC8 PDF for this site; copied from AJCC7 to avoid blank result pending cancer committee validation.
Esophagus and Esophagogastric Junction: Other Histologies,AJCC8,any,Any,N3,M0,Any,Any,IIIC,source_page=120; extract_method=stage_carried; duplicate_source_page=129; duplicate_source_page=130 | provenance=auto_extracted_from_uploaded_manuals_v1_0 | crosswalk_v1.3 source_site=Esophagus and EGJ -> tool_site=Esophagus and Esophagogastric Junction: Other Histologies | SURROGATE_AJCC8_FROM_AJCC7_REVIEW_REQUIRED_v1.7: no AJCC8 stage-grouping rule rows were extractable from the uploaded AJCC8 PDF for this site; copied from AJCC7 to avoid blank result pending cancer committee validation.
Esophagus and Esophagogastric Junction: Other Histologies,AJCC8,any,T4b,AnyM0,Any,Any,Any,IIIC,source_page=120; extract_method=stage_carried | provenance=auto_extracted_from_uploaded_manuals_v1_0 | crosswalk_v1.3 source_site=Esophagus and EGJ -> tool_site=Esophagus and Esophagogastric Junction: Other Histologies | SURROGATE_AJCC8_FROM_AJCC7_REVIEW_REQUIRED_v1.7: no AJCC8 stage-grouping rule rows were extractable from the uploaded AJCC8 PDF for this site; copied from AJCC7 to avoid blank result pending cancer committee validation.
Esophagus and Esophagogastric Junction: Other Histologies,AJCC8,any,T4a,N1|N2M0,Any,Any,Any,IIIC,source_page=120; extract_method=stage_first | provenance=auto_extracted_from_uploaded_manuals_v1_0 | crosswalk_v1.3 source_site=Esophagus and EGJ -> tool_site=Esophagus and Esophagogastric Junction: Other Histologies | SURROGATE_AJCC8_FROM_AJCC7_REVIEW_REQUIRED_v1.7: no AJCC8 stage-grouping rule rows were extractable from the uploaded AJCC8 PDF for this site; copied from AJCC7 to avoid blank result pending cancer committee validation.
Esophagus and Esophagogastric Junction: Other Histologies,AJCC8,any,T3,N2,M0,Any,Any,IIIB,source_page=120; extract_method=stage_first; duplicate_source_page=129; duplicate_source_page=130 | provenance=auto_extracted_from_uploaded_manuals_v1_0 | crosswalk_v1.3 source_site=Esophagus and EGJ -> tool_site=Esophagus and Esophagogastric Junction: Other Histologies | SURROGATE_AJCC8_FROM_AJCC7_REVIEW_REQUIRED_v1.7: no AJCC8 stage-grouping rule rows were extractable from the uploaded AJCC8 PDF for this site; copied from AJCC7 to avoid blank result pending cancer committee validation.
Esophagus and Esophagogastric Junction: Other Histologies,AJCC8,any,T4a,N0,M0,Any,Any,IIIA,source_page=120; extract_method=stage_carried; duplicate_source_page=129; duplicate_source_page=130 | provenance=auto_extracted_from_uploaded_manuals_v1_0 | crosswalk_v1.3 source_site=Esophagus and EGJ -> tool_site=Esophagus and Esophagogastric Junction: Other Histologies | SURROGATE_AJCC8_FROM_AJCC7_REVIEW_REQUIRED_v1.7: no AJCC8 stage-grouping rule rows were extractable from the uploaded AJCC8 PDF for this site; copied from AJCC7 to avoid blank result pending cancer committee validation.
Esophagus and Esophagogastric Junction: Other Histologies,AJCC8,any,T3,N1,M0,Any,Any,IIIA,source_page=120; extract_method=stage_carried; duplicate_source_page=129; duplicate_source_page=130 | provenance=auto_extracted_from_uploaded_manuals_v1_0 | crosswalk_v1.3 source_site=Esophagus and EGJ -> tool_site=Esophagus and Esophagogastric Junction: Other Histologies | SURROGATE_AJCC8_FROM_AJCC7_REVIEW_REQUIRED_v1.7: no AJCC8 stage-grouping rule rows were extractable from the uploaded AJCC8 PDF for this site; copied from AJCC7 to avoid blank result pending cancer committee validation.
Esophagus and Esophagogastric Junction: Other Histologies,AJCC8,any,T1|T2,N2,M0,Any,Any,IIIA,source_page=120; extract_method=stage_first; duplicate_source_page=129; duplicate_source_page=130 | provenance=auto_extracted_from_uploaded_manuals_v1_0 | crosswalk_v1.3 source_site=Esophagus and EGJ -> tool_site=Esophagus and Esophagogastric Junction: Other Histologies | SURROGATE_AJCC8_FROM_AJCC7_REVIEW_REQUIRED_v1.7: no AJCC8 stage-grouping rule rows were extractable from the uploaded AJCC8 PDF for this site; copied from AJCC7 to avoid blank result pending cancer committee validation.
Esophagus and Esophagogastric Junction: Other Histologies,AJCC8,any,T1|T2,N1,M0,Any,Any,IIB,source_page=120; extract_method=stage_carried; duplicate_source_page=129; duplicate_source_page=130 | provenance=auto_extracted_from_uploaded_manuals_v1_0 | crosswalk_v1.3 source_site=Esophagus and EGJ -> tool_site=Esophagus and Esophagogastric Junction: Other Histologies | SURROGATE_AJCC8_FROM_AJCC7_REVIEW_REQUIRED_v1.7: no AJCC8 stage-grouping rule rows were extractable from the uploaded AJCC8 PDF for this site; copied from AJCC7 to avoid blank result pending cancer committee validation.
Esophagus and Esophagogastric Junction: Other Histologies,AJCC8,any,T3,N0,M0,Any,Any,IIB,source_page=120; extract_method=stage_first; duplicate_source_page=130 | provenance=auto_extracted_from_uploaded_manuals_v1_0 | crosswalk_v1.3 source_site=Esophagus and EGJ -> tool_site=Esophagus and Esophagogastric Junction: Other Histologies | SURROGATE_AJCC8_FROM_AJCC7_REVIEW_REQUIRED_v1.7: no AJCC8 stage-grouping rule rows were extractable from the uploaded AJCC8 PDF for this site; copied from AJCC7 to avoid blank result pending cancer committee validation.
Esophagus and Esophagogastric Junction: Other Histologies,AJCC8,any,T2,N0,M0,Any,Any,IIA,source_page=120; extract_method=stage_first; extra_factors/raw_extra=3; duplicate_source_page=130 | provenance=auto_extracted_from_uploaded_manuals_v1_0 | crosswalk_v1.3 source_site=Esophagus and EGJ -> tool_site=Esophagus and Esophagogastric Junction: Other Histologies | SURROGATE_AJCC8_FROM_AJCC7_REVIEW_REQUIRED_v1.7: no AJCC8 stage-grouping rule rows were extractable from the uploaded AJCC8 PDF for this site; copied from AJCC7 to avoid blank result pending cancer committee validation.
Esophagus and Esophagogastric Junction: Other Histologies,AJCC8,any,T2,N0,M0,Any,Any,IB,"source_page=120; extract_method=stage_carried; extra_factors/raw_extra=1-2, X; duplicate_source_page=130 | provenance=auto_extracted_from_uploaded_manuals_v1_0 | crosswalk_v1.3 source_site=Esophagus and EGJ -> tool_site=Esophagus and Esophagogastric Junction: Other Histologies | SURROGATE_AJCC8_FROM_AJCC7_REVIEW_REQUIRED_v1.7: no AJCC8 stage-grouping rule rows were extractable from the uploaded AJCC8 PDF for this site; copied from AJCC7 to avoid blank result pending cancer committee validation."
Esophagus and Esophagogastric Junction: Other Histologies,AJCC8,any,T1,N0,M0,Any,Any,IB,source_page=120; extract_method=stage_first; extra_factors/raw_extra=3; duplicate_source_page=129; duplicate_source_page=130 | provenance=auto_extracted_from_uploaded_manuals_v1_0 | crosswalk_v1.3 source_site=Esophagus and EGJ -> tool_site=Esophagus and Esophagogastric Junction: Other Histologies | SURROGATE_AJCC8_FROM_AJCC7_REVIEW_REQUIRED_v1.7: no AJCC8 stage-grouping rule rows were extractable from the uploaded AJCC8 PDF for this site; copied from AJCC7 to avoid blank result pending cancer committee validation.
Esophagus and Esophagogastric Junction: Other Histologies,AJCC8,any,T1,N0,M0,Any,Any,IA,"source_page=120; extract_method=stage_first; extra_factors/raw_extra=1-2, X | 8980-8981 (C16 only); duplicate_source_page=129; duplicate_source_page=130 | provenance=auto_extracted_from_uploaded_manuals_v1_0 | crosswalk_v1.3 source_site=Esophagus and EGJ -> tool_site=Esophagus and Esophagogastric Junction: Other Histologies | SURROGATE_AJCC8_FROM_AJCC7_REVIEW_REQUIRED_v1.7: no AJCC8 stage-grouping rule rows were extractable from the uploaded AJCC8 PDF for this site; copied from AJCC7 to avoid blank result pending cancer committee validation."
Esophagus and Esophagogastric Junction: Other Histologies,AJCC8,any,Any,Any,M1Any,Any,Any,IV,source_page=119; extract_method=stage_first; extra_factors/raw_extra=Any | junction. | provenance=auto_extracted_from_uploaded_manuals_v1_0 | crosswalk_v1.3 source_site=Esophagus and EGJ -> tool_site=Esophagus and Esophagogastric Junction: Other Histologies | SURROGATE_AJCC8_FROM_AJCC7_REVIEW_REQUIRED_v1.7: no AJCC8 stage-grouping rule rows were extractable from the uploaded AJCC8 PDF for this site; copied from AJCC7 to avoid blank result pending cancer committee validation.
Esophagus and Esophagogastric Junction: Other Histologies,AJCC8,any,Any,N3,M0Any,Any,Any,IIIC,source_page=119; extract_method=stage_carried; extra_factors/raw_extra=Any | *Note: If gastric tumor extends | provenance=auto_extracted_from_uploaded_manuals_v1_0 | crosswalk_v1.3 source_site=Esophagus and EGJ -> tool_site=Esophagus and Esophagogastric Junction: Other Histologies | SURROGATE_AJCC8_FROM_AJCC7_REVIEW_REQUIRED_v1.7: no AJCC8 stage-grouping rule rows were extractable from the uploaded AJCC8 PDF for this site; copied from AJCC7 to avoid blank result pending cancer committee validation.
Esophagus and Esophagogastric Junction: Other Histologies,AJCC8,any,T4b,AnyM0Any,Any,Any,Any,IIIC,source_page=119; extract_method=stage_carried | provenance=auto_extracted_from_uploaded_manuals_v1_0 | crosswalk_v1.3 source_site=Esophagus and EGJ -> tool_site=Esophagus and Esophagogastric Junction: Other Histologies | SURROGATE_AJCC8_FROM_AJCC7_REVIEW_REQUIRED_v1.7: no AJCC8 stage-grouping rule rows were extractable from the uploaded AJCC8 PDF for this site; copied from AJCC7 to avoid blank result pending cancer committee validation.
Esophagus and Esophagogastric Junction: Other Histologies,AJCC8,any,T4a,N1|N2M0Any,Any,Any,Any,IIIC,source_page=119; extract_method=stage_first; extra_factors/raw_extra=proximal 5 cm only* | provenance=auto_extracted_from_uploaded_manuals_v1_0 | crosswalk_v1.3 source_site=Esophagus and EGJ -> tool_site=Esophagus and Esophagogastric Junction: Other Histologies | SURROGATE_AJCC8_FROM_AJCC7_REVIEW_REQUIRED_v1.7: no AJCC8 stage-grouping rule rows were extractable from the uploaded AJCC8 PDF for this site; copied from AJCC7 to avoid blank result pending cancer committee validation.
Esophagus and Esophagogastric Junction: Other Histologies,AJCC8,any,T3,N2,M0Any,Any,Any,IIIB,source_page=119; extract_method=stage_first; extra_factors/raw_extra=Any | proximal 5 cm only* | provenance=auto_extracted_from_uploaded_manuals_v1_0 | crosswalk_v1.3 source_site=Esophagus and EGJ -> tool_site=Esophagus and Esophagogastric Junction: Other Histologies | SURROGATE_AJCC8_FROM_AJCC7_REVIEW_REQUIRED_v1.7: no AJCC8 stage-grouping rule rows were extractable from the uploaded AJCC8 PDF for this site; copied from AJCC7 to avoid blank result pending cancer committee validation.
Esophagus and Esophagogastric Junction: Other Histologies,AJCC8,any,T4a,N0,M0Any,Any,Any,IIIA,"source_page=119; extract_method=stage_carried; extra_factors/raw_extra=Any | C16.1 Fundus of stomach, | provenance=auto_extracted_from_uploaded_manuals_v1_0 | crosswalk_v1.3 source_site=Esophagus and EGJ -> tool_site=Esophagus and Esophagogastric Junction: Other Histologies | SURROGATE_AJCC8_FROM_AJCC7_REVIEW_REQUIRED_v1.7: no AJCC8 stage-grouping rule rows were extractable from the uploaded AJCC8 PDF for this site; copied from AJCC7 to avoid blank result pending cancer committee validation."
Esophagus and Esophagogastric Junction: Other Histologies,AJCC8,any,T3,N1,M0Any,Any,Any,IIIA,source_page=119; extract_method=stage_carried; extra_factors/raw_extra=Any | gastric junction | provenance=auto_extracted_from_uploaded_manuals_v1_0 | crosswalk_v1.3 source_site=Esophagus and EGJ -> tool_site=Esophagus and Esophagogastric Junction: Other Histologies | SURROGATE_AJCC8_FROM_AJCC7_REVIEW_REQUIRED_v1.7: no AJCC8 stage-grouping rule rows were extractable from the uploaded AJCC8 PDF for this site; copied from AJCC7 to avoid blank result pending cancer committee validation.
Esophagus and Esophagogastric Junction: Other Histologies,AJCC8,any,T1|T2,N2,M0Any,Any,Any,IIIA,"source_page=119; extract_method=stage_first; extra_factors/raw_extra=Any | C16.0 Cardia, esophago- | provenance=auto_extracted_from_uploaded_manuals_v1_0 | crosswalk_v1.3 source_site=Esophagus and EGJ -> tool_site=Esophagus and Esophagogastric Junction: Other Histologies | SURROGATE_AJCC8_FROM_AJCC7_REVIEW_REQUIRED_v1.7: no AJCC8 stage-grouping rule rows were extractable from the uploaded AJCC8 PDF for this site; copied from AJCC7 to avoid blank result pending cancer committee validation."
Esophagus and Esophagogastric Junction: Other Histologies,AJCC8,any,T1|T2,N1,M0Any,Any,Any,IIB,source_page=119; extract_method=stage_carried; extra_factors/raw_extra=Any | of esophagus | provenance=auto_extracted_from_uploaded_manuals_v1_0 | crosswalk_v1.3 source_site=Esophagus and EGJ -> tool_site=Esophagus and Esophagogastric Junction: Other Histologies | SURROGATE_AJCC8_FROM_AJCC7_REVIEW_REQUIRED_v1.7: no AJCC8 stage-grouping rule rows were extractable from the uploaded AJCC8 PDF for this site; copied from AJCC7 to avoid blank result pending cancer committee validation.
Esophagus and Esophagogastric Junction: Other Histologies,AJCC8,any,T2|T3,N0,M02-3,Any,Any,IIB,"source_page=119; extract_method=stage_first; extra_factors/raw_extra=Upper, middle | C15.8 Overlapping lesion | provenance=auto_extracted_from_uploaded_manuals_v1_0 | crosswalk_v1.3 source_site=Esophagus and EGJ -> tool_site=Esophagus and Esophagogastric Junction: Other Histologies | SURROGATE_AJCC8_FROM_AJCC7_REVIEW_REQUIRED_v1.7: no AJCC8 stage-grouping rule rows were extractable from the uploaded AJCC8 PDF for this site; copied from AJCC7 to avoid blank result pending cancer committee validation."
Esophagus and Esophagogastric Junction: Other Histologies,AJCC8,any,T2|T3,N0,M02-3,Any,Any,IIA,"source_page=119; extract_method=stage_carried; extra_factors/raw_extra=Lower, X | of esophagus | provenance=auto_extracted_from_uploaded_manuals_v1_0 | crosswalk_v1.3 source_site=Esophagus and EGJ -> tool_site=Esophagus and Esophagogastric Junction: Other Histologies | SURROGATE_AJCC8_FROM_AJCC7_REVIEW_REQUIRED_v1.7: no AJCC8 stage-grouping rule rows were extractable from the uploaded AJCC8 PDF for this site; copied from AJCC7 to avoid blank result pending cancer committee validation."
Esophagus and Esophagogastric Junction: Other Histologies,AJCC8,any,T2|T3,N0,M01|X,Any,Any,IIA,"source_page=119; extract_method=stage_first; extra_factors/raw_extra=Upper, middle | C15.5 Lower third | provenance=auto_extracted_from_uploaded_manuals_v1_0 | crosswalk_v1.3 source_site=Esophagus and EGJ -> tool_site=Esophagus and Esophagogastric Junction: Other Histologies | SURROGATE_AJCC8_FROM_AJCC7_REVIEW_REQUIRED_v1.7: no AJCC8 stage-grouping rule rows were extractable from the uploaded AJCC8 PDF for this site; copied from AJCC7 to avoid blank result pending cancer committee validation."
Esophagus and Esophagogastric Junction: Other Histologies,AJCC8,any,T2|T3,N0,M01|X,Any,Any,IB,"source_page=119; extract_method=stage_carried; extra_factors/raw_extra=Lower, X | C15.4 Middle third | provenance=auto_extracted_from_uploaded_manuals_v1_0 | crosswalk_v1.3 source_site=Esophagus and EGJ -> tool_site=Esophagus and Esophagogastric Junction: Other Histologies | SURROGATE_AJCC8_FROM_AJCC7_REVIEW_REQUIRED_v1.7: no AJCC8 stage-grouping rule rows were extractable from the uploaded AJCC8 PDF for this site; copied from AJCC7 to avoid blank result pending cancer committee validation."
Bone: Spine,AJCC8,any,Any,N1,Any,Any,Any,IVB,source_page=305; extract_method=stage_first; extra_factors/raw_extra=Any G | IVB | Any T | N1 | Any M | Any G | provenance=auto_extracted_from_uploaded_manuals_v1_0 | crosswalk_v1.3 source_site=Bone -> tool_site=Bone: Spine | SURROGATE_AJCC8_FROM_AJCC7_REVIEW_REQUIRED_v1.7: no AJCC8 stage-grouping rule rows were extractable from the uploaded AJCC8 PDF for this site; copied from AJCC7 to avoid blank result pending cancer committee validation.
Bone: Spine,AJCC8,any,Any,N0,M1a,Any,Any,IVA,source_page=305; extract_method=stage_first; extra_factors/raw_extra=Any G | IVA | Any T | N0 | M1a | Any G | provenance=auto_extracted_from_uploaded_manuals_v1_0 | crosswalk_v1.3 source_site=Bone -> tool_site=Bone: Spine | SURROGATE_AJCC8_FROM_AJCC7_REVIEW_REQUIRED_v1.7: no AJCC8 stage-grouping rule rows were extractable from the uploaded AJCC8 PDF for this site; copied from AJCC7 to avoid blank result pending cancer committee validation.
Bone: Spine,AJCC8,any,T1,N0,M0,Any,Any,IIA,"source_page=300; extract_method=stage_first; extra_factors/raw_extra=G3, 4 High grade | Clear cell; duplicate_source_page=305 | provenance=auto_extracted_from_uploaded_manuals_v1_0 | crosswalk_v1.3 source_site=Bone -> tool_site=Bone: Spine | SURROGATE_AJCC8_FROM_AJCC7_REVIEW_REQUIRED_v1.7: no AJCC8 stage-grouping rule rows were extractable from the uploaded AJCC8 PDF for this site; copied from AJCC7 to avoid blank result pending cancer committee validation."
Bone: Spine,AJCC8,any,T3,N0,M0,Any,Any,III,"source_page=297; extract_method=stage_first; extra_factors/raw_extra=G3, 4 | C40.2 Long bones of; duplicate_source_page=300; duplicate_source_page=305 | provenance=auto_extracted_from_uploaded_manuals_v1_0 | crosswalk_v1.3 source_site=Bone -> tool_site=Bone: Spine | SURROGATE_AJCC8_FROM_AJCC7_REVIEW_REQUIRED_v1.7: no AJCC8 stage-grouping rule rows were extractable from the uploaded AJCC8 PDF for this site; copied from AJCC7 to avoid blank result pending cancer committee validation."
Anus,AJCC8,any,T2,N0,M0,Any,Any,II,source_page=181; extract_method=stage_first; extra_factors/raw_extra=C21.8 Overlapping lesion; duplicate_source_page=185; duplicate_source_page=187 | provenance=auto_extracted_from_uploaded_manuals_v1_0 | crosswalk_v1.3 source_site=Anus -> tool_site=Anus | SURROGATE_AJCC8_FROM_AJCC7_REVIEW_REQUIRED_v1.7: no AJCC8 stage-grouping rule rows were extractable from the uploaded AJCC8 PDF for this site; copied from AJCC7 to avoid blank result pending cancer committee validation.
Anus,AJCC8,any,T1,N0,M0,Any,Any,I,source_page=181; extract_method=stage_first; extra_factors/raw_extra=C21.1 Anal canal; duplicate_source_page=185; duplicate_source_page=187 | provenance=auto_extracted_from_uploaded_manuals_v1_0 | crosswalk_v1.3 source_site=Anus -> tool_site=Anus | SURROGATE_AJCC8_FROM_AJCC7_REVIEW_REQUIRED_v1.7: no AJCC8 stage-grouping rule rows were extractable from the uploaded AJCC8 PDF for this site; copied from AJCC7 to avoid blank result pending cancer committee validation.
Anus,AJCC8,any,Tis,N0,M0,Any,Any,0,"source_page=181; extract_method=stage_first; extra_factors/raw_extra=C21.0 Anus, NOS; duplicate_source_page=185; duplicate_source_page=187 | provenance=auto_extracted_from_uploaded_manuals_v1_0 | crosswalk_v1.3 source_site=Anus -> tool_site=Anus | SURROGATE_AJCC8_FROM_AJCC7_REVIEW_REQUIRED_v1.7: no AJCC8 stage-grouping rule rows were extractable from the uploaded AJCC8 PDF for this site; copied from AJCC7 to avoid blank result pending cancer committee validation."
Adrenal – Neuroendocrine Tumors,AJCC8,any,T4,N1,M0,Any,Any,IV,source_page=531; extract_method=stage_carried; duplicate_source_page=533; duplicate_source_page=535 | provenance=auto_extracted_from_uploaded_manuals_v1_0 | crosswalk_v1.3 source_site=Adrenal -> tool_site=Adrenal – Neuroendocrine Tumors | SURROGATE_AJCC8_FROM_AJCC7_REVIEW_REQUIRED_v1.7: no AJCC8 stage-grouping rule rows were extractable from the uploaded AJCC8 PDF for this site; copied from AJCC7 to avoid blank result pending cancer committee validation.
Adrenal – Neuroendocrine Tumors,AJCC8,any,T4,N0,M0,Any,Any,IV,"source_page=531; extract_method=stage_carried; extra_factors/raw_extra=8140 (C74.0 only), 8370; duplicate_source_page=533; duplicate_source_page=535 | provenance=auto_extracted_from_uploaded_manuals_v1_0 | crosswalk_v1.3 source_site=Adrenal -> tool_site=Adrenal – Neuroendocrine Tumors | SURROGATE_AJCC8_FROM_AJCC7_REVIEW_REQUIRED_v1.7: no AJCC8 stage-grouping rule rows were extractable from the uploaded AJCC8 PDF for this site; copied from AJCC7 to avoid blank result pending cancer committee validation."
Adrenal – Neuroendocrine Tumors,AJCC8,any,T3,N1,M0,Any,Any,IV,"source_page=531; extract_method=stage_first; extra_factors/raw_extra=8010 (C74.0 only),; duplicate_source_page=533; duplicate_source_page=535 | provenance=auto_extracted_from_uploaded_manuals_v1_0 | crosswalk_v1.3 source_site=Adrenal -> tool_site=Adrenal – Neuroendocrine Tumors | SURROGATE_AJCC8_FROM_AJCC7_REVIEW_REQUIRED_v1.7: no AJCC8 stage-grouping rule rows were extractable from the uploaded AJCC8 PDF for this site; copied from AJCC7 to avoid blank result pending cancer committee validation."
Adrenal – Neuroendocrine Tumors,AJCC8,any,T3,N0,M0,Any,Any,III,source_page=531; extract_method=stage_carried; extra_factors/raw_extra=CODE; duplicate_source_page=533; duplicate_source_page=535 | provenance=auto_extracted_from_uploaded_manuals_v1_0 | crosswalk_v1.3 source_site=Adrenal -> tool_site=Adrenal – Neuroendocrine Tumors | SURROGATE_AJCC8_FROM_AJCC7_REVIEW_REQUIRED_v1.7: no AJCC8 stage-grouping rule rows were extractable from the uploaded AJCC8 PDF for this site; copied from AJCC7 to avoid blank result pending cancer committee validation.
Adrenal – Neuroendocrine Tumors,AJCC8,any,T2,N1,M0,Any,Any,III,source_page=531; extract_method=stage_carried; extra_factors/raw_extra=ICD-O-3 HISTOLOGY; duplicate_source_page=533; duplicate_source_page=535 | provenance=auto_extracted_from_uploaded_manuals_v1_0 | crosswalk_v1.3 source_site=Adrenal -> tool_site=Adrenal – Neuroendocrine Tumors | SURROGATE_AJCC8_FROM_AJCC7_REVIEW_REQUIRED_v1.7: no AJCC8 stage-grouping rule rows were extractable from the uploaded AJCC8 PDF for this site; copied from AJCC7 to avoid blank result pending cancer committee validation.
Adrenal – Neuroendocrine Tumors,AJCC8,any,T1,N1,M0,Any,Any,III,source_page=531; extract_method=stage_first; duplicate_source_page=533; duplicate_source_page=535 | provenance=auto_extracted_from_uploaded_manuals_v1_0 | crosswalk_v1.3 source_site=Adrenal -> tool_site=Adrenal – Neuroendocrine Tumors | SURROGATE_AJCC8_FROM_AJCC7_REVIEW_REQUIRED_v1.7: no AJCC8 stage-grouping rule rows were extractable from the uploaded AJCC8 PDF for this site; copied from AJCC7 to avoid blank result pending cancer committee validation.
Adrenal – Neuroendocrine Tumors,AJCC8,any,T2,N0,M0,Any,Any,II,source_page=531; extract_method=stage_first; extra_factors/raw_extra=gland; duplicate_source_page=533; duplicate_source_page=535 | provenance=auto_extracted_from_uploaded_manuals_v1_0 | crosswalk_v1.3 source_site=Adrenal -> tool_site=Adrenal – Neuroendocrine Tumors | SURROGATE_AJCC8_FROM_AJCC7_REVIEW_REQUIRED_v1.7: no AJCC8 stage-grouping rule rows were extractable from the uploaded AJCC8 PDF for this site; copied from AJCC7 to avoid blank result pending cancer committee validation.
Adrenal – Neuroendocrine Tumors,AJCC8,any,Any,Any,M1,Any,Any,IV,source_page=197; extract_method=stage_first; extra_factors/raw_extra=C24.1 | Ampulla of; duplicate_source_page=204 | provenance=auto_extracted_from_uploaded_manuals_v1_0 | crosswalk_v1.3 source_site=Neuroendocrine Tumors -> tool_site=Adrenal – Neuroendocrine Tumors | source_page=531; extract_method=stage_carried; duplicate_source_page=533; duplicate_source_page=535 | provenance=auto_extracted_from_uploaded_manuals_v1_0 | crosswalk_v1.3 source_site=Adrenal -> tool_site=Adrenal – Neuroendocrine Tumors | SURROGATE_AJCC8_FROM_AJCC7_REVIEW_REQUIRED_v1.7: no AJCC8 stage-grouping rule rows were extractable from the uploaded AJCC8 PDF for this site; copied from AJCC7 to avoid blank result pending cancer committee validation.
Adrenal – Neuroendocrine Tumors,AJCC8,any,Any,N1,M0,Any,Any,IIIB,source_page=197; extract_method=stage_first; extra_factors/raw_extra=junction; duplicate_source_page=204 | provenance=auto_extracted_from_uploaded_manuals_v1_0 | crosswalk_v1.3 source_site=Neuroendocrine Tumors -> tool_site=Adrenal – Neuroendocrine Tumors | SURROGATE_AJCC8_FROM_AJCC7_REVIEW_REQUIRED_v1.7: no AJCC8 stage-grouping rule rows were extractable from the uploaded AJCC8 PDF for this site; copied from AJCC7 to avoid blank result pending cancer committee validation.
Adrenal – Neuroendocrine Tumors,AJCC8,any,T4,N0,M0,Any,Any,IIIA,source_page=197; extract_method=stage_first; extra_factors/raw_extra=C19.9 | Rectosigmoid; duplicate_source_page=204 | provenance=auto_extracted_from_uploaded_manuals_v1_0 | crosswalk_v1.3 source_site=Neuroendocrine Tumors -> tool_site=Adrenal – Neuroendocrine Tumors | SURROGATE_AJCC8_FROM_AJCC7_REVIEW_REQUIRED_v1.7: no AJCC8 stage-grouping rule rows were extractable from the uploaded AJCC8 PDF for this site; copied from AJCC7 to avoid blank result pending cancer committee validation.
Adrenal – Neuroendocrine Tumors,AJCC8,any,T3,N0,M0,Any,Any,IIB,source_page=197; extract_method=stage_first; extra_factors/raw_extra=C18.2-C18.9 (excludes; duplicate_source_page=204 | provenance=auto_extracted_from_uploaded_manuals_v1_0 | crosswalk_v1.3 source_site=Neuroendocrine Tumors -> tool_site=Adrenal – Neuroendocrine Tumors | SURROGATE_AJCC8_FROM_AJCC7_REVIEW_REQUIRED_v1.7: no AJCC8 stage-grouping rule rows were extractable from the uploaded AJCC8 PDF for this site; copied from AJCC7 to avoid blank result pending cancer committee validation.
Adrenal – Neuroendocrine Tumors,AJCC8,any,T2,N0,M0,Any,Any,IIA,"source_page=197; extract_method=stage_first; extra_factors/raw_extra=C18.0, | Colon; duplicate_source_page=204 | provenance=auto_extracted_from_uploaded_manuals_v1_0 | crosswalk_v1.3 source_site=Neuroendocrine Tumors -> tool_site=Adrenal – Neuroendocrine Tumors | SURROGATE_AJCC8_FROM_AJCC7_REVIEW_REQUIRED_v1.7: no AJCC8 stage-grouping rule rows were extractable from the uploaded AJCC8 PDF for this site; copied from AJCC7 to avoid blank result pending cancer committee validation."
Adrenal – Neuroendocrine Tumors,AJCC8,any,T1,N0,M0,Any,Any,I,source_page=197; extract_method=stage_first; extra_factors/raw_extra=C17.0-C17.9 Small; duplicate_source_page=204 | provenance=auto_extracted_from_uploaded_manuals_v1_0 | crosswalk_v1.3 source_site=Neuroendocrine Tumors -> tool_site=Adrenal – Neuroendocrine Tumors | source_page=531; extract_method=stage_first; extra_factors/raw_extra=C74.0 Cortex of adrenal; duplicate_source_page=533; duplicate_source_page=535 | provenance=auto_extracted_from_uploaded_manuals_v1_0 | crosswalk_v1.3 source_site=Adrenal -> tool_site=Adrenal – Neuroendocrine Tumors | SURROGATE_AJCC8_FROM_AJCC7_REVIEW_REQUIRED_v1.7: no AJCC8 stage-grouping rule rows were extractable from the uploaded AJCC8 PDF for this site; copied from AJCC7 to avoid blank result pending cancer committee validation.
Adrenal – Neuroendocrine Tumors,AJCC8,any,Tis,N0,M0,Any,Any,0,source_page=197; extract_method=stage_first; extra_factors/raw_extra=C16.0-C16.9 Stomach; duplicate_source_page=204 | provenance=auto_extracted_from_uploaded_manuals_v1_0 | crosswalk_v1.3 source_site=Neuroendocrine Tumors -> tool_site=Adrenal – Neuroendocrine Tumors | SURROGATE_AJCC8_FROM_AJCC7_REVIEW_REQUIRED_v1.7: no AJCC8 stage-grouping rule rows were extractable from the uploaded AJCC8 PDF for this site; copied from AJCC7 to avoid blank result pending cancer committee validation.
Adrenal Cortical Carcinoma,AJCC8,any,Any,Any,M1,Any,Any,IV,source_page=531; extract_method=stage_carried; duplicate_source_page=533; duplicate_source_page=535 | provenance=auto_extracted_from_uploaded_manuals_v1_0 | crosswalk_v1.3 source_site=Adrenal -> tool_site=Adrenal Cortical Carcinoma | SURROGATE_AJCC8_FROM_AJCC7_REVIEW_REQUIRED_v1.7: no AJCC8 stage-grouping rule rows were extractable from the uploaded AJCC8 PDF for this site; copied from AJCC7 to avoid blank result pending cancer committee validation.
Adrenal Cortical Carcinoma,AJCC8,any,T4,N1,M0,Any,Any,IV,source_page=531; extract_method=stage_carried; duplicate_source_page=533; duplicate_source_page=535 | provenance=auto_extracted_from_uploaded_manuals_v1_0 | crosswalk_v1.3 source_site=Adrenal -> tool_site=Adrenal Cortical Carcinoma | SURROGATE_AJCC8_FROM_AJCC7_REVIEW_REQUIRED_v1.7: no AJCC8 stage-grouping rule rows were extractable from the uploaded AJCC8 PDF for this site; copied from AJCC7 to avoid blank result pending cancer committee validation.
Adrenal Cortical Carcinoma,AJCC8,any,T4,N0,M0,Any,Any,IV,"source_page=531; extract_method=stage_carried; extra_factors/raw_extra=8140 (C74.0 only), 8370; duplicate_source_page=533; duplicate_source_page=535 | provenance=auto_extracted_from_uploaded_manuals_v1_0 | crosswalk_v1.3 source_site=Adrenal -> tool_site=Adrenal Cortical Carcinoma | SURROGATE_AJCC8_FROM_AJCC7_REVIEW_REQUIRED_v1.7: no AJCC8 stage-grouping rule rows were extractable from the uploaded AJCC8 PDF for this site; copied from AJCC7 to avoid blank result pending cancer committee validation."
Adrenal Cortical Carcinoma,AJCC8,any,T3,N1,M0,Any,Any,IV,"source_page=531; extract_method=stage_first; extra_factors/raw_extra=8010 (C74.0 only),; duplicate_source_page=533; duplicate_source_page=535 | provenance=auto_extracted_from_uploaded_manuals_v1_0 | crosswalk_v1.3 source_site=Adrenal -> tool_site=Adrenal Cortical Carcinoma | SURROGATE_AJCC8_FROM_AJCC7_REVIEW_REQUIRED_v1.7: no AJCC8 stage-grouping rule rows were extractable from the uploaded AJCC8 PDF for this site; copied from AJCC7 to avoid blank result pending cancer committee validation."
Adrenal Cortical Carcinoma,AJCC8,any,T3,N0,M0,Any,Any,III,source_page=531; extract_method=stage_carried; extra_factors/raw_extra=CODE; duplicate_source_page=533; duplicate_source_page=535 | provenance=auto_extracted_from_uploaded_manuals_v1_0 | crosswalk_v1.3 source_site=Adrenal -> tool_site=Adrenal Cortical Carcinoma | SURROGATE_AJCC8_FROM_AJCC7_REVIEW_REQUIRED_v1.7: no AJCC8 stage-grouping rule rows were extractable from the uploaded AJCC8 PDF for this site; copied from AJCC7 to avoid blank result pending cancer committee validation.
Adrenal Cortical Carcinoma,AJCC8,any,T2,N1,M0,Any,Any,III,source_page=531; extract_method=stage_carried; extra_factors/raw_extra=ICD-O-3 HISTOLOGY; duplicate_source_page=533; duplicate_source_page=535 | provenance=auto_extracted_from_uploaded_manuals_v1_0 | crosswalk_v1.3 source_site=Adrenal -> tool_site=Adrenal Cortical Carcinoma | SURROGATE_AJCC8_FROM_AJCC7_REVIEW_REQUIRED_v1.7: no AJCC8 stage-grouping rule rows were extractable from the uploaded AJCC8 PDF for this site; copied from AJCC7 to avoid blank result pending cancer committee validation.
Adrenal Cortical Carcinoma,AJCC8,any,T1,N1,M0,Any,Any,III,source_page=531; extract_method=stage_first; duplicate_source_page=533; duplicate_source_page=535 | provenance=auto_extracted_from_uploaded_manuals_v1_0 | crosswalk_v1.3 source_site=Adrenal -> tool_site=Adrenal Cortical Carcinoma | SURROGATE_AJCC8_FROM_AJCC7_REVIEW_REQUIRED_v1.7: no AJCC8 stage-grouping rule rows were extractable from the uploaded AJCC8 PDF for this site; copied from AJCC7 to avoid blank result pending cancer committee validation.
Adrenal Cortical Carcinoma,AJCC8,any,T2,N0,M0,Any,Any,II,source_page=531; extract_method=stage_first; extra_factors/raw_extra=gland; duplicate_source_page=533; duplicate_source_page=535 | provenance=auto_extracted_from_uploaded_manuals_v1_0 | crosswalk_v1.3 source_site=Adrenal -> tool_site=Adrenal Cortical Carcinoma | SURROGATE_AJCC8_FROM_AJCC7_REVIEW_REQUIRED_v1.7: no AJCC8 stage-grouping rule rows were extractable from the uploaded AJCC8 PDF for this site; copied from AJCC7 to avoid blank result pending cancer committee validation.
Adrenal Cortical Carcinoma,AJCC8,any,T1,N0,M0,Any,Any,I,source_page=531; extract_method=stage_first; extra_factors/raw_extra=C74.0 Cortex of adrenal; duplicate_source_page=533; duplicate_source_page=535 | provenance=auto_extracted_from_uploaded_manuals_v1_0 | crosswalk_v1.3 source_site=Adrenal -> tool_site=Adrenal Cortical Carcinoma | SURROGATE_AJCC8_FROM_AJCC7_REVIEW_REQUIRED_v1.7: no AJCC8 stage-grouping rule rows were extractable from the uploaded AJCC8 PDF for this site; copied from AJCC7 to avoid blank result pending cancer committee validation.
Vagina,AJCC8,any,Any,Any,M1,Any,Any,IVB,source_page=403; extract_method=stage_first; duplicate_source_page=404; duplicate_source_page=407 | provenance=auto_extracted_from_uploaded_manuals_v1_0 | crosswalk_v1.3 source_site=Vagina -> tool_site=Vagina | SURROGATE_AJCC8_FROM_AJCC7_REVIEW_REQUIRED_v1.7: no AJCC8 stage-grouping rule rows were extractable from the uploaded AJCC8 PDF for this site; copied from AJCC7 to avoid blank result pending cancer committee validation.
Anus,AJCC8,any,T3,N0,M0,Any,Any,II,"source_page=181; extract_method=stage_carried; extra_factors/raw_extra=of rectum, anus,; duplicate_source_page=185; duplicate_source_page=187 | provenance=auto_extracted_from_uploaded_manuals_v1_0 | crosswalk_v1.3 source_site=Anus -> tool_site=Anus | SURROGATE_AJCC8_FROM_AJCC7_REVIEW_REQUIRED_v1.7: no AJCC8 stage-grouping rule rows were extractable from the uploaded AJCC8 PDF for this site; copied from AJCC7 to avoid blank result pending cancer committee validation."
Esophagus and Esophagogastric Junction: Other Histologies,AJCC8,yp,T2,N0,M03,Any,Any,IIA,source_page=125; extract_method=stage_first | provenance=auto_extracted_from_uploaded_manuals_v1_0 | crosswalk_v1.3 source_site=Esophagus and EGJ -> tool_site=Esophagus and Esophagogastric Junction: Other Histologies | SURROGATE_AJCC8_FROM_AJCC7_REVIEW_REQUIRED_v1.7: no AJCC8 stage-grouping rule rows were extractable from the uploaded AJCC8 PDF for this site; copied from AJCC7 to avoid blank result pending cancer committee validation.
Anus,AJCC8,any,T1,N1,M0,Any,Any,IIIA,source_page=181; extract_method=stage_first; extra_factors/raw_extra=and anal canal; duplicate_source_page=185; duplicate_source_page=187 | provenance=auto_extracted_from_uploaded_manuals_v1_0 | crosswalk_v1.3 source_site=Anus -> tool_site=Anus | SURROGATE_AJCC8_FROM_AJCC7_REVIEW_REQUIRED_v1.7: no AJCC8 stage-grouping rule rows were extractable from the uploaded AJCC8 PDF for this site; copied from AJCC7 to avoid blank result pending cancer committee validation.
Anus,AJCC8,any,T3,N1,M0,Any,Any,IIIA,source_page=181; extract_method=stage_carried; extra_factors/raw_extra=ICD-O-3 HISTOLOGY; duplicate_source_page=185; duplicate_source_page=187 | provenance=auto_extracted_from_uploaded_manuals_v1_0 | crosswalk_v1.3 source_site=Anus -> tool_site=Anus | SURROGATE_AJCC8_FROM_AJCC7_REVIEW_REQUIRED_v1.7: no AJCC8 stage-grouping rule rows were extractable from the uploaded AJCC8 PDF for this site; copied from AJCC7 to avoid blank result pending cancer committee validation.
Bone: Spine,AJCC8,any,T2,N0,M0,Any,Any,IIB,"source_page=297; extract_method=stage_first; extra_factors/raw_extra=G3, 4 High grade | upper limb and; duplicate_source_page=300; duplicate_source_page=305 | provenance=auto_extracted_from_uploaded_manuals_v1_0 | crosswalk_v1.3 source_site=Bone -> tool_site=Bone: Spine | SURROGATE_AJCC8_FROM_AJCC7_REVIEW_REQUIRED_v1.7: no AJCC8 stage-grouping rule rows were extractable from the uploaded AJCC8 PDF for this site; copied from AJCC7 to avoid blank result pending cancer committee validation."
Bone: Spine,AJCC8,any,T3,N0,M0,Any,Any,IB,"source_page=297; extract_method=stage_carried; extra_factors/raw_extra=G1,2 Low grade, GX | and associated; duplicate_source_page=300; duplicate_source_page=305 | provenance=auto_extracted_from_uploaded_manuals_v1_0 | crosswalk_v1.3 source_site=Bone -> tool_site=Bone: Spine | SURROGATE_AJCC8_FROM_AJCC7_REVIEW_REQUIRED_v1.7: no AJCC8 stage-grouping rule rows were extractable from the uploaded AJCC8 PDF for this site; copied from AJCC7 to avoid blank result pending cancer committee validation."
Bone: Spine,AJCC8,any,T2,N0,M0,Any,Any,IB,"source_page=297; extract_method=stage_first; extra_factors/raw_extra=G1,2 Low grade, GX | upper limb, scapula,; duplicate_source_page=300; duplicate_source_page=305 | provenance=auto_extracted_from_uploaded_manuals_v1_0 | crosswalk_v1.3 source_site=Bone -> tool_site=Bone: Spine | SURROGATE_AJCC8_FROM_AJCC7_REVIEW_REQUIRED_v1.7: no AJCC8 stage-grouping rule rows were extractable from the uploaded AJCC8 PDF for this site; copied from AJCC7 to avoid blank result pending cancer committee validation."
Bone: Spine,AJCC8,any,T1,N0,M0,Any,Any,IA,"source_page=297; extract_method=stage_first; extra_factors/raw_extra=G1,2 Low grade, GX | C40.0 Long bones of; duplicate_source_page=300; duplicate_source_page=305 | provenance=auto_extracted_from_uploaded_manuals_v1_0 | crosswalk_v1.3 source_site=Bone -> tool_site=Bone: Spine | SURROGATE_AJCC8_FROM_AJCC7_REVIEW_REQUIRED_v1.7: no AJCC8 stage-grouping rule rows were extractable from the uploaded AJCC8 PDF for this site; copied from AJCC7 to avoid blank result pending cancer committee validation."
Bone: Pelvis,AJCC8,any,Any,Any,M1b,Any,Any,IVB,source_page=305; extract_method=stage_carried; extra_factors/raw_extra=Any G | Any T | Any N | M1b | Any G | provenance=auto_extracted_from_uploaded_manuals_v1_0 | crosswalk_v1.3 source_site=Bone -> tool_site=Bone: Pelvis | SURROGATE_AJCC8_FROM_AJCC7_REVIEW_REQUIRED_v1.7: no AJCC8 stage-grouping rule rows were extractable from the uploaded AJCC8 PDF for this site; copied from AJCC7 to avoid blank result pending cancer committee validation.
Bone: Pelvis,AJCC8,any,Any,N1,Any,Any,Any,IVB,source_page=305; extract_method=stage_first; extra_factors/raw_extra=Any G | IVB | Any T | N1 | Any M | Any G | provenance=auto_extracted_from_uploaded_manuals_v1_0 | crosswalk_v1.3 source_site=Bone -> tool_site=Bone: Pelvis | SURROGATE_AJCC8_FROM_AJCC7_REVIEW_REQUIRED_v1.7: no AJCC8 stage-grouping rule rows were extractable from the uploaded AJCC8 PDF for this site; copied from AJCC7 to avoid blank result pending cancer committee validation.
Bone: Pelvis,AJCC8,any,Any,N0,M1a,Any,Any,IVA,source_page=305; extract_method=stage_first; extra_factors/raw_extra=Any G | IVA | Any T | N0 | M1a | Any G | provenance=auto_extracted_from_uploaded_manuals_v1_0 | crosswalk_v1.3 source_site=Bone -> tool_site=Bone: Pelvis | SURROGATE_AJCC8_FROM_AJCC7_REVIEW_REQUIRED_v1.7: no AJCC8 stage-grouping rule rows were extractable from the uploaded AJCC8 PDF for this site; copied from AJCC7 to avoid blank result pending cancer committee validation.
Bone: Pelvis,AJCC8,any,T1,N0,M0,Any,Any,IIA,"source_page=300; extract_method=stage_first; extra_factors/raw_extra=G3, 4 High grade | Clear cell; duplicate_source_page=305 | provenance=auto_extracted_from_uploaded_manuals_v1_0 | crosswalk_v1.3 source_site=Bone -> tool_site=Bone: Pelvis | SURROGATE_AJCC8_FROM_AJCC7_REVIEW_REQUIRED_v1.7: no AJCC8 stage-grouping rule rows were extractable from the uploaded AJCC8 PDF for this site; copied from AJCC7 to avoid blank result pending cancer committee validation."
Bone: Pelvis,AJCC8,any,T3,N0,M0,Any,Any,III,"source_page=297; extract_method=stage_first; extra_factors/raw_extra=G3, 4 | C40.2 Long bones of; duplicate_source_page=300; duplicate_source_page=305 | provenance=auto_extracted_from_uploaded_manuals_v1_0 | crosswalk_v1.3 source_site=Bone -> tool_site=Bone: Pelvis | SURROGATE_AJCC8_FROM_AJCC7_REVIEW_REQUIRED_v1.7: no AJCC8 stage-grouping rule rows were extractable from the uploaded AJCC8 PDF for this site; copied from AJCC7 to avoid blank result pending cancer committee validation."
Bone: Pelvis,AJCC8,any,T2,N0,M0,Any,Any,IIB,"source_page=297; extract_method=stage_first; extra_factors/raw_extra=G3, 4 High grade | upper limb and; duplicate_source_page=300; duplicate_source_page=305 | provenance=auto_extracted_from_uploaded_manuals_v1_0 | crosswalk_v1.3 source_site=Bone -> tool_site=Bone: Pelvis | SURROGATE_AJCC8_FROM_AJCC7_REVIEW_REQUIRED_v1.7: no AJCC8 stage-grouping rule rows were extractable from the uploaded AJCC8 PDF for this site; copied from AJCC7 to avoid blank result pending cancer committee validation."
Bone: Pelvis,AJCC8,any,T3,N0,M0,Any,Any,IB,"source_page=297; extract_method=stage_carried; extra_factors/raw_extra=G1,2 Low grade, GX | and associated; duplicate_source_page=300; duplicate_source_page=305 | provenance=auto_extracted_from_uploaded_manuals_v1_0 | crosswalk_v1.3 source_site=Bone -> tool_site=Bone: Pelvis | SURROGATE_AJCC8_FROM_AJCC7_REVIEW_REQUIRED_v1.7: no AJCC8 stage-grouping rule rows were extractable from the uploaded AJCC8 PDF for this site; copied from AJCC7 to avoid blank result pending cancer committee validation."
Bone: Pelvis,AJCC8,any,T2,N0,M0,Any,Any,IB,"source_page=297; extract_method=stage_first; extra_factors/raw_extra=G1,2 Low grade, GX | upper limb, scapula,; duplicate_source_page=300; duplicate_source_page=305 | provenance=auto_extracted_from_uploaded_manuals_v1_0 | crosswalk_v1.3 source_site=Bone -> tool_site=Bone: Pelvis | SURROGATE_AJCC8_FROM_AJCC7_REVIEW_REQUIRED_v1.7: no AJCC8 stage-grouping rule rows were extractable from the uploaded AJCC8 PDF for this site; copied from AJCC7 to avoid blank result pending cancer committee validation."
Bone: Pelvis,AJCC8,any,T1,N0,M0,Any,Any,IA,"source_page=297; extract_method=stage_first; extra_factors/raw_extra=G1,2 Low grade, GX | C40.0 Long bones of; duplicate_source_page=300; duplicate_source_page=305 | provenance=auto_extracted_from_uploaded_manuals_v1_0 | crosswalk_v1.3 source_site=Bone -> tool_site=Bone: Pelvis | SURROGATE_AJCC8_FROM_AJCC7_REVIEW_REQUIRED_v1.7: no AJCC8 stage-grouping rule rows were extractable from the uploaded AJCC8 PDF for this site; copied from AJCC7 to avoid blank result pending cancer committee validation."
"Bone: Appendicular Skeleton, Trunk, Skull and Facial Bones",AJCC8,any,Any,Any,M1b,Any,Any,IVB,"source_page=305; extract_method=stage_carried; extra_factors/raw_extra=Any G | Any T | Any N | M1b | Any G | provenance=auto_extracted_from_uploaded_manuals_v1_0 | crosswalk_v1.3 source_site=Bone -> tool_site=Bone: Appendicular Skeleton, Trunk, Skull and Facial Bones | SURROGATE_AJCC8_FROM_AJCC7_REVIEW_REQUIRED_v1.7: no AJCC8 stage-grouping rule rows were extractable from the uploaded AJCC8 PDF for this site; copied from AJCC7 to avoid blank result pending cancer committee validation."
"Bone: Appendicular Skeleton, Trunk, Skull and Facial Bones",AJCC8,any,Any,N1,Any,Any,Any,IVB,"source_page=305; extract_method=stage_first; extra_factors/raw_extra=Any G | IVB | Any T | N1 | Any M | Any G | provenance=auto_extracted_from_uploaded_manuals_v1_0 | crosswalk_v1.3 source_site=Bone -> tool_site=Bone: Appendicular Skeleton, Trunk, Skull and Facial Bones | SURROGATE_AJCC8_FROM_AJCC7_REVIEW_REQUIRED_v1.7: no AJCC8 stage-grouping rule rows were extractable from the uploaded AJCC8 PDF for this site; copied from AJCC7 to avoid blank result pending cancer committee validation."
"Bone: Appendicular Skeleton, Trunk, Skull and Facial Bones",AJCC8,any,Any,N0,M1a,Any,Any,IVA,"source_page=305; extract_method=stage_first; extra_factors/raw_extra=Any G | IVA | Any T | N0 | M1a | Any G | provenance=auto_extracted_from_uploaded_manuals_v1_0 | crosswalk_v1.3 source_site=Bone -> tool_site=Bone: Appendicular Skeleton, Trunk, Skull and Facial Bones | SURROGATE_AJCC8_FROM_AJCC7_REVIEW_REQUIRED_v1.7: no AJCC8 stage-grouping rule rows were extractable from the uploaded AJCC8 PDF for this site; copied from AJCC7 to avoid blank result pending cancer committee validation."
"Bone: Appendicular Skeleton, Trunk, Skull and Facial Bones",AJCC8,any,T1,N0,M0,Any,Any,IIA,"source_page=300; extract_method=stage_first; extra_factors/raw_extra=G3, 4 High grade | Clear cell; duplicate_source_page=305 | provenance=auto_extracted_from_uploaded_manuals_v1_0 | crosswalk_v1.3 source_site=Bone -> tool_site=Bone: Appendicular Skeleton, Trunk, Skull and Facial Bones | SURROGATE_AJCC8_FROM_AJCC7_REVIEW_REQUIRED_v1.7: no AJCC8 stage-grouping rule rows were extractable from the uploaded AJCC8 PDF for this site; copied from AJCC7 to avoid blank result pending cancer committee validation."
"Bone: Appendicular Skeleton, Trunk, Skull and Facial Bones",AJCC8,any,T3,N0,M0,Any,Any,III,"source_page=297; extract_method=stage_first; extra_factors/raw_extra=G3, 4 | C40.2 Long bones of; duplicate_source_page=300; duplicate_source_page=305 | provenance=auto_extracted_from_uploaded_manuals_v1_0 | crosswalk_v1.3 source_site=Bone -> tool_site=Bone: Appendicular Skeleton, Trunk, Skull and Facial Bones | SURROGATE_AJCC8_FROM_AJCC7_REVIEW_REQUIRED_v1.7: no AJCC8 stage-grouping rule rows were extractable from the uploaded AJCC8 PDF for this site; copied from AJCC7 to avoid blank result pending cancer committee validation."
"Bone: Appendicular Skeleton, Trunk, Skull and Facial Bones",AJCC8,any,T2,N0,M0,Any,Any,IIB,"source_page=297; extract_method=stage_first; extra_factors/raw_extra=G3, 4 High grade | upper limb and; duplicate_source_page=300; duplicate_source_page=305 | provenance=auto_extracted_from_uploaded_manuals_v1_0 | crosswalk_v1.3 source_site=Bone -> tool_site=Bone: Appendicular Skeleton, Trunk, Skull and Facial Bones | SURROGATE_AJCC8_FROM_AJCC7_REVIEW_REQUIRED_v1.7: no AJCC8 stage-grouping rule rows were extractable from the uploaded AJCC8 PDF for this site; copied from AJCC7 to avoid blank result pending cancer committee validation."
"Bone: Appendicular Skeleton, Trunk, Skull and Facial Bones",AJCC8,any,T3,N0,M0,Any,Any,IB,"source_page=297; extract_method=stage_carried; extra_factors/raw_extra=G1,2 Low grade, GX | and associated; duplicate_source_page=300; duplicate_source_page=305 | provenance=auto_extracted_from_uploaded_manuals_v1_0 | crosswalk_v1.3 source_site=Bone -> tool_site=Bone: Appendicular Skeleton, Trunk, Skull and Facial Bones | SURROGATE_AJCC8_FROM_AJCC7_REVIEW_REQUIRED_v1.7: no AJCC8 stage-grouping rule rows were extractable from the uploaded AJCC8 PDF for this site; copied from AJCC7 to avoid blank result pending cancer committee validation."
"Bone: Appendicular Skeleton, Trunk, Skull and Facial Bones",AJCC8,any,T2,N0,M0,Any,Any,IB,"source_page=297; extract_method=stage_first; extra_factors/raw_extra=G1,2 Low grade, GX | upper limb, scapula,; duplicate_source_page=300; duplicate_source_page=305 | provenance=auto_extracted_from_uploaded_manuals_v1_0 | crosswalk_v1.3 source_site=Bone -> tool_site=Bone: Appendicular Skeleton, Trunk, Skull and Facial Bones | SURROGATE_AJCC8_FROM_AJCC7_REVIEW_REQUIRED_v1.7: no AJCC8 stage-grouping rule rows were extractable from the uploaded AJCC8 PDF for this site; copied from AJCC7 to avoid blank result pending cancer committee validation."
"Bone: Appendicular Skeleton, Trunk, Skull and Facial Bones",AJCC8,any,T1,N0,M0,Any,Any,IA,"source_page=297; extract_method=stage_first; extra_factors/raw_extra=G1,2 Low grade, GX | C40.0 Long bones of; duplicate_source_page=300; duplicate_source_page=305 | provenance=auto_extracted_from_uploaded_manuals_v1_0 | crosswalk_v1.3 source_site=Bone -> tool_site=Bone: Appendicular Skeleton, Trunk, Skull and Facial Bones | SURROGATE_AJCC8_FROM_AJCC7_REVIEW_REQUIRED_v1.7: no AJCC8 stage-grouping rule rows were extractable from the uploaded AJCC8 PDF for this site; copied from AJCC7 to avoid blank result pending cancer committee validation."
Anus,AJCC8,any,Any,Any,M1,Any,Any,IV,source_page=181; extract_method=stage_first; duplicate_source_page=185; duplicate_source_page=187 | provenance=auto_extracted_from_uploaded_manuals_v1_0 | crosswalk_v1.3 source_site=Anus -> tool_site=Anus | SURROGATE_AJCC8_FROM_AJCC7_REVIEW_REQUIRED_v1.7: no AJCC8 stage-grouping rule rows were extractable from the uploaded AJCC8 PDF for this site; copied from AJCC7 to avoid blank result pending cancer committee validation.
Anus,AJCC8,any,Any,N3,M0,Any,Any,IIIB,source_page=181; extract_method=stage_carried; duplicate_source_page=185; duplicate_source_page=187 | provenance=auto_extracted_from_uploaded_manuals_v1_0 | crosswalk_v1.3 source_site=Anus -> tool_site=Anus | SURROGATE_AJCC8_FROM_AJCC7_REVIEW_REQUIRED_v1.7: no AJCC8 stage-grouping rule rows were extractable from the uploaded AJCC8 PDF for this site; copied from AJCC7 to avoid blank result pending cancer committee validation.
Anus,AJCC8,any,Any,N2,M0,Any,Any,IIIB,"source_page=181; extract_method=stage_carried; extra_factors/raw_extra=8940-8950, 8980-8981; duplicate_source_page=185; duplicate_source_page=187 | provenance=auto_extracted_from_uploaded_manuals_v1_0 | crosswalk_v1.3 source_site=Anus -> tool_site=Anus | SURROGATE_AJCC8_FROM_AJCC7_REVIEW_REQUIRED_v1.7: no AJCC8 stage-grouping rule rows were extractable from the uploaded AJCC8 PDF for this site; copied from AJCC7 to avoid blank result pending cancer committee validation."
Anus,AJCC8,any,T4,N1,M0,Any,Any,IIIB,"source_page=181; extract_method=stage_first; extra_factors/raw_extra=8243-8245, 8250-8576,; duplicate_source_page=185; duplicate_source_page=187 | provenance=auto_extracted_from_uploaded_manuals_v1_0 | crosswalk_v1.3 source_site=Anus -> tool_site=Anus | SURROGATE_AJCC8_FROM_AJCC7_REVIEW_REQUIRED_v1.7: no AJCC8 stage-grouping rule rows were extractable from the uploaded AJCC8 PDF for this site; copied from AJCC7 to avoid blank result pending cancer committee validation."
Anus,AJCC8,any,T4,N0,M0,Any,Any,IIIA,source_page=181; extract_method=stage_carried; extra_factors/raw_extra=CODE RANGES; duplicate_source_page=185; duplicate_source_page=187 | provenance=auto_extracted_from_uploaded_manuals_v1_0 | crosswalk_v1.3 source_site=Anus -> tool_site=Anus | SURROGATE_AJCC8_FROM_AJCC7_REVIEW_REQUIRED_v1.7: no AJCC8 stage-grouping rule rows were extractable from the uploaded AJCC8 PDF for this site; copied from AJCC7 to avoid blank result pending cancer committee validation.
Anus,AJCC8,any,T2,N1,M0,Any,Any,IIIA,source_page=181; extract_method=stage_carried; duplicate_source_page=185; duplicate_source_page=187 | provenance=auto_extracted_from_uploaded_manuals_v1_0 | crosswalk_v1.3 source_site=Anus -> tool_site=Anus | SURROGATE_AJCC8_FROM_AJCC7_REVIEW_REQUIRED_v1.7: no AJCC8 stage-grouping rule rows were extractable from the uploaded AJCC8 PDF for this site; copied from AJCC7 to avoid blank result pending cancer committee validation.
Melanoma of the Skin,AJCC8,any,T1|T2|T3|T4b,N2a,M0,Any,Any,IIIB,source_page=342; extract_method=stage_carried | provenance=auto_extracted_from_uploaded_manuals_v1_0 | crosswalk_v1.3 source_site=Melanoma of the Skin -> tool_site=Melanoma of the Skin | SURROGATE_AJCC8_FROM_AJCC7_REVIEW_REQUIRED_v1.7: no AJCC8 stage-grouping rule rows were extractable from the uploaded AJCC8 PDF for this site; copied from AJCC7 to avoid blank result pending cancer committee validation.
Esophagus and Esophagogastric Junction: Other Histologies,AJCC8,any,T2|T3,N0,M0,Any,Any,IB,"source_page=129; extract_method=stage_carried; extra_factors/raw_extra=1, X | Lower, X | T2-3 | N0 | M0 | 1, X | Lower, X | provenance=auto_extracted_from_uploaded_manuals_v1_0 | crosswalk_v1.3 source_site=Esophagus and EGJ -> tool_site=Esophagus and Esophagogastric Junction: Other Histologies | SURROGATE_AJCC8_FROM_AJCC7_REVIEW_REQUIRED_v1.7: no AJCC8 stage-grouping rule rows were extractable from the uploaded AJCC8 PDF for this site; copied from AJCC7 to avoid blank result pending cancer committee validation."
Esophagus and Esophagogastric Junction: Other Histologies,AJCC8,any,T2|T3,N0,M0,Any,Any,IIB,"source_page=129; extract_method=stage_first; extra_factors/raw_extra=2-3 | Upper, middle | IIB | T2-3 | N0 | M0 | 2-3 | Upper, middle | provenance=auto_extracted_from_uploaded_manuals_v1_0 | crosswalk_v1.3 source_site=Esophagus and EGJ -> tool_site=Esophagus and Esophagogastric Junction: Other Histologies | SURROGATE_AJCC8_FROM_AJCC7_REVIEW_REQUIRED_v1.7: no AJCC8 stage-grouping rule rows were extractable from the uploaded AJCC8 PDF for this site; copied from AJCC7 to avoid blank result pending cancer committee validation."
Lung,AJCC8,any,Any,Any,M1b,Any,Any,IV,source_page=270; extract_method=stage_carried; duplicate_source_page=284 | provenance=auto_extracted_from_uploaded_manuals_v1_0 | crosswalk_v1.3 source_site=Lung -> tool_site=Lung | SURROGATE_AJCC8_FROM_AJCC7_REVIEW_REQUIRED_v1.7: no AJCC8 stage-grouping rule rows were extractable from the uploaded AJCC8 PDF for this site; copied from AJCC7 to avoid blank result pending cancer committee validation.
Lung,AJCC8,any,Any,Any,M1a,Any,Any,IV,source_page=270; extract_method=stage_first; duplicate_source_page=284 | provenance=auto_extracted_from_uploaded_manuals_v1_0 | crosswalk_v1.3 source_site=Lung -> tool_site=Lung | SURROGATE_AJCC8_FROM_AJCC7_REVIEW_REQUIRED_v1.7: no AJCC8 stage-grouping rule rows were extractable from the uploaded AJCC8 PDF for this site; copied from AJCC7 to avoid blank result pending cancer committee validation.
Lung,AJCC8,any,T4,N3,M0,Any,Any,IIIB,source_page=270; extract_method=stage_carried; duplicate_source_page=284 | provenance=auto_extracted_from_uploaded_manuals_v1_0 | crosswalk_v1.3 source_site=Lung -> tool_site=Lung | SURROGATE_AJCC8_FROM_AJCC7_REVIEW_REQUIRED_v1.7: no AJCC8 stage-grouping rule rows were extractable from the uploaded AJCC8 PDF for this site; copied from AJCC7 to avoid blank result pending cancer committee validation.
Lung,AJCC8,any,T4,N2,M0,Any,Any,IIIB,source_page=270; extract_method=stage_carried; duplicate_source_page=284 | provenance=auto_extracted_from_uploaded_manuals_v1_0 | crosswalk_v1.3 source_site=Lung -> tool_site=Lung | SURROGATE_AJCC8_FROM_AJCC7_REVIEW_REQUIRED_v1.7: no AJCC8 stage-grouping rule rows were extractable from the uploaded AJCC8 PDF for this site; copied from AJCC7 to avoid blank result pending cancer committee validation.
Lung,AJCC8,any,T3,N3,M0,Any,Any,IIIB,source_page=270; extract_method=stage_carried; duplicate_source_page=284 | provenance=auto_extracted_from_uploaded_manuals_v1_0 | crosswalk_v1.3 source_site=Lung -> tool_site=Lung | SURROGATE_AJCC8_FROM_AJCC7_REVIEW_REQUIRED_v1.7: no AJCC8 stage-grouping rule rows were extractable from the uploaded AJCC8 PDF for this site; copied from AJCC7 to avoid blank result pending cancer committee validation.
Lung,AJCC8,any,T2b,N3,M0,Any,Any,IIIB,source_page=270; extract_method=stage_carried; duplicate_source_page=284 | provenance=auto_extracted_from_uploaded_manuals_v1_0 | crosswalk_v1.3 source_site=Lung -> tool_site=Lung | SURROGATE_AJCC8_FROM_AJCC7_REVIEW_REQUIRED_v1.7: no AJCC8 stage-grouping rule rows were extractable from the uploaded AJCC8 PDF for this site; copied from AJCC7 to avoid blank result pending cancer committee validation.
Lung,AJCC8,any,T2a,N3,M0,Any,Any,IIIB,source_page=270; extract_method=stage_carried; duplicate_source_page=284 | provenance=auto_extracted_from_uploaded_manuals_v1_0 | crosswalk_v1.3 source_site=Lung -> tool_site=Lung | SURROGATE_AJCC8_FROM_AJCC7_REVIEW_REQUIRED_v1.7: no AJCC8 stage-grouping rule rows were extractable from the uploaded AJCC8 PDF for this site; copied from AJCC7 to avoid blank result pending cancer committee validation.
Lung,AJCC8,any,T1b,N3,M0,Any,Any,IIIB,source_page=270; extract_method=stage_carried; duplicate_source_page=284 | provenance=auto_extracted_from_uploaded_manuals_v1_0 | crosswalk_v1.3 source_site=Lung -> tool_site=Lung | SURROGATE_AJCC8_FROM_AJCC7_REVIEW_REQUIRED_v1.7: no AJCC8 stage-grouping rule rows were extractable from the uploaded AJCC8 PDF for this site; copied from AJCC7 to avoid blank result pending cancer committee validation.
Lung,AJCC8,any,T1a,N3,M0,Any,Any,IIIB,source_page=270; extract_method=stage_first; duplicate_source_page=284 | provenance=auto_extracted_from_uploaded_manuals_v1_0 | crosswalk_v1.3 source_site=Lung -> tool_site=Lung | SURROGATE_AJCC8_FROM_AJCC7_REVIEW_REQUIRED_v1.7: no AJCC8 stage-grouping rule rows were extractable from the uploaded AJCC8 PDF for this site; copied from AJCC7 to avoid blank result pending cancer committee validation.
Lung,AJCC8,any,T4,N1,M0,Any,Any,IIIA,source_page=270; extract_method=stage_carried; duplicate_source_page=284 | provenance=auto_extracted_from_uploaded_manuals_v1_0 | crosswalk_v1.3 source_site=Lung -> tool_site=Lung | SURROGATE_AJCC8_FROM_AJCC7_REVIEW_REQUIRED_v1.7: no AJCC8 stage-grouping rule rows were extractable from the uploaded AJCC8 PDF for this site; copied from AJCC7 to avoid blank result pending cancer committee validation.
Lung,AJCC8,any,T4,N0,M0,Any,Any,IIIA,source_page=270; extract_method=stage_carried; duplicate_source_page=284 | provenance=auto_extracted_from_uploaded_manuals_v1_0 | crosswalk_v1.3 source_site=Lung -> tool_site=Lung | SURROGATE_AJCC8_FROM_AJCC7_REVIEW_REQUIRED_v1.7: no AJCC8 stage-grouping rule rows were extractable from the uploaded AJCC8 PDF for this site; copied from AJCC7 to avoid blank result pending cancer committee validation.
Lung,AJCC8,any,T3,N2,M0,Any,Any,IIIA,source_page=270; extract_method=stage_carried; duplicate_source_page=284 | provenance=auto_extracted_from_uploaded_manuals_v1_0 | crosswalk_v1.3 source_site=Lung -> tool_site=Lung | SURROGATE_AJCC8_FROM_AJCC7_REVIEW_REQUIRED_v1.7: no AJCC8 stage-grouping rule rows were extractable from the uploaded AJCC8 PDF for this site; copied from AJCC7 to avoid blank result pending cancer committee validation.
Lung,AJCC8,any,TX,N0,M0,Any,Any,Occult,source_page=284; extract_method=stage_first; extra_factors/raw_extra=Occult | TX | N0 | M0 | provenance=auto_extracted_from_uploaded_manuals_v1_0 | crosswalk_v1.3 source_site=Lung -> tool_site=Lung | SURROGATE_AJCC8_FROM_AJCC7_REVIEW_REQUIRED_v1.7: no AJCC8 stage-grouping rule rows were extractable from the uploaded AJCC8 PDF for this site; copied from AJCC7 to avoid blank result pending cancer committee validation.
Lung,AJCC8,any,T3,N1,M0,Any,Any,IIIA,source_page=270; extract_method=stage_carried; duplicate_source_page=284 | provenance=auto_extracted_from_uploaded_manuals_v1_0 | crosswalk_v1.3 source_site=Lung -> tool_site=Lung | SURROGATE_AJCC8_FROM_AJCC7_REVIEW_REQUIRED_v1.7: no AJCC8 stage-grouping rule rows were extractable from the uploaded AJCC8 PDF for this site; copied from AJCC7 to avoid blank result pending cancer committee validation.
Lung,AJCC8,any,T2a,N2,M0,Any,Any,IIIA,source_page=270; extract_method=stage_carried; duplicate_source_page=284 | provenance=auto_extracted_from_uploaded_manuals_v1_0 | crosswalk_v1.3 source_site=Lung -> tool_site=Lung | SURROGATE_AJCC8_FROM_AJCC7_REVIEW_REQUIRED_v1.7: no AJCC8 stage-grouping rule rows were extractable from the uploaded AJCC8 PDF for this site; copied from AJCC7 to avoid blank result pending cancer committee validation.
Lung,AJCC8,any,T1b,N2,M0,Any,Any,IIIA,source_page=270; extract_method=stage_carried; duplicate_source_page=284 | provenance=auto_extracted_from_uploaded_manuals_v1_0 | crosswalk_v1.3 source_site=Lung -> tool_site=Lung | SURROGATE_AJCC8_FROM_AJCC7_REVIEW_REQUIRED_v1.7: no AJCC8 stage-grouping rule rows were extractable from the uploaded AJCC8 PDF for this site; copied from AJCC7 to avoid blank result pending cancer committee validation.
Lung,AJCC8,any,T1a,N2,M0,Any,Any,IIIA,source_page=270; extract_method=stage_first; extra_factors/raw_extra=8980-8981; duplicate_source_page=284 | provenance=auto_extracted_from_uploaded_manuals_v1_0 | crosswalk_v1.3 source_site=Lung -> tool_site=Lung | SURROGATE_AJCC8_FROM_AJCC7_REVIEW_REQUIRED_v1.7: no AJCC8 stage-grouping rule rows were extractable from the uploaded AJCC8 PDF for this site; copied from AJCC7 to avoid blank result pending cancer committee validation.
Lung,AJCC8,any,T3,N0,M0,Any,Any,IIB,source_page=269; extract_method=stage_carried; duplicate_source_page=284 | provenance=auto_extracted_from_uploaded_manuals_v1_0 | crosswalk_v1.3 source_site=Lung -> tool_site=Lung | SURROGATE_AJCC8_FROM_AJCC7_REVIEW_REQUIRED_v1.7: no AJCC8 stage-grouping rule rows were extractable from the uploaded AJCC8 PDF for this site; copied from AJCC7 to avoid blank result pending cancer committee validation.
Lung,AJCC8,any,T2b,N1,M0,Any,Any,IIB,source_page=269; extract_method=stage_first; duplicate_source_page=284 | provenance=auto_extracted_from_uploaded_manuals_v1_0 | crosswalk_v1.3 source_site=Lung -> tool_site=Lung | SURROGATE_AJCC8_FROM_AJCC7_REVIEW_REQUIRED_v1.7: no AJCC8 stage-grouping rule rows were extractable from the uploaded AJCC8 PDF for this site; copied from AJCC7 to avoid blank result pending cancer committee validation.
Lung,AJCC8,any,T2a,N1,M0,Any,Any,IIA,source_page=269; extract_method=stage_carried; duplicate_source_page=284 | provenance=auto_extracted_from_uploaded_manuals_v1_0 | crosswalk_v1.3 source_site=Lung -> tool_site=Lung | SURROGATE_AJCC8_FROM_AJCC7_REVIEW_REQUIRED_v1.7: no AJCC8 stage-grouping rule rows were extractable from the uploaded AJCC8 PDF for this site; copied from AJCC7 to avoid blank result pending cancer committee validation.
Lung,AJCC8,any,T1b,N1,M0,Any,Any,IIA,source_page=269; extract_method=stage_carried; duplicate_source_page=284 | provenance=auto_extracted_from_uploaded_manuals_v1_0 | crosswalk_v1.3 source_site=Lung -> tool_site=Lung | SURROGATE_AJCC8_FROM_AJCC7_REVIEW_REQUIRED_v1.7: no AJCC8 stage-grouping rule rows were extractable from the uploaded AJCC8 PDF for this site; copied from AJCC7 to avoid blank result pending cancer committee validation.
Lung,AJCC8,any,T1a,N1,M0,Any,Any,IIA,source_page=269; extract_method=stage_carried; extra_factors/raw_extra=25; duplicate_source_page=284 | provenance=auto_extracted_from_uploaded_manuals_v1_0 | crosswalk_v1.3 source_site=Lung -> tool_site=Lung | SURROGATE_AJCC8_FROM_AJCC7_REVIEW_REQUIRED_v1.7: no AJCC8 stage-grouping rule rows were extractable from the uploaded AJCC8 PDF for this site; copied from AJCC7 to avoid blank result pending cancer committee validation.
Lung,AJCC8,any,T2b,N0,M0,Any,Any,IIA,source_page=269; extract_method=stage_first; duplicate_source_page=284 | provenance=auto_extracted_from_uploaded_manuals_v1_0 | crosswalk_v1.3 source_site=Lung -> tool_site=Lung | SURROGATE_AJCC8_FROM_AJCC7_REVIEW_REQUIRED_v1.7: no AJCC8 stage-grouping rule rows were extractable from the uploaded AJCC8 PDF for this site; copied from AJCC7 to avoid blank result pending cancer committee validation.
Lung,AJCC8,any,T2a,N0,M0,Any,Any,IB,source_page=269; extract_method=stage_first; extra_factors/raw_extra=of lung; duplicate_source_page=284 | provenance=auto_extracted_from_uploaded_manuals_v1_0 | crosswalk_v1.3 source_site=Lung -> tool_site=Lung | SURROGATE_AJCC8_FROM_AJCC7_REVIEW_REQUIRED_v1.7: no AJCC8 stage-grouping rule rows were extractable from the uploaded AJCC8 PDF for this site; copied from AJCC7 to avoid blank result pending cancer committee validation.
Lung,AJCC8,any,T1b,N0,M0,Any,Any,IA,source_page=269; extract_method=stage_carried; extra_factors/raw_extra=C34.8 Overlapping lesion; duplicate_source_page=284 | provenance=auto_extracted_from_uploaded_manuals_v1_0 | crosswalk_v1.3 source_site=Lung -> tool_site=Lung | SURROGATE_AJCC8_FROM_AJCC7_REVIEW_REQUIRED_v1.7: no AJCC8 stage-grouping rule rows were extractable from the uploaded AJCC8 PDF for this site; copied from AJCC7 to avoid blank result pending cancer committee validation.
Lung,AJCC8,any,T1a,N0,M0,Any,Any,IA,"source_page=269; extract_method=stage_first; extra_factors/raw_extra=C34.3 Lower lobe, lung; duplicate_source_page=284 | provenance=auto_extracted_from_uploaded_manuals_v1_0 | crosswalk_v1.3 source_site=Lung -> tool_site=Lung | SURROGATE_AJCC8_FROM_AJCC7_REVIEW_REQUIRED_v1.7: no AJCC8 stage-grouping rule rows were extractable from the uploaded AJCC8 PDF for this site; copied from AJCC7 to avoid blank result pending cancer committee validation."
Lung,AJCC8,any,T2b,N2,M0,Any,Any,IIIA,source_page=270; extract_method=stage_carried; duplicate_source_page=284 | provenance=auto_extracted_from_uploaded_manuals_v1_0 | crosswalk_v1.3 source_site=Lung -> tool_site=Lung | SURROGATE_AJCC8_FROM_AJCC7_REVIEW_REQUIRED_v1.7: no AJCC8 stage-grouping rule rows were extractable from the uploaded AJCC8 PDF for this site; copied from AJCC7 to avoid blank result pending cancer committee validation.
Malignant Pleural Mesothelioma,AJCC8,any,T1,N0,M0,Any,Any,I,"source_page=287; extract_method=stage_first; extra_factors/raw_extra=C38.4 Pleura, NOS; duplicate_source_page=292 | provenance=auto_extracted_from_uploaded_manuals_v1_0 | crosswalk_v1.3 source_site=Pleural Mesothelioma -> tool_site=Malignant Pleural Mesothelioma | SURROGATE_AJCC8_FROM_AJCC7_REVIEW_REQUIRED_v1.7: no AJCC8 stage-grouping rule rows were extractable from the uploaded AJCC8 PDF for this site; copied from AJCC7 to avoid blank result pending cancer committee validation."
Malignant Pleural Mesothelioma,AJCC8,any,T1a,N0,M0,Any,Any,IA,source_page=287; extract_method=stage_first; duplicate_source_page=292 | provenance=auto_extracted_from_uploaded_manuals_v1_0 | crosswalk_v1.3 source_site=Pleural Mesothelioma -> tool_site=Malignant Pleural Mesothelioma | SURROGATE_AJCC8_FROM_AJCC7_REVIEW_REQUIRED_v1.7: no AJCC8 stage-grouping rule rows were extractable from the uploaded AJCC8 PDF for this site; copied from AJCC7 to avoid blank result pending cancer committee validation.
Malignant Pleural Mesothelioma,AJCC8,any,T1b,N0,M0,Any,Any,IB,source_page=287; extract_method=stage_first; extra_factors/raw_extra=CODE RANGES; duplicate_source_page=292 | provenance=auto_extracted_from_uploaded_manuals_v1_0 | crosswalk_v1.3 source_site=Pleural Mesothelioma -> tool_site=Malignant Pleural Mesothelioma | SURROGATE_AJCC8_FROM_AJCC7_REVIEW_REQUIRED_v1.7: no AJCC8 stage-grouping rule rows were extractable from the uploaded AJCC8 PDF for this site; copied from AJCC7 to avoid blank result pending cancer committee validation.
Melanoma of the Skin,AJCC8,any,T1|T2|T3|T4a,N2a,M0,Any,Any,IIC,source_page=342; extract_method=stage_carried; extra_factors/raw_extra=C44.8 Overlapping lesion | provenance=auto_extracted_from_uploaded_manuals_v1_0 | crosswalk_v1.3 source_site=Melanoma of the Skin -> tool_site=Melanoma of the Skin | SURROGATE_AJCC8_FROM_AJCC7_REVIEW_REQUIRED_v1.7: no AJCC8 stage-grouping rule rows were extractable from the uploaded AJCC8 PDF for this site; copied from AJCC7 to avoid blank result pending cancer committee validation.
Melanoma of the Skin,AJCC8,any,T4b,N0,M0,Any,Any,IIC,source_page=342; extract_method=stage_first; extra_factors/raw_extra=IIC | T4b | N0 | M0; duplicate_source_page=358 | provenance=auto_extracted_from_uploaded_manuals_v1_0 | crosswalk_v1.3 source_site=Melanoma of the Skin -> tool_site=Melanoma of the Skin | SURROGATE_AJCC8_FROM_AJCC7_REVIEW_REQUIRED_v1.7: no AJCC8 stage-grouping rule rows were extractable from the uploaded AJCC8 PDF for this site; copied from AJCC7 to avoid blank result pending cancer committee validation.
Melanoma of the Skin,AJCC8,any,T4a,N0,M0,Any,Any,IIB,source_page=342; extract_method=stage_carried; extra_factors/raw_extra=T4a | N0 | M0 | C44.6 Skin of upper limb; duplicate_source_page=358 | provenance=auto_extracted_from_uploaded_manuals_v1_0 | crosswalk_v1.3 source_site=Melanoma of the Skin -> tool_site=Melanoma of the Skin | SURROGATE_AJCC8_FROM_AJCC7_REVIEW_REQUIRED_v1.7: no AJCC8 stage-grouping rule rows were extractable from the uploaded AJCC8 PDF for this site; copied from AJCC7 to avoid blank result pending cancer committee validation.
Melanoma of the Skin,AJCC8,any,T3b,N0,M0,Any,Any,IIB,source_page=342; extract_method=stage_first; extra_factors/raw_extra=IIB | T3b | N0 | M0; duplicate_source_page=358 | provenance=auto_extracted_from_uploaded_manuals_v1_0 | crosswalk_v1.3 source_site=Melanoma of the Skin -> tool_site=Melanoma of the Skin | SURROGATE_AJCC8_FROM_AJCC7_REVIEW_REQUIRED_v1.7: no AJCC8 stage-grouping rule rows were extractable from the uploaded AJCC8 PDF for this site; copied from AJCC7 to avoid blank result pending cancer committee validation.
Melanoma of the Skin,AJCC8,any,T3a,N0,M0,Any,Any,IIA,source_page=342; extract_method=stage_carried; extra_factors/raw_extra=T3a | N0 | M0 | and neck; duplicate_source_page=358 | provenance=auto_extracted_from_uploaded_manuals_v1_0 | crosswalk_v1.3 source_site=Melanoma of the Skin -> tool_site=Melanoma of the Skin | SURROGATE_AJCC8_FROM_AJCC7_REVIEW_REQUIRED_v1.7: no AJCC8 stage-grouping rule rows were extractable from the uploaded AJCC8 PDF for this site; copied from AJCC7 to avoid blank result pending cancer committee validation.
Melanoma of the Skin,AJCC8,any,T2b,N0,M0,Any,Any,IIA,source_page=342; extract_method=stage_first; extra_factors/raw_extra=IIA | T2b | N0 | M0 | C44.4 Skin of scalp; duplicate_source_page=358; duplicate_source_page=358 | provenance=auto_extracted_from_uploaded_manuals_v1_0 | crosswalk_v1.3 source_site=Melanoma of the Skin -> tool_site=Melanoma of the Skin | SURROGATE_AJCC8_FROM_AJCC7_REVIEW_REQUIRED_v1.7: no AJCC8 stage-grouping rule rows were extractable from the uploaded AJCC8 PDF for this site; copied from AJCC7 to avoid blank result pending cancer committee validation.
Melanoma of the Skin,AJCC8,any,T2a,N0,M0,Any,Any,IB,source_page=342; extract_method=stage_carried; extra_factors/raw_extra=T2a | N0 | M0 | of face; duplicate_source_page=358; duplicate_source_page=358 | provenance=auto_extracted_from_uploaded_manuals_v1_0 | crosswalk_v1.3 source_site=Melanoma of the Skin -> tool_site=Melanoma of the Skin | SURROGATE_AJCC8_FROM_AJCC7_REVIEW_REQUIRED_v1.7: no AJCC8 stage-grouping rule rows were extractable from the uploaded AJCC8 PDF for this site; copied from AJCC7 to avoid blank result pending cancer committee validation.
Melanoma of the Skin,AJCC8,any,T1b,N0,M0,Any,Any,IB,source_page=342; extract_method=stage_first; extra_factors/raw_extra=IB | T1b | N0 | M0 | unspecified parts; duplicate_source_page=352; duplicate_source_page=358; duplicate_source_page=358 | provenance=auto_extracted_from_uploaded_manuals_v1_0 | crosswalk_v1.3 source_site=Melanoma of the Skin -> tool_site=Melanoma of the Skin | SURROGATE_AJCC8_FROM_AJCC7_REVIEW_REQUIRED_v1.7: no AJCC8 stage-grouping rule rows were extractable from the uploaded AJCC8 PDF for this site; copied from AJCC7 to avoid blank result pending cancer committee validation.
Melanoma of the Skin,AJCC8,any,T1a,N0,M0,Any,Any,IA,source_page=342; extract_method=stage_first; extra_factors/raw_extra=IA | T1a | N0 | M0; duplicate_source_page=358 | provenance=auto_extracted_from_uploaded_manuals_v1_0 | crosswalk_v1.3 source_site=Melanoma of the Skin -> tool_site=Melanoma of the Skin | SURROGATE_AJCC8_FROM_AJCC7_REVIEW_REQUIRED_v1.7: no AJCC8 stage-grouping rule rows were extractable from the uploaded AJCC8 PDF for this site; copied from AJCC7 to avoid blank result pending cancer committee validation.
Melanoma of the Skin,AJCC8,any,Tis,N0,M0,Any,Any,0,source_page=342; extract_method=stage_first; extra_factors/raw_extra=0 | Tis | N0 | M0 | C44.1 Eyelid; duplicate_source_page=358 | provenance=auto_extracted_from_uploaded_manuals_v1_0 | crosswalk_v1.3 source_site=Melanoma of the Skin -> tool_site=Melanoma of the Skin | SURROGATE_AJCC8_FROM_AJCC7_REVIEW_REQUIRED_v1.7: no AJCC8 stage-grouping rule rows were extractable from the uploaded AJCC8 PDF for this site; copied from AJCC7 to avoid blank result pending cancer committee validation.
Malignant Pleural Mesothelioma,AJCC8,yp,Any,Any,M1,Any,Any,IV,source_page=289; extract_method=stage_carried; extra_factors/raw_extra=lymph node involvement influences outcome after extrapleu- | provenance=auto_extracted_from_uploaded_manuals_v1_0 | crosswalk_v1.3 source_site=Pleural Mesothelioma -> tool_site=Malignant Pleural Mesothelioma | SURROGATE_AJCC8_FROM_AJCC7_REVIEW_REQUIRED_v1.7: no AJCC8 stage-grouping rule rows were extractable from the uploaded AJCC8 PDF for this site; copied from AJCC7 to avoid blank result pending cancer committee validation.
Malignant Pleural Mesothelioma,AJCC8,yp,Any,N3,M0,Any,Any,IV,"source_page=289; extract_method=stage_carried; extra_factors/raw_extra=Edwards JG, Stewart DJ, Martin-Ucar A, et al. The pattern of | provenance=auto_extracted_from_uploaded_manuals_v1_0 | crosswalk_v1.3 source_site=Pleural Mesothelioma -> tool_site=Malignant Pleural Mesothelioma | SURROGATE_AJCC8_FROM_AJCC7_REVIEW_REQUIRED_v1.7: no AJCC8 stage-grouping rule rows were extractable from the uploaded AJCC8 PDF for this site; copied from AJCC7 to avoid blank result pending cancer committee validation."
Malignant Pleural Mesothelioma,AJCC8,yp,T4,Any,M0,Any,Any,IV,source_page=289; extract_method=stage_first; extra_factors/raw_extra=1993;72:394-404. | provenance=auto_extracted_from_uploaded_manuals_v1_0 | crosswalk_v1.3 source_site=Pleural Mesothelioma -> tool_site=Malignant Pleural Mesothelioma | SURROGATE_AJCC8_FROM_AJCC7_REVIEW_REQUIRED_v1.7: no AJCC8 stage-grouping rule rows were extractable from the uploaded AJCC8 PDF for this site; copied from AJCC7 to avoid blank result pending cancer committee validation.
Malignant Pleural Mesothelioma,AJCC8,yp,T3,N0|N1|N2,M0,Any,Any,III,source_page=289; extract_method=stage_carried; extra_factors/raw_extra=malignant mesothelioma: a prospective study of 188 con- | provenance=auto_extracted_from_uploaded_manuals_v1_0 | crosswalk_v1.3 source_site=Pleural Mesothelioma -> tool_site=Malignant Pleural Mesothelioma | SURROGATE_AJCC8_FROM_AJCC7_REVIEW_REQUIRED_v1.7: no AJCC8 stage-grouping rule rows were extractable from the uploaded AJCC8 PDF for this site; copied from AJCC7 to avoid blank result pending cancer committee validation.
Malignant Pleural Mesothelioma,AJCC8,yp,T1|T2,N2,M0,Any,Any,III,"source_page=289; extract_method=stage_carried; extra_factors/raw_extra=Boutin C, Rey F, Gouvernet J, et al. Thoracoscopy in pleural | provenance=auto_extracted_from_uploaded_manuals_v1_0 | crosswalk_v1.3 source_site=Pleural Mesothelioma -> tool_site=Malignant Pleural Mesothelioma | SURROGATE_AJCC8_FROM_AJCC7_REVIEW_REQUIRED_v1.7: no AJCC8 stage-grouping rule rows were extractable from the uploaded AJCC8 PDF for this site; copied from AJCC7 to avoid blank result pending cancer committee validation."
Malignant Pleural Mesothelioma,AJCC8,yp,T1|T2,N1,M0,Any,Any,III,source_page=289; extract_method=stage_first; extra_factors/raw_extra=pleural mesothelioma. J Clin Oncol. 2007;25:5770-6. | provenance=auto_extracted_from_uploaded_manuals_v1_0 | crosswalk_v1.3 source_site=Pleural Mesothelioma -> tool_site=Malignant Pleural Mesothelioma | SURROGATE_AJCC8_FROM_AJCC7_REVIEW_REQUIRED_v1.7: no AJCC8 stage-grouping rule rows were extractable from the uploaded AJCC8 PDF for this site; copied from AJCC7 to avoid blank result pending cancer committee validation.
Malignant Pleural Mesothelioma,AJCC8,yp,T2,N0,M0,Any,Any,II,source_page=289; extract_method=stage_first | provenance=auto_extracted_from_uploaded_manuals_v1_0 | crosswalk_v1.3 source_site=Pleural Mesothelioma -> tool_site=Malignant Pleural Mesothelioma | SURROGATE_AJCC8_FROM_AJCC7_REVIEW_REQUIRED_v1.7: no AJCC8 stage-grouping rule rows were extractable from the uploaded AJCC8 PDF for this site; copied from AJCC7 to avoid blank result pending cancer committee validation.
Malignant Pleural Mesothelioma,AJCC8,yp,T1b,N0,M0,Any,Any,IB,source_page=289; extract_method=stage_first; extra_factors/raw_extra=pleural mesothelioma? A prognostic factor analysis of | provenance=auto_extracted_from_uploaded_manuals_v1_0 | crosswalk_v1.3 source_site=Pleural Mesothelioma -> tool_site=Malignant Pleural Mesothelioma | SURROGATE_AJCC8_FROM_AJCC7_REVIEW_REQUIRED_v1.7: no AJCC8 stage-grouping rule rows were extractable from the uploaded AJCC8 PDF for this site; copied from AJCC7 to avoid blank result pending cancer committee validation.
Malignant Pleural Mesothelioma,AJCC8,yp,T1a,N0,M0,Any,Any,IA,"source_page=289; extract_method=stage_first; extra_factors/raw_extra=Bottomley A, Coens C, Efficace F, et al. Symptoms and patient- | provenance=auto_extracted_from_uploaded_manuals_v1_0 | crosswalk_v1.3 source_site=Pleural Mesothelioma -> tool_site=Malignant Pleural Mesothelioma | SURROGATE_AJCC8_FROM_AJCC7_REVIEW_REQUIRED_v1.7: no AJCC8 stage-grouping rule rows were extractable from the uploaded AJCC8 PDF for this site; copied from AJCC7 to avoid blank result pending cancer committee validation."
Malignant Pleural Mesothelioma,AJCC8,yp,T1,N0,M0,Any,Any,I,source_page=289; extract_method=stage_first; extra_factors/raw_extra=BIBLIOGRAPHY | provenance=auto_extracted_from_uploaded_manuals_v1_0 | crosswalk_v1.3 source_site=Pleural Mesothelioma -> tool_site=Malignant Pleural Mesothelioma | SURROGATE_AJCC8_FROM_AJCC7_REVIEW_REQUIRED_v1.7: no AJCC8 stage-grouping rule rows were extractable from the uploaded AJCC8 PDF for this site; copied from AJCC7 to avoid blank result pending cancer committee validation.
Malignant Pleural Mesothelioma,AJCC8,any,Any,Any,M1,Any,Any,IV,source_page=287; extract_method=stage_carried; duplicate_source_page=292 | provenance=auto_extracted_from_uploaded_manuals_v1_0 | crosswalk_v1.3 source_site=Pleural Mesothelioma -> tool_site=Malignant Pleural Mesothelioma | SURROGATE_AJCC8_FROM_AJCC7_REVIEW_REQUIRED_v1.7: no AJCC8 stage-grouping rule rows were extractable from the uploaded AJCC8 PDF for this site; copied from AJCC7 to avoid blank result pending cancer committee validation.
Malignant Pleural Mesothelioma,AJCC8,any,Any,N3,M0,Any,Any,IV,source_page=287; extract_method=stage_carried; duplicate_source_page=292 | provenance=auto_extracted_from_uploaded_manuals_v1_0 | crosswalk_v1.3 source_site=Pleural Mesothelioma -> tool_site=Malignant Pleural Mesothelioma | SURROGATE_AJCC8_FROM_AJCC7_REVIEW_REQUIRED_v1.7: no AJCC8 stage-grouping rule rows were extractable from the uploaded AJCC8 PDF for this site; copied from AJCC7 to avoid blank result pending cancer committee validation.
Malignant Pleural Mesothelioma,AJCC8,any,T4,Any,M0,Any,Any,IV,source_page=287; extract_method=stage_first; duplicate_source_page=292 | provenance=auto_extracted_from_uploaded_manuals_v1_0 | crosswalk_v1.3 source_site=Pleural Mesothelioma -> tool_site=Malignant Pleural Mesothelioma | SURROGATE_AJCC8_FROM_AJCC7_REVIEW_REQUIRED_v1.7: no AJCC8 stage-grouping rule rows were extractable from the uploaded AJCC8 PDF for this site; copied from AJCC7 to avoid blank result pending cancer committee validation.
Malignant Pleural Mesothelioma,AJCC8,any,T3,N0|N1|N2,M0,Any,Any,III,source_page=287; extract_method=stage_carried; duplicate_source_page=292 | provenance=auto_extracted_from_uploaded_manuals_v1_0 | crosswalk_v1.3 source_site=Pleural Mesothelioma -> tool_site=Malignant Pleural Mesothelioma | SURROGATE_AJCC8_FROM_AJCC7_REVIEW_REQUIRED_v1.7: no AJCC8 stage-grouping rule rows were extractable from the uploaded AJCC8 PDF for this site; copied from AJCC7 to avoid blank result pending cancer committee validation.
Malignant Pleural Mesothelioma,AJCC8,any,T1|T2,N2,M0,Any,Any,III,source_page=287; extract_method=stage_carried; duplicate_source_page=292 | provenance=auto_extracted_from_uploaded_manuals_v1_0 | crosswalk_v1.3 source_site=Pleural Mesothelioma -> tool_site=Malignant Pleural Mesothelioma | SURROGATE_AJCC8_FROM_AJCC7_REVIEW_REQUIRED_v1.7: no AJCC8 stage-grouping rule rows were extractable from the uploaded AJCC8 PDF for this site; copied from AJCC7 to avoid blank result pending cancer committee validation.
Malignant Pleural Mesothelioma,AJCC8,any,T1|T2,N1,M0,Any,Any,III,source_page=287; extract_method=stage_first; duplicate_source_page=292 | provenance=auto_extracted_from_uploaded_manuals_v1_0 | crosswalk_v1.3 source_site=Pleural Mesothelioma -> tool_site=Malignant Pleural Mesothelioma | SURROGATE_AJCC8_FROM_AJCC7_REVIEW_REQUIRED_v1.7: no AJCC8 stage-grouping rule rows were extractable from the uploaded AJCC8 PDF for this site; copied from AJCC7 to avoid blank result pending cancer committee validation.
Malignant Pleural Mesothelioma,AJCC8,any,T2,N0,M0,Any,Any,II,source_page=287; extract_method=stage_first; extra_factors/raw_extra=9050-9053; duplicate_source_page=292 | provenance=auto_extracted_from_uploaded_manuals_v1_0 | crosswalk_v1.3 source_site=Pleural Mesothelioma -> tool_site=Malignant Pleural Mesothelioma | SURROGATE_AJCC8_FROM_AJCC7_REVIEW_REQUIRED_v1.7: no AJCC8 stage-grouping rule rows were extractable from the uploaded AJCC8 PDF for this site; copied from AJCC7 to avoid blank result pending cancer committee validation.
Lung,AJCC8,any,Tis,N0,M0,Any,Any,0,"source_page=269; extract_method=stage_first; extra_factors/raw_extra=C34.1 Upper lobe, lung; duplicate_source_page=284 | provenance=auto_extracted_from_uploaded_manuals_v1_0 | crosswalk_v1.3 source_site=Lung -> tool_site=Lung | SURROGATE_AJCC8_FROM_AJCC7_REVIEW_REQUIRED_v1.7: no AJCC8 stage-grouping rule rows were extractable from the uploaded AJCC8 PDF for this site; copied from AJCC7 to avoid blank result pending cancer committee validation."
Hypopharynx,AJCC8,any,Any,Any,M1,Any,Any,IVC,"source_page=62; extract_method=stage_first; duplicate_source_page=69 | provenance=auto_extracted_from_uploaded_manuals_v1_0 | crosswalk_v1.3 source_site=Pharynx (Including base of tongue, soft palate, and uvula) -> tool_site=Hypopharynx; AJCC7 uses a broader Pharynx chapter; AJCC8 splits pharyngeal sites/HPV-mediated disease. | SURROGATE_AJCC8_FROM_AJCC7_REVIEW_REQUIRED_v1.7: no AJCC8 stage-grouping rule rows were extractable from the uploaded AJCC8 PDF for this site; copied from AJCC7 to avoid blank result pending cancer committee validation."
Hypopharynx,AJCC8,any,Any,N3,M0,Any,Any,IVB,"source_page=62; extract_method=stage_first; duplicate_source_page=69 | provenance=auto_extracted_from_uploaded_manuals_v1_0 | crosswalk_v1.3 source_site=Pharynx (Including base of tongue, soft palate, and uvula) -> tool_site=Hypopharynx; AJCC7 uses a broader Pharynx chapter; AJCC8 splits pharyngeal sites/HPV-mediated disease. | SURROGATE_AJCC8_FROM_AJCC7_REVIEW_REQUIRED_v1.7: no AJCC8 stage-grouping rule rows were extractable from the uploaded AJCC8 PDF for this site; copied from AJCC7 to avoid blank result pending cancer committee validation."
Hypopharynx,AJCC8,any,T4,N2,M0,Any,Any,IVA,"source_page=62; extract_method=stage_carried; duplicate_source_page=69 | provenance=auto_extracted_from_uploaded_manuals_v1_0 | crosswalk_v1.3 source_site=Pharynx (Including base of tongue, soft palate, and uvula) -> tool_site=Hypopharynx; AJCC7 uses a broader Pharynx chapter; AJCC8 splits pharyngeal sites/HPV-mediated disease. | SURROGATE_AJCC8_FROM_AJCC7_REVIEW_REQUIRED_v1.7: no AJCC8 stage-grouping rule rows were extractable from the uploaded AJCC8 PDF for this site; copied from AJCC7 to avoid blank result pending cancer committee validation."
Hypopharynx,AJCC8,yp,T2,N1,M0,Any,Any,II,"source_page=57; extract_method=stage_carried; extra_factors/raw_extra=C09.8 Overlapping lesion | provenance=auto_extracted_from_uploaded_manuals_v1_0 | crosswalk_v1.3 source_site=Pharynx (Including base of tongue, soft palate, and uvula) -> tool_site=Hypopharynx; AJCC7 uses a broader Pharynx chapter; AJCC8 splits pharyngeal sites/HPV-mediated disease. | SURROGATE_AJCC8_FROM_AJCC7_REVIEW_REQUIRED_v1.7: no AJCC8 stage-grouping rule rows were extractable from the uploaded AJCC8 PDF for this site; copied from AJCC7 to avoid blank result pending cancer committee validation."
Hypopharynx,AJCC8,yp,T2,N0,M0,Any,Any,II,"source_page=57; extract_method=stage_carried; extra_factors/raw_extra=C09.1 Tonsillar pillar; duplicate_source_page=58; duplicate_source_page=62; duplicate_source_page=69 | provenance=auto_extracted_from_uploaded_manuals_v1_0 | crosswalk_v1.3 source_site=Pharynx (Including base of tongue, soft palate, and uvula) -> tool_site=Hypopharynx; AJCC7 uses a broader Pharynx chapter; AJCC8 splits pharyngeal sites/HPV-mediated disease. | SURROGATE_AJCC8_FROM_AJCC7_REVIEW_REQUIRED_v1.7: no AJCC8 stage-grouping rule rows were extractable from the uploaded AJCC8 PDF for this site; copied from AJCC7 to avoid blank result pending cancer committee validation."
Hypopharynx,AJCC8,yp,T1,N1,M0,Any,Any,II,"source_page=57; extract_method=stage_first; extra_factors/raw_extra=C09.0 Tonsillar fossa | provenance=auto_extracted_from_uploaded_manuals_v1_0 | crosswalk_v1.3 source_site=Pharynx (Including base of tongue, soft palate, and uvula) -> tool_site=Hypopharynx; AJCC7 uses a broader Pharynx chapter; AJCC8 splits pharyngeal sites/HPV-mediated disease. | SURROGATE_AJCC8_FROM_AJCC7_REVIEW_REQUIRED_v1.7: no AJCC8 stage-grouping rule rows were extractable from the uploaded AJCC8 PDF for this site; copied from AJCC7 to avoid blank result pending cancer committee validation."
Hypopharynx,AJCC8,yp,T1,N0,M0,Any,Any,I,"source_page=57; extract_method=stage_first; extra_factors/raw_extra=C05.2 Uvula; duplicate_source_page=58; duplicate_source_page=62; duplicate_source_page=69 | provenance=auto_extracted_from_uploaded_manuals_v1_0 | crosswalk_v1.3 source_site=Pharynx (Including base of tongue, soft palate, and uvula) -> tool_site=Hypopharynx; AJCC7 uses a broader Pharynx chapter; AJCC8 splits pharyngeal sites/HPV-mediated disease. | SURROGATE_AJCC8_FROM_AJCC7_REVIEW_REQUIRED_v1.7: no AJCC8 stage-grouping rule rows were extractable from the uploaded AJCC8 PDF for this site; copied from AJCC7 to avoid blank result pending cancer committee validation."
Hypopharynx,AJCC8,yp,Tis,N0,M0,Any,Any,0,"source_page=57; extract_method=stage_first; extra_factors/raw_extra=C02.4 Lingual tonsil; duplicate_source_page=58; duplicate_source_page=62; duplicate_source_page=69 | provenance=auto_extracted_from_uploaded_manuals_v1_0 | crosswalk_v1.3 source_site=Pharynx (Including base of tongue, soft palate, and uvula) -> tool_site=Hypopharynx; AJCC7 uses a broader Pharynx chapter; AJCC8 splits pharyngeal sites/HPV-mediated disease. | SURROGATE_AJCC8_FROM_AJCC7_REVIEW_REQUIRED_v1.7: no AJCC8 stage-grouping rule rows were extractable from the uploaded AJCC8 PDF for this site; copied from AJCC7 to avoid blank result pending cancer committee validation."
GIST,AJCC8,yp,Any,N1,M0,Any,Any,IV,source_page=193; extract_method=stage_first; extra_factors/raw_extra=Any rate | provenance=auto_extracted_from_uploaded_manuals_v1_0 | crosswalk_v1.3 source_site=Gastrointestinal Stromal Tumor -> tool_site=GIST | SURROGATE_AJCC8_FROM_AJCC7_REVIEW_REQUIRED_v1.7: no AJCC8 stage-grouping rule rows were extractable from the uploaded AJCC8 PDF for this site; copied from AJCC7 to avoid blank result pending cancer committee validation.
GIST,AJCC8,yp,T4,N0,M0,Any,Any,II,source_page=193; extract_method=stage_carried; extra_factors/raw_extra=Low | provenance=auto_extracted_from_uploaded_manuals_v1_0 | crosswalk_v1.3 source_site=Gastrointestinal Stromal Tumor -> tool_site=GIST | SURROGATE_AJCC8_FROM_AJCC7_REVIEW_REQUIRED_v1.7: no AJCC8 stage-grouping rule rows were extractable from the uploaded AJCC8 PDF for this site; copied from AJCC7 to avoid blank result pending cancer committee validation.
GIST,AJCC8,yp,T2,N0,M0,Any,Any,II,source_page=193; extract_method=stage_carried; extra_factors/raw_extra=High | provenance=auto_extracted_from_uploaded_manuals_v1_0 | crosswalk_v1.3 source_site=Gastrointestinal Stromal Tumor -> tool_site=GIST | SURROGATE_AJCC8_FROM_AJCC7_REVIEW_REQUIRED_v1.7: no AJCC8 stage-grouping rule rows were extractable from the uploaded AJCC8 PDF for this site; copied from AJCC7 to avoid blank result pending cancer committee validation.
GIST,AJCC8,yp,T1,N0,M0,Any,Any,II,source_page=193; extract_method=stage_first; extra_factors/raw_extra=High | provenance=auto_extracted_from_uploaded_manuals_v1_0 | crosswalk_v1.3 source_site=Gastrointestinal Stromal Tumor -> tool_site=GIST | SURROGATE_AJCC8_FROM_AJCC7_REVIEW_REQUIRED_v1.7: no AJCC8 stage-grouping rule rows were extractable from the uploaded AJCC8 PDF for this site; copied from AJCC7 to avoid blank result pending cancer committee validation.
GIST,AJCC8,any,T3,N0,M0,Any,Any,IIIB,source_page=191; extract_method=stage_carried; extra_factors/raw_extra=High; duplicate_source_page=193; duplicate_source_page=195 | provenance=auto_extracted_from_uploaded_manuals_v1_0 | crosswalk_v1.3 source_site=Gastrointestinal Stromal Tumor -> tool_site=GIST | SURROGATE_AJCC8_FROM_AJCC7_REVIEW_REQUIRED_v1.7: no AJCC8 stage-grouping rule rows were extractable from the uploaded AJCC8 PDF for this site; copied from AJCC7 to avoid blank result pending cancer committee validation.
GIST,AJCC8,any,T2,N0,M0,Any,Any,IIIB,source_page=191; extract_method=stage_first; extra_factors/raw_extra=High; duplicate_source_page=193; duplicate_source_page=195 | provenance=auto_extracted_from_uploaded_manuals_v1_0 | crosswalk_v1.3 source_site=Gastrointestinal Stromal Tumor -> tool_site=GIST | SURROGATE_AJCC8_FROM_AJCC7_REVIEW_REQUIRED_v1.7: no AJCC8 stage-grouping rule rows were extractable from the uploaded AJCC8 PDF for this site; copied from AJCC7 to avoid blank result pending cancer committee validation.
GIST,AJCC8,any,T4,N0,M0,Any,Any,IIIA,source_page=191; extract_method=stage_carried; extra_factors/raw_extra=Low; duplicate_source_page=195 | provenance=auto_extracted_from_uploaded_manuals_v1_0 | crosswalk_v1.3 source_site=Gastrointestinal Stromal Tumor -> tool_site=GIST | SURROGATE_AJCC8_FROM_AJCC7_REVIEW_REQUIRED_v1.7: no AJCC8 stage-grouping rule rows were extractable from the uploaded AJCC8 PDF for this site; copied from AJCC7 to avoid blank result pending cancer committee validation.
GIST,AJCC8,any,T1,N0,M0,Any,Any,IIIA,source_page=191; extract_method=stage_first; extra_factors/raw_extra=High; duplicate_source_page=195 | provenance=auto_extracted_from_uploaded_manuals_v1_0 | crosswalk_v1.3 source_site=Gastrointestinal Stromal Tumor -> tool_site=GIST | SURROGATE_AJCC8_FROM_AJCC7_REVIEW_REQUIRED_v1.7: no AJCC8 stage-grouping rule rows were extractable from the uploaded AJCC8 PDF for this site; copied from AJCC7 to avoid blank result pending cancer committee validation.
GIST,AJCC8,any,T3,N0,M0,Any,Any,II,source_page=191; extract_method=stage_first; extra_factors/raw_extra=Low; duplicate_source_page=195 | provenance=auto_extracted_from_uploaded_manuals_v1_0 | crosswalk_v1.3 source_site=Gastrointestinal Stromal Tumor -> tool_site=GIST | SURROGATE_AJCC8_FROM_AJCC7_REVIEW_REQUIRED_v1.7: no AJCC8 stage-grouping rule rows were extractable from the uploaded AJCC8 PDF for this site; copied from AJCC7 to avoid blank result pending cancer committee validation.
GIST,AJCC8,any,T1|T2,N0,M0,Any,Any,I,source_page=191; extract_method=stage_first; extra_factors/raw_extra=Low; duplicate_source_page=195 | provenance=auto_extracted_from_uploaded_manuals_v1_0 | crosswalk_v1.3 source_site=Gastrointestinal Stromal Tumor -> tool_site=GIST | SURROGATE_AJCC8_FROM_AJCC7_REVIEW_REQUIRED_v1.7: no AJCC8 stage-grouping rule rows were extractable from the uploaded AJCC8 PDF for this site; copied from AJCC7 to avoid blank result pending cancer committee validation.
GIST,AJCC8,any,Any,Any,M1,Any,Any,IV,source_page=191; extract_method=stage_carried; extra_factors/raw_extra=Any rate; duplicate_source_page=191; duplicate_source_page=195; duplicate_source_page=195 | provenance=auto_extracted_from_uploaded_manuals_v1_0 | crosswalk_v1.3 source_site=Gastrointestinal Stromal Tumor -> tool_site=GIST | SURROGATE_AJCC8_FROM_AJCC7_REVIEW_REQUIRED_v1.7: no AJCC8 stage-grouping rule rows were extractable from the uploaded AJCC8 PDF for this site; copied from AJCC7 to avoid blank result pending cancer committee validation.
GIST,AJCC8,any,Any,N1,M0,Any,Any,IV,source_page=191; extract_method=stage_first; extra_factors/raw_extra=Any rate | neum; duplicate_source_page=191; duplicate_source_page=195; duplicate_source_page=195 | provenance=auto_extracted_from_uploaded_manuals_v1_0 | crosswalk_v1.3 source_site=Gastrointestinal Stromal Tumor -> tool_site=GIST | SURROGATE_AJCC8_FROM_AJCC7_REVIEW_REQUIRED_v1.7: no AJCC8 stage-grouping rule rows were extractable from the uploaded AJCC8 PDF for this site; copied from AJCC7 to avoid blank result pending cancer committee validation.
GIST,AJCC8,any,T4,N0,M0,Any,Any,IIIB,source_page=191; extract_method=stage_first; extra_factors/raw_extra=High | & Perito-; duplicate_source_page=191; duplicate_source_page=193; duplicate_source_page=195; duplicate_source_page=195 | provenance=auto_extracted_from_uploaded_manuals_v1_0 | crosswalk_v1.3 source_site=Gastrointestinal Stromal Tumor -> tool_site=GIST | SURROGATE_AJCC8_FROM_AJCC7_REVIEW_REQUIRED_v1.7: no AJCC8 stage-grouping rule rows were extractable from the uploaded AJCC8 PDF for this site; copied from AJCC7 to avoid blank result pending cancer committee validation.
GIST,AJCC8,any,T3,N0,M0,Any,Any,IIIA,source_page=191; extract_method=stage_first; extra_factors/raw_extra=High | C48.0-C48.8 Retro-; duplicate_source_page=195 | provenance=auto_extracted_from_uploaded_manuals_v1_0 | crosswalk_v1.3 source_site=Gastrointestinal Stromal Tumor -> tool_site=GIST | SURROGATE_AJCC8_FROM_AJCC7_REVIEW_REQUIRED_v1.7: no AJCC8 stage-grouping rule rows were extractable from the uploaded AJCC8 PDF for this site; copied from AJCC7 to avoid blank result pending cancer committee validation.
GIST,AJCC8,any,T4,N0,M0,Any,Any,II,source_page=191; extract_method=stage_carried; extra_factors/raw_extra=Low | C20.9 | Rectum; duplicate_source_page=195 | provenance=auto_extracted_from_uploaded_manuals_v1_0 | crosswalk_v1.3 source_site=Gastrointestinal Stromal Tumor -> tool_site=GIST | SURROGATE_AJCC8_FROM_AJCC7_REVIEW_REQUIRED_v1.7: no AJCC8 stage-grouping rule rows were extractable from the uploaded AJCC8 PDF for this site; copied from AJCC7 to avoid blank result pending cancer committee validation.
GIST,AJCC8,any,T2,N0,M0,Any,Any,II,source_page=191; extract_method=stage_carried; extra_factors/raw_extra=High | junction; duplicate_source_page=195 | provenance=auto_extracted_from_uploaded_manuals_v1_0 | crosswalk_v1.3 source_site=Gastrointestinal Stromal Tumor -> tool_site=GIST | SURROGATE_AJCC8_FROM_AJCC7_REVIEW_REQUIRED_v1.7: no AJCC8 stage-grouping rule rows were extractable from the uploaded AJCC8 PDF for this site; copied from AJCC7 to avoid blank result pending cancer committee validation.
GIST,AJCC8,any,T1,N0,M0,Any,Any,II,source_page=191; extract_method=stage_first; extra_factors/raw_extra=High | C19.9 | Rectosigmoid; duplicate_source_page=195 | provenance=auto_extracted_from_uploaded_manuals_v1_0 | crosswalk_v1.3 source_site=Gastrointestinal Stromal Tumor -> tool_site=GIST | SURROGATE_AJCC8_FROM_AJCC7_REVIEW_REQUIRED_v1.7: no AJCC8 stage-grouping rule rows were extractable from the uploaded AJCC8 PDF for this site; copied from AJCC7 to avoid blank result pending cancer committee validation.
GIST,AJCC8,any,T3,N0,M0,Any,Any,IB,source_page=191; extract_method=stage_first; extra_factors/raw_extra=Low | C17.9; duplicate_source_page=195 | provenance=auto_extracted_from_uploaded_manuals_v1_0 | crosswalk_v1.3 source_site=Gastrointestinal Stromal Tumor -> tool_site=GIST | SURROGATE_AJCC8_FROM_AJCC7_REVIEW_REQUIRED_v1.7: no AJCC8 stage-grouping rule rows were extractable from the uploaded AJCC8 PDF for this site; copied from AJCC7 to avoid blank result pending cancer committee validation.
GIST,AJCC8,any,T1|T2,N0,M0,Any,Any,IA,source_page=191; extract_method=stage_first; extra_factors/raw_extra=Low | C17.8- | intestine; duplicate_source_page=195 | provenance=auto_extracted_from_uploaded_manuals_v1_0 | crosswalk_v1.3 source_site=Gastrointestinal Stromal Tumor -> tool_site=GIST | SURROGATE_AJCC8_FROM_AJCC7_REVIEW_REQUIRED_v1.7: no AJCC8 stage-grouping rule rows were extractable from the uploaded AJCC8 PDF for this site; copied from AJCC7 to avoid blank result pending cancer committee validation.
Esophagus and Esophagogastric Junction: Other Histologies,AJCC8,any,Tis(HGD),N0,M0,Any,Any,0,"source_page=130; extract_method=stage_first; extra_factors/raw_extra=1, X | 0 | Tis (HGD) | N0 | M0 | 1, X | provenance=auto_extracted_from_uploaded_manuals_v1_0 | crosswalk_v1.3 source_site=Esophagus and EGJ -> tool_site=Esophagus and Esophagogastric Junction: Other Histologies | SURROGATE_AJCC8_FROM_AJCC7_REVIEW_REQUIRED_v1.7: no AJCC8 stage-grouping rule rows were extractable from the uploaded AJCC8 PDF for this site; copied from AJCC7 to avoid blank result pending cancer committee validation."
Esophagus and Esophagogastric Junction: Other Histologies,AJCC8,any,T4b,Any,M0,Any,Any,IIIC,source_page=129; extract_method=stage_carried; extra_factors/raw_extra=Any | Any | T4b | Any | M0 | Any | Any; duplicate_source_page=130 | provenance=auto_extracted_from_uploaded_manuals_v1_0 | crosswalk_v1.3 source_site=Esophagus and EGJ -> tool_site=Esophagus and Esophagogastric Junction: Other Histologies | SURROGATE_AJCC8_FROM_AJCC7_REVIEW_REQUIRED_v1.7: no AJCC8 stage-grouping rule rows were extractable from the uploaded AJCC8 PDF for this site; copied from AJCC7 to avoid blank result pending cancer committee validation.
Esophagus and Esophagogastric Junction: Other Histologies,AJCC8,any,T4a,N1|N2,M0,Any,Any,IIIC,source_page=129; extract_method=stage_first; extra_factors/raw_extra=Any | Any | IIIC | T4a | N1-2 | M0 | Any | Any; duplicate_source_page=130 | provenance=auto_extracted_from_uploaded_manuals_v1_0 | crosswalk_v1.3 source_site=Esophagus and EGJ -> tool_site=Esophagus and Esophagogastric Junction: Other Histologies | SURROGATE_AJCC8_FROM_AJCC7_REVIEW_REQUIRED_v1.7: no AJCC8 stage-grouping rule rows were extractable from the uploaded AJCC8 PDF for this site; copied from AJCC7 to avoid blank result pending cancer committee validation.
Hypopharynx,AJCC8,yp,T1,N2,M0,Any,Any,III,"source_page=57; extract_method=stage_first; extra_factors/raw_extra=C09.9 Tonsil, NOS | provenance=auto_extracted_from_uploaded_manuals_v1_0 | crosswalk_v1.3 source_site=Pharynx (Including base of tongue, soft palate, and uvula) -> tool_site=Hypopharynx; AJCC7 uses a broader Pharynx chapter; AJCC8 splits pharyngeal sites/HPV-mediated disease. | SURROGATE_AJCC8_FROM_AJCC7_REVIEW_REQUIRED_v1.7: no AJCC8 stage-grouping rule rows were extractable from the uploaded AJCC8 PDF for this site; copied from AJCC7 to avoid blank result pending cancer committee validation."
Esophagus and Esophagogastric Junction: Other Histologies,AJCC8,any,T2|T3,N0,M0,Any,Any,IIA,"source_page=129; extract_method=stage_first; extra_factors/raw_extra=1, X | Upper, middle | IIA | T2-3 | N0 | M0 | 1, X | Upper, middle; duplicate_source_page=129 | provenance=auto_extracted_from_uploaded_manuals_v1_0 | crosswalk_v1.3 source_site=Esophagus and EGJ -> tool_site=Esophagus and Esophagogastric Junction: Other Histologies | SURROGATE_AJCC8_FROM_AJCC7_REVIEW_REQUIRED_v1.7: no AJCC8 stage-grouping rule rows were extractable from the uploaded AJCC8 PDF for this site; copied from AJCC7 to avoid blank result pending cancer committee validation."
Hypopharynx,AJCC8,yp,T2,N2,M0,Any,Any,III,"source_page=57; extract_method=stage_carried; extra_factors/raw_extra=C10.0 Vallecula | provenance=auto_extracted_from_uploaded_manuals_v1_0 | crosswalk_v1.3 source_site=Pharynx (Including base of tongue, soft palate, and uvula) -> tool_site=Hypopharynx; AJCC7 uses a broader Pharynx chapter; AJCC8 splits pharyngeal sites/HPV-mediated disease. | SURROGATE_AJCC8_FROM_AJCC7_REVIEW_REQUIRED_v1.7: no AJCC8 stage-grouping rule rows were extractable from the uploaded AJCC8 PDF for this site; copied from AJCC7 to avoid blank result pending cancer committee validation."
Hypopharynx,AJCC8,yp,T3,N1,M0,Any,Any,III,"source_page=57; extract_method=stage_carried; extra_factors/raw_extra=oropharynx; duplicate_source_page=58; duplicate_source_page=62; duplicate_source_page=69 | provenance=auto_extracted_from_uploaded_manuals_v1_0 | crosswalk_v1.3 source_site=Pharynx (Including base of tongue, soft palate, and uvula) -> tool_site=Hypopharynx; AJCC7 uses a broader Pharynx chapter; AJCC8 splits pharyngeal sites/HPV-mediated disease. | SURROGATE_AJCC8_FROM_AJCC7_REVIEW_REQUIRED_v1.7: no AJCC8 stage-grouping rule rows were extractable from the uploaded AJCC8 PDF for this site; copied from AJCC7 to avoid blank result pending cancer committee validation."
Hypopharynx,AJCC8,any,T4,N1,M0,Any,Any,IVA,"source_page=62; extract_method=stage_carried; duplicate_source_page=69 | provenance=auto_extracted_from_uploaded_manuals_v1_0 | crosswalk_v1.3 source_site=Pharynx (Including base of tongue, soft palate, and uvula) -> tool_site=Hypopharynx; AJCC7 uses a broader Pharynx chapter; AJCC8 splits pharyngeal sites/HPV-mediated disease. | SURROGATE_AJCC8_FROM_AJCC7_REVIEW_REQUIRED_v1.7: no AJCC8 stage-grouping rule rows were extractable from the uploaded AJCC8 PDF for this site; copied from AJCC7 to avoid blank result pending cancer committee validation."
Hypopharynx,AJCC8,any,T4,N0,M0,Any,Any,IVA,"source_page=62; extract_method=stage_first; duplicate_source_page=69 | provenance=auto_extracted_from_uploaded_manuals_v1_0 | crosswalk_v1.3 source_site=Pharynx (Including base of tongue, soft palate, and uvula) -> tool_site=Hypopharynx; AJCC7 uses a broader Pharynx chapter; AJCC8 splits pharyngeal sites/HPV-mediated disease. | SURROGATE_AJCC8_FROM_AJCC7_REVIEW_REQUIRED_v1.7: no AJCC8 stage-grouping rule rows were extractable from the uploaded AJCC8 PDF for this site; copied from AJCC7 to avoid blank result pending cancer committee validation."
Hypopharynx,AJCC8,any,T3,N2,M0,Any,Any,III,"source_page=62; extract_method=stage_carried; duplicate_source_page=69 | provenance=auto_extracted_from_uploaded_manuals_v1_0 | crosswalk_v1.3 source_site=Pharynx (Including base of tongue, soft palate, and uvula) -> tool_site=Hypopharynx; AJCC7 uses a broader Pharynx chapter; AJCC8 splits pharyngeal sites/HPV-mediated disease. | SURROGATE_AJCC8_FROM_AJCC7_REVIEW_REQUIRED_v1.7: no AJCC8 stage-grouping rule rows were extractable from the uploaded AJCC8 PDF for this site; copied from AJCC7 to avoid blank result pending cancer committee validation."
Hypopharynx,AJCC8,any,T3,N1,M0,Any,Any,III,"source_page=62; extract_method=stage_carried; duplicate_source_page=69 | provenance=auto_extracted_from_uploaded_manuals_v1_0 | crosswalk_v1.3 source_site=Pharynx (Including base of tongue, soft palate, and uvula) -> tool_site=Hypopharynx; AJCC7 uses a broader Pharynx chapter; AJCC8 splits pharyngeal sites/HPV-mediated disease. | SURROGATE_AJCC8_FROM_AJCC7_REVIEW_REQUIRED_v1.7: no AJCC8 stage-grouping rule rows were extractable from the uploaded AJCC8 PDF for this site; copied from AJCC7 to avoid blank result pending cancer committee validation."
Hypopharynx,AJCC8,any,T3,N0,M0,Any,Any,III,"source_page=62; extract_method=stage_carried; duplicate_source_page=69 | provenance=auto_extracted_from_uploaded_manuals_v1_0 | crosswalk_v1.3 source_site=Pharynx (Including base of tongue, soft palate, and uvula) -> tool_site=Hypopharynx; AJCC7 uses a broader Pharynx chapter; AJCC8 splits pharyngeal sites/HPV-mediated disease. | SURROGATE_AJCC8_FROM_AJCC7_REVIEW_REQUIRED_v1.7: no AJCC8 stage-grouping rule rows were extractable from the uploaded AJCC8 PDF for this site; copied from AJCC7 to avoid blank result pending cancer committee validation."
Hypopharynx,AJCC8,any,T2,N2,M0,Any,Any,III,"source_page=62; extract_method=stage_carried; duplicate_source_page=69 | provenance=auto_extracted_from_uploaded_manuals_v1_0 | crosswalk_v1.3 source_site=Pharynx (Including base of tongue, soft palate, and uvula) -> tool_site=Hypopharynx; AJCC7 uses a broader Pharynx chapter; AJCC8 splits pharyngeal sites/HPV-mediated disease. | SURROGATE_AJCC8_FROM_AJCC7_REVIEW_REQUIRED_v1.7: no AJCC8 stage-grouping rule rows were extractable from the uploaded AJCC8 PDF for this site; copied from AJCC7 to avoid blank result pending cancer committee validation."
Hypopharynx,AJCC8,any,T1,N2,M0,Any,Any,III,"source_page=62; extract_method=stage_first; duplicate_source_page=69 | provenance=auto_extracted_from_uploaded_manuals_v1_0 | crosswalk_v1.3 source_site=Pharynx (Including base of tongue, soft palate, and uvula) -> tool_site=Hypopharynx; AJCC7 uses a broader Pharynx chapter; AJCC8 splits pharyngeal sites/HPV-mediated disease. | SURROGATE_AJCC8_FROM_AJCC7_REVIEW_REQUIRED_v1.7: no AJCC8 stage-grouping rule rows were extractable from the uploaded AJCC8 PDF for this site; copied from AJCC7 to avoid blank result pending cancer committee validation."
Hypopharynx,AJCC8,any,T2,N1,M0,Any,Any,II,"source_page=62; extract_method=stage_carried; duplicate_source_page=69 | provenance=auto_extracted_from_uploaded_manuals_v1_0 | crosswalk_v1.3 source_site=Pharynx (Including base of tongue, soft palate, and uvula) -> tool_site=Hypopharynx; AJCC7 uses a broader Pharynx chapter; AJCC8 splits pharyngeal sites/HPV-mediated disease. | SURROGATE_AJCC8_FROM_AJCC7_REVIEW_REQUIRED_v1.7: no AJCC8 stage-grouping rule rows were extractable from the uploaded AJCC8 PDF for this site; copied from AJCC7 to avoid blank result pending cancer committee validation."
Hypopharynx,AJCC8,any,T2,N0,M0,Any,Any,II,"source_page=62; extract_method=stage_carried; duplicate_source_page=69 | provenance=auto_extracted_from_uploaded_manuals_v1_0 | crosswalk_v1.3 source_site=Pharynx (Including base of tongue, soft palate, and uvula) -> tool_site=Hypopharynx; AJCC7 uses a broader Pharynx chapter; AJCC8 splits pharyngeal sites/HPV-mediated disease. | SURROGATE_AJCC8_FROM_AJCC7_REVIEW_REQUIRED_v1.7: no AJCC8 stage-grouping rule rows were extractable from the uploaded AJCC8 PDF for this site; copied from AJCC7 to avoid blank result pending cancer committee validation."
Hypopharynx,AJCC8,any,T1,N1,M0,Any,Any,II,"source_page=62; extract_method=stage_first; duplicate_source_page=69 | provenance=auto_extracted_from_uploaded_manuals_v1_0 | crosswalk_v1.3 source_site=Pharynx (Including base of tongue, soft palate, and uvula) -> tool_site=Hypopharynx; AJCC7 uses a broader Pharynx chapter; AJCC8 splits pharyngeal sites/HPV-mediated disease. | SURROGATE_AJCC8_FROM_AJCC7_REVIEW_REQUIRED_v1.7: no AJCC8 stage-grouping rule rows were extractable from the uploaded AJCC8 PDF for this site; copied from AJCC7 to avoid blank result pending cancer committee validation."
Hypopharynx,AJCC8,any,T1,N0,M0,Any,Any,I,"source_page=62; extract_method=stage_first; duplicate_source_page=69 | provenance=auto_extracted_from_uploaded_manuals_v1_0 | crosswalk_v1.3 source_site=Pharynx (Including base of tongue, soft palate, and uvula) -> tool_site=Hypopharynx; AJCC7 uses a broader Pharynx chapter; AJCC8 splits pharyngeal sites/HPV-mediated disease. | SURROGATE_AJCC8_FROM_AJCC7_REVIEW_REQUIRED_v1.7: no AJCC8 stage-grouping rule rows were extractable from the uploaded AJCC8 PDF for this site; copied from AJCC7 to avoid blank result pending cancer committee validation."
Hypopharynx,AJCC8,any,Tis,N0,M0,Any,Any,0,"source_page=62; extract_method=stage_first; duplicate_source_page=69 | provenance=auto_extracted_from_uploaded_manuals_v1_0 | crosswalk_v1.3 source_site=Pharynx (Including base of tongue, soft palate, and uvula) -> tool_site=Hypopharynx; AJCC7 uses a broader Pharynx chapter; AJCC8 splits pharyngeal sites/HPV-mediated disease. | SURROGATE_AJCC8_FROM_AJCC7_REVIEW_REQUIRED_v1.7: no AJCC8 stage-grouping rule rows were extractable from the uploaded AJCC8 PDF for this site; copied from AJCC7 to avoid blank result pending cancer committee validation."
Hypopharynx,AJCC8,yp,T4b,Any,M0,Any,Any,IVB,"source_page=58; extract_method=stage_first; extra_factors/raw_extra=ICD-O-3 HISTOLOGY; duplicate_source_page=62; duplicate_source_page=69 | provenance=auto_extracted_from_uploaded_manuals_v1_0 | crosswalk_v1.3 source_site=Pharynx (Including base of tongue, soft palate, and uvula) -> tool_site=Hypopharynx; AJCC7 uses a broader Pharynx chapter; AJCC8 splits pharyngeal sites/HPV-mediated disease. | SURROGATE_AJCC8_FROM_AJCC7_REVIEW_REQUIRED_v1.7: no AJCC8 stage-grouping rule rows were extractable from the uploaded AJCC8 PDF for this site; copied from AJCC7 to avoid blank result pending cancer committee validation."
Hypopharynx,AJCC8,yp,T4a,N2,M0,Any,Any,IVA,"source_page=58; extract_method=stage_carried; extra_factors/raw_extra=C13.9 | Hypopharynx, NOS; duplicate_source_page=62; duplicate_source_page=69 | provenance=auto_extracted_from_uploaded_manuals_v1_0 | crosswalk_v1.3 source_site=Pharynx (Including base of tongue, soft palate, and uvula) -> tool_site=Hypopharynx; AJCC7 uses a broader Pharynx chapter; AJCC8 splits pharyngeal sites/HPV-mediated disease. | SURROGATE_AJCC8_FROM_AJCC7_REVIEW_REQUIRED_v1.7: no AJCC8 stage-grouping rule rows were extractable from the uploaded AJCC8 PDF for this site; copied from AJCC7 to avoid blank result pending cancer committee validation."
Hypopharynx,AJCC8,yp,T3,N2,M0,Any,Any,IVA,"source_page=58; extract_method=stage_carried; extra_factors/raw_extra=of hypopharynx; duplicate_source_page=62; duplicate_source_page=69 | provenance=auto_extracted_from_uploaded_manuals_v1_0 | crosswalk_v1.3 source_site=Pharynx (Including base of tongue, soft palate, and uvula) -> tool_site=Hypopharynx; AJCC7 uses a broader Pharynx chapter; AJCC8 splits pharyngeal sites/HPV-mediated disease. | SURROGATE_AJCC8_FROM_AJCC7_REVIEW_REQUIRED_v1.7: no AJCC8 stage-grouping rule rows were extractable from the uploaded AJCC8 PDF for this site; copied from AJCC7 to avoid blank result pending cancer committee validation."
Hypopharynx,AJCC8,yp,T2,N2,M0,Any,Any,IVA,"source_page=58; extract_method=stage_carried; extra_factors/raw_extra=C13.8 | Overlapping lesion; duplicate_source_page=62; duplicate_source_page=69 | provenance=auto_extracted_from_uploaded_manuals_v1_0 | crosswalk_v1.3 source_site=Pharynx (Including base of tongue, soft palate, and uvula) -> tool_site=Hypopharynx; AJCC7 uses a broader Pharynx chapter; AJCC8 splits pharyngeal sites/HPV-mediated disease. | SURROGATE_AJCC8_FROM_AJCC7_REVIEW_REQUIRED_v1.7: no AJCC8 stage-grouping rule rows were extractable from the uploaded AJCC8 PDF for this site; copied from AJCC7 to avoid blank result pending cancer committee validation."
Hypopharynx,AJCC8,yp,T1,N2,M0,Any,Any,IVA,"source_page=58; extract_method=stage_carried; extra_factors/raw_extra=hypopharynx; duplicate_source_page=62; duplicate_source_page=69 | provenance=auto_extracted_from_uploaded_manuals_v1_0 | crosswalk_v1.3 source_site=Pharynx (Including base of tongue, soft palate, and uvula) -> tool_site=Hypopharynx; AJCC7 uses a broader Pharynx chapter; AJCC8 splits pharyngeal sites/HPV-mediated disease. | SURROGATE_AJCC8_FROM_AJCC7_REVIEW_REQUIRED_v1.7: no AJCC8 stage-grouping rule rows were extractable from the uploaded AJCC8 PDF for this site; copied from AJCC7 to avoid blank result pending cancer committee validation."
Hypopharynx,AJCC8,yp,T4a,N1,M0,Any,Any,IVA,"source_page=58; extract_method=stage_carried; extra_factors/raw_extra=C13.2 | Posterior wall of; duplicate_source_page=62; duplicate_source_page=69 | provenance=auto_extracted_from_uploaded_manuals_v1_0 | crosswalk_v1.3 source_site=Pharynx (Including base of tongue, soft palate, and uvula) -> tool_site=Hypopharynx; AJCC7 uses a broader Pharynx chapter; AJCC8 splits pharyngeal sites/HPV-mediated disease. | SURROGATE_AJCC8_FROM_AJCC7_REVIEW_REQUIRED_v1.7: no AJCC8 stage-grouping rule rows were extractable from the uploaded AJCC8 PDF for this site; copied from AJCC7 to avoid blank result pending cancer committee validation."
Hypopharynx,AJCC8,yp,T4a,N0,M0,Any,Any,IVA,"source_page=58; extract_method=stage_first; extra_factors/raw_extra=glottic fold; duplicate_source_page=62; duplicate_source_page=69 | provenance=auto_extracted_from_uploaded_manuals_v1_0 | crosswalk_v1.3 source_site=Pharynx (Including base of tongue, soft palate, and uvula) -> tool_site=Hypopharynx; AJCC7 uses a broader Pharynx chapter; AJCC8 splits pharyngeal sites/HPV-mediated disease. | SURROGATE_AJCC8_FROM_AJCC7_REVIEW_REQUIRED_v1.7: no AJCC8 stage-grouping rule rows were extractable from the uploaded AJCC8 PDF for this site; copied from AJCC7 to avoid blank result pending cancer committee validation."
Hypopharynx,AJCC8,yp,T2,N1,M0,Any,Any,III,"source_page=58; extract_method=stage_carried; extra_factors/raw_extra=C13.1 | Hypopharyngeal; duplicate_source_page=62; duplicate_source_page=69 | provenance=auto_extracted_from_uploaded_manuals_v1_0 | crosswalk_v1.3 source_site=Pharynx (Including base of tongue, soft palate, and uvula) -> tool_site=Hypopharynx; AJCC7 uses a broader Pharynx chapter; AJCC8 splits pharyngeal sites/HPV-mediated disease. | SURROGATE_AJCC8_FROM_AJCC7_REVIEW_REQUIRED_v1.7: no AJCC8 stage-grouping rule rows were extractable from the uploaded AJCC8 PDF for this site; copied from AJCC7 to avoid blank result pending cancer committee validation."
Hypopharynx,AJCC8,yp,T1,N1,M0,Any,Any,III,"source_page=58; extract_method=stage_carried; extra_factors/raw_extra=C13.0 | Postcricoid region; duplicate_source_page=62; duplicate_source_page=69 | provenance=auto_extracted_from_uploaded_manuals_v1_0 | crosswalk_v1.3 source_site=Pharynx (Including base of tongue, soft palate, and uvula) -> tool_site=Hypopharynx; AJCC7 uses a broader Pharynx chapter; AJCC8 splits pharyngeal sites/HPV-mediated disease. | SURROGATE_AJCC8_FROM_AJCC7_REVIEW_REQUIRED_v1.7: no AJCC8 stage-grouping rule rows were extractable from the uploaded AJCC8 PDF for this site; copied from AJCC7 to avoid blank result pending cancer committee validation."
Hypopharynx,AJCC8,yp,Any,Any,M1,Any,Any,IVC,"source_page=57; extract_method=stage_first; extra_factors/raw_extra=C11.0 Superior wall of; duplicate_source_page=58; duplicate_source_page=62; duplicate_source_page=69 | provenance=auto_extracted_from_uploaded_manuals_v1_0 | crosswalk_v1.3 source_site=Pharynx (Including base of tongue, soft palate, and uvula) -> tool_site=Hypopharynx; AJCC7 uses a broader Pharynx chapter; AJCC8 splits pharyngeal sites/HPV-mediated disease. | SURROGATE_AJCC8_FROM_AJCC7_REVIEW_REQUIRED_v1.7: no AJCC8 stage-grouping rule rows were extractable from the uploaded AJCC8 PDF for this site; copied from AJCC7 to avoid blank result pending cancer committee validation."
Hypopharynx,AJCC8,yp,Any,N3,M0,Any,Any,IVB,"source_page=57; extract_method=stage_first; extra_factors/raw_extra=C10.9 Oropharynx, NOS; duplicate_source_page=58; duplicate_source_page=62; duplicate_source_page=69 | provenance=auto_extracted_from_uploaded_manuals_v1_0 | crosswalk_v1.3 source_site=Pharynx (Including base of tongue, soft palate, and uvula) -> tool_site=Hypopharynx; AJCC7 uses a broader Pharynx chapter; AJCC8 splits pharyngeal sites/HPV-mediated disease. | SURROGATE_AJCC8_FROM_AJCC7_REVIEW_REQUIRED_v1.7: no AJCC8 stage-grouping rule rows were extractable from the uploaded AJCC8 PDF for this site; copied from AJCC7 to avoid blank result pending cancer committee validation."
Hypopharynx,AJCC8,yp,T4,N2,M0,Any,Any,IVA,"source_page=57; extract_method=stage_carried; extra_factors/raw_extra=C10.8 Overlapping lesion | provenance=auto_extracted_from_uploaded_manuals_v1_0 | crosswalk_v1.3 source_site=Pharynx (Including base of tongue, soft palate, and uvula) -> tool_site=Hypopharynx; AJCC7 uses a broader Pharynx chapter; AJCC8 splits pharyngeal sites/HPV-mediated disease. | SURROGATE_AJCC8_FROM_AJCC7_REVIEW_REQUIRED_v1.7: no AJCC8 stage-grouping rule rows were extractable from the uploaded AJCC8 PDF for this site; copied from AJCC7 to avoid blank result pending cancer committee validation."
Hypopharynx,AJCC8,yp,T4,N1,M0,Any,Any,IVA,"source_page=57; extract_method=stage_carried; extra_factors/raw_extra=C10.4 Branchial cleft | provenance=auto_extracted_from_uploaded_manuals_v1_0 | crosswalk_v1.3 source_site=Pharynx (Including base of tongue, soft palate, and uvula) -> tool_site=Hypopharynx; AJCC7 uses a broader Pharynx chapter; AJCC8 splits pharyngeal sites/HPV-mediated disease. | SURROGATE_AJCC8_FROM_AJCC7_REVIEW_REQUIRED_v1.7: no AJCC8 stage-grouping rule rows were extractable from the uploaded AJCC8 PDF for this site; copied from AJCC7 to avoid blank result pending cancer committee validation."
Hypopharynx,AJCC8,yp,T4,N0,M0,Any,Any,IVA,"source_page=57; extract_method=stage_first; extra_factors/raw_extra=wall | provenance=auto_extracted_from_uploaded_manuals_v1_0 | crosswalk_v1.3 source_site=Pharynx (Including base of tongue, soft palate, and uvula) -> tool_site=Hypopharynx; AJCC7 uses a broader Pharynx chapter; AJCC8 splits pharyngeal sites/HPV-mediated disease. | SURROGATE_AJCC8_FROM_AJCC7_REVIEW_REQUIRED_v1.7: no AJCC8 stage-grouping rule rows were extractable from the uploaded AJCC8 PDF for this site; copied from AJCC7 to avoid blank result pending cancer committee validation."
Hypopharynx,AJCC8,yp,T3,N2,M0,Any,Any,III,"source_page=57; extract_method=stage_carried; extra_factors/raw_extra=C10.3 Posterior pharyngeal | provenance=auto_extracted_from_uploaded_manuals_v1_0 | crosswalk_v1.3 source_site=Pharynx (Including base of tongue, soft palate, and uvula) -> tool_site=Hypopharynx; AJCC7 uses a broader Pharynx chapter; AJCC8 splits pharyngeal sites/HPV-mediated disease. | SURROGATE_AJCC8_FROM_AJCC7_REVIEW_REQUIRED_v1.7: no AJCC8 stage-grouping rule rows were extractable from the uploaded AJCC8 PDF for this site; copied from AJCC7 to avoid blank result pending cancer committee validation."
Hypopharynx,AJCC8,yp,T3,N0,M0,Any,Any,III,"source_page=57; extract_method=stage_carried; extra_factors/raw_extra=C10.2 Lateral wall of; duplicate_source_page=58; duplicate_source_page=62; duplicate_source_page=69 | provenance=auto_extracted_from_uploaded_manuals_v1_0 | crosswalk_v1.3 source_site=Pharynx (Including base of tongue, soft palate, and uvula) -> tool_site=Hypopharynx; AJCC7 uses a broader Pharynx chapter; AJCC8 splits pharyngeal sites/HPV-mediated disease. | SURROGATE_AJCC8_FROM_AJCC7_REVIEW_REQUIRED_v1.7: no AJCC8 stage-grouping rule rows were extractable from the uploaded AJCC8 PDF for this site; copied from AJCC7 to avoid blank result pending cancer committee validation."
Vagina,AJCC8,any,T3,N0,M0,Any,Any,I,source_page=404; extract_method=stage_carried | provenance=auto_extracted_from_uploaded_manuals_v1_0 | crosswalk_v1.3 source_site=Vagina -> tool_site=Vagina | SURROGATE_AJCC8_FROM_AJCC7_REVIEW_REQUIRED_v1.7: no AJCC8 stage-grouping rule rows were extractable from the uploaded AJCC8 PDF for this site; copied from AJCC7 to avoid blank result pending cancer committee validation.
