site,edition,classification,category_type,category,short_definition,detail_note,verification_status,source_pdf_page,source_section,definition_origin
Adrenal Cortical Carcinoma,AJCC7,any,T,T1,Primary tumor category imported from staging table; site-specific definition requires manual review.,No strict table definition was extracted for this site/category. Cancer committee review required.,generic_fallback_v1_6_review_required,,,generated_rule_category_fallback_v1_6
Adrenal Cortical Carcinoma,AJCC7,any,T,T2,Primary tumor category imported from staging table; site-specific definition requires manual review.,No strict table definition was extracted for this site/category. Cancer committee review required.,generic_fallback_v1_6_review_required,,,generated_rule_category_fallback_v1_6
Adrenal Cortical Carcinoma,AJCC7,any,T,T3,Primary tumor category imported from staging table; site-specific definition requires manual review.,No strict table definition was extracted for this site/category. Cancer committee review required.,generic_fallback_v1_6_review_required,,,generated_rule_category_fallback_v1_6
Adrenal Cortical Carcinoma,AJCC7,any,T,T4,Primary tumor category imported from staging table; site-specific definition requires manual review.,No strict table definition was extracted for this site/category. Cancer committee review required.,generic_fallback_v1_6_review_required,,,generated_rule_category_fallback_v1_6
Adrenal Cortical Carcinoma,AJCC7,any,N,N0,No regional lymph node metastasis; site-specific wording requires manual review.,No strict table definition was extracted for this site/category. Cancer committee review required.,generic_fallback_v1_6_review_required,,,generated_rule_category_fallback_v1_6
Adrenal Cortical Carcinoma,AJCC7,any,N,N1,Regional lymph node category imported from staging table; site-specific definition requires manual review.,No strict table definition was extracted for this site/category. Cancer committee review required.,generic_fallback_v1_6_review_required,,,generated_rule_category_fallback_v1_6
Adrenal Cortical Carcinoma,AJCC7,any,M,M0,No distant metastasis; site-specific wording requires manual review.,No strict table definition was extracted for this site/category. Cancer committee review required.,generic_fallback_v1_6_review_required,,,generated_rule_category_fallback_v1_6
Adrenal Cortical Carcinoma,AJCC7,any,M,M1,Distant metastasis category imported from staging table; site-specific definition requires manual review.,No strict table definition was extracted for this site/category. Cancer committee review required.,generic_fallback_v1_6_review_required,,,generated_rule_category_fallback_v1_6
Adrenal Cortical Carcinoma,AJCC8,any,T,T1,Primary tumor category imported from staging table; site-specific definition requires manual review.,No strict table definition was extracted for this site/category. Cancer committee review required. | SURROGATE_AJCC8_DEFINITION_FROM_AJCC7_REVIEW_REQUIRED_v1.7: AJCC8 explicit definition not extractable from uploaded PDF; AJCC7 wording displayed pending cancer committee validation.,fallback_from_AJCC7_for_AJCC8_review_required_v1_7,,,surrogate_definition_from_AJCC7_v1_7
Adrenal Cortical Carcinoma,AJCC8,any,T,T2,Primary tumor category imported from staging table; site-specific definition requires manual review.,No strict table definition was extracted for this site/category. Cancer committee review required. | SURROGATE_AJCC8_DEFINITION_FROM_AJCC7_REVIEW_REQUIRED_v1.7: AJCC8 explicit definition not extractable from uploaded PDF; AJCC7 wording displayed pending cancer committee validation.,fallback_from_AJCC7_for_AJCC8_review_required_v1_7,,,surrogate_definition_from_AJCC7_v1_7
Adrenal Cortical Carcinoma,AJCC8,any,T,T3,Primary tumor category imported from staging table; site-specific definition requires manual review.,No strict table definition was extracted for this site/category. Cancer committee review required. | SURROGATE_AJCC8_DEFINITION_FROM_AJCC7_REVIEW_REQUIRED_v1.7: AJCC8 explicit definition not extractable from uploaded PDF; AJCC7 wording displayed pending cancer committee validation.,fallback_from_AJCC7_for_AJCC8_review_required_v1_7,,,surrogate_definition_from_AJCC7_v1_7
Adrenal Cortical Carcinoma,AJCC8,any,T,T4,Primary tumor category imported from staging table; site-specific definition requires manual review.,No strict table definition was extracted for this site/category. Cancer committee review required. | SURROGATE_AJCC8_DEFINITION_FROM_AJCC7_REVIEW_REQUIRED_v1.7: AJCC8 explicit definition not extractable from uploaded PDF; AJCC7 wording displayed pending cancer committee validation.,fallback_from_AJCC7_for_AJCC8_review_required_v1_7,,,surrogate_definition_from_AJCC7_v1_7
Adrenal Cortical Carcinoma,AJCC8,any,N,N0,No regional lymph node metastasis; site-specific wording requires manual review.,No strict table definition was extracted for this site/category. Cancer committee review required. | SURROGATE_AJCC8_DEFINITION_FROM_AJCC7_REVIEW_REQUIRED_v1.7: AJCC8 explicit definition not extractable from uploaded PDF; AJCC7 wording displayed pending cancer committee validation.,fallback_from_AJCC7_for_AJCC8_review_required_v1_7,,,surrogate_definition_from_AJCC7_v1_7
Adrenal Cortical Carcinoma,AJCC8,any,N,N1,Regional lymph node category imported from staging table; site-specific definition requires manual review.,No strict table definition was extracted for this site/category. Cancer committee review required. | SURROGATE_AJCC8_DEFINITION_FROM_AJCC7_REVIEW_REQUIRED_v1.7: AJCC8 explicit definition not extractable from uploaded PDF; AJCC7 wording displayed pending cancer committee validation.,fallback_from_AJCC7_for_AJCC8_review_required_v1_7,,,surrogate_definition_from_AJCC7_v1_7
Adrenal Cortical Carcinoma,AJCC8,any,M,M0,No distant metastasis; site-specific wording requires manual review.,No strict table definition was extracted for this site/category. Cancer committee review required. | SURROGATE_AJCC8_DEFINITION_FROM_AJCC7_REVIEW_REQUIRED_v1.7: AJCC8 explicit definition not extractable from uploaded PDF; AJCC7 wording displayed pending cancer committee validation.,fallback_from_AJCC7_for_AJCC8_review_required_v1_7,,,surrogate_definition_from_AJCC7_v1_7
Adrenal Cortical Carcinoma,AJCC8,any,M,M1,Distant metastasis category imported from staging table; site-specific definition requires manual review.,No strict table definition was extracted for this site/category. Cancer committee review required. | SURROGATE_AJCC8_DEFINITION_FROM_AJCC7_REVIEW_REQUIRED_v1.7: AJCC8 explicit definition not extractable from uploaded PDF; AJCC7 wording displayed pending cancer committee validation.,fallback_from_AJCC7_for_AJCC8_review_required_v1_7,,,surrogate_definition_from_AJCC7_v1_7
Adrenal – Neuroendocrine Tumors,AJCC7,any,T,T1,Primary tumor category imported from staging table; site-specific definition requires manual review.,No strict table definition was extracted for this site/category. Cancer committee review required.,generic_fallback_v1_6_review_required,,,generated_rule_category_fallback_v1_6
Adrenal – Neuroendocrine Tumors,AJCC7,any,T,T2,Primary tumor category imported from staging table; site-specific definition requires manual review.,No strict table definition was extracted for this site/category. Cancer committee review required.,generic_fallback_v1_6_review_required,,,generated_rule_category_fallback_v1_6
Adrenal – Neuroendocrine Tumors,AJCC7,any,T,T3,Primary tumor category imported from staging table; site-specific definition requires manual review.,No strict table definition was extracted for this site/category. Cancer committee review required.,generic_fallback_v1_6_review_required,,,generated_rule_category_fallback_v1_6
Adrenal – Neuroendocrine Tumors,AJCC7,any,T,T4,Primary tumor category imported from staging table; site-specific definition requires manual review.,No strict table definition was extracted for this site/category. Cancer committee review required.,generic_fallback_v1_6_review_required,,,generated_rule_category_fallback_v1_6
Adrenal – Neuroendocrine Tumors,AJCC7,any,T,Tis,Carcinoma in situ or site-specific in-situ category; site-specific wording requires manual review.,No strict table definition was extracted for this site/category. Cancer committee review required.,generic_fallback_v1_6_review_required,,,generated_rule_category_fallback_v1_6
Adrenal – Neuroendocrine Tumors,AJCC7,any,N,N0,No regional lymph node metastasis; site-specific wording requires manual review.,No strict table definition was extracted for this site/category. Cancer committee review required.,generic_fallback_v1_6_review_required,,,generated_rule_category_fallback_v1_6
Adrenal – Neuroendocrine Tumors,AJCC7,any,N,N1,Regional lymph node category imported from staging table; site-specific definition requires manual review.,No strict table definition was extracted for this site/category. Cancer committee review required.,generic_fallback_v1_6_review_required,,,generated_rule_category_fallback_v1_6
Adrenal – Neuroendocrine Tumors,AJCC7,any,M,M0,No distant metastasis; site-specific wording requires manual review.,No strict table definition was extracted for this site/category. Cancer committee review required.,generic_fallback_v1_6_review_required,,,generated_rule_category_fallback_v1_6
Adrenal – Neuroendocrine Tumors,AJCC7,any,M,M1,Distant metastasis category imported from staging table; site-specific definition requires manual review.,No strict table definition was extracted for this site/category. Cancer committee review required.,generic_fallback_v1_6_review_required,,,generated_rule_category_fallback_v1_6
Adrenal – Neuroendocrine Tumors,AJCC8,any,T,T1,Primary tumor category imported from staging table; site-specific definition requires manual review.,No strict table definition was extracted for this site/category. Cancer committee review required. | SURROGATE_AJCC8_DEFINITION_FROM_AJCC7_REVIEW_REQUIRED_v1.7: AJCC8 explicit definition not extractable from uploaded PDF; AJCC7 wording displayed pending cancer committee validation.,fallback_from_AJCC7_for_AJCC8_review_required_v1_7,,,surrogate_definition_from_AJCC7_v1_7
Adrenal – Neuroendocrine Tumors,AJCC8,any,T,T2,Primary tumor category imported from staging table; site-specific definition requires manual review.,No strict table definition was extracted for this site/category. Cancer committee review required. | SURROGATE_AJCC8_DEFINITION_FROM_AJCC7_REVIEW_REQUIRED_v1.7: AJCC8 explicit definition not extractable from uploaded PDF; AJCC7 wording displayed pending cancer committee validation.,fallback_from_AJCC7_for_AJCC8_review_required_v1_7,,,surrogate_definition_from_AJCC7_v1_7
Adrenal – Neuroendocrine Tumors,AJCC8,any,T,T3,Primary tumor category imported from staging table; site-specific definition requires manual review.,No strict table definition was extracted for this site/category. Cancer committee review required. | SURROGATE_AJCC8_DEFINITION_FROM_AJCC7_REVIEW_REQUIRED_v1.7: AJCC8 explicit definition not extractable from uploaded PDF; AJCC7 wording displayed pending cancer committee validation.,fallback_from_AJCC7_for_AJCC8_review_required_v1_7,,,surrogate_definition_from_AJCC7_v1_7
Adrenal – Neuroendocrine Tumors,AJCC8,any,T,T4,Primary tumor category imported from staging table; site-specific definition requires manual review.,No strict table definition was extracted for this site/category. Cancer committee review required. | SURROGATE_AJCC8_DEFINITION_FROM_AJCC7_REVIEW_REQUIRED_v1.7: AJCC8 explicit definition not extractable from uploaded PDF; AJCC7 wording displayed pending cancer committee validation.,fallback_from_AJCC7_for_AJCC8_review_required_v1_7,,,surrogate_definition_from_AJCC7_v1_7
Adrenal – Neuroendocrine Tumors,AJCC8,any,T,Tis,Carcinoma in situ or site-specific in-situ category; site-specific wording requires manual review.,No strict table definition was extracted for this site/category. Cancer committee review required. | SURROGATE_AJCC8_DEFINITION_FROM_AJCC7_REVIEW_REQUIRED_v1.7: AJCC8 explicit definition not extractable from uploaded PDF; AJCC7 wording displayed pending cancer committee validation.,fallback_from_AJCC7_for_AJCC8_review_required_v1_7,,,surrogate_definition_from_AJCC7_v1_7
Adrenal – Neuroendocrine Tumors,AJCC8,any,N,N0,No regional lymph node metastasis; site-specific wording requires manual review.,No strict table definition was extracted for this site/category. Cancer committee review required. | SURROGATE_AJCC8_DEFINITION_FROM_AJCC7_REVIEW_REQUIRED_v1.7: AJCC8 explicit definition not extractable from uploaded PDF; AJCC7 wording displayed pending cancer committee validation.,fallback_from_AJCC7_for_AJCC8_review_required_v1_7,,,surrogate_definition_from_AJCC7_v1_7
Adrenal – Neuroendocrine Tumors,AJCC8,any,N,N1,Regional lymph node category imported from staging table; site-specific definition requires manual review.,No strict table definition was extracted for this site/category. Cancer committee review required. | SURROGATE_AJCC8_DEFINITION_FROM_AJCC7_REVIEW_REQUIRED_v1.7: AJCC8 explicit definition not extractable from uploaded PDF; AJCC7 wording displayed pending cancer committee validation.,fallback_from_AJCC7_for_AJCC8_review_required_v1_7,,,surrogate_definition_from_AJCC7_v1_7
Adrenal – Neuroendocrine Tumors,AJCC8,any,M,M0,No distant metastasis; site-specific wording requires manual review.,No strict table definition was extracted for this site/category. Cancer committee review required. | SURROGATE_AJCC8_DEFINITION_FROM_AJCC7_REVIEW_REQUIRED_v1.7: AJCC8 explicit definition not extractable from uploaded PDF; AJCC7 wording displayed pending cancer committee validation.,fallback_from_AJCC7_for_AJCC8_review_required_v1_7,,,surrogate_definition_from_AJCC7_v1_7
Adrenal – Neuroendocrine Tumors,AJCC8,any,M,M1,Distant metastasis category imported from staging table; site-specific definition requires manual review.,No strict table definition was extracted for this site/category. Cancer committee review required. | SURROGATE_AJCC8_DEFINITION_FROM_AJCC7_REVIEW_REQUIRED_v1.7: AJCC8 explicit definition not extractable from uploaded PDF; AJCC7 wording displayed pending cancer committee validation.,fallback_from_AJCC7_for_AJCC8_review_required_v1_7,,,surrogate_definition_from_AJCC7_v1_7
Ampulla of Vater,AJCC7,any,T,T0,No evidence of primary tumor（無原發腫瘤證據）,,checked_v0_7,,protected_curated_gi_definition_from_v0_8_2,protected_known_good_v0_8_2
Ampulla of Vater,AJCC7,any,T,T1,Tumor limited to ampulla of Vater or sphincter of Oddi（限於 Vater 壺腹或 Oddi 括約肌）,,checked_v0_7,,protected_curated_gi_definition_from_v0_8_2,protected_known_good_v0_8_2
Ampulla of Vater,AJCC7,any,T,T2,Tumor invades duodenal wall（侵犯十二指腸壁）,,checked_v0_7,,protected_curated_gi_definition_from_v0_8_2,protected_known_good_v0_8_2
Ampulla of Vater,AJCC7,any,T,T3,Tumor invades pancreas（侵犯胰臟）,,checked_v0_7,,protected_curated_gi_definition_from_v0_8_2,protected_known_good_v0_8_2
Ampulla of Vater,AJCC7,any,T,T4,Tumor invades peripancreatic soft tissues or other adjacent organs/structures（侵犯胰周軟組織或其他鄰近器官/構造）,,checked_v0_7,,protected_curated_gi_definition_from_v0_8_2,protected_known_good_v0_8_2
Ampulla of Vater,AJCC7,any,T,TX,Primary tumor cannot be assessed（原發腫瘤無法評估）,,checked_v0_7,,protected_curated_gi_definition_from_v0_8_2,protected_known_good_v0_8_2
Ampulla of Vater,AJCC7,any,T,Tis,Carcinoma in situ（原位癌）,,checked_v0_7,,protected_curated_gi_definition_from_v0_8_2,protected_known_good_v0_8_2
Ampulla of Vater,AJCC7,any,N,N0,No regional lymph node metastasis（無區域淋巴結轉移）,,checked_v0_7,,protected_curated_gi_definition_from_v0_8_2,protected_known_good_v0_8_2
Ampulla of Vater,AJCC7,any,N,N1,Regional lymph node metastasis（區域淋巴結轉移）,,checked_v0_7,,protected_curated_gi_definition_from_v0_8_2,protected_known_good_v0_8_2
Ampulla of Vater,AJCC7,any,N,NX,Regional lymph nodes cannot be assessed（區域淋巴結無法評估）,,checked_v0_7,,protected_curated_gi_definition_from_v0_8_2,protected_known_good_v0_8_2
Ampulla of Vater,AJCC7,any,M,M0,No distant metastasis（無遠端轉移）,,checked_v0_7,,protected_curated_gi_definition_from_v0_8_2,protected_known_good_v0_8_2
Ampulla of Vater,AJCC7,any,M,M1,Distant metastasis（有遠端轉移）,,checked_v0_7,,protected_curated_gi_definition_from_v0_8_2,protected_known_good_v0_8_2
Ampulla of Vater,AJCC8,any,T,T0,No evidence of primary tumor（無原發腫瘤證據）,,checked_v0_7,,protected_curated_gi_definition_from_v0_8_2,protected_known_good_v0_8_2
Ampulla of Vater,AJCC8,any,T,T1,Tumor limited to ampulla/sphincter of Oddi or with perisphincteric/duodenal submucosal invasion（限於壺腹/Oddi 括約肌或侵犯括約肌周邊/十二指腸黏膜下層；依 T1a/T1b 細分）,,checked_v0_7,,protected_curated_gi_definition_from_v0_8_2,protected_known_good_v0_8_2
Ampulla of Vater,AJCC8,any,T,T1a,Tumor limited to ampulla of Vater or sphincter of Oddi（限於 Vater 壺腹或 Oddi 括約肌）,,checked_v0_7,,protected_curated_gi_definition_from_v0_8_2,protected_known_good_v0_8_2
Ampulla of Vater,AJCC8,any,T,T1b,Tumor invades beyond sphincter of Oddi and/or into duodenal submucosa（侵犯 Oddi 括約肌外及/或十二指腸黏膜下層）,,checked_v0_7,,protected_curated_gi_definition_from_v0_8_2,protected_known_good_v0_8_2
Ampulla of Vater,AJCC8,any,T,T2,Tumor invades muscularis propria of the duodenum（侵犯十二指腸固有肌層）,,checked_v0_7,,protected_curated_gi_definition_from_v0_8_2,protected_known_good_v0_8_2
Ampulla of Vater,AJCC8,any,T,T3,Tumor directly invades pancreas or peripancreatic/periduodenal tissue without major arterial involvement（直接侵犯胰臟或胰周/十二指腸周邊組織，未侵犯主要動脈；依 T3a/T3b 細分）,,checked_v0_7,,protected_curated_gi_definition_from_v0_8_2,protected_known_good_v0_8_2
Ampulla of Vater,AJCC8,any,T,T3a,Tumor directly invades pancreas up to 0.5 cm（直接侵犯胰臟 ≤0.5 cm）,,checked_v0_7,,protected_curated_gi_definition_from_v0_8_2,protected_known_good_v0_8_2
Ampulla of Vater,AJCC8,any,T,T3b,Tumor extends >0.5 cm into pancreas or into peripancreatic/periduodenal tissue or duodenal serosa without celiac/SMA involvement（侵犯胰臟 >0.5 cm 或侵犯胰周/十二指腸周邊組織/十二指腸漿膜，未侵犯腹腔幹/SMA）,,checked_v0_7,,protected_curated_gi_definition_from_v0_8_2,protected_known_good_v0_8_2
Ampulla of Vater,AJCC8,any,T,T4,"Tumor involves celiac axis, superior mesenteric artery, and/or common hepatic artery（侵犯腹腔幹、上腸繫膜動脈及/或總肝動脈）",,checked_v0_7,,protected_curated_gi_definition_from_v0_8_2,protected_known_good_v0_8_2
Ampulla of Vater,AJCC8,any,T,TX,Primary tumor cannot be assessed（原發腫瘤無法評估）,,checked_v0_7,,protected_curated_gi_definition_from_v0_8_2,protected_known_good_v0_8_2
Ampulla of Vater,AJCC8,any,T,Tis,Carcinoma in situ（原位癌）,,checked_v0_7,,protected_curated_gi_definition_from_v0_8_2,protected_known_good_v0_8_2
Ampulla of Vater,AJCC8,any,N,N0,No regional lymph node metastasis（無區域淋巴結轉移）,,checked_v0_7,,protected_curated_gi_definition_from_v0_8_2,protected_known_good_v0_8_2
Ampulla of Vater,AJCC8,any,N,N1,Metastasis in 1–3 regional lymph nodes（1–3 顆區域淋巴結轉移）,,checked_v0_7,,protected_curated_gi_definition_from_v0_8_2,protected_known_good_v0_8_2
Ampulla of Vater,AJCC8,any,N,N2,Metastasis in 4 or more regional lymph nodes（≥4 顆區域淋巴結轉移）,,checked_v0_7,,protected_curated_gi_definition_from_v0_8_2,protected_known_good_v0_8_2
Ampulla of Vater,AJCC8,any,N,NX,Regional lymph nodes cannot be assessed（區域淋巴結無法評估）,,checked_v0_7,,protected_curated_gi_definition_from_v0_8_2,protected_known_good_v0_8_2
Ampulla of Vater,AJCC8,any,M,M0,No distant metastasis（無遠端轉移）,,checked_v0_7,,protected_curated_gi_definition_from_v0_8_2,protected_known_good_v0_8_2
Ampulla of Vater,AJCC8,any,M,M1,Distant metastasis（有遠端轉移）,,checked_v0_7,,protected_curated_gi_definition_from_v0_8_2,protected_known_good_v0_8_2
Anus,AJCC7,any,T,T1,Primary tumor category imported from staging table; site-specific definition requires manual review.,No strict table definition was extracted for this site/category. Cancer committee review required.,generic_fallback_v1_6_review_required,,,generated_rule_category_fallback_v1_6
Anus,AJCC7,any,T,T2,Primary tumor category imported from staging table; site-specific definition requires manual review.,No strict table definition was extracted for this site/category. Cancer committee review required.,generic_fallback_v1_6_review_required,,,generated_rule_category_fallback_v1_6
Anus,AJCC7,any,T,T3,Primary tumor category imported from staging table; site-specific definition requires manual review.,No strict table definition was extracted for this site/category. Cancer committee review required.,generic_fallback_v1_6_review_required,,,generated_rule_category_fallback_v1_6
Anus,AJCC7,any,T,T4,Primary tumor category imported from staging table; site-specific definition requires manual review.,No strict table definition was extracted for this site/category. Cancer committee review required.,generic_fallback_v1_6_review_required,,,generated_rule_category_fallback_v1_6
Anus,AJCC7,any,T,Tis,Carcinoma in situ or site-specific in-situ category; site-specific wording requires manual review.,No strict table definition was extracted for this site/category. Cancer committee review required.,generic_fallback_v1_6_review_required,,,generated_rule_category_fallback_v1_6
Anus,AJCC7,any,N,N0,No regional lymph node metastasis; site-specific wording requires manual review.,No strict table definition was extracted for this site/category. Cancer committee review required.,generic_fallback_v1_6_review_required,,,generated_rule_category_fallback_v1_6
Anus,AJCC7,any,N,N1,Regional lymph node category imported from staging table; site-specific definition requires manual review.,No strict table definition was extracted for this site/category. Cancer committee review required.,generic_fallback_v1_6_review_required,,,generated_rule_category_fallback_v1_6
Anus,AJCC7,any,N,N2,Regional lymph node category imported from staging table; site-specific definition requires manual review.,No strict table definition was extracted for this site/category. Cancer committee review required.,generic_fallback_v1_6_review_required,,,generated_rule_category_fallback_v1_6
Anus,AJCC7,any,N,N3,Regional lymph node category imported from staging table; site-specific definition requires manual review.,No strict table definition was extracted for this site/category. Cancer committee review required.,generic_fallback_v1_6_review_required,,,generated_rule_category_fallback_v1_6
Anus,AJCC7,any,M,M0,No distant metastasis; site-specific wording requires manual review.,No strict table definition was extracted for this site/category. Cancer committee review required.,generic_fallback_v1_6_review_required,,,generated_rule_category_fallback_v1_6
Anus,AJCC7,any,M,M1,Distant metastasis category imported from staging table; site-specific definition requires manual review.,No strict table definition was extracted for this site/category. Cancer committee review required.,generic_fallback_v1_6_review_required,,,generated_rule_category_fallback_v1_6
Anus,AJCC8,any,T,T1,Primary tumor category imported from staging table; site-specific definition requires manual review.,No strict table definition was extracted for this site/category. Cancer committee review required. | SURROGATE_AJCC8_DEFINITION_FROM_AJCC7_REVIEW_REQUIRED_v1.7: AJCC8 explicit definition not extractable from uploaded PDF; AJCC7 wording displayed pending cancer committee validation.,fallback_from_AJCC7_for_AJCC8_review_required_v1_7,,,surrogate_definition_from_AJCC7_v1_7
Anus,AJCC8,any,T,T2,Primary tumor category imported from staging table; site-specific definition requires manual review.,No strict table definition was extracted for this site/category. Cancer committee review required. | SURROGATE_AJCC8_DEFINITION_FROM_AJCC7_REVIEW_REQUIRED_v1.7: AJCC8 explicit definition not extractable from uploaded PDF; AJCC7 wording displayed pending cancer committee validation.,fallback_from_AJCC7_for_AJCC8_review_required_v1_7,,,surrogate_definition_from_AJCC7_v1_7
Anus,AJCC8,any,T,T3,Primary tumor category imported from staging table; site-specific definition requires manual review.,No strict table definition was extracted for this site/category. Cancer committee review required. | SURROGATE_AJCC8_DEFINITION_FROM_AJCC7_REVIEW_REQUIRED_v1.7: AJCC8 explicit definition not extractable from uploaded PDF; AJCC7 wording displayed pending cancer committee validation.,fallback_from_AJCC7_for_AJCC8_review_required_v1_7,,,surrogate_definition_from_AJCC7_v1_7
Anus,AJCC8,any,T,T4,Primary tumor category imported from staging table; site-specific definition requires manual review.,No strict table definition was extracted for this site/category. Cancer committee review required. | SURROGATE_AJCC8_DEFINITION_FROM_AJCC7_REVIEW_REQUIRED_v1.7: AJCC8 explicit definition not extractable from uploaded PDF; AJCC7 wording displayed pending cancer committee validation.,fallback_from_AJCC7_for_AJCC8_review_required_v1_7,,,surrogate_definition_from_AJCC7_v1_7
Anus,AJCC8,any,T,Tis,Carcinoma in situ or site-specific in-situ category; site-specific wording requires manual review.,No strict table definition was extracted for this site/category. Cancer committee review required. | SURROGATE_AJCC8_DEFINITION_FROM_AJCC7_REVIEW_REQUIRED_v1.7: AJCC8 explicit definition not extractable from uploaded PDF; AJCC7 wording displayed pending cancer committee validation.,fallback_from_AJCC7_for_AJCC8_review_required_v1_7,,,surrogate_definition_from_AJCC7_v1_7
Anus,AJCC8,any,N,N0,No regional lymph node metastasis; site-specific wording requires manual review.,No strict table definition was extracted for this site/category. Cancer committee review required. | SURROGATE_AJCC8_DEFINITION_FROM_AJCC7_REVIEW_REQUIRED_v1.7: AJCC8 explicit definition not extractable from uploaded PDF; AJCC7 wording displayed pending cancer committee validation.,fallback_from_AJCC7_for_AJCC8_review_required_v1_7,,,surrogate_definition_from_AJCC7_v1_7
Anus,AJCC8,any,N,N1,Regional lymph node category imported from staging table; site-specific definition requires manual review.,No strict table definition was extracted for this site/category. Cancer committee review required. | SURROGATE_AJCC8_DEFINITION_FROM_AJCC7_REVIEW_REQUIRED_v1.7: AJCC8 explicit definition not extractable from uploaded PDF; AJCC7 wording displayed pending cancer committee validation.,fallback_from_AJCC7_for_AJCC8_review_required_v1_7,,,surrogate_definition_from_AJCC7_v1_7
Anus,AJCC8,any,N,N2,Regional lymph node category imported from staging table; site-specific definition requires manual review.,No strict table definition was extracted for this site/category. Cancer committee review required. | SURROGATE_AJCC8_DEFINITION_FROM_AJCC7_REVIEW_REQUIRED_v1.7: AJCC8 explicit definition not extractable from uploaded PDF; AJCC7 wording displayed pending cancer committee validation.,fallback_from_AJCC7_for_AJCC8_review_required_v1_7,,,surrogate_definition_from_AJCC7_v1_7
Anus,AJCC8,any,N,N3,Regional lymph node category imported from staging table; site-specific definition requires manual review.,No strict table definition was extracted for this site/category. Cancer committee review required. | SURROGATE_AJCC8_DEFINITION_FROM_AJCC7_REVIEW_REQUIRED_v1.7: AJCC8 explicit definition not extractable from uploaded PDF; AJCC7 wording displayed pending cancer committee validation.,fallback_from_AJCC7_for_AJCC8_review_required_v1_7,,,surrogate_definition_from_AJCC7_v1_7
Anus,AJCC8,any,M,M0,No distant metastasis; site-specific wording requires manual review.,No strict table definition was extracted for this site/category. Cancer committee review required. | SURROGATE_AJCC8_DEFINITION_FROM_AJCC7_REVIEW_REQUIRED_v1.7: AJCC8 explicit definition not extractable from uploaded PDF; AJCC7 wording displayed pending cancer committee validation.,fallback_from_AJCC7_for_AJCC8_review_required_v1_7,,,surrogate_definition_from_AJCC7_v1_7
Anus,AJCC8,any,M,M1,Distant metastasis category imported from staging table; site-specific definition requires manual review.,No strict table definition was extracted for this site/category. Cancer committee review required. | SURROGATE_AJCC8_DEFINITION_FROM_AJCC7_REVIEW_REQUIRED_v1.7: AJCC8 explicit definition not extractable from uploaded PDF; AJCC7 wording displayed pending cancer committee validation.,fallback_from_AJCC7_for_AJCC8_review_required_v1_7,,,surrogate_definition_from_AJCC7_v1_7
Appendix - Carcinoma,AJCC8,any,T,T0,No evidence of primary tumor,,strict_table_extracted_v1_6,65,Definition of Primary Tumor (T),strict_table_extraction_v1_6
Appendix - Carcinoma,AJCC8,any,T,T1,"and T2 are not applicable to LAMN. Acellular mucin or mucinous epithelium that extends into the subserosa or serosa should be classified as T3 or T4a, respectively.",,strict_table_extracted_v1_6,65,Definition of Primary Tumor (T),strict_table_extraction_v1_6
Appendix - Carcinoma,AJCC8,any,T,T2,Tumor invades the muscularis propria,,strict_table_extracted_v1_6,65,Definition of Primary Tumor (T),strict_table_extraction_v1_6
Appendix - Carcinoma,AJCC8,any,T,T3,Tumor invades through the muscularis propria into the subserosa or the mesoappendix,,strict_table_extracted_v1_6,65,Definition of Primary Tumor (T),strict_table_extraction_v1_6
Appendix - Carcinoma,AJCC8,any,T,T4,"Tumor invades the visceral peritoneum, including the acellular mucin or mucinous epithelium involving the serosa of the appendix or mesoappendix, and/or directly invades adjacent organs or structures",,strict_table_extracted_v1_6,65,Definition of Primary Tumor (T),strict_table_extraction_v1_6
Appendix - Carcinoma,AJCC8,any,T,T4a,"Tumor invades through the visceral peritoneum, including the acellular mucin or mucinous epithelium involving the serosa of the appendix or serosa of the mesoappendix",,strict_table_extracted_v1_6,65,Definition of Primary Tumor (T),strict_table_extraction_v1_6
Appendix - Carcinoma,AJCC8,any,T,T4b,Tumor directly invades or adheres to adjacent organs or structures,,strict_table_extracted_v1_6,65,Definition of Primary Tumor (T),strict_table_extraction_v1_6
Appendix - Carcinoma,AJCC8,any,T,TX,Primary tumor cannot be assessed,,strict_table_extracted_v1_6,65,Definition of Primary Tumor (T),strict_table_extraction_v1_6
Appendix - Carcinoma,AJCC8,any,T,Tis,Carcinoma in situ (intramucosal carcinoma; invasion of the lamina propria or extension into but not through the muscularis mucosae),,strict_table_extracted_v1_6,65,Definition of Primary Tumor (T),strict_table_extraction_v1_6
Appendix - Carcinoma,AJCC8,any,T,Tis(LAMN),Low-grade appendiceal mucinous neoplasm confined by the muscularis propria. Acellular mucin or mucinous epithelium may invade into the muscularis propria.,,strict_table_extracted_v1_6,65,Definition of Primary Tumor (T),strict_table_extraction_v1_6
Appendix - Carcinoma,AJCC8,any,N,N0,No regional lymph node metastasis,,strict_table_extracted_v1_6,65,Definition of Regional Lymph Node (N),strict_table_extraction_v1_6
Appendix - Carcinoma,AJCC8,any,N,N1,"One to three regional lymph nodes are positive (tumor in lymph node measuring ≥0.2 mm) or any number of tumor deposits is present, and all identifiable lymph nodes are negative",,strict_table_extracted_v1_6,65,Definition of Regional Lymph Node (N),strict_table_extraction_v1_6
Appendix - Carcinoma,AJCC8,any,N,N1a,One regional lymph node is positive,,strict_table_extracted_v1_6,65,Definition of Regional Lymph Node (N),strict_table_extraction_v1_6
Appendix - Carcinoma,AJCC8,any,N,N1b,Two or three regional lymph nodes are positive,,strict_table_extracted_v1_6,65,Definition of Regional Lymph Node (N),strict_table_extraction_v1_6
Appendix - Carcinoma,AJCC8,any,N,N1c,"No regional lymph nodes are positive, but there are tumor deposits in the subserosa or mesentery",,strict_table_extracted_v1_6,65,Definition of Regional Lymph Node (N),strict_table_extraction_v1_6
Appendix - Carcinoma,AJCC8,any,N,N2,Four or more regional lymph nodes are positive,,strict_table_extracted_v1_6,65,Definition of Regional Lymph Node (N),strict_table_extraction_v1_6
Appendix - Carcinoma,AJCC8,any,N,NX,Regional lymph nodes cannot be assessed,,strict_table_extracted_v1_6,65,Definition of Regional Lymph Node (N),strict_table_extraction_v1_6
Appendix - Carcinoma,AJCC8,any,M,M0,No distant metastasis,,strict_table_extracted_v1_6,65,Definition of Distant Metastasis (M),strict_table_extraction_v1_6
Appendix - Carcinoma,AJCC8,any,M,M1,Distant metastasis,,strict_table_extracted_v1_6,65,Definition of Distant Metastasis (M),strict_table_extraction_v1_6
Appendix - Carcinoma,AJCC8,any,M,M1a,"Intraperitoneal acellular mucin, without identifiable tumor cells in the disseminated peritoneal mucinous deposits",,strict_table_extracted_v1_6,65,Definition of Distant Metastasis (M),strict_table_extraction_v1_6
Appendix - Carcinoma,AJCC8,any,M,M1b,"Intraperitoneal metastasis only, including peritoneal mucinous deposits containing tumor cells",,strict_table_extracted_v1_6,65,Definition of Distant Metastasis (M),strict_table_extraction_v1_6
Appendix - Carcinoma,AJCC8,any,M,M1c,"Metastasis to sites other than peritoneum tumor cells, efforts should be made to obtain additional tissue for thor- ough histologic examination to evaluate for cellularity HISTOLOGIC GRADE (G) G Definition GX Grade cannot be assessed G1 Well differentiated G2 Moderately differentiated G3 Poorly differentiated",,strict_table_extracted_v1_6,65,Definition of Distant Metastasis (M),strict_table_extraction_v1_6
Appendix - carcinoma,AJCC7,any,T,T0,No evidence of primary tumor（無原發腫瘤證據）,,checked_v0_7,,protected_curated_gi_definition_from_v0_8_2,protected_known_good_v0_8_2
Appendix - carcinoma,AJCC7,any,T,T1,Tumor invades submucosa（侵犯黏膜下層）,,checked_v0_7,,protected_curated_gi_definition_from_v0_8_2,protected_known_good_v0_8_2
Appendix - carcinoma,AJCC7,any,T,T2,Tumor invades muscularis propria（侵犯固有肌層）,,checked_v0_7,,protected_curated_gi_definition_from_v0_8_2,protected_known_good_v0_8_2
Appendix - carcinoma,AJCC7,any,T,T3,Tumor invades through muscularis propria into subserosa or mesoappendix（穿越肌層至漿膜下或闌尾繫膜）,,checked_v0_7,,protected_curated_gi_definition_from_v0_8_2,protected_known_good_v0_8_2
Appendix - carcinoma,AJCC7,any,T,T4,Tumor invades visceral peritoneum or directly invades/adheres to adjacent organs/structures（侵犯臟層腹膜或直接侵犯/沾黏鄰近器官/構造）,,checked_v0_7,,protected_curated_gi_definition_from_v0_8_2,protected_known_good_v0_8_2
Appendix - carcinoma,AJCC7,any,T,T4a,"Tumor invades through visceral peritoneum, including acellular mucin/mucinous epithelium on serosa or mesoappendix（侵犯穿透臟層腹膜，含無細胞黏液/黏液性上皮於漿膜或闌尾繫膜）",,checked_v0_7,,protected_curated_gi_definition_from_v0_8_2,protected_known_good_v0_8_2
Appendix - carcinoma,AJCC7,any,T,T4b,Tumor directly invades or adheres to adjacent organs or structures（直接侵犯或沾黏鄰近器官/構造）,,checked_v0_7,,protected_curated_gi_definition_from_v0_8_2,protected_known_good_v0_8_2
Appendix - carcinoma,AJCC7,any,T,TX,Primary tumor cannot be assessed（原發腫瘤無法評估）,,checked_v0_7,,protected_curated_gi_definition_from_v0_8_2,protected_known_good_v0_8_2
Appendix - carcinoma,AJCC7,any,T,Tis,Carcinoma in situ（原位癌）,,checked_v0_7,,protected_curated_gi_definition_from_v0_8_2,protected_known_good_v0_8_2
Appendix - carcinoma,AJCC7,any,T,Tis(LAMN),Low-grade appendiceal mucinous neoplasm confined by muscularis propria（低度惡性黏液性腫瘤，限於肌層內；依 AJCC8 表）,,checked_v0_7,,protected_curated_gi_definition_from_v0_8_2,protected_known_good_v0_8_2
Appendix - carcinoma,AJCC7,any,N,N0,No regional lymph node metastasis（無區域淋巴結轉移）,,checked_v0_7,,protected_curated_gi_definition_from_v0_8_2,protected_known_good_v0_8_2
Appendix - carcinoma,AJCC7,any,N,N1,Metastasis in 1–3 regional lymph nodes（1–3 顆區域淋巴結轉移）,,checked_v0_7,,protected_curated_gi_definition_from_v0_8_2,protected_known_good_v0_8_2
Appendix - carcinoma,AJCC7,any,N,N2,Metastasis in 4 or more regional lymph nodes（≥4 顆區域淋巴結轉移）,,checked_v0_7,,protected_curated_gi_definition_from_v0_8_2,protected_known_good_v0_8_2
Appendix - carcinoma,AJCC7,any,N,NX,Regional lymph nodes cannot be assessed（區域淋巴結無法評估）,,checked_v0_7,,protected_curated_gi_definition_from_v0_8_2,protected_known_good_v0_8_2
Appendix - carcinoma,AJCC7,any,M,M0,No distant metastasis（無遠端轉移）,,checked_v0_7,,protected_curated_gi_definition_from_v0_8_2,protected_known_good_v0_8_2
Appendix - carcinoma,AJCC7,any,M,M1,Distant metastasis（有遠端轉移）,,checked_v0_7,,protected_curated_gi_definition_from_v0_8_2,protected_known_good_v0_8_2
Appendix - carcinoma,AJCC7,any,M,M1a,"Intraperitoneal metastasis beyond the right lower quadrant, including pseudomyxoma peritonei（右下腹以外腹腔內轉移，含腹膜偽黏液瘤）",,checked_v0_7,,protected_curated_gi_definition_from_v0_8_2,protected_known_good_v0_8_2
Appendix - carcinoma,AJCC7,any,M,M1b,Non-peritoneal metastasis（非腹膜遠端轉移）,,checked_v0_7,,protected_curated_gi_definition_from_v0_8_2,protected_known_good_v0_8_2
Appendix - carcinoma,AJCC8,any,T,T0,No evidence of primary tumor（無原發腫瘤證據）,,checked_v0_7,,protected_curated_gi_definition_from_v0_8_2,protected_known_good_v0_8_2
Appendix - carcinoma,AJCC8,any,T,T1,Tumor invades submucosa（侵犯黏膜下層）,,checked_v0_7,,protected_curated_gi_definition_from_v0_8_2,protected_known_good_v0_8_2
Appendix - carcinoma,AJCC8,any,T,T2,Tumor invades muscularis propria（侵犯固有肌層）,,checked_v0_7,,protected_curated_gi_definition_from_v0_8_2,protected_known_good_v0_8_2
Appendix - carcinoma,AJCC8,any,T,T3,Tumor invades through muscularis propria into subserosa or mesoappendix（穿越肌層至漿膜下或闌尾繫膜）,,checked_v0_7,,protected_curated_gi_definition_from_v0_8_2,protected_known_good_v0_8_2
Appendix - carcinoma,AJCC8,any,T,T4,Tumor invades visceral peritoneum or directly invades/adheres to adjacent organs/structures（侵犯臟層腹膜或直接侵犯/沾黏鄰近器官/構造）,,checked_v0_7,,protected_curated_gi_definition_from_v0_8_2,protected_known_good_v0_8_2
Appendix - carcinoma,AJCC8,any,T,T4a,"Tumor invades through visceral peritoneum, including acellular mucin/mucinous epithelium on serosa or mesoappendix（侵犯穿透臟層腹膜，含無細胞黏液/黏液性上皮於漿膜或闌尾繫膜）",,checked_v0_7,,protected_curated_gi_definition_from_v0_8_2,protected_known_good_v0_8_2
Appendix - carcinoma,AJCC8,any,T,T4b,Tumor directly invades or adheres to adjacent organs or structures（直接侵犯或沾黏鄰近器官/構造）,,checked_v0_7,,protected_curated_gi_definition_from_v0_8_2,protected_known_good_v0_8_2
Appendix - carcinoma,AJCC8,any,T,TX,Primary tumor cannot be assessed（原發腫瘤無法評估）,,checked_v0_7,,protected_curated_gi_definition_from_v0_8_2,protected_known_good_v0_8_2
Appendix - carcinoma,AJCC8,any,T,Tis,Carcinoma in situ（原位癌）,,checked_v0_7,,protected_curated_gi_definition_from_v0_8_2,protected_known_good_v0_8_2
Appendix - carcinoma,AJCC8,any,T,Tis(LAMN),Low-grade appendiceal mucinous neoplasm confined by muscularis propria（低度惡性黏液性腫瘤，限於肌層內；依 AJCC8 表）,,checked_v0_7,,protected_curated_gi_definition_from_v0_8_2,protected_known_good_v0_8_2
Appendix - carcinoma,AJCC8,any,N,N0,No regional lymph node metastasis（無區域淋巴結轉移）,,checked_v0_7,,protected_curated_gi_definition_from_v0_8_2,protected_known_good_v0_8_2
Appendix - carcinoma,AJCC8,any,N,N1,One to three positive nodes or tumor deposits with all nodes negative（1–3 顆陽性淋巴結，或無陽性淋巴結但有 tumor deposits）,,checked_v0_7,,protected_curated_gi_definition_from_v0_8_2,protected_known_good_v0_8_2
Appendix - carcinoma,AJCC8,any,N,N1a,One positive regional lymph node（1 顆陽性區域淋巴結）,,checked_v0_7,,protected_curated_gi_definition_from_v0_8_2,protected_known_good_v0_8_2
Appendix - carcinoma,AJCC8,any,N,N1b,Two or three positive regional lymph nodes（2–3 顆陽性區域淋巴結）,,checked_v0_7,,protected_curated_gi_definition_from_v0_8_2,protected_known_good_v0_8_2
Appendix - carcinoma,AJCC8,any,N,N1c,Tumor deposits with all identifiable lymph nodes negative（無陽性淋巴結但有 tumor deposits）,,checked_v0_7,,protected_curated_gi_definition_from_v0_8_2,protected_known_good_v0_8_2
Appendix - carcinoma,AJCC8,any,N,N2,Four or more positive regional lymph nodes（≥4 顆陽性區域淋巴結）,,checked_v0_7,,protected_curated_gi_definition_from_v0_8_2,protected_known_good_v0_8_2
Appendix - carcinoma,AJCC8,any,N,NX,Regional lymph nodes cannot be assessed（區域淋巴結無法評估）,,checked_v0_7,,protected_curated_gi_definition_from_v0_8_2,protected_known_good_v0_8_2
Appendix - carcinoma,AJCC8,any,M,M0,No distant metastasis（無遠端轉移）,,checked_v0_7,,protected_curated_gi_definition_from_v0_8_2,protected_known_good_v0_8_2
Appendix - carcinoma,AJCC8,any,M,M1,Distant metastasis（有遠端轉移）,,checked_v0_7,,protected_curated_gi_definition_from_v0_8_2,protected_known_good_v0_8_2
Appendix - carcinoma,AJCC8,any,M,M1a,Intraperitoneal acellular mucin without identifiable tumor cells（腹腔內無細胞黏液，未見腫瘤細胞）,,checked_v0_7,,protected_curated_gi_definition_from_v0_8_2,protected_known_good_v0_8_2
Appendix - carcinoma,AJCC8,any,M,M1b,"Intraperitoneal metastasis only, including mucinous deposits containing tumor cells（僅腹腔內轉移，含有腫瘤細胞之黏液沉積）",,checked_v0_7,,protected_curated_gi_definition_from_v0_8_2,protected_known_good_v0_8_2
Appendix - carcinoma,AJCC8,any,M,M1c,Metastasis to sites other than peritoneum（非腹膜部位遠端轉移）,,checked_v0_7,,protected_curated_gi_definition_from_v0_8_2,protected_known_good_v0_8_2
"Bone: Appendicular Skeleton, Trunk, Skull and Facial Bones",AJCC7,any,T,T1,Primary tumor category imported from staging table; site-specific definition requires manual review.,No strict table definition was extracted for this site/category. Cancer committee review required.,generic_fallback_v1_6_review_required,,,generated_rule_category_fallback_v1_6
"Bone: Appendicular Skeleton, Trunk, Skull and Facial Bones",AJCC7,any,T,T2,Primary tumor category imported from staging table; site-specific definition requires manual review.,No strict table definition was extracted for this site/category. Cancer committee review required.,generic_fallback_v1_6_review_required,,,generated_rule_category_fallback_v1_6
"Bone: Appendicular Skeleton, Trunk, Skull and Facial Bones",AJCC7,any,T,T3,Primary tumor category imported from staging table; site-specific definition requires manual review.,No strict table definition was extracted for this site/category. Cancer committee review required.,generic_fallback_v1_6_review_required,,,generated_rule_category_fallback_v1_6
"Bone: Appendicular Skeleton, Trunk, Skull and Facial Bones",AJCC7,any,N,N0,No regional lymph node metastasis; site-specific wording requires manual review.,No strict table definition was extracted for this site/category. Cancer committee review required.,generic_fallback_v1_6_review_required,,,generated_rule_category_fallback_v1_6
"Bone: Appendicular Skeleton, Trunk, Skull and Facial Bones",AJCC7,any,N,N1,Regional lymph node category imported from staging table; site-specific definition requires manual review.,No strict table definition was extracted for this site/category. Cancer committee review required.,generic_fallback_v1_6_review_required,,,generated_rule_category_fallback_v1_6
"Bone: Appendicular Skeleton, Trunk, Skull and Facial Bones",AJCC7,any,M,M0,No distant metastasis; site-specific wording requires manual review.,No strict table definition was extracted for this site/category. Cancer committee review required.,generic_fallback_v1_6_review_required,,,generated_rule_category_fallback_v1_6
"Bone: Appendicular Skeleton, Trunk, Skull and Facial Bones",AJCC7,any,M,M1a,Distant metastasis category imported from staging table; site-specific definition requires manual review.,No strict table definition was extracted for this site/category. Cancer committee review required.,generic_fallback_v1_6_review_required,,,generated_rule_category_fallback_v1_6
"Bone: Appendicular Skeleton, Trunk, Skull and Facial Bones",AJCC7,any,M,M1b,Distant metastasis category imported from staging table; site-specific definition requires manual review.,No strict table definition was extracted for this site/category. Cancer committee review required.,generic_fallback_v1_6_review_required,,,generated_rule_category_fallback_v1_6
"Bone: Appendicular Skeleton, Trunk, Skull and Facial Bones",AJCC8,any,T,T1,Primary tumor category imported from staging table; site-specific definition requires manual review.,No strict table definition was extracted for this site/category. Cancer committee review required. | SURROGATE_AJCC8_DEFINITION_FROM_AJCC7_REVIEW_REQUIRED_v1.7: AJCC8 explicit definition not extractable from uploaded PDF; AJCC7 wording displayed pending cancer committee validation.,fallback_from_AJCC7_for_AJCC8_review_required_v1_7,,,surrogate_definition_from_AJCC7_v1_7
"Bone: Appendicular Skeleton, Trunk, Skull and Facial Bones",AJCC8,any,T,T2,Primary tumor category imported from staging table; site-specific definition requires manual review.,No strict table definition was extracted for this site/category. Cancer committee review required. | SURROGATE_AJCC8_DEFINITION_FROM_AJCC7_REVIEW_REQUIRED_v1.7: AJCC8 explicit definition not extractable from uploaded PDF; AJCC7 wording displayed pending cancer committee validation.,fallback_from_AJCC7_for_AJCC8_review_required_v1_7,,,surrogate_definition_from_AJCC7_v1_7
"Bone: Appendicular Skeleton, Trunk, Skull and Facial Bones",AJCC8,any,T,T3,Primary tumor category imported from staging table; site-specific definition requires manual review.,No strict table definition was extracted for this site/category. Cancer committee review required. | SURROGATE_AJCC8_DEFINITION_FROM_AJCC7_REVIEW_REQUIRED_v1.7: AJCC8 explicit definition not extractable from uploaded PDF; AJCC7 wording displayed pending cancer committee validation.,fallback_from_AJCC7_for_AJCC8_review_required_v1_7,,,surrogate_definition_from_AJCC7_v1_7
"Bone: Appendicular Skeleton, Trunk, Skull and Facial Bones",AJCC8,any,N,N0,No regional lymph node metastasis; site-specific wording requires manual review.,No strict table definition was extracted for this site/category. Cancer committee review required. | SURROGATE_AJCC8_DEFINITION_FROM_AJCC7_REVIEW_REQUIRED_v1.7: AJCC8 explicit definition not extractable from uploaded PDF; AJCC7 wording displayed pending cancer committee validation.,fallback_from_AJCC7_for_AJCC8_review_required_v1_7,,,surrogate_definition_from_AJCC7_v1_7
"Bone: Appendicular Skeleton, Trunk, Skull and Facial Bones",AJCC8,any,N,N1,Regional lymph node category imported from staging table; site-specific definition requires manual review.,No strict table definition was extracted for this site/category. Cancer committee review required. | SURROGATE_AJCC8_DEFINITION_FROM_AJCC7_REVIEW_REQUIRED_v1.7: AJCC8 explicit definition not extractable from uploaded PDF; AJCC7 wording displayed pending cancer committee validation.,fallback_from_AJCC7_for_AJCC8_review_required_v1_7,,,surrogate_definition_from_AJCC7_v1_7
"Bone: Appendicular Skeleton, Trunk, Skull and Facial Bones",AJCC8,any,M,M0,No distant metastasis; site-specific wording requires manual review.,No strict table definition was extracted for this site/category. Cancer committee review required. | SURROGATE_AJCC8_DEFINITION_FROM_AJCC7_REVIEW_REQUIRED_v1.7: AJCC8 explicit definition not extractable from uploaded PDF; AJCC7 wording displayed pending cancer committee validation.,fallback_from_AJCC7_for_AJCC8_review_required_v1_7,,,surrogate_definition_from_AJCC7_v1_7
"Bone: Appendicular Skeleton, Trunk, Skull and Facial Bones",AJCC8,any,M,M1a,Distant metastasis category imported from staging table; site-specific definition requires manual review.,No strict table definition was extracted for this site/category. Cancer committee review required. | SURROGATE_AJCC8_DEFINITION_FROM_AJCC7_REVIEW_REQUIRED_v1.7: AJCC8 explicit definition not extractable from uploaded PDF; AJCC7 wording displayed pending cancer committee validation.,fallback_from_AJCC7_for_AJCC8_review_required_v1_7,,,surrogate_definition_from_AJCC7_v1_7
"Bone: Appendicular Skeleton, Trunk, Skull and Facial Bones",AJCC8,any,M,M1b,Distant metastasis category imported from staging table; site-specific definition requires manual review.,No strict table definition was extracted for this site/category. Cancer committee review required. | SURROGATE_AJCC8_DEFINITION_FROM_AJCC7_REVIEW_REQUIRED_v1.7: AJCC8 explicit definition not extractable from uploaded PDF; AJCC7 wording displayed pending cancer committee validation.,fallback_from_AJCC7_for_AJCC8_review_required_v1_7,,,surrogate_definition_from_AJCC7_v1_7
Bone: Pelvis,AJCC7,any,T,T1,Primary tumor category imported from staging table; site-specific definition requires manual review.,No strict table definition was extracted for this site/category. Cancer committee review required.,generic_fallback_v1_6_review_required,,,generated_rule_category_fallback_v1_6
Bone: Pelvis,AJCC7,any,T,T2,Primary tumor category imported from staging table; site-specific definition requires manual review.,No strict table definition was extracted for this site/category. Cancer committee review required.,generic_fallback_v1_6_review_required,,,generated_rule_category_fallback_v1_6
Bone: Pelvis,AJCC7,any,T,T3,Primary tumor category imported from staging table; site-specific definition requires manual review.,No strict table definition was extracted for this site/category. Cancer committee review required.,generic_fallback_v1_6_review_required,,,generated_rule_category_fallback_v1_6
Bone: Pelvis,AJCC7,any,N,N0,No regional lymph node metastasis; site-specific wording requires manual review.,No strict table definition was extracted for this site/category. Cancer committee review required.,generic_fallback_v1_6_review_required,,,generated_rule_category_fallback_v1_6
Bone: Pelvis,AJCC7,any,N,N1,Regional lymph node category imported from staging table; site-specific definition requires manual review.,No strict table definition was extracted for this site/category. Cancer committee review required.,generic_fallback_v1_6_review_required,,,generated_rule_category_fallback_v1_6
Bone: Pelvis,AJCC7,any,M,M0,No distant metastasis; site-specific wording requires manual review.,No strict table definition was extracted for this site/category. Cancer committee review required.,generic_fallback_v1_6_review_required,,,generated_rule_category_fallback_v1_6
Bone: Pelvis,AJCC7,any,M,M1a,Distant metastasis category imported from staging table; site-specific definition requires manual review.,No strict table definition was extracted for this site/category. Cancer committee review required.,generic_fallback_v1_6_review_required,,,generated_rule_category_fallback_v1_6
Bone: Pelvis,AJCC7,any,M,M1b,Distant metastasis category imported from staging table; site-specific definition requires manual review.,No strict table definition was extracted for this site/category. Cancer committee review required.,generic_fallback_v1_6_review_required,,,generated_rule_category_fallback_v1_6
Bone: Pelvis,AJCC8,any,T,T1,Primary tumor category imported from staging table; site-specific definition requires manual review.,No strict table definition was extracted for this site/category. Cancer committee review required. | SURROGATE_AJCC8_DEFINITION_FROM_AJCC7_REVIEW_REQUIRED_v1.7: AJCC8 explicit definition not extractable from uploaded PDF; AJCC7 wording displayed pending cancer committee validation.,fallback_from_AJCC7_for_AJCC8_review_required_v1_7,,,surrogate_definition_from_AJCC7_v1_7
Bone: Pelvis,AJCC8,any,T,T2,Primary tumor category imported from staging table; site-specific definition requires manual review.,No strict table definition was extracted for this site/category. Cancer committee review required. | SURROGATE_AJCC8_DEFINITION_FROM_AJCC7_REVIEW_REQUIRED_v1.7: AJCC8 explicit definition not extractable from uploaded PDF; AJCC7 wording displayed pending cancer committee validation.,fallback_from_AJCC7_for_AJCC8_review_required_v1_7,,,surrogate_definition_from_AJCC7_v1_7
Bone: Pelvis,AJCC8,any,T,T3,Primary tumor category imported from staging table; site-specific definition requires manual review.,No strict table definition was extracted for this site/category. Cancer committee review required. | SURROGATE_AJCC8_DEFINITION_FROM_AJCC7_REVIEW_REQUIRED_v1.7: AJCC8 explicit definition not extractable from uploaded PDF; AJCC7 wording displayed pending cancer committee validation.,fallback_from_AJCC7_for_AJCC8_review_required_v1_7,,,surrogate_definition_from_AJCC7_v1_7
Bone: Pelvis,AJCC8,any,N,N0,No regional lymph node metastasis; site-specific wording requires manual review.,No strict table definition was extracted for this site/category. Cancer committee review required. | SURROGATE_AJCC8_DEFINITION_FROM_AJCC7_REVIEW_REQUIRED_v1.7: AJCC8 explicit definition not extractable from uploaded PDF; AJCC7 wording displayed pending cancer committee validation.,fallback_from_AJCC7_for_AJCC8_review_required_v1_7,,,surrogate_definition_from_AJCC7_v1_7
Bone: Pelvis,AJCC8,any,N,N1,Regional lymph node category imported from staging table; site-specific definition requires manual review.,No strict table definition was extracted for this site/category. Cancer committee review required. | SURROGATE_AJCC8_DEFINITION_FROM_AJCC7_REVIEW_REQUIRED_v1.7: AJCC8 explicit definition not extractable from uploaded PDF; AJCC7 wording displayed pending cancer committee validation.,fallback_from_AJCC7_for_AJCC8_review_required_v1_7,,,surrogate_definition_from_AJCC7_v1_7
Bone: Pelvis,AJCC8,any,M,M0,No distant metastasis; site-specific wording requires manual review.,No strict table definition was extracted for this site/category. Cancer committee review required. | SURROGATE_AJCC8_DEFINITION_FROM_AJCC7_REVIEW_REQUIRED_v1.7: AJCC8 explicit definition not extractable from uploaded PDF; AJCC7 wording displayed pending cancer committee validation.,fallback_from_AJCC7_for_AJCC8_review_required_v1_7,,,surrogate_definition_from_AJCC7_v1_7
Bone: Pelvis,AJCC8,any,M,M1a,Distant metastasis category imported from staging table; site-specific definition requires manual review.,No strict table definition was extracted for this site/category. Cancer committee review required. | SURROGATE_AJCC8_DEFINITION_FROM_AJCC7_REVIEW_REQUIRED_v1.7: AJCC8 explicit definition not extractable from uploaded PDF; AJCC7 wording displayed pending cancer committee validation.,fallback_from_AJCC7_for_AJCC8_review_required_v1_7,,,surrogate_definition_from_AJCC7_v1_7
Bone: Pelvis,AJCC8,any,M,M1b,Distant metastasis category imported from staging table; site-specific definition requires manual review.,No strict table definition was extracted for this site/category. Cancer committee review required. | SURROGATE_AJCC8_DEFINITION_FROM_AJCC7_REVIEW_REQUIRED_v1.7: AJCC8 explicit definition not extractable from uploaded PDF; AJCC7 wording displayed pending cancer committee validation.,fallback_from_AJCC7_for_AJCC8_review_required_v1_7,,,surrogate_definition_from_AJCC7_v1_7
Bone: Spine,AJCC7,any,T,T1,Primary tumor category imported from staging table; site-specific definition requires manual review.,No strict table definition was extracted for this site/category. Cancer committee review required.,generic_fallback_v1_6_review_required,,,generated_rule_category_fallback_v1_6
Bone: Spine,AJCC7,any,T,T2,Primary tumor category imported from staging table; site-specific definition requires manual review.,No strict table definition was extracted for this site/category. Cancer committee review required.,generic_fallback_v1_6_review_required,,,generated_rule_category_fallback_v1_6
Bone: Spine,AJCC7,any,T,T3,Primary tumor category imported from staging table; site-specific definition requires manual review.,No strict table definition was extracted for this site/category. Cancer committee review required.,generic_fallback_v1_6_review_required,,,generated_rule_category_fallback_v1_6
Bone: Spine,AJCC7,any,N,N0,No regional lymph node metastasis; site-specific wording requires manual review.,No strict table definition was extracted for this site/category. Cancer committee review required.,generic_fallback_v1_6_review_required,,,generated_rule_category_fallback_v1_6
Bone: Spine,AJCC7,any,N,N1,Regional lymph node category imported from staging table; site-specific definition requires manual review.,No strict table definition was extracted for this site/category. Cancer committee review required.,generic_fallback_v1_6_review_required,,,generated_rule_category_fallback_v1_6
Bone: Spine,AJCC7,any,M,M0,No distant metastasis; site-specific wording requires manual review.,No strict table definition was extracted for this site/category. Cancer committee review required.,generic_fallback_v1_6_review_required,,,generated_rule_category_fallback_v1_6
Bone: Spine,AJCC7,any,M,M1a,Distant metastasis category imported from staging table; site-specific definition requires manual review.,No strict table definition was extracted for this site/category. Cancer committee review required.,generic_fallback_v1_6_review_required,,,generated_rule_category_fallback_v1_6
Bone: Spine,AJCC7,any,M,M1b,Distant metastasis category imported from staging table; site-specific definition requires manual review.,No strict table definition was extracted for this site/category. Cancer committee review required.,generic_fallback_v1_6_review_required,,,generated_rule_category_fallback_v1_6
Bone: Spine,AJCC8,any,T,T1,Primary tumor category imported from staging table; site-specific definition requires manual review.,No strict table definition was extracted for this site/category. Cancer committee review required. | SURROGATE_AJCC8_DEFINITION_FROM_AJCC7_REVIEW_REQUIRED_v1.7: AJCC8 explicit definition not extractable from uploaded PDF; AJCC7 wording displayed pending cancer committee validation.,fallback_from_AJCC7_for_AJCC8_review_required_v1_7,,,surrogate_definition_from_AJCC7_v1_7
Bone: Spine,AJCC8,any,T,T2,Primary tumor category imported from staging table; site-specific definition requires manual review.,No strict table definition was extracted for this site/category. Cancer committee review required. | SURROGATE_AJCC8_DEFINITION_FROM_AJCC7_REVIEW_REQUIRED_v1.7: AJCC8 explicit definition not extractable from uploaded PDF; AJCC7 wording displayed pending cancer committee validation.,fallback_from_AJCC7_for_AJCC8_review_required_v1_7,,,surrogate_definition_from_AJCC7_v1_7
Bone: Spine,AJCC8,any,T,T3,Primary tumor category imported from staging table; site-specific definition requires manual review.,No strict table definition was extracted for this site/category. Cancer committee review required. | SURROGATE_AJCC8_DEFINITION_FROM_AJCC7_REVIEW_REQUIRED_v1.7: AJCC8 explicit definition not extractable from uploaded PDF; AJCC7 wording displayed pending cancer committee validation.,fallback_from_AJCC7_for_AJCC8_review_required_v1_7,,,surrogate_definition_from_AJCC7_v1_7
Bone: Spine,AJCC8,any,N,N0,No regional lymph node metastasis; site-specific wording requires manual review.,No strict table definition was extracted for this site/category. Cancer committee review required. | SURROGATE_AJCC8_DEFINITION_FROM_AJCC7_REVIEW_REQUIRED_v1.7: AJCC8 explicit definition not extractable from uploaded PDF; AJCC7 wording displayed pending cancer committee validation.,fallback_from_AJCC7_for_AJCC8_review_required_v1_7,,,surrogate_definition_from_AJCC7_v1_7
Bone: Spine,AJCC8,any,N,N1,Regional lymph node category imported from staging table; site-specific definition requires manual review.,No strict table definition was extracted for this site/category. Cancer committee review required. | SURROGATE_AJCC8_DEFINITION_FROM_AJCC7_REVIEW_REQUIRED_v1.7: AJCC8 explicit definition not extractable from uploaded PDF; AJCC7 wording displayed pending cancer committee validation.,fallback_from_AJCC7_for_AJCC8_review_required_v1_7,,,surrogate_definition_from_AJCC7_v1_7
Bone: Spine,AJCC8,any,M,M0,No distant metastasis; site-specific wording requires manual review.,No strict table definition was extracted for this site/category. Cancer committee review required. | SURROGATE_AJCC8_DEFINITION_FROM_AJCC7_REVIEW_REQUIRED_v1.7: AJCC8 explicit definition not extractable from uploaded PDF; AJCC7 wording displayed pending cancer committee validation.,fallback_from_AJCC7_for_AJCC8_review_required_v1_7,,,surrogate_definition_from_AJCC7_v1_7
Bone: Spine,AJCC8,any,M,M1a,Distant metastasis category imported from staging table; site-specific definition requires manual review.,No strict table definition was extracted for this site/category. Cancer committee review required. | SURROGATE_AJCC8_DEFINITION_FROM_AJCC7_REVIEW_REQUIRED_v1.7: AJCC8 explicit definition not extractable from uploaded PDF; AJCC7 wording displayed pending cancer committee validation.,fallback_from_AJCC7_for_AJCC8_review_required_v1_7,,,surrogate_definition_from_AJCC7_v1_7
Bone: Spine,AJCC8,any,M,M1b,Distant metastasis category imported from staging table; site-specific definition requires manual review.,No strict table definition was extracted for this site/category. Cancer committee review required. | SURROGATE_AJCC8_DEFINITION_FROM_AJCC7_REVIEW_REQUIRED_v1.7: AJCC8 explicit definition not extractable from uploaded PDF; AJCC7 wording displayed pending cancer committee validation.,fallback_from_AJCC7_for_AJCC8_review_required_v1_7,,,surrogate_definition_from_AJCC7_v1_7
Breast,AJCC7,any,T,T0,No evidence of primary tumor; site-specific wording requires manual review.,No strict table definition was extracted for this site/category. Cancer committee review required.,generic_fallback_v1_6_review_required,,,generated_rule_category_fallback_v1_6
Breast,AJCC7,clinical,T,T0,No evidence of primary tumor; site-specific wording requires manual review.,No strict table definition was extracted for this site/category. Cancer committee review required.,generic_fallback_v1_6_review_required,,,generated_rule_category_fallback_v1_6
Breast,AJCC7,any,T,T1,Primary tumor category imported from staging table; site-specific definition requires manual review.,No strict table definition was extracted for this site/category. Cancer committee review required.,generic_fallback_v1_6_review_required,,,generated_rule_category_fallback_v1_6
Breast,AJCC7,clinical,T,T1,Primary tumor category imported from staging table; site-specific definition requires manual review.,No strict table definition was extracted for this site/category. Cancer committee review required.,generic_fallback_v1_6_review_required,,,generated_rule_category_fallback_v1_6
Breast,AJCC7,any,T,T2,Primary tumor category imported from staging table; site-specific definition requires manual review.,No strict table definition was extracted for this site/category. Cancer committee review required.,generic_fallback_v1_6_review_required,,,generated_rule_category_fallback_v1_6
Breast,AJCC7,clinical,T,T2,Primary tumor category imported from staging table; site-specific definition requires manual review.,No strict table definition was extracted for this site/category. Cancer committee review required.,generic_fallback_v1_6_review_required,,,generated_rule_category_fallback_v1_6
Breast,AJCC7,any,T,T3,Primary tumor category imported from staging table; site-specific definition requires manual review.,No strict table definition was extracted for this site/category. Cancer committee review required.,generic_fallback_v1_6_review_required,,,generated_rule_category_fallback_v1_6
Breast,AJCC7,any,T,T4,Primary tumor category imported from staging table; site-specific definition requires manual review.,No strict table definition was extracted for this site/category. Cancer committee review required.,generic_fallback_v1_6_review_required,,,generated_rule_category_fallback_v1_6
Breast,AJCC7,clinical,T,T4,Primary tumor category imported from staging table; site-specific definition requires manual review.,No strict table definition was extracted for this site/category. Cancer committee review required.,generic_fallback_v1_6_review_required,,,generated_rule_category_fallback_v1_6
Breast,AJCC7,any,T,Tis,Carcinoma in situ or site-specific in-situ category; site-specific wording requires manual review.,No strict table definition was extracted for this site/category. Cancer committee review required.,generic_fallback_v1_6_review_required,,,generated_rule_category_fallback_v1_6
Breast,AJCC7,any,N,N0,No regional lymph node metastasis; site-specific wording requires manual review.,No strict table definition was extracted for this site/category. Cancer committee review required.,generic_fallback_v1_6_review_required,,,generated_rule_category_fallback_v1_6
Breast,AJCC7,any,N,N1,Regional lymph node category imported from staging table; site-specific definition requires manual review.,No strict table definition was extracted for this site/category. Cancer committee review required.,generic_fallback_v1_6_review_required,,,generated_rule_category_fallback_v1_6
Breast,AJCC7,clinical,N,N1,Regional lymph node category imported from staging table; site-specific definition requires manual review.,No strict table definition was extracted for this site/category. Cancer committee review required.,generic_fallback_v1_6_review_required,,,generated_rule_category_fallback_v1_6
Breast,AJCC7,any,N,N1mi,Regional lymph node category imported from staging table; site-specific definition requires manual review.,No strict table definition was extracted for this site/category. Cancer committee review required.,generic_fallback_v1_6_review_required,,,generated_rule_category_fallback_v1_6
Breast,AJCC7,any,N,N2,Regional lymph node category imported from staging table; site-specific definition requires manual review.,No strict table definition was extracted for this site/category. Cancer committee review required.,generic_fallback_v1_6_review_required,,,generated_rule_category_fallback_v1_6
Breast,AJCC7,clinical,N,N2,Regional lymph node category imported from staging table; site-specific definition requires manual review.,No strict table definition was extracted for this site/category. Cancer committee review required.,generic_fallback_v1_6_review_required,,,generated_rule_category_fallback_v1_6
Breast,AJCC7,any,N,N3,Regional lymph node category imported from staging table; site-specific definition requires manual review.,No strict table definition was extracted for this site/category. Cancer committee review required.,generic_fallback_v1_6_review_required,,,generated_rule_category_fallback_v1_6
Breast,AJCC7,yp,N,N3,Regional lymph node category imported from staging table; site-specific definition requires manual review.,No strict table definition was extracted for this site/category. Cancer committee review required.,generic_fallback_v1_6_review_required,,,generated_rule_category_fallback_v1_6
Breast,AJCC7,any,M,M0,No distant metastasis; site-specific wording requires manual review.,No strict table definition was extracted for this site/category. Cancer committee review required.,generic_fallback_v1_6_review_required,,,generated_rule_category_fallback_v1_6
Breast,AJCC7,clinical,M,M0,No distant metastasis; site-specific wording requires manual review.,No strict table definition was extracted for this site/category. Cancer committee review required.,generic_fallback_v1_6_review_required,,,generated_rule_category_fallback_v1_6
Breast,AJCC7,yp,M,M0,No distant metastasis; site-specific wording requires manual review.,No strict table definition was extracted for this site/category. Cancer committee review required.,generic_fallback_v1_6_review_required,,,generated_rule_category_fallback_v1_6
Breast,AJCC7,any,M,M1,Distant metastasis category imported from staging table; site-specific definition requires manual review.,No strict table definition was extracted for this site/category. Cancer committee review required.,generic_fallback_v1_6_review_required,,,generated_rule_category_fallback_v1_6
Breast,AJCC8,any,T,T0,No evidence of primary tumor,,strict_table_extracted_v1_6,154,Definition of Primary Tumor (T) - Clinical,strict_table_extraction_v1_6
Breast,AJCC8,any,T,T1,Tumor ≤20 mm in greatest dimension,,strict_table_extracted_v1_6,154,Definition of Primary Tumor (T) - Clinical,strict_table_extraction_v1_6
Breast,AJCC8,any,T,T1a,Tumor >1 mm but ≤5 mm in greatest dimension (round any measurement >1.0-1.9 mm to 2 mm).,,strict_table_extracted_v1_6,154,Definition of Primary Tumor (T) - Clinical,strict_table_extraction_v1_6
Breast,AJCC8,any,T,T1b,Tumor >5 mm but ≤10 mm in greatest dimension,,strict_table_extracted_v1_6,154,Definition of Primary Tumor (T) - Clinical,strict_table_extraction_v1_6
Breast,AJCC8,any,T,T1c,Tumor >10 mm but ≤20 mm in greatest dimension,,strict_table_extracted_v1_6,154,Definition of Primary Tumor (T) - Clinical,strict_table_extraction_v1_6
Breast,AJCC8,any,T,T1mi,Tumor ≤1 mm in greatest dimension,,strict_table_extracted_v1_6,154,Definition of Primary Tumor (T) - Clinical,strict_table_extraction_v1_6
Breast,AJCC8,any,T,T2,Tumor >20 mm but ≤50 mm in greatest dimension,,strict_table_extracted_v1_6,154,Definition of Primary Tumor (T) - Clinical,strict_table_extraction_v1_6
Breast,AJCC8,any,T,T3,Tumor >50 mm in greatest dimension,,strict_table_extracted_v1_6,154,Definition of Primary Tumor (T) - Clinical,strict_table_extraction_v1_6
Breast,AJCC8,any,T,T4,Tumor of any size with direct extension to the chest wall and/or to the skin (ulceration or macroscopic nodules); invasion of the dermis alone does not qualify as T4,,strict_table_extracted_v1_6,154,Definition of Primary Tumor (T) - Clinical,strict_table_extraction_v1_6
Breast,AJCC8,any,T,T4a,Extension to the chest wall; invasion or adherence to pectoralis muscle in the absence of invasion of chest wall structures does not qualify as T4,,strict_table_extracted_v1_6,154,Definition of Primary Tumor (T) - Clinical,strict_table_extraction_v1_6
Breast,AJCC8,any,T,T4b,Ulceration and/or ipsilateral macroscopic satellite nodules and/or edema (including peau d’orange) of the skin that does not meet the criteria for inflammatory carcinoma,,strict_table_extracted_v1_6,154,Definition of Primary Tumor (T) - Clinical,strict_table_extraction_v1_6
Breast,AJCC8,any,T,T4c,Both T4a and T4b are present,,strict_table_extracted_v1_6,154,Definition of Primary Tumor (T) - Clinical,strict_table_extraction_v1_6
Breast,AJCC8,any,T,T4d,"Inflammatory carcinoma (see section “Rules for Classification”) removed from TNM staging in the AJCC Cancer Staging Manual, 8th Edition.",,strict_table_extracted_v1_6,154,Definition of Primary Tumor (T) - Clinical,strict_table_extraction_v1_6
Breast,AJCC8,any,T,TX,Primary tumor cannot be assessed,,strict_table_extracted_v1_6,154,Definition of Primary Tumor (T) - Clinical,strict_table_extraction_v1_6
Breast,AJCC8,pathological,T,Tis,Carcinoma in situ or site-specific in-situ category; site-specific wording requires manual review.,No strict table definition was extracted for this site/category. Cancer committee review required.,generic_fallback_v1_6_review_required,,,generated_rule_category_fallback_v1_6
Breast,AJCC8,any,T,Tis (DCIS),Ductal carcinoma in situ,,strict_table_extracted_v1_6,154,Definition of Primary Tumor (T) - Clinical,strict_table_extraction_v1_6
Breast,AJCC8,any,T,Tis (Paget),"Paget disease of the nipple NOT associated with invasive carcinoma and/or carcinoma in situ (DCIS) in the underlying breast parenchyma. Carcinomas in the breast parenchyma associated with Paget disease are categorized based on the size and characteristics of the parenchymal disease, although the presence of Paget disease should still be noted.",,strict_table_extracted_v1_6,154,Definition of Primary Tumor (T) - Clinical,strict_table_extraction_v1_6
Breast,AJCC8,pathological,T,TisN0M0,Carcinoma in situ or site-specific in-situ category; site-specific wording requires manual review.,No strict table definition was extracted for this site/category. Cancer committee review required.,generic_fallback_v1_6_review_required,,,generated_rule_category_fallback_v1_6
Breast,AJCC8,any,N,N0,No regional lymph node metastasis; site-specific wording requires manual review.,No strict table definition was extracted for this site/category. Cancer committee review required.,generic_fallback_v1_6_review_required,,,generated_rule_category_fallback_v1_6
Breast,AJCC8,clinical,N,N0,No regional lymph node metastases (by imaging or clinical examination),,strict_table_extracted_v1_6,154,Definition of Regional Lymph Nodes -,strict_table_extraction_v1_6
Breast,AJCC8,pathological,N,N0,No regional lymph node metastasis identified or ITCs only,,strict_table_extracted_v1_6,154,Definition of Regional Lymph Nodes -,strict_table_extraction_v1_6
Breast,AJCC8,pathological,N,N0(i+),ITCs only (malignant cell clusters no larger than 0.2 mm) in regional lymph node(s),,strict_table_extracted_v1_6,154,Definition of Regional Lymph Nodes -,strict_table_extraction_v1_6
Breast,AJCC8,pathological,N,N0(mol+),Positive molecular findings by reverse transcriptase polymerase chain reaction (RT-PCR); no ITCs detected,,strict_table_extracted_v1_6,154,Definition of Regional Lymph Nodes -,strict_table_extraction_v1_6
Breast,AJCC8,any,N,N1,Regional lymph node category imported from staging table; site-specific definition requires manual review.,No strict table definition was extracted for this site/category. Cancer committee review required.,generic_fallback_v1_6_review_required,,,generated_rule_category_fallback_v1_6
Breast,AJCC8,clinical,N,N1,"Metastases to movable ipsilateral Level I, II axillary lymph node(s)",,strict_table_extracted_v1_6,154,Definition of Regional Lymph Nodes -,strict_table_extraction_v1_6
Breast,AJCC8,pathological,N,N1,Micrometastases; or metastases in 1-3 axillary lymph nodes; and/or clinically negative internal mammary nodes with micrometastases or macrometastases by sentinel lymph node biopsy,,strict_table_extracted_v1_6,154,Definition of Regional Lymph Nodes -,strict_table_extraction_v1_6
Breast,AJCC8,pathological,N,N1a,or pN2a in the presence of cN2b (positive internal mammary nodes by imaging); or pN2a in the presence of pN1b,,strict_table_extracted_v1_6,155,Definition of Regional Lymph Nodes -,strict_table_extraction_v1_6
Breast,AJCC8,pathological,N,N1b,"Metastases in ipsilateral internal mammary sentinel nodes, excluding ITCs",,strict_table_extracted_v1_6,154,Definition of Regional Lymph Nodes -,strict_table_extraction_v1_6
Breast,AJCC8,clinical,N,N1mi,"Micrometastases (approximately 200 cells, larger than 0.2 mm, but none larger than 2.0 mm)",,strict_table_extracted_v1_6,154,Definition of Regional Lymph Nodes -,strict_table_extraction_v1_6
Breast,AJCC8,pathological,N,N1mi,"Micrometastases (approximately 200 cells, larger than 0.2 mm, but none larger than 2.0 mm)",,strict_table_extracted_v1_6,154,Definition of Regional Lymph Nodes -,strict_table_extraction_v1_6
Breast,AJCC8,any,N,N2,Regional lymph node category imported from staging table; site-specific definition requires manual review.,No strict table definition was extracted for this site/category. Cancer committee review required.,generic_fallback_v1_6_review_required,,,generated_rule_category_fallback_v1_6
Breast,AJCC8,clinical,N,N2,"Metastases in ipsilateral Level I, II axillary lymph nodes that are clinically fixed or matted; or in ipsilateral internal mammary nodes in the absence of axillary lymph node metastases cN Criteria",,strict_table_extracted_v1_6,154,Definition of Regional Lymph Nodes -,strict_table_extraction_v1_6
Breast,AJCC8,pathological,N,N2,Metastases in 4-9 axillary lymph nodes; or positive ipsilateral internal mammary lymph nodes by imaging in the absence of axillary lymph node metastases,,strict_table_extracted_v1_6,154,Definition of Regional Lymph Nodes -,strict_table_extraction_v1_6
Breast,AJCC8,clinical,N,N2a,"Metastases in ipsilateral Level I, II axillary lymph nodes fixed to one another (matted) or to other structures",,strict_table_extracted_v1_6,154,Definition of Regional Lymph Nodes -,strict_table_extraction_v1_6
Breast,AJCC8,pathological,N,N2a,Metastases in 4-9 axillary lymph nodes (at least one tumor deposit larger than 2.0 mm) pN Criteria,,strict_table_extracted_v1_6,154,Definition of Regional Lymph Nodes -,strict_table_extraction_v1_6
Breast,AJCC8,clinical,N,N2b,Metastases only in ipsilateral internal mammary nodes in the absence of axillary lymph node metastases,,strict_table_extracted_v1_6,154,Definition of Regional Lymph Nodes -,strict_table_extraction_v1_6
Breast,AJCC8,pathological,N,N2b,Metastases in clinically detected internal mammary lymph nodes with or without microscopic confirmation; with pathologically negative axillary nodes,,strict_table_extracted_v1_6,155,Definition of Regional Lymph Nodes -,strict_table_extraction_v1_6
Breast,AJCC8,clinical,N,N3,"Metastases in ipsilateral infraclavicular (Level III axillary) lymph node(s) with or without Level I, II axillary lymph node involvement; or in ipsilateral internal mammary lymph node(s) with Level I, II axillary lymph node metastases; or metastases in ipsilateral supraclavicular lymph node(s) with or without axillary or internal mammary lymph node involvement",,strict_table_extracted_v1_6,154,Definition of Regional Lymph Nodes -,strict_table_extraction_v1_6
Breast,AJCC8,pathological,N,N3,"Metastases in 10 or more axillary lymph nodes; or in infraclavicular (Level III axillary) lymph nodes; or positive ipsilateral internal mammary lymph nodes by imaging in the presence of one or more positive Level I, II axillary lymph nodes; or in more than three axillary lymph nodes and micrometastases or macrometastases by sentinel lymph node biopsy in clinically negative ipsilateral internal mammary lymph nodes; or in ipsilateral supraclavicular lymph nodes",,strict_table_extracted_v1_6,155,Definition of Regional Lymph Nodes -,strict_table_extraction_v1_6
Breast,AJCC8,clinical,N,N3a,Metastases in ipsilateral infraclavicular lymph node(s),,strict_table_extracted_v1_6,154,Definition of Regional Lymph Nodes -,strict_table_extraction_v1_6
Breast,AJCC8,pathological,N,N3a,Metastases in 10 or more axillary lymph nodes (at least one tumor deposit larger than 2.0 mm); or metastases to the infraclavicular (Level III axillary lymph) nodes,,strict_table_extracted_v1_6,155,Definition of Regional Lymph Nodes -,strict_table_extraction_v1_6
Breast,AJCC8,clinical,N,N3b,Metastases in ipsilateral internal mammary lymph node(s) and axillary lymph node(s),,strict_table_extracted_v1_6,154,Definition of Regional Lymph Nodes -,strict_table_extraction_v1_6
Breast,AJCC8,clinical,N,N3c,"Metastases in ipsilateral supraclavicular lymph node(s) confirmation of metastasis by sentinel node biopsy or fine needle aspi- ration/core needle biopsy respectively. *The cNX category is used sparingly in cases where regional lymph nodes have previously been surgically removed or where there is no documentation of physical examination of the axilla. **cN1mi is rarely used but may be appropriate in cases where sentinel node biopsy is performed before tumor resection, most likely to occur in cases treated with neoadjuvant therapy.",,strict_table_extracted_v1_6,154,Definition of Regional Lymph Nodes -,strict_table_extraction_v1_6
Breast,AJCC8,pathological,N,N3c,"Metastases in ipsilateral supraclavicular lymph nodes confirmation of metastasis by sentinel node biopsy or FNA/core needle biopsy respectively, with NO further resection of nodes",,strict_table_extracted_v1_6,155,Definition of Regional Lymph Nodes -,strict_table_extraction_v1_6
Breast,AJCC8,clinical,N,NX,"Regional lymph nodes cannot be assessed (e.g., previously removed)",,strict_table_extracted_v1_6,154,Definition of Regional Lymph Nodes -,strict_table_extraction_v1_6
Breast,AJCC8,pathological,N,NX,"Regional lymph nodes cannot be assessed (e.g., not removed for pathological study or previously removed)",,strict_table_extracted_v1_6,154,Definition of Regional Lymph Nodes -,strict_table_extraction_v1_6
Breast,AJCC8,any,M,M0,No distant metastasis; site-specific wording requires manual review.,No strict table definition was extracted for this site/category. Cancer committee review required.,generic_fallback_v1_6_review_required,,,generated_rule_category_fallback_v1_6
Breast,AJCC8,clinical,M,M0,No clinical or radiographic evidence of distant metastases*,,strict_table_extracted_v1_6,155,Definition of Distant Metastasis (M),strict_table_extraction_v1_6
Breast,AJCC8,pathological,M,M0,No distant metastasis; site-specific wording requires manual review.,No strict table definition was extracted for this site/category. Cancer committee review required.,generic_fallback_v1_6_review_required,,,generated_rule_category_fallback_v1_6
Breast,AJCC8,clinical,M,M0(i+),"No clinical or radiographic evidence of distant metastases in the presence of tumor cells or deposits no larger than 0.2 mm detected microscopically or by molecular techniques in circulating blood, bone marrow, or other nonregional nodal tissue in a patient without symptoms or signs of metastases",,strict_table_extracted_v1_6,155,Definition of Distant Metastasis (M),strict_table_extraction_v1_6
Breast,AJCC8,clinical,M,M1,Distant metastases detected by clinical and radiographic means,,strict_table_extracted_v1_6,155,Definition of Distant Metastasis (M),strict_table_extraction_v1_6
Breast,AJCC8,pathological,M,M1,"Any histologically proven metastases in distant organs; or if in non-regional nodes, metastases greater than 0.2 mm AJCC ANATOMIC AND PROGNOSTIC STAGE GROUPS There are three stage group tables: The Anatomic Stage Group table, the Clinical Prognostic Stage Group table and the",,strict_table_extracted_v1_6,155,Definition of Distant Metastasis (M),strict_table_extraction_v1_6
Cervical Lymph Nodes and Unknown Primary Tumors of the Head and Neck,AJCC8,any,T,T0,No evidence of primary tumor; site-specific wording requires manual review.,No strict table definition was extracted for this site/category. Cancer committee review required.,generic_fallback_v1_6_review_required,,,generated_rule_category_fallback_v1_6
Cervical Lymph Nodes and Unknown Primary Tumors of the Head and Neck,AJCC8,any,N,N1,Regional lymph node category imported from staging table; site-specific definition requires manual review.,No strict table definition was extracted for this site/category. Cancer committee review required.,generic_fallback_v1_6_review_required,,,generated_rule_category_fallback_v1_6
Cervical Lymph Nodes and Unknown Primary Tumors of the Head and Neck,AJCC8,any,N,N2,Regional lymph node category imported from staging table; site-specific definition requires manual review.,No strict table definition was extracted for this site/category. Cancer committee review required.,generic_fallback_v1_6_review_required,,,generated_rule_category_fallback_v1_6
Cervical Lymph Nodes and Unknown Primary Tumors of the Head and Neck,AJCC8,any,N,N3,Regional lymph node category imported from staging table; site-specific definition requires manual review.,No strict table definition was extracted for this site/category. Cancer committee review required.,generic_fallback_v1_6_review_required,,,generated_rule_category_fallback_v1_6
Cervical Lymph Nodes and Unknown Primary Tumors of the Head and Neck,AJCC8,any,M,M0,No distant metastasis; site-specific wording requires manual review.,No strict table definition was extracted for this site/category. Cancer committee review required.,generic_fallback_v1_6_review_required,,,generated_rule_category_fallback_v1_6
Cervix Uteri,AJCC7,any,T,T1,Primary tumor category imported from staging table; site-specific definition requires manual review.,No strict table definition was extracted for this site/category. Cancer committee review required.,generic_fallback_v1_6_review_required,,,generated_rule_category_fallback_v1_6
Cervix Uteri,AJCC7,any,T,T1a,Primary tumor category imported from staging table; site-specific definition requires manual review.,No strict table definition was extracted for this site/category. Cancer committee review required.,generic_fallback_v1_6_review_required,,,generated_rule_category_fallback_v1_6
Cervix Uteri,AJCC7,any,T,T1b,Primary tumor category imported from staging table; site-specific definition requires manual review.,No strict table definition was extracted for this site/category. Cancer committee review required.,generic_fallback_v1_6_review_required,,,generated_rule_category_fallback_v1_6
Cervix Uteri,AJCC7,any,T,T2,Primary tumor category imported from staging table; site-specific definition requires manual review.,No strict table definition was extracted for this site/category. Cancer committee review required.,generic_fallback_v1_6_review_required,,,generated_rule_category_fallback_v1_6
Cervix Uteri,AJCC7,any,T,T2a,Primary tumor category imported from staging table; site-specific definition requires manual review.,No strict table definition was extracted for this site/category. Cancer committee review required.,generic_fallback_v1_6_review_required,,,generated_rule_category_fallback_v1_6
Cervix Uteri,AJCC7,any,T,T2b,Primary tumor category imported from staging table; site-specific definition requires manual review.,No strict table definition was extracted for this site/category. Cancer committee review required.,generic_fallback_v1_6_review_required,,,generated_rule_category_fallback_v1_6
Cervix Uteri,AJCC7,any,T,T3,Primary tumor category imported from staging table; site-specific definition requires manual review.,No strict table definition was extracted for this site/category. Cancer committee review required.,generic_fallback_v1_6_review_required,,,generated_rule_category_fallback_v1_6
Cervix Uteri,AJCC7,any,T,T3a,Primary tumor category imported from staging table; site-specific definition requires manual review.,No strict table definition was extracted for this site/category. Cancer committee review required.,generic_fallback_v1_6_review_required,,,generated_rule_category_fallback_v1_6
Cervix Uteri,AJCC7,any,T,T3b,Primary tumor category imported from staging table; site-specific definition requires manual review.,No strict table definition was extracted for this site/category. Cancer committee review required.,generic_fallback_v1_6_review_required,,,generated_rule_category_fallback_v1_6
Cervix Uteri,AJCC7,any,T,T4,Primary tumor category imported from staging table; site-specific definition requires manual review.,No strict table definition was extracted for this site/category. Cancer committee review required.,generic_fallback_v1_6_review_required,,,generated_rule_category_fallback_v1_6
Cervix Uteri,AJCC7,any,T,Tis,Carcinoma in situ or site-specific in-situ category; site-specific wording requires manual review.,No strict table definition was extracted for this site/category. Cancer committee review required.,generic_fallback_v1_6_review_required,,,generated_rule_category_fallback_v1_6
Cervix Uteri,AJCC7,any,N,N0,No regional lymph node metastasis; site-specific wording requires manual review.,No strict table definition was extracted for this site/category. Cancer committee review required.,generic_fallback_v1_6_review_required,,,generated_rule_category_fallback_v1_6
Cervix Uteri,AJCC7,any,N,N1,Regional lymph node category imported from staging table; site-specific definition requires manual review.,No strict table definition was extracted for this site/category. Cancer committee review required.,generic_fallback_v1_6_review_required,,,generated_rule_category_fallback_v1_6
Cervix Uteri,AJCC7,any,M,M0,No distant metastasis; site-specific wording requires manual review.,No strict table definition was extracted for this site/category. Cancer committee review required.,generic_fallback_v1_6_review_required,,,generated_rule_category_fallback_v1_6
Cervix Uteri,AJCC7,any,M,M1,Distant metastasis category imported from staging table; site-specific definition requires manual review.,No strict table definition was extracted for this site/category. Cancer committee review required.,generic_fallback_v1_6_review_required,,,generated_rule_category_fallback_v1_6
Cervix Uteri,AJCC8,any,T,T1,Primary tumor category imported from staging table; site-specific definition requires manual review.,No strict table definition was extracted for this site/category. Cancer committee review required. | SURROGATE_AJCC8_DEFINITION_FROM_AJCC7_REVIEW_REQUIRED_v1.7: AJCC8 explicit definition not extractable from uploaded PDF; AJCC7 wording displayed pending cancer committee validation.,fallback_from_AJCC7_for_AJCC8_review_required_v1_7,,,surrogate_definition_from_AJCC7_v1_7
Cervix Uteri,AJCC8,any,T,T1a,Primary tumor category imported from staging table; site-specific definition requires manual review.,No strict table definition was extracted for this site/category. Cancer committee review required. | SURROGATE_AJCC8_DEFINITION_FROM_AJCC7_REVIEW_REQUIRED_v1.7: AJCC8 explicit definition not extractable from uploaded PDF; AJCC7 wording displayed pending cancer committee validation.,fallback_from_AJCC7_for_AJCC8_review_required_v1_7,,,surrogate_definition_from_AJCC7_v1_7
Cervix Uteri,AJCC8,any,T,T1b,Primary tumor category imported from staging table; site-specific definition requires manual review.,No strict table definition was extracted for this site/category. Cancer committee review required. | SURROGATE_AJCC8_DEFINITION_FROM_AJCC7_REVIEW_REQUIRED_v1.7: AJCC8 explicit definition not extractable from uploaded PDF; AJCC7 wording displayed pending cancer committee validation.,fallback_from_AJCC7_for_AJCC8_review_required_v1_7,,,surrogate_definition_from_AJCC7_v1_7
Cervix Uteri,AJCC8,any,T,T2,Primary tumor category imported from staging table; site-specific definition requires manual review.,No strict table definition was extracted for this site/category. Cancer committee review required. | SURROGATE_AJCC8_DEFINITION_FROM_AJCC7_REVIEW_REQUIRED_v1.7: AJCC8 explicit definition not extractable from uploaded PDF; AJCC7 wording displayed pending cancer committee validation.,fallback_from_AJCC7_for_AJCC8_review_required_v1_7,,,surrogate_definition_from_AJCC7_v1_7
Cervix Uteri,AJCC8,any,T,T2a,Primary tumor category imported from staging table; site-specific definition requires manual review.,No strict table definition was extracted for this site/category. Cancer committee review required. | SURROGATE_AJCC8_DEFINITION_FROM_AJCC7_REVIEW_REQUIRED_v1.7: AJCC8 explicit definition not extractable from uploaded PDF; AJCC7 wording displayed pending cancer committee validation.,fallback_from_AJCC7_for_AJCC8_review_required_v1_7,,,surrogate_definition_from_AJCC7_v1_7
Cervix Uteri,AJCC8,any,T,T2b,Primary tumor category imported from staging table; site-specific definition requires manual review.,No strict table definition was extracted for this site/category. Cancer committee review required. | SURROGATE_AJCC8_DEFINITION_FROM_AJCC7_REVIEW_REQUIRED_v1.7: AJCC8 explicit definition not extractable from uploaded PDF; AJCC7 wording displayed pending cancer committee validation.,fallback_from_AJCC7_for_AJCC8_review_required_v1_7,,,surrogate_definition_from_AJCC7_v1_7
Cervix Uteri,AJCC8,any,T,T3,Primary tumor category imported from staging table; site-specific definition requires manual review.,No strict table definition was extracted for this site/category. Cancer committee review required. | SURROGATE_AJCC8_DEFINITION_FROM_AJCC7_REVIEW_REQUIRED_v1.7: AJCC8 explicit definition not extractable from uploaded PDF; AJCC7 wording displayed pending cancer committee validation.,fallback_from_AJCC7_for_AJCC8_review_required_v1_7,,,surrogate_definition_from_AJCC7_v1_7
Cervix Uteri,AJCC8,any,T,T3a,Primary tumor category imported from staging table; site-specific definition requires manual review.,No strict table definition was extracted for this site/category. Cancer committee review required. | SURROGATE_AJCC8_DEFINITION_FROM_AJCC7_REVIEW_REQUIRED_v1.7: AJCC8 explicit definition not extractable from uploaded PDF; AJCC7 wording displayed pending cancer committee validation.,fallback_from_AJCC7_for_AJCC8_review_required_v1_7,,,surrogate_definition_from_AJCC7_v1_7
Cervix Uteri,AJCC8,any,T,T3b,Primary tumor category imported from staging table; site-specific definition requires manual review.,No strict table definition was extracted for this site/category. Cancer committee review required. | SURROGATE_AJCC8_DEFINITION_FROM_AJCC7_REVIEW_REQUIRED_v1.7: AJCC8 explicit definition not extractable from uploaded PDF; AJCC7 wording displayed pending cancer committee validation.,fallback_from_AJCC7_for_AJCC8_review_required_v1_7,,,surrogate_definition_from_AJCC7_v1_7
Cervix Uteri,AJCC8,any,T,T4,Primary tumor category imported from staging table; site-specific definition requires manual review.,No strict table definition was extracted for this site/category. Cancer committee review required. | SURROGATE_AJCC8_DEFINITION_FROM_AJCC7_REVIEW_REQUIRED_v1.7: AJCC8 explicit definition not extractable from uploaded PDF; AJCC7 wording displayed pending cancer committee validation.,fallback_from_AJCC7_for_AJCC8_review_required_v1_7,,,surrogate_definition_from_AJCC7_v1_7
Cervix Uteri,AJCC8,any,T,Tis,Carcinoma in situ or site-specific in-situ category; site-specific wording requires manual review.,No strict table definition was extracted for this site/category. Cancer committee review required. | SURROGATE_AJCC8_DEFINITION_FROM_AJCC7_REVIEW_REQUIRED_v1.7: AJCC8 explicit definition not extractable from uploaded PDF; AJCC7 wording displayed pending cancer committee validation.,fallback_from_AJCC7_for_AJCC8_review_required_v1_7,,,surrogate_definition_from_AJCC7_v1_7
Cervix Uteri,AJCC8,any,N,N0,No regional lymph node metastasis; site-specific wording requires manual review.,No strict table definition was extracted for this site/category. Cancer committee review required. | SURROGATE_AJCC8_DEFINITION_FROM_AJCC7_REVIEW_REQUIRED_v1.7: AJCC8 explicit definition not extractable from uploaded PDF; AJCC7 wording displayed pending cancer committee validation.,fallback_from_AJCC7_for_AJCC8_review_required_v1_7,,,surrogate_definition_from_AJCC7_v1_7
Cervix Uteri,AJCC8,any,N,N1,Regional lymph node category imported from staging table; site-specific definition requires manual review.,No strict table definition was extracted for this site/category. Cancer committee review required. | SURROGATE_AJCC8_DEFINITION_FROM_AJCC7_REVIEW_REQUIRED_v1.7: AJCC8 explicit definition not extractable from uploaded PDF; AJCC7 wording displayed pending cancer committee validation.,fallback_from_AJCC7_for_AJCC8_review_required_v1_7,,,surrogate_definition_from_AJCC7_v1_7
Cervix Uteri,AJCC8,any,M,M0,No distant metastasis; site-specific wording requires manual review.,No strict table definition was extracted for this site/category. Cancer committee review required. | SURROGATE_AJCC8_DEFINITION_FROM_AJCC7_REVIEW_REQUIRED_v1.7: AJCC8 explicit definition not extractable from uploaded PDF; AJCC7 wording displayed pending cancer committee validation.,fallback_from_AJCC7_for_AJCC8_review_required_v1_7,,,surrogate_definition_from_AJCC7_v1_7
Cervix Uteri,AJCC8,any,M,M1,Distant metastasis category imported from staging table; site-specific definition requires manual review.,No strict table definition was extracted for this site/category. Cancer committee review required. | SURROGATE_AJCC8_DEFINITION_FROM_AJCC7_REVIEW_REQUIRED_v1.7: AJCC8 explicit definition not extractable from uploaded PDF; AJCC7 wording displayed pending cancer committee validation.,fallback_from_AJCC7_for_AJCC8_review_required_v1_7,,,surrogate_definition_from_AJCC7_v1_7
Colon,AJCC7,any,T,T0,No evidence of primary tumor（無原發腫瘤證據）,,checked_v0_7,,protected_curated_gi_definition_from_v0_8_2,protected_known_good_v0_8_2
Colon,AJCC7,any,T,T1,Tumor invades submucosa（侵犯黏膜下層）,,checked_v0_7,,protected_curated_gi_definition_from_v0_8_2,protected_known_good_v0_8_2
Colon,AJCC7,any,T,T1-T2,Primary tumor category imported from staging table; site-specific definition requires manual review.,No strict table definition was extracted for this site/category. Cancer committee review required.,generic_fallback_v1_6_review_required,,,generated_rule_category_fallback_v1_6
Colon,AJCC7,any,T,T2,Tumor invades muscularis propria（侵犯固有肌層）,,checked_v0_7,,protected_curated_gi_definition_from_v0_8_2,protected_known_good_v0_8_2
Colon,AJCC7,any,T,T2-T3,Primary tumor category imported from staging table; site-specific definition requires manual review.,No strict table definition was extracted for this site/category. Cancer committee review required.,generic_fallback_v1_6_review_required,,,generated_rule_category_fallback_v1_6
Colon,AJCC7,any,T,T3,Tumor invades through muscularis propria into pericolorectal tissues（穿越固有肌層至結腸/直腸周圍組織）,,checked_v0_7,,protected_curated_gi_definition_from_v0_8_2,protected_known_good_v0_8_2
Colon,AJCC7,any,T,T3-T4a,Primary tumor category imported from staging table; site-specific definition requires manual review.,No strict table definition was extracted for this site/category. Cancer committee review required.,generic_fallback_v1_6_review_required,,,generated_rule_category_fallback_v1_6
Colon,AJCC7,any,T,T4a,Tumor penetrates to the surface of the visceral peritoneum（穿透至臟層腹膜表面）,,checked_v0_7,,protected_curated_gi_definition_from_v0_8_2,protected_known_good_v0_8_2
Colon,AJCC7,any,T,T4b,Tumor directly invades or adheres to other organs or structures（直接侵犯或沾黏其他器官/構造）,,checked_v0_7,,protected_curated_gi_definition_from_v0_8_2,protected_known_good_v0_8_2
Colon,AJCC7,any,T,TX,Primary tumor cannot be assessed（原發腫瘤無法評估）,,checked_v0_7,,protected_curated_gi_definition_from_v0_8_2,protected_known_good_v0_8_2
Colon,AJCC7,any,T,Tis,Carcinoma in situ: intraepithelial or invasion of lamina propria（原位癌；上皮內或侵犯固有層）,,checked_v0_7,,protected_curated_gi_definition_from_v0_8_2,protected_known_good_v0_8_2
Colon,AJCC7,any,N,N0,No regional lymph node metastasis（無區域淋巴結轉移）,,checked_v0_7,,protected_curated_gi_definition_from_v0_8_2,protected_known_good_v0_8_2
Colon,AJCC7,any,N,N1,Metastasis in 1–3 regional lymph nodes or applicable N1 subcategory（1–3 顆區域淋巴結轉移，或符合 N1 子類別）,,checked_v0_7,,protected_curated_gi_definition_from_v0_8_2,protected_known_good_v0_8_2
Colon,AJCC7,any,N,N1-N2,Regional lymph node category imported from staging table; site-specific definition requires manual review.,No strict table definition was extracted for this site/category. Cancer committee review required.,generic_fallback_v1_6_review_required,,,generated_rule_category_fallback_v1_6
Colon,AJCC7,any,N,N1a,Metastasis in 1 regional lymph node（1 顆區域淋巴結轉移）,,checked_v0_7,,protected_curated_gi_definition_from_v0_8_2,protected_known_good_v0_8_2
Colon,AJCC7,any,N,N1b,Metastasis in 2–3 regional lymph nodes（2–3 顆區域淋巴結轉移）,,checked_v0_7,,protected_curated_gi_definition_from_v0_8_2,protected_known_good_v0_8_2
Colon,AJCC7,any,N,N1c,Tumor deposit(s) without positive regional lymph nodes（無陽性區域淋巴結但有 tumor deposits）,,checked_v0_7,,protected_curated_gi_definition_from_v0_8_2,protected_known_good_v0_8_2
Colon,AJCC7,any,N,N2,Metastasis in 4 or more regional lymph nodes（≥4 顆區域淋巴結轉移）,,checked_v0_7,,protected_curated_gi_definition_from_v0_8_2,protected_known_good_v0_8_2
Colon,AJCC7,any,N,N2a,Metastasis in 4–6 regional lymph nodes（4–6 顆區域淋巴結轉移）,,checked_v0_7,,protected_curated_gi_definition_from_v0_8_2,protected_known_good_v0_8_2
Colon,AJCC7,any,N,N2b,Metastasis in 7 or more regional lymph nodes（≥7 顆區域淋巴結轉移）,,checked_v0_7,,protected_curated_gi_definition_from_v0_8_2,protected_known_good_v0_8_2
Colon,AJCC7,any,N,NX,Regional lymph nodes cannot be assessed（區域淋巴結無法評估）,,checked_v0_7,,protected_curated_gi_definition_from_v0_8_2,protected_known_good_v0_8_2
Colon,AJCC7,any,M,M0,No distant metastasis（無遠端轉移）,,checked_v0_7,,protected_curated_gi_definition_from_v0_8_2,protected_known_good_v0_8_2
Colon,AJCC7,any,M,M1,Distant metastasis（有遠端轉移）,,checked_v0_7,,protected_curated_gi_definition_from_v0_8_2,protected_known_good_v0_8_2
Colon,AJCC7,any,M,M1a,Metastasis confined to one distant organ or site（單一遠端器官/部位轉移）,,checked_v0_7,,protected_curated_gi_definition_from_v0_8_2,protected_known_good_v0_8_2
Colon,AJCC7,any,M,M1b,Metastases in more than one distant organ/site or the peritoneum（多個遠端器官/部位或腹膜轉移）,,checked_v0_7,,protected_curated_gi_definition_from_v0_8_2,protected_known_good_v0_8_2
Colon,AJCC8,any,T,T0,No evidence of primary tumor（無原發腫瘤證據）,,checked_v0_7,,protected_curated_gi_definition_from_v0_8_2,protected_known_good_v0_8_2
Colon,AJCC8,any,T,T1,Tumor invades submucosa（侵犯黏膜下層）,,checked_v0_7,,protected_curated_gi_definition_from_v0_8_2,protected_known_good_v0_8_2
Colon,AJCC8,any,T,T2,Tumor invades muscularis propria（侵犯固有肌層）,,checked_v0_7,,protected_curated_gi_definition_from_v0_8_2,protected_known_good_v0_8_2
Colon,AJCC8,any,T,T3,Tumor invades through muscularis propria into pericolorectal tissues（穿越固有肌層至結腸/直腸周圍組織）,,checked_v0_7,,protected_curated_gi_definition_from_v0_8_2,protected_known_good_v0_8_2
Colon,AJCC8,any,T,T4a,Tumor penetrates to the surface of the visceral peritoneum（穿透至臟層腹膜表面）,,checked_v0_7,,protected_curated_gi_definition_from_v0_8_2,protected_known_good_v0_8_2
Colon,AJCC8,any,T,T4b,Tumor directly invades or adheres to other organs or structures（直接侵犯或沾黏其他器官/構造）,,checked_v0_7,,protected_curated_gi_definition_from_v0_8_2,protected_known_good_v0_8_2
Colon,AJCC8,any,T,TX,Primary tumor cannot be assessed（原發腫瘤無法評估）,,checked_v0_7,,protected_curated_gi_definition_from_v0_8_2,protected_known_good_v0_8_2
Colon,AJCC8,any,T,Tis,Carcinoma in situ: intraepithelial or invasion of lamina propria（原位癌；上皮內或侵犯固有層）,,checked_v0_7,,protected_curated_gi_definition_from_v0_8_2,protected_known_good_v0_8_2
Colon,AJCC8,any,N,N0,No regional lymph node metastasis（無區域淋巴結轉移）,,checked_v0_7,,protected_curated_gi_definition_from_v0_8_2,protected_known_good_v0_8_2
Colon,AJCC8,any,N,N1,Metastasis in 1–3 regional lymph nodes or applicable N1 subcategory（1–3 顆區域淋巴結轉移，或符合 N1 子類別）,,checked_v0_7,,protected_curated_gi_definition_from_v0_8_2,protected_known_good_v0_8_2
Colon,AJCC8,any,N,N1a,Metastasis in 1 regional lymph node（1 顆區域淋巴結轉移）,,checked_v0_7,,protected_curated_gi_definition_from_v0_8_2,protected_known_good_v0_8_2
Colon,AJCC8,any,N,N1b,Metastasis in 2–3 regional lymph nodes（2–3 顆區域淋巴結轉移）,,checked_v0_7,,protected_curated_gi_definition_from_v0_8_2,protected_known_good_v0_8_2
Colon,AJCC8,any,N,N1c,Tumor deposit(s) without positive regional lymph nodes（無陽性區域淋巴結但有 tumor deposits）,,checked_v0_7,,protected_curated_gi_definition_from_v0_8_2,protected_known_good_v0_8_2
Colon,AJCC8,any,N,N2,Metastasis in 4 or more regional lymph nodes（≥4 顆區域淋巴結轉移）,,checked_v0_7,,protected_curated_gi_definition_from_v0_8_2,protected_known_good_v0_8_2
Colon,AJCC8,any,N,N2a,Metastasis in 4–6 regional lymph nodes（4–6 顆區域淋巴結轉移）,,checked_v0_7,,protected_curated_gi_definition_from_v0_8_2,protected_known_good_v0_8_2
Colon,AJCC8,any,N,N2b,Metastasis in 7 or more regional lymph nodes（≥7 顆區域淋巴結轉移）,,checked_v0_7,,protected_curated_gi_definition_from_v0_8_2,protected_known_good_v0_8_2
Colon,AJCC8,any,N,NX,Regional lymph nodes cannot be assessed（區域淋巴結無法評估）,,checked_v0_7,,protected_curated_gi_definition_from_v0_8_2,protected_known_good_v0_8_2
Colon,AJCC8,any,M,M0,No distant metastasis（無遠端轉移）,,checked_v0_7,,protected_curated_gi_definition_from_v0_8_2,protected_known_good_v0_8_2
Colon,AJCC8,any,M,M1,Distant metastasis（有遠端轉移）,,checked_v0_7,,protected_curated_gi_definition_from_v0_8_2,protected_known_good_v0_8_2
Colon,AJCC8,any,M,M1a,Metastasis to one distant organ/site without peritoneal metastasis（單一遠端器官/部位且無腹膜轉移）,,checked_v0_7,,protected_curated_gi_definition_from_v0_8_2,protected_known_good_v0_8_2
Colon,AJCC8,any,M,M1b,Metastases to two or more distant organs/sites without peritoneal metastasis（兩個以上遠端器官/部位且無腹膜轉移）,,checked_v0_7,,protected_curated_gi_definition_from_v0_8_2,protected_known_good_v0_8_2
Colon,AJCC8,any,M,M1c,"Metastasis to the peritoneal surface, with or without other organ/site metastases（有腹膜表面轉移，可合併其他遠端轉移）",,checked_v0_7,,protected_curated_gi_definition_from_v0_8_2,protected_known_good_v0_8_2
Conjunctival Melanoma,AJCC8,any,T,T0,No evidence of primary tumor cT Criteria,,strict_table_extracted_v1_6,213,Definition of Primary Tumor (T),strict_table_extraction_v1_6
Conjunctival Melanoma,AJCC8,any,T,T1,Tumor of the bulbar conjunctiva,,strict_table_extracted_v1_6,213,Definition of Primary Tumor (T),strict_table_extraction_v1_6
Conjunctival Melanoma,AJCC8,any,T,T1a,"Tumor of the bulbar conjunctiva with invasion of the substantia propria, not more than 2.0 mm in thickness",,strict_table_extracted_v1_6,213,Definition of Primary Tumor (T),strict_table_extraction_v1_6
Conjunctival Melanoma,AJCC8,any,T,T1b,"Tumor of the bulbar conjunctiva with invasion of the substantia propria, more than 2.0 mm in thickness",,strict_table_extracted_v1_6,213,Definition of Primary Tumor (T),strict_table_extraction_v1_6
Conjunctival Melanoma,AJCC8,any,T,T1c,≥2 to <3 quadrants,,strict_table_extracted_v1_6,213,Definition of Primary Tumor (T),strict_table_extraction_v1_6
Conjunctival Melanoma,AJCC8,any,T,T1d,≥3 quadrants,,strict_table_extracted_v1_6,213,Definition of Primary Tumor (T),strict_table_extraction_v1_6
Conjunctival Melanoma,AJCC8,any,T,T2,"Tumor of the nonbulbar (forniceal, palpebral, tarsal) conjunctiva, and tumor involving the caruncle",,strict_table_extracted_v1_6,213,Definition of Primary Tumor (T),strict_table_extraction_v1_6
Conjunctival Melanoma,AJCC8,any,T,T2a,"Tumor of the nonbulbar conjunctiva with invasion of the substantia propria, not more than 2.0 mm in thickness",,strict_table_extracted_v1_6,213,Definition of Primary Tumor (T),strict_table_extraction_v1_6
Conjunctival Melanoma,AJCC8,any,T,T2b,"Tumor of the nonbulbar conjunctiva with invasion of the substantia propria, more than 2.0 mm in thickness",,strict_table_extracted_v1_6,213,Definition of Primary Tumor (T),strict_table_extraction_v1_6
Conjunctival Melanoma,AJCC8,any,T,T2c,"Caruncular, and ≤1 quadrant of the nonbulbar conjunctiva involved T2d Caruncular, and >1 quadrant of the nonbulbar conjunctiva involved",,strict_table_extracted_v1_6,213,Definition of Primary Tumor (T),strict_table_extraction_v1_6
Conjunctival Melanoma,AJCC8,any,T,T3,Tumor of any size with local invasion,,strict_table_extracted_v1_6,213,Definition of Primary Tumor (T),strict_table_extraction_v1_6
Conjunctival Melanoma,AJCC8,any,T,T3a,Globe,,strict_table_extracted_v1_6,213,Definition of Primary Tumor (T),strict_table_extraction_v1_6
Conjunctival Melanoma,AJCC8,any,T,T3b,Eyelid,,strict_table_extracted_v1_6,213,Definition of Primary Tumor (T),strict_table_extraction_v1_6
Conjunctival Melanoma,AJCC8,any,T,T3c,Orbit,,strict_table_extracted_v1_6,213,Definition of Primary Tumor (T),strict_table_extraction_v1_6
Conjunctival Melanoma,AJCC8,any,T,T3d,Nasolacrimal duct and/or lacrimal sac and/or paranasal sinuses,,strict_table_extracted_v1_6,213,Definition of Primary Tumor (T),strict_table_extraction_v1_6
Conjunctival Melanoma,AJCC8,any,T,T4,Tumor of any size with invasion of the central nervous system Pathological Tumor (pT) pT Criteria,,strict_table_extracted_v1_6,213,Definition of Primary Tumor (T),strict_table_extraction_v1_6
Conjunctival Melanoma,AJCC8,any,T,TX,Primary tumor cannot be assessed,,strict_table_extracted_v1_6,213,Definition of Primary Tumor (T),strict_table_extraction_v1_6
Conjunctival Melanoma,AJCC8,any,T,Tis,Melanoma confined to the conjunctival epithelium,,strict_table_extracted_v1_6,213,Definition of Primary Tumor (T),strict_table_extraction_v1_6
Corpus Uteri - Sarcoma,AJCC8,any,T,T0,No evidence of primary tumor,,strict_table_extracted_v1_6,180,Definition of Distant Metastasis (M),strict_table_extraction_v1_6
Corpus Uteri - Sarcoma,AJCC8,clinical,T,T0,No evidence of primary tumor,,strict_table_extracted_v1_6,180,Definition of Distant Metastasis (M),strict_table_extraction_v1_6
Corpus Uteri - Sarcoma,AJCC8,any,T,T1,Tumor limited to the uterus,,strict_table_extracted_v1_6,180,Definition of Distant Metastasis (M),strict_table_extraction_v1_6
Corpus Uteri - Sarcoma,AJCC8,clinical,T,T1,Tumor limited to the uterus,,strict_table_extracted_v1_6,180,Definition of Distant Metastasis (M),strict_table_extraction_v1_6
Corpus Uteri - Sarcoma,AJCC8,clinical,T,T1a,IA Tumor limited to the endometrium/ endocervix,,strict_table_extracted_v1_6,180,Definition of Distant Metastasis (M),strict_table_extraction_v1_6
Corpus Uteri - Sarcoma,AJCC8,clinical,T,T1b,IB Tumor invades to less than half of the myometrium,,strict_table_extracted_v1_6,180,Definition of Distant Metastasis (M),strict_table_extraction_v1_6
Corpus Uteri - Sarcoma,AJCC8,clinical,T,T1c,IC Tumor invades one half or more of the myometrium FIGO Stage T Criteria,,strict_table_extracted_v1_6,180,Definition of Distant Metastasis (M),strict_table_extraction_v1_6
Corpus Uteri - Sarcoma,AJCC8,clinical,T,T2,"II Tumor extends beyond the uterus, within the pelvis",,strict_table_extracted_v1_6,180,Definition of Distant Metastasis (M),strict_table_extraction_v1_6
Corpus Uteri - Sarcoma,AJCC8,clinical,T,T2a,IIA Tumor involves adnexa,,strict_table_extracted_v1_6,180,Definition of Distant Metastasis (M),strict_table_extraction_v1_6
Corpus Uteri - Sarcoma,AJCC8,clinical,T,T2b,IIB Tumor involves other pelvic tissues,,strict_table_extracted_v1_6,180,Definition of Distant Metastasis (M),strict_table_extraction_v1_6
Corpus Uteri - Sarcoma,AJCC8,clinical,T,T3,III Tumor infiltrates abdominal tissues,,strict_table_extracted_v1_6,180,Definition of Distant Metastasis (M),strict_table_extraction_v1_6
Corpus Uteri - Sarcoma,AJCC8,clinical,T,T3a,IIIA One site,,strict_table_extracted_v1_6,180,Definition of Distant Metastasis (M),strict_table_extraction_v1_6
Corpus Uteri - Sarcoma,AJCC8,clinical,T,T3b,IIIB More than one site,,strict_table_extracted_v1_6,180,Definition of Distant Metastasis (M),strict_table_extraction_v1_6
Corpus Uteri - Sarcoma,AJCC8,clinical,T,T4,IVA Tumor invades bladder or rectum Leiomyosarcoma and Endometrial Stromal Sarcoma When T is… And N is… And M is… Then the stage group is…,,strict_table_extracted_v1_6,180,Definition of Distant Metastasis (M),strict_table_extraction_v1_6
Corpus Uteri - Sarcoma,AJCC8,any,T,TX,Primary tumor cannot be assessed,,strict_table_extracted_v1_6,180,Definition of Distant Metastasis (M),strict_table_extraction_v1_6
Corpus Uteri - Sarcoma,AJCC8,clinical,T,TX,Primary tumor cannot be assessed,,strict_table_extracted_v1_6,180,Definition of Distant Metastasis (M),strict_table_extraction_v1_6
Corpus Uteri - Sarcoma,AJCC8,clinical,N,N0,No regional lymph node metastasis,,strict_table_extracted_v1_6,180,Definition of Distant Metastasis (M),strict_table_extraction_v1_6
Corpus Uteri - Sarcoma,AJCC8,clinical,N,N0(i+),Isolated tumor cells in regional lymph node(s) no greater than 0.2 mm,,strict_table_extracted_v1_6,180,Definition of Distant Metastasis (M),strict_table_extraction_v1_6
Corpus Uteri - Sarcoma,AJCC8,clinical,N,N1,IIIC Regional lymph node metastasis All Uterine Sarcomas FIGO Stage,,strict_table_extracted_v1_6,180,Definition of Distant Metastasis (M),strict_table_extraction_v1_6
Corpus Uteri - Sarcoma,AJCC8,clinical,N,NX,Regional lymph nodes cannot be assessed,,strict_table_extracted_v1_6,180,Definition of Distant Metastasis (M),strict_table_extraction_v1_6
Corpus Uteri - Sarcoma,AJCC8,clinical,M,M0,No distant metastasis,,strict_table_extracted_v1_6,180,Definition of Distant Metastasis (M),strict_table_extraction_v1_6
Corpus Uteri - Sarcoma,AJCC8,clinical,M,M1,"IVB Distant metastasis (excluding adnexa, pelvic, and abdominal tissues) Adenosarcoma FIGO Stage T Criteria",,strict_table_extracted_v1_6,180,Definition of Distant Metastasis (M),strict_table_extraction_v1_6
Corpus Uteri – Adenosarcoma,AJCC7,any,T,T1,Primary tumor category imported from staging table; site-specific definition requires manual review.,No strict table definition was extracted for this site/category. Cancer committee review required.,generic_fallback_v1_6_review_required,,,generated_rule_category_fallback_v1_6
Corpus Uteri – Adenosarcoma,AJCC7,any,T,T1a,Primary tumor category imported from staging table; site-specific definition requires manual review.,No strict table definition was extracted for this site/category. Cancer committee review required.,generic_fallback_v1_6_review_required,,,generated_rule_category_fallback_v1_6
Corpus Uteri – Adenosarcoma,AJCC7,any,T,T1b,Primary tumor category imported from staging table; site-specific definition requires manual review.,No strict table definition was extracted for this site/category. Cancer committee review required.,generic_fallback_v1_6_review_required,,,generated_rule_category_fallback_v1_6
Corpus Uteri – Adenosarcoma,AJCC7,any,T,T1c,Primary tumor category imported from staging table; site-specific definition requires manual review.,No strict table definition was extracted for this site/category. Cancer committee review required.,generic_fallback_v1_6_review_required,,,generated_rule_category_fallback_v1_6
Corpus Uteri – Adenosarcoma,AJCC7,any,T,T2,Primary tumor category imported from staging table; site-specific definition requires manual review.,No strict table definition was extracted for this site/category. Cancer committee review required.,generic_fallback_v1_6_review_required,,,generated_rule_category_fallback_v1_6
Corpus Uteri – Adenosarcoma,AJCC7,any,T,T3,Primary tumor category imported from staging table; site-specific definition requires manual review.,No strict table definition was extracted for this site/category. Cancer committee review required.,generic_fallback_v1_6_review_required,,,generated_rule_category_fallback_v1_6
Corpus Uteri – Adenosarcoma,AJCC7,any,T,T3a,Primary tumor category imported from staging table; site-specific definition requires manual review.,No strict table definition was extracted for this site/category. Cancer committee review required.,generic_fallback_v1_6_review_required,,,generated_rule_category_fallback_v1_6
Corpus Uteri – Adenosarcoma,AJCC7,any,T,T3b,Primary tumor category imported from staging table; site-specific definition requires manual review.,No strict table definition was extracted for this site/category. Cancer committee review required.,generic_fallback_v1_6_review_required,,,generated_rule_category_fallback_v1_6
Corpus Uteri – Adenosarcoma,AJCC7,any,T,T4,Primary tumor category imported from staging table; site-specific definition requires manual review.,No strict table definition was extracted for this site/category. Cancer committee review required.,generic_fallback_v1_6_review_required,,,generated_rule_category_fallback_v1_6
Corpus Uteri – Adenosarcoma,AJCC7,any,T,Tis,Carcinoma in situ or site-specific in-situ category; site-specific wording requires manual review.,No strict table definition was extracted for this site/category. Cancer committee review required.,generic_fallback_v1_6_review_required,,,generated_rule_category_fallback_v1_6
Corpus Uteri – Adenosarcoma,AJCC7,any,N,N0,No regional lymph node metastasis; site-specific wording requires manual review.,No strict table definition was extracted for this site/category. Cancer committee review required.,generic_fallback_v1_6_review_required,,,generated_rule_category_fallback_v1_6
Corpus Uteri – Adenosarcoma,AJCC7,any,N,N1,Regional lymph node category imported from staging table; site-specific definition requires manual review.,No strict table definition was extracted for this site/category. Cancer committee review required.,generic_fallback_v1_6_review_required,,,generated_rule_category_fallback_v1_6
Corpus Uteri – Adenosarcoma,AJCC7,any,M,M0,No distant metastasis; site-specific wording requires manual review.,No strict table definition was extracted for this site/category. Cancer committee review required.,generic_fallback_v1_6_review_required,,,generated_rule_category_fallback_v1_6
Corpus Uteri – Adenosarcoma,AJCC7,any,M,M1,Distant metastasis category imported from staging table; site-specific definition requires manual review.,No strict table definition was extracted for this site/category. Cancer committee review required.,generic_fallback_v1_6_review_required,,,generated_rule_category_fallback_v1_6
Corpus Uteri – Adenosarcoma,AJCC8,any,T,T1,Primary tumor category imported from staging table; site-specific definition requires manual review.,No strict table definition was extracted for this site/category. Cancer committee review required.,generic_fallback_v1_6_review_required,,,generated_rule_category_fallback_v1_6
Corpus Uteri – Adenosarcoma,AJCC8,yp,T,T1,Primary tumor category imported from staging table; site-specific definition requires manual review.,No strict table definition was extracted for this site/category. Cancer committee review required.,generic_fallback_v1_6_review_required,,,generated_rule_category_fallback_v1_6
Corpus Uteri – Adenosarcoma,AJCC8,yp,T,T1a,Primary tumor category imported from staging table; site-specific definition requires manual review.,No strict table definition was extracted for this site/category. Cancer committee review required.,generic_fallback_v1_6_review_required,,,generated_rule_category_fallback_v1_6
Corpus Uteri – Adenosarcoma,AJCC8,any,T,T1b,Primary tumor category imported from staging table; site-specific definition requires manual review.,No strict table definition was extracted for this site/category. Cancer committee review required.,generic_fallback_v1_6_review_required,,,generated_rule_category_fallback_v1_6
Corpus Uteri – Adenosarcoma,AJCC8,yp,T,T1b,Primary tumor category imported from staging table; site-specific definition requires manual review.,No strict table definition was extracted for this site/category. Cancer committee review required.,generic_fallback_v1_6_review_required,,,generated_rule_category_fallback_v1_6
Corpus Uteri – Adenosarcoma,AJCC8,yp,T,T1c,Primary tumor category imported from staging table; site-specific definition requires manual review.,No strict table definition was extracted for this site/category. Cancer committee review required.,generic_fallback_v1_6_review_required,,,generated_rule_category_fallback_v1_6
Corpus Uteri – Adenosarcoma,AJCC8,yp,T,T2,Primary tumor category imported from staging table; site-specific definition requires manual review.,No strict table definition was extracted for this site/category. Cancer committee review required.,generic_fallback_v1_6_review_required,,,generated_rule_category_fallback_v1_6
Corpus Uteri – Adenosarcoma,AJCC8,yp,T,T3,Primary tumor category imported from staging table; site-specific definition requires manual review.,No strict table definition was extracted for this site/category. Cancer committee review required.,generic_fallback_v1_6_review_required,,,generated_rule_category_fallback_v1_6
Corpus Uteri – Adenosarcoma,AJCC8,yp,T,T3a,Primary tumor category imported from staging table; site-specific definition requires manual review.,No strict table definition was extracted for this site/category. Cancer committee review required.,generic_fallback_v1_6_review_required,,,generated_rule_category_fallback_v1_6
Corpus Uteri – Adenosarcoma,AJCC8,yp,T,T3b,Primary tumor category imported from staging table; site-specific definition requires manual review.,No strict table definition was extracted for this site/category. Cancer committee review required.,generic_fallback_v1_6_review_required,,,generated_rule_category_fallback_v1_6
Corpus Uteri – Adenosarcoma,AJCC8,yp,T,T4,Primary tumor category imported from staging table; site-specific definition requires manual review.,No strict table definition was extracted for this site/category. Cancer committee review required.,generic_fallback_v1_6_review_required,,,generated_rule_category_fallback_v1_6
Corpus Uteri – Adenosarcoma,AJCC8,any,N,N0,No regional lymph node metastasis; site-specific wording requires manual review.,No strict table definition was extracted for this site/category. Cancer committee review required.,generic_fallback_v1_6_review_required,,,generated_rule_category_fallback_v1_6
Corpus Uteri – Adenosarcoma,AJCC8,yp,N,N0,No regional lymph node metastasis; site-specific wording requires manual review.,No strict table definition was extracted for this site/category. Cancer committee review required.,generic_fallback_v1_6_review_required,,,generated_rule_category_fallback_v1_6
Corpus Uteri – Adenosarcoma,AJCC8,yp,N,N1,Regional lymph node category imported from staging table; site-specific definition requires manual review.,No strict table definition was extracted for this site/category. Cancer committee review required.,generic_fallback_v1_6_review_required,,,generated_rule_category_fallback_v1_6
Corpus Uteri – Adenosarcoma,AJCC8,any,M,M0,No distant metastasis; site-specific wording requires manual review.,No strict table definition was extracted for this site/category. Cancer committee review required.,generic_fallback_v1_6_review_required,,,generated_rule_category_fallback_v1_6
Corpus Uteri – Adenosarcoma,AJCC8,yp,M,M0,No distant metastasis; site-specific wording requires manual review.,No strict table definition was extracted for this site/category. Cancer committee review required.,generic_fallback_v1_6_review_required,,,generated_rule_category_fallback_v1_6
Corpus Uteri – Adenosarcoma,AJCC8,yp,M,M1,Distant metastasis category imported from staging table; site-specific definition requires manual review.,No strict table definition was extracted for this site/category. Cancer committee review required.,generic_fallback_v1_6_review_required,,,generated_rule_category_fallback_v1_6
Corpus Uteri – Carcinoma and Carcinosarcoma,AJCC7,any,T,T1,Primary tumor category imported from staging table; site-specific definition requires manual review.,No strict table definition was extracted for this site/category. Cancer committee review required.,generic_fallback_v1_6_review_required,,,generated_rule_category_fallback_v1_6
Corpus Uteri – Carcinoma and Carcinosarcoma,AJCC7,any,T,T1a,Primary tumor category imported from staging table; site-specific definition requires manual review.,No strict table definition was extracted for this site/category. Cancer committee review required.,generic_fallback_v1_6_review_required,,,generated_rule_category_fallback_v1_6
Corpus Uteri – Carcinoma and Carcinosarcoma,AJCC7,any,T,T1b,Primary tumor category imported from staging table; site-specific definition requires manual review.,No strict table definition was extracted for this site/category. Cancer committee review required.,generic_fallback_v1_6_review_required,,,generated_rule_category_fallback_v1_6
Corpus Uteri – Carcinoma and Carcinosarcoma,AJCC7,any,T,T1c,Primary tumor category imported from staging table; site-specific definition requires manual review.,No strict table definition was extracted for this site/category. Cancer committee review required.,generic_fallback_v1_6_review_required,,,generated_rule_category_fallback_v1_6
Corpus Uteri – Carcinoma and Carcinosarcoma,AJCC7,any,T,T2,Primary tumor category imported from staging table; site-specific definition requires manual review.,No strict table definition was extracted for this site/category. Cancer committee review required.,generic_fallback_v1_6_review_required,,,generated_rule_category_fallback_v1_6
Corpus Uteri – Carcinoma and Carcinosarcoma,AJCC7,any,T,T3,Primary tumor category imported from staging table; site-specific definition requires manual review.,No strict table definition was extracted for this site/category. Cancer committee review required.,generic_fallback_v1_6_review_required,,,generated_rule_category_fallback_v1_6
Corpus Uteri – Carcinoma and Carcinosarcoma,AJCC7,any,T,T3a,Primary tumor category imported from staging table; site-specific definition requires manual review.,No strict table definition was extracted for this site/category. Cancer committee review required.,generic_fallback_v1_6_review_required,,,generated_rule_category_fallback_v1_6
Corpus Uteri – Carcinoma and Carcinosarcoma,AJCC7,any,T,T3b,Primary tumor category imported from staging table; site-specific definition requires manual review.,No strict table definition was extracted for this site/category. Cancer committee review required.,generic_fallback_v1_6_review_required,,,generated_rule_category_fallback_v1_6
Corpus Uteri – Carcinoma and Carcinosarcoma,AJCC7,any,T,T4,Primary tumor category imported from staging table; site-specific definition requires manual review.,No strict table definition was extracted for this site/category. Cancer committee review required.,generic_fallback_v1_6_review_required,,,generated_rule_category_fallback_v1_6
Corpus Uteri – Carcinoma and Carcinosarcoma,AJCC7,any,T,Tis,Carcinoma in situ or site-specific in-situ category; site-specific wording requires manual review.,No strict table definition was extracted for this site/category. Cancer committee review required.,generic_fallback_v1_6_review_required,,,generated_rule_category_fallback_v1_6
Corpus Uteri – Carcinoma and Carcinosarcoma,AJCC7,any,N,N0,No regional lymph node metastasis; site-specific wording requires manual review.,No strict table definition was extracted for this site/category. Cancer committee review required.,generic_fallback_v1_6_review_required,,,generated_rule_category_fallback_v1_6
Corpus Uteri – Carcinoma and Carcinosarcoma,AJCC7,any,N,N1,Regional lymph node category imported from staging table; site-specific definition requires manual review.,No strict table definition was extracted for this site/category. Cancer committee review required.,generic_fallback_v1_6_review_required,,,generated_rule_category_fallback_v1_6
Corpus Uteri – Carcinoma and Carcinosarcoma,AJCC7,any,M,M0,No distant metastasis; site-specific wording requires manual review.,No strict table definition was extracted for this site/category. Cancer committee review required.,generic_fallback_v1_6_review_required,,,generated_rule_category_fallback_v1_6
Corpus Uteri – Carcinoma and Carcinosarcoma,AJCC7,any,M,M1,Distant metastasis category imported from staging table; site-specific definition requires manual review.,No strict table definition was extracted for this site/category. Cancer committee review required.,generic_fallback_v1_6_review_required,,,generated_rule_category_fallback_v1_6
Corpus Uteri – Carcinoma and Carcinosarcoma,AJCC8,any,T,T1,Primary tumor category imported from staging table; site-specific definition requires manual review.,No strict table definition was extracted for this site/category. Cancer committee review required. | SURROGATE_AJCC8_DEFINITION_FROM_AJCC7_REVIEW_REQUIRED_v1.7: AJCC8 explicit definition not extractable from uploaded PDF; AJCC7 wording displayed pending cancer committee validation.,fallback_from_AJCC7_for_AJCC8_review_required_v1_7,,,surrogate_definition_from_AJCC7_v1_7
Corpus Uteri – Carcinoma and Carcinosarcoma,AJCC8,any,T,T1a,Primary tumor category imported from staging table; site-specific definition requires manual review.,No strict table definition was extracted for this site/category. Cancer committee review required. | SURROGATE_AJCC8_DEFINITION_FROM_AJCC7_REVIEW_REQUIRED_v1.7: AJCC8 explicit definition not extractable from uploaded PDF; AJCC7 wording displayed pending cancer committee validation.,fallback_from_AJCC7_for_AJCC8_review_required_v1_7,,,surrogate_definition_from_AJCC7_v1_7
Corpus Uteri – Carcinoma and Carcinosarcoma,AJCC8,any,T,T1b,Primary tumor category imported from staging table; site-specific definition requires manual review.,No strict table definition was extracted for this site/category. Cancer committee review required. | SURROGATE_AJCC8_DEFINITION_FROM_AJCC7_REVIEW_REQUIRED_v1.7: AJCC8 explicit definition not extractable from uploaded PDF; AJCC7 wording displayed pending cancer committee validation.,fallback_from_AJCC7_for_AJCC8_review_required_v1_7,,,surrogate_definition_from_AJCC7_v1_7
Corpus Uteri – Carcinoma and Carcinosarcoma,AJCC8,any,T,T1c,Primary tumor category imported from staging table; site-specific definition requires manual review.,No strict table definition was extracted for this site/category. Cancer committee review required. | SURROGATE_AJCC8_DEFINITION_FROM_AJCC7_REVIEW_REQUIRED_v1.7: AJCC8 explicit definition not extractable from uploaded PDF; AJCC7 wording displayed pending cancer committee validation.,fallback_from_AJCC7_for_AJCC8_review_required_v1_7,,,surrogate_definition_from_AJCC7_v1_7
Corpus Uteri – Carcinoma and Carcinosarcoma,AJCC8,any,T,T2,Primary tumor category imported from staging table; site-specific definition requires manual review.,No strict table definition was extracted for this site/category. Cancer committee review required. | SURROGATE_AJCC8_DEFINITION_FROM_AJCC7_REVIEW_REQUIRED_v1.7: AJCC8 explicit definition not extractable from uploaded PDF; AJCC7 wording displayed pending cancer committee validation.,fallback_from_AJCC7_for_AJCC8_review_required_v1_7,,,surrogate_definition_from_AJCC7_v1_7
Corpus Uteri – Carcinoma and Carcinosarcoma,AJCC8,any,T,T3,Primary tumor category imported from staging table; site-specific definition requires manual review.,No strict table definition was extracted for this site/category. Cancer committee review required. | SURROGATE_AJCC8_DEFINITION_FROM_AJCC7_REVIEW_REQUIRED_v1.7: AJCC8 explicit definition not extractable from uploaded PDF; AJCC7 wording displayed pending cancer committee validation.,fallback_from_AJCC7_for_AJCC8_review_required_v1_7,,,surrogate_definition_from_AJCC7_v1_7
Corpus Uteri – Carcinoma and Carcinosarcoma,AJCC8,any,T,T3a,Primary tumor category imported from staging table; site-specific definition requires manual review.,No strict table definition was extracted for this site/category. Cancer committee review required. | SURROGATE_AJCC8_DEFINITION_FROM_AJCC7_REVIEW_REQUIRED_v1.7: AJCC8 explicit definition not extractable from uploaded PDF; AJCC7 wording displayed pending cancer committee validation.,fallback_from_AJCC7_for_AJCC8_review_required_v1_7,,,surrogate_definition_from_AJCC7_v1_7
Corpus Uteri – Carcinoma and Carcinosarcoma,AJCC8,any,T,T3b,Primary tumor category imported from staging table; site-specific definition requires manual review.,No strict table definition was extracted for this site/category. Cancer committee review required. | SURROGATE_AJCC8_DEFINITION_FROM_AJCC7_REVIEW_REQUIRED_v1.7: AJCC8 explicit definition not extractable from uploaded PDF; AJCC7 wording displayed pending cancer committee validation.,fallback_from_AJCC7_for_AJCC8_review_required_v1_7,,,surrogate_definition_from_AJCC7_v1_7
Corpus Uteri – Carcinoma and Carcinosarcoma,AJCC8,any,T,T4,Primary tumor category imported from staging table; site-specific definition requires manual review.,No strict table definition was extracted for this site/category. Cancer committee review required. | SURROGATE_AJCC8_DEFINITION_FROM_AJCC7_REVIEW_REQUIRED_v1.7: AJCC8 explicit definition not extractable from uploaded PDF; AJCC7 wording displayed pending cancer committee validation.,fallback_from_AJCC7_for_AJCC8_review_required_v1_7,,,surrogate_definition_from_AJCC7_v1_7
Corpus Uteri – Carcinoma and Carcinosarcoma,AJCC8,any,T,Tis,Carcinoma in situ or site-specific in-situ category; site-specific wording requires manual review.,No strict table definition was extracted for this site/category. Cancer committee review required. | SURROGATE_AJCC8_DEFINITION_FROM_AJCC7_REVIEW_REQUIRED_v1.7: AJCC8 explicit definition not extractable from uploaded PDF; AJCC7 wording displayed pending cancer committee validation.,fallback_from_AJCC7_for_AJCC8_review_required_v1_7,,,surrogate_definition_from_AJCC7_v1_7
Corpus Uteri – Carcinoma and Carcinosarcoma,AJCC8,any,N,N0,No regional lymph node metastasis; site-specific wording requires manual review.,No strict table definition was extracted for this site/category. Cancer committee review required. | SURROGATE_AJCC8_DEFINITION_FROM_AJCC7_REVIEW_REQUIRED_v1.7: AJCC8 explicit definition not extractable from uploaded PDF; AJCC7 wording displayed pending cancer committee validation.,fallback_from_AJCC7_for_AJCC8_review_required_v1_7,,,surrogate_definition_from_AJCC7_v1_7
Corpus Uteri – Carcinoma and Carcinosarcoma,AJCC8,any,N,N1,Regional lymph node category imported from staging table; site-specific definition requires manual review.,No strict table definition was extracted for this site/category. Cancer committee review required. | SURROGATE_AJCC8_DEFINITION_FROM_AJCC7_REVIEW_REQUIRED_v1.7: AJCC8 explicit definition not extractable from uploaded PDF; AJCC7 wording displayed pending cancer committee validation.,fallback_from_AJCC7_for_AJCC8_review_required_v1_7,,,surrogate_definition_from_AJCC7_v1_7
Corpus Uteri – Carcinoma and Carcinosarcoma,AJCC8,any,M,M0,No distant metastasis; site-specific wording requires manual review.,No strict table definition was extracted for this site/category. Cancer committee review required. | SURROGATE_AJCC8_DEFINITION_FROM_AJCC7_REVIEW_REQUIRED_v1.7: AJCC8 explicit definition not extractable from uploaded PDF; AJCC7 wording displayed pending cancer committee validation.,fallback_from_AJCC7_for_AJCC8_review_required_v1_7,,,surrogate_definition_from_AJCC7_v1_7
Corpus Uteri – Carcinoma and Carcinosarcoma,AJCC8,any,M,M1,Distant metastasis category imported from staging table; site-specific definition requires manual review.,No strict table definition was extracted for this site/category. Cancer committee review required. | SURROGATE_AJCC8_DEFINITION_FROM_AJCC7_REVIEW_REQUIRED_v1.7: AJCC8 explicit definition not extractable from uploaded PDF; AJCC7 wording displayed pending cancer committee validation.,fallback_from_AJCC7_for_AJCC8_review_required_v1_7,,,surrogate_definition_from_AJCC7_v1_7
Corpus Uteri – Leiomyosarcoma and Endometrial Stromal Sarcoma,AJCC7,any,T,T1,Primary tumor category imported from staging table; site-specific definition requires manual review.,No strict table definition was extracted for this site/category. Cancer committee review required.,generic_fallback_v1_6_review_required,,,generated_rule_category_fallback_v1_6
Corpus Uteri – Leiomyosarcoma and Endometrial Stromal Sarcoma,AJCC7,any,T,T1a,Primary tumor category imported from staging table; site-specific definition requires manual review.,No strict table definition was extracted for this site/category. Cancer committee review required.,generic_fallback_v1_6_review_required,,,generated_rule_category_fallback_v1_6
Corpus Uteri – Leiomyosarcoma and Endometrial Stromal Sarcoma,AJCC7,any,T,T1b,Primary tumor category imported from staging table; site-specific definition requires manual review.,No strict table definition was extracted for this site/category. Cancer committee review required.,generic_fallback_v1_6_review_required,,,generated_rule_category_fallback_v1_6
Corpus Uteri – Leiomyosarcoma and Endometrial Stromal Sarcoma,AJCC7,any,T,T1c,Primary tumor category imported from staging table; site-specific definition requires manual review.,No strict table definition was extracted for this site/category. Cancer committee review required.,generic_fallback_v1_6_review_required,,,generated_rule_category_fallback_v1_6
Corpus Uteri – Leiomyosarcoma and Endometrial Stromal Sarcoma,AJCC7,any,T,T2,Primary tumor category imported from staging table; site-specific definition requires manual review.,No strict table definition was extracted for this site/category. Cancer committee review required.,generic_fallback_v1_6_review_required,,,generated_rule_category_fallback_v1_6
Corpus Uteri – Leiomyosarcoma and Endometrial Stromal Sarcoma,AJCC7,any,T,T3,Primary tumor category imported from staging table; site-specific definition requires manual review.,No strict table definition was extracted for this site/category. Cancer committee review required.,generic_fallback_v1_6_review_required,,,generated_rule_category_fallback_v1_6
Corpus Uteri – Leiomyosarcoma and Endometrial Stromal Sarcoma,AJCC7,any,T,T3a,Primary tumor category imported from staging table; site-specific definition requires manual review.,No strict table definition was extracted for this site/category. Cancer committee review required.,generic_fallback_v1_6_review_required,,,generated_rule_category_fallback_v1_6
Corpus Uteri – Leiomyosarcoma and Endometrial Stromal Sarcoma,AJCC7,any,T,T3b,Primary tumor category imported from staging table; site-specific definition requires manual review.,No strict table definition was extracted for this site/category. Cancer committee review required.,generic_fallback_v1_6_review_required,,,generated_rule_category_fallback_v1_6
Corpus Uteri – Leiomyosarcoma and Endometrial Stromal Sarcoma,AJCC7,any,T,T4,Primary tumor category imported from staging table; site-specific definition requires manual review.,No strict table definition was extracted for this site/category. Cancer committee review required.,generic_fallback_v1_6_review_required,,,generated_rule_category_fallback_v1_6
Corpus Uteri – Leiomyosarcoma and Endometrial Stromal Sarcoma,AJCC7,any,T,Tis,Carcinoma in situ or site-specific in-situ category; site-specific wording requires manual review.,No strict table definition was extracted for this site/category. Cancer committee review required.,generic_fallback_v1_6_review_required,,,generated_rule_category_fallback_v1_6
Corpus Uteri – Leiomyosarcoma and Endometrial Stromal Sarcoma,AJCC7,any,N,N0,No regional lymph node metastasis; site-specific wording requires manual review.,No strict table definition was extracted for this site/category. Cancer committee review required.,generic_fallback_v1_6_review_required,,,generated_rule_category_fallback_v1_6
Corpus Uteri – Leiomyosarcoma and Endometrial Stromal Sarcoma,AJCC7,any,N,N1,Regional lymph node category imported from staging table; site-specific definition requires manual review.,No strict table definition was extracted for this site/category. Cancer committee review required.,generic_fallback_v1_6_review_required,,,generated_rule_category_fallback_v1_6
Corpus Uteri – Leiomyosarcoma and Endometrial Stromal Sarcoma,AJCC7,any,M,M0,No distant metastasis; site-specific wording requires manual review.,No strict table definition was extracted for this site/category. Cancer committee review required.,generic_fallback_v1_6_review_required,,,generated_rule_category_fallback_v1_6
Corpus Uteri – Leiomyosarcoma and Endometrial Stromal Sarcoma,AJCC7,any,M,M1,Distant metastasis category imported from staging table; site-specific definition requires manual review.,No strict table definition was extracted for this site/category. Cancer committee review required.,generic_fallback_v1_6_review_required,,,generated_rule_category_fallback_v1_6
Corpus Uteri – Leiomyosarcoma and Endometrial Stromal Sarcoma,AJCC8,any,T,T1,Primary tumor category imported from staging table; site-specific definition requires manual review.,No strict table definition was extracted for this site/category. Cancer committee review required.,generic_fallback_v1_6_review_required,,,generated_rule_category_fallback_v1_6
Corpus Uteri – Leiomyosarcoma and Endometrial Stromal Sarcoma,AJCC8,yp,T,T1,Primary tumor category imported from staging table; site-specific definition requires manual review.,No strict table definition was extracted for this site/category. Cancer committee review required.,generic_fallback_v1_6_review_required,,,generated_rule_category_fallback_v1_6
Corpus Uteri – Leiomyosarcoma and Endometrial Stromal Sarcoma,AJCC8,yp,T,T1a,Primary tumor category imported from staging table; site-specific definition requires manual review.,No strict table definition was extracted for this site/category. Cancer committee review required.,generic_fallback_v1_6_review_required,,,generated_rule_category_fallback_v1_6
Corpus Uteri – Leiomyosarcoma and Endometrial Stromal Sarcoma,AJCC8,any,T,T1b,Primary tumor category imported from staging table; site-specific definition requires manual review.,No strict table definition was extracted for this site/category. Cancer committee review required.,generic_fallback_v1_6_review_required,,,generated_rule_category_fallback_v1_6
Corpus Uteri – Leiomyosarcoma and Endometrial Stromal Sarcoma,AJCC8,yp,T,T1b,Primary tumor category imported from staging table; site-specific definition requires manual review.,No strict table definition was extracted for this site/category. Cancer committee review required.,generic_fallback_v1_6_review_required,,,generated_rule_category_fallback_v1_6
Corpus Uteri – Leiomyosarcoma and Endometrial Stromal Sarcoma,AJCC8,yp,T,T1c,Primary tumor category imported from staging table; site-specific definition requires manual review.,No strict table definition was extracted for this site/category. Cancer committee review required.,generic_fallback_v1_6_review_required,,,generated_rule_category_fallback_v1_6
Corpus Uteri – Leiomyosarcoma and Endometrial Stromal Sarcoma,AJCC8,yp,T,T2,Primary tumor category imported from staging table; site-specific definition requires manual review.,No strict table definition was extracted for this site/category. Cancer committee review required.,generic_fallback_v1_6_review_required,,,generated_rule_category_fallback_v1_6
Corpus Uteri – Leiomyosarcoma and Endometrial Stromal Sarcoma,AJCC8,yp,T,T3,Primary tumor category imported from staging table; site-specific definition requires manual review.,No strict table definition was extracted for this site/category. Cancer committee review required.,generic_fallback_v1_6_review_required,,,generated_rule_category_fallback_v1_6
Corpus Uteri – Leiomyosarcoma and Endometrial Stromal Sarcoma,AJCC8,yp,T,T3a,Primary tumor category imported from staging table; site-specific definition requires manual review.,No strict table definition was extracted for this site/category. Cancer committee review required.,generic_fallback_v1_6_review_required,,,generated_rule_category_fallback_v1_6
Corpus Uteri – Leiomyosarcoma and Endometrial Stromal Sarcoma,AJCC8,yp,T,T3b,Primary tumor category imported from staging table; site-specific definition requires manual review.,No strict table definition was extracted for this site/category. Cancer committee review required.,generic_fallback_v1_6_review_required,,,generated_rule_category_fallback_v1_6
Corpus Uteri – Leiomyosarcoma and Endometrial Stromal Sarcoma,AJCC8,yp,T,T4,Primary tumor category imported from staging table; site-specific definition requires manual review.,No strict table definition was extracted for this site/category. Cancer committee review required.,generic_fallback_v1_6_review_required,,,generated_rule_category_fallback_v1_6
Corpus Uteri – Leiomyosarcoma and Endometrial Stromal Sarcoma,AJCC8,any,N,N0,No regional lymph node metastasis; site-specific wording requires manual review.,No strict table definition was extracted for this site/category. Cancer committee review required.,generic_fallback_v1_6_review_required,,,generated_rule_category_fallback_v1_6
Corpus Uteri – Leiomyosarcoma and Endometrial Stromal Sarcoma,AJCC8,yp,N,N0,No regional lymph node metastasis; site-specific wording requires manual review.,No strict table definition was extracted for this site/category. Cancer committee review required.,generic_fallback_v1_6_review_required,,,generated_rule_category_fallback_v1_6
Corpus Uteri – Leiomyosarcoma and Endometrial Stromal Sarcoma,AJCC8,yp,N,N1,Regional lymph node category imported from staging table; site-specific definition requires manual review.,No strict table definition was extracted for this site/category. Cancer committee review required.,generic_fallback_v1_6_review_required,,,generated_rule_category_fallback_v1_6
Corpus Uteri – Leiomyosarcoma and Endometrial Stromal Sarcoma,AJCC8,any,M,M0,No distant metastasis; site-specific wording requires manual review.,No strict table definition was extracted for this site/category. Cancer committee review required.,generic_fallback_v1_6_review_required,,,generated_rule_category_fallback_v1_6
Corpus Uteri – Leiomyosarcoma and Endometrial Stromal Sarcoma,AJCC8,yp,M,M0,No distant metastasis; site-specific wording requires manual review.,No strict table definition was extracted for this site/category. Cancer committee review required.,generic_fallback_v1_6_review_required,,,generated_rule_category_fallback_v1_6
Corpus Uteri – Leiomyosarcoma and Endometrial Stromal Sarcoma,AJCC8,yp,M,M1,Distant metastasis category imported from staging table; site-specific definition requires manual review.,No strict table definition was extracted for this site/category. Cancer committee review required.,generic_fallback_v1_6_review_required,,,generated_rule_category_fallback_v1_6
Cutaneous Carcinoma of the Head and Neck,AJCC7,any,T,T1,Primary tumor category imported from staging table; site-specific definition requires manual review.,No strict table definition was extracted for this site/category. Cancer committee review required.,generic_fallback_v1_6_review_required,,,generated_rule_category_fallback_v1_6
Cutaneous Carcinoma of the Head and Neck,AJCC7,yp,T,T1,Primary tumor category imported from staging table; site-specific definition requires manual review.,No strict table definition was extracted for this site/category. Cancer committee review required.,generic_fallback_v1_6_review_required,,,generated_rule_category_fallback_v1_6
Cutaneous Carcinoma of the Head and Neck,AJCC7,any,T,T2,Primary tumor category imported from staging table; site-specific definition requires manual review.,No strict table definition was extracted for this site/category. Cancer committee review required.,generic_fallback_v1_6_review_required,,,generated_rule_category_fallback_v1_6
Cutaneous Carcinoma of the Head and Neck,AJCC7,yp,T,T2,Primary tumor category imported from staging table; site-specific definition requires manual review.,No strict table definition was extracted for this site/category. Cancer committee review required.,generic_fallback_v1_6_review_required,,,generated_rule_category_fallback_v1_6
Cutaneous Carcinoma of the Head and Neck,AJCC7,any,T,T3,Primary tumor category imported from staging table; site-specific definition requires manual review.,No strict table definition was extracted for this site/category. Cancer committee review required.,generic_fallback_v1_6_review_required,,,generated_rule_category_fallback_v1_6
Cutaneous Carcinoma of the Head and Neck,AJCC7,yp,T,T3,Primary tumor category imported from staging table; site-specific definition requires manual review.,No strict table definition was extracted for this site/category. Cancer committee review required.,generic_fallback_v1_6_review_required,,,generated_rule_category_fallback_v1_6
Cutaneous Carcinoma of the Head and Neck,AJCC7,any,T,T4,Primary tumor category imported from staging table; site-specific definition requires manual review.,No strict table definition was extracted for this site/category. Cancer committee review required.,generic_fallback_v1_6_review_required,,,generated_rule_category_fallback_v1_6
Cutaneous Carcinoma of the Head and Neck,AJCC7,yp,T,T4,Primary tumor category imported from staging table; site-specific definition requires manual review.,No strict table definition was extracted for this site/category. Cancer committee review required.,generic_fallback_v1_6_review_required,,,generated_rule_category_fallback_v1_6
Cutaneous Carcinoma of the Head and Neck,AJCC7,any,T,TAny,Primary tumor category imported from staging table; site-specific definition requires manual review.,No strict table definition was extracted for this site/category. Cancer committee review required.,generic_fallback_v1_6_review_required,,,generated_rule_category_fallback_v1_6
Cutaneous Carcinoma of the Head and Neck,AJCC7,yp,T,TAny,Primary tumor category imported from staging table; site-specific definition requires manual review.,No strict table definition was extracted for this site/category. Cancer committee review required.,generic_fallback_v1_6_review_required,,,generated_rule_category_fallback_v1_6
Cutaneous Carcinoma of the Head and Neck,AJCC7,any,T,Tis,Carcinoma in situ or site-specific in-situ category; site-specific wording requires manual review.,No strict table definition was extracted for this site/category. Cancer committee review required.,generic_fallback_v1_6_review_required,,,generated_rule_category_fallback_v1_6
Cutaneous Carcinoma of the Head and Neck,AJCC7,yp,T,Tis,Carcinoma in situ or site-specific in-situ category; site-specific wording requires manual review.,No strict table definition was extracted for this site/category. Cancer committee review required.,generic_fallback_v1_6_review_required,,,generated_rule_category_fallback_v1_6
Cutaneous Carcinoma of the Head and Neck,AJCC7,any,N,N0,No regional lymph node metastasis; site-specific wording requires manual review.,No strict table definition was extracted for this site/category. Cancer committee review required.,generic_fallback_v1_6_review_required,,,generated_rule_category_fallback_v1_6
Cutaneous Carcinoma of the Head and Neck,AJCC7,yp,N,N0,No regional lymph node metastasis; site-specific wording requires manual review.,No strict table definition was extracted for this site/category. Cancer committee review required.,generic_fallback_v1_6_review_required,,,generated_rule_category_fallback_v1_6
Cutaneous Carcinoma of the Head and Neck,AJCC7,any,N,N1,Regional lymph node category imported from staging table; site-specific definition requires manual review.,No strict table definition was extracted for this site/category. Cancer committee review required.,generic_fallback_v1_6_review_required,,,generated_rule_category_fallback_v1_6
Cutaneous Carcinoma of the Head and Neck,AJCC7,yp,N,N1,Regional lymph node category imported from staging table; site-specific definition requires manual review.,No strict table definition was extracted for this site/category. Cancer committee review required.,generic_fallback_v1_6_review_required,,,generated_rule_category_fallback_v1_6
Cutaneous Carcinoma of the Head and Neck,AJCC7,any,N,N2,Regional lymph node category imported from staging table; site-specific definition requires manual review.,No strict table definition was extracted for this site/category. Cancer committee review required.,generic_fallback_v1_6_review_required,,,generated_rule_category_fallback_v1_6
Cutaneous Carcinoma of the Head and Neck,AJCC7,yp,N,N2,Regional lymph node category imported from staging table; site-specific definition requires manual review.,No strict table definition was extracted for this site/category. Cancer committee review required.,generic_fallback_v1_6_review_required,,,generated_rule_category_fallback_v1_6
Cutaneous Carcinoma of the Head and Neck,AJCC7,any,N,N3,Regional lymph node category imported from staging table; site-specific definition requires manual review.,No strict table definition was extracted for this site/category. Cancer committee review required.,generic_fallback_v1_6_review_required,,,generated_rule_category_fallback_v1_6
Cutaneous Carcinoma of the Head and Neck,AJCC7,yp,N,N3,Regional lymph node category imported from staging table; site-specific definition requires manual review.,No strict table definition was extracted for this site/category. Cancer committee review required.,generic_fallback_v1_6_review_required,,,generated_rule_category_fallback_v1_6
Cutaneous Carcinoma of the Head and Neck,AJCC7,any,N,NAny,Regional lymph node category imported from staging table; site-specific definition requires manual review.,No strict table definition was extracted for this site/category. Cancer committee review required.,generic_fallback_v1_6_review_required,,,generated_rule_category_fallback_v1_6
Cutaneous Carcinoma of the Head and Neck,AJCC7,yp,N,NAny,Regional lymph node category imported from staging table; site-specific definition requires manual review.,No strict table definition was extracted for this site/category. Cancer committee review required.,generic_fallback_v1_6_review_required,,,generated_rule_category_fallback_v1_6
Cutaneous Carcinoma of the Head and Neck,AJCC7,any,M,M0,No distant metastasis; site-specific wording requires manual review.,No strict table definition was extracted for this site/category. Cancer committee review required.,generic_fallback_v1_6_review_required,,,generated_rule_category_fallback_v1_6
Cutaneous Carcinoma of the Head and Neck,AJCC7,yp,M,M0,No distant metastasis; site-specific wording requires manual review.,No strict table definition was extracted for this site/category. Cancer committee review required.,generic_fallback_v1_6_review_required,,,generated_rule_category_fallback_v1_6
Cutaneous Carcinoma of the Head and Neck,AJCC7,any,M,M1,Distant metastasis category imported from staging table; site-specific definition requires manual review.,No strict table definition was extracted for this site/category. Cancer committee review required.,generic_fallback_v1_6_review_required,,,generated_rule_category_fallback_v1_6
Cutaneous Carcinoma of the Head and Neck,AJCC7,yp,M,M1,Distant metastasis category imported from staging table; site-specific definition requires manual review.,No strict table definition was extracted for this site/category. Cancer committee review required.,generic_fallback_v1_6_review_required,,,generated_rule_category_fallback_v1_6
Cutaneous Carcinoma of the Head and Neck,AJCC8,any,T,T1,Tumor smaller than or equal to 2 cm in greatest dimension,,strict_table_extracted_v1_6,56,Definition of Primary Tumor (T),strict_table_extraction_v1_6
Cutaneous Carcinoma of the Head and Neck,AJCC8,any,T,T2,"Tumor larger than 2 cm, but smaller than or equal to 4 cm in greatest dimension",,strict_table_extracted_v1_6,56,Definition of Primary Tumor (T),strict_table_extraction_v1_6
Cutaneous Carcinoma of the Head and Neck,AJCC8,any,T,T3,Tumor larger than 4 cm in maximum dimension or minor bone erosion or perineural invasion or deep invasion*,,strict_table_extracted_v1_6,56,Definition of Primary Tumor (T),strict_table_extraction_v1_6
Cutaneous Carcinoma of the Head and Neck,AJCC8,any,T,T4,"Tumor with gross cortical bone/marrow, skull base invasion and/or skull base foramen invasion",,strict_table_extracted_v1_6,56,Definition of Primary Tumor (T),strict_table_extraction_v1_6
Cutaneous Carcinoma of the Head and Neck,AJCC8,any,T,T4a,Tumor with gross cortical bone/marrow invasion,,strict_table_extracted_v1_6,56,Definition of Primary Tumor (T),strict_table_extraction_v1_6
Cutaneous Carcinoma of the Head and Neck,AJCC8,any,T,T4b,"Tumor with skull base invasion and/or skull base foramen involvement *Deep invasion is defined as invasion beyond the subcutaneous fat or > 6 mm (as measured from the granular layer of adjacent normal epi- dermis to the base of the tumor); perineural invasion for T3 classification is defined as tumor cells within the nerve sheath of a nerve lying deeper than the dermis or measuring 0.1 mm or larger in caliber, or presenting with clinical or radiographic involvement of named nerves without skull base invasion or transgression.",,strict_table_extracted_v1_6,56,Definition of Primary Tumor (T),strict_table_extraction_v1_6
Cutaneous Carcinoma of the Head and Neck,AJCC8,any,T,TX,Primary tumor cannot be assessed,,strict_table_extracted_v1_6,56,Definition of Primary Tumor (T),strict_table_extraction_v1_6
Cutaneous Carcinoma of the Head and Neck,AJCC8,any,T,Tis,Carcinoma in situ,,strict_table_extracted_v1_6,56,Definition of Primary Tumor (T),strict_table_extraction_v1_6
Cutaneous Carcinoma of the Head and Neck,AJCC8,clinical,N,N0,No regional lymph node metastasis,,strict_table_extracted_v1_6,56,Definition of Regional Lymph Node (N),strict_table_extraction_v1_6
Cutaneous Carcinoma of the Head and Neck,AJCC8,pathological,N,N0,No regional lymph node metastasis,,strict_table_extracted_v1_6,56,Definition of Regional Lymph Node (N),strict_table_extraction_v1_6
Cutaneous Carcinoma of the Head and Neck,AJCC8,yp,N,N0,No regional lymph node metastasis; site-specific wording requires manual review.,No strict table definition was extracted for this site/category. Cancer committee review required.,generic_fallback_v1_6_review_required,,,generated_rule_category_fallback_v1_6
Cutaneous Carcinoma of the Head and Neck,AJCC8,clinical,N,N1,"Metastasis in a single ipsilateral lymph node, 3 cm or smaller in greatest dimension and ENE(−)",,strict_table_extracted_v1_6,56,Definition of Regional Lymph Node (N),strict_table_extraction_v1_6
Cutaneous Carcinoma of the Head and Neck,AJCC8,yp,N,N1,Regional lymph node category imported from staging table; site-specific definition requires manual review.,No strict table definition was extracted for this site/category. Cancer committee review required.,generic_fallback_v1_6_review_required,,,generated_rule_category_fallback_v1_6
Cutaneous Carcinoma of the Head and Neck,AJCC8,clinical,N,N2,"Metastasis in a single ipsilateral lymph node, 3 cm or smaller in greatest dimension and ENE(+); or larger than 3 cm but not larger than 6 cm in greatest dimension and ENE(−); or metastases in multiple ipsilateral lymph nodes, none larger than 6 cm in greatest dimension and ENE(−); or in bilateral or contralateral lymph node(s), none larger than 6 cm in greatest dimension, ENE(−)",,strict_table_extracted_v1_6,56,Definition of Regional Lymph Node (N),strict_table_extraction_v1_6
Cutaneous Carcinoma of the Head and Neck,AJCC8,yp,N,N2,Regional lymph node category imported from staging table; site-specific definition requires manual review.,No strict table definition was extracted for this site/category. Cancer committee review required.,generic_fallback_v1_6_review_required,,,generated_rule_category_fallback_v1_6
Cutaneous Carcinoma of the Head and Neck,AJCC8,clinical,N,N2a,Metastasis in single ipsilateral node 3 cm or smaller in greatest dimension and ENE(+); or a single ipsilateral node larger than 3 cm but not larger than 6 cm in greatest dimension and ENE(−),,strict_table_extracted_v1_6,56,Definition of Regional Lymph Node (N),strict_table_extraction_v1_6
Cutaneous Carcinoma of the Head and Neck,AJCC8,clinical,N,N2b,"Metastasis in multiple ipsilateral nodes, none larger than 6 cm in greatest dimension and ENE(−)",,strict_table_extracted_v1_6,56,Definition of Regional Lymph Node (N),strict_table_extraction_v1_6
Cutaneous Carcinoma of the Head and Neck,AJCC8,clinical,N,N2c,"Metastasis in bilateral or contralateral lymph node(s), none larger than 6 cm in greatest dimension and ENE(−)",,strict_table_extracted_v1_6,56,Definition of Regional Lymph Node (N),strict_table_extraction_v1_6
Cutaneous Carcinoma of the Head and Neck,AJCC8,clinical,N,N3,"Metastasis in a lymph node larger than 6 cm in greatest dimension and ENE(−); or in a single ipsilateral node larger than 3 cm in greatest dimension and ENE(+); or multiple ipsilateral, contralateral, or bilateral nodes, any with ENE(+); or a single contralateral node of any size and ENE(+)",,strict_table_extracted_v1_6,56,Definition of Regional Lymph Node (N),strict_table_extraction_v1_6
Cutaneous Carcinoma of the Head and Neck,AJCC8,yp,N,N3,Regional lymph node category imported from staging table; site-specific definition requires manual review.,No strict table definition was extracted for this site/category. Cancer committee review required.,generic_fallback_v1_6_review_required,,,generated_rule_category_fallback_v1_6
Cutaneous Carcinoma of the Head and Neck,AJCC8,clinical,N,N3a,Metastasis in a lymph node larger than 6 cm in greatest dimension and ENE(−),,strict_table_extracted_v1_6,56,Definition of Regional Lymph Node (N),strict_table_extraction_v1_6
Cutaneous Carcinoma of the Head and Neck,AJCC8,any,N,N3b,"Metastasis in a single ipsilateral node larger than 3 cm in greatest dimension and ENE(+); or multiple ipsilateral, contralateral, or bilateral nodes, any with ENE(+); or a single contralateral node of any size and ENE(+) indicate metastasis above the lower border of the cricoid (U) or below the lower border of the cricoid (L). Similarly, clinical and pathological ENE should be recorded as ENE(−) or ENE(+).",,strict_table_extracted_v1_6,56,Definition of Regional Lymph Node (N),strict_table_extraction_v1_6
Cutaneous Carcinoma of the Head and Neck,AJCC8,pathological,N,N3b,"Metastasis in any node(s) and ENE(+) indicate metastasis above the lower border of the cricoid (U) or below the lower border of the cricoid (L). Similarly, clinical and pathological ENE should be recorded as ENE(−) or ENE(+). Pathological N (pN)",,strict_table_extracted_v1_6,56,Definition of Regional Lymph Node (N),strict_table_extraction_v1_6
Cutaneous Carcinoma of the Head and Neck,AJCC8,clinical,N,NX,Regional lymph nodes cannot be assessed,,strict_table_extracted_v1_6,56,Definition of Regional Lymph Node (N),strict_table_extraction_v1_6
Cutaneous Carcinoma of the Head and Neck,AJCC8,pathological,N,NX,Regional lymph nodes cannot be assessed,,strict_table_extracted_v1_6,56,Definition of Regional Lymph Node (N),strict_table_extraction_v1_6
Cutaneous Carcinoma of the Head and Neck,AJCC8,any,M,M0,No distant metastasis,,strict_table_extracted_v1_6,57,Definition of Distant Metastasis (M),strict_table_extraction_v1_6
Cutaneous Carcinoma of the Head and Neck,AJCC8,any,M,M1,Distant metastasis,,strict_table_extracted_v1_6,57,Definition of Distant Metastasis (M),strict_table_extraction_v1_6
Distal bile duct,AJCC7,any,T,T0,No evidence of primary tumor（無原發腫瘤證據）,,checked_v0_7,,protected_curated_gi_definition_from_v0_8_2,protected_known_good_v0_8_2
Distal bile duct,AJCC7,any,T,T1,Tumor confined to bile duct（限於膽管）,,checked_v0_7,,protected_curated_gi_definition_from_v0_8_2,protected_known_good_v0_8_2
Distal bile duct,AJCC7,any,T,T2,Tumor invades beyond bile duct wall（侵犯膽管壁外）,,checked_v0_7,,protected_curated_gi_definition_from_v0_8_2,protected_known_good_v0_8_2
Distal bile duct,AJCC7,any,T,T3,"Tumor invades gallbladder, pancreas, duodenum, or other adjacent organs without celiac/SMA involvement（侵犯膽囊、胰臟、十二指腸或其他鄰近器官，未侵犯腹腔幹/SMA）",,checked_v0_7,,protected_curated_gi_definition_from_v0_8_2,protected_known_good_v0_8_2
Distal bile duct,AJCC7,any,T,T4,Tumor involves celiac axis or superior mesenteric artery（侵犯腹腔幹或上腸繫膜動脈）,,checked_v0_7,,protected_curated_gi_definition_from_v0_8_2,protected_known_good_v0_8_2
Distal bile duct,AJCC7,any,T,TX,Primary tumor cannot be assessed（原發腫瘤無法評估）,,checked_v0_7,,protected_curated_gi_definition_from_v0_8_2,protected_known_good_v0_8_2
Distal bile duct,AJCC7,any,T,Tis,Carcinoma in situ（原位癌）,,checked_v0_7,,protected_curated_gi_definition_from_v0_8_2,protected_known_good_v0_8_2
Distal bile duct,AJCC7,any,N,N0,No regional lymph node metastasis（無區域淋巴結轉移）,,checked_v0_7,,protected_curated_gi_definition_from_v0_8_2,protected_known_good_v0_8_2
Distal bile duct,AJCC7,any,N,N1,Regional lymph node metastasis（區域淋巴結轉移）,,checked_v0_7,,protected_curated_gi_definition_from_v0_8_2,protected_known_good_v0_8_2
Distal bile duct,AJCC7,any,N,NX,Regional lymph nodes cannot be assessed（區域淋巴結無法評估）,,checked_v0_7,,protected_curated_gi_definition_from_v0_8_2,protected_known_good_v0_8_2
Distal bile duct,AJCC7,any,M,M0,No distant metastasis（無遠端轉移）,,checked_v0_7,,protected_curated_gi_definition_from_v0_8_2,protected_known_good_v0_8_2
Distal bile duct,AJCC7,any,M,M1,Distant metastasis（有遠端轉移）,,checked_v0_7,,protected_curated_gi_definition_from_v0_8_2,protected_known_good_v0_8_2
Distal bile duct,AJCC8,any,T,T0,No evidence of primary tumor（無原發腫瘤證據）,,checked_v0_7,,protected_curated_gi_definition_from_v0_8_2,protected_known_good_v0_8_2
Distal bile duct,AJCC8,any,T,T1,Tumor invades bile duct wall with depth <5 mm（侵犯膽管壁，深度 <5 mm）,,checked_v0_7,,protected_curated_gi_definition_from_v0_8_2,protected_known_good_v0_8_2
Distal bile duct,AJCC8,any,T,T2,Tumor invades bile duct wall with depth 5–12 mm（侵犯膽管壁，深度 5–12 mm）,,checked_v0_7,,protected_curated_gi_definition_from_v0_8_2,protected_known_good_v0_8_2
Distal bile duct,AJCC8,any,T,T3,Tumor invades bile duct wall with depth >12 mm（侵犯膽管壁，深度 >12 mm）,,checked_v0_7,,protected_curated_gi_definition_from_v0_8_2,protected_known_good_v0_8_2
Distal bile duct,AJCC8,any,T,T4,"Tumor involves celiac axis, superior mesenteric artery, and/or common hepatic artery（侵犯腹腔幹、上腸繫膜動脈及/或總肝動脈）",,checked_v0_7,,protected_curated_gi_definition_from_v0_8_2,protected_known_good_v0_8_2
Distal bile duct,AJCC8,any,T,TX,Primary tumor cannot be assessed（原發腫瘤無法評估）,,checked_v0_7,,protected_curated_gi_definition_from_v0_8_2,protected_known_good_v0_8_2
Distal bile duct,AJCC8,any,T,Tis,Carcinoma in situ / high-grade dysplasia（原位癌／高度異生）,,checked_v0_7,,protected_curated_gi_definition_from_v0_8_2,protected_known_good_v0_8_2
Distal bile duct,AJCC8,any,N,N0,No regional lymph node metastasis（無區域淋巴結轉移）,,checked_v0_7,,protected_curated_gi_definition_from_v0_8_2,protected_known_good_v0_8_2
Distal bile duct,AJCC8,any,N,N1,Metastasis in 1–3 regional lymph nodes（1–3 顆區域淋巴結轉移）,,checked_v0_7,,protected_curated_gi_definition_from_v0_8_2,protected_known_good_v0_8_2
Distal bile duct,AJCC8,any,N,N2,Metastasis in 4 or more regional lymph nodes（≥4 顆區域淋巴結轉移）,,checked_v0_7,,protected_curated_gi_definition_from_v0_8_2,protected_known_good_v0_8_2
Distal bile duct,AJCC8,any,N,NX,Regional lymph nodes cannot be assessed（區域淋巴結無法評估）,,checked_v0_7,,protected_curated_gi_definition_from_v0_8_2,protected_known_good_v0_8_2
Distal bile duct,AJCC8,any,M,M0,No distant metastasis（無遠端轉移）,,checked_v0_7,,protected_curated_gi_definition_from_v0_8_2,protected_known_good_v0_8_2
Distal bile duct,AJCC8,any,M,M1,Distant metastasis（有遠端轉移）,,checked_v0_7,,protected_curated_gi_definition_from_v0_8_2,protected_known_good_v0_8_2
Esophagus / EGJ - adenocarcinoma,AJCC7,any,T,T0,No evidence of primary tumor（無原發腫瘤證據）,,checked_v0_7,,protected_curated_gi_definition_from_v0_8_2,protected_known_good_v0_8_2
Esophagus / EGJ - adenocarcinoma,AJCC7,any,T,T1,"Tumor invades lamina propria, muscularis mucosae, or submucosa（侵犯固有層、黏膜肌層或黏膜下層）",,checked_v0_7,,protected_curated_gi_definition_from_v0_8_2,protected_known_good_v0_8_2
Esophagus / EGJ - adenocarcinoma,AJCC7,any,T,T1a,Tumor invades lamina propria or muscularis mucosae（侵犯固有層或黏膜肌層）,,checked_v0_7,,protected_curated_gi_definition_from_v0_8_2,protected_known_good_v0_8_2
Esophagus / EGJ - adenocarcinoma,AJCC7,any,T,T1b,Tumor invades submucosa（侵犯黏膜下層）,,checked_v0_7,,protected_curated_gi_definition_from_v0_8_2,protected_known_good_v0_8_2
Esophagus / EGJ - adenocarcinoma,AJCC7,any,T,T2,Tumor invades muscularis propria（侵犯固有肌層）,,checked_v0_7,,protected_curated_gi_definition_from_v0_8_2,protected_known_good_v0_8_2
Esophagus / EGJ - adenocarcinoma,AJCC7,any,T,T3,Tumor invades adventitia（侵犯外膜）,,checked_v0_7,,protected_curated_gi_definition_from_v0_8_2,protected_known_good_v0_8_2
Esophagus / EGJ - adenocarcinoma,AJCC7,any,T,T4,Tumor invades adjacent structures（侵犯鄰近構造）,,checked_v0_7,,protected_curated_gi_definition_from_v0_8_2,protected_known_good_v0_8_2
Esophagus / EGJ - adenocarcinoma,AJCC7,any,T,T4a,"Resectable invasion of pleura, pericardium, azygos vein, diaphragm, or peritoneum（可切除之鄰近構造侵犯；依版本/章節用語）",,checked_v0_7,,protected_curated_gi_definition_from_v0_8_2,protected_known_good_v0_8_2
Esophagus / EGJ - adenocarcinoma,AJCC7,any,T,T4b,"Unresectable invasion such as aorta, vertebral body, trachea, or major airway（不可切除侵犯，如主動脈、椎體、氣管/主要氣道等）",,checked_v0_7,,protected_curated_gi_definition_from_v0_8_2,protected_known_good_v0_8_2
Esophagus / EGJ - adenocarcinoma,AJCC7,any,T,TX,Primary tumor cannot be assessed（原發腫瘤無法評估）,,checked_v0_7,,protected_curated_gi_definition_from_v0_8_2,protected_known_good_v0_8_2
Esophagus / EGJ - adenocarcinoma,AJCC7,any,T,Tis,High-grade dysplasia / carcinoma in situ category for esophageal/EGJ staging（食道／EGJ 高度異生／原位病變）,,checked_v0_7,,protected_curated_gi_definition_from_v0_8_2,protected_known_good_v0_8_2
Esophagus / EGJ - adenocarcinoma,AJCC7,any,T,Tis(HGD),Carcinoma in situ or site-specific in-situ category; site-specific wording requires manual review.,No strict table definition was extracted for this site/category. Cancer committee review required.,generic_fallback_v1_6_review_required,,,generated_rule_category_fallback_v1_6
Esophagus / EGJ - adenocarcinoma,AJCC7,any,N,N0,No regional lymph node metastasis（無區域淋巴結轉移）,,checked_v0_7,,protected_curated_gi_definition_from_v0_8_2,protected_known_good_v0_8_2
Esophagus / EGJ - adenocarcinoma,AJCC7,any,N,N1,Metastasis in 1–2 regional lymph nodes（1–2 顆區域淋巴結轉移）,,checked_v0_7,,protected_curated_gi_definition_from_v0_8_2,protected_known_good_v0_8_2
Esophagus / EGJ - adenocarcinoma,AJCC7,any,N,N2,Metastasis in 3–6 regional lymph nodes（3–6 顆區域淋巴結轉移）,,checked_v0_7,,protected_curated_gi_definition_from_v0_8_2,protected_known_good_v0_8_2
Esophagus / EGJ - adenocarcinoma,AJCC7,any,N,N2M0,Regional lymph node category imported from staging table; site-specific definition requires manual review.,No strict table definition was extracted for this site/category. Cancer committee review required.,generic_fallback_v1_6_review_required,,,generated_rule_category_fallback_v1_6
Esophagus / EGJ - adenocarcinoma,AJCC7,any,N,N2M0Any,Regional lymph node category imported from staging table; site-specific definition requires manual review.,No strict table definition was extracted for this site/category. Cancer committee review required.,generic_fallback_v1_6_review_required,,,generated_rule_category_fallback_v1_6
Esophagus / EGJ - adenocarcinoma,AJCC7,any,N,N3,Metastasis in 7 or more regional lymph nodes（≥7 顆區域淋巴結轉移）,,checked_v0_7,,protected_curated_gi_definition_from_v0_8_2,protected_known_good_v0_8_2
Esophagus / EGJ - adenocarcinoma,AJCC7,any,N,NX,Regional lymph nodes cannot be assessed（區域淋巴結無法評估）,,checked_v0_7,,protected_curated_gi_definition_from_v0_8_2,protected_known_good_v0_8_2
Esophagus / EGJ - adenocarcinoma,AJCC7,any,M,M0,No distant metastasis（無遠端轉移）,,checked_v0_7,,protected_curated_gi_definition_from_v0_8_2,protected_known_good_v0_8_2
Esophagus / EGJ - adenocarcinoma,AJCC7,any,M,M01,Distant metastasis category imported from staging table; site-specific definition requires manual review.,No strict table definition was extracted for this site/category. Cancer committee review required.,generic_fallback_v1_6_review_required,,,generated_rule_category_fallback_v1_6
Esophagus / EGJ - adenocarcinoma,AJCC7,any,M,M02-3,Distant metastasis category imported from staging table; site-specific definition requires manual review.,No strict table definition was extracted for this site/category. Cancer committee review required.,generic_fallback_v1_6_review_required,,,generated_rule_category_fallback_v1_6
Esophagus / EGJ - adenocarcinoma,AJCC7,yp,M,M03,Distant metastasis category imported from staging table; site-specific definition requires manual review.,No strict table definition was extracted for this site/category. Cancer committee review required.,generic_fallback_v1_6_review_required,,,generated_rule_category_fallback_v1_6
Esophagus / EGJ - adenocarcinoma,AJCC7,any,M,M0Any,Distant metastasis category imported from staging table; site-specific definition requires manual review.,No strict table definition was extracted for this site/category. Cancer committee review required.,generic_fallback_v1_6_review_required,,,generated_rule_category_fallback_v1_6
Esophagus / EGJ - adenocarcinoma,AJCC7,any,M,M1,Distant metastasis（有遠端轉移）,,checked_v0_7,,protected_curated_gi_definition_from_v0_8_2,protected_known_good_v0_8_2
Esophagus / EGJ - adenocarcinoma,AJCC7,any,M,M1Any,Distant metastasis category imported from staging table; site-specific definition requires manual review.,No strict table definition was extracted for this site/category. Cancer committee review required.,generic_fallback_v1_6_review_required,,,generated_rule_category_fallback_v1_6
Esophagus / EGJ - adenocarcinoma,AJCC7,any,M,X,Distant metastasis category imported from staging table; site-specific definition requires manual review.,No strict table definition was extracted for this site/category. Cancer committee review required.,generic_fallback_v1_6_review_required,,,generated_rule_category_fallback_v1_6
Esophagus / EGJ - adenocarcinoma,AJCC8,any,T,T0,No evidence of primary tumor（無原發腫瘤證據）,,checked_v0_7,,protected_curated_gi_definition_from_v0_8_2,protected_known_good_v0_8_2
Esophagus / EGJ - adenocarcinoma,AJCC8,any,T,T1,"Tumor invades lamina propria, muscularis mucosae, or submucosa（侵犯固有層、黏膜肌層或黏膜下層）",,checked_v0_7,,protected_curated_gi_definition_from_v0_8_2,protected_known_good_v0_8_2
Esophagus / EGJ - adenocarcinoma,AJCC8,any,T,T1a,Tumor invades lamina propria or muscularis mucosae（侵犯固有層或黏膜肌層）,,checked_v0_7,,protected_curated_gi_definition_from_v0_8_2,protected_known_good_v0_8_2
Esophagus / EGJ - adenocarcinoma,AJCC8,any,T,T1b,Tumor invades submucosa（侵犯黏膜下層）,,checked_v0_7,,protected_curated_gi_definition_from_v0_8_2,protected_known_good_v0_8_2
Esophagus / EGJ - adenocarcinoma,AJCC8,any,T,T2,Tumor invades muscularis propria（侵犯固有肌層）,,checked_v0_7,,protected_curated_gi_definition_from_v0_8_2,protected_known_good_v0_8_2
Esophagus / EGJ - adenocarcinoma,AJCC8,any,T,T3,Tumor invades adventitia（侵犯外膜）,,checked_v0_7,,protected_curated_gi_definition_from_v0_8_2,protected_known_good_v0_8_2
Esophagus / EGJ - adenocarcinoma,AJCC8,any,T,T4,Tumor invades adjacent structures（侵犯鄰近構造）,,checked_v0_7,,protected_curated_gi_definition_from_v0_8_2,protected_known_good_v0_8_2
Esophagus / EGJ - adenocarcinoma,AJCC8,any,T,T4a,"Resectable invasion of pleura, pericardium, azygos vein, diaphragm, or peritoneum（可切除之鄰近構造侵犯；依版本/章節用語）",,checked_v0_7,,protected_curated_gi_definition_from_v0_8_2,protected_known_good_v0_8_2
Esophagus / EGJ - adenocarcinoma,AJCC8,any,T,T4b,"Unresectable invasion such as aorta, vertebral body, trachea, or major airway（不可切除侵犯，如主動脈、椎體、氣管/主要氣道等）",,checked_v0_7,,protected_curated_gi_definition_from_v0_8_2,protected_known_good_v0_8_2
Esophagus / EGJ - adenocarcinoma,AJCC8,any,T,TX,Primary tumor cannot be assessed（原發腫瘤無法評估）,,checked_v0_7,,protected_curated_gi_definition_from_v0_8_2,protected_known_good_v0_8_2
Esophagus / EGJ - adenocarcinoma,AJCC8,any,T,Tis,High-grade dysplasia / carcinoma in situ category for esophageal/EGJ staging（食道／EGJ 高度異生／原位病變）,,checked_v0_7,,protected_curated_gi_definition_from_v0_8_2,protected_known_good_v0_8_2
Esophagus / EGJ - adenocarcinoma,AJCC8,any,N,N0,No regional lymph node metastasis（無區域淋巴結轉移）,,checked_v0_7,,protected_curated_gi_definition_from_v0_8_2,protected_known_good_v0_8_2
Esophagus / EGJ - adenocarcinoma,AJCC8,any,N,N1,Metastasis in 1–2 regional lymph nodes（1–2 顆區域淋巴結轉移）,,checked_v0_7,,protected_curated_gi_definition_from_v0_8_2,protected_known_good_v0_8_2
Esophagus / EGJ - adenocarcinoma,AJCC8,any,N,N2,Metastasis in 3–6 regional lymph nodes（3–6 顆區域淋巴結轉移）,,checked_v0_7,,protected_curated_gi_definition_from_v0_8_2,protected_known_good_v0_8_2
Esophagus / EGJ - adenocarcinoma,AJCC8,any,N,N3,Metastasis in 7 or more regional lymph nodes（≥7 顆區域淋巴結轉移）,,checked_v0_7,,protected_curated_gi_definition_from_v0_8_2,protected_known_good_v0_8_2
Esophagus / EGJ - adenocarcinoma,AJCC8,any,N,NX,Regional lymph nodes cannot be assessed（區域淋巴結無法評估）,,checked_v0_7,,protected_curated_gi_definition_from_v0_8_2,protected_known_good_v0_8_2
Esophagus / EGJ - adenocarcinoma,AJCC8,any,M,M0,No distant metastasis（無遠端轉移）,,checked_v0_7,,protected_curated_gi_definition_from_v0_8_2,protected_known_good_v0_8_2
Esophagus / EGJ - adenocarcinoma,AJCC8,yp,M,M03,Distant metastasis category imported from staging table; site-specific definition requires manual review.,No strict table definition was extracted for this site/category. Cancer committee review required. | SURROGATE_AJCC8_DEFINITION_FROM_AJCC7_REVIEW_REQUIRED_v1.7: AJCC8 explicit definition not extractable from uploaded PDF; AJCC7 wording displayed pending cancer committee validation.,fallback_from_AJCC7_for_AJCC8_review_required_v1_7,,,surrogate_definition_from_AJCC7_v1_7
Esophagus / EGJ - adenocarcinoma,AJCC8,any,M,M1,Distant metastasis（有遠端轉移）,,checked_v0_7,,protected_curated_gi_definition_from_v0_8_2,protected_known_good_v0_8_2
Esophagus / EGJ - squamous,AJCC7,any,T,T0,No evidence of primary tumor（無原發腫瘤證據）,,checked_v0_7,,protected_curated_gi_definition_from_v0_8_2,protected_known_good_v0_8_2
Esophagus / EGJ - squamous,AJCC7,any,T,T1,"Tumor invades lamina propria, muscularis mucosae, or submucosa（侵犯固有層、黏膜肌層或黏膜下層）",,checked_v0_7,,protected_curated_gi_definition_from_v0_8_2,protected_known_good_v0_8_2
Esophagus / EGJ - squamous,AJCC7,any,T,T1a,Tumor invades lamina propria or muscularis mucosae（侵犯固有層或黏膜肌層）,,checked_v0_7,,protected_curated_gi_definition_from_v0_8_2,protected_known_good_v0_8_2
Esophagus / EGJ - squamous,AJCC7,any,T,T1b,Tumor invades submucosa（侵犯黏膜下層）,,checked_v0_7,,protected_curated_gi_definition_from_v0_8_2,protected_known_good_v0_8_2
Esophagus / EGJ - squamous,AJCC7,any,T,T2,Tumor invades muscularis propria（侵犯固有肌層）,,checked_v0_7,,protected_curated_gi_definition_from_v0_8_2,protected_known_good_v0_8_2
Esophagus / EGJ - squamous,AJCC7,any,T,T3,Tumor invades adventitia（侵犯外膜）,,checked_v0_7,,protected_curated_gi_definition_from_v0_8_2,protected_known_good_v0_8_2
Esophagus / EGJ - squamous,AJCC7,any,T,T4,Tumor invades adjacent structures（侵犯鄰近構造）,,checked_v0_7,,protected_curated_gi_definition_from_v0_8_2,protected_known_good_v0_8_2
Esophagus / EGJ - squamous,AJCC7,any,T,T4a,"Resectable invasion of pleura, pericardium, azygos vein, diaphragm, or peritoneum（可切除之鄰近構造侵犯；依版本/章節用語）",,checked_v0_7,,protected_curated_gi_definition_from_v0_8_2,protected_known_good_v0_8_2
Esophagus / EGJ - squamous,AJCC7,any,T,T4b,"Unresectable invasion such as aorta, vertebral body, trachea, or major airway（不可切除侵犯，如主動脈、椎體、氣管/主要氣道等）",,checked_v0_7,,protected_curated_gi_definition_from_v0_8_2,protected_known_good_v0_8_2
Esophagus / EGJ - squamous,AJCC7,any,T,TX,Primary tumor cannot be assessed（原發腫瘤無法評估）,,checked_v0_7,,protected_curated_gi_definition_from_v0_8_2,protected_known_good_v0_8_2
Esophagus / EGJ - squamous,AJCC7,any,T,Tis,High-grade dysplasia / carcinoma in situ category for esophageal/EGJ staging（食道／EGJ 高度異生／原位病變）,,checked_v0_7,,protected_curated_gi_definition_from_v0_8_2,protected_known_good_v0_8_2
Esophagus / EGJ - squamous,AJCC7,any,T,Tis(HGD),Carcinoma in situ or site-specific in-situ category; site-specific wording requires manual review.,No strict table definition was extracted for this site/category. Cancer committee review required.,generic_fallback_v1_6_review_required,,,generated_rule_category_fallback_v1_6
Esophagus / EGJ - squamous,AJCC7,any,N,N0,No regional lymph node metastasis（無區域淋巴結轉移）,,checked_v0_7,,protected_curated_gi_definition_from_v0_8_2,protected_known_good_v0_8_2
Esophagus / EGJ - squamous,AJCC7,any,N,N1,Metastasis in 1–2 regional lymph nodes（1–2 顆區域淋巴結轉移）,,checked_v0_7,,protected_curated_gi_definition_from_v0_8_2,protected_known_good_v0_8_2
Esophagus / EGJ - squamous,AJCC7,any,N,N2,Metastasis in 3–6 regional lymph nodes（3–6 顆區域淋巴結轉移）,,checked_v0_7,,protected_curated_gi_definition_from_v0_8_2,protected_known_good_v0_8_2
Esophagus / EGJ - squamous,AJCC7,any,N,N2M0,Regional lymph node category imported from staging table; site-specific definition requires manual review.,No strict table definition was extracted for this site/category. Cancer committee review required.,generic_fallback_v1_6_review_required,,,generated_rule_category_fallback_v1_6
Esophagus / EGJ - squamous,AJCC7,any,N,N2M0Any,Regional lymph node category imported from staging table; site-specific definition requires manual review.,No strict table definition was extracted for this site/category. Cancer committee review required.,generic_fallback_v1_6_review_required,,,generated_rule_category_fallback_v1_6
Esophagus / EGJ - squamous,AJCC7,any,N,N3,Metastasis in 7 or more regional lymph nodes（≥7 顆區域淋巴結轉移）,,checked_v0_7,,protected_curated_gi_definition_from_v0_8_2,protected_known_good_v0_8_2
Esophagus / EGJ - squamous,AJCC7,any,N,NX,Regional lymph nodes cannot be assessed（區域淋巴結無法評估）,,checked_v0_7,,protected_curated_gi_definition_from_v0_8_2,protected_known_good_v0_8_2
Esophagus / EGJ - squamous,AJCC7,any,M,M0,No distant metastasis（無遠端轉移）,,checked_v0_7,,protected_curated_gi_definition_from_v0_8_2,protected_known_good_v0_8_2
Esophagus / EGJ - squamous,AJCC7,any,M,M01,Distant metastasis category imported from staging table; site-specific definition requires manual review.,No strict table definition was extracted for this site/category. Cancer committee review required.,generic_fallback_v1_6_review_required,,,generated_rule_category_fallback_v1_6
Esophagus / EGJ - squamous,AJCC7,any,M,M02-3,Distant metastasis category imported from staging table; site-specific definition requires manual review.,No strict table definition was extracted for this site/category. Cancer committee review required.,generic_fallback_v1_6_review_required,,,generated_rule_category_fallback_v1_6
Esophagus / EGJ - squamous,AJCC7,yp,M,M03,Distant metastasis category imported from staging table; site-specific definition requires manual review.,No strict table definition was extracted for this site/category. Cancer committee review required.,generic_fallback_v1_6_review_required,,,generated_rule_category_fallback_v1_6
Esophagus / EGJ - squamous,AJCC7,any,M,M0Any,Distant metastasis category imported from staging table; site-specific definition requires manual review.,No strict table definition was extracted for this site/category. Cancer committee review required.,generic_fallback_v1_6_review_required,,,generated_rule_category_fallback_v1_6
Esophagus / EGJ - squamous,AJCC7,any,M,M1,Distant metastasis（有遠端轉移）,,checked_v0_7,,protected_curated_gi_definition_from_v0_8_2,protected_known_good_v0_8_2
Esophagus / EGJ - squamous,AJCC7,any,M,M1Any,Distant metastasis category imported from staging table; site-specific definition requires manual review.,No strict table definition was extracted for this site/category. Cancer committee review required.,generic_fallback_v1_6_review_required,,,generated_rule_category_fallback_v1_6
Esophagus / EGJ - squamous,AJCC7,any,M,X,Distant metastasis category imported from staging table; site-specific definition requires manual review.,No strict table definition was extracted for this site/category. Cancer committee review required.,generic_fallback_v1_6_review_required,,,generated_rule_category_fallback_v1_6
Esophagus / EGJ - squamous,AJCC8,any,T,T0,No evidence of primary tumor（無原發腫瘤證據）,,checked_v0_7,,protected_curated_gi_definition_from_v0_8_2,protected_known_good_v0_8_2
Esophagus / EGJ - squamous,AJCC8,any,T,T1,"Tumor invades lamina propria, muscularis mucosae, or submucosa（侵犯固有層、黏膜肌層或黏膜下層）",,checked_v0_7,,protected_curated_gi_definition_from_v0_8_2,protected_known_good_v0_8_2
Esophagus / EGJ - squamous,AJCC8,any,T,T1a,Tumor invades lamina propria or muscularis mucosae（侵犯固有層或黏膜肌層）,,checked_v0_7,,protected_curated_gi_definition_from_v0_8_2,protected_known_good_v0_8_2
Esophagus / EGJ - squamous,AJCC8,any,T,T1b,Tumor invades submucosa（侵犯黏膜下層）,,checked_v0_7,,protected_curated_gi_definition_from_v0_8_2,protected_known_good_v0_8_2
Esophagus / EGJ - squamous,AJCC8,any,T,T2,Tumor invades muscularis propria（侵犯固有肌層）,,checked_v0_7,,protected_curated_gi_definition_from_v0_8_2,protected_known_good_v0_8_2
Esophagus / EGJ - squamous,AJCC8,any,T,T3,Tumor invades adventitia（侵犯外膜）,,checked_v0_7,,protected_curated_gi_definition_from_v0_8_2,protected_known_good_v0_8_2
Esophagus / EGJ - squamous,AJCC8,any,T,T4,Tumor invades adjacent structures（侵犯鄰近構造）,,checked_v0_7,,protected_curated_gi_definition_from_v0_8_2,protected_known_good_v0_8_2
Esophagus / EGJ - squamous,AJCC8,any,T,T4a,"Resectable invasion of pleura, pericardium, azygos vein, diaphragm, or peritoneum（可切除之鄰近構造侵犯；依版本/章節用語）",,checked_v0_7,,protected_curated_gi_definition_from_v0_8_2,protected_known_good_v0_8_2
Esophagus / EGJ - squamous,AJCC8,any,T,T4b,"Unresectable invasion such as aorta, vertebral body, trachea, or major airway（不可切除侵犯，如主動脈、椎體、氣管/主要氣道等）",,checked_v0_7,,protected_curated_gi_definition_from_v0_8_2,protected_known_good_v0_8_2
Esophagus / EGJ - squamous,AJCC8,any,T,TX,Primary tumor cannot be assessed（原發腫瘤無法評估）,,checked_v0_7,,protected_curated_gi_definition_from_v0_8_2,protected_known_good_v0_8_2
Esophagus / EGJ - squamous,AJCC8,any,T,Tis,High-grade dysplasia / carcinoma in situ category for esophageal/EGJ staging（食道／EGJ 高度異生／原位病變）,,checked_v0_7,,protected_curated_gi_definition_from_v0_8_2,protected_known_good_v0_8_2
Esophagus / EGJ - squamous,AJCC8,any,N,N0,No regional lymph node metastasis（無區域淋巴結轉移）,,checked_v0_7,,protected_curated_gi_definition_from_v0_8_2,protected_known_good_v0_8_2
Esophagus / EGJ - squamous,AJCC8,any,N,N1,Metastasis in 1–2 regional lymph nodes（1–2 顆區域淋巴結轉移）,,checked_v0_7,,protected_curated_gi_definition_from_v0_8_2,protected_known_good_v0_8_2
Esophagus / EGJ - squamous,AJCC8,any,N,N2,Metastasis in 3–6 regional lymph nodes（3–6 顆區域淋巴結轉移）,,checked_v0_7,,protected_curated_gi_definition_from_v0_8_2,protected_known_good_v0_8_2
Esophagus / EGJ - squamous,AJCC8,any,N,N3,Metastasis in 7 or more regional lymph nodes（≥7 顆區域淋巴結轉移）,,checked_v0_7,,protected_curated_gi_definition_from_v0_8_2,protected_known_good_v0_8_2
Esophagus / EGJ - squamous,AJCC8,any,N,NX,Regional lymph nodes cannot be assessed（區域淋巴結無法評估）,,checked_v0_7,,protected_curated_gi_definition_from_v0_8_2,protected_known_good_v0_8_2
Esophagus / EGJ - squamous,AJCC8,any,M,M0,No distant metastasis（無遠端轉移）,,checked_v0_7,,protected_curated_gi_definition_from_v0_8_2,protected_known_good_v0_8_2
Esophagus / EGJ - squamous,AJCC8,yp,M,M03,Distant metastasis category imported from staging table; site-specific definition requires manual review.,No strict table definition was extracted for this site/category. Cancer committee review required. | SURROGATE_AJCC8_DEFINITION_FROM_AJCC7_REVIEW_REQUIRED_v1.7: AJCC8 explicit definition not extractable from uploaded PDF; AJCC7 wording displayed pending cancer committee validation.,fallback_from_AJCC7_for_AJCC8_review_required_v1_7,,,surrogate_definition_from_AJCC7_v1_7
Esophagus / EGJ - squamous,AJCC8,any,M,M1,Distant metastasis（有遠端轉移）,,checked_v0_7,,protected_curated_gi_definition_from_v0_8_2,protected_known_good_v0_8_2
Esophagus and Esophagogastric Junction: Other Histologies,AJCC7,any,T,T1,Primary tumor category imported from staging table; site-specific definition requires manual review.,No strict table definition was extracted for this site/category. Cancer committee review required.,generic_fallback_v1_6_review_required,,,generated_rule_category_fallback_v1_6
Esophagus and Esophagogastric Junction: Other Histologies,AJCC7,any,T,T2,Primary tumor category imported from staging table; site-specific definition requires manual review.,No strict table definition was extracted for this site/category. Cancer committee review required.,generic_fallback_v1_6_review_required,,,generated_rule_category_fallback_v1_6
Esophagus and Esophagogastric Junction: Other Histologies,AJCC7,yp,T,T2,Primary tumor category imported from staging table; site-specific definition requires manual review.,No strict table definition was extracted for this site/category. Cancer committee review required.,generic_fallback_v1_6_review_required,,,generated_rule_category_fallback_v1_6
Esophagus and Esophagogastric Junction: Other Histologies,AJCC7,any,T,T3,Primary tumor category imported from staging table; site-specific definition requires manual review.,No strict table definition was extracted for this site/category. Cancer committee review required.,generic_fallback_v1_6_review_required,,,generated_rule_category_fallback_v1_6
Esophagus and Esophagogastric Junction: Other Histologies,AJCC7,any,T,T4a,Primary tumor category imported from staging table; site-specific definition requires manual review.,No strict table definition was extracted for this site/category. Cancer committee review required.,generic_fallback_v1_6_review_required,,,generated_rule_category_fallback_v1_6
Esophagus and Esophagogastric Junction: Other Histologies,AJCC7,any,T,T4b,Primary tumor category imported from staging table; site-specific definition requires manual review.,No strict table definition was extracted for this site/category. Cancer committee review required.,generic_fallback_v1_6_review_required,,,generated_rule_category_fallback_v1_6
Esophagus and Esophagogastric Junction: Other Histologies,AJCC7,any,T,Tis(HGD),Carcinoma in situ or site-specific in-situ category; site-specific wording requires manual review.,No strict table definition was extracted for this site/category. Cancer committee review required.,generic_fallback_v1_6_review_required,,,generated_rule_category_fallback_v1_6
Esophagus and Esophagogastric Junction: Other Histologies,AJCC7,any,N,N0,No regional lymph node metastasis; site-specific wording requires manual review.,No strict table definition was extracted for this site/category. Cancer committee review required.,generic_fallback_v1_6_review_required,,,generated_rule_category_fallback_v1_6
Esophagus and Esophagogastric Junction: Other Histologies,AJCC7,yp,N,N0,No regional lymph node metastasis; site-specific wording requires manual review.,No strict table definition was extracted for this site/category. Cancer committee review required.,generic_fallback_v1_6_review_required,,,generated_rule_category_fallback_v1_6
Esophagus and Esophagogastric Junction: Other Histologies,AJCC7,any,N,N1,Regional lymph node category imported from staging table; site-specific definition requires manual review.,No strict table definition was extracted for this site/category. Cancer committee review required.,generic_fallback_v1_6_review_required,,,generated_rule_category_fallback_v1_6
Esophagus and Esophagogastric Junction: Other Histologies,AJCC7,any,N,N2,Regional lymph node category imported from staging table; site-specific definition requires manual review.,No strict table definition was extracted for this site/category. Cancer committee review required.,generic_fallback_v1_6_review_required,,,generated_rule_category_fallback_v1_6
Esophagus and Esophagogastric Junction: Other Histologies,AJCC7,any,N,N2M0,Regional lymph node category imported from staging table; site-specific definition requires manual review.,No strict table definition was extracted for this site/category. Cancer committee review required.,generic_fallback_v1_6_review_required,,,generated_rule_category_fallback_v1_6
Esophagus and Esophagogastric Junction: Other Histologies,AJCC7,any,N,N2M0Any,Regional lymph node category imported from staging table; site-specific definition requires manual review.,No strict table definition was extracted for this site/category. Cancer committee review required.,generic_fallback_v1_6_review_required,,,generated_rule_category_fallback_v1_6
Esophagus and Esophagogastric Junction: Other Histologies,AJCC7,any,N,N3,Regional lymph node category imported from staging table; site-specific definition requires manual review.,No strict table definition was extracted for this site/category. Cancer committee review required.,generic_fallback_v1_6_review_required,,,generated_rule_category_fallback_v1_6
Esophagus and Esophagogastric Junction: Other Histologies,AJCC7,any,M,M0,No distant metastasis; site-specific wording requires manual review.,No strict table definition was extracted for this site/category. Cancer committee review required.,generic_fallback_v1_6_review_required,,,generated_rule_category_fallback_v1_6
Esophagus and Esophagogastric Junction: Other Histologies,AJCC7,any,M,M01,Distant metastasis category imported from staging table; site-specific definition requires manual review.,No strict table definition was extracted for this site/category. Cancer committee review required.,generic_fallback_v1_6_review_required,,,generated_rule_category_fallback_v1_6
Esophagus and Esophagogastric Junction: Other Histologies,AJCC7,any,M,M02-3,Distant metastasis category imported from staging table; site-specific definition requires manual review.,No strict table definition was extracted for this site/category. Cancer committee review required.,generic_fallback_v1_6_review_required,,,generated_rule_category_fallback_v1_6
Esophagus and Esophagogastric Junction: Other Histologies,AJCC7,yp,M,M03,Distant metastasis category imported from staging table; site-specific definition requires manual review.,No strict table definition was extracted for this site/category. Cancer committee review required.,generic_fallback_v1_6_review_required,,,generated_rule_category_fallback_v1_6
Esophagus and Esophagogastric Junction: Other Histologies,AJCC7,any,M,M0Any,Distant metastasis category imported from staging table; site-specific definition requires manual review.,No strict table definition was extracted for this site/category. Cancer committee review required.,generic_fallback_v1_6_review_required,,,generated_rule_category_fallback_v1_6
Esophagus and Esophagogastric Junction: Other Histologies,AJCC7,any,M,M1,Distant metastasis category imported from staging table; site-specific definition requires manual review.,No strict table definition was extracted for this site/category. Cancer committee review required.,generic_fallback_v1_6_review_required,,,generated_rule_category_fallback_v1_6
Esophagus and Esophagogastric Junction: Other Histologies,AJCC7,any,M,M1Any,Distant metastasis category imported from staging table; site-specific definition requires manual review.,No strict table definition was extracted for this site/category. Cancer committee review required.,generic_fallback_v1_6_review_required,,,generated_rule_category_fallback_v1_6
Esophagus and Esophagogastric Junction: Other Histologies,AJCC7,any,M,X,Distant metastasis category imported from staging table; site-specific definition requires manual review.,No strict table definition was extracted for this site/category. Cancer committee review required.,generic_fallback_v1_6_review_required,,,generated_rule_category_fallback_v1_6
Esophagus and Esophagogastric Junction: Other Histologies,AJCC8,any,T,T1,Primary tumor category imported from staging table; site-specific definition requires manual review.,No strict table definition was extracted for this site/category. Cancer committee review required. | SURROGATE_AJCC8_DEFINITION_FROM_AJCC7_REVIEW_REQUIRED_v1.7: AJCC8 explicit definition not extractable from uploaded PDF; AJCC7 wording displayed pending cancer committee validation.,fallback_from_AJCC7_for_AJCC8_review_required_v1_7,,,surrogate_definition_from_AJCC7_v1_7
Esophagus and Esophagogastric Junction: Other Histologies,AJCC8,any,T,T2,Primary tumor category imported from staging table; site-specific definition requires manual review.,No strict table definition was extracted for this site/category. Cancer committee review required. | SURROGATE_AJCC8_DEFINITION_FROM_AJCC7_REVIEW_REQUIRED_v1.7: AJCC8 explicit definition not extractable from uploaded PDF; AJCC7 wording displayed pending cancer committee validation.,fallback_from_AJCC7_for_AJCC8_review_required_v1_7,,,surrogate_definition_from_AJCC7_v1_7
Esophagus and Esophagogastric Junction: Other Histologies,AJCC8,yp,T,T2,Primary tumor category imported from staging table; site-specific definition requires manual review.,No strict table definition was extracted for this site/category. Cancer committee review required. | SURROGATE_AJCC8_DEFINITION_FROM_AJCC7_REVIEW_REQUIRED_v1.7: AJCC8 explicit definition not extractable from uploaded PDF; AJCC7 wording displayed pending cancer committee validation.,fallback_from_AJCC7_for_AJCC8_review_required_v1_7,,,surrogate_definition_from_AJCC7_v1_7
Esophagus and Esophagogastric Junction: Other Histologies,AJCC8,any,T,T3,Primary tumor category imported from staging table; site-specific definition requires manual review.,No strict table definition was extracted for this site/category. Cancer committee review required. | SURROGATE_AJCC8_DEFINITION_FROM_AJCC7_REVIEW_REQUIRED_v1.7: AJCC8 explicit definition not extractable from uploaded PDF; AJCC7 wording displayed pending cancer committee validation.,fallback_from_AJCC7_for_AJCC8_review_required_v1_7,,,surrogate_definition_from_AJCC7_v1_7
Esophagus and Esophagogastric Junction: Other Histologies,AJCC8,any,T,T4a,Primary tumor category imported from staging table; site-specific definition requires manual review.,No strict table definition was extracted for this site/category. Cancer committee review required. | SURROGATE_AJCC8_DEFINITION_FROM_AJCC7_REVIEW_REQUIRED_v1.7: AJCC8 explicit definition not extractable from uploaded PDF; AJCC7 wording displayed pending cancer committee validation.,fallback_from_AJCC7_for_AJCC8_review_required_v1_7,,,surrogate_definition_from_AJCC7_v1_7
Esophagus and Esophagogastric Junction: Other Histologies,AJCC8,any,T,T4b,Primary tumor category imported from staging table; site-specific definition requires manual review.,No strict table definition was extracted for this site/category. Cancer committee review required. | SURROGATE_AJCC8_DEFINITION_FROM_AJCC7_REVIEW_REQUIRED_v1.7: AJCC8 explicit definition not extractable from uploaded PDF; AJCC7 wording displayed pending cancer committee validation.,fallback_from_AJCC7_for_AJCC8_review_required_v1_7,,,surrogate_definition_from_AJCC7_v1_7
Esophagus and Esophagogastric Junction: Other Histologies,AJCC8,any,T,Tis(HGD),Carcinoma in situ or site-specific in-situ category; site-specific wording requires manual review.,No strict table definition was extracted for this site/category. Cancer committee review required. | SURROGATE_AJCC8_DEFINITION_FROM_AJCC7_REVIEW_REQUIRED_v1.7: AJCC8 explicit definition not extractable from uploaded PDF; AJCC7 wording displayed pending cancer committee validation.,fallback_from_AJCC7_for_AJCC8_review_required_v1_7,,,surrogate_definition_from_AJCC7_v1_7
Esophagus and Esophagogastric Junction: Other Histologies,AJCC8,any,N,AnyM0,Regional lymph node category imported from staging table; site-specific definition requires manual review.,SURROGATE_GENERIC_AJCC8_DEFINITION_REVIEW_REQUIRED_v1.7: no explicit AJCC8/AJCC7 definition was available in extracted data.,generic_fallback_v1_7_review_required,,,generated_rule_category_fallback_v1_7
Esophagus and Esophagogastric Junction: Other Histologies,AJCC8,any,N,AnyM0Any,Regional lymph node category imported from staging table; site-specific definition requires manual review.,SURROGATE_GENERIC_AJCC8_DEFINITION_REVIEW_REQUIRED_v1.7: no explicit AJCC8/AJCC7 definition was available in extracted data.,generic_fallback_v1_7_review_required,,,generated_rule_category_fallback_v1_7
Esophagus and Esophagogastric Junction: Other Histologies,AJCC8,any,N,N0,No regional lymph node metastasis; site-specific wording requires manual review.,No strict table definition was extracted for this site/category. Cancer committee review required. | SURROGATE_AJCC8_DEFINITION_FROM_AJCC7_REVIEW_REQUIRED_v1.7: AJCC8 explicit definition not extractable from uploaded PDF; AJCC7 wording displayed pending cancer committee validation.,fallback_from_AJCC7_for_AJCC8_review_required_v1_7,,,surrogate_definition_from_AJCC7_v1_7
Esophagus and Esophagogastric Junction: Other Histologies,AJCC8,yp,N,N0,No regional lymph node metastasis; site-specific wording requires manual review.,No strict table definition was extracted for this site/category. Cancer committee review required. | SURROGATE_AJCC8_DEFINITION_FROM_AJCC7_REVIEW_REQUIRED_v1.7: AJCC8 explicit definition not extractable from uploaded PDF; AJCC7 wording displayed pending cancer committee validation.,fallback_from_AJCC7_for_AJCC8_review_required_v1_7,,,surrogate_definition_from_AJCC7_v1_7
Esophagus and Esophagogastric Junction: Other Histologies,AJCC8,any,N,N1,Regional lymph node category imported from staging table; site-specific definition requires manual review.,No strict table definition was extracted for this site/category. Cancer committee review required. | SURROGATE_AJCC8_DEFINITION_FROM_AJCC7_REVIEW_REQUIRED_v1.7: AJCC8 explicit definition not extractable from uploaded PDF; AJCC7 wording displayed pending cancer committee validation.,fallback_from_AJCC7_for_AJCC8_review_required_v1_7,,,surrogate_definition_from_AJCC7_v1_7
Esophagus and Esophagogastric Junction: Other Histologies,AJCC8,any,N,N2,Regional lymph node category imported from staging table; site-specific definition requires manual review.,No strict table definition was extracted for this site/category. Cancer committee review required. | SURROGATE_AJCC8_DEFINITION_FROM_AJCC7_REVIEW_REQUIRED_v1.7: AJCC8 explicit definition not extractable from uploaded PDF; AJCC7 wording displayed pending cancer committee validation.,fallback_from_AJCC7_for_AJCC8_review_required_v1_7,,,surrogate_definition_from_AJCC7_v1_7
Esophagus and Esophagogastric Junction: Other Histologies,AJCC8,any,N,N2M0,Regional lymph node category imported from staging table; site-specific definition requires manual review.,No strict table definition was extracted for this site/category. Cancer committee review required. | SURROGATE_AJCC8_DEFINITION_FROM_AJCC7_REVIEW_REQUIRED_v1.7: AJCC8 explicit definition not extractable from uploaded PDF; AJCC7 wording displayed pending cancer committee validation.,fallback_from_AJCC7_for_AJCC8_review_required_v1_7,,,surrogate_definition_from_AJCC7_v1_7
Esophagus and Esophagogastric Junction: Other Histologies,AJCC8,any,N,N2M0Any,Regional lymph node category imported from staging table; site-specific definition requires manual review.,No strict table definition was extracted for this site/category. Cancer committee review required. | SURROGATE_AJCC8_DEFINITION_FROM_AJCC7_REVIEW_REQUIRED_v1.7: AJCC8 explicit definition not extractable from uploaded PDF; AJCC7 wording displayed pending cancer committee validation.,fallback_from_AJCC7_for_AJCC8_review_required_v1_7,,,surrogate_definition_from_AJCC7_v1_7
Esophagus and Esophagogastric Junction: Other Histologies,AJCC8,any,N,N3,Regional lymph node category imported from staging table; site-specific definition requires manual review.,No strict table definition was extracted for this site/category. Cancer committee review required. | SURROGATE_AJCC8_DEFINITION_FROM_AJCC7_REVIEW_REQUIRED_v1.7: AJCC8 explicit definition not extractable from uploaded PDF; AJCC7 wording displayed pending cancer committee validation.,fallback_from_AJCC7_for_AJCC8_review_required_v1_7,,,surrogate_definition_from_AJCC7_v1_7
Esophagus and Esophagogastric Junction: Other Histologies,AJCC8,any,M,M0,No distant metastasis; site-specific wording requires manual review.,No strict table definition was extracted for this site/category. Cancer committee review required. | SURROGATE_AJCC8_DEFINITION_FROM_AJCC7_REVIEW_REQUIRED_v1.7: AJCC8 explicit definition not extractable from uploaded PDF; AJCC7 wording displayed pending cancer committee validation.,fallback_from_AJCC7_for_AJCC8_review_required_v1_7,,,surrogate_definition_from_AJCC7_v1_7
Esophagus and Esophagogastric Junction: Other Histologies,AJCC8,any,M,M01,Distant metastasis category imported from staging table; site-specific definition requires manual review.,No strict table definition was extracted for this site/category. Cancer committee review required. | SURROGATE_AJCC8_DEFINITION_FROM_AJCC7_REVIEW_REQUIRED_v1.7: AJCC8 explicit definition not extractable from uploaded PDF; AJCC7 wording displayed pending cancer committee validation.,fallback_from_AJCC7_for_AJCC8_review_required_v1_7,,,surrogate_definition_from_AJCC7_v1_7
Esophagus and Esophagogastric Junction: Other Histologies,AJCC8,any,M,M02-3,Distant metastasis category imported from staging table; site-specific definition requires manual review.,No strict table definition was extracted for this site/category. Cancer committee review required. | SURROGATE_AJCC8_DEFINITION_FROM_AJCC7_REVIEW_REQUIRED_v1.7: AJCC8 explicit definition not extractable from uploaded PDF; AJCC7 wording displayed pending cancer committee validation.,fallback_from_AJCC7_for_AJCC8_review_required_v1_7,,,surrogate_definition_from_AJCC7_v1_7
Esophagus and Esophagogastric Junction: Other Histologies,AJCC8,yp,M,M03,Distant metastasis category imported from staging table; site-specific definition requires manual review.,No strict table definition was extracted for this site/category. Cancer committee review required. | SURROGATE_AJCC8_DEFINITION_FROM_AJCC7_REVIEW_REQUIRED_v1.7: AJCC8 explicit definition not extractable from uploaded PDF; AJCC7 wording displayed pending cancer committee validation.,fallback_from_AJCC7_for_AJCC8_review_required_v1_7,,,surrogate_definition_from_AJCC7_v1_7
Esophagus and Esophagogastric Junction: Other Histologies,AJCC8,any,M,M0Any,Distant metastasis category imported from staging table; site-specific definition requires manual review.,No strict table definition was extracted for this site/category. Cancer committee review required. | SURROGATE_AJCC8_DEFINITION_FROM_AJCC7_REVIEW_REQUIRED_v1.7: AJCC8 explicit definition not extractable from uploaded PDF; AJCC7 wording displayed pending cancer committee validation.,fallback_from_AJCC7_for_AJCC8_review_required_v1_7,,,surrogate_definition_from_AJCC7_v1_7
Esophagus and Esophagogastric Junction: Other Histologies,AJCC8,any,M,M1,Distant metastasis category imported from staging table; site-specific definition requires manual review.,No strict table definition was extracted for this site/category. Cancer committee review required. | SURROGATE_AJCC8_DEFINITION_FROM_AJCC7_REVIEW_REQUIRED_v1.7: AJCC8 explicit definition not extractable from uploaded PDF; AJCC7 wording displayed pending cancer committee validation.,fallback_from_AJCC7_for_AJCC8_review_required_v1_7,,,surrogate_definition_from_AJCC7_v1_7
Esophagus and Esophagogastric Junction: Other Histologies,AJCC8,any,M,M1Any,Distant metastasis category imported from staging table; site-specific definition requires manual review.,No strict table definition was extracted for this site/category. Cancer committee review required. | SURROGATE_AJCC8_DEFINITION_FROM_AJCC7_REVIEW_REQUIRED_v1.7: AJCC8 explicit definition not extractable from uploaded PDF; AJCC7 wording displayed pending cancer committee validation.,fallback_from_AJCC7_for_AJCC8_review_required_v1_7,,,surrogate_definition_from_AJCC7_v1_7
Esophagus and Esophagogastric Junction: Other Histologies,AJCC8,any,M,X,Distant metastasis category imported from staging table; site-specific definition requires manual review.,No strict table definition was extracted for this site/category. Cancer committee review required. | SURROGATE_AJCC8_DEFINITION_FROM_AJCC7_REVIEW_REQUIRED_v1.7: AJCC8 explicit definition not extractable from uploaded PDF; AJCC7 wording displayed pending cancer committee validation.,fallback_from_AJCC7_for_AJCC8_review_required_v1_7,,,surrogate_definition_from_AJCC7_v1_7
Exocrine pancreas,AJCC7,any,T,T0,No evidence of primary tumor（無原發腫瘤證據）,,checked_v0_7,,protected_curated_gi_definition_from_v0_8_2,protected_known_good_v0_8_2
Exocrine pancreas,AJCC7,any,T,T1,"Tumor limited to pancreas, ≤2 cm（限於胰臟且 ≤2 cm）",,checked_v0_7,,protected_curated_gi_definition_from_v0_8_2,protected_known_good_v0_8_2
Exocrine pancreas,AJCC7,any,T,T2,"Tumor limited to pancreas, >2 cm（限於胰臟且 >2 cm）",,checked_v0_7,,protected_curated_gi_definition_from_v0_8_2,protected_known_good_v0_8_2
Exocrine pancreas,AJCC7,any,T,T3,Tumor extends beyond pancreas without involvement of celiac axis or SMA（超出胰臟但未侵犯腹腔幹或上腸繫膜動脈）,,checked_v0_7,,protected_curated_gi_definition_from_v0_8_2,protected_known_good_v0_8_2
Exocrine pancreas,AJCC7,any,T,T4,Tumor involves celiac axis or superior mesenteric artery（侵犯腹腔幹或上腸繫膜動脈）,,checked_v0_7,,protected_curated_gi_definition_from_v0_8_2,protected_known_good_v0_8_2
Exocrine pancreas,AJCC7,any,T,TX,Primary tumor cannot be assessed（原發腫瘤無法評估）,,checked_v0_7,,protected_curated_gi_definition_from_v0_8_2,protected_known_good_v0_8_2
Exocrine pancreas,AJCC7,any,T,Tis,"Carcinoma in situ, including PanIN-III（原位癌，含 PanIN-III）",,checked_v0_7,,protected_curated_gi_definition_from_v0_8_2,protected_known_good_v0_8_2
Exocrine pancreas,AJCC7,any,N,N0,No regional lymph node metastasis（無區域淋巴結轉移）,,checked_v0_7,,protected_curated_gi_definition_from_v0_8_2,protected_known_good_v0_8_2
Exocrine pancreas,AJCC7,any,N,N1,Regional lymph node metastasis（區域淋巴結轉移）,,checked_v0_7,,protected_curated_gi_definition_from_v0_8_2,protected_known_good_v0_8_2
Exocrine pancreas,AJCC7,any,N,NX,Regional lymph nodes cannot be assessed（區域淋巴結無法評估）,,checked_v0_7,,protected_curated_gi_definition_from_v0_8_2,protected_known_good_v0_8_2
Exocrine pancreas,AJCC7,any,M,M0,No distant metastasis（無遠端轉移）,,checked_v0_7,,protected_curated_gi_definition_from_v0_8_2,protected_known_good_v0_8_2
Exocrine pancreas,AJCC7,any,M,M1,Distant metastasis（有遠端轉移）,,checked_v0_7,,protected_curated_gi_definition_from_v0_8_2,protected_known_good_v0_8_2
Exocrine pancreas,AJCC8,any,T,T0,No evidence of primary tumor（無原發腫瘤證據）,,checked_v0_7,,protected_curated_gi_definition_from_v0_8_2,protected_known_good_v0_8_2
Exocrine pancreas,AJCC8,any,T,T1,Tumor ≤2 cm in greatest dimension（最大徑 ≤2 cm；依 T1a/T1b/T1c 細分）,,checked_v0_7,,protected_curated_gi_definition_from_v0_8_2,protected_known_good_v0_8_2
Exocrine pancreas,AJCC8,any,T,T1a,Tumor ≤0.5 cm（最大徑 ≤0.5 cm）,,checked_v0_7,,protected_curated_gi_definition_from_v0_8_2,protected_known_good_v0_8_2
Exocrine pancreas,AJCC8,any,T,T1b,Tumor >0.5 cm and <1 cm（最大徑 >0.5 且 <1 cm）,,checked_v0_7,,protected_curated_gi_definition_from_v0_8_2,protected_known_good_v0_8_2
Exocrine pancreas,AJCC8,any,T,T1c,Tumor 1–2 cm（最大徑 1–2 cm）,,checked_v0_7,,protected_curated_gi_definition_from_v0_8_2,protected_known_good_v0_8_2
Exocrine pancreas,AJCC8,any,T,T2,Tumor >2 cm and ≤4 cm（最大徑 >2 且 ≤4 cm）,,checked_v0_7,,protected_curated_gi_definition_from_v0_8_2,protected_known_good_v0_8_2
Exocrine pancreas,AJCC8,any,T,T3,Tumor >4 cm（最大徑 >4 cm）,,checked_v0_7,,protected_curated_gi_definition_from_v0_8_2,protected_known_good_v0_8_2
Exocrine pancreas,AJCC8,any,T,T4,"Tumor involves celiac axis, superior mesenteric artery, and/or common hepatic artery（侵犯腹腔幹、上腸繫膜動脈及/或總肝動脈）",,checked_v0_7,,protected_curated_gi_definition_from_v0_8_2,protected_known_good_v0_8_2
Exocrine pancreas,AJCC8,any,T,TX,Primary tumor cannot be assessed（原發腫瘤無法評估）,,checked_v0_7,,protected_curated_gi_definition_from_v0_8_2,protected_known_good_v0_8_2
Exocrine pancreas,AJCC8,any,T,Tis,Carcinoma in situ / high-grade precursor lesion（原位癌／高度異生前驅病灶）,,checked_v0_7,,protected_curated_gi_definition_from_v0_8_2,protected_known_good_v0_8_2
Exocrine pancreas,AJCC8,any,N,N0,No regional lymph node metastasis（無區域淋巴結轉移）,,checked_v0_7,,protected_curated_gi_definition_from_v0_8_2,protected_known_good_v0_8_2
Exocrine pancreas,AJCC8,any,N,N1,Metastasis in 1–3 regional lymph nodes（1–3 顆區域淋巴結轉移）,,checked_v0_7,,protected_curated_gi_definition_from_v0_8_2,protected_known_good_v0_8_2
Exocrine pancreas,AJCC8,any,N,N2,Metastasis in 4 or more regional lymph nodes（≥4 顆區域淋巴結轉移）,,checked_v0_7,,protected_curated_gi_definition_from_v0_8_2,protected_known_good_v0_8_2
Exocrine pancreas,AJCC8,any,N,NX,Regional lymph nodes cannot be assessed（區域淋巴結無法評估）,,checked_v0_7,,protected_curated_gi_definition_from_v0_8_2,protected_known_good_v0_8_2
Exocrine pancreas,AJCC8,any,M,M0,No distant metastasis（無遠端轉移）,,checked_v0_7,,protected_curated_gi_definition_from_v0_8_2,protected_known_good_v0_8_2
Exocrine pancreas,AJCC8,any,M,M1,Distant metastasis（有遠端轉移）,,checked_v0_7,,protected_curated_gi_definition_from_v0_8_2,protected_known_good_v0_8_2
Eyelid Carcinoma,AJCC7,any,T,T1,Primary tumor category imported from staging table; site-specific definition requires manual review.,No strict table definition was extracted for this site/category. Cancer committee review required.,generic_fallback_v1_6_review_required,,,generated_rule_category_fallback_v1_6
Eyelid Carcinoma,AJCC7,any,T,T2a,Primary tumor category imported from staging table; site-specific definition requires manual review.,No strict table definition was extracted for this site/category. Cancer committee review required.,generic_fallback_v1_6_review_required,,,generated_rule_category_fallback_v1_6
Eyelid Carcinoma,AJCC7,any,T,T2b,Primary tumor category imported from staging table; site-specific definition requires manual review.,No strict table definition was extracted for this site/category. Cancer committee review required.,generic_fallback_v1_6_review_required,,,generated_rule_category_fallback_v1_6
Eyelid Carcinoma,AJCC7,any,T,T3a,Primary tumor category imported from staging table; site-specific definition requires manual review.,No strict table definition was extracted for this site/category. Cancer committee review required.,generic_fallback_v1_6_review_required,,,generated_rule_category_fallback_v1_6
Eyelid Carcinoma,AJCC7,any,T,T3b,Primary tumor category imported from staging table; site-specific definition requires manual review.,No strict table definition was extracted for this site/category. Cancer committee review required.,generic_fallback_v1_6_review_required,,,generated_rule_category_fallback_v1_6
Eyelid Carcinoma,AJCC7,any,T,T4,Primary tumor category imported from staging table; site-specific definition requires manual review.,No strict table definition was extracted for this site/category. Cancer committee review required.,generic_fallback_v1_6_review_required,,,generated_rule_category_fallback_v1_6
Eyelid Carcinoma,AJCC7,yp,T,T4,Primary tumor category imported from staging table; site-specific definition requires manual review.,No strict table definition was extracted for this site/category. Cancer committee review required.,generic_fallback_v1_6_review_required,,,generated_rule_category_fallback_v1_6
Eyelid Carcinoma,AJCC7,any,T,Tis,Carcinoma in situ or site-specific in-situ category; site-specific wording requires manual review.,No strict table definition was extracted for this site/category. Cancer committee review required.,generic_fallback_v1_6_review_required,,,generated_rule_category_fallback_v1_6
Eyelid Carcinoma,AJCC7,any,N,N0,No regional lymph node metastasis; site-specific wording requires manual review.,No strict table definition was extracted for this site/category. Cancer committee review required.,generic_fallback_v1_6_review_required,,,generated_rule_category_fallback_v1_6
Eyelid Carcinoma,AJCC7,any,N,N1,Regional lymph node category imported from staging table; site-specific definition requires manual review.,No strict table definition was extracted for this site/category. Cancer committee review required.,generic_fallback_v1_6_review_required,,,generated_rule_category_fallback_v1_6
Eyelid Carcinoma,AJCC7,any,M,M0,No distant metastasis; site-specific wording requires manual review.,No strict table definition was extracted for this site/category. Cancer committee review required.,generic_fallback_v1_6_review_required,,,generated_rule_category_fallback_v1_6
Eyelid Carcinoma,AJCC7,yp,M,M0,No distant metastasis; site-specific wording requires manual review.,No strict table definition was extracted for this site/category. Cancer committee review required.,generic_fallback_v1_6_review_required,,,generated_rule_category_fallback_v1_6
Eyelid Carcinoma,AJCC7,any,M,M1,Distant metastasis category imported from staging table; site-specific definition requires manual review.,No strict table definition was extracted for this site/category. Cancer committee review required.,generic_fallback_v1_6_review_required,,,generated_rule_category_fallback_v1_6
Eyelid Carcinoma,AJCC7,yp,M,M1,Distant metastasis category imported from staging table; site-specific definition requires manual review.,No strict table definition was extracted for this site/category. Cancer committee review required.,generic_fallback_v1_6_review_required,,,generated_rule_category_fallback_v1_6
Eyelid Carcinoma,AJCC8,yp,T,T1,Primary tumor category imported from staging table; site-specific definition requires manual review.,No strict table definition was extracted for this site/category. Cancer committee review required.,generic_fallback_v1_6_review_required,,,generated_rule_category_fallback_v1_6
Eyelid Carcinoma,AJCC8,yp,T,T2a,Primary tumor category imported from staging table; site-specific definition requires manual review.,No strict table definition was extracted for this site/category. Cancer committee review required.,generic_fallback_v1_6_review_required,,,generated_rule_category_fallback_v1_6
Eyelid Carcinoma,AJCC8,yp,T,Tis,Carcinoma in situ or site-specific in-situ category; site-specific wording requires manual review.,No strict table definition was extracted for this site/category. Cancer committee review required.,generic_fallback_v1_6_review_required,,,generated_rule_category_fallback_v1_6
Eyelid Carcinoma,AJCC8,any,N,N0,No evidence of lymph node involvement,,strict_table_extracted_v1_6,207,Definition of Regional Lymph Node (N),strict_table_extraction_v1_6
Eyelid Carcinoma,AJCC8,clinical,N,N1,"Metastasis in a single ipsilateral regional lymph node, ≤3 cm in greatest dimension",,strict_table_extracted_v1_6,207,Definition of Regional Lymph Node (N),strict_table_extraction_v1_6
Eyelid Carcinoma,AJCC8,clinical,N,N1a,Metastasis in a single ipsilateral lymph node based on clinical evaluation or imaging findings,,strict_table_extracted_v1_6,207,Definition of Regional Lymph Node (N),strict_table_extraction_v1_6
Eyelid Carcinoma,AJCC8,clinical,N,N1b,Metastasis in a single ipsilateral lymph node based on lymph node biopsy,,strict_table_extracted_v1_6,207,Definition of Regional Lymph Node (N),strict_table_extraction_v1_6
Eyelid Carcinoma,AJCC8,clinical,N,N2,"Metastasis in a single ipsilateral lymph node, >3 cm in greatest dimension, or in bilateral or contralateral lymph nodes",,strict_table_extracted_v1_6,207,Definition of Regional Lymph Node (N),strict_table_extraction_v1_6
Eyelid Carcinoma,AJCC8,clinical,N,N2a,Metastasis documented based on clinical evaluation or imaging findings,,strict_table_extracted_v1_6,207,Definition of Regional Lymph Node (N),strict_table_extraction_v1_6
Eyelid Carcinoma,AJCC8,clinical,N,N2b,Metastasis documented based on microscopic findings on lymph node biopsy,,strict_table_extracted_v1_6,207,Definition of Regional Lymph Node (N),strict_table_extraction_v1_6
Eyelid Carcinoma,AJCC8,any,N,NX,Regional lymph nodes cannot be assessed,,strict_table_extracted_v1_6,207,Definition of Regional Lymph Node (N),strict_table_extraction_v1_6
Eyelid Carcinoma,AJCC8,any,M,M0,No distant metastasis,,strict_table_extracted_v1_6,207,Definition of Distant Metastasis (M),strict_table_extraction_v1_6
Eyelid Carcinoma,AJCC8,any,M,M1,Distant metastasis,,strict_table_extracted_v1_6,207,Definition of Distant Metastasis (M),strict_table_extraction_v1_6
GIST,AJCC7,any,T,T0,No evidence of primary tumor（無原發腫瘤證據）,,checked_v0_7,,protected_curated_gi_definition_from_v0_8_2,protected_known_good_v0_8_2
GIST,AJCC7,any,T,T1,Tumor ≤2 cm（腫瘤 ≤2 cm）,,checked_v0_7,,protected_curated_gi_definition_from_v0_8_2,protected_known_good_v0_8_2
GIST,AJCC7,any,T,T2,Tumor >2 cm but ≤5 cm（>2 至 ≤5 cm）,,checked_v0_7,,protected_curated_gi_definition_from_v0_8_2,protected_known_good_v0_8_2
GIST,AJCC7,any,T,T3,Tumor >5 cm but ≤10 cm（>5 至 ≤10 cm）,,checked_v0_7,,protected_curated_gi_definition_from_v0_8_2,protected_known_good_v0_8_2
GIST,AJCC7,any,T,T4,Tumor >10 cm（>10 cm）,,checked_v0_7,,protected_curated_gi_definition_from_v0_8_2,protected_known_good_v0_8_2
GIST,AJCC7,any,T,TX,Primary tumor cannot be assessed（原發腫瘤無法評估）,,checked_v0_7,,protected_curated_gi_definition_from_v0_8_2,protected_known_good_v0_8_2
GIST,AJCC7,any,T,Tis,"Carcinoma in situ / high-grade dysplasia, according to site-specific wording（原位癌／高度異生，依癌種定義）",,checked_v0_7,,protected_curated_gi_definition_from_v0_8_2,protected_known_good_v0_8_2
GIST,AJCC7,any,N,N0,No regional lymph node metastasis（無區域淋巴結轉移）,,checked_v0_7,,protected_curated_gi_definition_from_v0_8_2,protected_known_good_v0_8_2
GIST,AJCC7,any,N,N1,Regional lymph node metastasis（區域淋巴結轉移；GIST 少見，仍需依正式表格與 mitotic rate/site 判讀）,,checked_v0_7,,protected_curated_gi_definition_from_v0_8_2,protected_known_good_v0_8_2
GIST,AJCC7,any,N,NX,Regional lymph nodes cannot be assessed（區域淋巴結無法評估）,,checked_v0_7,,protected_curated_gi_definition_from_v0_8_2,protected_known_good_v0_8_2
GIST,AJCC7,any,M,M0,No distant metastasis（無遠端轉移）,,checked_v0_7,,protected_curated_gi_definition_from_v0_8_2,protected_known_good_v0_8_2
GIST,AJCC7,any,M,M1,Distant metastasis（有遠端轉移）,,checked_v0_7,,protected_curated_gi_definition_from_v0_8_2,protected_known_good_v0_8_2
GIST,AJCC8,any,T,T0,No evidence of primary tumor（無原發腫瘤證據）,,checked_v0_7,,protected_curated_gi_definition_from_v0_8_2,protected_known_good_v0_8_2
GIST,AJCC8,any,T,T1,Tumor ≤2 cm（腫瘤 ≤2 cm）,,checked_v0_7,,protected_curated_gi_definition_from_v0_8_2,protected_known_good_v0_8_2
GIST,AJCC8,any,T,T2,Tumor >2 cm but ≤5 cm（>2 至 ≤5 cm）,,checked_v0_7,,protected_curated_gi_definition_from_v0_8_2,protected_known_good_v0_8_2
GIST,AJCC8,any,T,T3,Tumor >5 cm but ≤10 cm（>5 至 ≤10 cm）,,checked_v0_7,,protected_curated_gi_definition_from_v0_8_2,protected_known_good_v0_8_2
GIST,AJCC8,any,T,T4,Tumor >10 cm（>10 cm）,,checked_v0_7,,protected_curated_gi_definition_from_v0_8_2,protected_known_good_v0_8_2
GIST,AJCC8,any,T,TX,Primary tumor cannot be assessed（原發腫瘤無法評估）,,checked_v0_7,,protected_curated_gi_definition_from_v0_8_2,protected_known_good_v0_8_2
GIST,AJCC8,any,T,Tis,"Carcinoma in situ / high-grade dysplasia, according to site-specific wording（原位癌／高度異生，依癌種定義）",,checked_v0_7,,protected_curated_gi_definition_from_v0_8_2,protected_known_good_v0_8_2
GIST,AJCC8,any,N,N0,No regional lymph node metastasis（無區域淋巴結轉移）,,checked_v0_7,,protected_curated_gi_definition_from_v0_8_2,protected_known_good_v0_8_2
GIST,AJCC8,any,N,N1,Regional lymph node metastasis（區域淋巴結轉移；GIST 少見，仍需依正式表格與 mitotic rate/site 判讀）,,checked_v0_7,,protected_curated_gi_definition_from_v0_8_2,protected_known_good_v0_8_2
GIST,AJCC8,any,N,NX,Regional lymph nodes cannot be assessed（區域淋巴結無法評估）,,checked_v0_7,,protected_curated_gi_definition_from_v0_8_2,protected_known_good_v0_8_2
GIST,AJCC8,any,M,M0,No distant metastasis（無遠端轉移）,,checked_v0_7,,protected_curated_gi_definition_from_v0_8_2,protected_known_good_v0_8_2
GIST,AJCC8,any,M,M1,Distant metastasis（有遠端轉移）,,checked_v0_7,,protected_curated_gi_definition_from_v0_8_2,protected_known_good_v0_8_2
Gallbladder,AJCC7,any,T,T0,No evidence of primary tumor（無原發腫瘤證據）,,checked_v0_7,,protected_curated_gi_definition_from_v0_8_2,protected_known_good_v0_8_2
Gallbladder,AJCC7,any,T,T1,Tumor invades lamina propria or muscle layer（侵犯固有層或肌層）,,checked_v0_7,,protected_curated_gi_definition_from_v0_8_2,protected_known_good_v0_8_2
Gallbladder,AJCC7,any,T,T1a,Tumor invades lamina propria（侵犯固有層）,,checked_v0_7,,protected_curated_gi_definition_from_v0_8_2,protected_known_good_v0_8_2
Gallbladder,AJCC7,any,T,T1b,Tumor invades muscle layer（侵犯肌層）,,checked_v0_7,,protected_curated_gi_definition_from_v0_8_2,protected_known_good_v0_8_2
Gallbladder,AJCC7,any,T,T2,Tumor invades perimuscular connective tissue without extension beyond serosa or into liver（侵犯肌周結締組織，未穿過漿膜且未侵犯肝）,,checked_v0_7,,protected_curated_gi_definition_from_v0_8_2,protected_known_good_v0_8_2
Gallbladder,AJCC7,any,T,T3,Tumor perforates serosa and/or directly invades liver and/or one adjacent organ/structure（穿破漿膜及/或直接侵犯肝或一個鄰近器官/構造）,,checked_v0_7,,protected_curated_gi_definition_from_v0_8_2,protected_known_good_v0_8_2
Gallbladder,AJCC7,any,T,T4,Tumor invades main portal vein/hepatic artery or invades two or more extrahepatic organs/structures（侵犯主門靜脈/肝動脈或兩個以上肝外器官/構造）,,checked_v0_7,,protected_curated_gi_definition_from_v0_8_2,protected_known_good_v0_8_2
Gallbladder,AJCC7,any,T,TX,Primary tumor cannot be assessed（原發腫瘤無法評估）,,checked_v0_7,,protected_curated_gi_definition_from_v0_8_2,protected_known_good_v0_8_2
Gallbladder,AJCC7,any,T,Tis,Carcinoma in situ（原位癌）,,checked_v0_7,,protected_curated_gi_definition_from_v0_8_2,protected_known_good_v0_8_2
Gallbladder,AJCC7,any,N,N0,No regional lymph node metastasis（無區域淋巴結轉移）,,checked_v0_7,,protected_curated_gi_definition_from_v0_8_2,protected_known_good_v0_8_2
Gallbladder,AJCC7,any,N,N1,"Regional nodes along cystic duct, common bile duct, hepatic artery, and/or portal vein（膽囊管、總膽管、肝動脈及/或門靜脈旁區域淋巴結）",,checked_v0_7,,protected_curated_gi_definition_from_v0_8_2,protected_known_good_v0_8_2
Gallbladder,AJCC7,any,N,N2,"Periaortic, pericaval, SMA, and/or celiac lymph node metastasis（主動脈旁、腔靜脈旁、SMA及/或腹腔淋巴結轉移）",,checked_v0_7,,protected_curated_gi_definition_from_v0_8_2,protected_known_good_v0_8_2
Gallbladder,AJCC7,any,N,NX,Regional lymph nodes cannot be assessed（區域淋巴結無法評估）,,checked_v0_7,,protected_curated_gi_definition_from_v0_8_2,protected_known_good_v0_8_2
Gallbladder,AJCC7,any,M,M0,No distant metastasis（無遠端轉移）,,checked_v0_7,,protected_curated_gi_definition_from_v0_8_2,protected_known_good_v0_8_2
Gallbladder,AJCC7,any,M,M1,Distant metastasis（有遠端轉移）,,checked_v0_7,,protected_curated_gi_definition_from_v0_8_2,protected_known_good_v0_8_2
Gallbladder,AJCC8,any,T,T0,No evidence of primary tumor（無原發腫瘤證據）,,checked_v0_7,,protected_curated_gi_definition_from_v0_8_2,protected_known_good_v0_8_2
Gallbladder,AJCC8,any,T,T1,Tumor invades lamina propria or muscle layer（侵犯固有層或肌層；依 T1a/T1b 細分）,,checked_v0_7,,protected_curated_gi_definition_from_v0_8_2,protected_known_good_v0_8_2
Gallbladder,AJCC8,any,T,T1a,Tumor invades lamina propria（侵犯固有層）,,checked_v0_7,,protected_curated_gi_definition_from_v0_8_2,protected_known_good_v0_8_2
Gallbladder,AJCC8,any,T,T1b,Tumor invades muscle layer（侵犯肌層）,,checked_v0_7,,protected_curated_gi_definition_from_v0_8_2,protected_known_good_v0_8_2
Gallbladder,AJCC8,any,T,T2,Tumor invades perimuscular connective tissue without extension beyond serosa or into liver（侵犯肌周結締組織，未穿過漿膜且未侵犯肝；依 T2a/T2b 細分）,,checked_v0_7,,protected_curated_gi_definition_from_v0_8_2,protected_known_good_v0_8_2
Gallbladder,AJCC8,any,T,T2a,"Tumor invades perimuscular connective tissue on peritoneal side, without serosal involvement（腹膜側肌周結締組織侵犯，未侵犯漿膜）",,checked_v0_7,,protected_curated_gi_definition_from_v0_8_2,protected_known_good_v0_8_2
Gallbladder,AJCC8,any,T,T2b,"Tumor invades perimuscular connective tissue on hepatic side, without liver involvement（肝側肌周結締組織侵犯，未侵犯肝）",,checked_v0_7,,protected_curated_gi_definition_from_v0_8_2,protected_known_good_v0_8_2
Gallbladder,AJCC8,any,T,T3,Tumor perforates serosa and/or directly invades liver and/or one adjacent organ/structure（穿破漿膜及/或直接侵犯肝或一個鄰近器官/構造）,,checked_v0_7,,protected_curated_gi_definition_from_v0_8_2,protected_known_good_v0_8_2
Gallbladder,AJCC8,any,T,T4,Tumor invades main portal vein/hepatic artery or invades two or more extrahepatic organs/structures（侵犯主門靜脈/肝動脈或兩個以上肝外器官/構造）,,checked_v0_7,,protected_curated_gi_definition_from_v0_8_2,protected_known_good_v0_8_2
Gallbladder,AJCC8,any,T,TX,Primary tumor cannot be assessed（原發腫瘤無法評估）,,checked_v0_7,,protected_curated_gi_definition_from_v0_8_2,protected_known_good_v0_8_2
Gallbladder,AJCC8,any,T,Tis,Carcinoma in situ（原位癌）,,checked_v0_7,,protected_curated_gi_definition_from_v0_8_2,protected_known_good_v0_8_2
Gallbladder,AJCC8,any,N,N0,No regional lymph node metastasis（無區域淋巴結轉移）,,checked_v0_7,,protected_curated_gi_definition_from_v0_8_2,protected_known_good_v0_8_2
Gallbladder,AJCC8,any,N,N1,Metastasis in 1–3 regional lymph nodes（1–3 顆區域淋巴結轉移）,,checked_v0_7,,protected_curated_gi_definition_from_v0_8_2,protected_known_good_v0_8_2
Gallbladder,AJCC8,any,N,N2,Metastasis in 4 or more regional lymph nodes（≥4 顆區域淋巴結轉移）,,checked_v0_7,,protected_curated_gi_definition_from_v0_8_2,protected_known_good_v0_8_2
Gallbladder,AJCC8,any,N,NX,Regional lymph nodes cannot be assessed（區域淋巴結無法評估）,,checked_v0_7,,protected_curated_gi_definition_from_v0_8_2,protected_known_good_v0_8_2
Gallbladder,AJCC8,any,M,M0,No distant metastasis（無遠端轉移）,,checked_v0_7,,protected_curated_gi_definition_from_v0_8_2,protected_known_good_v0_8_2
Gallbladder,AJCC8,any,M,M1,Distant metastasis（有遠端轉移）,,checked_v0_7,,protected_curated_gi_definition_from_v0_8_2,protected_known_good_v0_8_2
Gastrointestinal Stromal Tumor,AJCC8,any,T,T0,No evidence of primary tumor,,strict_table_extracted_v1_6,109,Definition of Primary Tumor (T),strict_table_extraction_v1_6
Gastrointestinal Stromal Tumor,AJCC8,any,T,T1,Tumor 2 cm or less,,strict_table_extracted_v1_6,109,Definition of Primary Tumor (T),strict_table_extraction_v1_6
Gastrointestinal Stromal Tumor,AJCC8,any,T,T2,Tumor more than 2 cm but not more than 5 cm,,strict_table_extracted_v1_6,109,Definition of Primary Tumor (T),strict_table_extraction_v1_6
Gastrointestinal Stromal Tumor,AJCC8,any,T,T3,Tumor more than 5 cm but not more than 10 cm,,strict_table_extracted_v1_6,109,Definition of Primary Tumor (T),strict_table_extraction_v1_6
Gastrointestinal Stromal Tumor,AJCC8,any,T,T4,Tumor more than 10 cm in greatest dimension,,strict_table_extracted_v1_6,109,Definition of Primary Tumor (T),strict_table_extraction_v1_6
Gastrointestinal Stromal Tumor,AJCC8,any,T,TX,Primary tumor cannot be assessed,,strict_table_extracted_v1_6,109,Definition of Primary Tumor (T),strict_table_extraction_v1_6
Gastrointestinal Stromal Tumor,AJCC8,any,N,N0,No regional lymph node metastasis or unknown lymph node status,,strict_table_extracted_v1_6,109,Definition of Regional Lymph Node (N),strict_table_extraction_v1_6
Gastrointestinal Stromal Tumor,AJCC8,any,N,N1,Regional lymph node metastasis,,strict_table_extracted_v1_6,109,Definition of Regional Lymph Node (N),strict_table_extraction_v1_6
Gastrointestinal Stromal Tumor,AJCC8,any,M,M0,No distant metastasis,,strict_table_extracted_v1_6,109,Definition of Distant Metastasis (M),strict_table_extraction_v1_6
Gastrointestinal Stromal Tumor,AJCC8,any,M,M1,Distant metastasis Definition of Mitotic Rate Mitotic rate Definition Low 5 or fewer mitoses per 5 mm2 High Over 5 mitoses per 5 mm2,,strict_table_extracted_v1_6,109,Definition of Distant Metastasis (M),strict_table_extraction_v1_6
HCC / Liver,AJCC7,any,T,T0,No evidence of primary tumor（無原發腫瘤證據）,,checked_v0_7,,protected_curated_gi_definition_from_v0_8_2,protected_known_good_v0_8_2
HCC / Liver,AJCC7,any,T,T1,Solitary tumor without vascular invasion（單一腫瘤，無血管侵犯）,,checked_v0_7,,protected_curated_gi_definition_from_v0_8_2,protected_known_good_v0_8_2
HCC / Liver,AJCC7,any,T,T2,Solitary tumor with vascular invasion or multiple tumors none >5 cm（單一腫瘤合併血管侵犯，或多發腫瘤且皆 ≤5 cm）,,checked_v0_7,,protected_curated_gi_definition_from_v0_8_2,protected_known_good_v0_8_2
HCC / Liver,AJCC7,any,T,T3a,Multiple tumors with at least one >5 cm（多發腫瘤且至少一顆 >5 cm）,,checked_v0_7,,protected_curated_gi_definition_from_v0_8_2,protected_known_good_v0_8_2
HCC / Liver,AJCC7,any,T,T3b,Tumor involving major branch of portal or hepatic vein（侵犯門靜脈或肝靜脈主要分支）,,checked_v0_7,,protected_curated_gi_definition_from_v0_8_2,protected_known_good_v0_8_2
HCC / Liver,AJCC7,any,T,T4,Tumor directly invades adjacent organs other than gallbladder or perforates visceral peritoneum（直接侵犯膽囊以外鄰近器官或穿破臟層腹膜）,,checked_v0_7,,protected_curated_gi_definition_from_v0_8_2,protected_known_good_v0_8_2
HCC / Liver,AJCC7,any,T,TX,Primary tumor cannot be assessed（原發腫瘤無法評估）,,checked_v0_7,,protected_curated_gi_definition_from_v0_8_2,protected_known_good_v0_8_2
HCC / Liver,AJCC7,any,T,Tis,"Carcinoma in situ / high-grade dysplasia, according to site-specific wording（原位癌／高度異生，依癌種定義）",,checked_v0_7,,protected_curated_gi_definition_from_v0_8_2,protected_known_good_v0_8_2
HCC / Liver,AJCC7,any,N,N0,No regional lymph node metastasis（無區域淋巴結轉移）,,checked_v0_7,,protected_curated_gi_definition_from_v0_8_2,protected_known_good_v0_8_2
HCC / Liver,AJCC7,any,N,N1,Regional lymph node metastasis（區域淋巴結轉移）,,checked_v0_7,,protected_curated_gi_definition_from_v0_8_2,protected_known_good_v0_8_2
HCC / Liver,AJCC7,any,N,NX,Regional lymph nodes cannot be assessed（區域淋巴結無法評估）,,checked_v0_7,,protected_curated_gi_definition_from_v0_8_2,protected_known_good_v0_8_2
HCC / Liver,AJCC7,any,M,M0,No distant metastasis（無遠端轉移）,,checked_v0_7,,protected_curated_gi_definition_from_v0_8_2,protected_known_good_v0_8_2
HCC / Liver,AJCC7,any,M,M1,Distant metastasis（有遠端轉移）,,checked_v0_7,,protected_curated_gi_definition_from_v0_8_2,protected_known_good_v0_8_2
HCC / Liver,AJCC8,any,T,T0,No evidence of primary tumor（無原發腫瘤證據）,,checked_v0_7,,protected_curated_gi_definition_from_v0_8_2,protected_known_good_v0_8_2
HCC / Liver,AJCC8,any,T,T1,Solitary tumor ≤2 cm or >2 cm without vascular invasion（單一腫瘤；依 T1a/T1b 細分）,,checked_v0_7,,protected_curated_gi_definition_from_v0_8_2,protected_known_good_v0_8_2
HCC / Liver,AJCC8,any,T,T1a,Solitary tumor ≤2 cm（單一腫瘤 ≤2 cm）,,checked_v0_7,,protected_curated_gi_definition_from_v0_8_2,protected_known_good_v0_8_2
HCC / Liver,AJCC8,any,T,T1b,Solitary tumor >2 cm without vascular invasion（單一腫瘤 >2 cm，無血管侵犯）,,checked_v0_7,,protected_curated_gi_definition_from_v0_8_2,protected_known_good_v0_8_2
HCC / Liver,AJCC8,any,T,T2,"Solitary tumor >2 cm with vascular invasion, or multiple tumors none >5 cm（單一腫瘤 >2 cm 且有血管侵犯，或多發腫瘤且皆 ≤5 cm）",,checked_v0_7,,protected_curated_gi_definition_from_v0_8_2,protected_known_good_v0_8_2
HCC / Liver,AJCC8,any,T,T3,Multiple tumors with at least one >5 cm（多發腫瘤且至少一顆 >5 cm）,,checked_v0_7,,protected_curated_gi_definition_from_v0_8_2,protected_known_good_v0_8_2
HCC / Liver,AJCC8,any,T,T4,"Tumor involving major portal/hepatic vein branch, adjacent organs other than gallbladder, or perforating visceral peritoneum（侵犯主要門/肝靜脈分支、膽囊以外鄰近器官或穿破臟層腹膜）",,checked_v0_7,,protected_curated_gi_definition_from_v0_8_2,protected_known_good_v0_8_2
HCC / Liver,AJCC8,any,T,TX,Primary tumor cannot be assessed（原發腫瘤無法評估）,,checked_v0_7,,protected_curated_gi_definition_from_v0_8_2,protected_known_good_v0_8_2
HCC / Liver,AJCC8,any,T,Tis,"Carcinoma in situ / high-grade dysplasia, according to site-specific wording（原位癌／高度異生，依癌種定義）",,checked_v0_7,,protected_curated_gi_definition_from_v0_8_2,protected_known_good_v0_8_2
HCC / Liver,AJCC8,any,N,N0,No regional lymph node metastasis（無區域淋巴結轉移）,,checked_v0_7,,protected_curated_gi_definition_from_v0_8_2,protected_known_good_v0_8_2
HCC / Liver,AJCC8,any,N,N1,Regional lymph node metastasis（區域淋巴結轉移）,,checked_v0_7,,protected_curated_gi_definition_from_v0_8_2,protected_known_good_v0_8_2
HCC / Liver,AJCC8,any,N,NX,Regional lymph nodes cannot be assessed（區域淋巴結無法評估）,,checked_v0_7,,protected_curated_gi_definition_from_v0_8_2,protected_known_good_v0_8_2
HCC / Liver,AJCC8,any,M,M0,No distant metastasis（無遠端轉移）,,checked_v0_7,,protected_curated_gi_definition_from_v0_8_2,protected_known_good_v0_8_2
HCC / Liver,AJCC8,any,M,M1,Distant metastasis（有遠端轉移）,,checked_v0_7,,protected_curated_gi_definition_from_v0_8_2,protected_known_good_v0_8_2
HPV-Mediated (p16+) Oropharyngeal Cancer,AJCC7,any,T,T1,Primary tumor category imported from staging table; site-specific definition requires manual review.,No strict table definition was extracted for this site/category. Cancer committee review required.,generic_fallback_v1_6_review_required,,,generated_rule_category_fallback_v1_6
HPV-Mediated (p16+) Oropharyngeal Cancer,AJCC7,yp,T,T1,Primary tumor category imported from staging table; site-specific definition requires manual review.,No strict table definition was extracted for this site/category. Cancer committee review required.,generic_fallback_v1_6_review_required,,,generated_rule_category_fallback_v1_6
HPV-Mediated (p16+) Oropharyngeal Cancer,AJCC7,any,T,T2,Primary tumor category imported from staging table; site-specific definition requires manual review.,No strict table definition was extracted for this site/category. Cancer committee review required.,generic_fallback_v1_6_review_required,,,generated_rule_category_fallback_v1_6
HPV-Mediated (p16+) Oropharyngeal Cancer,AJCC7,yp,T,T2,Primary tumor category imported from staging table; site-specific definition requires manual review.,No strict table definition was extracted for this site/category. Cancer committee review required.,generic_fallback_v1_6_review_required,,,generated_rule_category_fallback_v1_6
HPV-Mediated (p16+) Oropharyngeal Cancer,AJCC7,any,T,T3,Primary tumor category imported from staging table; site-specific definition requires manual review.,No strict table definition was extracted for this site/category. Cancer committee review required.,generic_fallback_v1_6_review_required,,,generated_rule_category_fallback_v1_6
HPV-Mediated (p16+) Oropharyngeal Cancer,AJCC7,yp,T,T3,Primary tumor category imported from staging table; site-specific definition requires manual review.,No strict table definition was extracted for this site/category. Cancer committee review required.,generic_fallback_v1_6_review_required,,,generated_rule_category_fallback_v1_6
HPV-Mediated (p16+) Oropharyngeal Cancer,AJCC7,any,T,T4,Primary tumor category imported from staging table; site-specific definition requires manual review.,No strict table definition was extracted for this site/category. Cancer committee review required.,generic_fallback_v1_6_review_required,,,generated_rule_category_fallback_v1_6
HPV-Mediated (p16+) Oropharyngeal Cancer,AJCC7,yp,T,T4,Primary tumor category imported from staging table; site-specific definition requires manual review.,No strict table definition was extracted for this site/category. Cancer committee review required.,generic_fallback_v1_6_review_required,,,generated_rule_category_fallback_v1_6
HPV-Mediated (p16+) Oropharyngeal Cancer,AJCC7,yp,T,T4a,Primary tumor category imported from staging table; site-specific definition requires manual review.,No strict table definition was extracted for this site/category. Cancer committee review required.,generic_fallback_v1_6_review_required,,,generated_rule_category_fallback_v1_6
HPV-Mediated (p16+) Oropharyngeal Cancer,AJCC7,yp,T,T4b,Primary tumor category imported from staging table; site-specific definition requires manual review.,No strict table definition was extracted for this site/category. Cancer committee review required.,generic_fallback_v1_6_review_required,,,generated_rule_category_fallback_v1_6
HPV-Mediated (p16+) Oropharyngeal Cancer,AJCC7,any,T,Tis,Carcinoma in situ or site-specific in-situ category; site-specific wording requires manual review.,No strict table definition was extracted for this site/category. Cancer committee review required.,generic_fallback_v1_6_review_required,,,generated_rule_category_fallback_v1_6
HPV-Mediated (p16+) Oropharyngeal Cancer,AJCC7,yp,T,Tis,Carcinoma in situ or site-specific in-situ category; site-specific wording requires manual review.,No strict table definition was extracted for this site/category. Cancer committee review required.,generic_fallback_v1_6_review_required,,,generated_rule_category_fallback_v1_6
HPV-Mediated (p16+) Oropharyngeal Cancer,AJCC7,any,N,N0,No regional lymph node metastasis; site-specific wording requires manual review.,No strict table definition was extracted for this site/category. Cancer committee review required.,generic_fallback_v1_6_review_required,,,generated_rule_category_fallback_v1_6
HPV-Mediated (p16+) Oropharyngeal Cancer,AJCC7,yp,N,N0,No regional lymph node metastasis; site-specific wording requires manual review.,No strict table definition was extracted for this site/category. Cancer committee review required.,generic_fallback_v1_6_review_required,,,generated_rule_category_fallback_v1_6
HPV-Mediated (p16+) Oropharyngeal Cancer,AJCC7,any,N,N1,Regional lymph node category imported from staging table; site-specific definition requires manual review.,No strict table definition was extracted for this site/category. Cancer committee review required.,generic_fallback_v1_6_review_required,,,generated_rule_category_fallback_v1_6
HPV-Mediated (p16+) Oropharyngeal Cancer,AJCC7,yp,N,N1,Regional lymph node category imported from staging table; site-specific definition requires manual review.,No strict table definition was extracted for this site/category. Cancer committee review required.,generic_fallback_v1_6_review_required,,,generated_rule_category_fallback_v1_6
HPV-Mediated (p16+) Oropharyngeal Cancer,AJCC7,any,N,N2,Regional lymph node category imported from staging table; site-specific definition requires manual review.,No strict table definition was extracted for this site/category. Cancer committee review required.,generic_fallback_v1_6_review_required,,,generated_rule_category_fallback_v1_6
HPV-Mediated (p16+) Oropharyngeal Cancer,AJCC7,yp,N,N2,Regional lymph node category imported from staging table; site-specific definition requires manual review.,No strict table definition was extracted for this site/category. Cancer committee review required.,generic_fallback_v1_6_review_required,,,generated_rule_category_fallback_v1_6
HPV-Mediated (p16+) Oropharyngeal Cancer,AJCC7,any,N,N3,Regional lymph node category imported from staging table; site-specific definition requires manual review.,No strict table definition was extracted for this site/category. Cancer committee review required.,generic_fallback_v1_6_review_required,,,generated_rule_category_fallback_v1_6
HPV-Mediated (p16+) Oropharyngeal Cancer,AJCC7,yp,N,N3,Regional lymph node category imported from staging table; site-specific definition requires manual review.,No strict table definition was extracted for this site/category. Cancer committee review required.,generic_fallback_v1_6_review_required,,,generated_rule_category_fallback_v1_6
HPV-Mediated (p16+) Oropharyngeal Cancer,AJCC7,any,M,M0,No distant metastasis; site-specific wording requires manual review.,No strict table definition was extracted for this site/category. Cancer committee review required.,generic_fallback_v1_6_review_required,,,generated_rule_category_fallback_v1_6
HPV-Mediated (p16+) Oropharyngeal Cancer,AJCC7,yp,M,M0,No distant metastasis; site-specific wording requires manual review.,No strict table definition was extracted for this site/category. Cancer committee review required.,generic_fallback_v1_6_review_required,,,generated_rule_category_fallback_v1_6
HPV-Mediated (p16+) Oropharyngeal Cancer,AJCC7,any,M,M1,Distant metastasis category imported from staging table; site-specific definition requires manual review.,No strict table definition was extracted for this site/category. Cancer committee review required.,generic_fallback_v1_6_review_required,,,generated_rule_category_fallback_v1_6
HPV-Mediated (p16+) Oropharyngeal Cancer,AJCC7,yp,M,M1,Distant metastasis category imported from staging table; site-specific definition requires manual review.,No strict table definition was extracted for this site/category. Cancer committee review required.,generic_fallback_v1_6_review_required,,,generated_rule_category_fallback_v1_6
HPV-Mediated (p16+) Oropharyngeal Cancer,AJCC8,any,T,T0,No primary identified,,strict_table_extracted_v1_6,39,Definition of Primary Tumor (T),strict_table_extraction_v1_6
HPV-Mediated (p16+) Oropharyngeal Cancer,AJCC8,any,T,T1,Tumor 2 cm or smaller in greatest dimension,,strict_table_extracted_v1_6,39,Definition of Primary Tumor (T),strict_table_extraction_v1_6
HPV-Mediated (p16+) Oropharyngeal Cancer,AJCC8,any,T,T2,Tumor larger than 2 cm but not larger than 4 cm in greatest dimension,,strict_table_extracted_v1_6,39,Definition of Primary Tumor (T),strict_table_extraction_v1_6
HPV-Mediated (p16+) Oropharyngeal Cancer,AJCC8,any,T,T3,Tumor larger than 4 cm in greatest dimension or extension to lingual surface of epiglottis,,strict_table_extracted_v1_6,39,Definition of Primary Tumor (T),strict_table_extraction_v1_6
HPV-Mediated (p16+) Oropharyngeal Cancer,AJCC8,any,T,T4,"Moderately advanced local disease Tumor invades the larynx, extrinsic muscle of tongue, medial pterygoid, hard palate, or mandible or beyond* *Mucosal extension to lingual surface of epiglottis from primary tumors of the base of the tongue and vallecula does not constitute inva- sion of the larynx.",,strict_table_extracted_v1_6,39,Definition of Primary Tumor (T),strict_table_extraction_v1_6
HPV-Mediated (p16+) Oropharyngeal Cancer,AJCC8,any,N,N0,No regional lymph node metastasis; site-specific wording requires manual review.,No strict table definition was extracted for this site/category. Cancer committee review required.,generic_fallback_v1_6_review_required,,,generated_rule_category_fallback_v1_6
HPV-Mediated (p16+) Oropharyngeal Cancer,AJCC8,clinical,N,N0,No regional lymph node metastasis,,strict_table_extracted_v1_6,39,Definition of Regional Lymph Node (N),strict_table_extraction_v1_6
HPV-Mediated (p16+) Oropharyngeal Cancer,AJCC8,pathological,N,N0,No regional lymph node metastasis,,strict_table_extracted_v1_6,39,Definition of Regional Lymph Node (N),strict_table_extraction_v1_6
HPV-Mediated (p16+) Oropharyngeal Cancer,AJCC8,any,N,N1,Regional lymph node category imported from staging table; site-specific definition requires manual review.,No strict table definition was extracted for this site/category. Cancer committee review required.,generic_fallback_v1_6_review_required,,,generated_rule_category_fallback_v1_6
HPV-Mediated (p16+) Oropharyngeal Cancer,AJCC8,clinical,N,N1,"One or more ipsilateral lymph nodes, none larger than 6 cm",,strict_table_extracted_v1_6,39,Definition of Regional Lymph Node (N),strict_table_extraction_v1_6
HPV-Mediated (p16+) Oropharyngeal Cancer,AJCC8,pathological,N,N1,Metastasis in 4 or fewer lymph nodes,,strict_table_extracted_v1_6,39,Definition of Regional Lymph Node (N),strict_table_extraction_v1_6
HPV-Mediated (p16+) Oropharyngeal Cancer,AJCC8,any,N,N2,Regional lymph node category imported from staging table; site-specific definition requires manual review.,No strict table definition was extracted for this site/category. Cancer committee review required.,generic_fallback_v1_6_review_required,,,generated_rule_category_fallback_v1_6
HPV-Mediated (p16+) Oropharyngeal Cancer,AJCC8,clinical,N,N2,"Contralateral or bilateral lymph nodes, none larger than 6 cm",,strict_table_extracted_v1_6,39,Definition of Regional Lymph Node (N),strict_table_extraction_v1_6
HPV-Mediated (p16+) Oropharyngeal Cancer,AJCC8,pathological,N,N2,Metastasis in more than 4 lymph nodes,,strict_table_extracted_v1_6,39,Definition of Regional Lymph Node (N),strict_table_extraction_v1_6
HPV-Mediated (p16+) Oropharyngeal Cancer,AJCC8,any,N,N2or,Regional lymph node category imported from staging table; site-specific definition requires manual review.,No strict table definition was extracted for this site/category. Cancer committee review required.,generic_fallback_v1_6_review_required,,,generated_rule_category_fallback_v1_6
HPV-Mediated (p16+) Oropharyngeal Cancer,AJCC8,any,N,N3,Regional lymph node category imported from staging table; site-specific definition requires manual review.,No strict table definition was extracted for this site/category. Cancer committee review required.,generic_fallback_v1_6_review_required,,,generated_rule_category_fallback_v1_6
HPV-Mediated (p16+) Oropharyngeal Cancer,AJCC8,pathological,N,N3,Lymph node(s) larger than 6 cm Pathological N (pN),,strict_table_extracted_v1_6,39,Definition of Regional Lymph Node (N),strict_table_extraction_v1_6
HPV-Mediated (p16+) Oropharyngeal Cancer,AJCC8,clinical,N,NX,Regional lymph nodes cannot be assessed,,strict_table_extracted_v1_6,39,Definition of Regional Lymph Node (N),strict_table_extraction_v1_6
HPV-Mediated (p16+) Oropharyngeal Cancer,AJCC8,pathological,N,NX,Regional lymph nodes cannot be assessed,,strict_table_extracted_v1_6,39,Definition of Regional Lymph Node (N),strict_table_extraction_v1_6
HPV-Mediated (p16+) Oropharyngeal Cancer,AJCC8,any,M,M0,No distant metastasis,,strict_table_extracted_v1_6,39,Definition of Distant Metastasis (M),strict_table_extraction_v1_6
HPV-Mediated (p16+) Oropharyngeal Cancer,AJCC8,any,M,M1,Distant metastasis,,strict_table_extracted_v1_6,39,Definition of Distant Metastasis (M),strict_table_extraction_v1_6
Hypopharynx,AJCC7,any,T,T1,Primary tumor category imported from staging table; site-specific definition requires manual review.,No strict table definition was extracted for this site/category. Cancer committee review required.,generic_fallback_v1_6_review_required,,,generated_rule_category_fallback_v1_6
Hypopharynx,AJCC7,yp,T,T1,Primary tumor category imported from staging table; site-specific definition requires manual review.,No strict table definition was extracted for this site/category. Cancer committee review required.,generic_fallback_v1_6_review_required,,,generated_rule_category_fallback_v1_6
Hypopharynx,AJCC7,any,T,T2,Primary tumor category imported from staging table; site-specific definition requires manual review.,No strict table definition was extracted for this site/category. Cancer committee review required.,generic_fallback_v1_6_review_required,,,generated_rule_category_fallback_v1_6
Hypopharynx,AJCC7,yp,T,T2,Primary tumor category imported from staging table; site-specific definition requires manual review.,No strict table definition was extracted for this site/category. Cancer committee review required.,generic_fallback_v1_6_review_required,,,generated_rule_category_fallback_v1_6
Hypopharynx,AJCC7,any,T,T3,Primary tumor category imported from staging table; site-specific definition requires manual review.,No strict table definition was extracted for this site/category. Cancer committee review required.,generic_fallback_v1_6_review_required,,,generated_rule_category_fallback_v1_6
Hypopharynx,AJCC7,yp,T,T3,Primary tumor category imported from staging table; site-specific definition requires manual review.,No strict table definition was extracted for this site/category. Cancer committee review required.,generic_fallback_v1_6_review_required,,,generated_rule_category_fallback_v1_6
Hypopharynx,AJCC7,any,T,T4,Primary tumor category imported from staging table; site-specific definition requires manual review.,No strict table definition was extracted for this site/category. Cancer committee review required.,generic_fallback_v1_6_review_required,,,generated_rule_category_fallback_v1_6
Hypopharynx,AJCC7,yp,T,T4,Primary tumor category imported from staging table; site-specific definition requires manual review.,No strict table definition was extracted for this site/category. Cancer committee review required.,generic_fallback_v1_6_review_required,,,generated_rule_category_fallback_v1_6
Hypopharynx,AJCC7,yp,T,T4a,Primary tumor category imported from staging table; site-specific definition requires manual review.,No strict table definition was extracted for this site/category. Cancer committee review required.,generic_fallback_v1_6_review_required,,,generated_rule_category_fallback_v1_6
Hypopharynx,AJCC7,yp,T,T4b,Primary tumor category imported from staging table; site-specific definition requires manual review.,No strict table definition was extracted for this site/category. Cancer committee review required.,generic_fallback_v1_6_review_required,,,generated_rule_category_fallback_v1_6
Hypopharynx,AJCC7,any,T,Tis,Carcinoma in situ or site-specific in-situ category; site-specific wording requires manual review.,No strict table definition was extracted for this site/category. Cancer committee review required.,generic_fallback_v1_6_review_required,,,generated_rule_category_fallback_v1_6
Hypopharynx,AJCC7,yp,T,Tis,Carcinoma in situ or site-specific in-situ category; site-specific wording requires manual review.,No strict table definition was extracted for this site/category. Cancer committee review required.,generic_fallback_v1_6_review_required,,,generated_rule_category_fallback_v1_6
Hypopharynx,AJCC7,any,N,N0,No regional lymph node metastasis; site-specific wording requires manual review.,No strict table definition was extracted for this site/category. Cancer committee review required.,generic_fallback_v1_6_review_required,,,generated_rule_category_fallback_v1_6
Hypopharynx,AJCC7,yp,N,N0,No regional lymph node metastasis; site-specific wording requires manual review.,No strict table definition was extracted for this site/category. Cancer committee review required.,generic_fallback_v1_6_review_required,,,generated_rule_category_fallback_v1_6
Hypopharynx,AJCC7,any,N,N1,Regional lymph node category imported from staging table; site-specific definition requires manual review.,No strict table definition was extracted for this site/category. Cancer committee review required.,generic_fallback_v1_6_review_required,,,generated_rule_category_fallback_v1_6
Hypopharynx,AJCC7,yp,N,N1,Regional lymph node category imported from staging table; site-specific definition requires manual review.,No strict table definition was extracted for this site/category. Cancer committee review required.,generic_fallback_v1_6_review_required,,,generated_rule_category_fallback_v1_6
Hypopharynx,AJCC7,any,N,N2,Regional lymph node category imported from staging table; site-specific definition requires manual review.,No strict table definition was extracted for this site/category. Cancer committee review required.,generic_fallback_v1_6_review_required,,,generated_rule_category_fallback_v1_6
Hypopharynx,AJCC7,yp,N,N2,Regional lymph node category imported from staging table; site-specific definition requires manual review.,No strict table definition was extracted for this site/category. Cancer committee review required.,generic_fallback_v1_6_review_required,,,generated_rule_category_fallback_v1_6
Hypopharynx,AJCC7,any,N,N3,Regional lymph node category imported from staging table; site-specific definition requires manual review.,No strict table definition was extracted for this site/category. Cancer committee review required.,generic_fallback_v1_6_review_required,,,generated_rule_category_fallback_v1_6
Hypopharynx,AJCC7,yp,N,N3,Regional lymph node category imported from staging table; site-specific definition requires manual review.,No strict table definition was extracted for this site/category. Cancer committee review required.,generic_fallback_v1_6_review_required,,,generated_rule_category_fallback_v1_6
Hypopharynx,AJCC7,any,M,M0,No distant metastasis; site-specific wording requires manual review.,No strict table definition was extracted for this site/category. Cancer committee review required.,generic_fallback_v1_6_review_required,,,generated_rule_category_fallback_v1_6
Hypopharynx,AJCC7,yp,M,M0,No distant metastasis; site-specific wording requires manual review.,No strict table definition was extracted for this site/category. Cancer committee review required.,generic_fallback_v1_6_review_required,,,generated_rule_category_fallback_v1_6
Hypopharynx,AJCC7,any,M,M1,Distant metastasis category imported from staging table; site-specific definition requires manual review.,No strict table definition was extracted for this site/category. Cancer committee review required.,generic_fallback_v1_6_review_required,,,generated_rule_category_fallback_v1_6
Hypopharynx,AJCC7,yp,M,M1,Distant metastasis category imported from staging table; site-specific definition requires manual review.,No strict table definition was extracted for this site/category. Cancer committee review required.,generic_fallback_v1_6_review_required,,,generated_rule_category_fallback_v1_6
Hypopharynx,AJCC8,any,T,T1,Primary tumor category imported from staging table; site-specific definition requires manual review.,No strict table definition was extracted for this site/category. Cancer committee review required. | SURROGATE_AJCC8_DEFINITION_FROM_AJCC7_REVIEW_REQUIRED_v1.7: AJCC8 explicit definition not extractable from uploaded PDF; AJCC7 wording displayed pending cancer committee validation.,fallback_from_AJCC7_for_AJCC8_review_required_v1_7,,,surrogate_definition_from_AJCC7_v1_7
Hypopharynx,AJCC8,yp,T,T1,Primary tumor category imported from staging table; site-specific definition requires manual review.,No strict table definition was extracted for this site/category. Cancer committee review required. | SURROGATE_AJCC8_DEFINITION_FROM_AJCC7_REVIEW_REQUIRED_v1.7: AJCC8 explicit definition not extractable from uploaded PDF; AJCC7 wording displayed pending cancer committee validation.,fallback_from_AJCC7_for_AJCC8_review_required_v1_7,,,surrogate_definition_from_AJCC7_v1_7
Hypopharynx,AJCC8,any,T,T2,Primary tumor category imported from staging table; site-specific definition requires manual review.,No strict table definition was extracted for this site/category. Cancer committee review required. | SURROGATE_AJCC8_DEFINITION_FROM_AJCC7_REVIEW_REQUIRED_v1.7: AJCC8 explicit definition not extractable from uploaded PDF; AJCC7 wording displayed pending cancer committee validation.,fallback_from_AJCC7_for_AJCC8_review_required_v1_7,,,surrogate_definition_from_AJCC7_v1_7
Hypopharynx,AJCC8,yp,T,T2,Primary tumor category imported from staging table; site-specific definition requires manual review.,No strict table definition was extracted for this site/category. Cancer committee review required. | SURROGATE_AJCC8_DEFINITION_FROM_AJCC7_REVIEW_REQUIRED_v1.7: AJCC8 explicit definition not extractable from uploaded PDF; AJCC7 wording displayed pending cancer committee validation.,fallback_from_AJCC7_for_AJCC8_review_required_v1_7,,,surrogate_definition_from_AJCC7_v1_7
Hypopharynx,AJCC8,any,T,T3,Primary tumor category imported from staging table; site-specific definition requires manual review.,No strict table definition was extracted for this site/category. Cancer committee review required. | SURROGATE_AJCC8_DEFINITION_FROM_AJCC7_REVIEW_REQUIRED_v1.7: AJCC8 explicit definition not extractable from uploaded PDF; AJCC7 wording displayed pending cancer committee validation.,fallback_from_AJCC7_for_AJCC8_review_required_v1_7,,,surrogate_definition_from_AJCC7_v1_7
Hypopharynx,AJCC8,yp,T,T3,Primary tumor category imported from staging table; site-specific definition requires manual review.,No strict table definition was extracted for this site/category. Cancer committee review required. | SURROGATE_AJCC8_DEFINITION_FROM_AJCC7_REVIEW_REQUIRED_v1.7: AJCC8 explicit definition not extractable from uploaded PDF; AJCC7 wording displayed pending cancer committee validation.,fallback_from_AJCC7_for_AJCC8_review_required_v1_7,,,surrogate_definition_from_AJCC7_v1_7
Hypopharynx,AJCC8,any,T,T4,Primary tumor category imported from staging table; site-specific definition requires manual review.,No strict table definition was extracted for this site/category. Cancer committee review required. | SURROGATE_AJCC8_DEFINITION_FROM_AJCC7_REVIEW_REQUIRED_v1.7: AJCC8 explicit definition not extractable from uploaded PDF; AJCC7 wording displayed pending cancer committee validation.,fallback_from_AJCC7_for_AJCC8_review_required_v1_7,,,surrogate_definition_from_AJCC7_v1_7
Hypopharynx,AJCC8,yp,T,T4,Primary tumor category imported from staging table; site-specific definition requires manual review.,No strict table definition was extracted for this site/category. Cancer committee review required. | SURROGATE_AJCC8_DEFINITION_FROM_AJCC7_REVIEW_REQUIRED_v1.7: AJCC8 explicit definition not extractable from uploaded PDF; AJCC7 wording displayed pending cancer committee validation.,fallback_from_AJCC7_for_AJCC8_review_required_v1_7,,,surrogate_definition_from_AJCC7_v1_7
Hypopharynx,AJCC8,yp,T,T4a,Primary tumor category imported from staging table; site-specific definition requires manual review.,No strict table definition was extracted for this site/category. Cancer committee review required. | SURROGATE_AJCC8_DEFINITION_FROM_AJCC7_REVIEW_REQUIRED_v1.7: AJCC8 explicit definition not extractable from uploaded PDF; AJCC7 wording displayed pending cancer committee validation.,fallback_from_AJCC7_for_AJCC8_review_required_v1_7,,,surrogate_definition_from_AJCC7_v1_7
Hypopharynx,AJCC8,yp,T,T4b,Primary tumor category imported from staging table; site-specific definition requires manual review.,No strict table definition was extracted for this site/category. Cancer committee review required. | SURROGATE_AJCC8_DEFINITION_FROM_AJCC7_REVIEW_REQUIRED_v1.7: AJCC8 explicit definition not extractable from uploaded PDF; AJCC7 wording displayed pending cancer committee validation.,fallback_from_AJCC7_for_AJCC8_review_required_v1_7,,,surrogate_definition_from_AJCC7_v1_7
Hypopharynx,AJCC8,any,T,Tis,Carcinoma in situ or site-specific in-situ category; site-specific wording requires manual review.,No strict table definition was extracted for this site/category. Cancer committee review required. | SURROGATE_AJCC8_DEFINITION_FROM_AJCC7_REVIEW_REQUIRED_v1.7: AJCC8 explicit definition not extractable from uploaded PDF; AJCC7 wording displayed pending cancer committee validation.,fallback_from_AJCC7_for_AJCC8_review_required_v1_7,,,surrogate_definition_from_AJCC7_v1_7
Hypopharynx,AJCC8,yp,T,Tis,Carcinoma in situ or site-specific in-situ category; site-specific wording requires manual review.,No strict table definition was extracted for this site/category. Cancer committee review required. | SURROGATE_AJCC8_DEFINITION_FROM_AJCC7_REVIEW_REQUIRED_v1.7: AJCC8 explicit definition not extractable from uploaded PDF; AJCC7 wording displayed pending cancer committee validation.,fallback_from_AJCC7_for_AJCC8_review_required_v1_7,,,surrogate_definition_from_AJCC7_v1_7
Hypopharynx,AJCC8,any,N,N0,No regional lymph node metastasis; site-specific wording requires manual review.,No strict table definition was extracted for this site/category. Cancer committee review required. | SURROGATE_AJCC8_DEFINITION_FROM_AJCC7_REVIEW_REQUIRED_v1.7: AJCC8 explicit definition not extractable from uploaded PDF; AJCC7 wording displayed pending cancer committee validation.,fallback_from_AJCC7_for_AJCC8_review_required_v1_7,,,surrogate_definition_from_AJCC7_v1_7
Hypopharynx,AJCC8,yp,N,N0,No regional lymph node metastasis; site-specific wording requires manual review.,No strict table definition was extracted for this site/category. Cancer committee review required. | SURROGATE_AJCC8_DEFINITION_FROM_AJCC7_REVIEW_REQUIRED_v1.7: AJCC8 explicit definition not extractable from uploaded PDF; AJCC7 wording displayed pending cancer committee validation.,fallback_from_AJCC7_for_AJCC8_review_required_v1_7,,,surrogate_definition_from_AJCC7_v1_7
Hypopharynx,AJCC8,any,N,N1,Regional lymph node category imported from staging table; site-specific definition requires manual review.,No strict table definition was extracted for this site/category. Cancer committee review required. | SURROGATE_AJCC8_DEFINITION_FROM_AJCC7_REVIEW_REQUIRED_v1.7: AJCC8 explicit definition not extractable from uploaded PDF; AJCC7 wording displayed pending cancer committee validation.,fallback_from_AJCC7_for_AJCC8_review_required_v1_7,,,surrogate_definition_from_AJCC7_v1_7
Hypopharynx,AJCC8,yp,N,N1,Regional lymph node category imported from staging table; site-specific definition requires manual review.,No strict table definition was extracted for this site/category. Cancer committee review required. | SURROGATE_AJCC8_DEFINITION_FROM_AJCC7_REVIEW_REQUIRED_v1.7: AJCC8 explicit definition not extractable from uploaded PDF; AJCC7 wording displayed pending cancer committee validation.,fallback_from_AJCC7_for_AJCC8_review_required_v1_7,,,surrogate_definition_from_AJCC7_v1_7
Hypopharynx,AJCC8,any,N,N2,Regional lymph node category imported from staging table; site-specific definition requires manual review.,No strict table definition was extracted for this site/category. Cancer committee review required. | SURROGATE_AJCC8_DEFINITION_FROM_AJCC7_REVIEW_REQUIRED_v1.7: AJCC8 explicit definition not extractable from uploaded PDF; AJCC7 wording displayed pending cancer committee validation.,fallback_from_AJCC7_for_AJCC8_review_required_v1_7,,,surrogate_definition_from_AJCC7_v1_7
Hypopharynx,AJCC8,yp,N,N2,Regional lymph node category imported from staging table; site-specific definition requires manual review.,No strict table definition was extracted for this site/category. Cancer committee review required. | SURROGATE_AJCC8_DEFINITION_FROM_AJCC7_REVIEW_REQUIRED_v1.7: AJCC8 explicit definition not extractable from uploaded PDF; AJCC7 wording displayed pending cancer committee validation.,fallback_from_AJCC7_for_AJCC8_review_required_v1_7,,,surrogate_definition_from_AJCC7_v1_7
Hypopharynx,AJCC8,any,N,N3,Regional lymph node category imported from staging table; site-specific definition requires manual review.,No strict table definition was extracted for this site/category. Cancer committee review required. | SURROGATE_AJCC8_DEFINITION_FROM_AJCC7_REVIEW_REQUIRED_v1.7: AJCC8 explicit definition not extractable from uploaded PDF; AJCC7 wording displayed pending cancer committee validation.,fallback_from_AJCC7_for_AJCC8_review_required_v1_7,,,surrogate_definition_from_AJCC7_v1_7
Hypopharynx,AJCC8,yp,N,N3,Regional lymph node category imported from staging table; site-specific definition requires manual review.,No strict table definition was extracted for this site/category. Cancer committee review required. | SURROGATE_AJCC8_DEFINITION_FROM_AJCC7_REVIEW_REQUIRED_v1.7: AJCC8 explicit definition not extractable from uploaded PDF; AJCC7 wording displayed pending cancer committee validation.,fallback_from_AJCC7_for_AJCC8_review_required_v1_7,,,surrogate_definition_from_AJCC7_v1_7
Hypopharynx,AJCC8,any,M,M0,No distant metastasis; site-specific wording requires manual review.,No strict table definition was extracted for this site/category. Cancer committee review required. | SURROGATE_AJCC8_DEFINITION_FROM_AJCC7_REVIEW_REQUIRED_v1.7: AJCC8 explicit definition not extractable from uploaded PDF; AJCC7 wording displayed pending cancer committee validation.,fallback_from_AJCC7_for_AJCC8_review_required_v1_7,,,surrogate_definition_from_AJCC7_v1_7
Hypopharynx,AJCC8,yp,M,M0,No distant metastasis; site-specific wording requires manual review.,No strict table definition was extracted for this site/category. Cancer committee review required. | SURROGATE_AJCC8_DEFINITION_FROM_AJCC7_REVIEW_REQUIRED_v1.7: AJCC8 explicit definition not extractable from uploaded PDF; AJCC7 wording displayed pending cancer committee validation.,fallback_from_AJCC7_for_AJCC8_review_required_v1_7,,,surrogate_definition_from_AJCC7_v1_7
Hypopharynx,AJCC8,any,M,M1,Distant metastasis category imported from staging table; site-specific definition requires manual review.,No strict table definition was extracted for this site/category. Cancer committee review required. | SURROGATE_AJCC8_DEFINITION_FROM_AJCC7_REVIEW_REQUIRED_v1.7: AJCC8 explicit definition not extractable from uploaded PDF; AJCC7 wording displayed pending cancer committee validation.,fallback_from_AJCC7_for_AJCC8_review_required_v1_7,,,surrogate_definition_from_AJCC7_v1_7
Hypopharynx,AJCC8,yp,M,M1,Distant metastasis category imported from staging table; site-specific definition requires manual review.,No strict table definition was extracted for this site/category. Cancer committee review required. | SURROGATE_AJCC8_DEFINITION_FROM_AJCC7_REVIEW_REQUIRED_v1.7: AJCC8 explicit definition not extractable from uploaded PDF; AJCC7 wording displayed pending cancer committee validation.,fallback_from_AJCC7_for_AJCC8_review_required_v1_7,,,surrogate_definition_from_AJCC7_v1_7
Intrahepatic bile duct,AJCC7,any,T,T0,No evidence of primary tumor（無原發腫瘤證據）,,checked_v0_7,,protected_curated_gi_definition_from_v0_8_2,protected_known_good_v0_8_2
Intrahepatic bile duct,AJCC7,any,T,T1,Solitary tumor without vascular invasion（單一腫瘤，無血管侵犯）,,checked_v0_7,,protected_curated_gi_definition_from_v0_8_2,protected_known_good_v0_8_2
Intrahepatic bile duct,AJCC7,any,T,T2,Solitary tumor with vascular invasion or multiple tumors with/without vascular invasion（單一腫瘤合併血管侵犯，或多發腫瘤）,,checked_v0_7,,protected_curated_gi_definition_from_v0_8_2,protected_known_good_v0_8_2
Intrahepatic bile duct,AJCC7,any,T,T3,Tumor perforates visceral peritoneum or directly invades local extrahepatic structures（穿破臟層腹膜或直接侵犯局部肝外構造）,,checked_v0_7,,protected_curated_gi_definition_from_v0_8_2,protected_known_good_v0_8_2
Intrahepatic bile duct,AJCC7,any,T,T4,Tumor with periductal invasion（沿膽管周圍侵犯；AJCC7）,,checked_v0_7,,protected_curated_gi_definition_from_v0_8_2,protected_known_good_v0_8_2
Intrahepatic bile duct,AJCC7,any,T,TX,Primary tumor cannot be assessed（原發腫瘤無法評估）,,checked_v0_7,,protected_curated_gi_definition_from_v0_8_2,protected_known_good_v0_8_2
Intrahepatic bile duct,AJCC7,any,T,Tis,Carcinoma in situ（原位癌）,,checked_v0_7,,protected_curated_gi_definition_from_v0_8_2,protected_known_good_v0_8_2
Intrahepatic bile duct,AJCC7,any,N,N0,No regional lymph node metastasis（無區域淋巴結轉移）,,checked_v0_7,,protected_curated_gi_definition_from_v0_8_2,protected_known_good_v0_8_2
Intrahepatic bile duct,AJCC7,any,N,N1,Regional lymph node metastasis（區域淋巴結轉移）,,checked_v0_7,,protected_curated_gi_definition_from_v0_8_2,protected_known_good_v0_8_2
Intrahepatic bile duct,AJCC7,any,N,NX,Regional lymph nodes cannot be assessed（區域淋巴結無法評估）,,checked_v0_7,,protected_curated_gi_definition_from_v0_8_2,protected_known_good_v0_8_2
Intrahepatic bile duct,AJCC7,any,M,M0,No distant metastasis（無遠端轉移）,,checked_v0_7,,protected_curated_gi_definition_from_v0_8_2,protected_known_good_v0_8_2
Intrahepatic bile duct,AJCC7,any,M,M1,Distant metastasis（有遠端轉移）,,checked_v0_7,,protected_curated_gi_definition_from_v0_8_2,protected_known_good_v0_8_2
Intrahepatic bile duct,AJCC8,any,T,T0,No evidence of primary tumor（無原發腫瘤證據）,,checked_v0_7,,protected_curated_gi_definition_from_v0_8_2,protected_known_good_v0_8_2
Intrahepatic bile duct,AJCC8,any,T,T1,Solitary tumor without vascular invasion（單一腫瘤，無血管侵犯；依 T1a/T1b 細分）,,checked_v0_7,,protected_curated_gi_definition_from_v0_8_2,protected_known_good_v0_8_2
Intrahepatic bile duct,AJCC8,any,T,T1a,Solitary tumor ≤5 cm without vascular invasion（單一腫瘤 ≤5 cm，無血管侵犯）,,checked_v0_7,,protected_curated_gi_definition_from_v0_8_2,protected_known_good_v0_8_2
Intrahepatic bile duct,AJCC8,any,T,T1b,Solitary tumor >5 cm without vascular invasion（單一腫瘤 >5 cm，無血管侵犯）,,checked_v0_7,,protected_curated_gi_definition_from_v0_8_2,protected_known_good_v0_8_2
Intrahepatic bile duct,AJCC8,any,T,T2,"Solitary tumor with intrahepatic vascular invasion or multiple tumors, with/without vascular invasion（單一腫瘤合併肝內血管侵犯，或多發腫瘤）",,checked_v0_7,,protected_curated_gi_definition_from_v0_8_2,protected_known_good_v0_8_2
Intrahepatic bile duct,AJCC8,any,T,T3,Tumor perforates visceral peritoneum（穿破臟層腹膜）,,checked_v0_7,,protected_curated_gi_definition_from_v0_8_2,protected_known_good_v0_8_2
Intrahepatic bile duct,AJCC8,any,T,T4,Tumor directly invades local extrahepatic structures（直接侵犯局部肝外構造）,,checked_v0_7,,protected_curated_gi_definition_from_v0_8_2,protected_known_good_v0_8_2
Intrahepatic bile duct,AJCC8,any,T,TX,Primary tumor cannot be assessed（原發腫瘤無法評估）,,checked_v0_7,,protected_curated_gi_definition_from_v0_8_2,protected_known_good_v0_8_2
Intrahepatic bile duct,AJCC8,any,T,Tis,Carcinoma in situ（原位癌）,,checked_v0_7,,protected_curated_gi_definition_from_v0_8_2,protected_known_good_v0_8_2
Intrahepatic bile duct,AJCC8,any,N,N0,No regional lymph node metastasis（無區域淋巴結轉移）,,checked_v0_7,,protected_curated_gi_definition_from_v0_8_2,protected_known_good_v0_8_2
Intrahepatic bile duct,AJCC8,any,N,N1,Regional lymph node metastasis（區域淋巴結轉移）,,checked_v0_7,,protected_curated_gi_definition_from_v0_8_2,protected_known_good_v0_8_2
Intrahepatic bile duct,AJCC8,any,N,NX,Regional lymph nodes cannot be assessed（區域淋巴結無法評估）,,checked_v0_7,,protected_curated_gi_definition_from_v0_8_2,protected_known_good_v0_8_2
Intrahepatic bile duct,AJCC8,any,M,M0,No distant metastasis（無遠端轉移）,,checked_v0_7,,protected_curated_gi_definition_from_v0_8_2,protected_known_good_v0_8_2
Intrahepatic bile duct,AJCC8,any,M,M1,Distant metastasis（有遠端轉移）,,checked_v0_7,,protected_curated_gi_definition_from_v0_8_2,protected_known_good_v0_8_2
Kidney,AJCC7,any,T,T1,Primary tumor category imported from staging table; site-specific definition requires manual review.,No strict table definition was extracted for this site/category. Cancer committee review required.,generic_fallback_v1_6_review_required,,,generated_rule_category_fallback_v1_6
Kidney,AJCC7,yp,T,T1,Primary tumor category imported from staging table; site-specific definition requires manual review.,No strict table definition was extracted for this site/category. Cancer committee review required.,generic_fallback_v1_6_review_required,,,generated_rule_category_fallback_v1_6
Kidney,AJCC7,any,T,T2,Primary tumor category imported from staging table; site-specific definition requires manual review.,No strict table definition was extracted for this site/category. Cancer committee review required.,generic_fallback_v1_6_review_required,,,generated_rule_category_fallback_v1_6
Kidney,AJCC7,yp,T,T2,Primary tumor category imported from staging table; site-specific definition requires manual review.,No strict table definition was extracted for this site/category. Cancer committee review required.,generic_fallback_v1_6_review_required,,,generated_rule_category_fallback_v1_6
Kidney,AJCC7,any,T,T3,Primary tumor category imported from staging table; site-specific definition requires manual review.,No strict table definition was extracted for this site/category. Cancer committee review required.,generic_fallback_v1_6_review_required,,,generated_rule_category_fallback_v1_6
Kidney,AJCC7,yp,T,T3,Primary tumor category imported from staging table; site-specific definition requires manual review.,No strict table definition was extracted for this site/category. Cancer committee review required.,generic_fallback_v1_6_review_required,,,generated_rule_category_fallback_v1_6
Kidney,AJCC7,any,T,T4,Primary tumor category imported from staging table; site-specific definition requires manual review.,No strict table definition was extracted for this site/category. Cancer committee review required.,generic_fallback_v1_6_review_required,,,generated_rule_category_fallback_v1_6
Kidney,AJCC7,any,N,N0,No regional lymph node metastasis; site-specific wording requires manual review.,No strict table definition was extracted for this site/category. Cancer committee review required.,generic_fallback_v1_6_review_required,,,generated_rule_category_fallback_v1_6
Kidney,AJCC7,yp,N,N0,No regional lymph node metastasis; site-specific wording requires manual review.,No strict table definition was extracted for this site/category. Cancer committee review required.,generic_fallback_v1_6_review_required,,,generated_rule_category_fallback_v1_6
Kidney,AJCC7,any,N,N1,Regional lymph node category imported from staging table; site-specific definition requires manual review.,No strict table definition was extracted for this site/category. Cancer committee review required.,generic_fallback_v1_6_review_required,,,generated_rule_category_fallback_v1_6
Kidney,AJCC7,yp,N,N1,Regional lymph node category imported from staging table; site-specific definition requires manual review.,No strict table definition was extracted for this site/category. Cancer committee review required.,generic_fallback_v1_6_review_required,,,generated_rule_category_fallback_v1_6
Kidney,AJCC7,any,M,M0,No distant metastasis; site-specific wording requires manual review.,No strict table definition was extracted for this site/category. Cancer committee review required.,generic_fallback_v1_6_review_required,,,generated_rule_category_fallback_v1_6
Kidney,AJCC7,yp,M,M0,No distant metastasis; site-specific wording requires manual review.,No strict table definition was extracted for this site/category. Cancer committee review required.,generic_fallback_v1_6_review_required,,,generated_rule_category_fallback_v1_6
Kidney,AJCC7,any,M,M1,Distant metastasis category imported from staging table; site-specific definition requires manual review.,No strict table definition was extracted for this site/category. Cancer committee review required.,generic_fallback_v1_6_review_required,,,generated_rule_category_fallback_v1_6
Kidney,AJCC7,yp,M,M1,Distant metastasis category imported from staging table; site-specific definition requires manual review.,No strict table definition was extracted for this site/category. Cancer committee review required.,generic_fallback_v1_6_review_required,,,generated_rule_category_fallback_v1_6
Kidney,AJCC8,yp,T,T1,Primary tumor category imported from staging table; site-specific definition requires manual review.,No strict table definition was extracted for this site/category. Cancer committee review required.,generic_fallback_v1_6_review_required,,,generated_rule_category_fallback_v1_6
Kidney,AJCC8,yp,T,T2,Primary tumor category imported from staging table; site-specific definition requires manual review.,No strict table definition was extracted for this site/category. Cancer committee review required.,generic_fallback_v1_6_review_required,,,generated_rule_category_fallback_v1_6
Kidney,AJCC8,yp,T,T3,Primary tumor category imported from staging table; site-specific definition requires manual review.,No strict table definition was extracted for this site/category. Cancer committee review required.,generic_fallback_v1_6_review_required,,,generated_rule_category_fallback_v1_6
Kidney,AJCC8,yp,T,T4,Primary tumor category imported from staging table; site-specific definition requires manual review.,No strict table definition was extracted for this site/category. Cancer committee review required.,generic_fallback_v1_6_review_required,,,generated_rule_category_fallback_v1_6
Kidney,AJCC8,any,N,N0,No regional lymph node metastasis,,strict_table_extracted_v1_6,196,Definition of Regional Lymph Node (N),strict_table_extraction_v1_6
Kidney,AJCC8,any,N,N1,Metastasis in regional lymph node(s),,strict_table_extracted_v1_6,196,Definition of Regional Lymph Node (N),strict_table_extraction_v1_6
Kidney,AJCC8,any,N,NX,Regional lymph nodes cannot be assessed,,strict_table_extracted_v1_6,196,Definition of Regional Lymph Node (N),strict_table_extraction_v1_6
Kidney,AJCC8,any,M,M0,No distant metastasis,,strict_table_extracted_v1_6,196,Definition of Distant Metastasis (M),strict_table_extraction_v1_6
Kidney,AJCC8,any,M,M1,Distant metastasis,,strict_table_extracted_v1_6,196,Definition of Distant Metastasis (M),strict_table_extraction_v1_6
Larynx,AJCC8,pathological,N,N0,No regional lymph node metastasis,,strict_table_extracted_v1_6,49,Definition of Regional Lymph Node (N),strict_table_extraction_v1_6
Larynx,AJCC8,clinical,N,N1,"Metastasis in a single ipsilateral lymph node, 3 cm or smaller in greatest dimension and ENE(−)",,strict_table_extracted_v1_6,49,Definition of Regional Lymph Node (N),strict_table_extraction_v1_6
Larynx,AJCC8,clinical,N,N2,"Metastasis in a single ipsilateral lymph node, 3 cm or smaller in greatest dimension and ENE(+); or larger than 3 cm but not larger than 6 cm in greatest dimension and ENE(−); or metastases in multiple ipsilateral lymph nodes, none larger than 6 cm in greatest dimension and ENE(−); or in bilateral or contralateral lymph node(s), none larger than 6 cm in greatest dimension and ENE(−)",,strict_table_extracted_v1_6,49,Definition of Regional Lymph Node (N),strict_table_extraction_v1_6
Larynx,AJCC8,clinical,N,N2a,"Metastasis in a single ipsilateral node, 3 cm or smaller in greatest dimension and ENE(+); or metastasis in a single ipsilateral node, larger than 3 cm but not larger than 6 cm in greatest dimension and ENE(−)",,strict_table_extracted_v1_6,49,Definition of Regional Lymph Node (N),strict_table_extraction_v1_6
Larynx,AJCC8,clinical,N,N2b,"Metastases in multiple ipsilateral nodes, none larger than 6 cm in greatest dimension and ENE(−)",,strict_table_extracted_v1_6,49,Definition of Regional Lymph Node (N),strict_table_extraction_v1_6
Larynx,AJCC8,clinical,N,N2c,"Metastasis in bilateral or contralateral lymph node(s), none larger than 6 cm in greatest dimension and ENE(−)",,strict_table_extracted_v1_6,49,Definition of Regional Lymph Node (N),strict_table_extraction_v1_6
Larynx,AJCC8,clinical,N,N3,"Metastasis in a lymph node, larger than 6 cm in greatest dimension and ENE(−); or metastasis in a single ipsilateral node, larger than 3 cm in greatest dimension and ENE(+); or multiple ipsilateral, contralateral, or bilateral lymph nodes any with ENE(+); or a single contralateral node of any size and ENE(+)",,strict_table_extracted_v1_6,49,Definition of Regional Lymph Node (N),strict_table_extraction_v1_6
Larynx,AJCC8,clinical,N,N3a,"Metastasis in a lymph node, larger than 6 cm in greatest dimension and ENE(−)",,strict_table_extracted_v1_6,49,Definition of Regional Lymph Node (N),strict_table_extraction_v1_6
Larynx,AJCC8,any,N,N3b,"Metastasis in a single ipsilateral node, larger than 3 cm in greatest dimension and ENE(+); or multiple ipsilateral, contralateral, or bilateral lymph nodes any with ENE(+); or a single contralateral node of any size and ENE(+) indicate metastasis above the lower border of the cricoid (U) or below the lower border of the cricoid (L) Similarly, clinical and pathological ENE should be recorded as ENE(−) or ENE(+)",,strict_table_extracted_v1_6,49,Definition of Regional Lymph Node (N),strict_table_extraction_v1_6
Larynx,AJCC8,pathological,N,NX,Regional lymph nodes cannot be assessed,,strict_table_extracted_v1_6,49,Definition of Regional Lymph Node (N),strict_table_extraction_v1_6
Larynx,AJCC8,any,M,M0,No distant metastasis,,strict_table_extracted_v1_6,49,Definition of Distant Metastasis (M),strict_table_extraction_v1_6
Larynx,AJCC8,any,M,M1,Distant metastasis,,strict_table_extracted_v1_6,49,Definition of Distant Metastasis (M),strict_table_extraction_v1_6
Larynx: Glottis,AJCC7,any,T,T1,Primary tumor category imported from staging table; site-specific definition requires manual review.,No strict table definition was extracted for this site/category. Cancer committee review required.,generic_fallback_v1_6_review_required,,,generated_rule_category_fallback_v1_6
Larynx: Glottis,AJCC7,any,T,T2,Primary tumor category imported from staging table; site-specific definition requires manual review.,No strict table definition was extracted for this site/category. Cancer committee review required.,generic_fallback_v1_6_review_required,,,generated_rule_category_fallback_v1_6
Larynx: Glottis,AJCC7,any,T,T3,Primary tumor category imported from staging table; site-specific definition requires manual review.,No strict table definition was extracted for this site/category. Cancer committee review required.,generic_fallback_v1_6_review_required,,,generated_rule_category_fallback_v1_6
Larynx: Glottis,AJCC7,any,T,T4a,Primary tumor category imported from staging table; site-specific definition requires manual review.,No strict table definition was extracted for this site/category. Cancer committee review required.,generic_fallback_v1_6_review_required,,,generated_rule_category_fallback_v1_6
Larynx: Glottis,AJCC7,any,T,T4b,Primary tumor category imported from staging table; site-specific definition requires manual review.,No strict table definition was extracted for this site/category. Cancer committee review required.,generic_fallback_v1_6_review_required,,,generated_rule_category_fallback_v1_6
Larynx: Glottis,AJCC7,any,T,Tis,Carcinoma in situ or site-specific in-situ category; site-specific wording requires manual review.,No strict table definition was extracted for this site/category. Cancer committee review required.,generic_fallback_v1_6_review_required,,,generated_rule_category_fallback_v1_6
Larynx: Glottis,AJCC7,any,N,N0,No regional lymph node metastasis; site-specific wording requires manual review.,No strict table definition was extracted for this site/category. Cancer committee review required.,generic_fallback_v1_6_review_required,,,generated_rule_category_fallback_v1_6
Larynx: Glottis,AJCC7,any,N,N1,Regional lymph node category imported from staging table; site-specific definition requires manual review.,No strict table definition was extracted for this site/category. Cancer committee review required.,generic_fallback_v1_6_review_required,,,generated_rule_category_fallback_v1_6
Larynx: Glottis,AJCC7,any,N,N2,Regional lymph node category imported from staging table; site-specific definition requires manual review.,No strict table definition was extracted for this site/category. Cancer committee review required.,generic_fallback_v1_6_review_required,,,generated_rule_category_fallback_v1_6
Larynx: Glottis,AJCC7,any,N,N3,Regional lymph node category imported from staging table; site-specific definition requires manual review.,No strict table definition was extracted for this site/category. Cancer committee review required.,generic_fallback_v1_6_review_required,,,generated_rule_category_fallback_v1_6
Larynx: Glottis,AJCC7,any,M,M0,No distant metastasis; site-specific wording requires manual review.,No strict table definition was extracted for this site/category. Cancer committee review required.,generic_fallback_v1_6_review_required,,,generated_rule_category_fallback_v1_6
Larynx: Glottis,AJCC7,any,M,M1,Distant metastasis category imported from staging table; site-specific definition requires manual review.,No strict table definition was extracted for this site/category. Cancer committee review required.,generic_fallback_v1_6_review_required,,,generated_rule_category_fallback_v1_6
Larynx: Glottis,AJCC8,any,T,T1,Primary tumor category imported from staging table; site-specific definition requires manual review.,No strict table definition was extracted for this site/category. Cancer committee review required.,generic_fallback_v1_6_review_required,,,generated_rule_category_fallback_v1_6
Larynx: Glottis,AJCC8,any,T,T2,Primary tumor category imported from staging table; site-specific definition requires manual review.,No strict table definition was extracted for this site/category. Cancer committee review required.,generic_fallback_v1_6_review_required,,,generated_rule_category_fallback_v1_6
Larynx: Glottis,AJCC8,any,T,T3,Primary tumor category imported from staging table; site-specific definition requires manual review.,No strict table definition was extracted for this site/category. Cancer committee review required.,generic_fallback_v1_6_review_required,,,generated_rule_category_fallback_v1_6
Larynx: Glottis,AJCC8,any,T,T4a,Primary tumor category imported from staging table; site-specific definition requires manual review.,No strict table definition was extracted for this site/category. Cancer committee review required.,generic_fallback_v1_6_review_required,,,generated_rule_category_fallback_v1_6
Larynx: Glottis,AJCC8,any,T,Tis,Carcinoma in situ or site-specific in-situ category; site-specific wording requires manual review.,No strict table definition was extracted for this site/category. Cancer committee review required.,generic_fallback_v1_6_review_required,,,generated_rule_category_fallback_v1_6
Larynx: Glottis,AJCC8,any,N,N0,No regional lymph node metastasis; site-specific wording requires manual review.,No strict table definition was extracted for this site/category. Cancer committee review required.,generic_fallback_v1_6_review_required,,,generated_rule_category_fallback_v1_6
Larynx: Glottis,AJCC8,any,N,N2,Regional lymph node category imported from staging table; site-specific definition requires manual review.,No strict table definition was extracted for this site/category. Cancer committee review required.,generic_fallback_v1_6_review_required,,,generated_rule_category_fallback_v1_6
Larynx: Glottis,AJCC8,any,M,M0,No distant metastasis; site-specific wording requires manual review.,No strict table definition was extracted for this site/category. Cancer committee review required.,generic_fallback_v1_6_review_required,,,generated_rule_category_fallback_v1_6
Larynx: Subglottis,AJCC7,any,T,T1,Primary tumor category imported from staging table; site-specific definition requires manual review.,No strict table definition was extracted for this site/category. Cancer committee review required.,generic_fallback_v1_6_review_required,,,generated_rule_category_fallback_v1_6
Larynx: Subglottis,AJCC7,any,T,T2,Primary tumor category imported from staging table; site-specific definition requires manual review.,No strict table definition was extracted for this site/category. Cancer committee review required.,generic_fallback_v1_6_review_required,,,generated_rule_category_fallback_v1_6
Larynx: Subglottis,AJCC7,any,T,T3,Primary tumor category imported from staging table; site-specific definition requires manual review.,No strict table definition was extracted for this site/category. Cancer committee review required.,generic_fallback_v1_6_review_required,,,generated_rule_category_fallback_v1_6
Larynx: Subglottis,AJCC7,any,T,T4a,Primary tumor category imported from staging table; site-specific definition requires manual review.,No strict table definition was extracted for this site/category. Cancer committee review required.,generic_fallback_v1_6_review_required,,,generated_rule_category_fallback_v1_6
Larynx: Subglottis,AJCC7,any,T,T4b,Primary tumor category imported from staging table; site-specific definition requires manual review.,No strict table definition was extracted for this site/category. Cancer committee review required.,generic_fallback_v1_6_review_required,,,generated_rule_category_fallback_v1_6
Larynx: Subglottis,AJCC7,any,T,Tis,Carcinoma in situ or site-specific in-situ category; site-specific wording requires manual review.,No strict table definition was extracted for this site/category. Cancer committee review required.,generic_fallback_v1_6_review_required,,,generated_rule_category_fallback_v1_6
Larynx: Subglottis,AJCC7,any,N,N0,No regional lymph node metastasis; site-specific wording requires manual review.,No strict table definition was extracted for this site/category. Cancer committee review required.,generic_fallback_v1_6_review_required,,,generated_rule_category_fallback_v1_6
Larynx: Subglottis,AJCC7,any,N,N1,Regional lymph node category imported from staging table; site-specific definition requires manual review.,No strict table definition was extracted for this site/category. Cancer committee review required.,generic_fallback_v1_6_review_required,,,generated_rule_category_fallback_v1_6
Larynx: Subglottis,AJCC7,any,N,N2,Regional lymph node category imported from staging table; site-specific definition requires manual review.,No strict table definition was extracted for this site/category. Cancer committee review required.,generic_fallback_v1_6_review_required,,,generated_rule_category_fallback_v1_6
Larynx: Subglottis,AJCC7,any,N,N3,Regional lymph node category imported from staging table; site-specific definition requires manual review.,No strict table definition was extracted for this site/category. Cancer committee review required.,generic_fallback_v1_6_review_required,,,generated_rule_category_fallback_v1_6
Larynx: Subglottis,AJCC7,any,M,M0,No distant metastasis; site-specific wording requires manual review.,No strict table definition was extracted for this site/category. Cancer committee review required.,generic_fallback_v1_6_review_required,,,generated_rule_category_fallback_v1_6
Larynx: Subglottis,AJCC7,any,M,M1,Distant metastasis category imported from staging table; site-specific definition requires manual review.,No strict table definition was extracted for this site/category. Cancer committee review required.,generic_fallback_v1_6_review_required,,,generated_rule_category_fallback_v1_6
Larynx: Subglottis,AJCC8,any,T,T1,Primary tumor category imported from staging table; site-specific definition requires manual review.,No strict table definition was extracted for this site/category. Cancer committee review required.,generic_fallback_v1_6_review_required,,,generated_rule_category_fallback_v1_6
Larynx: Subglottis,AJCC8,any,T,T2,Primary tumor category imported from staging table; site-specific definition requires manual review.,No strict table definition was extracted for this site/category. Cancer committee review required.,generic_fallback_v1_6_review_required,,,generated_rule_category_fallback_v1_6
Larynx: Subglottis,AJCC8,any,T,T3,Primary tumor category imported from staging table; site-specific definition requires manual review.,No strict table definition was extracted for this site/category. Cancer committee review required.,generic_fallback_v1_6_review_required,,,generated_rule_category_fallback_v1_6
Larynx: Subglottis,AJCC8,any,T,T4a,Primary tumor category imported from staging table; site-specific definition requires manual review.,No strict table definition was extracted for this site/category. Cancer committee review required.,generic_fallback_v1_6_review_required,,,generated_rule_category_fallback_v1_6
Larynx: Subglottis,AJCC8,any,T,Tis,Carcinoma in situ or site-specific in-situ category; site-specific wording requires manual review.,No strict table definition was extracted for this site/category. Cancer committee review required.,generic_fallback_v1_6_review_required,,,generated_rule_category_fallback_v1_6
Larynx: Subglottis,AJCC8,any,N,N0,No regional lymph node metastasis; site-specific wording requires manual review.,No strict table definition was extracted for this site/category. Cancer committee review required.,generic_fallback_v1_6_review_required,,,generated_rule_category_fallback_v1_6
Larynx: Subglottis,AJCC8,any,N,N2,Regional lymph node category imported from staging table; site-specific definition requires manual review.,No strict table definition was extracted for this site/category. Cancer committee review required.,generic_fallback_v1_6_review_required,,,generated_rule_category_fallback_v1_6
Larynx: Subglottis,AJCC8,any,M,M0,No distant metastasis; site-specific wording requires manual review.,No strict table definition was extracted for this site/category. Cancer committee review required.,generic_fallback_v1_6_review_required,,,generated_rule_category_fallback_v1_6
Larynx: Supraglottis,AJCC7,any,T,T1,Primary tumor category imported from staging table; site-specific definition requires manual review.,No strict table definition was extracted for this site/category. Cancer committee review required.,generic_fallback_v1_6_review_required,,,generated_rule_category_fallback_v1_6
Larynx: Supraglottis,AJCC7,any,T,T2,Primary tumor category imported from staging table; site-specific definition requires manual review.,No strict table definition was extracted for this site/category. Cancer committee review required.,generic_fallback_v1_6_review_required,,,generated_rule_category_fallback_v1_6
Larynx: Supraglottis,AJCC7,any,T,T3,Primary tumor category imported from staging table; site-specific definition requires manual review.,No strict table definition was extracted for this site/category. Cancer committee review required.,generic_fallback_v1_6_review_required,,,generated_rule_category_fallback_v1_6
Larynx: Supraglottis,AJCC7,any,T,T4a,Primary tumor category imported from staging table; site-specific definition requires manual review.,No strict table definition was extracted for this site/category. Cancer committee review required.,generic_fallback_v1_6_review_required,,,generated_rule_category_fallback_v1_6
Larynx: Supraglottis,AJCC7,any,T,T4b,Primary tumor category imported from staging table; site-specific definition requires manual review.,No strict table definition was extracted for this site/category. Cancer committee review required.,generic_fallback_v1_6_review_required,,,generated_rule_category_fallback_v1_6
Larynx: Supraglottis,AJCC7,any,T,Tis,Carcinoma in situ or site-specific in-situ category; site-specific wording requires manual review.,No strict table definition was extracted for this site/category. Cancer committee review required.,generic_fallback_v1_6_review_required,,,generated_rule_category_fallback_v1_6
Larynx: Supraglottis,AJCC7,any,N,N0,No regional lymph node metastasis; site-specific wording requires manual review.,No strict table definition was extracted for this site/category. Cancer committee review required.,generic_fallback_v1_6_review_required,,,generated_rule_category_fallback_v1_6
Larynx: Supraglottis,AJCC7,any,N,N1,Regional lymph node category imported from staging table; site-specific definition requires manual review.,No strict table definition was extracted for this site/category. Cancer committee review required.,generic_fallback_v1_6_review_required,,,generated_rule_category_fallback_v1_6
Larynx: Supraglottis,AJCC7,any,N,N2,Regional lymph node category imported from staging table; site-specific definition requires manual review.,No strict table definition was extracted for this site/category. Cancer committee review required.,generic_fallback_v1_6_review_required,,,generated_rule_category_fallback_v1_6
Larynx: Supraglottis,AJCC7,any,N,N3,Regional lymph node category imported from staging table; site-specific definition requires manual review.,No strict table definition was extracted for this site/category. Cancer committee review required.,generic_fallback_v1_6_review_required,,,generated_rule_category_fallback_v1_6
Larynx: Supraglottis,AJCC7,any,M,M0,No distant metastasis; site-specific wording requires manual review.,No strict table definition was extracted for this site/category. Cancer committee review required.,generic_fallback_v1_6_review_required,,,generated_rule_category_fallback_v1_6
Larynx: Supraglottis,AJCC7,any,M,M1,Distant metastasis category imported from staging table; site-specific definition requires manual review.,No strict table definition was extracted for this site/category. Cancer committee review required.,generic_fallback_v1_6_review_required,,,generated_rule_category_fallback_v1_6
Larynx: Supraglottis,AJCC8,any,T,T1,Primary tumor category imported from staging table; site-specific definition requires manual review.,No strict table definition was extracted for this site/category. Cancer committee review required.,generic_fallback_v1_6_review_required,,,generated_rule_category_fallback_v1_6
Larynx: Supraglottis,AJCC8,any,T,T2,Primary tumor category imported from staging table; site-specific definition requires manual review.,No strict table definition was extracted for this site/category. Cancer committee review required.,generic_fallback_v1_6_review_required,,,generated_rule_category_fallback_v1_6
Larynx: Supraglottis,AJCC8,any,T,T3,Primary tumor category imported from staging table; site-specific definition requires manual review.,No strict table definition was extracted for this site/category. Cancer committee review required.,generic_fallback_v1_6_review_required,,,generated_rule_category_fallback_v1_6
Larynx: Supraglottis,AJCC8,any,T,T4a,Primary tumor category imported from staging table; site-specific definition requires manual review.,No strict table definition was extracted for this site/category. Cancer committee review required.,generic_fallback_v1_6_review_required,,,generated_rule_category_fallback_v1_6
Larynx: Supraglottis,AJCC8,any,T,Tis,Carcinoma in situ or site-specific in-situ category; site-specific wording requires manual review.,No strict table definition was extracted for this site/category. Cancer committee review required.,generic_fallback_v1_6_review_required,,,generated_rule_category_fallback_v1_6
Larynx: Supraglottis,AJCC8,any,N,N0,No regional lymph node metastasis; site-specific wording requires manual review.,No strict table definition was extracted for this site/category. Cancer committee review required.,generic_fallback_v1_6_review_required,,,generated_rule_category_fallback_v1_6
Larynx: Supraglottis,AJCC8,any,N,N2,Regional lymph node category imported from staging table; site-specific definition requires manual review.,No strict table definition was extracted for this site/category. Cancer committee review required.,generic_fallback_v1_6_review_required,,,generated_rule_category_fallback_v1_6
Larynx: Supraglottis,AJCC8,any,M,M0,No distant metastasis; site-specific wording requires manual review.,No strict table definition was extracted for this site/category. Cancer committee review required.,generic_fallback_v1_6_review_required,,,generated_rule_category_fallback_v1_6
Lung,AJCC7,any,T,T1a,Primary tumor category imported from staging table; site-specific definition requires manual review.,No strict table definition was extracted for this site/category. Cancer committee review required.,generic_fallback_v1_6_review_required,,,generated_rule_category_fallback_v1_6
Lung,AJCC7,any,T,T1b,Primary tumor category imported from staging table; site-specific definition requires manual review.,No strict table definition was extracted for this site/category. Cancer committee review required.,generic_fallback_v1_6_review_required,,,generated_rule_category_fallback_v1_6
Lung,AJCC7,any,T,T2a,Primary tumor category imported from staging table; site-specific definition requires manual review.,No strict table definition was extracted for this site/category. Cancer committee review required.,generic_fallback_v1_6_review_required,,,generated_rule_category_fallback_v1_6
Lung,AJCC7,any,T,T2b,Primary tumor category imported from staging table; site-specific definition requires manual review.,No strict table definition was extracted for this site/category. Cancer committee review required.,generic_fallback_v1_6_review_required,,,generated_rule_category_fallback_v1_6
Lung,AJCC7,any,T,T3,Primary tumor category imported from staging table; site-specific definition requires manual review.,No strict table definition was extracted for this site/category. Cancer committee review required.,generic_fallback_v1_6_review_required,,,generated_rule_category_fallback_v1_6
Lung,AJCC7,any,T,T4,Primary tumor category imported from staging table; site-specific definition requires manual review.,No strict table definition was extracted for this site/category. Cancer committee review required.,generic_fallback_v1_6_review_required,,,generated_rule_category_fallback_v1_6
Lung,AJCC7,any,T,TX,Primary tumor cannot be assessed; site-specific wording requires manual review.,No strict table definition was extracted for this site/category. Cancer committee review required.,generic_fallback_v1_6_review_required,,,generated_rule_category_fallback_v1_6
Lung,AJCC7,any,T,Tis,Carcinoma in situ or site-specific in-situ category; site-specific wording requires manual review.,No strict table definition was extracted for this site/category. Cancer committee review required.,generic_fallback_v1_6_review_required,,,generated_rule_category_fallback_v1_6
Lung,AJCC7,any,N,N0,No regional lymph node metastasis; site-specific wording requires manual review.,No strict table definition was extracted for this site/category. Cancer committee review required.,generic_fallback_v1_6_review_required,,,generated_rule_category_fallback_v1_6
Lung,AJCC7,any,N,N1,Regional lymph node category imported from staging table; site-specific definition requires manual review.,No strict table definition was extracted for this site/category. Cancer committee review required.,generic_fallback_v1_6_review_required,,,generated_rule_category_fallback_v1_6
Lung,AJCC7,any,N,N2,Regional lymph node category imported from staging table; site-specific definition requires manual review.,No strict table definition was extracted for this site/category. Cancer committee review required.,generic_fallback_v1_6_review_required,,,generated_rule_category_fallback_v1_6
Lung,AJCC7,any,N,N3,Regional lymph node category imported from staging table; site-specific definition requires manual review.,No strict table definition was extracted for this site/category. Cancer committee review required.,generic_fallback_v1_6_review_required,,,generated_rule_category_fallback_v1_6
Lung,AJCC7,any,M,M0,No distant metastasis; site-specific wording requires manual review.,No strict table definition was extracted for this site/category. Cancer committee review required.,generic_fallback_v1_6_review_required,,,generated_rule_category_fallback_v1_6
Lung,AJCC7,any,M,M1a,Distant metastasis category imported from staging table; site-specific definition requires manual review.,No strict table definition was extracted for this site/category. Cancer committee review required.,generic_fallback_v1_6_review_required,,,generated_rule_category_fallback_v1_6
Lung,AJCC7,any,M,M1b,Distant metastasis category imported from staging table; site-specific definition requires manual review.,No strict table definition was extracted for this site/category. Cancer committee review required.,generic_fallback_v1_6_review_required,,,generated_rule_category_fallback_v1_6
Lung,AJCC8,any,T,T1a,Primary tumor category imported from staging table; site-specific definition requires manual review.,No strict table definition was extracted for this site/category. Cancer committee review required. | SURROGATE_AJCC8_DEFINITION_FROM_AJCC7_REVIEW_REQUIRED_v1.7: AJCC8 explicit definition not extractable from uploaded PDF; AJCC7 wording displayed pending cancer committee validation.,fallback_from_AJCC7_for_AJCC8_review_required_v1_7,,,surrogate_definition_from_AJCC7_v1_7
Lung,AJCC8,any,T,T1b,Primary tumor category imported from staging table; site-specific definition requires manual review.,No strict table definition was extracted for this site/category. Cancer committee review required. | SURROGATE_AJCC8_DEFINITION_FROM_AJCC7_REVIEW_REQUIRED_v1.7: AJCC8 explicit definition not extractable from uploaded PDF; AJCC7 wording displayed pending cancer committee validation.,fallback_from_AJCC7_for_AJCC8_review_required_v1_7,,,surrogate_definition_from_AJCC7_v1_7
Lung,AJCC8,any,T,T2a,Primary tumor category imported from staging table; site-specific definition requires manual review.,No strict table definition was extracted for this site/category. Cancer committee review required. | SURROGATE_AJCC8_DEFINITION_FROM_AJCC7_REVIEW_REQUIRED_v1.7: AJCC8 explicit definition not extractable from uploaded PDF; AJCC7 wording displayed pending cancer committee validation.,fallback_from_AJCC7_for_AJCC8_review_required_v1_7,,,surrogate_definition_from_AJCC7_v1_7
Lung,AJCC8,any,T,T2b,Primary tumor category imported from staging table; site-specific definition requires manual review.,No strict table definition was extracted for this site/category. Cancer committee review required. | SURROGATE_AJCC8_DEFINITION_FROM_AJCC7_REVIEW_REQUIRED_v1.7: AJCC8 explicit definition not extractable from uploaded PDF; AJCC7 wording displayed pending cancer committee validation.,fallback_from_AJCC7_for_AJCC8_review_required_v1_7,,,surrogate_definition_from_AJCC7_v1_7
Lung,AJCC8,any,T,T3,Primary tumor category imported from staging table; site-specific definition requires manual review.,No strict table definition was extracted for this site/category. Cancer committee review required. | SURROGATE_AJCC8_DEFINITION_FROM_AJCC7_REVIEW_REQUIRED_v1.7: AJCC8 explicit definition not extractable from uploaded PDF; AJCC7 wording displayed pending cancer committee validation.,fallback_from_AJCC7_for_AJCC8_review_required_v1_7,,,surrogate_definition_from_AJCC7_v1_7
Lung,AJCC8,any,T,T4,Primary tumor category imported from staging table; site-specific definition requires manual review.,No strict table definition was extracted for this site/category. Cancer committee review required. | SURROGATE_AJCC8_DEFINITION_FROM_AJCC7_REVIEW_REQUIRED_v1.7: AJCC8 explicit definition not extractable from uploaded PDF; AJCC7 wording displayed pending cancer committee validation.,fallback_from_AJCC7_for_AJCC8_review_required_v1_7,,,surrogate_definition_from_AJCC7_v1_7
Lung,AJCC8,any,T,TX,Primary tumor cannot be assessed; site-specific wording requires manual review.,No strict table definition was extracted for this site/category. Cancer committee review required. | SURROGATE_AJCC8_DEFINITION_FROM_AJCC7_REVIEW_REQUIRED_v1.7: AJCC8 explicit definition not extractable from uploaded PDF; AJCC7 wording displayed pending cancer committee validation.,fallback_from_AJCC7_for_AJCC8_review_required_v1_7,,,surrogate_definition_from_AJCC7_v1_7
Lung,AJCC8,any,T,Tis,Carcinoma in situ or site-specific in-situ category; site-specific wording requires manual review.,No strict table definition was extracted for this site/category. Cancer committee review required. | SURROGATE_AJCC8_DEFINITION_FROM_AJCC7_REVIEW_REQUIRED_v1.7: AJCC8 explicit definition not extractable from uploaded PDF; AJCC7 wording displayed pending cancer committee validation.,fallback_from_AJCC7_for_AJCC8_review_required_v1_7,,,surrogate_definition_from_AJCC7_v1_7
Lung,AJCC8,any,N,N0,No regional lymph node metastasis; site-specific wording requires manual review.,No strict table definition was extracted for this site/category. Cancer committee review required. | SURROGATE_AJCC8_DEFINITION_FROM_AJCC7_REVIEW_REQUIRED_v1.7: AJCC8 explicit definition not extractable from uploaded PDF; AJCC7 wording displayed pending cancer committee validation.,fallback_from_AJCC7_for_AJCC8_review_required_v1_7,,,surrogate_definition_from_AJCC7_v1_7
Lung,AJCC8,any,N,N1,Regional lymph node category imported from staging table; site-specific definition requires manual review.,No strict table definition was extracted for this site/category. Cancer committee review required. | SURROGATE_AJCC8_DEFINITION_FROM_AJCC7_REVIEW_REQUIRED_v1.7: AJCC8 explicit definition not extractable from uploaded PDF; AJCC7 wording displayed pending cancer committee validation.,fallback_from_AJCC7_for_AJCC8_review_required_v1_7,,,surrogate_definition_from_AJCC7_v1_7
Lung,AJCC8,any,N,N2,Regional lymph node category imported from staging table; site-specific definition requires manual review.,No strict table definition was extracted for this site/category. Cancer committee review required. | SURROGATE_AJCC8_DEFINITION_FROM_AJCC7_REVIEW_REQUIRED_v1.7: AJCC8 explicit definition not extractable from uploaded PDF; AJCC7 wording displayed pending cancer committee validation.,fallback_from_AJCC7_for_AJCC8_review_required_v1_7,,,surrogate_definition_from_AJCC7_v1_7
Lung,AJCC8,any,N,N3,Regional lymph node category imported from staging table; site-specific definition requires manual review.,No strict table definition was extracted for this site/category. Cancer committee review required. | SURROGATE_AJCC8_DEFINITION_FROM_AJCC7_REVIEW_REQUIRED_v1.7: AJCC8 explicit definition not extractable from uploaded PDF; AJCC7 wording displayed pending cancer committee validation.,fallback_from_AJCC7_for_AJCC8_review_required_v1_7,,,surrogate_definition_from_AJCC7_v1_7
Lung,AJCC8,any,M,M0,No distant metastasis; site-specific wording requires manual review.,No strict table definition was extracted for this site/category. Cancer committee review required. | SURROGATE_AJCC8_DEFINITION_FROM_AJCC7_REVIEW_REQUIRED_v1.7: AJCC8 explicit definition not extractable from uploaded PDF; AJCC7 wording displayed pending cancer committee validation.,fallback_from_AJCC7_for_AJCC8_review_required_v1_7,,,surrogate_definition_from_AJCC7_v1_7
Lung,AJCC8,any,M,M1a,Distant metastasis category imported from staging table; site-specific definition requires manual review.,No strict table definition was extracted for this site/category. Cancer committee review required. | SURROGATE_AJCC8_DEFINITION_FROM_AJCC7_REVIEW_REQUIRED_v1.7: AJCC8 explicit definition not extractable from uploaded PDF; AJCC7 wording displayed pending cancer committee validation.,fallback_from_AJCC7_for_AJCC8_review_required_v1_7,,,surrogate_definition_from_AJCC7_v1_7
Lung,AJCC8,any,M,M1b,Distant metastasis category imported from staging table; site-specific definition requires manual review.,No strict table definition was extracted for this site/category. Cancer committee review required. | SURROGATE_AJCC8_DEFINITION_FROM_AJCC7_REVIEW_REQUIRED_v1.7: AJCC8 explicit definition not extractable from uploaded PDF; AJCC7 wording displayed pending cancer committee validation.,fallback_from_AJCC7_for_AJCC8_review_required_v1_7,,,surrogate_definition_from_AJCC7_v1_7
Major Salivary Glands,AJCC7,any,T,T1,Primary tumor category imported from staging table; site-specific definition requires manual review.,No strict table definition was extracted for this site/category. Cancer committee review required.,generic_fallback_v1_6_review_required,,,generated_rule_category_fallback_v1_6
Major Salivary Glands,AJCC7,any,T,T2,Primary tumor category imported from staging table; site-specific definition requires manual review.,No strict table definition was extracted for this site/category. Cancer committee review required.,generic_fallback_v1_6_review_required,,,generated_rule_category_fallback_v1_6
Major Salivary Glands,AJCC7,any,T,T3,Primary tumor category imported from staging table; site-specific definition requires manual review.,No strict table definition was extracted for this site/category. Cancer committee review required.,generic_fallback_v1_6_review_required,,,generated_rule_category_fallback_v1_6
Major Salivary Glands,AJCC7,any,T,T4a,Primary tumor category imported from staging table; site-specific definition requires manual review.,No strict table definition was extracted for this site/category. Cancer committee review required.,generic_fallback_v1_6_review_required,,,generated_rule_category_fallback_v1_6
Major Salivary Glands,AJCC7,any,T,T4b,Primary tumor category imported from staging table; site-specific definition requires manual review.,No strict table definition was extracted for this site/category. Cancer committee review required.,generic_fallback_v1_6_review_required,,,generated_rule_category_fallback_v1_6
Major Salivary Glands,AJCC7,any,N,N0,No regional lymph node metastasis; site-specific wording requires manual review.,No strict table definition was extracted for this site/category. Cancer committee review required.,generic_fallback_v1_6_review_required,,,generated_rule_category_fallback_v1_6
Major Salivary Glands,AJCC7,any,N,N1,Regional lymph node category imported from staging table; site-specific definition requires manual review.,No strict table definition was extracted for this site/category. Cancer committee review required.,generic_fallback_v1_6_review_required,,,generated_rule_category_fallback_v1_6
Major Salivary Glands,AJCC7,any,N,N2,Regional lymph node category imported from staging table; site-specific definition requires manual review.,No strict table definition was extracted for this site/category. Cancer committee review required.,generic_fallback_v1_6_review_required,,,generated_rule_category_fallback_v1_6
Major Salivary Glands,AJCC7,any,N,N3,Regional lymph node category imported from staging table; site-specific definition requires manual review.,No strict table definition was extracted for this site/category. Cancer committee review required.,generic_fallback_v1_6_review_required,,,generated_rule_category_fallback_v1_6
Major Salivary Glands,AJCC7,any,M,M0,No distant metastasis; site-specific wording requires manual review.,No strict table definition was extracted for this site/category. Cancer committee review required.,generic_fallback_v1_6_review_required,,,generated_rule_category_fallback_v1_6
Major Salivary Glands,AJCC7,any,M,M1,Distant metastasis category imported from staging table; site-specific definition requires manual review.,No strict table definition was extracted for this site/category. Cancer committee review required.,generic_fallback_v1_6_review_required,,,generated_rule_category_fallback_v1_6
Major Salivary Glands,AJCC8,any,T,T0,No evidence of primary tumor; site-specific wording requires manual review.,No strict table definition was extracted for this site/category. Cancer committee review required.,generic_fallback_v1_6_review_required,,,generated_rule_category_fallback_v1_6
Major Salivary Glands,AJCC8,any,T,T1,Primary tumor category imported from staging table; site-specific definition requires manual review.,No strict table definition was extracted for this site/category. Cancer committee review required.,generic_fallback_v1_6_review_required,,,generated_rule_category_fallback_v1_6
Major Salivary Glands,AJCC8,any,T,T2,Primary tumor category imported from staging table; site-specific definition requires manual review.,No strict table definition was extracted for this site/category. Cancer committee review required.,generic_fallback_v1_6_review_required,,,generated_rule_category_fallback_v1_6
Major Salivary Glands,AJCC8,any,T,T3,Primary tumor category imported from staging table; site-specific definition requires manual review.,No strict table definition was extracted for this site/category. Cancer committee review required.,generic_fallback_v1_6_review_required,,,generated_rule_category_fallback_v1_6
Major Salivary Glands,AJCC8,any,T,T4a,Primary tumor category imported from staging table; site-specific definition requires manual review.,No strict table definition was extracted for this site/category. Cancer committee review required.,generic_fallback_v1_6_review_required,,,generated_rule_category_fallback_v1_6
Major Salivary Glands,AJCC8,any,T,T4b,Primary tumor category imported from staging table; site-specific definition requires manual review.,No strict table definition was extracted for this site/category. Cancer committee review required.,generic_fallback_v1_6_review_required,,,generated_rule_category_fallback_v1_6
Major Salivary Glands,AJCC8,any,N,N0,No regional lymph node metastasis; site-specific wording requires manual review.,No strict table definition was extracted for this site/category. Cancer committee review required.,generic_fallback_v1_6_review_required,,,generated_rule_category_fallback_v1_6
Major Salivary Glands,AJCC8,clinical,N,N0,No regional lymph node metastasis,,strict_table_extracted_v1_6,35,Definition of Regional Lymph Node (N),strict_table_extraction_v1_6
Major Salivary Glands,AJCC8,pathological,N,N0,No regional lymph node metastasis,,strict_table_extracted_v1_6,35,Definition of Regional Lymph Node (N),strict_table_extraction_v1_6
Major Salivary Glands,AJCC8,any,N,N1,Regional lymph node category imported from staging table; site-specific definition requires manual review.,No strict table definition was extracted for this site/category. Cancer committee review required.,generic_fallback_v1_6_review_required,,,generated_rule_category_fallback_v1_6
Major Salivary Glands,AJCC8,clinical,N,N1,"Metastasis in a single ipsilateral lymph node, 3 cm or smaller in greatest dimension and ENE(−)",,strict_table_extracted_v1_6,35,Definition of Regional Lymph Node (N),strict_table_extraction_v1_6
Major Salivary Glands,AJCC8,any,N,N2,Regional lymph node category imported from staging table; site-specific definition requires manual review.,No strict table definition was extracted for this site/category. Cancer committee review required.,generic_fallback_v1_6_review_required,,,generated_rule_category_fallback_v1_6
Major Salivary Glands,AJCC8,clinical,N,N2,"Metastasis in a single ipsilateral lymph node, 3 cm or smaller in greatest dimension and ENE(+); or larger than 3 cm but not larger than 6 cm in greatest dimension and ENE(−); or metastases in multiple ipsilateral lymph node(s), none larger than 6 cm in greatest dimension and ENE(−); or in bilateral or contralateral lymph nodes, none larger than 6 cm in greatest dimension and ENE(−)",,strict_table_extracted_v1_6,35,Definition of Regional Lymph Node (N),strict_table_extraction_v1_6
Major Salivary Glands,AJCC8,clinical,N,N2a,Metastasis in single ipsilateral node 3 cm or smaller in greatest dimension and ENE(+) or a single ipsilateral node larger than 3 cm but not larger than 6 cm in greatest dimension and ENE(−),,strict_table_extracted_v1_6,35,Definition of Regional Lymph Node (N),strict_table_extraction_v1_6
Major Salivary Glands,AJCC8,clinical,N,N2b,"Metastasis in multiple ipsilateral nodes, none larger than 6 cm in greatest dimension and ENE(−)",,strict_table_extracted_v1_6,35,Definition of Regional Lymph Node (N),strict_table_extraction_v1_6
Major Salivary Glands,AJCC8,clinical,N,N2c,"Metastasis in bilateral or contralateral lymph node(s), none larger than 6 cm in greatest dimension and ENE(−)",,strict_table_extracted_v1_6,35,Definition of Regional Lymph Node (N),strict_table_extraction_v1_6
Major Salivary Glands,AJCC8,clinical,N,N3,"Metastasis in a lymph node larger than 6 cm in greatest dimension and ENE(−); or in a single ipsilateral node larger than 3 cm in greatest dimension and ENE(+); or multiple ipsilateral, contralateral, or bilateral nodes any with ENE(+); or a single contralateral node of any size and ENE(+)",,strict_table_extracted_v1_6,35,Definition of Regional Lymph Node (N),strict_table_extraction_v1_6
Major Salivary Glands,AJCC8,clinical,N,N3a,Metastasis in a lymph node larger than 6 cm in greatest dimension and ENE(−),,strict_table_extracted_v1_6,35,Definition of Regional Lymph Node (N),strict_table_extraction_v1_6
Major Salivary Glands,AJCC8,any,N,N3b,"Metastasis in a single ipsilateral node larger than 3 cm in greatest dimension and ENE(+); or multiple ipsilateral, contralateral, or bilateral nodes any with ENE(+); or a single contralateral node of any size and ENE(+) to indicate metastasis above the lower border of the cricoid (U) or below the lower border of the cricoid (L) Similarly, clinical and pathological ENE should be recorded as ENE(−) or ENE(+)",,strict_table_extracted_v1_6,35,Definition of Regional Lymph Node (N),strict_table_extraction_v1_6
Major Salivary Glands,AJCC8,pathological,N,N3b,"Metastasis in any node(s) with clinically overt ENE(+) to indicate metastasis above the lower border of the cricoid (U) or below the lower border of the cricoid (L) Similarly, clinical and pathological ENE should be recorded as ENE(−) or ENE(+) Pathological N (pN)",,strict_table_extracted_v1_6,35,Definition of Regional Lymph Node (N),strict_table_extraction_v1_6
Major Salivary Glands,AJCC8,clinical,N,NX,Regional lymph nodes cannot be assessed,,strict_table_extracted_v1_6,35,Definition of Regional Lymph Node (N),strict_table_extraction_v1_6
Major Salivary Glands,AJCC8,pathological,N,NX,Regional lymph nodes cannot be assessed,,strict_table_extracted_v1_6,35,Definition of Regional Lymph Node (N),strict_table_extraction_v1_6
Major Salivary Glands,AJCC8,any,M,M0,No distant metastasis,,strict_table_extracted_v1_6,35,Definition of Distant Metastasis (M),strict_table_extraction_v1_6
Major Salivary Glands,AJCC8,any,M,M1,Distant metastasis,,strict_table_extracted_v1_6,35,Definition of Distant Metastasis (M),strict_table_extraction_v1_6
Male Penile Urethra and Female Urethra: Urothelial Carcinomas,AJCC7,any,T,T1,Primary tumor category imported from staging table; site-specific definition requires manual review.,No strict table definition was extracted for this site/category. Cancer committee review required.,generic_fallback_v1_6_review_required,,,generated_rule_category_fallback_v1_6
Male Penile Urethra and Female Urethra: Urothelial Carcinomas,AJCC7,any,T,T2,Primary tumor category imported from staging table; site-specific definition requires manual review.,No strict table definition was extracted for this site/category. Cancer committee review required.,generic_fallback_v1_6_review_required,,,generated_rule_category_fallback_v1_6
Male Penile Urethra and Female Urethra: Urothelial Carcinomas,AJCC7,any,T,T3,Primary tumor category imported from staging table; site-specific definition requires manual review.,No strict table definition was extracted for this site/category. Cancer committee review required.,generic_fallback_v1_6_review_required,,,generated_rule_category_fallback_v1_6
Male Penile Urethra and Female Urethra: Urothelial Carcinomas,AJCC7,any,T,T4,Primary tumor category imported from staging table; site-specific definition requires manual review.,No strict table definition was extracted for this site/category. Cancer committee review required.,generic_fallback_v1_6_review_required,,,generated_rule_category_fallback_v1_6
Male Penile Urethra and Female Urethra: Urothelial Carcinomas,AJCC7,any,T,Ta,Primary tumor category imported from staging table; site-specific definition requires manual review.,No strict table definition was extracted for this site/category. Cancer committee review required.,generic_fallback_v1_6_review_required,,,generated_rule_category_fallback_v1_6
Male Penile Urethra and Female Urethra: Urothelial Carcinomas,AJCC7,any,T,Tis,Carcinoma in situ or site-specific in-situ category; site-specific wording requires manual review.,No strict table definition was extracted for this site/category. Cancer committee review required.,generic_fallback_v1_6_review_required,,,generated_rule_category_fallback_v1_6
Male Penile Urethra and Female Urethra: Urothelial Carcinomas,AJCC7,any,T,Tispd,Carcinoma in situ or site-specific in-situ category; site-specific wording requires manual review.,No strict table definition was extracted for this site/category. Cancer committee review required.,generic_fallback_v1_6_review_required,,,generated_rule_category_fallback_v1_6
Male Penile Urethra and Female Urethra: Urothelial Carcinomas,AJCC7,any,T,Tispu,Carcinoma in situ or site-specific in-situ category; site-specific wording requires manual review.,No strict table definition was extracted for this site/category. Cancer committee review required.,generic_fallback_v1_6_review_required,,,generated_rule_category_fallback_v1_6
Male Penile Urethra and Female Urethra: Urothelial Carcinomas,AJCC7,any,N,N0,No regional lymph node metastasis; site-specific wording requires manual review.,No strict table definition was extracted for this site/category. Cancer committee review required.,generic_fallback_v1_6_review_required,,,generated_rule_category_fallback_v1_6
Male Penile Urethra and Female Urethra: Urothelial Carcinomas,AJCC7,any,N,N1,Regional lymph node category imported from staging table; site-specific definition requires manual review.,No strict table definition was extracted for this site/category. Cancer committee review required.,generic_fallback_v1_6_review_required,,,generated_rule_category_fallback_v1_6
Male Penile Urethra and Female Urethra: Urothelial Carcinomas,AJCC7,any,N,N2,Regional lymph node category imported from staging table; site-specific definition requires manual review.,No strict table definition was extracted for this site/category. Cancer committee review required.,generic_fallback_v1_6_review_required,,,generated_rule_category_fallback_v1_6
Male Penile Urethra and Female Urethra: Urothelial Carcinomas,AJCC7,any,M,M0,No distant metastasis; site-specific wording requires manual review.,No strict table definition was extracted for this site/category. Cancer committee review required.,generic_fallback_v1_6_review_required,,,generated_rule_category_fallback_v1_6
Male Penile Urethra and Female Urethra: Urothelial Carcinomas,AJCC7,any,M,M1,Distant metastasis category imported from staging table; site-specific definition requires manual review.,No strict table definition was extracted for this site/category. Cancer committee review required.,generic_fallback_v1_6_review_required,,,generated_rule_category_fallback_v1_6
Male Penile Urethra and Female Urethra: Urothelial Carcinomas,AJCC7,yp,M,M1,Distant metastasis category imported from staging table; site-specific definition requires manual review.,No strict table definition was extracted for this site/category. Cancer committee review required.,generic_fallback_v1_6_review_required,,,generated_rule_category_fallback_v1_6
Male Penile Urethra and Female Urethra: Urothelial Carcinomas,AJCC8,any,T,T1,Primary tumor category imported from staging table; site-specific definition requires manual review.,No strict table definition was extracted for this site/category. Cancer committee review required.,generic_fallback_v1_6_review_required,,,generated_rule_category_fallback_v1_6
Male Penile Urethra and Female Urethra: Urothelial Carcinomas,AJCC8,any,T,T2,Primary tumor category imported from staging table; site-specific definition requires manual review.,No strict table definition was extracted for this site/category. Cancer committee review required.,generic_fallback_v1_6_review_required,,,generated_rule_category_fallback_v1_6
Male Penile Urethra and Female Urethra: Urothelial Carcinomas,AJCC8,any,T,Ta,Primary tumor category imported from staging table; site-specific definition requires manual review.,No strict table definition was extracted for this site/category. Cancer committee review required.,generic_fallback_v1_6_review_required,,,generated_rule_category_fallback_v1_6
Male Penile Urethra and Female Urethra: Urothelial Carcinomas,AJCC8,any,T,Tis,Carcinoma in situ or site-specific in-situ category; site-specific wording requires manual review.,No strict table definition was extracted for this site/category. Cancer committee review required.,generic_fallback_v1_6_review_required,,,generated_rule_category_fallback_v1_6
Male Penile Urethra and Female Urethra: Urothelial Carcinomas,AJCC8,any,N,N0,No regional lymph node metastasis; site-specific wording requires manual review.,No strict table definition was extracted for this site/category. Cancer committee review required.,generic_fallback_v1_6_review_required,,,generated_rule_category_fallback_v1_6
Male Penile Urethra and Female Urethra: Urothelial Carcinomas,AJCC8,any,N,N1,Regional lymph node category imported from staging table; site-specific definition requires manual review.,No strict table definition was extracted for this site/category. Cancer committee review required.,generic_fallback_v1_6_review_required,,,generated_rule_category_fallback_v1_6
Male Penile Urethra and Female Urethra: Urothelial Carcinomas,AJCC8,any,M,M0,No distant metastasis; site-specific wording requires manual review.,No strict table definition was extracted for this site/category. Cancer committee review required.,generic_fallback_v1_6_review_required,,,generated_rule_category_fallback_v1_6
Male Penile Urethra and Female Urethra: Urothelial Carcinomas,AJCC8,any,M,M1,Distant metastasis category imported from staging table; site-specific definition requires manual review.,No strict table definition was extracted for this site/category. Cancer committee review required.,generic_fallback_v1_6_review_required,,,generated_rule_category_fallback_v1_6
Male Penile and Female Urethra: Squamous Cell Carcinoma and Adenocarcinoma,AJCC7,any,T,T1,Primary tumor category imported from staging table; site-specific definition requires manual review.,No strict table definition was extracted for this site/category. Cancer committee review required.,generic_fallback_v1_6_review_required,,,generated_rule_category_fallback_v1_6
Male Penile and Female Urethra: Squamous Cell Carcinoma and Adenocarcinoma,AJCC7,any,T,T2,Primary tumor category imported from staging table; site-specific definition requires manual review.,No strict table definition was extracted for this site/category. Cancer committee review required.,generic_fallback_v1_6_review_required,,,generated_rule_category_fallback_v1_6
Male Penile and Female Urethra: Squamous Cell Carcinoma and Adenocarcinoma,AJCC7,any,T,T3,Primary tumor category imported from staging table; site-specific definition requires manual review.,No strict table definition was extracted for this site/category. Cancer committee review required.,generic_fallback_v1_6_review_required,,,generated_rule_category_fallback_v1_6
Male Penile and Female Urethra: Squamous Cell Carcinoma and Adenocarcinoma,AJCC7,any,T,T4,Primary tumor category imported from staging table; site-specific definition requires manual review.,No strict table definition was extracted for this site/category. Cancer committee review required.,generic_fallback_v1_6_review_required,,,generated_rule_category_fallback_v1_6
Male Penile and Female Urethra: Squamous Cell Carcinoma and Adenocarcinoma,AJCC7,any,T,Ta,Primary tumor category imported from staging table; site-specific definition requires manual review.,No strict table definition was extracted for this site/category. Cancer committee review required.,generic_fallback_v1_6_review_required,,,generated_rule_category_fallback_v1_6
Male Penile and Female Urethra: Squamous Cell Carcinoma and Adenocarcinoma,AJCC7,any,T,Tis,Carcinoma in situ or site-specific in-situ category; site-specific wording requires manual review.,No strict table definition was extracted for this site/category. Cancer committee review required.,generic_fallback_v1_6_review_required,,,generated_rule_category_fallback_v1_6
Male Penile and Female Urethra: Squamous Cell Carcinoma and Adenocarcinoma,AJCC7,any,T,Tispd,Carcinoma in situ or site-specific in-situ category; site-specific wording requires manual review.,No strict table definition was extracted for this site/category. Cancer committee review required.,generic_fallback_v1_6_review_required,,,generated_rule_category_fallback_v1_6
Male Penile and Female Urethra: Squamous Cell Carcinoma and Adenocarcinoma,AJCC7,any,T,Tispu,Carcinoma in situ or site-specific in-situ category; site-specific wording requires manual review.,No strict table definition was extracted for this site/category. Cancer committee review required.,generic_fallback_v1_6_review_required,,,generated_rule_category_fallback_v1_6
Male Penile and Female Urethra: Squamous Cell Carcinoma and Adenocarcinoma,AJCC7,any,N,N0,No regional lymph node metastasis; site-specific wording requires manual review.,No strict table definition was extracted for this site/category. Cancer committee review required.,generic_fallback_v1_6_review_required,,,generated_rule_category_fallback_v1_6
Male Penile and Female Urethra: Squamous Cell Carcinoma and Adenocarcinoma,AJCC7,any,N,N1,Regional lymph node category imported from staging table; site-specific definition requires manual review.,No strict table definition was extracted for this site/category. Cancer committee review required.,generic_fallback_v1_6_review_required,,,generated_rule_category_fallback_v1_6
Male Penile and Female Urethra: Squamous Cell Carcinoma and Adenocarcinoma,AJCC7,any,N,N2,Regional lymph node category imported from staging table; site-specific definition requires manual review.,No strict table definition was extracted for this site/category. Cancer committee review required.,generic_fallback_v1_6_review_required,,,generated_rule_category_fallback_v1_6
Male Penile and Female Urethra: Squamous Cell Carcinoma and Adenocarcinoma,AJCC7,any,M,M0,No distant metastasis; site-specific wording requires manual review.,No strict table definition was extracted for this site/category. Cancer committee review required.,generic_fallback_v1_6_review_required,,,generated_rule_category_fallback_v1_6
Male Penile and Female Urethra: Squamous Cell Carcinoma and Adenocarcinoma,AJCC7,any,M,M1,Distant metastasis category imported from staging table; site-specific definition requires manual review.,No strict table definition was extracted for this site/category. Cancer committee review required.,generic_fallback_v1_6_review_required,,,generated_rule_category_fallback_v1_6
Male Penile and Female Urethra: Squamous Cell Carcinoma and Adenocarcinoma,AJCC7,yp,M,M1,Distant metastasis category imported from staging table; site-specific definition requires manual review.,No strict table definition was extracted for this site/category. Cancer committee review required.,generic_fallback_v1_6_review_required,,,generated_rule_category_fallback_v1_6
Male Penile and Female Urethra: Squamous Cell Carcinoma and Adenocarcinoma,AJCC8,any,T,T1,Primary tumor category imported from staging table; site-specific definition requires manual review.,No strict table definition was extracted for this site/category. Cancer committee review required.,generic_fallback_v1_6_review_required,,,generated_rule_category_fallback_v1_6
Male Penile and Female Urethra: Squamous Cell Carcinoma and Adenocarcinoma,AJCC8,any,T,T2,Primary tumor category imported from staging table; site-specific definition requires manual review.,No strict table definition was extracted for this site/category. Cancer committee review required.,generic_fallback_v1_6_review_required,,,generated_rule_category_fallback_v1_6
Male Penile and Female Urethra: Squamous Cell Carcinoma and Adenocarcinoma,AJCC8,any,T,Ta,Primary tumor category imported from staging table; site-specific definition requires manual review.,No strict table definition was extracted for this site/category. Cancer committee review required.,generic_fallback_v1_6_review_required,,,generated_rule_category_fallback_v1_6
Male Penile and Female Urethra: Squamous Cell Carcinoma and Adenocarcinoma,AJCC8,any,T,Tis,Carcinoma in situ or site-specific in-situ category; site-specific wording requires manual review.,No strict table definition was extracted for this site/category. Cancer committee review required.,generic_fallback_v1_6_review_required,,,generated_rule_category_fallback_v1_6
Male Penile and Female Urethra: Squamous Cell Carcinoma and Adenocarcinoma,AJCC8,any,N,N0,No regional lymph node metastasis; site-specific wording requires manual review.,No strict table definition was extracted for this site/category. Cancer committee review required.,generic_fallback_v1_6_review_required,,,generated_rule_category_fallback_v1_6
Male Penile and Female Urethra: Squamous Cell Carcinoma and Adenocarcinoma,AJCC8,any,N,N1,Regional lymph node category imported from staging table; site-specific definition requires manual review.,No strict table definition was extracted for this site/category. Cancer committee review required.,generic_fallback_v1_6_review_required,,,generated_rule_category_fallback_v1_6
Male Penile and Female Urethra: Squamous Cell Carcinoma and Adenocarcinoma,AJCC8,any,M,M0,No distant metastasis; site-specific wording requires manual review.,No strict table definition was extracted for this site/category. Cancer committee review required.,generic_fallback_v1_6_review_required,,,generated_rule_category_fallback_v1_6
Male Penile and Female Urethra: Squamous Cell Carcinoma and Adenocarcinoma,AJCC8,any,M,M1,Distant metastasis category imported from staging table; site-specific definition requires manual review.,No strict table definition was extracted for this site/category. Cancer committee review required.,generic_fallback_v1_6_review_required,,,generated_rule_category_fallback_v1_6
Malignant Pleural Mesothelioma,AJCC7,any,T,T1,Primary tumor category imported from staging table; site-specific definition requires manual review.,No strict table definition was extracted for this site/category. Cancer committee review required.,generic_fallback_v1_6_review_required,,,generated_rule_category_fallback_v1_6
Malignant Pleural Mesothelioma,AJCC7,yp,T,T1,Primary tumor category imported from staging table; site-specific definition requires manual review.,No strict table definition was extracted for this site/category. Cancer committee review required.,generic_fallback_v1_6_review_required,,,generated_rule_category_fallback_v1_6
Malignant Pleural Mesothelioma,AJCC7,any,T,T1a,Primary tumor category imported from staging table; site-specific definition requires manual review.,No strict table definition was extracted for this site/category. Cancer committee review required.,generic_fallback_v1_6_review_required,,,generated_rule_category_fallback_v1_6
Malignant Pleural Mesothelioma,AJCC7,yp,T,T1a,Primary tumor category imported from staging table; site-specific definition requires manual review.,No strict table definition was extracted for this site/category. Cancer committee review required.,generic_fallback_v1_6_review_required,,,generated_rule_category_fallback_v1_6
Malignant Pleural Mesothelioma,AJCC7,any,T,T1b,Primary tumor category imported from staging table; site-specific definition requires manual review.,No strict table definition was extracted for this site/category. Cancer committee review required.,generic_fallback_v1_6_review_required,,,generated_rule_category_fallback_v1_6
Malignant Pleural Mesothelioma,AJCC7,yp,T,T1b,Primary tumor category imported from staging table; site-specific definition requires manual review.,No strict table definition was extracted for this site/category. Cancer committee review required.,generic_fallback_v1_6_review_required,,,generated_rule_category_fallback_v1_6
Malignant Pleural Mesothelioma,AJCC7,any,T,T2,Primary tumor category imported from staging table; site-specific definition requires manual review.,No strict table definition was extracted for this site/category. Cancer committee review required.,generic_fallback_v1_6_review_required,,,generated_rule_category_fallback_v1_6
Malignant Pleural Mesothelioma,AJCC7,yp,T,T2,Primary tumor category imported from staging table; site-specific definition requires manual review.,No strict table definition was extracted for this site/category. Cancer committee review required.,generic_fallback_v1_6_review_required,,,generated_rule_category_fallback_v1_6
Malignant Pleural Mesothelioma,AJCC7,any,T,T3,Primary tumor category imported from staging table; site-specific definition requires manual review.,No strict table definition was extracted for this site/category. Cancer committee review required.,generic_fallback_v1_6_review_required,,,generated_rule_category_fallback_v1_6
Malignant Pleural Mesothelioma,AJCC7,yp,T,T3,Primary tumor category imported from staging table; site-specific definition requires manual review.,No strict table definition was extracted for this site/category. Cancer committee review required.,generic_fallback_v1_6_review_required,,,generated_rule_category_fallback_v1_6
Malignant Pleural Mesothelioma,AJCC7,any,T,T4,Primary tumor category imported from staging table; site-specific definition requires manual review.,No strict table definition was extracted for this site/category. Cancer committee review required.,generic_fallback_v1_6_review_required,,,generated_rule_category_fallback_v1_6
Malignant Pleural Mesothelioma,AJCC7,yp,T,T4,Primary tumor category imported from staging table; site-specific definition requires manual review.,No strict table definition was extracted for this site/category. Cancer committee review required.,generic_fallback_v1_6_review_required,,,generated_rule_category_fallback_v1_6
Malignant Pleural Mesothelioma,AJCC7,any,N,N0,No regional lymph node metastasis; site-specific wording requires manual review.,No strict table definition was extracted for this site/category. Cancer committee review required.,generic_fallback_v1_6_review_required,,,generated_rule_category_fallback_v1_6
Malignant Pleural Mesothelioma,AJCC7,yp,N,N0,No regional lymph node metastasis; site-specific wording requires manual review.,No strict table definition was extracted for this site/category. Cancer committee review required.,generic_fallback_v1_6_review_required,,,generated_rule_category_fallback_v1_6
Malignant Pleural Mesothelioma,AJCC7,any,N,N1,Regional lymph node category imported from staging table; site-specific definition requires manual review.,No strict table definition was extracted for this site/category. Cancer committee review required.,generic_fallback_v1_6_review_required,,,generated_rule_category_fallback_v1_6
Malignant Pleural Mesothelioma,AJCC7,yp,N,N1,Regional lymph node category imported from staging table; site-specific definition requires manual review.,No strict table definition was extracted for this site/category. Cancer committee review required.,generic_fallback_v1_6_review_required,,,generated_rule_category_fallback_v1_6
Malignant Pleural Mesothelioma,AJCC7,any,N,N2,Regional lymph node category imported from staging table; site-specific definition requires manual review.,No strict table definition was extracted for this site/category. Cancer committee review required.,generic_fallback_v1_6_review_required,,,generated_rule_category_fallback_v1_6
Malignant Pleural Mesothelioma,AJCC7,yp,N,N2,Regional lymph node category imported from staging table; site-specific definition requires manual review.,No strict table definition was extracted for this site/category. Cancer committee review required.,generic_fallback_v1_6_review_required,,,generated_rule_category_fallback_v1_6
Malignant Pleural Mesothelioma,AJCC7,any,N,N3,Regional lymph node category imported from staging table; site-specific definition requires manual review.,No strict table definition was extracted for this site/category. Cancer committee review required.,generic_fallback_v1_6_review_required,,,generated_rule_category_fallback_v1_6
Malignant Pleural Mesothelioma,AJCC7,yp,N,N3,Regional lymph node category imported from staging table; site-specific definition requires manual review.,No strict table definition was extracted for this site/category. Cancer committee review required.,generic_fallback_v1_6_review_required,,,generated_rule_category_fallback_v1_6
Malignant Pleural Mesothelioma,AJCC7,any,M,M0,No distant metastasis; site-specific wording requires manual review.,No strict table definition was extracted for this site/category. Cancer committee review required.,generic_fallback_v1_6_review_required,,,generated_rule_category_fallback_v1_6
Malignant Pleural Mesothelioma,AJCC7,yp,M,M0,No distant metastasis; site-specific wording requires manual review.,No strict table definition was extracted for this site/category. Cancer committee review required.,generic_fallback_v1_6_review_required,,,generated_rule_category_fallback_v1_6
Malignant Pleural Mesothelioma,AJCC7,any,M,M1,Distant metastasis category imported from staging table; site-specific definition requires manual review.,No strict table definition was extracted for this site/category. Cancer committee review required.,generic_fallback_v1_6_review_required,,,generated_rule_category_fallback_v1_6
Malignant Pleural Mesothelioma,AJCC7,yp,M,M1,Distant metastasis category imported from staging table; site-specific definition requires manual review.,No strict table definition was extracted for this site/category. Cancer committee review required.,generic_fallback_v1_6_review_required,,,generated_rule_category_fallback_v1_6
Malignant Pleural Mesothelioma,AJCC8,any,T,T0,No evidence of primary tumor,,strict_table_extracted_v1_6,98,Definition of Regional Lymph Node (N),strict_table_extraction_v1_6
Malignant Pleural Mesothelioma,AJCC8,any,T,T1,Tumor limited to the ipsilateral parietal pleura with or without involvement of • visceral pleura • mediastinal pleura • diaphragmatic pleura,,strict_table_extracted_v1_6,98,Definition of Regional Lymph Node (N),strict_table_extraction_v1_6
Malignant Pleural Mesothelioma,AJCC8,any,T,T1a,Primary tumor category imported from staging table; site-specific definition requires manual review.,No strict table definition was extracted for this site/category. Cancer committee review required. | SURROGATE_AJCC8_DEFINITION_FROM_AJCC7_REVIEW_REQUIRED_v1.7: AJCC8 explicit definition not extractable from uploaded PDF; AJCC7 wording displayed pending cancer committee validation.,fallback_from_AJCC7_for_AJCC8_review_required_v1_7,,,surrogate_definition_from_AJCC7_v1_7
Malignant Pleural Mesothelioma,AJCC8,yp,T,T1a,Primary tumor category imported from staging table; site-specific definition requires manual review.,No strict table definition was extracted for this site/category. Cancer committee review required. | SURROGATE_AJCC8_DEFINITION_FROM_AJCC7_REVIEW_REQUIRED_v1.7: AJCC8 explicit definition not extractable from uploaded PDF; AJCC7 wording displayed pending cancer committee validation.,fallback_from_AJCC7_for_AJCC8_review_required_v1_7,,,surrogate_definition_from_AJCC7_v1_7
Malignant Pleural Mesothelioma,AJCC8,any,T,T1b,Primary tumor category imported from staging table; site-specific definition requires manual review.,No strict table definition was extracted for this site/category. Cancer committee review required. | SURROGATE_AJCC8_DEFINITION_FROM_AJCC7_REVIEW_REQUIRED_v1.7: AJCC8 explicit definition not extractable from uploaded PDF; AJCC7 wording displayed pending cancer committee validation.,fallback_from_AJCC7_for_AJCC8_review_required_v1_7,,,surrogate_definition_from_AJCC7_v1_7
Malignant Pleural Mesothelioma,AJCC8,yp,T,T1b,Primary tumor category imported from staging table; site-specific definition requires manual review.,No strict table definition was extracted for this site/category. Cancer committee review required. | SURROGATE_AJCC8_DEFINITION_FROM_AJCC7_REVIEW_REQUIRED_v1.7: AJCC8 explicit definition not extractable from uploaded PDF; AJCC7 wording displayed pending cancer committee validation.,fallback_from_AJCC7_for_AJCC8_review_required_v1_7,,,surrogate_definition_from_AJCC7_v1_7
Malignant Pleural Mesothelioma,AJCC8,any,T,T2,"Tumor involving each of the ipsilateral pleural surfaces (parietal, mediastinal, diaphragmatic, and visceral pleura) with at least one of the following features: • involvement of diaphragmatic muscle • extension of tumor from visceral pleura into the underlying pulmonary parenchyma",,strict_table_extracted_v1_6,98,Definition of Regional Lymph Node (N),strict_table_extraction_v1_6
Malignant Pleural Mesothelioma,AJCC8,any,T,T3,"Describes locally advanced but potentially resectable tumor. Tumor involving all the ipsilateral pleural surfaces (parietal, mediastinal, diaphragmatic, and visceral pleura) with at least one of the following features: • involvement of the endothoracic fascia • extension into the mediastinal fat • solitary, completely resectable focus of tumor extending into the soft tissues of the chest wall • nontransmural involvement of the pericardium",,strict_table_extracted_v1_6,98,Definition of Regional Lymph Node (N),strict_table_extraction_v1_6
Malignant Pleural Mesothelioma,AJCC8,any,T,T4,"Describes locally advanced technically unresectable tumor. Tumor involving all the ipsilateral pleural surfaces (parietal, mediastinal, diaphragmatic, and visceral pleura) with at least one of the following features: • diffuse extension or multifocal masses of tumor in the chest wall, with or without associated rib destruction • direct transdiaphragmatic extension of tumor to the peritoneum • direct extension of tumor to the contralateral pleura • direct extension of tumor to mediastinal organs • direct extension of tumor into the spine • tumor extending through to the internal surface of the pericardium with or without a pericardial effusion; or tumor involving the myocardium",,strict_table_extracted_v1_6,98,Definition of Regional Lymph Node (N),strict_table_extraction_v1_6
Malignant Pleural Mesothelioma,AJCC8,any,T,TX,Primary tumor cannot be assessed,,strict_table_extracted_v1_6,98,Definition of Regional Lymph Node (N),strict_table_extraction_v1_6
Malignant Pleural Mesothelioma,AJCC8,any,N,N0,No regional lymph node metastases,,strict_table_extracted_v1_6,98,Definition of Regional Lymph Node (N),strict_table_extraction_v1_6
Malignant Pleural Mesothelioma,AJCC8,any,N,N1,"Metastases in the ipsilateral bronchopulmonary, hilar, or mediastinal (including the internal mammary, peridiaphragmatic, pericardial fat pad, or intercostal) lymph nodes",,strict_table_extracted_v1_6,98,Definition of Regional Lymph Node (N),strict_table_extraction_v1_6
Malignant Pleural Mesothelioma,AJCC8,any,N,N2,"Metastases in the contralateral mediastinal, ipsilateral, or contralateral supraclavicular lymph nodes",,strict_table_extracted_v1_6,98,Definition of Regional Lymph Node (N),strict_table_extraction_v1_6
Malignant Pleural Mesothelioma,AJCC8,any,N,N3,Regional lymph node category imported from staging table; site-specific definition requires manual review.,No strict table definition was extracted for this site/category. Cancer committee review required. | SURROGATE_AJCC8_DEFINITION_FROM_AJCC7_REVIEW_REQUIRED_v1.7: AJCC8 explicit definition not extractable from uploaded PDF; AJCC7 wording displayed pending cancer committee validation.,fallback_from_AJCC7_for_AJCC8_review_required_v1_7,,,surrogate_definition_from_AJCC7_v1_7
Malignant Pleural Mesothelioma,AJCC8,yp,N,N3,Regional lymph node category imported from staging table; site-specific definition requires manual review.,No strict table definition was extracted for this site/category. Cancer committee review required. | SURROGATE_AJCC8_DEFINITION_FROM_AJCC7_REVIEW_REQUIRED_v1.7: AJCC8 explicit definition not extractable from uploaded PDF; AJCC7 wording displayed pending cancer committee validation.,fallback_from_AJCC7_for_AJCC8_review_required_v1_7,,,surrogate_definition_from_AJCC7_v1_7
Malignant Pleural Mesothelioma,AJCC8,any,N,NX,Regional lymph nodes cannot be assessed,,strict_table_extracted_v1_6,98,Definition of Regional Lymph Node (N),strict_table_extraction_v1_6
Malignant Pleural Mesothelioma,AJCC8,any,M,M0,No distant metastasis; site-specific wording requires manual review.,No strict table definition was extracted for this site/category. Cancer committee review required. | SURROGATE_AJCC8_DEFINITION_FROM_AJCC7_REVIEW_REQUIRED_v1.7: AJCC8 explicit definition not extractable from uploaded PDF; AJCC7 wording displayed pending cancer committee validation.,fallback_from_AJCC7_for_AJCC8_review_required_v1_7,,,surrogate_definition_from_AJCC7_v1_7
Malignant Pleural Mesothelioma,AJCC8,yp,M,M0,No distant metastasis; site-specific wording requires manual review.,No strict table definition was extracted for this site/category. Cancer committee review required. | SURROGATE_AJCC8_DEFINITION_FROM_AJCC7_REVIEW_REQUIRED_v1.7: AJCC8 explicit definition not extractable from uploaded PDF; AJCC7 wording displayed pending cancer committee validation.,fallback_from_AJCC7_for_AJCC8_review_required_v1_7,,,surrogate_definition_from_AJCC7_v1_7
Malignant Pleural Mesothelioma,AJCC8,any,M,M1,Distant metastasis category imported from staging table; site-specific definition requires manual review.,No strict table definition was extracted for this site/category. Cancer committee review required. | SURROGATE_AJCC8_DEFINITION_FROM_AJCC7_REVIEW_REQUIRED_v1.7: AJCC8 explicit definition not extractable from uploaded PDF; AJCC7 wording displayed pending cancer committee validation.,fallback_from_AJCC7_for_AJCC8_review_required_v1_7,,,surrogate_definition_from_AJCC7_v1_7
Malignant Pleural Mesothelioma,AJCC8,yp,M,M1,Distant metastasis category imported from staging table; site-specific definition requires manual review.,No strict table definition was extracted for this site/category. Cancer committee review required. | SURROGATE_AJCC8_DEFINITION_FROM_AJCC7_REVIEW_REQUIRED_v1.7: AJCC8 explicit definition not extractable from uploaded PDF; AJCC7 wording displayed pending cancer committee validation.,fallback_from_AJCC7_for_AJCC8_review_required_v1_7,,,surrogate_definition_from_AJCC7_v1_7
Maxillary Sinus,AJCC7,any,T,T1,Primary tumor category imported from staging table; site-specific definition requires manual review.,No strict table definition was extracted for this site/category. Cancer committee review required.,generic_fallback_v1_6_review_required,,,generated_rule_category_fallback_v1_6
Maxillary Sinus,AJCC7,any,T,T2,Primary tumor category imported from staging table; site-specific definition requires manual review.,No strict table definition was extracted for this site/category. Cancer committee review required.,generic_fallback_v1_6_review_required,,,generated_rule_category_fallback_v1_6
Maxillary Sinus,AJCC7,any,T,T3,Primary tumor category imported from staging table; site-specific definition requires manual review.,No strict table definition was extracted for this site/category. Cancer committee review required.,generic_fallback_v1_6_review_required,,,generated_rule_category_fallback_v1_6
Maxillary Sinus,AJCC7,any,T,T4a,Primary tumor category imported from staging table; site-specific definition requires manual review.,No strict table definition was extracted for this site/category. Cancer committee review required.,generic_fallback_v1_6_review_required,,,generated_rule_category_fallback_v1_6
Maxillary Sinus,AJCC7,any,T,T4b,Primary tumor category imported from staging table; site-specific definition requires manual review.,No strict table definition was extracted for this site/category. Cancer committee review required.,generic_fallback_v1_6_review_required,,,generated_rule_category_fallback_v1_6
Maxillary Sinus,AJCC7,any,T,Tis,Carcinoma in situ or site-specific in-situ category; site-specific wording requires manual review.,No strict table definition was extracted for this site/category. Cancer committee review required.,generic_fallback_v1_6_review_required,,,generated_rule_category_fallback_v1_6
Maxillary Sinus,AJCC7,any,N,N0,No regional lymph node metastasis; site-specific wording requires manual review.,No strict table definition was extracted for this site/category. Cancer committee review required.,generic_fallback_v1_6_review_required,,,generated_rule_category_fallback_v1_6
Maxillary Sinus,AJCC7,any,N,N1,Regional lymph node category imported from staging table; site-specific definition requires manual review.,No strict table definition was extracted for this site/category. Cancer committee review required.,generic_fallback_v1_6_review_required,,,generated_rule_category_fallback_v1_6
Maxillary Sinus,AJCC7,any,N,N2,Regional lymph node category imported from staging table; site-specific definition requires manual review.,No strict table definition was extracted for this site/category. Cancer committee review required.,generic_fallback_v1_6_review_required,,,generated_rule_category_fallback_v1_6
Maxillary Sinus,AJCC7,any,N,N3,Regional lymph node category imported from staging table; site-specific definition requires manual review.,No strict table definition was extracted for this site/category. Cancer committee review required.,generic_fallback_v1_6_review_required,,,generated_rule_category_fallback_v1_6
Maxillary Sinus,AJCC7,any,M,M0,No distant metastasis; site-specific wording requires manual review.,No strict table definition was extracted for this site/category. Cancer committee review required.,generic_fallback_v1_6_review_required,,,generated_rule_category_fallback_v1_6
Maxillary Sinus,AJCC7,any,M,M1,Distant metastasis category imported from staging table; site-specific definition requires manual review.,No strict table definition was extracted for this site/category. Cancer committee review required.,generic_fallback_v1_6_review_required,,,generated_rule_category_fallback_v1_6
Maxillary Sinus,AJCC8,any,T,T1,Primary tumor category imported from staging table; site-specific definition requires manual review.,No strict table definition was extracted for this site/category. Cancer committee review required.,generic_fallback_v1_6_review_required,,,generated_rule_category_fallback_v1_6
Maxillary Sinus,AJCC8,any,N,N0,No regional lymph node metastasis; site-specific wording requires manual review.,No strict table definition was extracted for this site/category. Cancer committee review required.,generic_fallback_v1_6_review_required,,,generated_rule_category_fallback_v1_6
Maxillary Sinus,AJCC8,any,M,M0,No distant metastasis; site-specific wording requires manual review.,No strict table definition was extracted for this site/category. Cancer committee review required.,generic_fallback_v1_6_review_required,,,generated_rule_category_fallback_v1_6
Melanoma of the Skin,AJCC7,any,T,T1,Primary tumor category imported from staging table; site-specific definition requires manual review.,No strict table definition was extracted for this site/category. Cancer committee review required.,generic_fallback_v1_6_review_required,,,generated_rule_category_fallback_v1_6
Melanoma of the Skin,AJCC7,any,T,T1a,Primary tumor category imported from staging table; site-specific definition requires manual review.,No strict table definition was extracted for this site/category. Cancer committee review required.,generic_fallback_v1_6_review_required,,,generated_rule_category_fallback_v1_6
Melanoma of the Skin,AJCC7,any,T,T1b,Primary tumor category imported from staging table; site-specific definition requires manual review.,No strict table definition was extracted for this site/category. Cancer committee review required.,generic_fallback_v1_6_review_required,,,generated_rule_category_fallback_v1_6
Melanoma of the Skin,AJCC7,any,T,T2,Primary tumor category imported from staging table; site-specific definition requires manual review.,No strict table definition was extracted for this site/category. Cancer committee review required.,generic_fallback_v1_6_review_required,,,generated_rule_category_fallback_v1_6
Melanoma of the Skin,AJCC7,any,T,T2a,Primary tumor category imported from staging table; site-specific definition requires manual review.,No strict table definition was extracted for this site/category. Cancer committee review required.,generic_fallback_v1_6_review_required,,,generated_rule_category_fallback_v1_6
Melanoma of the Skin,AJCC7,any,T,T2b,Primary tumor category imported from staging table; site-specific definition requires manual review.,No strict table definition was extracted for this site/category. Cancer committee review required.,generic_fallback_v1_6_review_required,,,generated_rule_category_fallback_v1_6
Melanoma of the Skin,AJCC7,any,T,T3,Primary tumor category imported from staging table; site-specific definition requires manual review.,No strict table definition was extracted for this site/category. Cancer committee review required.,generic_fallback_v1_6_review_required,,,generated_rule_category_fallback_v1_6
Melanoma of the Skin,AJCC7,any,T,T3a,Primary tumor category imported from staging table; site-specific definition requires manual review.,No strict table definition was extracted for this site/category. Cancer committee review required.,generic_fallback_v1_6_review_required,,,generated_rule_category_fallback_v1_6
Melanoma of the Skin,AJCC7,any,T,T3b,Primary tumor category imported from staging table; site-specific definition requires manual review.,No strict table definition was extracted for this site/category. Cancer committee review required.,generic_fallback_v1_6_review_required,,,generated_rule_category_fallback_v1_6
Melanoma of the Skin,AJCC7,any,T,T4a,Primary tumor category imported from staging table; site-specific definition requires manual review.,No strict table definition was extracted for this site/category. Cancer committee review required.,generic_fallback_v1_6_review_required,,,generated_rule_category_fallback_v1_6
Melanoma of the Skin,AJCC7,any,T,T4b,Primary tumor category imported from staging table; site-specific definition requires manual review.,No strict table definition was extracted for this site/category. Cancer committee review required.,generic_fallback_v1_6_review_required,,,generated_rule_category_fallback_v1_6
Melanoma of the Skin,AJCC7,any,T,Tis,Carcinoma in situ or site-specific in-situ category; site-specific wording requires manual review.,No strict table definition was extracted for this site/category. Cancer committee review required.,generic_fallback_v1_6_review_required,,,generated_rule_category_fallback_v1_6
Melanoma of the Skin,AJCC7,any,N,N0,No regional lymph node metastasis; site-specific wording requires manual review.,No strict table definition was extracted for this site/category. Cancer committee review required.,generic_fallback_v1_6_review_required,,,generated_rule_category_fallback_v1_6
Melanoma of the Skin,AJCC7,any,N,N1a,Regional lymph node category imported from staging table; site-specific definition requires manual review.,No strict table definition was extracted for this site/category. Cancer committee review required.,generic_fallback_v1_6_review_required,,,generated_rule_category_fallback_v1_6
Melanoma of the Skin,AJCC7,any,N,N1b,Regional lymph node category imported from staging table; site-specific definition requires manual review.,No strict table definition was extracted for this site/category. Cancer committee review required.,generic_fallback_v1_6_review_required,,,generated_rule_category_fallback_v1_6
Melanoma of the Skin,AJCC7,any,N,N2a,Regional lymph node category imported from staging table; site-specific definition requires manual review.,No strict table definition was extracted for this site/category. Cancer committee review required.,generic_fallback_v1_6_review_required,,,generated_rule_category_fallback_v1_6
Melanoma of the Skin,AJCC7,any,N,N2b,Regional lymph node category imported from staging table; site-specific definition requires manual review.,No strict table definition was extracted for this site/category. Cancer committee review required.,generic_fallback_v1_6_review_required,,,generated_rule_category_fallback_v1_6
Melanoma of the Skin,AJCC7,any,N,N2c,Regional lymph node category imported from staging table; site-specific definition requires manual review.,No strict table definition was extracted for this site/category. Cancer committee review required.,generic_fallback_v1_6_review_required,,,generated_rule_category_fallback_v1_6
Melanoma of the Skin,AJCC7,any,N,N3,Regional lymph node category imported from staging table; site-specific definition requires manual review.,No strict table definition was extracted for this site/category. Cancer committee review required.,generic_fallback_v1_6_review_required,,,generated_rule_category_fallback_v1_6
Melanoma of the Skin,AJCC7,any,M,M0,No distant metastasis; site-specific wording requires manual review.,No strict table definition was extracted for this site/category. Cancer committee review required.,generic_fallback_v1_6_review_required,,,generated_rule_category_fallback_v1_6
Melanoma of the Skin,AJCC7,any,M,M1,Distant metastasis category imported from staging table; site-specific definition requires manual review.,No strict table definition was extracted for this site/category. Cancer committee review required.,generic_fallback_v1_6_review_required,,,generated_rule_category_fallback_v1_6
Melanoma of the Skin,AJCC8,any,T,T1,Primary tumor category imported from staging table; site-specific definition requires manual review.,No strict table definition was extracted for this site/category. Cancer committee review required. | SURROGATE_AJCC8_DEFINITION_FROM_AJCC7_REVIEW_REQUIRED_v1.7: AJCC8 explicit definition not extractable from uploaded PDF; AJCC7 wording displayed pending cancer committee validation.,fallback_from_AJCC7_for_AJCC8_review_required_v1_7,,,surrogate_definition_from_AJCC7_v1_7
Melanoma of the Skin,AJCC8,any,T,T1a,Primary tumor category imported from staging table; site-specific definition requires manual review.,No strict table definition was extracted for this site/category. Cancer committee review required. | SURROGATE_AJCC8_DEFINITION_FROM_AJCC7_REVIEW_REQUIRED_v1.7: AJCC8 explicit definition not extractable from uploaded PDF; AJCC7 wording displayed pending cancer committee validation.,fallback_from_AJCC7_for_AJCC8_review_required_v1_7,,,surrogate_definition_from_AJCC7_v1_7
Melanoma of the Skin,AJCC8,any,T,T1b,Primary tumor category imported from staging table; site-specific definition requires manual review.,No strict table definition was extracted for this site/category. Cancer committee review required. | SURROGATE_AJCC8_DEFINITION_FROM_AJCC7_REVIEW_REQUIRED_v1.7: AJCC8 explicit definition not extractable from uploaded PDF; AJCC7 wording displayed pending cancer committee validation.,fallback_from_AJCC7_for_AJCC8_review_required_v1_7,,,surrogate_definition_from_AJCC7_v1_7
Melanoma of the Skin,AJCC8,any,T,T2,Primary tumor category imported from staging table; site-specific definition requires manual review.,No strict table definition was extracted for this site/category. Cancer committee review required. | SURROGATE_AJCC8_DEFINITION_FROM_AJCC7_REVIEW_REQUIRED_v1.7: AJCC8 explicit definition not extractable from uploaded PDF; AJCC7 wording displayed pending cancer committee validation.,fallback_from_AJCC7_for_AJCC8_review_required_v1_7,,,surrogate_definition_from_AJCC7_v1_7
Melanoma of the Skin,AJCC8,any,T,T2a,Primary tumor category imported from staging table; site-specific definition requires manual review.,No strict table definition was extracted for this site/category. Cancer committee review required. | SURROGATE_AJCC8_DEFINITION_FROM_AJCC7_REVIEW_REQUIRED_v1.7: AJCC8 explicit definition not extractable from uploaded PDF; AJCC7 wording displayed pending cancer committee validation.,fallback_from_AJCC7_for_AJCC8_review_required_v1_7,,,surrogate_definition_from_AJCC7_v1_7
Melanoma of the Skin,AJCC8,any,T,T2b,Primary tumor category imported from staging table; site-specific definition requires manual review.,No strict table definition was extracted for this site/category. Cancer committee review required. | SURROGATE_AJCC8_DEFINITION_FROM_AJCC7_REVIEW_REQUIRED_v1.7: AJCC8 explicit definition not extractable from uploaded PDF; AJCC7 wording displayed pending cancer committee validation.,fallback_from_AJCC7_for_AJCC8_review_required_v1_7,,,surrogate_definition_from_AJCC7_v1_7
Melanoma of the Skin,AJCC8,any,T,T3,Primary tumor category imported from staging table; site-specific definition requires manual review.,No strict table definition was extracted for this site/category. Cancer committee review required. | SURROGATE_AJCC8_DEFINITION_FROM_AJCC7_REVIEW_REQUIRED_v1.7: AJCC8 explicit definition not extractable from uploaded PDF; AJCC7 wording displayed pending cancer committee validation.,fallback_from_AJCC7_for_AJCC8_review_required_v1_7,,,surrogate_definition_from_AJCC7_v1_7
Melanoma of the Skin,AJCC8,any,T,T3a,Primary tumor category imported from staging table; site-specific definition requires manual review.,No strict table definition was extracted for this site/category. Cancer committee review required. | SURROGATE_AJCC8_DEFINITION_FROM_AJCC7_REVIEW_REQUIRED_v1.7: AJCC8 explicit definition not extractable from uploaded PDF; AJCC7 wording displayed pending cancer committee validation.,fallback_from_AJCC7_for_AJCC8_review_required_v1_7,,,surrogate_definition_from_AJCC7_v1_7
Melanoma of the Skin,AJCC8,any,T,T3b,Primary tumor category imported from staging table; site-specific definition requires manual review.,No strict table definition was extracted for this site/category. Cancer committee review required. | SURROGATE_AJCC8_DEFINITION_FROM_AJCC7_REVIEW_REQUIRED_v1.7: AJCC8 explicit definition not extractable from uploaded PDF; AJCC7 wording displayed pending cancer committee validation.,fallback_from_AJCC7_for_AJCC8_review_required_v1_7,,,surrogate_definition_from_AJCC7_v1_7
Melanoma of the Skin,AJCC8,any,T,T4a,Primary tumor category imported from staging table; site-specific definition requires manual review.,No strict table definition was extracted for this site/category. Cancer committee review required. | SURROGATE_AJCC8_DEFINITION_FROM_AJCC7_REVIEW_REQUIRED_v1.7: AJCC8 explicit definition not extractable from uploaded PDF; AJCC7 wording displayed pending cancer committee validation.,fallback_from_AJCC7_for_AJCC8_review_required_v1_7,,,surrogate_definition_from_AJCC7_v1_7
Melanoma of the Skin,AJCC8,any,T,T4b,Primary tumor category imported from staging table; site-specific definition requires manual review.,No strict table definition was extracted for this site/category. Cancer committee review required. | SURROGATE_AJCC8_DEFINITION_FROM_AJCC7_REVIEW_REQUIRED_v1.7: AJCC8 explicit definition not extractable from uploaded PDF; AJCC7 wording displayed pending cancer committee validation.,fallback_from_AJCC7_for_AJCC8_review_required_v1_7,,,surrogate_definition_from_AJCC7_v1_7
Melanoma of the Skin,AJCC8,any,T,Tis,Carcinoma in situ or site-specific in-situ category; site-specific wording requires manual review.,No strict table definition was extracted for this site/category. Cancer committee review required. | SURROGATE_AJCC8_DEFINITION_FROM_AJCC7_REVIEW_REQUIRED_v1.7: AJCC8 explicit definition not extractable from uploaded PDF; AJCC7 wording displayed pending cancer committee validation.,fallback_from_AJCC7_for_AJCC8_review_required_v1_7,,,surrogate_definition_from_AJCC7_v1_7
Melanoma of the Skin,AJCC8,any,N,N0,No regional lymph node metastasis; site-specific wording requires manual review.,No strict table definition was extracted for this site/category. Cancer committee review required. | SURROGATE_AJCC8_DEFINITION_FROM_AJCC7_REVIEW_REQUIRED_v1.7: AJCC8 explicit definition not extractable from uploaded PDF; AJCC7 wording displayed pending cancer committee validation.,fallback_from_AJCC7_for_AJCC8_review_required_v1_7,,,surrogate_definition_from_AJCC7_v1_7
Melanoma of the Skin,AJCC8,any,N,N1a,Regional lymph node category imported from staging table; site-specific definition requires manual review.,No strict table definition was extracted for this site/category. Cancer committee review required. | SURROGATE_AJCC8_DEFINITION_FROM_AJCC7_REVIEW_REQUIRED_v1.7: AJCC8 explicit definition not extractable from uploaded PDF; AJCC7 wording displayed pending cancer committee validation.,fallback_from_AJCC7_for_AJCC8_review_required_v1_7,,,surrogate_definition_from_AJCC7_v1_7
Melanoma of the Skin,AJCC8,any,N,N1b,Regional lymph node category imported from staging table; site-specific definition requires manual review.,No strict table definition was extracted for this site/category. Cancer committee review required. | SURROGATE_AJCC8_DEFINITION_FROM_AJCC7_REVIEW_REQUIRED_v1.7: AJCC8 explicit definition not extractable from uploaded PDF; AJCC7 wording displayed pending cancer committee validation.,fallback_from_AJCC7_for_AJCC8_review_required_v1_7,,,surrogate_definition_from_AJCC7_v1_7
Melanoma of the Skin,AJCC8,any,N,N2a,Regional lymph node category imported from staging table; site-specific definition requires manual review.,No strict table definition was extracted for this site/category. Cancer committee review required. | SURROGATE_AJCC8_DEFINITION_FROM_AJCC7_REVIEW_REQUIRED_v1.7: AJCC8 explicit definition not extractable from uploaded PDF; AJCC7 wording displayed pending cancer committee validation.,fallback_from_AJCC7_for_AJCC8_review_required_v1_7,,,surrogate_definition_from_AJCC7_v1_7
Melanoma of the Skin,AJCC8,any,N,N2b,Regional lymph node category imported from staging table; site-specific definition requires manual review.,No strict table definition was extracted for this site/category. Cancer committee review required. | SURROGATE_AJCC8_DEFINITION_FROM_AJCC7_REVIEW_REQUIRED_v1.7: AJCC8 explicit definition not extractable from uploaded PDF; AJCC7 wording displayed pending cancer committee validation.,fallback_from_AJCC7_for_AJCC8_review_required_v1_7,,,surrogate_definition_from_AJCC7_v1_7
Melanoma of the Skin,AJCC8,any,N,N2c,Regional lymph node category imported from staging table; site-specific definition requires manual review.,No strict table definition was extracted for this site/category. Cancer committee review required. | SURROGATE_AJCC8_DEFINITION_FROM_AJCC7_REVIEW_REQUIRED_v1.7: AJCC8 explicit definition not extractable from uploaded PDF; AJCC7 wording displayed pending cancer committee validation.,fallback_from_AJCC7_for_AJCC8_review_required_v1_7,,,surrogate_definition_from_AJCC7_v1_7
Melanoma of the Skin,AJCC8,any,N,N3,Regional lymph node category imported from staging table; site-specific definition requires manual review.,No strict table definition was extracted for this site/category. Cancer committee review required. | SURROGATE_AJCC8_DEFINITION_FROM_AJCC7_REVIEW_REQUIRED_v1.7: AJCC8 explicit definition not extractable from uploaded PDF; AJCC7 wording displayed pending cancer committee validation.,fallback_from_AJCC7_for_AJCC8_review_required_v1_7,,,surrogate_definition_from_AJCC7_v1_7
Melanoma of the Skin,AJCC8,any,M,M0,No distant metastasis; site-specific wording requires manual review.,No strict table definition was extracted for this site/category. Cancer committee review required. | SURROGATE_AJCC8_DEFINITION_FROM_AJCC7_REVIEW_REQUIRED_v1.7: AJCC8 explicit definition not extractable from uploaded PDF; AJCC7 wording displayed pending cancer committee validation.,fallback_from_AJCC7_for_AJCC8_review_required_v1_7,,,surrogate_definition_from_AJCC7_v1_7
Melanoma of the Skin,AJCC8,any,M,M1,Distant metastasis category imported from staging table; site-specific definition requires manual review.,No strict table definition was extracted for this site/category. Cancer committee review required. | SURROGATE_AJCC8_DEFINITION_FROM_AJCC7_REVIEW_REQUIRED_v1.7: AJCC8 explicit definition not extractable from uploaded PDF; AJCC7 wording displayed pending cancer committee validation.,fallback_from_AJCC7_for_AJCC8_review_required_v1_7,,,surrogate_definition_from_AJCC7_v1_7
Merkel Cell Carcinoma,AJCC7,any,T,T1,Primary tumor category imported from staging table; site-specific definition requires manual review.,No strict table definition was extracted for this site/category. Cancer committee review required.,generic_fallback_v1_6_review_required,,,generated_rule_category_fallback_v1_6
Merkel Cell Carcinoma,AJCC7,yp,T,T1,Primary tumor category imported from staging table; site-specific definition requires manual review.,No strict table definition was extracted for this site/category. Cancer committee review required.,generic_fallback_v1_6_review_required,,,generated_rule_category_fallback_v1_6
Merkel Cell Carcinoma,AJCC7,any,T,T2,Primary tumor category imported from staging table; site-specific definition requires manual review.,No strict table definition was extracted for this site/category. Cancer committee review required.,generic_fallback_v1_6_review_required,,,generated_rule_category_fallback_v1_6
Merkel Cell Carcinoma,AJCC7,yp,T,T2,Primary tumor category imported from staging table; site-specific definition requires manual review.,No strict table definition was extracted for this site/category. Cancer committee review required.,generic_fallback_v1_6_review_required,,,generated_rule_category_fallback_v1_6
Merkel Cell Carcinoma,AJCC7,any,T,T3,Primary tumor category imported from staging table; site-specific definition requires manual review.,No strict table definition was extracted for this site/category. Cancer committee review required.,generic_fallback_v1_6_review_required,,,generated_rule_category_fallback_v1_6
Merkel Cell Carcinoma,AJCC7,yp,T,T3,Primary tumor category imported from staging table; site-specific definition requires manual review.,No strict table definition was extracted for this site/category. Cancer committee review required.,generic_fallback_v1_6_review_required,,,generated_rule_category_fallback_v1_6
Merkel Cell Carcinoma,AJCC7,any,T,T4,Primary tumor category imported from staging table; site-specific definition requires manual review.,No strict table definition was extracted for this site/category. Cancer committee review required.,generic_fallback_v1_6_review_required,,,generated_rule_category_fallback_v1_6
Merkel Cell Carcinoma,AJCC7,yp,T,T4,Primary tumor category imported from staging table; site-specific definition requires manual review.,No strict table definition was extracted for this site/category. Cancer committee review required.,generic_fallback_v1_6_review_required,,,generated_rule_category_fallback_v1_6
Merkel Cell Carcinoma,AJCC7,any,T,Tis,Carcinoma in situ or site-specific in-situ category; site-specific wording requires manual review.,No strict table definition was extracted for this site/category. Cancer committee review required.,generic_fallback_v1_6_review_required,,,generated_rule_category_fallback_v1_6
Merkel Cell Carcinoma,AJCC7,yp,T,Tis,Carcinoma in situ or site-specific in-situ category; site-specific wording requires manual review.,No strict table definition was extracted for this site/category. Cancer committee review required.,generic_fallback_v1_6_review_required,,,generated_rule_category_fallback_v1_6
Merkel Cell Carcinoma,AJCC7,any,N,N0,No regional lymph node metastasis; site-specific wording requires manual review.,No strict table definition was extracted for this site/category. Cancer committee review required.,generic_fallback_v1_6_review_required,,,generated_rule_category_fallback_v1_6
Merkel Cell Carcinoma,AJCC7,yp,N,N0,No regional lymph node metastasis; site-specific wording requires manual review.,No strict table definition was extracted for this site/category. Cancer committee review required.,generic_fallback_v1_6_review_required,,,generated_rule_category_fallback_v1_6
Merkel Cell Carcinoma,AJCC7,any,N,N1,Regional lymph node category imported from staging table; site-specific definition requires manual review.,No strict table definition was extracted for this site/category. Cancer committee review required.,generic_fallback_v1_6_review_required,,,generated_rule_category_fallback_v1_6
Merkel Cell Carcinoma,AJCC7,yp,N,N1,Regional lymph node category imported from staging table; site-specific definition requires manual review.,No strict table definition was extracted for this site/category. Cancer committee review required.,generic_fallback_v1_6_review_required,,,generated_rule_category_fallback_v1_6
Merkel Cell Carcinoma,AJCC7,any,N,N1a,Regional lymph node category imported from staging table; site-specific definition requires manual review.,No strict table definition was extracted for this site/category. Cancer committee review required.,generic_fallback_v1_6_review_required,,,generated_rule_category_fallback_v1_6
Merkel Cell Carcinoma,AJCC7,yp,N,N1a,Regional lymph node category imported from staging table; site-specific definition requires manual review.,No strict table definition was extracted for this site/category. Cancer committee review required.,generic_fallback_v1_6_review_required,,,generated_rule_category_fallback_v1_6
Merkel Cell Carcinoma,AJCC7,any,N,N1b,Regional lymph node category imported from staging table; site-specific definition requires manual review.,No strict table definition was extracted for this site/category. Cancer committee review required.,generic_fallback_v1_6_review_required,,,generated_rule_category_fallback_v1_6
Merkel Cell Carcinoma,AJCC7,yp,N,N1b,Regional lymph node category imported from staging table; site-specific definition requires manual review.,No strict table definition was extracted for this site/category. Cancer committee review required.,generic_fallback_v1_6_review_required,,,generated_rule_category_fallback_v1_6
Merkel Cell Carcinoma,AJCC7,any,N,N2,Regional lymph node category imported from staging table; site-specific definition requires manual review.,No strict table definition was extracted for this site/category. Cancer committee review required.,generic_fallback_v1_6_review_required,,,generated_rule_category_fallback_v1_6
Merkel Cell Carcinoma,AJCC7,yp,N,N2,Regional lymph node category imported from staging table; site-specific definition requires manual review.,No strict table definition was extracted for this site/category. Cancer committee review required.,generic_fallback_v1_6_review_required,,,generated_rule_category_fallback_v1_6
Merkel Cell Carcinoma,AJCC7,any,M,M0,No distant metastasis; site-specific wording requires manual review.,No strict table definition was extracted for this site/category. Cancer committee review required.,generic_fallback_v1_6_review_required,,,generated_rule_category_fallback_v1_6
Merkel Cell Carcinoma,AJCC7,yp,M,M0,No distant metastasis; site-specific wording requires manual review.,No strict table definition was extracted for this site/category. Cancer committee review required.,generic_fallback_v1_6_review_required,,,generated_rule_category_fallback_v1_6
Merkel Cell Carcinoma,AJCC7,any,M,M1,Distant metastasis category imported from staging table; site-specific definition requires manual review.,No strict table definition was extracted for this site/category. Cancer committee review required.,generic_fallback_v1_6_review_required,,,generated_rule_category_fallback_v1_6
Merkel Cell Carcinoma,AJCC7,yp,M,M1,Distant metastasis category imported from staging table; site-specific definition requires manual review.,No strict table definition was extracted for this site/category. Cancer committee review required.,generic_fallback_v1_6_review_required,,,generated_rule_category_fallback_v1_6
Merkel Cell Carcinoma,AJCC8,any,T,T1,Primary tumor category imported from staging table; site-specific definition requires manual review.,No strict table definition was extracted for this site/category. Cancer committee review required. | SURROGATE_AJCC8_DEFINITION_FROM_AJCC7_REVIEW_REQUIRED_v1.7: AJCC8 explicit definition not extractable from uploaded PDF; AJCC7 wording displayed pending cancer committee validation.,fallback_from_AJCC7_for_AJCC8_review_required_v1_7,,,surrogate_definition_from_AJCC7_v1_7
Merkel Cell Carcinoma,AJCC8,yp,T,T1,Primary tumor category imported from staging table; site-specific definition requires manual review.,No strict table definition was extracted for this site/category. Cancer committee review required. | SURROGATE_AJCC8_DEFINITION_FROM_AJCC7_REVIEW_REQUIRED_v1.7: AJCC8 explicit definition not extractable from uploaded PDF; AJCC7 wording displayed pending cancer committee validation.,fallback_from_AJCC7_for_AJCC8_review_required_v1_7,,,surrogate_definition_from_AJCC7_v1_7
Merkel Cell Carcinoma,AJCC8,any,T,T2,Primary tumor category imported from staging table; site-specific definition requires manual review.,No strict table definition was extracted for this site/category. Cancer committee review required. | SURROGATE_AJCC8_DEFINITION_FROM_AJCC7_REVIEW_REQUIRED_v1.7: AJCC8 explicit definition not extractable from uploaded PDF; AJCC7 wording displayed pending cancer committee validation.,fallback_from_AJCC7_for_AJCC8_review_required_v1_7,,,surrogate_definition_from_AJCC7_v1_7
Merkel Cell Carcinoma,AJCC8,yp,T,T2,Primary tumor category imported from staging table; site-specific definition requires manual review.,No strict table definition was extracted for this site/category. Cancer committee review required. | SURROGATE_AJCC8_DEFINITION_FROM_AJCC7_REVIEW_REQUIRED_v1.7: AJCC8 explicit definition not extractable from uploaded PDF; AJCC7 wording displayed pending cancer committee validation.,fallback_from_AJCC7_for_AJCC8_review_required_v1_7,,,surrogate_definition_from_AJCC7_v1_7
Merkel Cell Carcinoma,AJCC8,any,T,T3,Primary tumor category imported from staging table; site-specific definition requires manual review.,No strict table definition was extracted for this site/category. Cancer committee review required. | SURROGATE_AJCC8_DEFINITION_FROM_AJCC7_REVIEW_REQUIRED_v1.7: AJCC8 explicit definition not extractable from uploaded PDF; AJCC7 wording displayed pending cancer committee validation.,fallback_from_AJCC7_for_AJCC8_review_required_v1_7,,,surrogate_definition_from_AJCC7_v1_7
Merkel Cell Carcinoma,AJCC8,yp,T,T3,Primary tumor category imported from staging table; site-specific definition requires manual review.,No strict table definition was extracted for this site/category. Cancer committee review required. | SURROGATE_AJCC8_DEFINITION_FROM_AJCC7_REVIEW_REQUIRED_v1.7: AJCC8 explicit definition not extractable from uploaded PDF; AJCC7 wording displayed pending cancer committee validation.,fallback_from_AJCC7_for_AJCC8_review_required_v1_7,,,surrogate_definition_from_AJCC7_v1_7
Merkel Cell Carcinoma,AJCC8,any,T,T4,Primary tumor category imported from staging table; site-specific definition requires manual review.,No strict table definition was extracted for this site/category. Cancer committee review required. | SURROGATE_AJCC8_DEFINITION_FROM_AJCC7_REVIEW_REQUIRED_v1.7: AJCC8 explicit definition not extractable from uploaded PDF; AJCC7 wording displayed pending cancer committee validation.,fallback_from_AJCC7_for_AJCC8_review_required_v1_7,,,surrogate_definition_from_AJCC7_v1_7
Merkel Cell Carcinoma,AJCC8,yp,T,T4,Primary tumor category imported from staging table; site-specific definition requires manual review.,No strict table definition was extracted for this site/category. Cancer committee review required. | SURROGATE_AJCC8_DEFINITION_FROM_AJCC7_REVIEW_REQUIRED_v1.7: AJCC8 explicit definition not extractable from uploaded PDF; AJCC7 wording displayed pending cancer committee validation.,fallback_from_AJCC7_for_AJCC8_review_required_v1_7,,,surrogate_definition_from_AJCC7_v1_7
Merkel Cell Carcinoma,AJCC8,any,T,Tis,Carcinoma in situ or site-specific in-situ category; site-specific wording requires manual review.,No strict table definition was extracted for this site/category. Cancer committee review required. | SURROGATE_AJCC8_DEFINITION_FROM_AJCC7_REVIEW_REQUIRED_v1.7: AJCC8 explicit definition not extractable from uploaded PDF; AJCC7 wording displayed pending cancer committee validation.,fallback_from_AJCC7_for_AJCC8_review_required_v1_7,,,surrogate_definition_from_AJCC7_v1_7
Merkel Cell Carcinoma,AJCC8,yp,T,Tis,Carcinoma in situ or site-specific in-situ category; site-specific wording requires manual review.,No strict table definition was extracted for this site/category. Cancer committee review required. | SURROGATE_AJCC8_DEFINITION_FROM_AJCC7_REVIEW_REQUIRED_v1.7: AJCC8 explicit definition not extractable from uploaded PDF; AJCC7 wording displayed pending cancer committee validation.,fallback_from_AJCC7_for_AJCC8_review_required_v1_7,,,surrogate_definition_from_AJCC7_v1_7
Merkel Cell Carcinoma,AJCC8,any,N,N0,No regional lymph node metastasis; site-specific wording requires manual review.,No strict table definition was extracted for this site/category. Cancer committee review required. | SURROGATE_AJCC8_DEFINITION_FROM_AJCC7_REVIEW_REQUIRED_v1.7: AJCC8 explicit definition not extractable from uploaded PDF; AJCC7 wording displayed pending cancer committee validation.,fallback_from_AJCC7_for_AJCC8_review_required_v1_7,,,surrogate_definition_from_AJCC7_v1_7
Merkel Cell Carcinoma,AJCC8,yp,N,N0,No regional lymph node metastasis; site-specific wording requires manual review.,No strict table definition was extracted for this site/category. Cancer committee review required. | SURROGATE_AJCC8_DEFINITION_FROM_AJCC7_REVIEW_REQUIRED_v1.7: AJCC8 explicit definition not extractable from uploaded PDF; AJCC7 wording displayed pending cancer committee validation.,fallback_from_AJCC7_for_AJCC8_review_required_v1_7,,,surrogate_definition_from_AJCC7_v1_7
Merkel Cell Carcinoma,AJCC8,any,N,N1,Regional lymph node category imported from staging table; site-specific definition requires manual review.,No strict table definition was extracted for this site/category. Cancer committee review required. | SURROGATE_AJCC8_DEFINITION_FROM_AJCC7_REVIEW_REQUIRED_v1.7: AJCC8 explicit definition not extractable from uploaded PDF; AJCC7 wording displayed pending cancer committee validation.,fallback_from_AJCC7_for_AJCC8_review_required_v1_7,,,surrogate_definition_from_AJCC7_v1_7
Merkel Cell Carcinoma,AJCC8,yp,N,N1,Regional lymph node category imported from staging table; site-specific definition requires manual review.,No strict table definition was extracted for this site/category. Cancer committee review required. | SURROGATE_AJCC8_DEFINITION_FROM_AJCC7_REVIEW_REQUIRED_v1.7: AJCC8 explicit definition not extractable from uploaded PDF; AJCC7 wording displayed pending cancer committee validation.,fallback_from_AJCC7_for_AJCC8_review_required_v1_7,,,surrogate_definition_from_AJCC7_v1_7
Merkel Cell Carcinoma,AJCC8,any,N,N1a,Regional lymph node category imported from staging table; site-specific definition requires manual review.,No strict table definition was extracted for this site/category. Cancer committee review required. | SURROGATE_AJCC8_DEFINITION_FROM_AJCC7_REVIEW_REQUIRED_v1.7: AJCC8 explicit definition not extractable from uploaded PDF; AJCC7 wording displayed pending cancer committee validation.,fallback_from_AJCC7_for_AJCC8_review_required_v1_7,,,surrogate_definition_from_AJCC7_v1_7
Merkel Cell Carcinoma,AJCC8,yp,N,N1a,Regional lymph node category imported from staging table; site-specific definition requires manual review.,No strict table definition was extracted for this site/category. Cancer committee review required. | SURROGATE_AJCC8_DEFINITION_FROM_AJCC7_REVIEW_REQUIRED_v1.7: AJCC8 explicit definition not extractable from uploaded PDF; AJCC7 wording displayed pending cancer committee validation.,fallback_from_AJCC7_for_AJCC8_review_required_v1_7,,,surrogate_definition_from_AJCC7_v1_7
Merkel Cell Carcinoma,AJCC8,any,N,N1b,Regional lymph node category imported from staging table; site-specific definition requires manual review.,No strict table definition was extracted for this site/category. Cancer committee review required. | SURROGATE_AJCC8_DEFINITION_FROM_AJCC7_REVIEW_REQUIRED_v1.7: AJCC8 explicit definition not extractable from uploaded PDF; AJCC7 wording displayed pending cancer committee validation.,fallback_from_AJCC7_for_AJCC8_review_required_v1_7,,,surrogate_definition_from_AJCC7_v1_7
Merkel Cell Carcinoma,AJCC8,yp,N,N1b,Regional lymph node category imported from staging table; site-specific definition requires manual review.,No strict table definition was extracted for this site/category. Cancer committee review required. | SURROGATE_AJCC8_DEFINITION_FROM_AJCC7_REVIEW_REQUIRED_v1.7: AJCC8 explicit definition not extractable from uploaded PDF; AJCC7 wording displayed pending cancer committee validation.,fallback_from_AJCC7_for_AJCC8_review_required_v1_7,,,surrogate_definition_from_AJCC7_v1_7
Merkel Cell Carcinoma,AJCC8,any,N,N2,Regional lymph node category imported from staging table; site-specific definition requires manual review.,No strict table definition was extracted for this site/category. Cancer committee review required. | SURROGATE_AJCC8_DEFINITION_FROM_AJCC7_REVIEW_REQUIRED_v1.7: AJCC8 explicit definition not extractable from uploaded PDF; AJCC7 wording displayed pending cancer committee validation.,fallback_from_AJCC7_for_AJCC8_review_required_v1_7,,,surrogate_definition_from_AJCC7_v1_7
Merkel Cell Carcinoma,AJCC8,yp,N,N2,Regional lymph node category imported from staging table; site-specific definition requires manual review.,No strict table definition was extracted for this site/category. Cancer committee review required. | SURROGATE_AJCC8_DEFINITION_FROM_AJCC7_REVIEW_REQUIRED_v1.7: AJCC8 explicit definition not extractable from uploaded PDF; AJCC7 wording displayed pending cancer committee validation.,fallback_from_AJCC7_for_AJCC8_review_required_v1_7,,,surrogate_definition_from_AJCC7_v1_7
Merkel Cell Carcinoma,AJCC8,any,M,M0,No distant metastasis; site-specific wording requires manual review.,No strict table definition was extracted for this site/category. Cancer committee review required. | SURROGATE_AJCC8_DEFINITION_FROM_AJCC7_REVIEW_REQUIRED_v1.7: AJCC8 explicit definition not extractable from uploaded PDF; AJCC7 wording displayed pending cancer committee validation.,fallback_from_AJCC7_for_AJCC8_review_required_v1_7,,,surrogate_definition_from_AJCC7_v1_7
Merkel Cell Carcinoma,AJCC8,yp,M,M0,No distant metastasis; site-specific wording requires manual review.,No strict table definition was extracted for this site/category. Cancer committee review required. | SURROGATE_AJCC8_DEFINITION_FROM_AJCC7_REVIEW_REQUIRED_v1.7: AJCC8 explicit definition not extractable from uploaded PDF; AJCC7 wording displayed pending cancer committee validation.,fallback_from_AJCC7_for_AJCC8_review_required_v1_7,,,surrogate_definition_from_AJCC7_v1_7
Merkel Cell Carcinoma,AJCC8,any,M,M1,Distant metastasis category imported from staging table; site-specific definition requires manual review.,No strict table definition was extracted for this site/category. Cancer committee review required. | SURROGATE_AJCC8_DEFINITION_FROM_AJCC7_REVIEW_REQUIRED_v1.7: AJCC8 explicit definition not extractable from uploaded PDF; AJCC7 wording displayed pending cancer committee validation.,fallback_from_AJCC7_for_AJCC8_review_required_v1_7,,,surrogate_definition_from_AJCC7_v1_7
Merkel Cell Carcinoma,AJCC8,yp,M,M1,Distant metastasis category imported from staging table; site-specific definition requires manual review.,No strict table definition was extracted for this site/category. Cancer committee review required. | SURROGATE_AJCC8_DEFINITION_FROM_AJCC7_REVIEW_REQUIRED_v1.7: AJCC8 explicit definition not extractable from uploaded PDF; AJCC7 wording displayed pending cancer committee validation.,fallback_from_AJCC7_for_AJCC8_review_required_v1_7,,,surrogate_definition_from_AJCC7_v1_7
Mucosal Melanoma of the Head and Neck,AJCC7,any,T,T3,Primary tumor category imported from staging table; site-specific definition requires manual review.,No strict table definition was extracted for this site/category. Cancer committee review required.,generic_fallback_v1_6_review_required,,,generated_rule_category_fallback_v1_6
Mucosal Melanoma of the Head and Neck,AJCC7,any,T,T3-T4a,Primary tumor category imported from staging table; site-specific definition requires manual review.,No strict table definition was extracted for this site/category. Cancer committee review required.,generic_fallback_v1_6_review_required,,,generated_rule_category_fallback_v1_6
Mucosal Melanoma of the Head and Neck,AJCC7,any,T,T4a,Primary tumor category imported from staging table; site-specific definition requires manual review.,No strict table definition was extracted for this site/category. Cancer committee review required.,generic_fallback_v1_6_review_required,,,generated_rule_category_fallback_v1_6
Mucosal Melanoma of the Head and Neck,AJCC7,any,T,T4b,Primary tumor category imported from staging table; site-specific definition requires manual review.,No strict table definition was extracted for this site/category. Cancer committee review required.,generic_fallback_v1_6_review_required,,,generated_rule_category_fallback_v1_6
Mucosal Melanoma of the Head and Neck,AJCC7,any,N,N0,No regional lymph node metastasis; site-specific wording requires manual review.,No strict table definition was extracted for this site/category. Cancer committee review required.,generic_fallback_v1_6_review_required,,,generated_rule_category_fallback_v1_6
Mucosal Melanoma of the Head and Neck,AJCC7,any,N,N1,Regional lymph node category imported from staging table; site-specific definition requires manual review.,No strict table definition was extracted for this site/category. Cancer committee review required.,generic_fallback_v1_6_review_required,,,generated_rule_category_fallback_v1_6
Mucosal Melanoma of the Head and Neck,AJCC7,any,M,M0,No distant metastasis; site-specific wording requires manual review.,No strict table definition was extracted for this site/category. Cancer committee review required.,generic_fallback_v1_6_review_required,,,generated_rule_category_fallback_v1_6
Mucosal Melanoma of the Head and Neck,AJCC7,any,M,M1,Distant metastasis category imported from staging table; site-specific definition requires manual review.,No strict table definition was extracted for this site/category. Cancer committee review required.,generic_fallback_v1_6_review_required,,,generated_rule_category_fallback_v1_6
Mucosal Melanoma of the Head and Neck,AJCC8,any,T,T3,Primary tumor category imported from staging table; site-specific definition requires manual review.,No strict table definition was extracted for this site/category. Cancer committee review required. | SURROGATE_AJCC8_DEFINITION_FROM_AJCC7_REVIEW_REQUIRED_v1.7: AJCC8 explicit definition not extractable from uploaded PDF; AJCC7 wording displayed pending cancer committee validation.,fallback_from_AJCC7_for_AJCC8_review_required_v1_7,,,surrogate_definition_from_AJCC7_v1_7
Mucosal Melanoma of the Head and Neck,AJCC8,any,T,T3-T4a,Primary tumor category imported from staging table; site-specific definition requires manual review.,No strict table definition was extracted for this site/category. Cancer committee review required. | SURROGATE_AJCC8_DEFINITION_FROM_AJCC7_REVIEW_REQUIRED_v1.7: AJCC8 explicit definition not extractable from uploaded PDF; AJCC7 wording displayed pending cancer committee validation.,fallback_from_AJCC7_for_AJCC8_review_required_v1_7,,,surrogate_definition_from_AJCC7_v1_7
Mucosal Melanoma of the Head and Neck,AJCC8,any,T,T4a,Primary tumor category imported from staging table; site-specific definition requires manual review.,No strict table definition was extracted for this site/category. Cancer committee review required. | SURROGATE_AJCC8_DEFINITION_FROM_AJCC7_REVIEW_REQUIRED_v1.7: AJCC8 explicit definition not extractable from uploaded PDF; AJCC7 wording displayed pending cancer committee validation.,fallback_from_AJCC7_for_AJCC8_review_required_v1_7,,,surrogate_definition_from_AJCC7_v1_7
Mucosal Melanoma of the Head and Neck,AJCC8,any,T,T4b,Primary tumor category imported from staging table; site-specific definition requires manual review.,No strict table definition was extracted for this site/category. Cancer committee review required. | SURROGATE_AJCC8_DEFINITION_FROM_AJCC7_REVIEW_REQUIRED_v1.7: AJCC8 explicit definition not extractable from uploaded PDF; AJCC7 wording displayed pending cancer committee validation.,fallback_from_AJCC7_for_AJCC8_review_required_v1_7,,,surrogate_definition_from_AJCC7_v1_7
Mucosal Melanoma of the Head and Neck,AJCC8,any,N,N0,No regional lymph node metastasis; site-specific wording requires manual review.,No strict table definition was extracted for this site/category. Cancer committee review required. | SURROGATE_AJCC8_DEFINITION_FROM_AJCC7_REVIEW_REQUIRED_v1.7: AJCC8 explicit definition not extractable from uploaded PDF; AJCC7 wording displayed pending cancer committee validation.,fallback_from_AJCC7_for_AJCC8_review_required_v1_7,,,surrogate_definition_from_AJCC7_v1_7
Mucosal Melanoma of the Head and Neck,AJCC8,any,N,N1,Regional lymph node category imported from staging table; site-specific definition requires manual review.,No strict table definition was extracted for this site/category. Cancer committee review required. | SURROGATE_AJCC8_DEFINITION_FROM_AJCC7_REVIEW_REQUIRED_v1.7: AJCC8 explicit definition not extractable from uploaded PDF; AJCC7 wording displayed pending cancer committee validation.,fallback_from_AJCC7_for_AJCC8_review_required_v1_7,,,surrogate_definition_from_AJCC7_v1_7
Mucosal Melanoma of the Head and Neck,AJCC8,any,M,M0,No distant metastasis; site-specific wording requires manual review.,No strict table definition was extracted for this site/category. Cancer committee review required. | SURROGATE_AJCC8_DEFINITION_FROM_AJCC7_REVIEW_REQUIRED_v1.7: AJCC8 explicit definition not extractable from uploaded PDF; AJCC7 wording displayed pending cancer committee validation.,fallback_from_AJCC7_for_AJCC8_review_required_v1_7,,,surrogate_definition_from_AJCC7_v1_7
Mucosal Melanoma of the Head and Neck,AJCC8,any,M,M1,Distant metastasis category imported from staging table; site-specific definition requires manual review.,No strict table definition was extracted for this site/category. Cancer committee review required. | SURROGATE_AJCC8_DEFINITION_FROM_AJCC7_REVIEW_REQUIRED_v1.7: AJCC8 explicit definition not extractable from uploaded PDF; AJCC7 wording displayed pending cancer committee validation.,fallback_from_AJCC7_for_AJCC8_review_required_v1_7,,,surrogate_definition_from_AJCC7_v1_7
NET - appendix,AJCC7,any,T,T0,No evidence of primary tumor（無原發腫瘤證據）,,checked_v0_7,,protected_curated_gi_definition_from_v0_8_2,protected_known_good_v0_8_2
NET - appendix,AJCC7,any,T,T1,Tumor ≤2 cm（腫瘤 ≤2 cm）,,checked_v0_7,,protected_curated_gi_definition_from_v0_8_2,protected_known_good_v0_8_2
NET - appendix,AJCC7,any,T,T2,"Tumor >2 cm but ≤4 cm, or extension to cecum by site-specific criteria（>2 至 ≤4 cm，或依部位定義延伸至盲腸）",,checked_v0_7,,protected_curated_gi_definition_from_v0_8_2,protected_known_good_v0_8_2
NET - appendix,AJCC7,any,T,T3,Tumor >4 cm or extension into ileum/mesoappendix by site-specific criteria（>4 cm 或依部位定義侵犯迴腸/闌尾繫膜）,,checked_v0_7,,protected_curated_gi_definition_from_v0_8_2,protected_known_good_v0_8_2
NET - appendix,AJCC7,any,T,T4,Tumor perforates peritoneum or directly invades adjacent organs/structures（穿破腹膜或直接侵犯鄰近器官/構造）,,checked_v0_7,,protected_curated_gi_definition_from_v0_8_2,protected_known_good_v0_8_2
NET - appendix,AJCC7,any,T,TX,Primary tumor cannot be assessed（原發腫瘤無法評估）,,checked_v0_7,,protected_curated_gi_definition_from_v0_8_2,protected_known_good_v0_8_2
NET - appendix,AJCC7,any,T,Tis,"Carcinoma in situ / high-grade dysplasia, according to site-specific wording（原位癌／高度異生，依癌種定義）",,checked_v0_7,,protected_curated_gi_definition_from_v0_8_2,protected_known_good_v0_8_2
NET - appendix,AJCC7,any,N,N0,No regional lymph node metastasis（無區域淋巴結轉移）,,checked_v0_7,,protected_curated_gi_definition_from_v0_8_2,protected_known_good_v0_8_2
NET - appendix,AJCC7,any,N,N1,Regional lymph node metastasis（區域淋巴結轉移）,,checked_v0_7,,protected_curated_gi_definition_from_v0_8_2,protected_known_good_v0_8_2
NET - appendix,AJCC7,any,N,NX,Regional lymph nodes cannot be assessed（區域淋巴結無法評估）,,checked_v0_7,,protected_curated_gi_definition_from_v0_8_2,protected_known_good_v0_8_2
NET - appendix,AJCC7,any,M,M0,No distant metastasis（無遠端轉移）,,checked_v0_7,,protected_curated_gi_definition_from_v0_8_2,protected_known_good_v0_8_2
NET - appendix,AJCC7,any,M,M1,Distant metastasis（有遠端轉移）,,checked_v0_7,,protected_curated_gi_definition_from_v0_8_2,protected_known_good_v0_8_2
NET - appendix,AJCC8,any,T,T0,No evidence of primary tumor（無原發腫瘤證據）,,checked_v0_7,,protected_curated_gi_definition_from_v0_8_2,protected_known_good_v0_8_2
NET - appendix,AJCC8,any,T,T1,Tumor ≤2 cm（腫瘤 ≤2 cm）,,checked_v0_7,,protected_curated_gi_definition_from_v0_8_2,protected_known_good_v0_8_2
NET - appendix,AJCC8,any,T,T2,"Tumor >2 cm but ≤4 cm, or extension to cecum by site-specific criteria（>2 至 ≤4 cm，或依部位定義延伸至盲腸）",,checked_v0_7,,protected_curated_gi_definition_from_v0_8_2,protected_known_good_v0_8_2
NET - appendix,AJCC8,any,T,T3,Tumor >4 cm or extension into ileum/mesoappendix by site-specific criteria（>4 cm 或依部位定義侵犯迴腸/闌尾繫膜）,,checked_v0_7,,protected_curated_gi_definition_from_v0_8_2,protected_known_good_v0_8_2
NET - appendix,AJCC8,any,T,T4,Tumor perforates peritoneum or directly invades adjacent organs/structures（穿破腹膜或直接侵犯鄰近器官/構造）,,checked_v0_7,,protected_curated_gi_definition_from_v0_8_2,protected_known_good_v0_8_2
NET - appendix,AJCC8,any,T,TX,Primary tumor cannot be assessed（原發腫瘤無法評估）,,checked_v0_7,,protected_curated_gi_definition_from_v0_8_2,protected_known_good_v0_8_2
NET - appendix,AJCC8,any,T,Tis,"Carcinoma in situ / high-grade dysplasia, according to site-specific wording（原位癌／高度異生，依癌種定義）",,checked_v0_7,,protected_curated_gi_definition_from_v0_8_2,protected_known_good_v0_8_2
NET - appendix,AJCC8,any,N,N0,No regional lymph node metastasis（無區域淋巴結轉移）,,checked_v0_7,,protected_curated_gi_definition_from_v0_8_2,protected_known_good_v0_8_2
NET - appendix,AJCC8,any,N,N1,Regional lymph node metastasis（區域淋巴結轉移）,,checked_v0_7,,protected_curated_gi_definition_from_v0_8_2,protected_known_good_v0_8_2
NET - appendix,AJCC8,any,N,NX,Regional lymph nodes cannot be assessed（區域淋巴結無法評估）,,checked_v0_7,,protected_curated_gi_definition_from_v0_8_2,protected_known_good_v0_8_2
NET - appendix,AJCC8,any,M,M0,No distant metastasis（無遠端轉移）,,checked_v0_7,,protected_curated_gi_definition_from_v0_8_2,protected_known_good_v0_8_2
NET - appendix,AJCC8,any,M,M1,Distant metastasis（有遠端轉移）,,checked_v0_7,,protected_curated_gi_definition_from_v0_8_2,protected_known_good_v0_8_2
NET - colon / rectum,AJCC7,any,T,T0,No evidence of primary tumor（無原發腫瘤證據）,,checked_v0_7,,protected_curated_gi_definition_from_v0_8_2,protected_known_good_v0_8_2
NET - colon / rectum,AJCC7,any,T,T1,Tumor invades lamina propria or submucosa and is small by site-specific criteria（侵犯固有層或黏膜下層且符合小型定義）,,checked_v0_7,,protected_curated_gi_definition_from_v0_8_2,protected_known_good_v0_8_2
NET - colon / rectum,AJCC7,any,T,T2,Tumor invades muscularis propria or is larger by site-specific criteria（侵犯固有肌層或尺寸較大）,,checked_v0_7,,protected_curated_gi_definition_from_v0_8_2,protected_known_good_v0_8_2
NET - colon / rectum,AJCC7,any,T,T3,Tumor invades through muscularis propria into subserosa/pericolorectal tissue（穿越肌層至漿膜下或結腸/直腸周圍組織）,,checked_v0_7,,protected_curated_gi_definition_from_v0_8_2,protected_known_good_v0_8_2
NET - colon / rectum,AJCC7,any,T,T4,Tumor invades visceral peritoneum or other organs/structures（侵犯臟層腹膜或其他器官/構造）,,checked_v0_7,,protected_curated_gi_definition_from_v0_8_2,protected_known_good_v0_8_2
NET - colon / rectum,AJCC7,any,T,TX,Primary tumor cannot be assessed（原發腫瘤無法評估）,,checked_v0_7,,protected_curated_gi_definition_from_v0_8_2,protected_known_good_v0_8_2
NET - colon / rectum,AJCC7,any,T,Tis,In situ / dysplasia category when available（原位/異生分類，若適用）,,checked_v0_7,,protected_curated_gi_definition_from_v0_8_2,protected_known_good_v0_8_2
NET - colon / rectum,AJCC7,any,N,N0,No regional lymph node metastasis（無區域淋巴結轉移）,,checked_v0_7,,protected_curated_gi_definition_from_v0_8_2,protected_known_good_v0_8_2
NET - colon / rectum,AJCC7,any,N,N1,Regional lymph node metastasis（區域淋巴結轉移）,,checked_v0_7,,protected_curated_gi_definition_from_v0_8_2,protected_known_good_v0_8_2
NET - colon / rectum,AJCC7,any,N,NX,Regional lymph nodes cannot be assessed（區域淋巴結無法評估）,,checked_v0_7,,protected_curated_gi_definition_from_v0_8_2,protected_known_good_v0_8_2
NET - colon / rectum,AJCC7,any,M,M0,No distant metastasis（無遠端轉移）,,checked_v0_7,,protected_curated_gi_definition_from_v0_8_2,protected_known_good_v0_8_2
NET - colon / rectum,AJCC7,any,M,M1,Distant metastasis（有遠端轉移）,,checked_v0_7,,protected_curated_gi_definition_from_v0_8_2,protected_known_good_v0_8_2
NET - colon / rectum,AJCC8,any,T,T0,No evidence of primary tumor（無原發腫瘤證據）,,checked_v0_7,,protected_curated_gi_definition_from_v0_8_2,protected_known_good_v0_8_2
NET - colon / rectum,AJCC8,any,T,T1,Tumor invades lamina propria or submucosa and is small by site-specific criteria（侵犯固有層或黏膜下層且符合小型定義）,,checked_v0_7,,protected_curated_gi_definition_from_v0_8_2,protected_known_good_v0_8_2
NET - colon / rectum,AJCC8,any,T,T2,Tumor invades muscularis propria or is larger by site-specific criteria（侵犯固有肌層或尺寸較大）,,checked_v0_7,,protected_curated_gi_definition_from_v0_8_2,protected_known_good_v0_8_2
NET - colon / rectum,AJCC8,any,T,T3,Tumor invades through muscularis propria into subserosa/pericolorectal tissue（穿越肌層至漿膜下或結腸/直腸周圍組織）,,checked_v0_7,,protected_curated_gi_definition_from_v0_8_2,protected_known_good_v0_8_2
NET - colon / rectum,AJCC8,any,T,T4,Tumor invades visceral peritoneum or other organs/structures（侵犯臟層腹膜或其他器官/構造）,,checked_v0_7,,protected_curated_gi_definition_from_v0_8_2,protected_known_good_v0_8_2
NET - colon / rectum,AJCC8,any,T,TX,Primary tumor cannot be assessed（原發腫瘤無法評估）,,checked_v0_7,,protected_curated_gi_definition_from_v0_8_2,protected_known_good_v0_8_2
NET - colon / rectum,AJCC8,any,T,Tis,In situ / dysplasia category when available（原位/異生分類，若適用）,,checked_v0_7,,protected_curated_gi_definition_from_v0_8_2,protected_known_good_v0_8_2
NET - colon / rectum,AJCC8,any,N,N0,No regional lymph node metastasis（無區域淋巴結轉移）,,checked_v0_7,,protected_curated_gi_definition_from_v0_8_2,protected_known_good_v0_8_2
NET - colon / rectum,AJCC8,any,N,N1,Regional lymph node metastasis（區域淋巴結轉移）,,checked_v0_7,,protected_curated_gi_definition_from_v0_8_2,protected_known_good_v0_8_2
NET - colon / rectum,AJCC8,any,N,NX,Regional lymph nodes cannot be assessed（區域淋巴結無法評估）,,checked_v0_7,,protected_curated_gi_definition_from_v0_8_2,protected_known_good_v0_8_2
NET - colon / rectum,AJCC8,any,M,M0,No distant metastasis（無遠端轉移）,,checked_v0_7,,protected_curated_gi_definition_from_v0_8_2,protected_known_good_v0_8_2
NET - colon / rectum,AJCC8,any,M,M1,Distant metastasis（有遠端轉移）,,checked_v0_7,,protected_curated_gi_definition_from_v0_8_2,protected_known_good_v0_8_2
NET - duodenum / ampulla,AJCC7,any,T,T0,No evidence of primary tumor（無原發腫瘤證據）,,checked_v0_7,,protected_curated_gi_definition_from_v0_8_2,protected_known_good_v0_8_2
NET - duodenum / ampulla,AJCC7,any,T,T1,"Tumor limited to mucosa/submucosa and ≤1 cm, or limited to ampulla/sphincter by site-specific criteria（限於黏膜/黏膜下層且小型，或限於壺腹/括約肌）",,checked_v0_7,,protected_curated_gi_definition_from_v0_8_2,protected_known_good_v0_8_2
NET - duodenum / ampulla,AJCC7,any,T,T2,Tumor invades muscularis propria or >1 cm（侵犯固有肌層或 >1 cm）,,checked_v0_7,,protected_curated_gi_definition_from_v0_8_2,protected_known_good_v0_8_2
NET - duodenum / ampulla,AJCC7,any,T,T3,Tumor invades pancreas or peripancreatic/periduodenal tissues（侵犯胰臟或胰周/十二指腸周邊組織）,,checked_v0_7,,protected_curated_gi_definition_from_v0_8_2,protected_known_good_v0_8_2
NET - duodenum / ampulla,AJCC7,any,T,T4,Tumor invades visceral peritoneum or adjacent organs/structures（侵犯臟層腹膜或鄰近器官/構造）,,checked_v0_7,,protected_curated_gi_definition_from_v0_8_2,protected_known_good_v0_8_2
NET - duodenum / ampulla,AJCC7,any,T,TX,Primary tumor cannot be assessed（原發腫瘤無法評估）,,checked_v0_7,,protected_curated_gi_definition_from_v0_8_2,protected_known_good_v0_8_2
NET - duodenum / ampulla,AJCC7,any,T,Tis,In situ / dysplasia category when available（原位/異生分類，若適用）,,checked_v0_7,,protected_curated_gi_definition_from_v0_8_2,protected_known_good_v0_8_2
NET - duodenum / ampulla,AJCC7,any,N,N0,No regional lymph node metastasis（無區域淋巴結轉移）,,checked_v0_7,,protected_curated_gi_definition_from_v0_8_2,protected_known_good_v0_8_2
NET - duodenum / ampulla,AJCC7,any,N,N1,Regional lymph node metastasis（區域淋巴結轉移）,,checked_v0_7,,protected_curated_gi_definition_from_v0_8_2,protected_known_good_v0_8_2
NET - duodenum / ampulla,AJCC7,any,N,NX,Regional lymph nodes cannot be assessed（區域淋巴結無法評估）,,checked_v0_7,,protected_curated_gi_definition_from_v0_8_2,protected_known_good_v0_8_2
NET - duodenum / ampulla,AJCC7,any,M,M0,No distant metastasis（無遠端轉移）,,checked_v0_7,,protected_curated_gi_definition_from_v0_8_2,protected_known_good_v0_8_2
NET - duodenum / ampulla,AJCC7,any,M,M1,Distant metastasis（有遠端轉移）,,checked_v0_7,,protected_curated_gi_definition_from_v0_8_2,protected_known_good_v0_8_2
NET - duodenum / ampulla,AJCC8,any,T,T0,No evidence of primary tumor（無原發腫瘤證據）,,checked_v0_7,,protected_curated_gi_definition_from_v0_8_2,protected_known_good_v0_8_2
NET - duodenum / ampulla,AJCC8,any,T,T1,"Tumor limited to mucosa/submucosa and ≤1 cm, or limited to ampulla/sphincter by site-specific criteria（限於黏膜/黏膜下層且小型，或限於壺腹/括約肌）",,checked_v0_7,,protected_curated_gi_definition_from_v0_8_2,protected_known_good_v0_8_2
NET - duodenum / ampulla,AJCC8,any,T,T2,Tumor invades muscularis propria or >1 cm（侵犯固有肌層或 >1 cm）,,checked_v0_7,,protected_curated_gi_definition_from_v0_8_2,protected_known_good_v0_8_2
NET - duodenum / ampulla,AJCC8,any,T,T3,Tumor invades pancreas or peripancreatic/periduodenal tissues（侵犯胰臟或胰周/十二指腸周邊組織）,,checked_v0_7,,protected_curated_gi_definition_from_v0_8_2,protected_known_good_v0_8_2
NET - duodenum / ampulla,AJCC8,any,T,T4,Tumor invades visceral peritoneum or adjacent organs/structures（侵犯臟層腹膜或鄰近器官/構造）,,checked_v0_7,,protected_curated_gi_definition_from_v0_8_2,protected_known_good_v0_8_2
NET - duodenum / ampulla,AJCC8,any,T,TX,Primary tumor cannot be assessed（原發腫瘤無法評估）,,checked_v0_7,,protected_curated_gi_definition_from_v0_8_2,protected_known_good_v0_8_2
NET - duodenum / ampulla,AJCC8,any,T,Tis,In situ / dysplasia category when available（原位/異生分類，若適用）,,checked_v0_7,,protected_curated_gi_definition_from_v0_8_2,protected_known_good_v0_8_2
NET - duodenum / ampulla,AJCC8,any,N,N0,No regional lymph node metastasis（無區域淋巴結轉移）,,checked_v0_7,,protected_curated_gi_definition_from_v0_8_2,protected_known_good_v0_8_2
NET - duodenum / ampulla,AJCC8,any,N,N1,Regional lymph node metastasis（區域淋巴結轉移）,,checked_v0_7,,protected_curated_gi_definition_from_v0_8_2,protected_known_good_v0_8_2
NET - duodenum / ampulla,AJCC8,any,N,NX,Regional lymph nodes cannot be assessed（區域淋巴結無法評估）,,checked_v0_7,,protected_curated_gi_definition_from_v0_8_2,protected_known_good_v0_8_2
NET - duodenum / ampulla,AJCC8,any,M,M0,No distant metastasis（無遠端轉移）,,checked_v0_7,,protected_curated_gi_definition_from_v0_8_2,protected_known_good_v0_8_2
NET - duodenum / ampulla,AJCC8,any,M,M1,Distant metastasis（有遠端轉移）,,checked_v0_7,,protected_curated_gi_definition_from_v0_8_2,protected_known_good_v0_8_2
NET - jejunum / ileum,AJCC7,any,T,T0,No evidence of primary tumor（無原發腫瘤證據）,,checked_v0_7,,protected_curated_gi_definition_from_v0_8_2,protected_known_good_v0_8_2
NET - jejunum / ileum,AJCC7,any,T,T1,Tumor invades lamina propria or submucosa and is ≤1 cm（侵犯固有層或黏膜下層且 ≤1 cm）,,checked_v0_7,,protected_curated_gi_definition_from_v0_8_2,protected_known_good_v0_8_2
NET - jejunum / ileum,AJCC7,any,T,T2,Tumor invades muscularis propria or >1 cm（侵犯固有肌層或 >1 cm）,,checked_v0_7,,protected_curated_gi_definition_from_v0_8_2,protected_known_good_v0_8_2
NET - jejunum / ileum,AJCC7,any,T,T3,Tumor invades subserosa without serosal penetration（侵犯漿膜下層，未穿透漿膜）,,checked_v0_7,,protected_curated_gi_definition_from_v0_8_2,protected_known_good_v0_8_2
NET - jejunum / ileum,AJCC7,any,T,T4,Tumor invades visceral peritoneum/serosa or adjacent organs/structures（侵犯臟層腹膜/漿膜或鄰近構造）,,checked_v0_7,,protected_curated_gi_definition_from_v0_8_2,protected_known_good_v0_8_2
NET - jejunum / ileum,AJCC7,any,T,TX,Primary tumor cannot be assessed（原發腫瘤無法評估）,,checked_v0_7,,protected_curated_gi_definition_from_v0_8_2,protected_known_good_v0_8_2
NET - jejunum / ileum,AJCC7,any,T,Tis,In situ / dysplasia category when available（原位/異生分類，若適用）,,checked_v0_7,,protected_curated_gi_definition_from_v0_8_2,protected_known_good_v0_8_2
NET - jejunum / ileum,AJCC7,any,N,N0,No regional lymph node metastasis（無區域淋巴結轉移）,,checked_v0_7,,protected_curated_gi_definition_from_v0_8_2,protected_known_good_v0_8_2
NET - jejunum / ileum,AJCC7,any,N,N1,"Regional lymph node metastasis, or applicable mesenteric nodal mass definition by edition（區域淋巴結轉移；依版本可含腸繫膜淋巴結團塊定義）",,checked_v0_7,,protected_curated_gi_definition_from_v0_8_2,protected_known_good_v0_8_2
NET - jejunum / ileum,AJCC7,any,N,N2,Large mesenteric mass and/or extensive nodal deposits by AJCC8 NET criteria（AJCC8 NET 定義之大型腸繫膜團塊及/或廣泛節點沉積）,,checked_v0_7,,protected_curated_gi_definition_from_v0_8_2,protected_known_good_v0_8_2
NET - jejunum / ileum,AJCC7,any,N,NX,Regional lymph nodes cannot be assessed（區域淋巴結無法評估）,,checked_v0_7,,protected_curated_gi_definition_from_v0_8_2,protected_known_good_v0_8_2
NET - jejunum / ileum,AJCC7,any,M,M0,No distant metastasis（無遠端轉移）,,checked_v0_7,,protected_curated_gi_definition_from_v0_8_2,protected_known_good_v0_8_2
NET - jejunum / ileum,AJCC7,any,M,M1,Distant metastasis（有遠端轉移）,,checked_v0_7,,protected_curated_gi_definition_from_v0_8_2,protected_known_good_v0_8_2
NET - jejunum / ileum,AJCC8,any,T,T0,No evidence of primary tumor（無原發腫瘤證據）,,checked_v0_7,,protected_curated_gi_definition_from_v0_8_2,protected_known_good_v0_8_2
NET - jejunum / ileum,AJCC8,any,T,T1,Tumor invades lamina propria or submucosa and is ≤1 cm（侵犯固有層或黏膜下層且 ≤1 cm）,,checked_v0_7,,protected_curated_gi_definition_from_v0_8_2,protected_known_good_v0_8_2
NET - jejunum / ileum,AJCC8,any,T,T2,Tumor invades muscularis propria or >1 cm（侵犯固有肌層或 >1 cm）,,checked_v0_7,,protected_curated_gi_definition_from_v0_8_2,protected_known_good_v0_8_2
NET - jejunum / ileum,AJCC8,any,T,T3,Tumor invades subserosa without serosal penetration（侵犯漿膜下層，未穿透漿膜）,,checked_v0_7,,protected_curated_gi_definition_from_v0_8_2,protected_known_good_v0_8_2
NET - jejunum / ileum,AJCC8,any,T,T4,Tumor invades visceral peritoneum/serosa or adjacent organs/structures（侵犯臟層腹膜/漿膜或鄰近構造）,,checked_v0_7,,protected_curated_gi_definition_from_v0_8_2,protected_known_good_v0_8_2
NET - jejunum / ileum,AJCC8,any,T,TX,Primary tumor cannot be assessed（原發腫瘤無法評估）,,checked_v0_7,,protected_curated_gi_definition_from_v0_8_2,protected_known_good_v0_8_2
NET - jejunum / ileum,AJCC8,any,T,Tis,In situ / dysplasia category when available（原位/異生分類，若適用）,,checked_v0_7,,protected_curated_gi_definition_from_v0_8_2,protected_known_good_v0_8_2
NET - jejunum / ileum,AJCC8,any,N,N0,No regional lymph node metastasis（無區域淋巴結轉移）,,checked_v0_7,,protected_curated_gi_definition_from_v0_8_2,protected_known_good_v0_8_2
NET - jejunum / ileum,AJCC8,any,N,N1,"Regional lymph node metastasis, or applicable mesenteric nodal mass definition by edition（區域淋巴結轉移；依版本可含腸繫膜淋巴結團塊定義）",,checked_v0_7,,protected_curated_gi_definition_from_v0_8_2,protected_known_good_v0_8_2
NET - jejunum / ileum,AJCC8,any,N,N2,Large mesenteric mass and/or extensive nodal deposits by AJCC8 NET criteria（AJCC8 NET 定義之大型腸繫膜團塊及/或廣泛節點沉積）,,checked_v0_7,,protected_curated_gi_definition_from_v0_8_2,protected_known_good_v0_8_2
NET - jejunum / ileum,AJCC8,any,N,NX,Regional lymph nodes cannot be assessed（區域淋巴結無法評估）,,checked_v0_7,,protected_curated_gi_definition_from_v0_8_2,protected_known_good_v0_8_2
NET - jejunum / ileum,AJCC8,any,M,M0,No distant metastasis（無遠端轉移）,,checked_v0_7,,protected_curated_gi_definition_from_v0_8_2,protected_known_good_v0_8_2
NET - jejunum / ileum,AJCC8,any,M,M1,Distant metastasis（有遠端轉移）,,checked_v0_7,,protected_curated_gi_definition_from_v0_8_2,protected_known_good_v0_8_2
NET - pancreas,AJCC7,any,T,T0,No evidence of primary tumor（無原發腫瘤證據）,,checked_v0_7,,protected_curated_gi_definition_from_v0_8_2,protected_known_good_v0_8_2
NET - pancreas,AJCC7,any,T,T1,"Tumor limited to pancreas, ≤2 cm（限於胰臟且 ≤2 cm）",,checked_v0_7,,protected_curated_gi_definition_from_v0_8_2,protected_known_good_v0_8_2
NET - pancreas,AJCC7,any,T,T2,"Tumor limited to pancreas, >2 cm（限於胰臟且 >2 cm）",,checked_v0_7,,protected_curated_gi_definition_from_v0_8_2,protected_known_good_v0_8_2
NET - pancreas,AJCC7,any,T,T3,Tumor extends beyond pancreas without celiac axis/SMA involvement（超出胰臟但未侵犯腹腔幹/SMA）,,checked_v0_7,,protected_curated_gi_definition_from_v0_8_2,protected_known_good_v0_8_2
NET - pancreas,AJCC7,any,T,T4,Tumor involves celiac axis or superior mesenteric artery（侵犯腹腔幹或上腸繫膜動脈）,,checked_v0_7,,protected_curated_gi_definition_from_v0_8_2,protected_known_good_v0_8_2
NET - pancreas,AJCC7,any,T,TX,Primary tumor cannot be assessed（原發腫瘤無法評估）,,checked_v0_7,,protected_curated_gi_definition_from_v0_8_2,protected_known_good_v0_8_2
NET - pancreas,AJCC7,any,T,Tis,Carcinoma in situ category when applicable（原位病變，若適用）,,checked_v0_7,,protected_curated_gi_definition_from_v0_8_2,protected_known_good_v0_8_2
NET - pancreas,AJCC7,any,N,N0,No regional lymph node metastasis（無區域淋巴結轉移）,,checked_v0_7,,protected_curated_gi_definition_from_v0_8_2,protected_known_good_v0_8_2
NET - pancreas,AJCC7,any,N,N1,Regional lymph node metastasis（區域淋巴結轉移）,,checked_v0_7,,protected_curated_gi_definition_from_v0_8_2,protected_known_good_v0_8_2
NET - pancreas,AJCC7,any,N,NX,Regional lymph nodes cannot be assessed（區域淋巴結無法評估）,,checked_v0_7,,protected_curated_gi_definition_from_v0_8_2,protected_known_good_v0_8_2
NET - pancreas,AJCC7,any,M,M0,No distant metastasis（無遠端轉移）,,checked_v0_7,,protected_curated_gi_definition_from_v0_8_2,protected_known_good_v0_8_2
NET - pancreas,AJCC7,any,M,M1,Distant metastasis（有遠端轉移）,,checked_v0_7,,protected_curated_gi_definition_from_v0_8_2,protected_known_good_v0_8_2
NET - pancreas,AJCC8,any,T,T0,No evidence of primary tumor（無原發腫瘤證據）,,checked_v0_7,,protected_curated_gi_definition_from_v0_8_2,protected_known_good_v0_8_2
NET - pancreas,AJCC8,any,T,T1,"Tumor limited to pancreas, <2 cm（限於胰臟且 <2 cm）",,checked_v0_7,,protected_curated_gi_definition_from_v0_8_2,protected_known_good_v0_8_2
NET - pancreas,AJCC8,any,T,T2,Tumor 2–4 cm or invading duodenum/bile duct by site-specific criteria（2–4 cm 或依部位定義侵犯十二指腸/膽管）,,checked_v0_7,,protected_curated_gi_definition_from_v0_8_2,protected_known_good_v0_8_2
NET - pancreas,AJCC8,any,T,T3,Tumor >4 cm or invading duodenum or common bile duct（>4 cm 或侵犯十二指腸/總膽管）,,checked_v0_7,,protected_curated_gi_definition_from_v0_8_2,protected_known_good_v0_8_2
NET - pancreas,AJCC8,any,T,T4,"Tumor involves celiac axis, superior mesenteric artery, and/or common hepatic artery（侵犯腹腔幹、上腸繫膜動脈及/或總肝動脈）",,checked_v0_7,,protected_curated_gi_definition_from_v0_8_2,protected_known_good_v0_8_2
NET - pancreas,AJCC8,any,T,TX,Primary tumor cannot be assessed（原發腫瘤無法評估）,,checked_v0_7,,protected_curated_gi_definition_from_v0_8_2,protected_known_good_v0_8_2
NET - pancreas,AJCC8,any,T,Tis,"Carcinoma in situ / high-grade dysplasia, according to site-specific wording（原位癌／高度異生，依癌種定義）",,checked_v0_7,,protected_curated_gi_definition_from_v0_8_2,protected_known_good_v0_8_2
NET - pancreas,AJCC8,any,N,N0,No regional lymph node metastasis（無區域淋巴結轉移）,,checked_v0_7,,protected_curated_gi_definition_from_v0_8_2,protected_known_good_v0_8_2
NET - pancreas,AJCC8,any,N,N1,Regional lymph node metastasis（區域淋巴結轉移）,,checked_v0_7,,protected_curated_gi_definition_from_v0_8_2,protected_known_good_v0_8_2
NET - pancreas,AJCC8,any,N,NX,Regional lymph nodes cannot be assessed（區域淋巴結無法評估）,,checked_v0_7,,protected_curated_gi_definition_from_v0_8_2,protected_known_good_v0_8_2
NET - pancreas,AJCC8,any,M,M0,No distant metastasis（無遠端轉移）,,checked_v0_7,,protected_curated_gi_definition_from_v0_8_2,protected_known_good_v0_8_2
NET - pancreas,AJCC8,any,M,M1,Distant metastasis（有遠端轉移）,,checked_v0_7,,protected_curated_gi_definition_from_v0_8_2,protected_known_good_v0_8_2
NET - stomach,AJCC7,any,T,T0,No evidence of primary tumor（無原發腫瘤證據）,,checked_v0_7,,protected_curated_gi_definition_from_v0_8_2,protected_known_good_v0_8_2
NET - stomach,AJCC7,any,T,T1,Tumor invades lamina propria or submucosa and is small/limited by site-specific criteria（侵犯固有層或黏膜下層且符合該部位小型/侷限定義）,,checked_v0_7,,protected_curated_gi_definition_from_v0_8_2,protected_known_good_v0_8_2
NET - stomach,AJCC7,any,T,T2,Tumor invades muscularis propria or is larger by site-specific criteria（侵犯固有肌層或尺寸較大）,,checked_v0_7,,protected_curated_gi_definition_from_v0_8_2,protected_known_good_v0_8_2
NET - stomach,AJCC7,any,T,T3,Tumor invades subserosa（侵犯漿膜下層）,,checked_v0_7,,protected_curated_gi_definition_from_v0_8_2,protected_known_good_v0_8_2
NET - stomach,AJCC7,any,T,T4,Tumor invades visceral peritoneum/serosa or adjacent structures（侵犯臟層腹膜/漿膜或鄰近構造）,,checked_v0_7,,protected_curated_gi_definition_from_v0_8_2,protected_known_good_v0_8_2
NET - stomach,AJCC7,any,T,TX,Primary tumor cannot be assessed（原發腫瘤無法評估）,,checked_v0_7,,protected_curated_gi_definition_from_v0_8_2,protected_known_good_v0_8_2
NET - stomach,AJCC7,any,T,Tis,In situ / dysplasia category when available（原位/異生分類，若適用）,,checked_v0_7,,protected_curated_gi_definition_from_v0_8_2,protected_known_good_v0_8_2
NET - stomach,AJCC7,any,N,N0,No regional lymph node metastasis（無區域淋巴結轉移）,,checked_v0_7,,protected_curated_gi_definition_from_v0_8_2,protected_known_good_v0_8_2
NET - stomach,AJCC7,any,N,N1,Regional lymph node metastasis（區域淋巴結轉移）,,checked_v0_7,,protected_curated_gi_definition_from_v0_8_2,protected_known_good_v0_8_2
NET - stomach,AJCC7,any,N,NX,Regional lymph nodes cannot be assessed（區域淋巴結無法評估）,,checked_v0_7,,protected_curated_gi_definition_from_v0_8_2,protected_known_good_v0_8_2
NET - stomach,AJCC7,any,M,M0,No distant metastasis（無遠端轉移）,,checked_v0_7,,protected_curated_gi_definition_from_v0_8_2,protected_known_good_v0_8_2
NET - stomach,AJCC7,any,M,M1,Distant metastasis（有遠端轉移）,,checked_v0_7,,protected_curated_gi_definition_from_v0_8_2,protected_known_good_v0_8_2
NET - stomach,AJCC8,any,T,T0,No evidence of primary tumor（無原發腫瘤證據）,,checked_v0_7,,protected_curated_gi_definition_from_v0_8_2,protected_known_good_v0_8_2
NET - stomach,AJCC8,any,T,T1,Tumor invades lamina propria or submucosa and is small/limited by site-specific criteria（侵犯固有層或黏膜下層且符合該部位小型/侷限定義）,,checked_v0_7,,protected_curated_gi_definition_from_v0_8_2,protected_known_good_v0_8_2
NET - stomach,AJCC8,any,T,T2,Tumor invades muscularis propria or is larger by site-specific criteria（侵犯固有肌層或尺寸較大）,,checked_v0_7,,protected_curated_gi_definition_from_v0_8_2,protected_known_good_v0_8_2
NET - stomach,AJCC8,any,T,T3,Tumor invades subserosa（侵犯漿膜下層）,,checked_v0_7,,protected_curated_gi_definition_from_v0_8_2,protected_known_good_v0_8_2
NET - stomach,AJCC8,any,T,T4,Tumor invades visceral peritoneum/serosa or adjacent structures（侵犯臟層腹膜/漿膜或鄰近構造）,,checked_v0_7,,protected_curated_gi_definition_from_v0_8_2,protected_known_good_v0_8_2
NET - stomach,AJCC8,any,T,TX,Primary tumor cannot be assessed（原發腫瘤無法評估）,,checked_v0_7,,protected_curated_gi_definition_from_v0_8_2,protected_known_good_v0_8_2
NET - stomach,AJCC8,any,T,Tis,In situ / dysplasia category when available（原位/異生分類，若適用）,,checked_v0_7,,protected_curated_gi_definition_from_v0_8_2,protected_known_good_v0_8_2
NET - stomach,AJCC8,any,N,N0,No regional lymph node metastasis（無區域淋巴結轉移）,,checked_v0_7,,protected_curated_gi_definition_from_v0_8_2,protected_known_good_v0_8_2
NET - stomach,AJCC8,any,N,N1,Regional lymph node metastasis（區域淋巴結轉移）,,checked_v0_7,,protected_curated_gi_definition_from_v0_8_2,protected_known_good_v0_8_2
NET - stomach,AJCC8,any,N,NX,Regional lymph nodes cannot be assessed（區域淋巴結無法評估）,,checked_v0_7,,protected_curated_gi_definition_from_v0_8_2,protected_known_good_v0_8_2
NET - stomach,AJCC8,any,M,M0,No distant metastasis（無遠端轉移）,,checked_v0_7,,protected_curated_gi_definition_from_v0_8_2,protected_known_good_v0_8_2
NET - stomach,AJCC8,any,M,M1,Distant metastasis（有遠端轉移）,,checked_v0_7,,protected_curated_gi_definition_from_v0_8_2,protected_known_good_v0_8_2
Nasal Cavity and Ethmoid Sinus,AJCC7,any,T,T1,Primary tumor category imported from staging table; site-specific definition requires manual review.,No strict table definition was extracted for this site/category. Cancer committee review required.,generic_fallback_v1_6_review_required,,,generated_rule_category_fallback_v1_6
Nasal Cavity and Ethmoid Sinus,AJCC7,any,T,T2,Primary tumor category imported from staging table; site-specific definition requires manual review.,No strict table definition was extracted for this site/category. Cancer committee review required.,generic_fallback_v1_6_review_required,,,generated_rule_category_fallback_v1_6
Nasal Cavity and Ethmoid Sinus,AJCC7,any,T,T3,Primary tumor category imported from staging table; site-specific definition requires manual review.,No strict table definition was extracted for this site/category. Cancer committee review required.,generic_fallback_v1_6_review_required,,,generated_rule_category_fallback_v1_6
Nasal Cavity and Ethmoid Sinus,AJCC7,any,T,T4a,Primary tumor category imported from staging table; site-specific definition requires manual review.,No strict table definition was extracted for this site/category. Cancer committee review required.,generic_fallback_v1_6_review_required,,,generated_rule_category_fallback_v1_6
Nasal Cavity and Ethmoid Sinus,AJCC7,any,T,T4b,Primary tumor category imported from staging table; site-specific definition requires manual review.,No strict table definition was extracted for this site/category. Cancer committee review required.,generic_fallback_v1_6_review_required,,,generated_rule_category_fallback_v1_6
Nasal Cavity and Ethmoid Sinus,AJCC7,any,T,Tis,Carcinoma in situ or site-specific in-situ category; site-specific wording requires manual review.,No strict table definition was extracted for this site/category. Cancer committee review required.,generic_fallback_v1_6_review_required,,,generated_rule_category_fallback_v1_6
Nasal Cavity and Ethmoid Sinus,AJCC7,any,N,N0,No regional lymph node metastasis; site-specific wording requires manual review.,No strict table definition was extracted for this site/category. Cancer committee review required.,generic_fallback_v1_6_review_required,,,generated_rule_category_fallback_v1_6
Nasal Cavity and Ethmoid Sinus,AJCC7,any,N,N1,Regional lymph node category imported from staging table; site-specific definition requires manual review.,No strict table definition was extracted for this site/category. Cancer committee review required.,generic_fallback_v1_6_review_required,,,generated_rule_category_fallback_v1_6
Nasal Cavity and Ethmoid Sinus,AJCC7,any,N,N2,Regional lymph node category imported from staging table; site-specific definition requires manual review.,No strict table definition was extracted for this site/category. Cancer committee review required.,generic_fallback_v1_6_review_required,,,generated_rule_category_fallback_v1_6
Nasal Cavity and Ethmoid Sinus,AJCC7,any,N,N3,Regional lymph node category imported from staging table; site-specific definition requires manual review.,No strict table definition was extracted for this site/category. Cancer committee review required.,generic_fallback_v1_6_review_required,,,generated_rule_category_fallback_v1_6
Nasal Cavity and Ethmoid Sinus,AJCC7,any,M,M0,No distant metastasis; site-specific wording requires manual review.,No strict table definition was extracted for this site/category. Cancer committee review required.,generic_fallback_v1_6_review_required,,,generated_rule_category_fallback_v1_6
Nasal Cavity and Ethmoid Sinus,AJCC7,any,M,M1,Distant metastasis category imported from staging table; site-specific definition requires manual review.,No strict table definition was extracted for this site/category. Cancer committee review required.,generic_fallback_v1_6_review_required,,,generated_rule_category_fallback_v1_6
Nasal Cavity and Ethmoid Sinus,AJCC8,any,T,T1,Primary tumor category imported from staging table; site-specific definition requires manual review.,No strict table definition was extracted for this site/category. Cancer committee review required.,generic_fallback_v1_6_review_required,,,generated_rule_category_fallback_v1_6
Nasal Cavity and Ethmoid Sinus,AJCC8,any,N,N0,No regional lymph node metastasis; site-specific wording requires manual review.,No strict table definition was extracted for this site/category. Cancer committee review required.,generic_fallback_v1_6_review_required,,,generated_rule_category_fallback_v1_6
Nasal Cavity and Ethmoid Sinus,AJCC8,any,M,M0,No distant metastasis; site-specific wording requires manual review.,No strict table definition was extracted for this site/category. Cancer committee review required.,generic_fallback_v1_6_review_required,,,generated_rule_category_fallback_v1_6
Nasal Cavity and Paranasal Sinuses,AJCC8,clinical,M,M0,No distant metastasis (no pathologic M0; use clinical M to complete stage group),,strict_table_extracted_v1_6,47,Definition of Distant Metastasis (M),strict_table_extraction_v1_6
Nasal Cavity and Paranasal Sinuses,AJCC8,clinical,M,M1,Distant metastasis,,strict_table_extracted_v1_6,47,Definition of Distant Metastasis (M),strict_table_extraction_v1_6
Nasopharynx,AJCC7,any,T,T1,Primary tumor category imported from staging table; site-specific definition requires manual review.,No strict table definition was extracted for this site/category. Cancer committee review required.,generic_fallback_v1_6_review_required,,,generated_rule_category_fallback_v1_6
Nasopharynx,AJCC7,yp,T,T1,Primary tumor category imported from staging table; site-specific definition requires manual review.,No strict table definition was extracted for this site/category. Cancer committee review required.,generic_fallback_v1_6_review_required,,,generated_rule_category_fallback_v1_6
Nasopharynx,AJCC7,any,T,T2,Primary tumor category imported from staging table; site-specific definition requires manual review.,No strict table definition was extracted for this site/category. Cancer committee review required.,generic_fallback_v1_6_review_required,,,generated_rule_category_fallback_v1_6
Nasopharynx,AJCC7,yp,T,T2,Primary tumor category imported from staging table; site-specific definition requires manual review.,No strict table definition was extracted for this site/category. Cancer committee review required.,generic_fallback_v1_6_review_required,,,generated_rule_category_fallback_v1_6
Nasopharynx,AJCC7,any,T,T3,Primary tumor category imported from staging table; site-specific definition requires manual review.,No strict table definition was extracted for this site/category. Cancer committee review required.,generic_fallback_v1_6_review_required,,,generated_rule_category_fallback_v1_6
Nasopharynx,AJCC7,yp,T,T3,Primary tumor category imported from staging table; site-specific definition requires manual review.,No strict table definition was extracted for this site/category. Cancer committee review required.,generic_fallback_v1_6_review_required,,,generated_rule_category_fallback_v1_6
Nasopharynx,AJCC7,any,T,T4,Primary tumor category imported from staging table; site-specific definition requires manual review.,No strict table definition was extracted for this site/category. Cancer committee review required.,generic_fallback_v1_6_review_required,,,generated_rule_category_fallback_v1_6
Nasopharynx,AJCC7,yp,T,T4,Primary tumor category imported from staging table; site-specific definition requires manual review.,No strict table definition was extracted for this site/category. Cancer committee review required.,generic_fallback_v1_6_review_required,,,generated_rule_category_fallback_v1_6
Nasopharynx,AJCC7,yp,T,T4a,Primary tumor category imported from staging table; site-specific definition requires manual review.,No strict table definition was extracted for this site/category. Cancer committee review required.,generic_fallback_v1_6_review_required,,,generated_rule_category_fallback_v1_6
Nasopharynx,AJCC7,yp,T,T4b,Primary tumor category imported from staging table; site-specific definition requires manual review.,No strict table definition was extracted for this site/category. Cancer committee review required.,generic_fallback_v1_6_review_required,,,generated_rule_category_fallback_v1_6
Nasopharynx,AJCC7,any,T,Tis,Carcinoma in situ or site-specific in-situ category; site-specific wording requires manual review.,No strict table definition was extracted for this site/category. Cancer committee review required.,generic_fallback_v1_6_review_required,,,generated_rule_category_fallback_v1_6
Nasopharynx,AJCC7,yp,T,Tis,Carcinoma in situ or site-specific in-situ category; site-specific wording requires manual review.,No strict table definition was extracted for this site/category. Cancer committee review required.,generic_fallback_v1_6_review_required,,,generated_rule_category_fallback_v1_6
Nasopharynx,AJCC7,any,N,N0,No regional lymph node metastasis; site-specific wording requires manual review.,No strict table definition was extracted for this site/category. Cancer committee review required.,generic_fallback_v1_6_review_required,,,generated_rule_category_fallback_v1_6
Nasopharynx,AJCC7,yp,N,N0,No regional lymph node metastasis; site-specific wording requires manual review.,No strict table definition was extracted for this site/category. Cancer committee review required.,generic_fallback_v1_6_review_required,,,generated_rule_category_fallback_v1_6
Nasopharynx,AJCC7,any,N,N1,Regional lymph node category imported from staging table; site-specific definition requires manual review.,No strict table definition was extracted for this site/category. Cancer committee review required.,generic_fallback_v1_6_review_required,,,generated_rule_category_fallback_v1_6
Nasopharynx,AJCC7,yp,N,N1,Regional lymph node category imported from staging table; site-specific definition requires manual review.,No strict table definition was extracted for this site/category. Cancer committee review required.,generic_fallback_v1_6_review_required,,,generated_rule_category_fallback_v1_6
Nasopharynx,AJCC7,any,N,N2,Regional lymph node category imported from staging table; site-specific definition requires manual review.,No strict table definition was extracted for this site/category. Cancer committee review required.,generic_fallback_v1_6_review_required,,,generated_rule_category_fallback_v1_6
Nasopharynx,AJCC7,yp,N,N2,Regional lymph node category imported from staging table; site-specific definition requires manual review.,No strict table definition was extracted for this site/category. Cancer committee review required.,generic_fallback_v1_6_review_required,,,generated_rule_category_fallback_v1_6
Nasopharynx,AJCC7,any,N,N3,Regional lymph node category imported from staging table; site-specific definition requires manual review.,No strict table definition was extracted for this site/category. Cancer committee review required.,generic_fallback_v1_6_review_required,,,generated_rule_category_fallback_v1_6
Nasopharynx,AJCC7,yp,N,N3,Regional lymph node category imported from staging table; site-specific definition requires manual review.,No strict table definition was extracted for this site/category. Cancer committee review required.,generic_fallback_v1_6_review_required,,,generated_rule_category_fallback_v1_6
Nasopharynx,AJCC7,any,M,M0,No distant metastasis; site-specific wording requires manual review.,No strict table definition was extracted for this site/category. Cancer committee review required.,generic_fallback_v1_6_review_required,,,generated_rule_category_fallback_v1_6
Nasopharynx,AJCC7,yp,M,M0,No distant metastasis; site-specific wording requires manual review.,No strict table definition was extracted for this site/category. Cancer committee review required.,generic_fallback_v1_6_review_required,,,generated_rule_category_fallback_v1_6
Nasopharynx,AJCC7,any,M,M1,Distant metastasis category imported from staging table; site-specific definition requires manual review.,No strict table definition was extracted for this site/category. Cancer committee review required.,generic_fallback_v1_6_review_required,,,generated_rule_category_fallback_v1_6
Nasopharynx,AJCC7,yp,M,M1,Distant metastasis category imported from staging table; site-specific definition requires manual review.,No strict table definition was extracted for this site/category. Cancer committee review required.,generic_fallback_v1_6_review_required,,,generated_rule_category_fallback_v1_6
Nasopharynx,AJCC8,any,T,T0,"No tumor identified, but EBV-positive cervical node(s) involvement",,strict_table_extracted_v1_6,37,Definition of Primary Tumor (T),strict_table_extraction_v1_6
Nasopharynx,AJCC8,any,T,T1,"Tumor confined to nasopharynx, or extension to oropharynx and/or nasal cavity without parapharyngeal involvement",,strict_table_extracted_v1_6,37,Definition of Primary Tumor (T),strict_table_extraction_v1_6
Nasopharynx,AJCC8,any,T,T2,"Tumor with extension to parapharyngeal space, and/or adjacent soft tissue involvement (medial pterygoid, lateral pterygoid, prevertebral muscles)",,strict_table_extracted_v1_6,37,Definition of Primary Tumor (T),strict_table_extraction_v1_6
Nasopharynx,AJCC8,any,T,T3,"Tumor with infiltration of bony structures at skull base, cervical vertebra, pterygoid structures, and/or paranasal sinuses",,strict_table_extracted_v1_6,37,Definition of Primary Tumor (T),strict_table_extraction_v1_6
Nasopharynx,AJCC8,any,T,T4,"Tumor with intracranial extension, involvement of cranial nerves, hypopharynx, orbit, parotid gland, and/ or extensive soft tissue infiltration beyond the lateral surface of the lateral pterygoid muscle",,strict_table_extracted_v1_6,37,Definition of Primary Tumor (T),strict_table_extraction_v1_6
Nasopharynx,AJCC8,yp,T,T4a,Primary tumor category imported from staging table; site-specific definition requires manual review.,No strict table definition was extracted for this site/category. Cancer committee review required. | SURROGATE_AJCC8_DEFINITION_FROM_AJCC7_REVIEW_REQUIRED_v1.7: AJCC8 explicit definition not extractable from uploaded PDF; AJCC7 wording displayed pending cancer committee validation.,fallback_from_AJCC7_for_AJCC8_review_required_v1_7,,,surrogate_definition_from_AJCC7_v1_7
Nasopharynx,AJCC8,yp,T,T4b,Primary tumor category imported from staging table; site-specific definition requires manual review.,No strict table definition was extracted for this site/category. Cancer committee review required. | SURROGATE_AJCC8_DEFINITION_FROM_AJCC7_REVIEW_REQUIRED_v1.7: AJCC8 explicit definition not extractable from uploaded PDF; AJCC7 wording displayed pending cancer committee validation.,fallback_from_AJCC7_for_AJCC8_review_required_v1_7,,,surrogate_definition_from_AJCC7_v1_7
Nasopharynx,AJCC8,any,T,TX,Primary tumor cannot be assessed,,strict_table_extracted_v1_6,37,Definition of Primary Tumor (T),strict_table_extraction_v1_6
Nasopharynx,AJCC8,any,T,Tis,Tumor in situ,,strict_table_extracted_v1_6,37,Definition of Primary Tumor (T),strict_table_extraction_v1_6
Nasopharynx,AJCC8,any,N,N0,No regional lymph node metastasis,,strict_table_extracted_v1_6,37,Definition of Regional Lymph Node (N),strict_table_extraction_v1_6
Nasopharynx,AJCC8,any,N,N1,Regional lymph node category imported from staging table; site-specific definition requires manual review.,No strict table definition was extracted for this site/category. Cancer committee review required. | SURROGATE_AJCC8_DEFINITION_FROM_AJCC7_REVIEW_REQUIRED_v1.7: AJCC8 explicit definition not extractable from uploaded PDF; AJCC7 wording displayed pending cancer committee validation.,fallback_from_AJCC7_for_AJCC8_review_required_v1_7,,,surrogate_definition_from_AJCC7_v1_7
Nasopharynx,AJCC8,clinical,N,N1,"Unilateral metastasis in cervical lymph node(s) and/ or unilateral or bilateral metastasis in retropharyngeal lymph node(s), 6 cm or smaller in greatest dimension, above the caudal border of cricoid cartilage",,strict_table_extracted_v1_6,37,Definition of Regional Lymph Node (N),strict_table_extraction_v1_6
Nasopharynx,AJCC8,yp,N,N1,Regional lymph node category imported from staging table; site-specific definition requires manual review.,No strict table definition was extracted for this site/category. Cancer committee review required. | SURROGATE_AJCC8_DEFINITION_FROM_AJCC7_REVIEW_REQUIRED_v1.7: AJCC8 explicit definition not extractable from uploaded PDF; AJCC7 wording displayed pending cancer committee validation.,fallback_from_AJCC7_for_AJCC8_review_required_v1_7,,,surrogate_definition_from_AJCC7_v1_7
Nasopharynx,AJCC8,any,N,N2,Regional lymph node category imported from staging table; site-specific definition requires manual review.,No strict table definition was extracted for this site/category. Cancer committee review required. | SURROGATE_AJCC8_DEFINITION_FROM_AJCC7_REVIEW_REQUIRED_v1.7: AJCC8 explicit definition not extractable from uploaded PDF; AJCC7 wording displayed pending cancer committee validation.,fallback_from_AJCC7_for_AJCC8_review_required_v1_7,,,surrogate_definition_from_AJCC7_v1_7
Nasopharynx,AJCC8,clinical,N,N2,"Bilateral metastasis in cervical lymph node(s), 6 cm or smaller in greatest dimension, above the caudal border of cricoid cartilage",,strict_table_extracted_v1_6,37,Definition of Regional Lymph Node (N),strict_table_extraction_v1_6
Nasopharynx,AJCC8,yp,N,N2,Regional lymph node category imported from staging table; site-specific definition requires manual review.,No strict table definition was extracted for this site/category. Cancer committee review required. | SURROGATE_AJCC8_DEFINITION_FROM_AJCC7_REVIEW_REQUIRED_v1.7: AJCC8 explicit definition not extractable from uploaded PDF; AJCC7 wording displayed pending cancer committee validation.,fallback_from_AJCC7_for_AJCC8_review_required_v1_7,,,surrogate_definition_from_AJCC7_v1_7
Nasopharynx,AJCC8,any,N,N3,Regional lymph node category imported from staging table; site-specific definition requires manual review.,No strict table definition was extracted for this site/category. Cancer committee review required. | SURROGATE_AJCC8_DEFINITION_FROM_AJCC7_REVIEW_REQUIRED_v1.7: AJCC8 explicit definition not extractable from uploaded PDF; AJCC7 wording displayed pending cancer committee validation.,fallback_from_AJCC7_for_AJCC8_review_required_v1_7,,,surrogate_definition_from_AJCC7_v1_7
Nasopharynx,AJCC8,clinical,N,N3,"Unilateral or bilateral metastasis in cervical lymph node(s), larger than 6 cm in greatest dimension, and/ or extension below the caudal border of cricoid cartilage",,strict_table_extracted_v1_6,37,Definition of Regional Lymph Node (N),strict_table_extraction_v1_6
Nasopharynx,AJCC8,yp,N,N3,Regional lymph node category imported from staging table; site-specific definition requires manual review.,No strict table definition was extracted for this site/category. Cancer committee review required. | SURROGATE_AJCC8_DEFINITION_FROM_AJCC7_REVIEW_REQUIRED_v1.7: AJCC8 explicit definition not extractable from uploaded PDF; AJCC7 wording displayed pending cancer committee validation.,fallback_from_AJCC7_for_AJCC8_review_required_v1_7,,,surrogate_definition_from_AJCC7_v1_7
Nasopharynx,AJCC8,any,N,NX,Regional lymph nodes cannot be assessed,,strict_table_extracted_v1_6,37,Definition of Regional Lymph Node (N),strict_table_extraction_v1_6
Nasopharynx,AJCC8,any,M,M0,No distant metastasis,,strict_table_extracted_v1_6,37,Definition of Distant Metastasis (M),strict_table_extraction_v1_6
Nasopharynx,AJCC8,any,M,M1,Distant metastasis,,strict_table_extracted_v1_6,37,Definition of Distant Metastasis (M),strict_table_extraction_v1_6
Neuroendocrine Tumors of the Appendix,AJCC8,any,T,T0,No evidence of primary tumor,,strict_table_extracted_v1_6,87,Definition of Primary Tumor (T),strict_table_extraction_v1_6
Neuroendocrine Tumors of the Appendix,AJCC8,any,T,T1,Tumor 2 cm or less in greatest dimension,,strict_table_extracted_v1_6,87,Definition of Primary Tumor (T),strict_table_extraction_v1_6
Neuroendocrine Tumors of the Appendix,AJCC8,any,T,T2,Tumor more than 2 cm but less than or equal to 4 cm,,strict_table_extracted_v1_6,87,Definition of Primary Tumor (T),strict_table_extraction_v1_6
Neuroendocrine Tumors of the Appendix,AJCC8,any,T,T3,Tumor more than 4 cm or with subserosal invasion or involvement of the mesoappendix,,strict_table_extracted_v1_6,87,Definition of Primary Tumor (T),strict_table_extraction_v1_6
Neuroendocrine Tumors of the Appendix,AJCC8,any,T,T4,"Tumor perforates the peritoneum or directly invades other adjacent organs or structures (excluding direct mural extension to adjacent subserosa of adjacent bowel), e.g., abdominal wall and skeletal muscle",,strict_table_extracted_v1_6,87,Definition of Primary Tumor (T),strict_table_extraction_v1_6
Neuroendocrine Tumors of the Appendix,AJCC8,any,T,TX,Primary tumor cannot be assessed,,strict_table_extracted_v1_6,87,Definition of Primary Tumor (T),strict_table_extraction_v1_6
Neuroendocrine Tumors of the Appendix,AJCC8,any,N,N0,No regional lymph node metastasis,,strict_table_extracted_v1_6,87,Definition of Regional Lymph Node (N),strict_table_extraction_v1_6
Neuroendocrine Tumors of the Appendix,AJCC8,any,N,N1,Regional lymph node metastasis,,strict_table_extracted_v1_6,87,Definition of Regional Lymph Node (N),strict_table_extraction_v1_6
Neuroendocrine Tumors of the Appendix,AJCC8,any,N,NX,Regional lymph nodes cannot be assessed,,strict_table_extracted_v1_6,87,Definition of Regional Lymph Node (N),strict_table_extraction_v1_6
Neuroendocrine Tumors of the Appendix,AJCC8,any,M,M0,No distant metastasis,,strict_table_extracted_v1_6,87,Definition of Distant Metastasis (M),strict_table_extraction_v1_6
Neuroendocrine Tumors of the Appendix,AJCC8,any,M,M1,Distant metastasis,,strict_table_extracted_v1_6,87,Definition of Distant Metastasis (M),strict_table_extraction_v1_6
Neuroendocrine Tumors of the Appendix,AJCC8,any,M,M1a,Metastasis confined to liver,,strict_table_extracted_v1_6,87,Definition of Distant Metastasis (M),strict_table_extraction_v1_6
Neuroendocrine Tumors of the Appendix,AJCC8,any,M,M1b,"Metastases in at least one extrahepatic site (e.g., lung, ovary, nonregional lymph node, peritoneum, bone)",,strict_table_extracted_v1_6,87,Definition of Distant Metastasis (M),strict_table_extraction_v1_6
Neuroendocrine Tumors of the Appendix,AJCC8,any,M,M1c,Both hepatic and extrahepatic metastases,,strict_table_extracted_v1_6,87,Definition of Distant Metastasis (M),strict_table_extraction_v1_6
Neuroendocrine Tumors of the Colon and Rectum,AJCC8,any,T,T0,No evidence of primary tumor,,strict_table_extracted_v1_6,91,Definition of Primary Tumor (T),strict_table_extraction_v1_6
Neuroendocrine Tumors of the Colon and Rectum,AJCC8,any,T,T1,Tumor invades the lamina propria or submucosa and is ≤2 cm,,strict_table_extracted_v1_6,91,Definition of Primary Tumor (T),strict_table_extraction_v1_6
Neuroendocrine Tumors of the Colon and Rectum,AJCC8,any,T,T1a,Tumor <1 cm in greatest dimension,,strict_table_extracted_v1_6,91,Definition of Primary Tumor (T),strict_table_extraction_v1_6
Neuroendocrine Tumors of the Colon and Rectum,AJCC8,any,T,T1b,Tumor 1-2 cm in greatest dimension,,strict_table_extracted_v1_6,91,Definition of Primary Tumor (T),strict_table_extraction_v1_6
Neuroendocrine Tumors of the Colon and Rectum,AJCC8,any,T,T2,Tumor invades the muscularis propria or is >2 cm with invasion of the lamina propria or submucosa,,strict_table_extracted_v1_6,91,Definition of Primary Tumor (T),strict_table_extraction_v1_6
Neuroendocrine Tumors of the Colon and Rectum,AJCC8,any,T,T3,Tumor invades through the muscularis propria into subserosal tissue without penetration of overlying serosa,,strict_table_extracted_v1_6,91,Definition of Primary Tumor (T),strict_table_extraction_v1_6
Neuroendocrine Tumors of the Colon and Rectum,AJCC8,any,T,T4,"Tumor invades the visceral peritoneum (serosa) or other organs or adjacent structures where X = 1-4 and # = number of primary tumors identified**]; for multiple tumors with different T, use the highest. **Example: If there are two primary tumors, only one of which invades through the muscularis propria into the subserosal tissue without pene- tration of the overlying serosa, we define the primary tumor as either T3(2) or T3(m).",,strict_table_extracted_v1_6,91,Definition of Primary Tumor (T),strict_table_extraction_v1_6
Neuroendocrine Tumors of the Colon and Rectum,AJCC8,any,T,TX,Primary tumor cannot be assessed,,strict_table_extracted_v1_6,91,Definition of Primary Tumor (T),strict_table_extraction_v1_6
Neuroendocrine Tumors of the Colon and Rectum,AJCC8,any,N,N0,No regional lymph node metastasis has occurred,,strict_table_extracted_v1_6,91,Definition of Regional Lymph Node (N),strict_table_extraction_v1_6
Neuroendocrine Tumors of the Colon and Rectum,AJCC8,any,N,N1,Regional lymph node metastasis,,strict_table_extracted_v1_6,91,Definition of Regional Lymph Node (N),strict_table_extraction_v1_6
Neuroendocrine Tumors of the Colon and Rectum,AJCC8,any,N,NX,Regional lymph nodes cannot be assessed,,strict_table_extracted_v1_6,91,Definition of Regional Lymph Node (N),strict_table_extraction_v1_6
Neuroendocrine Tumors of the Colon and Rectum,AJCC8,any,M,M0,No distant metastasis,,strict_table_extracted_v1_6,91,Definition of Distant Metastasis (M),strict_table_extraction_v1_6
Neuroendocrine Tumors of the Colon and Rectum,AJCC8,any,M,M1,Distant metastasis,,strict_table_extracted_v1_6,91,Definition of Distant Metastasis (M),strict_table_extraction_v1_6
Neuroendocrine Tumors of the Colon and Rectum,AJCC8,any,M,M1a,Metastasis confined to liver,,strict_table_extracted_v1_6,91,Definition of Distant Metastasis (M),strict_table_extraction_v1_6
Neuroendocrine Tumors of the Colon and Rectum,AJCC8,any,M,M1b,"Metastases in at least one extrahepatic site (e.g., lung, ovary, nonregional lymph node, peritoneum, bone)",,strict_table_extracted_v1_6,91,Definition of Distant Metastasis (M),strict_table_extraction_v1_6
Neuroendocrine Tumors of the Colon and Rectum,AJCC8,any,M,M1c,Both hepatic and extrahepatic metastases,,strict_table_extracted_v1_6,91,Definition of Distant Metastasis (M),strict_table_extraction_v1_6
Neuroendocrine Tumors of the Jejunum and Ileum,AJCC8,any,T,T0,No evidence of primary tumor,,strict_table_extracted_v1_6,84,Definition of Primary Tumor (T),strict_table_extraction_v1_6
Neuroendocrine Tumors of the Jejunum and Ileum,AJCC8,any,T,T1,Invades lamina propria or submucosa and less than or equal to1 cm in size,,strict_table_extracted_v1_6,84,Definition of Primary Tumor (T),strict_table_extraction_v1_6
Neuroendocrine Tumors of the Jejunum and Ileum,AJCC8,any,T,T2,Invades muscularis propria or greater than 1 cm in size,,strict_table_extracted_v1_6,84,Definition of Primary Tumor (T),strict_table_extraction_v1_6
Neuroendocrine Tumors of the Jejunum and Ileum,AJCC8,any,T,T3,Invades through the muscularis propria into subserosal tissue without penetration of overlying serosa,,strict_table_extracted_v1_6,84,Definition of Primary Tumor (T),strict_table_extraction_v1_6
Neuroendocrine Tumors of the Jejunum and Ileum,AJCC8,any,T,T4,"Invades visceral peritoneum (serosal) or other organs or adjacent structures X = 1-4, and # = number of primary tumors identified**]; for multiple tumors with different T, use the highest. **Example: If there are two primary tumors, only one of which invades through the muscularis propria into subserosal tissue without penetra- tion of overlying serosa (jejunal or ileal), we define the primary tumor as either T3(2) or T3(m).",,strict_table_extracted_v1_6,84,Definition of Primary Tumor (T),strict_table_extraction_v1_6
Neuroendocrine Tumors of the Jejunum and Ileum,AJCC8,any,T,TX,Primary tumor cannot be assessed,,strict_table_extracted_v1_6,84,Definition of Primary Tumor (T),strict_table_extraction_v1_6
Neuroendocrine Tumors of the Jejunum and Ileum,AJCC8,any,N,N0,No regional lymph node metastasis has occurred,,strict_table_extracted_v1_6,84,Definition of Regional Lymph Node (N),strict_table_extraction_v1_6
Neuroendocrine Tumors of the Jejunum and Ileum,AJCC8,any,N,N1,Regional lymph node metastasis less than 12 nodes,,strict_table_extracted_v1_6,84,Definition of Regional Lymph Node (N),strict_table_extraction_v1_6
Neuroendocrine Tumors of the Jejunum and Ileum,AJCC8,clinical,N,N2,"Large mesenteric masses (>2 cm) and/or extensive nodal deposits (12 or greater), especially those that encase the superior mesenteric vessels",,strict_table_extracted_v1_6,84,Definition of Regional Lymph Node (N),strict_table_extraction_v1_6
Neuroendocrine Tumors of the Jejunum and Ileum,AJCC8,any,N,NX,Regional lymph nodes cannot be assessed,,strict_table_extracted_v1_6,84,Definition of Regional Lymph Node (N),strict_table_extraction_v1_6
Neuroendocrine Tumors of the Jejunum and Ileum,AJCC8,any,M,M0,No distant metastasis,,strict_table_extracted_v1_6,84,Definition of Distant Metastasis (M),strict_table_extraction_v1_6
Neuroendocrine Tumors of the Jejunum and Ileum,AJCC8,any,M,M1,Distant metastasis,,strict_table_extracted_v1_6,84,Definition of Distant Metastasis (M),strict_table_extraction_v1_6
Neuroendocrine Tumors of the Jejunum and Ileum,AJCC8,any,M,M1a,Metastasis confined to liver,,strict_table_extracted_v1_6,84,Definition of Distant Metastasis (M),strict_table_extraction_v1_6
Neuroendocrine Tumors of the Jejunum and Ileum,AJCC8,any,M,M1b,"Metastases in at least one extrahepatic site (e.g., lung, ovary, nonregional lymph node, peritoneum, bone)",,strict_table_extracted_v1_6,84,Definition of Distant Metastasis (M),strict_table_extraction_v1_6
Neuroendocrine Tumors of the Jejunum and Ileum,AJCC8,any,M,M1c,Both hepatic and extrahepatic metastases,,strict_table_extracted_v1_6,84,Definition of Distant Metastasis (M),strict_table_extraction_v1_6
Neuroendocrine Tumors of the Pancreas,AJCC8,any,T,T1,"Tumor limited to the pancreas,* <2 cm",,strict_table_extracted_v1_6,93,Definition of Primary Tumor (T),strict_table_extraction_v1_6
Neuroendocrine Tumors of the Pancreas,AJCC8,any,T,T2,"Tumor limited to the pancreas,* 2−4 cm",,strict_table_extracted_v1_6,93,Definition of Primary Tumor (T),strict_table_extraction_v1_6
Neuroendocrine Tumors of the Pancreas,AJCC8,any,T,T3,"Tumor limited to the pancreas,* >4 cm; or tumor invading the duodenum or common bile duct",,strict_table_extracted_v1_6,93,Definition of Primary Tumor (T),strict_table_extraction_v1_6
Neuroendocrine Tumors of the Pancreas,AJCC8,any,T,T4,"Tumor invading adjacent organs (stomach, spleen, colon, adrenal gland) or the wall of large vessels (celiac axis or the superior mesenteric artery)",,strict_table_extracted_v1_6,93,Definition of Primary Tumor (T),strict_table_extraction_v1_6
Neuroendocrine Tumors of the Pancreas,AJCC8,any,T,TX,Tumor cannot be assessed,,strict_table_extracted_v1_6,93,Definition of Primary Tumor (T),strict_table_extraction_v1_6
Neuroendocrine Tumors of the Stomach,AJCC8,any,T,T0,No evidence of primary tumor,,strict_table_extracted_v1_6,81,Definition of Primary Tumor (T),strict_table_extraction_v1_6
Neuroendocrine Tumors of the Stomach,AJCC8,any,T,T1,Invades the lamina propria or submucosa and less than or equal to 1 cm in size,,strict_table_extracted_v1_6,81,Definition of Primary Tumor (T),strict_table_extraction_v1_6
Neuroendocrine Tumors of the Stomach,AJCC8,any,T,T2,Invades the muscularis propria or greater than 1 cm in size,,strict_table_extracted_v1_6,81,Definition of Primary Tumor (T),strict_table_extraction_v1_6
Neuroendocrine Tumors of the Stomach,AJCC8,any,T,T3,Invades through the muscularis propria into subserosal tissue without penetration of overlying serosa,,strict_table_extracted_v1_6,81,Definition of Primary Tumor (T),strict_table_extraction_v1_6
Neuroendocrine Tumors of the Stomach,AJCC8,any,T,T4,"Invades visceral peritoneum (serosa) or other organs or adjacent structures X = 1-4 and # = number of primary tumors identified**]; for multiple tumors with different Ts, use the highest. **Example: If there are two primary tumors, one of which penetrates only the subserosa, we define the primary tumor as either T3(2) or T3(m).",,strict_table_extracted_v1_6,81,Definition of Primary Tumor (T),strict_table_extraction_v1_6
Neuroendocrine Tumors of the Stomach,AJCC8,any,T,TX,Primary tumor cannot be assessed,,strict_table_extracted_v1_6,81,Definition of Primary Tumor (T),strict_table_extraction_v1_6
Neuroendocrine Tumors of the Stomach,AJCC8,any,N,N0,No regional lymph node metastasis,,strict_table_extracted_v1_6,81,Definition of Regional Lymph Node (N),strict_table_extraction_v1_6
Neuroendocrine Tumors of the Stomach,AJCC8,any,N,N1,Regional lymph node metastasis,,strict_table_extracted_v1_6,81,Definition of Regional Lymph Node (N),strict_table_extraction_v1_6
Neuroendocrine Tumors of the Stomach,AJCC8,any,N,NX,Regional lymph nodes cannot be assessed,,strict_table_extracted_v1_6,81,Definition of Regional Lymph Node (N),strict_table_extraction_v1_6
Neuroendocrine Tumors of the Stomach,AJCC8,any,M,M0,No distant metastasis,,strict_table_extracted_v1_6,81,Definition of Distant Metastasis (M),strict_table_extraction_v1_6
Neuroendocrine Tumors of the Stomach,AJCC8,any,M,M1,Distant metastasis,,strict_table_extracted_v1_6,81,Definition of Distant Metastasis (M),strict_table_extraction_v1_6
Neuroendocrine Tumors of the Stomach,AJCC8,any,M,M1a,Metastasis confined to liver,,strict_table_extracted_v1_6,81,Definition of Distant Metastasis (M),strict_table_extraction_v1_6
Neuroendocrine Tumors of the Stomach,AJCC8,any,M,M1b,"Metastases in at least one extrahepatic site (e.g., lung, ovary, nonregional lymph node, peritoneum, bone)",,strict_table_extracted_v1_6,81,Definition of Distant Metastasis (M),strict_table_extraction_v1_6
Neuroendocrine Tumors of the Stomach,AJCC8,any,M,M1c,Both hepatic and extrahepatic metastases,,strict_table_extracted_v1_6,81,Definition of Distant Metastasis (M),strict_table_extraction_v1_6
Ocular Adnexal Lymphoma,AJCC8,any,T,T0,No evidence of lymphoma,,strict_table_extracted_v1_6,227,Definition of Primary Tumor (T),strict_table_extraction_v1_6
Ocular Adnexal Lymphoma,AJCC8,any,T,T1,Lymphoma involving the conjunctiva alone without eyelid or orbital involvement,,strict_table_extracted_v1_6,227,Definition of Primary Tumor (T),strict_table_extraction_v1_6
Ocular Adnexal Lymphoma,AJCC8,any,T,T2,Lymphoma with orbital involvement with or without conjunctival involvement,,strict_table_extracted_v1_6,227,Definition of Primary Tumor (T),strict_table_extraction_v1_6
Ocular Adnexal Lymphoma,AJCC8,any,T,T3,Lymphoma with preseptal eyelid involvement with or without orbital involvement and with or without conjunctival involvement,,strict_table_extracted_v1_6,227,Definition of Primary Tumor (T),strict_table_extraction_v1_6
Ocular Adnexal Lymphoma,AJCC8,any,T,T4,"Orbital adnexal lymphoma and extraorbital lymphoma extending beyond the orbit to adjacent structures, such as bone, maxillofacial sinuses, and brain.",,strict_table_extracted_v1_6,227,Definition of Primary Tumor (T),strict_table_extraction_v1_6
Ocular Adnexal Lymphoma,AJCC8,any,T,TX,Lymphoma extent not specified,,strict_table_extracted_v1_6,227,Definition of Primary Tumor (T),strict_table_extraction_v1_6
Ocular Adnexal Lymphoma,AJCC8,any,N,N0,No evidence of lymph node involvement,,strict_table_extracted_v1_6,227,Definition of Regional Lymph Node (N),strict_table_extraction_v1_6
Ocular Adnexal Lymphoma,AJCC8,any,N,N1,"Involvement of lymph node region or regions draining the ocular adnexal structures and superior to the mediastinum (preauricular, parotid, submandibular, and cervical nodes)",,strict_table_extracted_v1_6,227,Definition of Regional Lymph Node (N),strict_table_extraction_v1_6
Ocular Adnexal Lymphoma,AJCC8,any,N,N1a,Involvement of a single lymph node region superior to the mediastinum,,strict_table_extracted_v1_6,227,Definition of Regional Lymph Node (N),strict_table_extraction_v1_6
Ocular Adnexal Lymphoma,AJCC8,any,N,N1b,"Involvement of two or more lymph node regions, superior to the mediastinum",,strict_table_extracted_v1_6,227,Definition of Regional Lymph Node (N),strict_table_extraction_v1_6
Ocular Adnexal Lymphoma,AJCC8,any,N,N2,Involvement of lymph node regions of the mediastinum,,strict_table_extracted_v1_6,227,Definition of Regional Lymph Node (N),strict_table_extraction_v1_6
Ocular Adnexal Lymphoma,AJCC8,any,N,N3,Diffuse or disseminated involvement of peripheral and central lymph node regions,,strict_table_extracted_v1_6,227,Definition of Regional Lymph Node (N),strict_table_extraction_v1_6
Ocular Adnexal Lymphoma,AJCC8,any,N,NX,Involvement of lymph nodes not assessed,,strict_table_extracted_v1_6,227,Definition of Regional Lymph Node (N),strict_table_extraction_v1_6
Ocular Adnexal Lymphoma,AJCC8,any,M,M0,No evidence of involvement of other extranodal sites,,strict_table_extracted_v1_6,227,Definition of Distant Metastasis (M),strict_table_extraction_v1_6
Ocular Adnexal Lymphoma,AJCC8,any,M,M1,Evidence of involvement of other extranodal sites,,strict_table_extracted_v1_6,227,Definition of Distant Metastasis (M),strict_table_extraction_v1_6
Ocular Adnexal Lymphoma,AJCC8,any,M,M1a,"Noncontiguous involvement of tissues or organs external to the ocular adnexa (e.g., parotid glands, submandibular gland, lung, liver, spleen, kidney, breast)",,strict_table_extracted_v1_6,227,Definition of Distant Metastasis (M),strict_table_extraction_v1_6
Ocular Adnexal Lymphoma,AJCC8,any,M,M1b,Lymphomatous involvement of the bone marrow,,strict_table_extracted_v1_6,227,Definition of Distant Metastasis (M),strict_table_extraction_v1_6
Ocular Adnexal Lymphoma,AJCC8,any,M,M1c,Both M1a and M1b involvement,,strict_table_extracted_v1_6,227,Definition of Distant Metastasis (M),strict_table_extraction_v1_6
Oral Cavity,AJCC7,any,T,T1,Primary tumor category imported from staging table; site-specific definition requires manual review.,No strict table definition was extracted for this site/category. Cancer committee review required.,generic_fallback_v1_6_review_required,,,generated_rule_category_fallback_v1_6
Oral Cavity,AJCC7,any,T,T2,Primary tumor category imported from staging table; site-specific definition requires manual review.,No strict table definition was extracted for this site/category. Cancer committee review required.,generic_fallback_v1_6_review_required,,,generated_rule_category_fallback_v1_6
Oral Cavity,AJCC7,any,T,T3,Primary tumor category imported from staging table; site-specific definition requires manual review.,No strict table definition was extracted for this site/category. Cancer committee review required.,generic_fallback_v1_6_review_required,,,generated_rule_category_fallback_v1_6
Oral Cavity,AJCC7,any,T,T4a,Primary tumor category imported from staging table; site-specific definition requires manual review.,No strict table definition was extracted for this site/category. Cancer committee review required.,generic_fallback_v1_6_review_required,,,generated_rule_category_fallback_v1_6
Oral Cavity,AJCC7,any,T,T4b,Primary tumor category imported from staging table; site-specific definition requires manual review.,No strict table definition was extracted for this site/category. Cancer committee review required.,generic_fallback_v1_6_review_required,,,generated_rule_category_fallback_v1_6
Oral Cavity,AJCC7,any,T,Tis,Carcinoma in situ or site-specific in-situ category; site-specific wording requires manual review.,No strict table definition was extracted for this site/category. Cancer committee review required.,generic_fallback_v1_6_review_required,,,generated_rule_category_fallback_v1_6
Oral Cavity,AJCC7,any,N,N0,No regional lymph node metastasis; site-specific wording requires manual review.,No strict table definition was extracted for this site/category. Cancer committee review required.,generic_fallback_v1_6_review_required,,,generated_rule_category_fallback_v1_6
Oral Cavity,AJCC7,any,N,N1,Regional lymph node category imported from staging table; site-specific definition requires manual review.,No strict table definition was extracted for this site/category. Cancer committee review required.,generic_fallback_v1_6_review_required,,,generated_rule_category_fallback_v1_6
Oral Cavity,AJCC7,any,N,N2,Regional lymph node category imported from staging table; site-specific definition requires manual review.,No strict table definition was extracted for this site/category. Cancer committee review required.,generic_fallback_v1_6_review_required,,,generated_rule_category_fallback_v1_6
Oral Cavity,AJCC7,any,N,N3,Regional lymph node category imported from staging table; site-specific definition requires manual review.,No strict table definition was extracted for this site/category. Cancer committee review required.,generic_fallback_v1_6_review_required,,,generated_rule_category_fallback_v1_6
Oral Cavity,AJCC7,any,M,M0,No distant metastasis; site-specific wording requires manual review.,No strict table definition was extracted for this site/category. Cancer committee review required.,generic_fallback_v1_6_review_required,,,generated_rule_category_fallback_v1_6
Oral Cavity,AJCC7,any,M,M1,Distant metastasis category imported from staging table; site-specific definition requires manual review.,No strict table definition was extracted for this site/category. Cancer committee review required.,generic_fallback_v1_6_review_required,,,generated_rule_category_fallback_v1_6
Oral Cavity,AJCC8,any,T,2,Primary tumor category imported from staging table; site-specific definition requires manual review.,No strict table definition was extracted for this site/category. Cancer committee review required.,generic_fallback_v1_6_review_required,,,generated_rule_category_fallback_v1_6
Oral Cavity,AJCC8,any,T,3,Primary tumor category imported from staging table; site-specific definition requires manual review.,No strict table definition was extracted for this site/category. Cancer committee review required.,generic_fallback_v1_6_review_required,,,generated_rule_category_fallback_v1_6
Oral Cavity,AJCC8,any,T,4a,Primary tumor category imported from staging table; site-specific definition requires manual review.,No strict table definition was extracted for this site/category. Cancer committee review required.,generic_fallback_v1_6_review_required,,,generated_rule_category_fallback_v1_6
Oral Cavity,AJCC8,any,T,T1,"Tumor ≤ 2 cm, ≤ 5 mm depth of invasion (DOI) DOI is depth of invasion and not tumor thickness.",,strict_table_extracted_v1_6,29,Definition of Primary Tumor (T),strict_table_extraction_v1_6
Oral Cavity,AJCC8,any,T,T2,"Tumor ≤ 2 cm, DOI > 5 mm and ≤ 10 mm or tumor > 2 cm but ≤ 4 cm, and DOI ≤ 10 mm demonstrate a specific relationship with nerve, such as wrapping around nerves, in order to be classified as perineural invasion (PNI). Merely “bumping” into a nerve does not constitute PNI",,strict_table_extracted_v1_6,29,Definition of Primary Tumor (T),strict_table_extraction_v1_6
Oral Cavity,AJCC8,any,T,T3,Tumor > 4 cm or any tumor with DOI > 10 mm but ≤ 20 mm,,strict_table_extracted_v1_6,30,Definition of Primary Tumor (T),strict_table_extraction_v1_6
Oral Cavity,AJCC8,any,T,T4,Moderately advanced or very advanced local disease,,strict_table_extracted_v1_6,30,Definition of Primary Tumor (T),strict_table_extraction_v1_6
Oral Cavity,AJCC8,any,T,T4a,"Moderately advanced local disease Tumor invades adjacent structures only (e.g., through cortical bone of the mandible or maxilla, or involves the maxillary sinus or skin of the face) or extensive tumor with bilateral tongue involvement and/or DOI > 20 mm. (alone) by a gingival primary is not sufficient to classify a tumor as T4.",,strict_table_extracted_v1_6,30,Definition of Primary Tumor (T),strict_table_extraction_v1_6
Oral Cavity,AJCC8,any,T,T4b,"Very advanced local disease Tumor invades masticator space, pterygoid plates, or skull base and/or encases the internal carotid artery",,strict_table_extracted_v1_6,30,Definition of Primary Tumor (T),strict_table_extraction_v1_6
Oral Cavity,AJCC8,any,T,TX,Primary tumor cannot be assessed,,strict_table_extracted_v1_6,29,Definition of Primary Tumor (T),strict_table_extraction_v1_6
Oral Cavity,AJCC8,any,T,Tis,Carcinoma in situ,,strict_table_extracted_v1_6,29,Definition of Primary Tumor (T),strict_table_extraction_v1_6
Oral Cavity,AJCC8,any,N,1,Regional lymph node category imported from staging table; site-specific definition requires manual review.,No strict table definition was extracted for this site/category. Cancer committee review required.,generic_fallback_v1_6_review_required,,,generated_rule_category_fallback_v1_6
Oral Cavity,AJCC8,any,N,N0,No regional lymph node metastasis; site-specific wording requires manual review.,No strict table definition was extracted for this site/category. Cancer committee review required.,generic_fallback_v1_6_review_required,,,generated_rule_category_fallback_v1_6
Oral Cavity,AJCC8,clinical,N,N0,No regional lymph node metastasis,,strict_table_extracted_v1_6,30,Definition of Regional Lymph Node (N),strict_table_extraction_v1_6
Oral Cavity,AJCC8,pathological,N,N0,No regional lymph node metastasis,,strict_table_extracted_v1_6,30,Definition of Regional Lymph Node (N),strict_table_extraction_v1_6
Oral Cavity,AJCC8,any,N,N1,Regional lymph node category imported from staging table; site-specific definition requires manual review.,No strict table definition was extracted for this site/category. Cancer committee review required.,generic_fallback_v1_6_review_required,,,generated_rule_category_fallback_v1_6
Oral Cavity,AJCC8,clinical,N,N1,"Metastasis in a single ipsilateral lymph node, 3 cm or smaller in greatest dimension and ENE(−)",,strict_table_extracted_v1_6,30,Definition of Regional Lymph Node (N),strict_table_extraction_v1_6
Oral Cavity,AJCC8,any,N,N2,Regional lymph node category imported from staging table; site-specific definition requires manual review.,No strict table definition was extracted for this site/category. Cancer committee review required.,generic_fallback_v1_6_review_required,,,generated_rule_category_fallback_v1_6
Oral Cavity,AJCC8,clinical,N,N2,"Metastasis in a single ipsilateral lymph node, 3 cm or smaller in greatest dimension and ENE(+); or larger than 3 cm but not larger than 6 cm in greatest dimension and ENE(−); or metastases in multiple ipsilateral lymph nodes, none larger than 6 cm in greatest dimension and ENE(−); or in bilateral or contralateral lymph node(s), none larger than 6 cm in greatest dimension, ENE(−)",,strict_table_extracted_v1_6,30,Definition of Regional Lymph Node (N),strict_table_extraction_v1_6
Oral Cavity,AJCC8,clinical,N,N2a,Metastasis in single ipsilateral node 3 cm or smaller in greatest dimension and ENE(+); or a single ipsilateral node larger than 3 cm but not larger than 6 cm in greatest dimension and ENE(−),,strict_table_extracted_v1_6,30,Definition of Regional Lymph Node (N),strict_table_extraction_v1_6
Oral Cavity,AJCC8,clinical,N,N2b,"Metastasis in multiple ipsilateral nodes, none larger than 6 cm in greatest dimension, and ENE(−)",,strict_table_extracted_v1_6,30,Definition of Regional Lymph Node (N),strict_table_extraction_v1_6
Oral Cavity,AJCC8,clinical,N,N2c,"Metastasis in bilateral or contralateral lymph node(s), none larger than 6 cm in greatest dimension and ENE(−)",,strict_table_extracted_v1_6,30,Definition of Regional Lymph Node (N),strict_table_extraction_v1_6
Oral Cavity,AJCC8,any,N,N3,Regional lymph node category imported from staging table; site-specific definition requires manual review.,No strict table definition was extracted for this site/category. Cancer committee review required.,generic_fallback_v1_6_review_required,,,generated_rule_category_fallback_v1_6
Oral Cavity,AJCC8,clinical,N,N3,"Metastasis in a lymph node larger than 6 cm in greatest dimension and ENE(−); or metastasis in a single ipsilateral node larger than 3 cm in greatest dimension and ENE(+); or multiple ipsilateral, contralateral or bilateral nodes any with ENE(+); or a single contralateral node of any size and ENE (+)",,strict_table_extracted_v1_6,30,Definition of Regional Lymph Node (N),strict_table_extraction_v1_6
Oral Cavity,AJCC8,clinical,N,N3a,Metastasis in a lymph node larger than 6 cm in greatest dimension and ENE(−),,strict_table_extracted_v1_6,30,Definition of Regional Lymph Node (N),strict_table_extraction_v1_6
Oral Cavity,AJCC8,any,N,N3b,"Metastasis in a single ipsilateral node larger than 3 cm in greatest dimension and ENE(+); or multiple ipsilateral, contralateral or bilateral nodes any with ENE(+); or a single contralateral node of any size and ENE (+) to indicate metastasis above the lower border of the cricoid (U) or below the lower border of the cricoid (L) Similarly, clinical and pathological ENE should be recorded as ENE(−) or ENE(+)",,strict_table_extracted_v1_6,30,Definition of Regional Lymph Node (N),strict_table_extraction_v1_6
Oral Cavity,AJCC8,pathological,N,N3b,"Metastasis in any node(s) and clinically overt ENE(+) to indicate metastasis above the lower border of the cricoid (U) or below the lower border of the cricoid (L) Similarly, clinical and pathological ENE should be recorded as ENE(−) or ENE(+) Pathological N (pN)",,strict_table_extracted_v1_6,30,Definition of Regional Lymph Node (N),strict_table_extraction_v1_6
Oral Cavity,AJCC8,clinical,N,NX,Regional lymph nodes cannot be assessed,,strict_table_extracted_v1_6,30,Definition of Regional Lymph Node (N),strict_table_extraction_v1_6
Oral Cavity,AJCC8,pathological,N,NX,Regional lymph nodes cannot be assessed,,strict_table_extracted_v1_6,30,Definition of Regional Lymph Node (N),strict_table_extraction_v1_6
Oral Cavity,AJCC8,any,M,M0,No distant metastasis,,strict_table_extracted_v1_6,31,Definition of Distant Metastasis (M),strict_table_extraction_v1_6
Oral Cavity,AJCC8,any,M,M1,Distant metastasis,,strict_table_extracted_v1_6,31,Definition of Distant Metastasis (M),strict_table_extraction_v1_6
Oropharynx (p16-),AJCC7,any,T,T1,Primary tumor category imported from staging table; site-specific definition requires manual review.,No strict table definition was extracted for this site/category. Cancer committee review required.,generic_fallback_v1_6_review_required,,,generated_rule_category_fallback_v1_6
Oropharynx (p16-),AJCC7,yp,T,T1,Primary tumor category imported from staging table; site-specific definition requires manual review.,No strict table definition was extracted for this site/category. Cancer committee review required.,generic_fallback_v1_6_review_required,,,generated_rule_category_fallback_v1_6
Oropharynx (p16-),AJCC7,any,T,T2,Primary tumor category imported from staging table; site-specific definition requires manual review.,No strict table definition was extracted for this site/category. Cancer committee review required.,generic_fallback_v1_6_review_required,,,generated_rule_category_fallback_v1_6
Oropharynx (p16-),AJCC7,yp,T,T2,Primary tumor category imported from staging table; site-specific definition requires manual review.,No strict table definition was extracted for this site/category. Cancer committee review required.,generic_fallback_v1_6_review_required,,,generated_rule_category_fallback_v1_6
Oropharynx (p16-),AJCC7,any,T,T3,Primary tumor category imported from staging table; site-specific definition requires manual review.,No strict table definition was extracted for this site/category. Cancer committee review required.,generic_fallback_v1_6_review_required,,,generated_rule_category_fallback_v1_6
Oropharynx (p16-),AJCC7,yp,T,T3,Primary tumor category imported from staging table; site-specific definition requires manual review.,No strict table definition was extracted for this site/category. Cancer committee review required.,generic_fallback_v1_6_review_required,,,generated_rule_category_fallback_v1_6
Oropharynx (p16-),AJCC7,any,T,T4,Primary tumor category imported from staging table; site-specific definition requires manual review.,No strict table definition was extracted for this site/category. Cancer committee review required.,generic_fallback_v1_6_review_required,,,generated_rule_category_fallback_v1_6
Oropharynx (p16-),AJCC7,yp,T,T4,Primary tumor category imported from staging table; site-specific definition requires manual review.,No strict table definition was extracted for this site/category. Cancer committee review required.,generic_fallback_v1_6_review_required,,,generated_rule_category_fallback_v1_6
Oropharynx (p16-),AJCC7,yp,T,T4a,Primary tumor category imported from staging table; site-specific definition requires manual review.,No strict table definition was extracted for this site/category. Cancer committee review required.,generic_fallback_v1_6_review_required,,,generated_rule_category_fallback_v1_6
Oropharynx (p16-),AJCC7,yp,T,T4b,Primary tumor category imported from staging table; site-specific definition requires manual review.,No strict table definition was extracted for this site/category. Cancer committee review required.,generic_fallback_v1_6_review_required,,,generated_rule_category_fallback_v1_6
Oropharynx (p16-),AJCC7,any,T,Tis,Carcinoma in situ or site-specific in-situ category; site-specific wording requires manual review.,No strict table definition was extracted for this site/category. Cancer committee review required.,generic_fallback_v1_6_review_required,,,generated_rule_category_fallback_v1_6
Oropharynx (p16-),AJCC7,yp,T,Tis,Carcinoma in situ or site-specific in-situ category; site-specific wording requires manual review.,No strict table definition was extracted for this site/category. Cancer committee review required.,generic_fallback_v1_6_review_required,,,generated_rule_category_fallback_v1_6
Oropharynx (p16-),AJCC7,any,N,N0,No regional lymph node metastasis; site-specific wording requires manual review.,No strict table definition was extracted for this site/category. Cancer committee review required.,generic_fallback_v1_6_review_required,,,generated_rule_category_fallback_v1_6
Oropharynx (p16-),AJCC7,yp,N,N0,No regional lymph node metastasis; site-specific wording requires manual review.,No strict table definition was extracted for this site/category. Cancer committee review required.,generic_fallback_v1_6_review_required,,,generated_rule_category_fallback_v1_6
Oropharynx (p16-),AJCC7,any,N,N1,Regional lymph node category imported from staging table; site-specific definition requires manual review.,No strict table definition was extracted for this site/category. Cancer committee review required.,generic_fallback_v1_6_review_required,,,generated_rule_category_fallback_v1_6
Oropharynx (p16-),AJCC7,yp,N,N1,Regional lymph node category imported from staging table; site-specific definition requires manual review.,No strict table definition was extracted for this site/category. Cancer committee review required.,generic_fallback_v1_6_review_required,,,generated_rule_category_fallback_v1_6
Oropharynx (p16-),AJCC7,any,N,N2,Regional lymph node category imported from staging table; site-specific definition requires manual review.,No strict table definition was extracted for this site/category. Cancer committee review required.,generic_fallback_v1_6_review_required,,,generated_rule_category_fallback_v1_6
Oropharynx (p16-),AJCC7,yp,N,N2,Regional lymph node category imported from staging table; site-specific definition requires manual review.,No strict table definition was extracted for this site/category. Cancer committee review required.,generic_fallback_v1_6_review_required,,,generated_rule_category_fallback_v1_6
Oropharynx (p16-),AJCC7,any,N,N3,Regional lymph node category imported from staging table; site-specific definition requires manual review.,No strict table definition was extracted for this site/category. Cancer committee review required.,generic_fallback_v1_6_review_required,,,generated_rule_category_fallback_v1_6
Oropharynx (p16-),AJCC7,yp,N,N3,Regional lymph node category imported from staging table; site-specific definition requires manual review.,No strict table definition was extracted for this site/category. Cancer committee review required.,generic_fallback_v1_6_review_required,,,generated_rule_category_fallback_v1_6
Oropharynx (p16-),AJCC7,any,M,M0,No distant metastasis; site-specific wording requires manual review.,No strict table definition was extracted for this site/category. Cancer committee review required.,generic_fallback_v1_6_review_required,,,generated_rule_category_fallback_v1_6
Oropharynx (p16-),AJCC7,yp,M,M0,No distant metastasis; site-specific wording requires manual review.,No strict table definition was extracted for this site/category. Cancer committee review required.,generic_fallback_v1_6_review_required,,,generated_rule_category_fallback_v1_6
Oropharynx (p16-),AJCC7,any,M,M1,Distant metastasis category imported from staging table; site-specific definition requires manual review.,No strict table definition was extracted for this site/category. Cancer committee review required.,generic_fallback_v1_6_review_required,,,generated_rule_category_fallback_v1_6
Oropharynx (p16-),AJCC7,yp,M,M1,Distant metastasis category imported from staging table; site-specific definition requires manual review.,No strict table definition was extracted for this site/category. Cancer committee review required.,generic_fallback_v1_6_review_required,,,generated_rule_category_fallback_v1_6
Oropharynx (p16-),AJCC8,any,T,T1,Primary tumor category imported from staging table; site-specific definition requires manual review.,No strict table definition was extracted for this site/category. Cancer committee review required. | SURROGATE_AJCC8_DEFINITION_FROM_AJCC7_REVIEW_REQUIRED_v1.7: AJCC8 explicit definition not extractable from uploaded PDF; AJCC7 wording displayed pending cancer committee validation.,fallback_from_AJCC7_for_AJCC8_review_required_v1_7,,,surrogate_definition_from_AJCC7_v1_7
Oropharynx (p16-),AJCC8,yp,T,T1,Primary tumor category imported from staging table; site-specific definition requires manual review.,No strict table definition was extracted for this site/category. Cancer committee review required. | SURROGATE_AJCC8_DEFINITION_FROM_AJCC7_REVIEW_REQUIRED_v1.7: AJCC8 explicit definition not extractable from uploaded PDF; AJCC7 wording displayed pending cancer committee validation.,fallback_from_AJCC7_for_AJCC8_review_required_v1_7,,,surrogate_definition_from_AJCC7_v1_7
Oropharynx (p16-),AJCC8,any,T,T2,Primary tumor category imported from staging table; site-specific definition requires manual review.,No strict table definition was extracted for this site/category. Cancer committee review required. | SURROGATE_AJCC8_DEFINITION_FROM_AJCC7_REVIEW_REQUIRED_v1.7: AJCC8 explicit definition not extractable from uploaded PDF; AJCC7 wording displayed pending cancer committee validation.,fallback_from_AJCC7_for_AJCC8_review_required_v1_7,,,surrogate_definition_from_AJCC7_v1_7
Oropharynx (p16-),AJCC8,yp,T,T2,Primary tumor category imported from staging table; site-specific definition requires manual review.,No strict table definition was extracted for this site/category. Cancer committee review required. | SURROGATE_AJCC8_DEFINITION_FROM_AJCC7_REVIEW_REQUIRED_v1.7: AJCC8 explicit definition not extractable from uploaded PDF; AJCC7 wording displayed pending cancer committee validation.,fallback_from_AJCC7_for_AJCC8_review_required_v1_7,,,surrogate_definition_from_AJCC7_v1_7
Oropharynx (p16-),AJCC8,any,T,T3,Primary tumor category imported from staging table; site-specific definition requires manual review.,No strict table definition was extracted for this site/category. Cancer committee review required. | SURROGATE_AJCC8_DEFINITION_FROM_AJCC7_REVIEW_REQUIRED_v1.7: AJCC8 explicit definition not extractable from uploaded PDF; AJCC7 wording displayed pending cancer committee validation.,fallback_from_AJCC7_for_AJCC8_review_required_v1_7,,,surrogate_definition_from_AJCC7_v1_7
Oropharynx (p16-),AJCC8,yp,T,T3,Primary tumor category imported from staging table; site-specific definition requires manual review.,No strict table definition was extracted for this site/category. Cancer committee review required. | SURROGATE_AJCC8_DEFINITION_FROM_AJCC7_REVIEW_REQUIRED_v1.7: AJCC8 explicit definition not extractable from uploaded PDF; AJCC7 wording displayed pending cancer committee validation.,fallback_from_AJCC7_for_AJCC8_review_required_v1_7,,,surrogate_definition_from_AJCC7_v1_7
Oropharynx (p16-),AJCC8,any,T,T4,Primary tumor category imported from staging table; site-specific definition requires manual review.,No strict table definition was extracted for this site/category. Cancer committee review required. | SURROGATE_AJCC8_DEFINITION_FROM_AJCC7_REVIEW_REQUIRED_v1.7: AJCC8 explicit definition not extractable from uploaded PDF; AJCC7 wording displayed pending cancer committee validation.,fallback_from_AJCC7_for_AJCC8_review_required_v1_7,,,surrogate_definition_from_AJCC7_v1_7
Oropharynx (p16-),AJCC8,yp,T,T4,Primary tumor category imported from staging table; site-specific definition requires manual review.,No strict table definition was extracted for this site/category. Cancer committee review required. | SURROGATE_AJCC8_DEFINITION_FROM_AJCC7_REVIEW_REQUIRED_v1.7: AJCC8 explicit definition not extractable from uploaded PDF; AJCC7 wording displayed pending cancer committee validation.,fallback_from_AJCC7_for_AJCC8_review_required_v1_7,,,surrogate_definition_from_AJCC7_v1_7
Oropharynx (p16-),AJCC8,yp,T,T4a,Primary tumor category imported from staging table; site-specific definition requires manual review.,No strict table definition was extracted for this site/category. Cancer committee review required. | SURROGATE_AJCC8_DEFINITION_FROM_AJCC7_REVIEW_REQUIRED_v1.7: AJCC8 explicit definition not extractable from uploaded PDF; AJCC7 wording displayed pending cancer committee validation.,fallback_from_AJCC7_for_AJCC8_review_required_v1_7,,,surrogate_definition_from_AJCC7_v1_7
Oropharynx (p16-),AJCC8,yp,T,T4b,Primary tumor category imported from staging table; site-specific definition requires manual review.,No strict table definition was extracted for this site/category. Cancer committee review required. | SURROGATE_AJCC8_DEFINITION_FROM_AJCC7_REVIEW_REQUIRED_v1.7: AJCC8 explicit definition not extractable from uploaded PDF; AJCC7 wording displayed pending cancer committee validation.,fallback_from_AJCC7_for_AJCC8_review_required_v1_7,,,surrogate_definition_from_AJCC7_v1_7
Oropharynx (p16-),AJCC8,any,T,Tis,Carcinoma in situ or site-specific in-situ category; site-specific wording requires manual review.,No strict table definition was extracted for this site/category. Cancer committee review required. | SURROGATE_AJCC8_DEFINITION_FROM_AJCC7_REVIEW_REQUIRED_v1.7: AJCC8 explicit definition not extractable from uploaded PDF; AJCC7 wording displayed pending cancer committee validation.,fallback_from_AJCC7_for_AJCC8_review_required_v1_7,,,surrogate_definition_from_AJCC7_v1_7
Oropharynx (p16-),AJCC8,yp,T,Tis,Carcinoma in situ or site-specific in-situ category; site-specific wording requires manual review.,No strict table definition was extracted for this site/category. Cancer committee review required. | SURROGATE_AJCC8_DEFINITION_FROM_AJCC7_REVIEW_REQUIRED_v1.7: AJCC8 explicit definition not extractable from uploaded PDF; AJCC7 wording displayed pending cancer committee validation.,fallback_from_AJCC7_for_AJCC8_review_required_v1_7,,,surrogate_definition_from_AJCC7_v1_7
Oropharynx (p16-),AJCC8,any,N,N0,No regional lymph node metastasis; site-specific wording requires manual review.,No strict table definition was extracted for this site/category. Cancer committee review required. | SURROGATE_AJCC8_DEFINITION_FROM_AJCC7_REVIEW_REQUIRED_v1.7: AJCC8 explicit definition not extractable from uploaded PDF; AJCC7 wording displayed pending cancer committee validation.,fallback_from_AJCC7_for_AJCC8_review_required_v1_7,,,surrogate_definition_from_AJCC7_v1_7
Oropharynx (p16-),AJCC8,yp,N,N0,No regional lymph node metastasis; site-specific wording requires manual review.,No strict table definition was extracted for this site/category. Cancer committee review required. | SURROGATE_AJCC8_DEFINITION_FROM_AJCC7_REVIEW_REQUIRED_v1.7: AJCC8 explicit definition not extractable from uploaded PDF; AJCC7 wording displayed pending cancer committee validation.,fallback_from_AJCC7_for_AJCC8_review_required_v1_7,,,surrogate_definition_from_AJCC7_v1_7
Oropharynx (p16-),AJCC8,any,N,N1,Regional lymph node category imported from staging table; site-specific definition requires manual review.,No strict table definition was extracted for this site/category. Cancer committee review required. | SURROGATE_AJCC8_DEFINITION_FROM_AJCC7_REVIEW_REQUIRED_v1.7: AJCC8 explicit definition not extractable from uploaded PDF; AJCC7 wording displayed pending cancer committee validation.,fallback_from_AJCC7_for_AJCC8_review_required_v1_7,,,surrogate_definition_from_AJCC7_v1_7
Oropharynx (p16-),AJCC8,yp,N,N1,Regional lymph node category imported from staging table; site-specific definition requires manual review.,No strict table definition was extracted for this site/category. Cancer committee review required. | SURROGATE_AJCC8_DEFINITION_FROM_AJCC7_REVIEW_REQUIRED_v1.7: AJCC8 explicit definition not extractable from uploaded PDF; AJCC7 wording displayed pending cancer committee validation.,fallback_from_AJCC7_for_AJCC8_review_required_v1_7,,,surrogate_definition_from_AJCC7_v1_7
Oropharynx (p16-),AJCC8,any,N,N2,Regional lymph node category imported from staging table; site-specific definition requires manual review.,No strict table definition was extracted for this site/category. Cancer committee review required. | SURROGATE_AJCC8_DEFINITION_FROM_AJCC7_REVIEW_REQUIRED_v1.7: AJCC8 explicit definition not extractable from uploaded PDF; AJCC7 wording displayed pending cancer committee validation.,fallback_from_AJCC7_for_AJCC8_review_required_v1_7,,,surrogate_definition_from_AJCC7_v1_7
Oropharynx (p16-),AJCC8,yp,N,N2,Regional lymph node category imported from staging table; site-specific definition requires manual review.,No strict table definition was extracted for this site/category. Cancer committee review required. | SURROGATE_AJCC8_DEFINITION_FROM_AJCC7_REVIEW_REQUIRED_v1.7: AJCC8 explicit definition not extractable from uploaded PDF; AJCC7 wording displayed pending cancer committee validation.,fallback_from_AJCC7_for_AJCC8_review_required_v1_7,,,surrogate_definition_from_AJCC7_v1_7
Oropharynx (p16-),AJCC8,any,N,N3,Regional lymph node category imported from staging table; site-specific definition requires manual review.,No strict table definition was extracted for this site/category. Cancer committee review required. | SURROGATE_AJCC8_DEFINITION_FROM_AJCC7_REVIEW_REQUIRED_v1.7: AJCC8 explicit definition not extractable from uploaded PDF; AJCC7 wording displayed pending cancer committee validation.,fallback_from_AJCC7_for_AJCC8_review_required_v1_7,,,surrogate_definition_from_AJCC7_v1_7
Oropharynx (p16-),AJCC8,yp,N,N3,Regional lymph node category imported from staging table; site-specific definition requires manual review.,No strict table definition was extracted for this site/category. Cancer committee review required. | SURROGATE_AJCC8_DEFINITION_FROM_AJCC7_REVIEW_REQUIRED_v1.7: AJCC8 explicit definition not extractable from uploaded PDF; AJCC7 wording displayed pending cancer committee validation.,fallback_from_AJCC7_for_AJCC8_review_required_v1_7,,,surrogate_definition_from_AJCC7_v1_7
Oropharynx (p16-),AJCC8,any,M,M0,No distant metastasis; site-specific wording requires manual review.,No strict table definition was extracted for this site/category. Cancer committee review required. | SURROGATE_AJCC8_DEFINITION_FROM_AJCC7_REVIEW_REQUIRED_v1.7: AJCC8 explicit definition not extractable from uploaded PDF; AJCC7 wording displayed pending cancer committee validation.,fallback_from_AJCC7_for_AJCC8_review_required_v1_7,,,surrogate_definition_from_AJCC7_v1_7
Oropharynx (p16-),AJCC8,yp,M,M0,No distant metastasis; site-specific wording requires manual review.,No strict table definition was extracted for this site/category. Cancer committee review required. | SURROGATE_AJCC8_DEFINITION_FROM_AJCC7_REVIEW_REQUIRED_v1.7: AJCC8 explicit definition not extractable from uploaded PDF; AJCC7 wording displayed pending cancer committee validation.,fallback_from_AJCC7_for_AJCC8_review_required_v1_7,,,surrogate_definition_from_AJCC7_v1_7
Oropharynx (p16-),AJCC8,any,M,M1,Distant metastasis category imported from staging table; site-specific definition requires manual review.,No strict table definition was extracted for this site/category. Cancer committee review required. | SURROGATE_AJCC8_DEFINITION_FROM_AJCC7_REVIEW_REQUIRED_v1.7: AJCC8 explicit definition not extractable from uploaded PDF; AJCC7 wording displayed pending cancer committee validation.,fallback_from_AJCC7_for_AJCC8_review_required_v1_7,,,surrogate_definition_from_AJCC7_v1_7
Oropharynx (p16-),AJCC8,yp,M,M1,Distant metastasis category imported from staging table; site-specific definition requires manual review.,No strict table definition was extracted for this site/category. Cancer committee review required. | SURROGATE_AJCC8_DEFINITION_FROM_AJCC7_REVIEW_REQUIRED_v1.7: AJCC8 explicit definition not extractable from uploaded PDF; AJCC7 wording displayed pending cancer committee validation.,fallback_from_AJCC7_for_AJCC8_review_required_v1_7,,,surrogate_definition_from_AJCC7_v1_7
Oropharynx (p16-) and Hypopharynx,AJCC8,clinical,T,T1,Tumor limited to one subsite of hypopharynx and/or 2 cm or smaller in greatest dimension,,strict_table_extracted_v1_6,43,Definition of Regional Lymph Node (N),strict_table_extraction_v1_6
Oropharynx (p16-) and Hypopharynx,AJCC8,clinical,T,T2,"Tumor invades more than one subsite of hypopharynx or an adjacent site, or measures larger than 2 cm but not larger than 4 cm in greatest dimension without fixation of hemilarynx",,strict_table_extracted_v1_6,43,Definition of Regional Lymph Node (N),strict_table_extraction_v1_6
Oropharynx (p16-) and Hypopharynx,AJCC8,clinical,T,T3,Tumor larger than 4 cm in greatest dimension or with fixation of hemilarynx or extension to esophageal mucosa,,strict_table_extracted_v1_6,43,Definition of Regional Lymph Node (N),strict_table_extraction_v1_6
Oropharynx (p16-) and Hypopharynx,AJCC8,clinical,T,T4,Moderately advanced and very advanced local disease,,strict_table_extracted_v1_6,43,Definition of Regional Lymph Node (N),strict_table_extraction_v1_6
Oropharynx (p16-) and Hypopharynx,AJCC8,pathological,T,T4,Moderately advanced or very advanced local disease,,strict_table_extracted_v1_6,43,Definition of Regional Lymph Node (N),strict_table_extraction_v1_6
Oropharynx (p16-) and Hypopharynx,AJCC8,clinical,T,T4a,"Moderately advanced local disease Tumor invades thyroid/cricoid cartilage, hyoid bone, thyroid gland, esophageal muscle or central compartment soft tissue*",,strict_table_extracted_v1_6,43,Definition of Regional Lymph Node (N),strict_table_extraction_v1_6
Oropharynx (p16-) and Hypopharynx,AJCC8,pathological,T,T4a,"Moderately advanced local disease Tumor invades the larynx, extrinsic muscle of tongue, medial pterygoid, hard palate, or mandible*",,strict_table_extracted_v1_6,43,Definition of Regional Lymph Node (N),strict_table_extraction_v1_6
Oropharynx (p16-) and Hypopharynx,AJCC8,clinical,T,T4b,"Very advanced local disease Tumor invades prevertebral fascia, encases carotid artery, or involves mediastinal structures muscles and subcutaneous fat",,strict_table_extracted_v1_6,43,Definition of Regional Lymph Node (N),strict_table_extraction_v1_6
Oropharynx (p16-) and Hypopharynx,AJCC8,pathological,T,T4b,"Very advanced local disease Tumor invades lateral pterygoid muscle, pterygoid plates, lateral nasopharynx, or skull base or encases carotid artery tumors of the base of the tongue and vallecula does not constitute inva- sion of the larynx Hypopharynx",,strict_table_extracted_v1_6,43,Definition of Regional Lymph Node (N),strict_table_extraction_v1_6
Oropharynx (p16-) and Hypopharynx,AJCC8,pathological,T,TX,Primary tumor cannot be assessed,,strict_table_extracted_v1_6,43,Definition of Regional Lymph Node (N),strict_table_extraction_v1_6
Oropharynx (p16-) and Hypopharynx,AJCC8,pathological,T,Tis,Carcinoma in situ,,strict_table_extracted_v1_6,43,Definition of Regional Lymph Node (N),strict_table_extraction_v1_6
Oropharynx (p16-) and Hypopharynx,AJCC8,clinical,N,N0,No regional lymph node metastasis,,strict_table_extracted_v1_6,43,Definition of Regional Lymph Node (N),strict_table_extraction_v1_6
Oropharynx (p16-) and Hypopharynx,AJCC8,pathological,N,N0,No regional lymph node metastasis,,strict_table_extracted_v1_6,43,Definition of Regional Lymph Node (N),strict_table_extraction_v1_6
Oropharynx (p16-) and Hypopharynx,AJCC8,clinical,N,N1,"Metastasis in a single ipsilateral lymph node, 3 cm or smaller in greatest dimension and ENE(−)",,strict_table_extracted_v1_6,43,Definition of Regional Lymph Node (N),strict_table_extraction_v1_6
Oropharynx (p16-) and Hypopharynx,AJCC8,clinical,N,N2,"Metastasis in a single ipsilateral lymph node, 3 cm or smaller in greatest dimension and ENE(+); or larger than 3 cm but not larger than 6 cm in greatest dimension and ENE(−); or metastases in multiple ipsilateral lymph nodes, none larger than 6 cm in greatest dimension and ENE(−); or in bilateral or contralateral lymph node(s), none larger than 6 cm in greatest dimension and ENE(−)",,strict_table_extracted_v1_6,43,Definition of Regional Lymph Node (N),strict_table_extraction_v1_6
Oropharynx (p16-) and Hypopharynx,AJCC8,clinical,N,N2a,Metastasis in single ipsilateral node 3 cm or smaller in greatest dimension and ENE(+); or a single ipsilateral node larger than 3 cm but not larger than 6 cm in greatest dimension and ENE(−),,strict_table_extracted_v1_6,43,Definition of Regional Lymph Node (N),strict_table_extraction_v1_6
Oropharynx (p16-) and Hypopharynx,AJCC8,clinical,N,N2b,"Metastasis in multiple ipsilateral nodes, none larger than 6 cm in greatest dimension and ENE(−)",,strict_table_extracted_v1_6,43,Definition of Regional Lymph Node (N),strict_table_extraction_v1_6
Oropharynx (p16-) and Hypopharynx,AJCC8,clinical,N,N2c,"Metastasis in bilateral or contralateral lymph node(s), none larger than 6 cm in greatest dimension and ENE(−)",,strict_table_extracted_v1_6,43,Definition of Regional Lymph Node (N),strict_table_extraction_v1_6
Oropharynx (p16-) and Hypopharynx,AJCC8,clinical,N,N3,"Metastasis in a lymph node larger than 6 cm in greatest dimension and ENE(−); or in a single ipsilateral node larger than 3 cm in greatest dimension and ENE(+); or multiple ipsilateral, contralateral or bilateral nodes, any with ENE(+); or a single contralateral node of any size and ENE(+)",,strict_table_extracted_v1_6,43,Definition of Regional Lymph Node (N),strict_table_extraction_v1_6
Oropharynx (p16-) and Hypopharynx,AJCC8,clinical,N,N3a,Metastasis in a lymph node larger than 6 cm in greatest dimension and ENE(−),,strict_table_extracted_v1_6,43,Definition of Regional Lymph Node (N),strict_table_extraction_v1_6
Oropharynx (p16-) and Hypopharynx,AJCC8,pathological,N,N3b,"Metastasis in any node(s) and clinically overt ENE(+) indicate metastasis above the lower border of the cricoid (U) or below the lower border of the cricoid (L). Similarly, clinical and pathological ENE should be recorded as ENE(−) or ENE(+) Pathological N (pN)-Oropharynx (p16-) and Hypopharynx",,strict_table_extracted_v1_6,43,Definition of Regional Lymph Node (N),strict_table_extraction_v1_6
Oropharynx (p16-) and Hypopharynx,AJCC8,clinical,N,NX,Regional lymph nodes cannot be assessed,,strict_table_extracted_v1_6,43,Definition of Regional Lymph Node (N),strict_table_extraction_v1_6
Oropharynx (p16-) and Hypopharynx,AJCC8,pathological,N,NX,Regional lymph nodes cannot be assessed,,strict_table_extracted_v1_6,43,Definition of Regional Lymph Node (N),strict_table_extraction_v1_6
"Ovary, Fallopian Tube and Primary Peritoneal Carcinoma",AJCC7,any,T,T1,Primary tumor category imported from staging table; site-specific definition requires manual review.,No strict table definition was extracted for this site/category. Cancer committee review required.,generic_fallback_v1_6_review_required,,,generated_rule_category_fallback_v1_6
"Ovary, Fallopian Tube and Primary Peritoneal Carcinoma",AJCC7,any,T,T1a,Primary tumor category imported from staging table; site-specific definition requires manual review.,No strict table definition was extracted for this site/category. Cancer committee review required.,generic_fallback_v1_6_review_required,,,generated_rule_category_fallback_v1_6
"Ovary, Fallopian Tube and Primary Peritoneal Carcinoma",AJCC7,any,T,T1b,Primary tumor category imported from staging table; site-specific definition requires manual review.,No strict table definition was extracted for this site/category. Cancer committee review required.,generic_fallback_v1_6_review_required,,,generated_rule_category_fallback_v1_6
"Ovary, Fallopian Tube and Primary Peritoneal Carcinoma",AJCC7,any,T,T1c,Primary tumor category imported from staging table; site-specific definition requires manual review.,No strict table definition was extracted for this site/category. Cancer committee review required.,generic_fallback_v1_6_review_required,,,generated_rule_category_fallback_v1_6
"Ovary, Fallopian Tube and Primary Peritoneal Carcinoma",AJCC7,any,T,T2,Primary tumor category imported from staging table; site-specific definition requires manual review.,No strict table definition was extracted for this site/category. Cancer committee review required.,generic_fallback_v1_6_review_required,,,generated_rule_category_fallback_v1_6
"Ovary, Fallopian Tube and Primary Peritoneal Carcinoma",AJCC7,any,T,T2a,Primary tumor category imported from staging table; site-specific definition requires manual review.,No strict table definition was extracted for this site/category. Cancer committee review required.,generic_fallback_v1_6_review_required,,,generated_rule_category_fallback_v1_6
"Ovary, Fallopian Tube and Primary Peritoneal Carcinoma",AJCC7,any,T,T2b,Primary tumor category imported from staging table; site-specific definition requires manual review.,No strict table definition was extracted for this site/category. Cancer committee review required.,generic_fallback_v1_6_review_required,,,generated_rule_category_fallback_v1_6
"Ovary, Fallopian Tube and Primary Peritoneal Carcinoma",AJCC7,any,T,T2c,Primary tumor category imported from staging table; site-specific definition requires manual review.,No strict table definition was extracted for this site/category. Cancer committee review required.,generic_fallback_v1_6_review_required,,,generated_rule_category_fallback_v1_6
"Ovary, Fallopian Tube and Primary Peritoneal Carcinoma",AJCC7,any,T,T3,Primary tumor category imported from staging table; site-specific definition requires manual review.,No strict table definition was extracted for this site/category. Cancer committee review required.,generic_fallback_v1_6_review_required,,,generated_rule_category_fallback_v1_6
"Ovary, Fallopian Tube and Primary Peritoneal Carcinoma",AJCC7,any,T,T3a,Primary tumor category imported from staging table; site-specific definition requires manual review.,No strict table definition was extracted for this site/category. Cancer committee review required.,generic_fallback_v1_6_review_required,,,generated_rule_category_fallback_v1_6
"Ovary, Fallopian Tube and Primary Peritoneal Carcinoma",AJCC7,any,T,T3b,Primary tumor category imported from staging table; site-specific definition requires manual review.,No strict table definition was extracted for this site/category. Cancer committee review required.,generic_fallback_v1_6_review_required,,,generated_rule_category_fallback_v1_6
"Ovary, Fallopian Tube and Primary Peritoneal Carcinoma",AJCC7,any,T,T3c,Primary tumor category imported from staging table; site-specific definition requires manual review.,No strict table definition was extracted for this site/category. Cancer committee review required.,generic_fallback_v1_6_review_required,,,generated_rule_category_fallback_v1_6
"Ovary, Fallopian Tube and Primary Peritoneal Carcinoma",AJCC7,any,T,Tis,Carcinoma in situ or site-specific in-situ category; site-specific wording requires manual review.,No strict table definition was extracted for this site/category. Cancer committee review required.,generic_fallback_v1_6_review_required,,,generated_rule_category_fallback_v1_6
"Ovary, Fallopian Tube and Primary Peritoneal Carcinoma",AJCC7,any,N,N0,No regional lymph node metastasis; site-specific wording requires manual review.,No strict table definition was extracted for this site/category. Cancer committee review required.,generic_fallback_v1_6_review_required,,,generated_rule_category_fallback_v1_6
"Ovary, Fallopian Tube and Primary Peritoneal Carcinoma",AJCC7,any,N,N1,Regional lymph node category imported from staging table; site-specific definition requires manual review.,No strict table definition was extracted for this site/category. Cancer committee review required.,generic_fallback_v1_6_review_required,,,generated_rule_category_fallback_v1_6
"Ovary, Fallopian Tube and Primary Peritoneal Carcinoma",AJCC7,yp,N,N1,Regional lymph node category imported from staging table; site-specific definition requires manual review.,No strict table definition was extracted for this site/category. Cancer committee review required.,generic_fallback_v1_6_review_required,,,generated_rule_category_fallback_v1_6
"Ovary, Fallopian Tube and Primary Peritoneal Carcinoma",AJCC7,any,M,M0,No distant metastasis; site-specific wording requires manual review.,No strict table definition was extracted for this site/category. Cancer committee review required.,generic_fallback_v1_6_review_required,,,generated_rule_category_fallback_v1_6
"Ovary, Fallopian Tube and Primary Peritoneal Carcinoma",AJCC7,yp,M,M0,No distant metastasis; site-specific wording requires manual review.,No strict table definition was extracted for this site/category. Cancer committee review required.,generic_fallback_v1_6_review_required,,,generated_rule_category_fallback_v1_6
"Ovary, Fallopian Tube and Primary Peritoneal Carcinoma",AJCC7,any,M,M1,Distant metastasis category imported from staging table; site-specific definition requires manual review.,No strict table definition was extracted for this site/category. Cancer committee review required.,generic_fallback_v1_6_review_required,,,generated_rule_category_fallback_v1_6
"Ovary, Fallopian Tube and Primary Peritoneal Carcinoma",AJCC7,yp,M,M1,Distant metastasis category imported from staging table; site-specific definition requires manual review.,No strict table definition was extracted for this site/category. Cancer committee review required.,generic_fallback_v1_6_review_required,,,generated_rule_category_fallback_v1_6
"Ovary, Fallopian Tube and Primary Peritoneal Carcinoma",AJCC8,any,T,T1,Primary tumor category imported from staging table; site-specific definition requires manual review.,No strict table definition was extracted for this site/category. Cancer committee review required.,generic_fallback_v1_6_review_required,,,generated_rule_category_fallback_v1_6
"Ovary, Fallopian Tube and Primary Peritoneal Carcinoma",AJCC8,any,T,T2,Primary tumor category imported from staging table; site-specific definition requires manual review.,No strict table definition was extracted for this site/category. Cancer committee review required.,generic_fallback_v1_6_review_required,,,generated_rule_category_fallback_v1_6
"Ovary, Fallopian Tube and Primary Peritoneal Carcinoma",AJCC8,any,N,N0,No regional lymph node metastasis; site-specific wording requires manual review.,No strict table definition was extracted for this site/category. Cancer committee review required.,generic_fallback_v1_6_review_required,,,generated_rule_category_fallback_v1_6
"Ovary, Fallopian Tube and Primary Peritoneal Carcinoma",AJCC8,any,N,N1,Regional lymph node category imported from staging table; site-specific definition requires manual review.,No strict table definition was extracted for this site/category. Cancer committee review required.,generic_fallback_v1_6_review_required,,,generated_rule_category_fallback_v1_6
"Ovary, Fallopian Tube and Primary Peritoneal Carcinoma",AJCC8,any,M,M0,No distant metastasis; site-specific wording requires manual review.,No strict table definition was extracted for this site/category. Cancer committee review required.,generic_fallback_v1_6_review_required,,,generated_rule_category_fallback_v1_6
"Ovary, Fallopian Tube and Primary Peritoneal Carcinoma",AJCC8,any,M,M1b,Distant metastasis category imported from staging table; site-specific definition requires manual review.,No strict table definition was extracted for this site/category. Cancer committee review required.,generic_fallback_v1_6_review_required,,,generated_rule_category_fallback_v1_6
"Ovary, Fallopian Tube, and Primary Peritoneal Carcinoma",AJCC8,any,T,T0,No evidence of primary tumor,,strict_table_extracted_v1_6,184,Definition of Primary Tumor (T),strict_table_extraction_v1_6
"Ovary, Fallopian Tube, and Primary Peritoneal Carcinoma",AJCC8,any,T,T1,Tumor limited to ovaries (one or both) or fallopian tube(s),,strict_table_extracted_v1_6,184,Definition of Primary Tumor (T),strict_table_extraction_v1_6
"Ovary, Fallopian Tube, and Primary Peritoneal Carcinoma",AJCC8,any,T,T1a,"IA Tumor limited to one ovary (capsule intact) or fallopian tube, no tumor on ovarian or fallopian tube surface; no malignant cells in ascites or peritoneal washings",,strict_table_extracted_v1_6,184,Definition of Primary Tumor (T),strict_table_extraction_v1_6
"Ovary, Fallopian Tube, and Primary Peritoneal Carcinoma",AJCC8,any,T,T1b,IB Tumor limited to both ovaries (capsules intact) or fallopian tubes; no tumor on ovarian or fallopian tube surface; no malignant cells in ascites or peritoneal washings,,strict_table_extracted_v1_6,184,Definition of Primary Tumor (T),strict_table_extraction_v1_6
"Ovary, Fallopian Tube, and Primary Peritoneal Carcinoma",AJCC8,any,T,T1c,"IC Tumor limited to one or both ovaries or fallopian tubes, with any of the following: T1c1 IC1 Surgical spill T1c2 IC2 Capsule ruptured before surgery or tumor on ovarian or fallopian tube surface T1c3 IC3 Malignant cells in ascites or peritoneal washings",,strict_table_extracted_v1_6,184,Definition of Primary Tumor (T),strict_table_extraction_v1_6
"Ovary, Fallopian Tube, and Primary Peritoneal Carcinoma",AJCC8,any,T,T2,II Tumor involves one or both ovaries or fallopian tubes with pelvic extension below pelvic brim or primary peritoneal cancer,,strict_table_extracted_v1_6,184,Definition of Primary Tumor (T),strict_table_extraction_v1_6
"Ovary, Fallopian Tube, and Primary Peritoneal Carcinoma",AJCC8,any,T,T2a,IIA Extension and/or implants on the uterus and/or fallopian tube(s) and/or ovaries,,strict_table_extracted_v1_6,184,Definition of Primary Tumor (T),strict_table_extraction_v1_6
"Ovary, Fallopian Tube, and Primary Peritoneal Carcinoma",AJCC8,any,T,T2b,IIB Extension to and/or implants on other pelvic tissues,,strict_table_extracted_v1_6,184,Definition of Primary Tumor (T),strict_table_extraction_v1_6
"Ovary, Fallopian Tube, and Primary Peritoneal Carcinoma",AJCC8,any,T,T3,"III Tumor involves one or both ovaries or fallopian tubes, or primary peritoneal cancer, with microscopically confirmed peritoneal metastasis outside the pelvis and/or metastasis to the retroperitoneal (pelvic and/or para-aortic) lymph nodes",,strict_table_extracted_v1_6,184,Definition of Primary Tumor (T),strict_table_extraction_v1_6
"Ovary, Fallopian Tube, and Primary Peritoneal Carcinoma",AJCC8,any,T,T3a,IIIA2 Microscopic extrapelvic (above the pelvic brim) peritoneal involvement with or without positive retroperitoneal lymph nodes,,strict_table_extracted_v1_6,184,Definition of Primary Tumor (T),strict_table_extraction_v1_6
"Ovary, Fallopian Tube, and Primary Peritoneal Carcinoma",AJCC8,any,T,T3b,IIIB Macroscopic peritoneal metastasis beyond pelvis 2 cm or less in greatest dimension with or without metastasis to the retroperitoneal lymph nodes,,strict_table_extracted_v1_6,184,Definition of Primary Tumor (T),strict_table_extraction_v1_6
"Ovary, Fallopian Tube, and Primary Peritoneal Carcinoma",AJCC8,any,T,T3c,IIIC Macroscopic peritoneal metastasis beyond the pelvis more than 2 cm in greatest dimension with or without metastasis to the retroperitoneal lymph nodes (includes extension of tumor to capsule of liver and spleen without parenchymal involvement of either organ),,strict_table_extracted_v1_6,184,Definition of Primary Tumor (T),strict_table_extraction_v1_6
"Ovary, Fallopian Tube, and Primary Peritoneal Carcinoma",AJCC8,any,T,TX,Primary tumor cannot be assessed,,strict_table_extracted_v1_6,184,Definition of Primary Tumor (T),strict_table_extraction_v1_6
"Ovary, Fallopian Tube, and Primary Peritoneal Carcinoma",AJCC8,any,N,N0,No regional lymph node metastasis,,strict_table_extracted_v1_6,184,Definition of Regional Lymph Node (N),strict_table_extraction_v1_6
"Ovary, Fallopian Tube, and Primary Peritoneal Carcinoma",AJCC8,any,N,N0(i+),Isolated tumor cells in regional lymph node(s) no greater than 0.2 mm,,strict_table_extracted_v1_6,184,Definition of Regional Lymph Node (N),strict_table_extraction_v1_6
"Ovary, Fallopian Tube, and Primary Peritoneal Carcinoma",AJCC8,any,N,N1,IIIA1 Positive retroperitoneal lymph nodes only (histologically confirmed),,strict_table_extracted_v1_6,184,Definition of Regional Lymph Node (N),strict_table_extraction_v1_6
"Ovary, Fallopian Tube, and Primary Peritoneal Carcinoma",AJCC8,any,N,N1a,IIIA1i Metastasis up to and including 10 mm in greatest dimension,,strict_table_extracted_v1_6,184,Definition of Regional Lymph Node (N),strict_table_extraction_v1_6
"Ovary, Fallopian Tube, and Primary Peritoneal Carcinoma",AJCC8,any,N,N1b,IIIA1ii Metastasis more than 10 mm in greatest dimension,,strict_table_extracted_v1_6,184,Definition of Regional Lymph Node (N),strict_table_extraction_v1_6
"Ovary, Fallopian Tube, and Primary Peritoneal Carcinoma",AJCC8,any,N,NX,Regional lymph nodes cannot be assessed,,strict_table_extracted_v1_6,184,Definition of Regional Lymph Node (N),strict_table_extraction_v1_6
"Ovary, Fallopian Tube, and Primary Peritoneal Carcinoma",AJCC8,any,M,M0,No distant metastasis,,strict_table_extracted_v1_6,184,Definition of Distant Metastasis (M),strict_table_extraction_v1_6
"Ovary, Fallopian Tube, and Primary Peritoneal Carcinoma",AJCC8,any,M,M1,"IV Distant metastasis, including pleural effusion with positive cytology; liver or splenic parenchymal metastasis; metastasis to extra-abdominal organs (including inguinal lymph nodes and lymph nodes outside the abdominal cavity); and transmural involvement of intestine",,strict_table_extracted_v1_6,184,Definition of Distant Metastasis (M),strict_table_extraction_v1_6
"Ovary, Fallopian Tube, and Primary Peritoneal Carcinoma",AJCC8,any,M,M1a,IVA Pleural effusion with positive cytology,,strict_table_extracted_v1_6,184,Definition of Distant Metastasis (M),strict_table_extraction_v1_6
"Ovary, Fallopian Tube, and Primary Peritoneal Carcinoma",AJCC8,any,M,M1b,IVB Liver or splenic parenchymal metastases; metastases to extra-abdominal organs (including inguinal lymph nodes and lymph nodes outside the abdominal cavity); transmural involvement of intestine,,strict_table_extracted_v1_6,184,Definition of Distant Metastasis (M),strict_table_extraction_v1_6
Penis,AJCC7,any,T,T1,Primary tumor category imported from staging table; site-specific definition requires manual review.,No strict table definition was extracted for this site/category. Cancer committee review required.,generic_fallback_v1_6_review_required,,,generated_rule_category_fallback_v1_6
Penis,AJCC7,pathological,T,T1,Primary tumor category imported from staging table; site-specific definition requires manual review.,No strict table definition was extracted for this site/category. Cancer committee review required.,generic_fallback_v1_6_review_required,,,generated_rule_category_fallback_v1_6
Penis,AJCC7,any,T,T1a,Primary tumor category imported from staging table; site-specific definition requires manual review.,No strict table definition was extracted for this site/category. Cancer committee review required.,generic_fallback_v1_6_review_required,,,generated_rule_category_fallback_v1_6
Penis,AJCC7,pathological,T,T1a,Primary tumor category imported from staging table; site-specific definition requires manual review.,No strict table definition was extracted for this site/category. Cancer committee review required.,generic_fallback_v1_6_review_required,,,generated_rule_category_fallback_v1_6
Penis,AJCC7,any,T,T1b,Primary tumor category imported from staging table; site-specific definition requires manual review.,No strict table definition was extracted for this site/category. Cancer committee review required.,generic_fallback_v1_6_review_required,,,generated_rule_category_fallback_v1_6
Penis,AJCC7,pathological,T,T1b,Primary tumor category imported from staging table; site-specific definition requires manual review.,No strict table definition was extracted for this site/category. Cancer committee review required.,generic_fallback_v1_6_review_required,,,generated_rule_category_fallback_v1_6
Penis,AJCC7,any,T,T2,Primary tumor category imported from staging table; site-specific definition requires manual review.,No strict table definition was extracted for this site/category. Cancer committee review required.,generic_fallback_v1_6_review_required,,,generated_rule_category_fallback_v1_6
Penis,AJCC7,pathological,T,T2,Primary tumor category imported from staging table; site-specific definition requires manual review.,No strict table definition was extracted for this site/category. Cancer committee review required.,generic_fallback_v1_6_review_required,,,generated_rule_category_fallback_v1_6
Penis,AJCC7,any,T,T3,Primary tumor category imported from staging table; site-specific definition requires manual review.,No strict table definition was extracted for this site/category. Cancer committee review required.,generic_fallback_v1_6_review_required,,,generated_rule_category_fallback_v1_6
Penis,AJCC7,pathological,T,T3,Primary tumor category imported from staging table; site-specific definition requires manual review.,No strict table definition was extracted for this site/category. Cancer committee review required.,generic_fallback_v1_6_review_required,,,generated_rule_category_fallback_v1_6
Penis,AJCC7,any,T,T4,Primary tumor category imported from staging table; site-specific definition requires manual review.,No strict table definition was extracted for this site/category. Cancer committee review required.,generic_fallback_v1_6_review_required,,,generated_rule_category_fallback_v1_6
Penis,AJCC7,yp,T,T4,Primary tumor category imported from staging table; site-specific definition requires manual review.,No strict table definition was extracted for this site/category. Cancer committee review required.,generic_fallback_v1_6_review_required,,,generated_rule_category_fallback_v1_6
Penis,AJCC7,any,T,Ta,Primary tumor category imported from staging table; site-specific definition requires manual review.,No strict table definition was extracted for this site/category. Cancer committee review required.,generic_fallback_v1_6_review_required,,,generated_rule_category_fallback_v1_6
Penis,AJCC7,pathological,T,Ta,Primary tumor category imported from staging table; site-specific definition requires manual review.,No strict table definition was extracted for this site/category. Cancer committee review required.,generic_fallback_v1_6_review_required,,,generated_rule_category_fallback_v1_6
Penis,AJCC7,any,T,Tis,Carcinoma in situ or site-specific in-situ category; site-specific wording requires manual review.,No strict table definition was extracted for this site/category. Cancer committee review required.,generic_fallback_v1_6_review_required,,,generated_rule_category_fallback_v1_6
Penis,AJCC7,pathological,T,Tis,Carcinoma in situ or site-specific in-situ category; site-specific wording requires manual review.,No strict table definition was extracted for this site/category. Cancer committee review required.,generic_fallback_v1_6_review_required,,,generated_rule_category_fallback_v1_6
Penis,AJCC7,any,N,N0,No regional lymph node metastasis; site-specific wording requires manual review.,No strict table definition was extracted for this site/category. Cancer committee review required.,generic_fallback_v1_6_review_required,,,generated_rule_category_fallback_v1_6
Penis,AJCC7,pathological,N,N0,No regional lymph node metastasis; site-specific wording requires manual review.,No strict table definition was extracted for this site/category. Cancer committee review required.,generic_fallback_v1_6_review_required,,,generated_rule_category_fallback_v1_6
Penis,AJCC7,any,N,N1,Regional lymph node category imported from staging table; site-specific definition requires manual review.,No strict table definition was extracted for this site/category. Cancer committee review required.,generic_fallback_v1_6_review_required,,,generated_rule_category_fallback_v1_6
Penis,AJCC7,pathological,N,N1,Regional lymph node category imported from staging table; site-specific definition requires manual review.,No strict table definition was extracted for this site/category. Cancer committee review required.,generic_fallback_v1_6_review_required,,,generated_rule_category_fallback_v1_6
Penis,AJCC7,any,N,N2,Regional lymph node category imported from staging table; site-specific definition requires manual review.,No strict table definition was extracted for this site/category. Cancer committee review required.,generic_fallback_v1_6_review_required,,,generated_rule_category_fallback_v1_6
Penis,AJCC7,pathological,N,N2,Regional lymph node category imported from staging table; site-specific definition requires manual review.,No strict table definition was extracted for this site/category. Cancer committee review required.,generic_fallback_v1_6_review_required,,,generated_rule_category_fallback_v1_6
Penis,AJCC7,any,N,N3,Regional lymph node category imported from staging table; site-specific definition requires manual review.,No strict table definition was extracted for this site/category. Cancer committee review required.,generic_fallback_v1_6_review_required,,,generated_rule_category_fallback_v1_6
Penis,AJCC7,yp,N,N3,Regional lymph node category imported from staging table; site-specific definition requires manual review.,No strict table definition was extracted for this site/category. Cancer committee review required.,generic_fallback_v1_6_review_required,,,generated_rule_category_fallback_v1_6
Penis,AJCC7,any,M,M0,No distant metastasis; site-specific wording requires manual review.,No strict table definition was extracted for this site/category. Cancer committee review required.,generic_fallback_v1_6_review_required,,,generated_rule_category_fallback_v1_6
Penis,AJCC7,pathological,M,M0,No distant metastasis; site-specific wording requires manual review.,No strict table definition was extracted for this site/category. Cancer committee review required.,generic_fallback_v1_6_review_required,,,generated_rule_category_fallback_v1_6
Penis,AJCC7,yp,M,M0,No distant metastasis; site-specific wording requires manual review.,No strict table definition was extracted for this site/category. Cancer committee review required.,generic_fallback_v1_6_review_required,,,generated_rule_category_fallback_v1_6
Penis,AJCC7,any,M,M1,Distant metastasis category imported from staging table; site-specific definition requires manual review.,No strict table definition was extracted for this site/category. Cancer committee review required.,generic_fallback_v1_6_review_required,,,generated_rule_category_fallback_v1_6
Penis,AJCC7,yp,M,M1,Distant metastasis category imported from staging table; site-specific definition requires manual review.,No strict table definition was extracted for this site/category. Cancer committee review required.,generic_fallback_v1_6_review_required,,,generated_rule_category_fallback_v1_6
Penis,AJCC8,any,T,T3,Primary tumor category imported from staging table; site-specific definition requires manual review.,No strict table definition was extracted for this site/category. Cancer committee review required.,generic_fallback_v1_6_review_required,,,generated_rule_category_fallback_v1_6
Penis,AJCC8,yp,T,Ta,Primary tumor category imported from staging table; site-specific definition requires manual review.,No strict table definition was extracted for this site/category. Cancer committee review required.,generic_fallback_v1_6_review_required,,,generated_rule_category_fallback_v1_6
Penis,AJCC8,yp,T,Tis,Carcinoma in situ or site-specific in-situ category; site-specific wording requires manual review.,No strict table definition was extracted for this site/category. Cancer committee review required.,generic_fallback_v1_6_review_required,,,generated_rule_category_fallback_v1_6
Penis,AJCC8,any,N,N0,No regional lymph node metastasis; site-specific wording requires manual review.,No strict table definition was extracted for this site/category. Cancer committee review required.,generic_fallback_v1_6_review_required,,,generated_rule_category_fallback_v1_6
Penis,AJCC8,clinical,N,N0,No palpable or visibly enlarged inguinal lymph nodes,,strict_table_extracted_v1_6,187,Definition of Regional Lymph Node (N),strict_table_extraction_v1_6
Penis,AJCC8,pathological,N,N0,No lymph node metastasis,,strict_table_extracted_v1_6,187,Definition of Regional Lymph Node (N),strict_table_extraction_v1_6
Penis,AJCC8,yp,N,N0,No regional lymph node metastasis; site-specific wording requires manual review.,No strict table definition was extracted for this site/category. Cancer committee review required.,generic_fallback_v1_6_review_required,,,generated_rule_category_fallback_v1_6
Penis,AJCC8,clinical,N,N1,Palpable mobile unilateral inguinal lymph node,,strict_table_extracted_v1_6,187,Definition of Regional Lymph Node (N),strict_table_extraction_v1_6
Penis,AJCC8,pathological,N,N1,"≤2 unilateral inguinal metastases, no ENE",,strict_table_extracted_v1_6,187,Definition of Regional Lymph Node (N),strict_table_extraction_v1_6
Penis,AJCC8,clinical,N,N2,Palpable mobile ≥ 2 unilateral inguinal nodes or bilateral inguinal lymph nodes,,strict_table_extracted_v1_6,187,Definition of Regional Lymph Node (N),strict_table_extraction_v1_6
Penis,AJCC8,pathological,N,N2,"≥3 unilateral inguinal metastases or bilateral metastases, no ENE",,strict_table_extracted_v1_6,187,Definition of Regional Lymph Node (N),strict_table_extraction_v1_6
Penis,AJCC8,clinical,N,N3,Palpable fixed inguinal nodal mass or pelvic lymphadenopathy unilateral or bilateral Pathological N (pN) pN Criteria,,strict_table_extracted_v1_6,187,Definition of Regional Lymph Node (N),strict_table_extraction_v1_6
Penis,AJCC8,pathological,N,N3,ENE of lymph node metastases or pelvic lymph node metastases,,strict_table_extracted_v1_6,187,Definition of Regional Lymph Node (N),strict_table_extraction_v1_6
Penis,AJCC8,clinical,N,NX,Regional lymph nodes cannot be assessed,,strict_table_extracted_v1_6,187,Definition of Regional Lymph Node (N),strict_table_extraction_v1_6
Penis,AJCC8,pathological,N,NX,Lymph node metastasis cannot be established,,strict_table_extracted_v1_6,187,Definition of Regional Lymph Node (N),strict_table_extraction_v1_6
Penis,AJCC8,any,M,M0,No distant metastasis,,strict_table_extracted_v1_6,187,Definition of Distant Metastasis (M),strict_table_extraction_v1_6
Penis,AJCC8,any,M,M1,Distant metastasis present,,strict_table_extracted_v1_6,187,Definition of Distant Metastasis (M),strict_table_extraction_v1_6
Perihilar bile duct,AJCC7,any,T,T0,No evidence of primary tumor（無原發腫瘤證據）,,checked_v0_7,,protected_curated_gi_definition_from_v0_8_2,protected_known_good_v0_8_2
Perihilar bile duct,AJCC7,any,T,T1,Tumor confined to bile duct with extension up to muscle layer or fibrous tissue（限於膽管，侵犯至肌層或纖維組織）,,checked_v0_7,,protected_curated_gi_definition_from_v0_8_2,protected_known_good_v0_8_2
Perihilar bile duct,AJCC7,any,T,T2,Tumor invades beyond bile duct wall or adjacent hepatic parenchyma（侵犯膽管壁外或鄰近肝實質；依 T2a/T2b 細分）,,checked_v0_7,,protected_curated_gi_definition_from_v0_8_2,protected_known_good_v0_8_2
Perihilar bile duct,AJCC7,any,T,T2a,Tumor invades beyond bile duct wall to surrounding adipose tissue（侵犯膽管壁外至周圍脂肪組織）,,checked_v0_7,,protected_curated_gi_definition_from_v0_8_2,protected_known_good_v0_8_2
Perihilar bile duct,AJCC7,any,T,T2b,Tumor invades adjacent hepatic parenchyma（侵犯鄰近肝實質）,,checked_v0_7,,protected_curated_gi_definition_from_v0_8_2,protected_known_good_v0_8_2
Perihilar bile duct,AJCC7,any,T,T3,Tumor invades unilateral branches of portal vein or hepatic artery（侵犯單側門靜脈或肝動脈分支）,,checked_v0_7,,protected_curated_gi_definition_from_v0_8_2,protected_known_good_v0_8_2
Perihilar bile duct,AJCC7,any,T,T4,"Tumor invades main portal vein or its branches bilaterally, common hepatic artery, bilateral second-order ducts, or unilateral second-order ducts with contralateral vascular involvement（侵犯主門靜脈/雙側分支、總肝動脈、雙側二級膽管或單側二級膽管合併對側血管侵犯）",,checked_v0_7,,protected_curated_gi_definition_from_v0_8_2,protected_known_good_v0_8_2
Perihilar bile duct,AJCC7,any,T,TX,Primary tumor cannot be assessed（原發腫瘤無法評估）,,checked_v0_7,,protected_curated_gi_definition_from_v0_8_2,protected_known_good_v0_8_2
Perihilar bile duct,AJCC7,any,T,Tis,Carcinoma in situ / high-grade dysplasia（原位癌／高度異生）,,checked_v0_7,,protected_curated_gi_definition_from_v0_8_2,protected_known_good_v0_8_2
Perihilar bile duct,AJCC7,any,N,N0,No regional lymph node metastasis（無區域淋巴結轉移）,,checked_v0_7,,protected_curated_gi_definition_from_v0_8_2,protected_known_good_v0_8_2
Perihilar bile duct,AJCC7,any,N,N1,Regional lymph node metastasis（區域淋巴結轉移）,,checked_v0_7,,protected_curated_gi_definition_from_v0_8_2,protected_known_good_v0_8_2
Perihilar bile duct,AJCC7,any,N,N2,Distant nodal metastasis such as periaortic/pericaval/celiac/SMA nodes in AJCC7 grouping（AJCC7 中遠端淋巴結轉移，如主動脈旁/腔靜脈旁/腹腔/上腸繫膜動脈淋巴結）,,checked_v0_7,,protected_curated_gi_definition_from_v0_8_2,protected_known_good_v0_8_2
Perihilar bile duct,AJCC7,any,N,NX,Regional lymph nodes cannot be assessed（區域淋巴結無法評估）,,checked_v0_7,,protected_curated_gi_definition_from_v0_8_2,protected_known_good_v0_8_2
Perihilar bile duct,AJCC7,any,M,M0,No distant metastasis（無遠端轉移）,,checked_v0_7,,protected_curated_gi_definition_from_v0_8_2,protected_known_good_v0_8_2
Perihilar bile duct,AJCC7,any,M,M1,Distant metastasis（有遠端轉移）,,checked_v0_7,,protected_curated_gi_definition_from_v0_8_2,protected_known_good_v0_8_2
Perihilar bile duct,AJCC8,any,T,T0,No evidence of primary tumor（無原發腫瘤證據）,,checked_v0_7,,protected_curated_gi_definition_from_v0_8_2,protected_known_good_v0_8_2
Perihilar bile duct,AJCC8,any,T,T1,Tumor confined to bile duct with extension up to muscle layer or fibrous tissue（限於膽管，侵犯至肌層或纖維組織）,,checked_v0_7,,protected_curated_gi_definition_from_v0_8_2,protected_known_good_v0_8_2
Perihilar bile duct,AJCC8,any,T,T2,Tumor invades beyond bile duct wall or adjacent hepatic parenchyma（侵犯膽管壁外或鄰近肝實質；依 T2a/T2b 細分）,,checked_v0_7,,protected_curated_gi_definition_from_v0_8_2,protected_known_good_v0_8_2
Perihilar bile duct,AJCC8,any,T,T2a,Tumor invades beyond bile duct wall to surrounding adipose tissue（侵犯膽管壁外至周圍脂肪組織）,,checked_v0_7,,protected_curated_gi_definition_from_v0_8_2,protected_known_good_v0_8_2
Perihilar bile duct,AJCC8,any,T,T2b,Tumor invades adjacent hepatic parenchyma（侵犯鄰近肝實質）,,checked_v0_7,,protected_curated_gi_definition_from_v0_8_2,protected_known_good_v0_8_2
Perihilar bile duct,AJCC8,any,T,T3,Tumor invades unilateral branches of portal vein or hepatic artery（侵犯單側門靜脈或肝動脈分支）,,checked_v0_7,,protected_curated_gi_definition_from_v0_8_2,protected_known_good_v0_8_2
Perihilar bile duct,AJCC8,any,T,T4,"Tumor invades main portal vein or its branches bilaterally, common hepatic artery, bilateral second-order ducts, or unilateral second-order ducts with contralateral vascular involvement（侵犯主門靜脈/雙側分支、總肝動脈、雙側二級膽管或單側二級膽管合併對側血管侵犯）",,checked_v0_7,,protected_curated_gi_definition_from_v0_8_2,protected_known_good_v0_8_2
Perihilar bile duct,AJCC8,any,T,TX,Primary tumor cannot be assessed（原發腫瘤無法評估）,,checked_v0_7,,protected_curated_gi_definition_from_v0_8_2,protected_known_good_v0_8_2
Perihilar bile duct,AJCC8,any,T,Tis,Carcinoma in situ / high-grade dysplasia（原位癌／高度異生）,,checked_v0_7,,protected_curated_gi_definition_from_v0_8_2,protected_known_good_v0_8_2
Perihilar bile duct,AJCC8,any,N,N0,No regional lymph node metastasis（無區域淋巴結轉移）,,checked_v0_7,,protected_curated_gi_definition_from_v0_8_2,protected_known_good_v0_8_2
Perihilar bile duct,AJCC8,any,N,N1,Metastasis in 1–3 regional lymph nodes（1–3 顆區域淋巴結轉移）,,checked_v0_7,,protected_curated_gi_definition_from_v0_8_2,protected_known_good_v0_8_2
Perihilar bile duct,AJCC8,any,N,N2,Metastasis in 4 or more regional lymph nodes（≥4 顆區域淋巴結轉移）,,checked_v0_7,,protected_curated_gi_definition_from_v0_8_2,protected_known_good_v0_8_2
Perihilar bile duct,AJCC8,any,N,NX,Regional lymph nodes cannot be assessed（區域淋巴結無法評估）,,checked_v0_7,,protected_curated_gi_definition_from_v0_8_2,protected_known_good_v0_8_2
Perihilar bile duct,AJCC8,any,M,M0,No distant metastasis（無遠端轉移）,,checked_v0_7,,protected_curated_gi_definition_from_v0_8_2,protected_known_good_v0_8_2
Perihilar bile duct,AJCC8,any,M,M1,Distant metastasis（有遠端轉移）,,checked_v0_7,,protected_curated_gi_definition_from_v0_8_2,protected_known_good_v0_8_2
Primary Cutaneous Lymphoma: Mycosis Fungoides and Sézary Syndrome,AJCC8,yp,T,T1,Primary tumor category imported from staging table; site-specific definition requires manual review.,No strict table definition was extracted for this site/category. Cancer committee review required.,generic_fallback_v1_6_review_required,,,generated_rule_category_fallback_v1_6
Primary Cutaneous Lymphoma: Mycosis Fungoides and Sézary Syndrome,AJCC8,yp,T,T2,Primary tumor category imported from staging table; site-specific definition requires manual review.,No strict table definition was extracted for this site/category. Cancer committee review required.,generic_fallback_v1_6_review_required,,,generated_rule_category_fallback_v1_6
Primary Cutaneous Lymphoma: Mycosis Fungoides and Sézary Syndrome,AJCC8,yp,N,N0,No regional lymph node metastasis; site-specific wording requires manual review.,No strict table definition was extracted for this site/category. Cancer committee review required.,generic_fallback_v1_6_review_required,,,generated_rule_category_fallback_v1_6
Primary Cutaneous Lymphoma: Mycosis Fungoides and Sézary Syndrome,AJCC8,yp,M,M0,No distant metastasis; site-specific wording requires manual review.,No strict table definition was extracted for this site/category. Cancer committee review required.,generic_fallback_v1_6_review_required,,,generated_rule_category_fallback_v1_6
Primary Cutaneous Lymphoma: Primary Cutaneous B-Cell/T-Cell (non-MF/SS),AJCC8,yp,T,T1,Primary tumor category imported from staging table; site-specific definition requires manual review.,No strict table definition was extracted for this site/category. Cancer committee review required.,generic_fallback_v1_6_review_required,,,generated_rule_category_fallback_v1_6
Primary Cutaneous Lymphoma: Primary Cutaneous B-Cell/T-Cell (non-MF/SS),AJCC8,yp,T,T2,Primary tumor category imported from staging table; site-specific definition requires manual review.,No strict table definition was extracted for this site/category. Cancer committee review required.,generic_fallback_v1_6_review_required,,,generated_rule_category_fallback_v1_6
Primary Cutaneous Lymphoma: Primary Cutaneous B-Cell/T-Cell (non-MF/SS),AJCC8,yp,N,N0,No regional lymph node metastasis; site-specific wording requires manual review.,No strict table definition was extracted for this site/category. Cancer committee review required.,generic_fallback_v1_6_review_required,,,generated_rule_category_fallback_v1_6
Primary Cutaneous Lymphoma: Primary Cutaneous B-Cell/T-Cell (non-MF/SS),AJCC8,yp,M,M0,No distant metastasis; site-specific wording requires manual review.,No strict table definition was extracted for this site/category. Cancer committee review required.,generic_fallback_v1_6_review_required,,,generated_rule_category_fallback_v1_6
Primary Cutaneous Lymphomas,AJCC8,any,T,T1,"Limited patches,* papules, and/or plaques** covering < 10% of the skin surface",,strict_table_extracted_v1_6,251,Definition of Primary Tumor (T),strict_table_extraction_v1_6
Primary Cutaneous Lymphomas,AJCC8,any,T,T1a,Solitary lesion <5 cm,,strict_table_extracted_v1_6,253,Definition of Primary Tumor (T),strict_table_extraction_v1_6
Primary Cutaneous Lymphomas,AJCC8,any,T,T1b,Solitary lesion ≥5 cm,,strict_table_extracted_v1_6,253,Definition of Primary Tumor (T),strict_table_extraction_v1_6
Primary Cutaneous Lymphomas,AJCC8,any,T,T2,Regional skin involvement: multiple lesions limited to one body region or two contiguous body regions,,strict_table_extracted_v1_6,253,Definition of Primary Tumor (T),strict_table_extraction_v1_6
Primary Cutaneous Lymphomas,AJCC8,any,T,T2a,All disease encompassing in a <15-cm circular area,,strict_table_extracted_v1_6,253,Definition of Primary Tumor (T),strict_table_extraction_v1_6
Primary Cutaneous Lymphomas,AJCC8,any,T,T2b,All disease encompassing in a ≥15-cm and <30-cm circular area,,strict_table_extracted_v1_6,253,Definition of Primary Tumor (T),strict_table_extraction_v1_6
Primary Cutaneous Lymphomas,AJCC8,any,T,T2c,All disease encompassing in a ≥30-cm circular area,,strict_table_extracted_v1_6,253,Definition of Primary Tumor (T),strict_table_extraction_v1_6
Primary Cutaneous Lymphomas,AJCC8,any,T,T3,One or more tumors*** (≥1 cm in diameter),,strict_table_extracted_v1_6,251,Definition of Primary Tumor (T),strict_table_extraction_v1_6
Primary Cutaneous Lymphomas,AJCC8,any,T,T3a,Multiple lesions involving 2 noncontiguous body regions,,strict_table_extracted_v1_6,253,Definition of Primary Tumor (T),strict_table_extraction_v1_6
Primary Cutaneous Lymphomas,AJCC8,any,T,T3b,"Multiple lesions involving ≥3 body regions B Category B Criteria B1a Clone negative** B1b Clone positive** B2 High blood tumor burden: ≥1,000/μL Sézary cells* with positive clone** *For blood, Sézary cells are defined as lymphocytes with hyperconvoluted cerebriform nuclei. If Sézary cells cannot be used to determine tumor burden for B2, then one of the following modified ISCL criteria, along with a positive clonal rearrangement of the TCR, may be used instead: (1) expanded CD4+ or CD3+ cells with a CD4/CD8 ratio of ≥10, or (2) expanded CD4+ cells with abnormal immunophenotype, including loss of CD7 or CD26. **A T-cell clone is defined by PCR or Southern blot analysis of the TCR gene. From Olsen et al., with permission from the American Society of Hematology.1 ISCL/EORTC revision to the staging of mycosis fungoides and Sézary syndrome When T is… And N is… And M is… And peripheral blood involvement (B) is… Then the stage group is… T1,2 N1,2",,strict_table_extracted_v1_6,253,Definition of Primary Tumor (T),strict_table_extraction_v1_6
Primary Cutaneous Lymphomas,AJCC8,any,T,T4,"Confluence of erythema covering ≥80% of body surface area *For skin, patch indicates any size skin lesion without significant elevation or induration. Presence/absence of hypo- or hyperpigmentation, scale, crusting, and/or poikiloderma should be noted. **For skin, plaque indicates any size skin lesion that is elevated or indurated. Presence/absence of scale, crusting, and/or poikiloderma should be noted. Histologic features such as folliculotropism, large cell transformation (>25% large cells), and CD30 positivity or negativity, as well as clinical features such as ulceration, are important to document. ***For skin, tumor indicates at least one 1-cm diameter solid or nodular lesion with evidence of depth and/or vertical growth. Note the total number of lesions, total volume of lesions, largest size lesion, and region of body involved. Also note whether there is histologic evidence of large cell transformation. Phenotyping for CD30 is encouraged. surface area in the adult (From Olsen et al.,1 with permission)",,strict_table_extracted_v1_6,251,Definition of Primary Tumor (T),strict_table_extraction_v1_6
Primary Cutaneous Lymphomas,AJCC8,any,N,N0,No clinical or pathological lymph node involvement,,strict_table_extracted_v1_6,253,Definition of Regional Lymph Node (N),strict_table_extraction_v1_6
Primary Cutaneous Lymphomas,AJCC8,clinical,N,N0,No clinically abnormal peripheral lymph nodes*; biopsy not required,,strict_table_extracted_v1_6,252,Definition of Regional Lymph Node (N),strict_table_extraction_v1_6
Primary Cutaneous Lymphomas,AJCC8,any,N,N1,Grade 1: dermatopathic lymphadenopathy (DL) LN0: no atypical lymphocytes LN1: occasional and isolated atypical lymphocytes (not arranged in clusters) LN2: many atypical lymphocytes or lymphocytes in 3-6-cell clusters,,strict_table_extracted_v1_6,253,Definition of Distant Metastasis (M),strict_table_extraction_v1_6
Primary Cutaneous Lymphomas,AJCC8,clinical,N,N1,Clinically abnormal peripheral lymph nodes; histopathology Dutch grade 1 or National Cancer Institute (NCI) LN0-2,,strict_table_extracted_v1_6,252,Definition of Regional Lymph Node (N),strict_table_extraction_v1_6
Primary Cutaneous Lymphomas,AJCC8,clinical,N,N1a,Clone negative**,,strict_table_extracted_v1_6,252,Definition of Regional Lymph Node (N),strict_table_extraction_v1_6
Primary Cutaneous Lymphomas,AJCC8,clinical,N,N1b,Clone positive**,,strict_table_extracted_v1_6,252,Definition of Regional Lymph Node (N),strict_table_extraction_v1_6
Primary Cutaneous Lymphomas,AJCC8,any,N,N2,Involvement of two or more peripheral node regions or involvement of any lymph node region that does not drain an area of current or prior skin involvement,,strict_table_extracted_v1_6,253,Definition of Regional Lymph Node (N),strict_table_extraction_v1_6
Primary Cutaneous Lymphomas,AJCC8,clinical,N,N2,Clinically abnormal peripheral lymph nodes; histopathology Dutch grade 2 or NCI LN3,,strict_table_extracted_v1_6,252,Definition of Regional Lymph Node (N),strict_table_extraction_v1_6
Primary Cutaneous Lymphomas,AJCC8,clinical,N,N2a,Clone negative**,,strict_table_extracted_v1_6,252,Definition of Regional Lymph Node (N),strict_table_extraction_v1_6
Primary Cutaneous Lymphomas,AJCC8,clinical,N,N2b,Clone positive**,,strict_table_extracted_v1_6,252,Definition of Regional Lymph Node (N),strict_table_extraction_v1_6
Primary Cutaneous Lymphomas,AJCC8,any,N,N3,"Grade 3: partial effacement of lymph node architecture; many atypical cerebriform mononuclear cells Grade 4: complete effacement LN4: partial/complete effacement of nodal architecture byatypical lymphocytes or franklyneoplastic cells From Olsen et al.,1 with permission from the American Society of Hematology.",,strict_table_extracted_v1_6,253,Definition of Distant Metastasis (M),strict_table_extraction_v1_6
Primary Cutaneous Lymphomas,AJCC8,pathological,N,N3,"Clinically abnormal peripheral lymph nodes; Histopathology Dutch grades 3-4 or NCI LN4; clone positive or negative *For node, abnormal peripheral lymph node(s) indicates any palpable peripheral node that on physical examination is firm, irregular, clustered, fixed or ≥1.5 cm in diameter. Node groups examined on physical examination include cervical, supraclavicular, epitrochlear, axillary, and inguinal. Central nodes, which generally are not amenable to pathological assessment, currently are not considered in the nodal classification unless used to establish N3 histopathologically. **A T-cell clone is defined by polymerase chain reaction (PCR) or Southern blot analysis of the TCR gene.",,strict_table_extracted_v1_6,252,Definition of Regional Lymph Node (N),strict_table_extraction_v1_6
Primary Cutaneous Lymphomas,AJCC8,any,N,NX,Regional lymph nodes cannot be assessed,,strict_table_extracted_v1_6,253,Definition of Regional Lymph Node (N),strict_table_extraction_v1_6
Primary Cutaneous Lymphomas,AJCC8,clinical,N,NX,Clinically abnormal peripheral lymph nodes; no histologic confirmation,,strict_table_extracted_v1_6,252,Definition of Regional Lymph Node (N),strict_table_extraction_v1_6
Primary Cutaneous Lymphomas,AJCC8,any,M,M0,No visceral organ involvement,,strict_table_extracted_v1_6,252,Definition of Distant Metastasis (M),strict_table_extraction_v1_6
Primary Cutaneous Lymphomas,AJCC8,any,M,M1,"Visceral involvement (must have pathology confirmation,* and organ involved should be specified) *For viscera, spleen and liver may be diagnosed by imaging criteria. Peripheral Blood Involvement (B) B Category B Criteria B0 Absence of significant blood involvement: ≤5% of peripheral blood lymphocytes are atypical (Sézary) cells* B0a Clone negative** B0b Clone positive** B1 Low blood tumor burden: >5% of peripheral blood lymphocytes are atypical (Sézary) cells, but does not meet the criteria of B2 (continued) des and Sézary syndrome EORTC classification Dutch system NCI-VA classification",,strict_table_extracted_v1_6,252,Definition of Distant Metastasis (M),strict_table_extraction_v1_6
Prostate,AJCC7,any,T,T1,Primary tumor category imported from staging table; site-specific definition requires manual review.,No strict table definition was extracted for this site/category. Cancer committee review required.,generic_fallback_v1_6_review_required,,,generated_rule_category_fallback_v1_6
Prostate,AJCC7,yp,T,T1,Primary tumor category imported from staging table; site-specific definition requires manual review.,No strict table definition was extracted for this site/category. Cancer committee review required.,generic_fallback_v1_6_review_required,,,generated_rule_category_fallback_v1_6
Prostate,AJCC7,any,T,T1a,Primary tumor category imported from staging table; site-specific definition requires manual review.,No strict table definition was extracted for this site/category. Cancer committee review required.,generic_fallback_v1_6_review_required,,,generated_rule_category_fallback_v1_6
Prostate,AJCC7,any,T,T1b,Primary tumor category imported from staging table; site-specific definition requires manual review.,No strict table definition was extracted for this site/category. Cancer committee review required.,generic_fallback_v1_6_review_required,,,generated_rule_category_fallback_v1_6
Prostate,AJCC7,any,T,T1c,Primary tumor category imported from staging table; site-specific definition requires manual review.,No strict table definition was extracted for this site/category. Cancer committee review required.,generic_fallback_v1_6_review_required,,,generated_rule_category_fallback_v1_6
Prostate,AJCC7,any,T,T2,Primary tumor category imported from staging table; site-specific definition requires manual review.,No strict table definition was extracted for this site/category. Cancer committee review required.,generic_fallback_v1_6_review_required,,,generated_rule_category_fallback_v1_6
Prostate,AJCC7,yp,T,T2,Primary tumor category imported from staging table; site-specific definition requires manual review.,No strict table definition was extracted for this site/category. Cancer committee review required.,generic_fallback_v1_6_review_required,,,generated_rule_category_fallback_v1_6
Prostate,AJCC7,any,T,T2a,Primary tumor category imported from staging table; site-specific definition requires manual review.,No strict table definition was extracted for this site/category. Cancer committee review required.,generic_fallback_v1_6_review_required,,,generated_rule_category_fallback_v1_6
Prostate,AJCC7,any,T,T2b,Primary tumor category imported from staging table; site-specific definition requires manual review.,No strict table definition was extracted for this site/category. Cancer committee review required.,generic_fallback_v1_6_review_required,,,generated_rule_category_fallback_v1_6
Prostate,AJCC7,any,T,T2c,Primary tumor category imported from staging table; site-specific definition requires manual review.,No strict table definition was extracted for this site/category. Cancer committee review required.,generic_fallback_v1_6_review_required,,,generated_rule_category_fallback_v1_6
Prostate,AJCC7,yp,T,T2c,Primary tumor category imported from staging table; site-specific definition requires manual review.,No strict table definition was extracted for this site/category. Cancer committee review required.,generic_fallback_v1_6_review_required,,,generated_rule_category_fallback_v1_6
Prostate,AJCC7,any,T,T3a,Primary tumor category imported from staging table; site-specific definition requires manual review.,No strict table definition was extracted for this site/category. Cancer committee review required.,generic_fallback_v1_6_review_required,,,generated_rule_category_fallback_v1_6
Prostate,AJCC7,yp,T,T3a,Primary tumor category imported from staging table; site-specific definition requires manual review.,No strict table definition was extracted for this site/category. Cancer committee review required.,generic_fallback_v1_6_review_required,,,generated_rule_category_fallback_v1_6
Prostate,AJCC7,any,T,T3b,Primary tumor category imported from staging table; site-specific definition requires manual review.,No strict table definition was extracted for this site/category. Cancer committee review required.,generic_fallback_v1_6_review_required,,,generated_rule_category_fallback_v1_6
Prostate,AJCC7,yp,T,T3b,Primary tumor category imported from staging table; site-specific definition requires manual review.,No strict table definition was extracted for this site/category. Cancer committee review required.,generic_fallback_v1_6_review_required,,,generated_rule_category_fallback_v1_6
Prostate,AJCC7,any,T,T4,Primary tumor category imported from staging table; site-specific definition requires manual review.,No strict table definition was extracted for this site/category. Cancer committee review required.,generic_fallback_v1_6_review_required,,,generated_rule_category_fallback_v1_6
Prostate,AJCC7,yp,T,T4,Primary tumor category imported from staging table; site-specific definition requires manual review.,No strict table definition was extracted for this site/category. Cancer committee review required.,generic_fallback_v1_6_review_required,,,generated_rule_category_fallback_v1_6
Prostate,AJCC7,any,N,N0,No regional lymph node metastasis; site-specific wording requires manual review.,No strict table definition was extracted for this site/category. Cancer committee review required.,generic_fallback_v1_6_review_required,,,generated_rule_category_fallback_v1_6
Prostate,AJCC7,yp,N,N0,No regional lymph node metastasis; site-specific wording requires manual review.,No strict table definition was extracted for this site/category. Cancer committee review required.,generic_fallback_v1_6_review_required,,,generated_rule_category_fallback_v1_6
Prostate,AJCC7,any,N,N1,Regional lymph node category imported from staging table; site-specific definition requires manual review.,No strict table definition was extracted for this site/category. Cancer committee review required.,generic_fallback_v1_6_review_required,,,generated_rule_category_fallback_v1_6
Prostate,AJCC7,yp,N,N1,Regional lymph node category imported from staging table; site-specific definition requires manual review.,No strict table definition was extracted for this site/category. Cancer committee review required.,generic_fallback_v1_6_review_required,,,generated_rule_category_fallback_v1_6
Prostate,AJCC7,any,M,M0,No distant metastasis; site-specific wording requires manual review.,No strict table definition was extracted for this site/category. Cancer committee review required.,generic_fallback_v1_6_review_required,,,generated_rule_category_fallback_v1_6
Prostate,AJCC7,yp,M,M0,No distant metastasis; site-specific wording requires manual review.,No strict table definition was extracted for this site/category. Cancer committee review required.,generic_fallback_v1_6_review_required,,,generated_rule_category_fallback_v1_6
Prostate,AJCC7,any,M,M1,Distant metastasis category imported from staging table; site-specific definition requires manual review.,No strict table definition was extracted for this site/category. Cancer committee review required.,generic_fallback_v1_6_review_required,,,generated_rule_category_fallback_v1_6
Prostate,AJCC7,yp,M,M1,Distant metastasis category imported from staging table; site-specific definition requires manual review.,No strict table definition was extracted for this site/category. Cancer committee review required.,generic_fallback_v1_6_review_required,,,generated_rule_category_fallback_v1_6
Prostate,AJCC8,any,T,T1,Primary tumor category imported from staging table; site-specific definition requires manual review.,No strict table definition was extracted for this site/category. Cancer committee review required.,generic_fallback_v1_6_review_required,,,generated_rule_category_fallback_v1_6
Prostate,AJCC8,any,T,T2,Organ confined,,strict_table_extracted_v1_6,190,Definition of Primary Tumor (T),strict_table_extraction_v1_6
Prostate,AJCC8,any,T,T2b,Primary tumor category imported from staging table; site-specific definition requires manual review.,No strict table definition was extracted for this site/category. Cancer committee review required.,generic_fallback_v1_6_review_required,,,generated_rule_category_fallback_v1_6
Prostate,AJCC8,any,T,T2c,Primary tumor category imported from staging table; site-specific definition requires manual review.,No strict table definition was extracted for this site/category. Cancer committee review required.,generic_fallback_v1_6_review_required,,,generated_rule_category_fallback_v1_6
Prostate,AJCC8,any,T,T3,Extraprostatic extension,,strict_table_extracted_v1_6,190,Definition of Primary Tumor (T),strict_table_extraction_v1_6
Prostate,AJCC8,any,T,T3a,Extraprostatic extension (unilateral or bilateral) or microscopic invasion of bladder neck,,strict_table_extracted_v1_6,190,Definition of Primary Tumor (T),strict_table_extraction_v1_6
Prostate,AJCC8,any,T,T3b,Tumor invades seminal vesicle(s),,strict_table_extracted_v1_6,190,Definition of Primary Tumor (T),strict_table_extraction_v1_6
Prostate,AJCC8,any,T,T4,"Tumor is fixed or invades adjacent structures other than seminal vesicles such as external sphincter, rectum, bladder, levator muscles, and/or pelvic wall indicating residual microscopic disease.",,strict_table_extracted_v1_6,190,Definition of Primary Tumor (T),strict_table_extraction_v1_6
Prostate,AJCC8,any,N,N0,No positive regional nodes,,strict_table_extracted_v1_6,190,Definition of Regional Lymph Node (N),strict_table_extraction_v1_6
Prostate,AJCC8,any,N,N1,Metastases in regional node(s),,strict_table_extracted_v1_6,190,Definition of Regional Lymph Node (N),strict_table_extraction_v1_6
Prostate,AJCC8,any,N,NX,Regional lymph nodes cannot be assessed,,strict_table_extracted_v1_6,190,Definition of Regional Lymph Node (N),strict_table_extraction_v1_6
Prostate,AJCC8,any,M,M0,No distant metastasis,,strict_table_extracted_v1_6,190,Definition of Distant Metastasis (M),strict_table_extraction_v1_6
Prostate,AJCC8,any,M,M1,Distant metastasis,,strict_table_extracted_v1_6,190,Definition of Distant Metastasis (M),strict_table_extraction_v1_6
Prostate,AJCC8,any,M,M1a,Nonregional lymph node(s),,strict_table_extracted_v1_6,190,Definition of Distant Metastasis (M),strict_table_extraction_v1_6
Prostate,AJCC8,any,M,M1b,Bone(s),,strict_table_extracted_v1_6,190,Definition of Distant Metastasis (M),strict_table_extraction_v1_6
Prostate,AJCC8,any,M,M1c,"Other site(s) with or without bone disease advanced category is used. M1c is most advanced. Definition of Prostate-Specific Antigen (PSA) PSA values are used to assign this category. PSA values <10 ≥10 <20 <20 ≥20 Any value Definition of Histologic Grade Group (G) Recently, the Gleason system has been compressed into so-called Grade Groups.44 Grade Group Gleason Score Gleason Pattern ≤6 ≤3+3 3+4 4+3 4+4, 3+5, 5+3 9 or 10 4+5, 5+4, or 5+5",,strict_table_extracted_v1_6,190,Definition of Distant Metastasis (M),strict_table_extraction_v1_6
Prostatic Urethra: Squamous Cell Carcinoma and Adenocarcinoma,AJCC7,any,T,T1,Primary tumor category imported from staging table; site-specific definition requires manual review.,No strict table definition was extracted for this site/category. Cancer committee review required.,generic_fallback_v1_6_review_required,,,generated_rule_category_fallback_v1_6
Prostatic Urethra: Squamous Cell Carcinoma and Adenocarcinoma,AJCC7,any,T,T2,Primary tumor category imported from staging table; site-specific definition requires manual review.,No strict table definition was extracted for this site/category. Cancer committee review required.,generic_fallback_v1_6_review_required,,,generated_rule_category_fallback_v1_6
Prostatic Urethra: Squamous Cell Carcinoma and Adenocarcinoma,AJCC7,any,T,T3,Primary tumor category imported from staging table; site-specific definition requires manual review.,No strict table definition was extracted for this site/category. Cancer committee review required.,generic_fallback_v1_6_review_required,,,generated_rule_category_fallback_v1_6
Prostatic Urethra: Squamous Cell Carcinoma and Adenocarcinoma,AJCC7,any,T,T4,Primary tumor category imported from staging table; site-specific definition requires manual review.,No strict table definition was extracted for this site/category. Cancer committee review required.,generic_fallback_v1_6_review_required,,,generated_rule_category_fallback_v1_6
Prostatic Urethra: Squamous Cell Carcinoma and Adenocarcinoma,AJCC7,any,T,Ta,Primary tumor category imported from staging table; site-specific definition requires manual review.,No strict table definition was extracted for this site/category. Cancer committee review required.,generic_fallback_v1_6_review_required,,,generated_rule_category_fallback_v1_6
Prostatic Urethra: Squamous Cell Carcinoma and Adenocarcinoma,AJCC7,any,T,Tis,Carcinoma in situ or site-specific in-situ category; site-specific wording requires manual review.,No strict table definition was extracted for this site/category. Cancer committee review required.,generic_fallback_v1_6_review_required,,,generated_rule_category_fallback_v1_6
Prostatic Urethra: Squamous Cell Carcinoma and Adenocarcinoma,AJCC7,any,T,Tispd,Carcinoma in situ or site-specific in-situ category; site-specific wording requires manual review.,No strict table definition was extracted for this site/category. Cancer committee review required.,generic_fallback_v1_6_review_required,,,generated_rule_category_fallback_v1_6
Prostatic Urethra: Squamous Cell Carcinoma and Adenocarcinoma,AJCC7,any,T,Tispu,Carcinoma in situ or site-specific in-situ category; site-specific wording requires manual review.,No strict table definition was extracted for this site/category. Cancer committee review required.,generic_fallback_v1_6_review_required,,,generated_rule_category_fallback_v1_6
Prostatic Urethra: Squamous Cell Carcinoma and Adenocarcinoma,AJCC7,any,N,N0,No regional lymph node metastasis; site-specific wording requires manual review.,No strict table definition was extracted for this site/category. Cancer committee review required.,generic_fallback_v1_6_review_required,,,generated_rule_category_fallback_v1_6
Prostatic Urethra: Squamous Cell Carcinoma and Adenocarcinoma,AJCC7,any,N,N1,Regional lymph node category imported from staging table; site-specific definition requires manual review.,No strict table definition was extracted for this site/category. Cancer committee review required.,generic_fallback_v1_6_review_required,,,generated_rule_category_fallback_v1_6
Prostatic Urethra: Squamous Cell Carcinoma and Adenocarcinoma,AJCC7,any,N,N2,Regional lymph node category imported from staging table; site-specific definition requires manual review.,No strict table definition was extracted for this site/category. Cancer committee review required.,generic_fallback_v1_6_review_required,,,generated_rule_category_fallback_v1_6
Prostatic Urethra: Squamous Cell Carcinoma and Adenocarcinoma,AJCC7,any,M,M0,No distant metastasis; site-specific wording requires manual review.,No strict table definition was extracted for this site/category. Cancer committee review required.,generic_fallback_v1_6_review_required,,,generated_rule_category_fallback_v1_6
Prostatic Urethra: Squamous Cell Carcinoma and Adenocarcinoma,AJCC7,any,M,M1,Distant metastasis category imported from staging table; site-specific definition requires manual review.,No strict table definition was extracted for this site/category. Cancer committee review required.,generic_fallback_v1_6_review_required,,,generated_rule_category_fallback_v1_6
Prostatic Urethra: Squamous Cell Carcinoma and Adenocarcinoma,AJCC7,yp,M,M1,Distant metastasis category imported from staging table; site-specific definition requires manual review.,No strict table definition was extracted for this site/category. Cancer committee review required.,generic_fallback_v1_6_review_required,,,generated_rule_category_fallback_v1_6
Prostatic Urethra: Squamous Cell Carcinoma and Adenocarcinoma,AJCC8,any,T,T1,Primary tumor category imported from staging table; site-specific definition requires manual review.,No strict table definition was extracted for this site/category. Cancer committee review required.,generic_fallback_v1_6_review_required,,,generated_rule_category_fallback_v1_6
Prostatic Urethra: Squamous Cell Carcinoma and Adenocarcinoma,AJCC8,any,T,T2,Primary tumor category imported from staging table; site-specific definition requires manual review.,No strict table definition was extracted for this site/category. Cancer committee review required.,generic_fallback_v1_6_review_required,,,generated_rule_category_fallback_v1_6
Prostatic Urethra: Squamous Cell Carcinoma and Adenocarcinoma,AJCC8,any,T,Ta,Primary tumor category imported from staging table; site-specific definition requires manual review.,No strict table definition was extracted for this site/category. Cancer committee review required.,generic_fallback_v1_6_review_required,,,generated_rule_category_fallback_v1_6
Prostatic Urethra: Squamous Cell Carcinoma and Adenocarcinoma,AJCC8,any,T,Tis,Carcinoma in situ or site-specific in-situ category; site-specific wording requires manual review.,No strict table definition was extracted for this site/category. Cancer committee review required.,generic_fallback_v1_6_review_required,,,generated_rule_category_fallback_v1_6
Prostatic Urethra: Squamous Cell Carcinoma and Adenocarcinoma,AJCC8,any,N,N0,No regional lymph node metastasis; site-specific wording requires manual review.,No strict table definition was extracted for this site/category. Cancer committee review required.,generic_fallback_v1_6_review_required,,,generated_rule_category_fallback_v1_6
Prostatic Urethra: Squamous Cell Carcinoma and Adenocarcinoma,AJCC8,any,N,N1,Regional lymph node category imported from staging table; site-specific definition requires manual review.,No strict table definition was extracted for this site/category. Cancer committee review required.,generic_fallback_v1_6_review_required,,,generated_rule_category_fallback_v1_6
Prostatic Urethra: Squamous Cell Carcinoma and Adenocarcinoma,AJCC8,any,M,M0,No distant metastasis; site-specific wording requires manual review.,No strict table definition was extracted for this site/category. Cancer committee review required.,generic_fallback_v1_6_review_required,,,generated_rule_category_fallback_v1_6
Prostatic Urethra: Squamous Cell Carcinoma and Adenocarcinoma,AJCC8,any,M,M1,Distant metastasis category imported from staging table; site-specific definition requires manual review.,No strict table definition was extracted for this site/category. Cancer committee review required.,generic_fallback_v1_6_review_required,,,generated_rule_category_fallback_v1_6
Prostatic Urethra: Urothelial Carcinomas,AJCC7,any,T,T1,Primary tumor category imported from staging table; site-specific definition requires manual review.,No strict table definition was extracted for this site/category. Cancer committee review required.,generic_fallback_v1_6_review_required,,,generated_rule_category_fallback_v1_6
Prostatic Urethra: Urothelial Carcinomas,AJCC7,any,T,T2,Primary tumor category imported from staging table; site-specific definition requires manual review.,No strict table definition was extracted for this site/category. Cancer committee review required.,generic_fallback_v1_6_review_required,,,generated_rule_category_fallback_v1_6
Prostatic Urethra: Urothelial Carcinomas,AJCC7,any,T,T3,Primary tumor category imported from staging table; site-specific definition requires manual review.,No strict table definition was extracted for this site/category. Cancer committee review required.,generic_fallback_v1_6_review_required,,,generated_rule_category_fallback_v1_6
Prostatic Urethra: Urothelial Carcinomas,AJCC7,any,T,T4,Primary tumor category imported from staging table; site-specific definition requires manual review.,No strict table definition was extracted for this site/category. Cancer committee review required.,generic_fallback_v1_6_review_required,,,generated_rule_category_fallback_v1_6
Prostatic Urethra: Urothelial Carcinomas,AJCC7,any,T,Ta,Primary tumor category imported from staging table; site-specific definition requires manual review.,No strict table definition was extracted for this site/category. Cancer committee review required.,generic_fallback_v1_6_review_required,,,generated_rule_category_fallback_v1_6
Prostatic Urethra: Urothelial Carcinomas,AJCC7,any,T,Tis,Carcinoma in situ or site-specific in-situ category; site-specific wording requires manual review.,No strict table definition was extracted for this site/category. Cancer committee review required.,generic_fallback_v1_6_review_required,,,generated_rule_category_fallback_v1_6
Prostatic Urethra: Urothelial Carcinomas,AJCC7,any,T,Tispd,Carcinoma in situ or site-specific in-situ category; site-specific wording requires manual review.,No strict table definition was extracted for this site/category. Cancer committee review required.,generic_fallback_v1_6_review_required,,,generated_rule_category_fallback_v1_6
Prostatic Urethra: Urothelial Carcinomas,AJCC7,any,T,Tispu,Carcinoma in situ or site-specific in-situ category; site-specific wording requires manual review.,No strict table definition was extracted for this site/category. Cancer committee review required.,generic_fallback_v1_6_review_required,,,generated_rule_category_fallback_v1_6
Prostatic Urethra: Urothelial Carcinomas,AJCC7,any,N,N0,No regional lymph node metastasis; site-specific wording requires manual review.,No strict table definition was extracted for this site/category. Cancer committee review required.,generic_fallback_v1_6_review_required,,,generated_rule_category_fallback_v1_6
Prostatic Urethra: Urothelial Carcinomas,AJCC7,any,N,N1,Regional lymph node category imported from staging table; site-specific definition requires manual review.,No strict table definition was extracted for this site/category. Cancer committee review required.,generic_fallback_v1_6_review_required,,,generated_rule_category_fallback_v1_6
Prostatic Urethra: Urothelial Carcinomas,AJCC7,any,N,N2,Regional lymph node category imported from staging table; site-specific definition requires manual review.,No strict table definition was extracted for this site/category. Cancer committee review required.,generic_fallback_v1_6_review_required,,,generated_rule_category_fallback_v1_6
Prostatic Urethra: Urothelial Carcinomas,AJCC7,any,M,M0,No distant metastasis; site-specific wording requires manual review.,No strict table definition was extracted for this site/category. Cancer committee review required.,generic_fallback_v1_6_review_required,,,generated_rule_category_fallback_v1_6
Prostatic Urethra: Urothelial Carcinomas,AJCC7,any,M,M1,Distant metastasis category imported from staging table; site-specific definition requires manual review.,No strict table definition was extracted for this site/category. Cancer committee review required.,generic_fallback_v1_6_review_required,,,generated_rule_category_fallback_v1_6
Prostatic Urethra: Urothelial Carcinomas,AJCC7,yp,M,M1,Distant metastasis category imported from staging table; site-specific definition requires manual review.,No strict table definition was extracted for this site/category. Cancer committee review required.,generic_fallback_v1_6_review_required,,,generated_rule_category_fallback_v1_6
Prostatic Urethra: Urothelial Carcinomas,AJCC8,any,T,T1,Primary tumor category imported from staging table; site-specific definition requires manual review.,No strict table definition was extracted for this site/category. Cancer committee review required.,generic_fallback_v1_6_review_required,,,generated_rule_category_fallback_v1_6
Prostatic Urethra: Urothelial Carcinomas,AJCC8,any,T,T2,Primary tumor category imported from staging table; site-specific definition requires manual review.,No strict table definition was extracted for this site/category. Cancer committee review required.,generic_fallback_v1_6_review_required,,,generated_rule_category_fallback_v1_6
Prostatic Urethra: Urothelial Carcinomas,AJCC8,any,T,Ta,Primary tumor category imported from staging table; site-specific definition requires manual review.,No strict table definition was extracted for this site/category. Cancer committee review required.,generic_fallback_v1_6_review_required,,,generated_rule_category_fallback_v1_6
Prostatic Urethra: Urothelial Carcinomas,AJCC8,any,T,Tis,Carcinoma in situ or site-specific in-situ category; site-specific wording requires manual review.,No strict table definition was extracted for this site/category. Cancer committee review required.,generic_fallback_v1_6_review_required,,,generated_rule_category_fallback_v1_6
Prostatic Urethra: Urothelial Carcinomas,AJCC8,any,N,N0,No regional lymph node metastasis; site-specific wording requires manual review.,No strict table definition was extracted for this site/category. Cancer committee review required.,generic_fallback_v1_6_review_required,,,generated_rule_category_fallback_v1_6
Prostatic Urethra: Urothelial Carcinomas,AJCC8,any,N,N1,Regional lymph node category imported from staging table; site-specific definition requires manual review.,No strict table definition was extracted for this site/category. Cancer committee review required.,generic_fallback_v1_6_review_required,,,generated_rule_category_fallback_v1_6
Prostatic Urethra: Urothelial Carcinomas,AJCC8,any,M,M0,No distant metastasis; site-specific wording requires manual review.,No strict table definition was extracted for this site/category. Cancer committee review required.,generic_fallback_v1_6_review_required,,,generated_rule_category_fallback_v1_6
Prostatic Urethra: Urothelial Carcinomas,AJCC8,any,M,M1,Distant metastasis category imported from staging table; site-specific definition requires manual review.,No strict table definition was extracted for this site/category. Cancer committee review required.,generic_fallback_v1_6_review_required,,,generated_rule_category_fallback_v1_6
Rectum,AJCC7,any,T,T0,No evidence of primary tumor（無原發腫瘤證據）,,checked_v0_7,,protected_curated_gi_definition_from_v0_8_2,protected_known_good_v0_8_2
Rectum,AJCC7,any,T,T1,Tumor invades submucosa（侵犯黏膜下層）,,checked_v0_7,,protected_curated_gi_definition_from_v0_8_2,protected_known_good_v0_8_2
Rectum,AJCC7,any,T,T1-T2,Primary tumor category imported from staging table; site-specific definition requires manual review.,No strict table definition was extracted for this site/category. Cancer committee review required.,generic_fallback_v1_6_review_required,,,generated_rule_category_fallback_v1_6
Rectum,AJCC7,any,T,T2,Tumor invades muscularis propria（侵犯固有肌層）,,checked_v0_7,,protected_curated_gi_definition_from_v0_8_2,protected_known_good_v0_8_2
Rectum,AJCC7,any,T,T2-T3,Primary tumor category imported from staging table; site-specific definition requires manual review.,No strict table definition was extracted for this site/category. Cancer committee review required.,generic_fallback_v1_6_review_required,,,generated_rule_category_fallback_v1_6
Rectum,AJCC7,any,T,T3,Tumor invades through muscularis propria into pericolorectal tissues（穿越固有肌層至結腸/直腸周圍組織）,,checked_v0_7,,protected_curated_gi_definition_from_v0_8_2,protected_known_good_v0_8_2
Rectum,AJCC7,any,T,T3-T4a,Primary tumor category imported from staging table; site-specific definition requires manual review.,No strict table definition was extracted for this site/category. Cancer committee review required.,generic_fallback_v1_6_review_required,,,generated_rule_category_fallback_v1_6
Rectum,AJCC7,any,T,T4a,Tumor penetrates to the surface of the visceral peritoneum（穿透至臟層腹膜表面）,,checked_v0_7,,protected_curated_gi_definition_from_v0_8_2,protected_known_good_v0_8_2
Rectum,AJCC7,any,T,T4b,Tumor directly invades or adheres to other organs or structures（直接侵犯或沾黏其他器官/構造）,,checked_v0_7,,protected_curated_gi_definition_from_v0_8_2,protected_known_good_v0_8_2
Rectum,AJCC7,any,T,TX,Primary tumor cannot be assessed（原發腫瘤無法評估）,,checked_v0_7,,protected_curated_gi_definition_from_v0_8_2,protected_known_good_v0_8_2
Rectum,AJCC7,any,T,Tis,Carcinoma in situ: intraepithelial or invasion of lamina propria（原位癌；上皮內或侵犯固有層）,,checked_v0_7,,protected_curated_gi_definition_from_v0_8_2,protected_known_good_v0_8_2
Rectum,AJCC7,any,N,N0,No regional lymph node metastasis（無區域淋巴結轉移）,,checked_v0_7,,protected_curated_gi_definition_from_v0_8_2,protected_known_good_v0_8_2
Rectum,AJCC7,any,N,N1,Metastasis in 1–3 regional lymph nodes or applicable N1 subcategory（1–3 顆區域淋巴結轉移，或符合 N1 子類別）,,checked_v0_7,,protected_curated_gi_definition_from_v0_8_2,protected_known_good_v0_8_2
Rectum,AJCC7,any,N,N1-N2,Regional lymph node category imported from staging table; site-specific definition requires manual review.,No strict table definition was extracted for this site/category. Cancer committee review required.,generic_fallback_v1_6_review_required,,,generated_rule_category_fallback_v1_6
Rectum,AJCC7,any,N,N1a,Metastasis in 1 regional lymph node（1 顆區域淋巴結轉移）,,checked_v0_7,,protected_curated_gi_definition_from_v0_8_2,protected_known_good_v0_8_2
Rectum,AJCC7,any,N,N1b,Metastasis in 2–3 regional lymph nodes（2–3 顆區域淋巴結轉移）,,checked_v0_7,,protected_curated_gi_definition_from_v0_8_2,protected_known_good_v0_8_2
Rectum,AJCC7,any,N,N1c,Tumor deposit(s) without positive regional lymph nodes（無陽性區域淋巴結但有 tumor deposits）,,checked_v0_7,,protected_curated_gi_definition_from_v0_8_2,protected_known_good_v0_8_2
Rectum,AJCC7,any,N,N2,Metastasis in 4 or more regional lymph nodes（≥4 顆區域淋巴結轉移）,,checked_v0_7,,protected_curated_gi_definition_from_v0_8_2,protected_known_good_v0_8_2
Rectum,AJCC7,any,N,N2a,Metastasis in 4–6 regional lymph nodes（4–6 顆區域淋巴結轉移）,,checked_v0_7,,protected_curated_gi_definition_from_v0_8_2,protected_known_good_v0_8_2
Rectum,AJCC7,any,N,N2b,Metastasis in 7 or more regional lymph nodes（≥7 顆區域淋巴結轉移）,,checked_v0_7,,protected_curated_gi_definition_from_v0_8_2,protected_known_good_v0_8_2
Rectum,AJCC7,any,N,NX,Regional lymph nodes cannot be assessed（區域淋巴結無法評估）,,checked_v0_7,,protected_curated_gi_definition_from_v0_8_2,protected_known_good_v0_8_2
Rectum,AJCC7,any,M,M0,No distant metastasis（無遠端轉移）,,checked_v0_7,,protected_curated_gi_definition_from_v0_8_2,protected_known_good_v0_8_2
Rectum,AJCC7,any,M,M1,Distant metastasis（有遠端轉移）,,checked_v0_7,,protected_curated_gi_definition_from_v0_8_2,protected_known_good_v0_8_2
Rectum,AJCC7,any,M,M1a,Metastasis confined to one distant organ or site（單一遠端器官/部位轉移）,,checked_v0_7,,protected_curated_gi_definition_from_v0_8_2,protected_known_good_v0_8_2
Rectum,AJCC7,any,M,M1b,Metastases in more than one distant organ/site or the peritoneum（多個遠端器官/部位或腹膜轉移）,,checked_v0_7,,protected_curated_gi_definition_from_v0_8_2,protected_known_good_v0_8_2
Rectum,AJCC8,any,T,T0,No evidence of primary tumor（無原發腫瘤證據）,,checked_v0_7,,protected_curated_gi_definition_from_v0_8_2,protected_known_good_v0_8_2
Rectum,AJCC8,any,T,T1,Tumor invades submucosa（侵犯黏膜下層）,,checked_v0_7,,protected_curated_gi_definition_from_v0_8_2,protected_known_good_v0_8_2
Rectum,AJCC8,any,T,T2,Tumor invades muscularis propria（侵犯固有肌層）,,checked_v0_7,,protected_curated_gi_definition_from_v0_8_2,protected_known_good_v0_8_2
Rectum,AJCC8,any,T,T3,Tumor invades through muscularis propria into pericolorectal tissues（穿越固有肌層至結腸/直腸周圍組織）,,checked_v0_7,,protected_curated_gi_definition_from_v0_8_2,protected_known_good_v0_8_2
Rectum,AJCC8,any,T,T4a,Tumor penetrates to the surface of the visceral peritoneum（穿透至臟層腹膜表面）,,checked_v0_7,,protected_curated_gi_definition_from_v0_8_2,protected_known_good_v0_8_2
Rectum,AJCC8,any,T,T4b,Tumor directly invades or adheres to other organs or structures（直接侵犯或沾黏其他器官/構造）,,checked_v0_7,,protected_curated_gi_definition_from_v0_8_2,protected_known_good_v0_8_2
Rectum,AJCC8,any,T,TX,Primary tumor cannot be assessed（原發腫瘤無法評估）,,checked_v0_7,,protected_curated_gi_definition_from_v0_8_2,protected_known_good_v0_8_2
Rectum,AJCC8,any,T,Tis,Carcinoma in situ: intraepithelial or invasion of lamina propria（原位癌；上皮內或侵犯固有層）,,checked_v0_7,,protected_curated_gi_definition_from_v0_8_2,protected_known_good_v0_8_2
Rectum,AJCC8,any,N,N0,No regional lymph node metastasis（無區域淋巴結轉移）,,checked_v0_7,,protected_curated_gi_definition_from_v0_8_2,protected_known_good_v0_8_2
Rectum,AJCC8,any,N,N1,Metastasis in 1–3 regional lymph nodes or applicable N1 subcategory（1–3 顆區域淋巴結轉移，或符合 N1 子類別）,,checked_v0_7,,protected_curated_gi_definition_from_v0_8_2,protected_known_good_v0_8_2
Rectum,AJCC8,any,N,N1a,Metastasis in 1 regional lymph node（1 顆區域淋巴結轉移）,,checked_v0_7,,protected_curated_gi_definition_from_v0_8_2,protected_known_good_v0_8_2
Rectum,AJCC8,any,N,N1b,Metastasis in 2–3 regional lymph nodes（2–3 顆區域淋巴結轉移）,,checked_v0_7,,protected_curated_gi_definition_from_v0_8_2,protected_known_good_v0_8_2
Rectum,AJCC8,any,N,N1c,Tumor deposit(s) without positive regional lymph nodes（無陽性區域淋巴結但有 tumor deposits）,,checked_v0_7,,protected_curated_gi_definition_from_v0_8_2,protected_known_good_v0_8_2
Rectum,AJCC8,any,N,N2,Metastasis in 4 or more regional lymph nodes（≥4 顆區域淋巴結轉移）,,checked_v0_7,,protected_curated_gi_definition_from_v0_8_2,protected_known_good_v0_8_2
Rectum,AJCC8,any,N,N2a,Metastasis in 4–6 regional lymph nodes（4–6 顆區域淋巴結轉移）,,checked_v0_7,,protected_curated_gi_definition_from_v0_8_2,protected_known_good_v0_8_2
Rectum,AJCC8,any,N,N2b,Metastasis in 7 or more regional lymph nodes（≥7 顆區域淋巴結轉移）,,checked_v0_7,,protected_curated_gi_definition_from_v0_8_2,protected_known_good_v0_8_2
Rectum,AJCC8,any,N,NX,Regional lymph nodes cannot be assessed（區域淋巴結無法評估）,,checked_v0_7,,protected_curated_gi_definition_from_v0_8_2,protected_known_good_v0_8_2
Rectum,AJCC8,any,M,M0,No distant metastasis（無遠端轉移）,,checked_v0_7,,protected_curated_gi_definition_from_v0_8_2,protected_known_good_v0_8_2
Rectum,AJCC8,any,M,M1,Distant metastasis（有遠端轉移）,,checked_v0_7,,protected_curated_gi_definition_from_v0_8_2,protected_known_good_v0_8_2
Rectum,AJCC8,any,M,M1a,Metastasis to one distant organ/site without peritoneal metastasis（單一遠端器官/部位且無腹膜轉移）,,checked_v0_7,,protected_curated_gi_definition_from_v0_8_2,protected_known_good_v0_8_2
Rectum,AJCC8,any,M,M1b,Metastases to two or more distant organs/sites without peritoneal metastasis（兩個以上遠端器官/部位且無腹膜轉移）,,checked_v0_7,,protected_curated_gi_definition_from_v0_8_2,protected_known_good_v0_8_2
Rectum,AJCC8,any,M,M1c,"Metastasis to the peritoneal surface, with or without other organ/site metastases（有腹膜表面轉移，可合併其他遠端轉移）",,checked_v0_7,,protected_curated_gi_definition_from_v0_8_2,protected_known_good_v0_8_2
Renal Pelvis and Ureter,AJCC7,any,T,T1,Primary tumor category imported from staging table; site-specific definition requires manual review.,No strict table definition was extracted for this site/category. Cancer committee review required.,generic_fallback_v1_6_review_required,,,generated_rule_category_fallback_v1_6
Renal Pelvis and Ureter,AJCC7,yp,T,T1,Primary tumor category imported from staging table; site-specific definition requires manual review.,No strict table definition was extracted for this site/category. Cancer committee review required.,generic_fallback_v1_6_review_required,,,generated_rule_category_fallback_v1_6
Renal Pelvis and Ureter,AJCC7,any,T,T2,Primary tumor category imported from staging table; site-specific definition requires manual review.,No strict table definition was extracted for this site/category. Cancer committee review required.,generic_fallback_v1_6_review_required,,,generated_rule_category_fallback_v1_6
Renal Pelvis and Ureter,AJCC7,yp,T,T2,Primary tumor category imported from staging table; site-specific definition requires manual review.,No strict table definition was extracted for this site/category. Cancer committee review required.,generic_fallback_v1_6_review_required,,,generated_rule_category_fallback_v1_6
Renal Pelvis and Ureter,AJCC7,any,T,T3,Primary tumor category imported from staging table; site-specific definition requires manual review.,No strict table definition was extracted for this site/category. Cancer committee review required.,generic_fallback_v1_6_review_required,,,generated_rule_category_fallback_v1_6
Renal Pelvis and Ureter,AJCC7,yp,T,T3,Primary tumor category imported from staging table; site-specific definition requires manual review.,No strict table definition was extracted for this site/category. Cancer committee review required.,generic_fallback_v1_6_review_required,,,generated_rule_category_fallback_v1_6
Renal Pelvis and Ureter,AJCC7,any,T,T4,Primary tumor category imported from staging table; site-specific definition requires manual review.,No strict table definition was extracted for this site/category. Cancer committee review required.,generic_fallback_v1_6_review_required,,,generated_rule_category_fallback_v1_6
Renal Pelvis and Ureter,AJCC7,yp,T,T4,Primary tumor category imported from staging table; site-specific definition requires manual review.,No strict table definition was extracted for this site/category. Cancer committee review required.,generic_fallback_v1_6_review_required,,,generated_rule_category_fallback_v1_6
Renal Pelvis and Ureter,AJCC7,any,T,Ta,Primary tumor category imported from staging table; site-specific definition requires manual review.,No strict table definition was extracted for this site/category. Cancer committee review required.,generic_fallback_v1_6_review_required,,,generated_rule_category_fallback_v1_6
Renal Pelvis and Ureter,AJCC7,yp,T,Ta,Primary tumor category imported from staging table; site-specific definition requires manual review.,No strict table definition was extracted for this site/category. Cancer committee review required.,generic_fallback_v1_6_review_required,,,generated_rule_category_fallback_v1_6
Renal Pelvis and Ureter,AJCC7,any,T,Tis,Carcinoma in situ or site-specific in-situ category; site-specific wording requires manual review.,No strict table definition was extracted for this site/category. Cancer committee review required.,generic_fallback_v1_6_review_required,,,generated_rule_category_fallback_v1_6
Renal Pelvis and Ureter,AJCC7,yp,T,Tis,Carcinoma in situ or site-specific in-situ category; site-specific wording requires manual review.,No strict table definition was extracted for this site/category. Cancer committee review required.,generic_fallback_v1_6_review_required,,,generated_rule_category_fallback_v1_6
Renal Pelvis and Ureter,AJCC7,any,N,N0,No regional lymph node metastasis; site-specific wording requires manual review.,No strict table definition was extracted for this site/category. Cancer committee review required.,generic_fallback_v1_6_review_required,,,generated_rule_category_fallback_v1_6
Renal Pelvis and Ureter,AJCC7,yp,N,N0,No regional lymph node metastasis; site-specific wording requires manual review.,No strict table definition was extracted for this site/category. Cancer committee review required.,generic_fallback_v1_6_review_required,,,generated_rule_category_fallback_v1_6
Renal Pelvis and Ureter,AJCC7,any,N,N1,Regional lymph node category imported from staging table; site-specific definition requires manual review.,No strict table definition was extracted for this site/category. Cancer committee review required.,generic_fallback_v1_6_review_required,,,generated_rule_category_fallback_v1_6
Renal Pelvis and Ureter,AJCC7,yp,N,N1,Regional lymph node category imported from staging table; site-specific definition requires manual review.,No strict table definition was extracted for this site/category. Cancer committee review required.,generic_fallback_v1_6_review_required,,,generated_rule_category_fallback_v1_6
Renal Pelvis and Ureter,AJCC7,any,N,N2,Regional lymph node category imported from staging table; site-specific definition requires manual review.,No strict table definition was extracted for this site/category. Cancer committee review required.,generic_fallback_v1_6_review_required,,,generated_rule_category_fallback_v1_6
Renal Pelvis and Ureter,AJCC7,yp,N,N2,Regional lymph node category imported from staging table; site-specific definition requires manual review.,No strict table definition was extracted for this site/category. Cancer committee review required.,generic_fallback_v1_6_review_required,,,generated_rule_category_fallback_v1_6
Renal Pelvis and Ureter,AJCC7,any,N,N3,Regional lymph node category imported from staging table; site-specific definition requires manual review.,No strict table definition was extracted for this site/category. Cancer committee review required.,generic_fallback_v1_6_review_required,,,generated_rule_category_fallback_v1_6
Renal Pelvis and Ureter,AJCC7,yp,N,N3,Regional lymph node category imported from staging table; site-specific definition requires manual review.,No strict table definition was extracted for this site/category. Cancer committee review required.,generic_fallback_v1_6_review_required,,,generated_rule_category_fallback_v1_6
Renal Pelvis and Ureter,AJCC7,any,M,M0,No distant metastasis; site-specific wording requires manual review.,No strict table definition was extracted for this site/category. Cancer committee review required.,generic_fallback_v1_6_review_required,,,generated_rule_category_fallback_v1_6
Renal Pelvis and Ureter,AJCC7,yp,M,M0,No distant metastasis; site-specific wording requires manual review.,No strict table definition was extracted for this site/category. Cancer committee review required.,generic_fallback_v1_6_review_required,,,generated_rule_category_fallback_v1_6
Renal Pelvis and Ureter,AJCC7,any,M,M1,Distant metastasis category imported from staging table; site-specific definition requires manual review.,No strict table definition was extracted for this site/category. Cancer committee review required.,generic_fallback_v1_6_review_required,,,generated_rule_category_fallback_v1_6
Renal Pelvis and Ureter,AJCC7,yp,M,M1,Distant metastasis category imported from staging table; site-specific definition requires manual review.,No strict table definition was extracted for this site/category. Cancer committee review required.,generic_fallback_v1_6_review_required,,,generated_rule_category_fallback_v1_6
Renal Pelvis and Ureter,AJCC8,any,T,T0,No evidence of primary tumor Ta Papillary noninvasive carcinoma,,strict_table_extracted_v1_6,199,Definition of Primary Tumor (T),strict_table_extraction_v1_6
Renal Pelvis and Ureter,AJCC8,any,T,T1,Tumor invades subepithelial connective tissue,,strict_table_extracted_v1_6,199,Definition of Primary Tumor (T),strict_table_extraction_v1_6
Renal Pelvis and Ureter,AJCC8,any,T,T2,Tumor invades the muscularis,,strict_table_extracted_v1_6,199,Definition of Primary Tumor (T),strict_table_extraction_v1_6
Renal Pelvis and Ureter,AJCC8,any,T,T3,For renal pelvis only: Tumor invades beyond muscularis into peripelvic fat or into the renal parenchyma For ureter only:Tumor invades beyond muscularis into periureteric fat,,strict_table_extracted_v1_6,199,Definition of Primary Tumor (T),strict_table_extraction_v1_6
Renal Pelvis and Ureter,AJCC8,any,T,T4,"Tumor invades adjacent organs, or through the kidney into the perinephric fat",,strict_table_extracted_v1_6,199,Definition of Primary Tumor (T),strict_table_extraction_v1_6
Renal Pelvis and Ureter,AJCC8,any,T,TX,Primary tumor cannot be assessed,,strict_table_extracted_v1_6,199,Definition of Primary Tumor (T),strict_table_extraction_v1_6
Renal Pelvis and Ureter,AJCC8,any,T,Ta,Primary tumor category imported from staging table; site-specific definition requires manual review.,No strict table definition was extracted for this site/category. Cancer committee review required.,generic_fallback_v1_6_review_required,,,generated_rule_category_fallback_v1_6
Renal Pelvis and Ureter,AJCC8,any,T,Tis,Carcinoma in situ,,strict_table_extracted_v1_6,199,Definition of Primary Tumor (T),strict_table_extraction_v1_6
Renal Pelvis and Ureter,AJCC8,any,N,N0,No regional lymph node metastasis,,strict_table_extracted_v1_6,199,Definition of Regional Lymph Node (N),strict_table_extraction_v1_6
Renal Pelvis and Ureter,AJCC8,clinical,N,N1,"Metastasis ≤2 cm in greatest dimension, in a single lymph node",,strict_table_extracted_v1_6,199,Definition of Regional Lymph Node (N),strict_table_extraction_v1_6
Renal Pelvis and Ureter,AJCC8,clinical,N,N2,"Metastasis >2 cm, in a single lymph node; or multiple lymph nodes",,strict_table_extracted_v1_6,199,Definition of Regional Lymph Node (N),strict_table_extraction_v1_6
Renal Pelvis and Ureter,AJCC8,any,N,NX,Regional lymph nodes cannot be assessed,,strict_table_extracted_v1_6,199,Definition of Regional Lymph Node (N),strict_table_extraction_v1_6
Renal Pelvis and Ureter,AJCC8,any,M,M0,No distant metastasis,,strict_table_extracted_v1_6,199,Definition of Distant Metastasis (M),strict_table_extraction_v1_6
Renal Pelvis and Ureter,AJCC8,any,M,M1,Distant metastasis,,strict_table_extracted_v1_6,199,Definition of Distant Metastasis (M),strict_table_extraction_v1_6
Retinoblastoma,AJCC8,clinical,T,T0,No evidence of intraocular tumor,,strict_table_extracted_v1_6,219,Definition of Primary Tumor (cT),strict_table_extraction_v1_6
Retinoblastoma,AJCC8,pathological,T,T0,No evidence of intraocular tumor,,strict_table_extracted_v1_6,219,Definition of Primary Tumor (pT),strict_table_extraction_v1_6
Retinoblastoma,AJCC8,clinical,T,T1,Intraretinal tumor(s) with subretinal fluid ≤5 mm from the base of any tumor,,strict_table_extracted_v1_6,219,Definition of Primary Tumor (cT),strict_table_extraction_v1_6
Retinoblastoma,AJCC8,pathological,T,T1,"Intraocular tumor(s) without any local invasion, focal choroidal invasion, or pre- or intralaminar involvement of the optic nerve head",,strict_table_extracted_v1_6,219,Definition of Primary Tumor (pT),strict_table_extraction_v1_6
Retinoblastoma,AJCC8,clinical,T,T1a,Tumors ≤3 mm and further than 1.5 mm from disc and fovea,,strict_table_extracted_v1_6,219,Definition of Primary Tumor (cT),strict_table_extraction_v1_6
Retinoblastoma,AJCC8,clinical,T,T1b,Tumors >3 mm or closer than 1.5 mm from disc or fovea,,strict_table_extracted_v1_6,219,Definition of Primary Tumor (cT),strict_table_extraction_v1_6
Retinoblastoma,AJCC8,clinical,T,T2,"Intraocular tumor(s) with retinal detachment, vitreous seeding, or subretinal seeding",,strict_table_extracted_v1_6,219,Definition of Primary Tumor (cT),strict_table_extraction_v1_6
Retinoblastoma,AJCC8,pathological,T,T2,Intraocular tumor(s) with local invasion,,strict_table_extracted_v1_6,219,Definition of Primary Tumor (pT),strict_table_extraction_v1_6
Retinoblastoma,AJCC8,clinical,T,T2a,Subretinal fluid >5 mm from the base of any tumor,,strict_table_extracted_v1_6,219,Definition of Primary Tumor (cT),strict_table_extraction_v1_6
Retinoblastoma,AJCC8,pathological,T,T2a,Concomitant focal choroidal invasion and pre- or intralaminar involvement of the optic nerve head,,strict_table_extracted_v1_6,219,Definition of Primary Tumor (pT),strict_table_extraction_v1_6
Retinoblastoma,AJCC8,clinical,T,T2b,Vitreous seeding and/or subretinal seeding,,strict_table_extracted_v1_6,219,Definition of Primary Tumor (cT),strict_table_extraction_v1_6
Retinoblastoma,AJCC8,pathological,T,T2b,Tumor invasion of stroma of iris and/or trabecular meshwork and/or Schlemm's canal,,strict_table_extracted_v1_6,219,Definition of Primary Tumor (pT),strict_table_extraction_v1_6
Retinoblastoma,AJCC8,clinical,T,T3,Advanced intraocular tumor(s),,strict_table_extracted_v1_6,219,Definition of Primary Tumor (cT),strict_table_extraction_v1_6
Retinoblastoma,AJCC8,pathological,T,T3,Intraocular tumor(s) with significant local invasion,,strict_table_extracted_v1_6,219,Definition of Primary Tumor (pT),strict_table_extraction_v1_6
Retinoblastoma,AJCC8,clinical,T,T3a,Phthisis or pre-phthisis bulbi,,strict_table_extracted_v1_6,219,Definition of Primary Tumor (cT),strict_table_extraction_v1_6
Retinoblastoma,AJCC8,pathological,T,T3a,"Massive choroidal invasion (>3 mm in largest diameter, or multiple foci of focal choroidal involvement totalling >3 mm, or any full-thickness choroidal involvement)",,strict_table_extracted_v1_6,219,Definition of Primary Tumor (pT),strict_table_extraction_v1_6
Retinoblastoma,AJCC8,clinical,T,T3b,"Tumor invasion of choroid, pars plana, ciliary body, lens, zonules, iris, or anterior chamber",,strict_table_extracted_v1_6,219,Definition of Primary Tumor (cT),strict_table_extraction_v1_6
Retinoblastoma,AJCC8,pathological,T,T3b,"Retrolaminar invasion of the optic nerve head, not involving the transected end of the optic nerve",,strict_table_extracted_v1_6,219,Definition of Primary Tumor (pT),strict_table_extraction_v1_6
Retinoblastoma,AJCC8,clinical,T,T3c,Raised intraocular pressure with neovascularization and/or buphthalmos,,strict_table_extracted_v1_6,219,Definition of Primary Tumor (cT),strict_table_extraction_v1_6
Retinoblastoma,AJCC8,pathological,T,T3c,Any partial-thickness involvement of the sclera within the inner two thirds,,strict_table_extracted_v1_6,219,Definition of Primary Tumor (pT),strict_table_extraction_v1_6
Retinoblastoma,AJCC8,clinical,T,T3d,Hyphema and/or massive vitreous hemorrhage cT3e Aseptic orbital cellulitis,,strict_table_extracted_v1_6,219,Definition of Primary Tumor (cT),strict_table_extraction_v1_6
Retinoblastoma,AJCC8,pathological,T,T3d,Full-thickness invasion into the outer third of the sclera and/or invasion into or around emissary channels,,strict_table_extracted_v1_6,219,Definition of Primary Tumor (pT),strict_table_extraction_v1_6
Retinoblastoma,AJCC8,clinical,T,T4,"Extraocular tumor(s) involving orbit, including optic nerve",,strict_table_extracted_v1_6,219,Definition of Primary Tumor (cT),strict_table_extraction_v1_6
Retinoblastoma,AJCC8,pathological,T,T4,"Evidence of extraocular tumor: tumor at the transected end of the optic nerve, tumor in the meningeal spaces around the optic nerve, full- thickness invasion of the sclera with invasion of the episclera, adjacent adipose tissue, extraocular muscle, bone, conjunctiva, or eyelids Definition of Regional Lymph Node (pN) pN Criteria",,strict_table_extracted_v1_6,219,Definition of Primary Tumor (pT),strict_table_extraction_v1_6
Retinoblastoma,AJCC8,clinical,T,T4a,Radiologic evidence of retrobulbar optic nerve involvement or thickening of optic nerve or involvement of orbital tissues,,strict_table_extracted_v1_6,219,Definition of Primary Tumor (cT),strict_table_extraction_v1_6
Retinoblastoma,AJCC8,clinical,T,T4b,Extraocular tumor clinically evident with proptosis and/or an orbital mass Definition of Regional Lymph Node (cN) cN Criteria,,strict_table_extracted_v1_6,219,Definition of Primary Tumor (cT),strict_table_extraction_v1_6
Retinoblastoma,AJCC8,clinical,T,TX,Unknown evidence of intraocular tumor,,strict_table_extracted_v1_6,219,Definition of Primary Tumor (cT),strict_table_extraction_v1_6
Retinoblastoma,AJCC8,pathological,T,TX,Unknown evidence of intraocular tumor,,strict_table_extracted_v1_6,219,Definition of Primary Tumor (pT),strict_table_extraction_v1_6
Retinoblastoma,AJCC8,clinical,N,N0,No regional lymph node involvement,,strict_table_extracted_v1_6,219,Definition of Primary Tumor (cT),strict_table_extraction_v1_6
Retinoblastoma,AJCC8,pathological,N,N0,No lymph node involvement,,strict_table_extracted_v1_6,220,Definition of Primary Tumor (pT),strict_table_extraction_v1_6
Retinoblastoma,AJCC8,clinical,N,N1,"Evidence of preauricular, submandibular, and cervical lymph node involvement",,strict_table_extracted_v1_6,219,Definition of Primary Tumor (cT),strict_table_extraction_v1_6
Retinoblastoma,AJCC8,pathological,N,N1,Regional lymph node involvement,,strict_table_extracted_v1_6,220,Definition of Primary Tumor (pT),strict_table_extraction_v1_6
Retinoblastoma,AJCC8,clinical,N,NX,Regional lymph nodes cannot be assessed,,strict_table_extracted_v1_6,219,Definition of Primary Tumor (cT),strict_table_extraction_v1_6
Retinoblastoma,AJCC8,pathological,N,NX,Regional lymph node involvement cannot be assessed,,strict_table_extracted_v1_6,220,Definition of Primary Tumor (pT),strict_table_extraction_v1_6
Retinoblastoma,AJCC8,clinical,M,M0,No signs or symptoms of intracranial or distant metastasis,,strict_table_extracted_v1_6,219,Definition of Distant Metastasis (M),strict_table_extraction_v1_6
Retinoblastoma,AJCC8,clinical,M,M1,Distant metastasis without microscopic confirmation,,strict_table_extracted_v1_6,219,Definition of Distant Metastasis (M),strict_table_extraction_v1_6
Retinoblastoma,AJCC8,pathological,M,M1,Distant metastasis with histopathologic confirmation,,strict_table_extracted_v1_6,219,Definition of Distant Metastasis (M),strict_table_extraction_v1_6
Retinoblastoma,AJCC8,clinical,M,M1AnyH,Distant metastasis category imported from staging table; site-specific definition requires manual review.,No strict table definition was extracted for this site/category. Cancer committee review required.,generic_fallback_v1_6_review_required,,,generated_rule_category_fallback_v1_6
Retinoblastoma,AJCC8,clinical,M,M1a,"Tumor(s) involving any distant site (e.g., bone marrow, liver) on clinical or radiologic tests cM Criteria",,strict_table_extracted_v1_6,219,Definition of Distant Metastasis (M),strict_table_extraction_v1_6
Retinoblastoma,AJCC8,pathological,M,M1a,"Histopathologic confirmation of tumor at any distant site (e.g., bone marrow, liver, or other)",,strict_table_extracted_v1_6,220,Definition of Distant Metastasis (M),strict_table_extraction_v1_6
Retinoblastoma,AJCC8,clinical,M,M1b,Tumor involving the CNS on radiologic imaging (not including trilateral retinoblastoma),,strict_table_extracted_v1_6,219,Definition of Distant Metastasis (M),strict_table_extraction_v1_6
Retinoblastoma,AJCC8,pathological,M,M1b,"Pathological evidence of tumor in the cerebrospinal fluid or CNS parenchyma Definition of Heritable Trait (H) H Category H Criteria HX Unknown or insufficient evidence of a constitutional RB1 gene mutation. H0 Normal RB1 alleles in blood tested with demonstrated high-sensitivity assays H1 Bilateral retinoblastoma, retinoblastoma with an intracranial primitive neuroectodermal tumor (i.e., trilateral retinoblastoma), patient with family history of retinoblastoma, or molecular definition of a constitutional RB1 gene mutation Pathological Classification (pTNM)",,strict_table_extracted_v1_6,219,Definition of Distant Metastasis (M),strict_table_extraction_v1_6
Small Intestine: Other Histologies,AJCC7,any,T,T1,Primary tumor category imported from staging table; site-specific definition requires manual review.,No strict table definition was extracted for this site/category. Cancer committee review required.,generic_fallback_v1_6_review_required,,,generated_rule_category_fallback_v1_6
Small Intestine: Other Histologies,AJCC7,yp,T,T1,Primary tumor category imported from staging table; site-specific definition requires manual review.,No strict table definition was extracted for this site/category. Cancer committee review required.,generic_fallback_v1_6_review_required,,,generated_rule_category_fallback_v1_6
Small Intestine: Other Histologies,AJCC7,any,T,T2,Primary tumor category imported from staging table; site-specific definition requires manual review.,No strict table definition was extracted for this site/category. Cancer committee review required.,generic_fallback_v1_6_review_required,,,generated_rule_category_fallback_v1_6
Small Intestine: Other Histologies,AJCC7,yp,T,T2,Primary tumor category imported from staging table; site-specific definition requires manual review.,No strict table definition was extracted for this site/category. Cancer committee review required.,generic_fallback_v1_6_review_required,,,generated_rule_category_fallback_v1_6
Small Intestine: Other Histologies,AJCC7,any,T,T3,Primary tumor category imported from staging table; site-specific definition requires manual review.,No strict table definition was extracted for this site/category. Cancer committee review required.,generic_fallback_v1_6_review_required,,,generated_rule_category_fallback_v1_6
Small Intestine: Other Histologies,AJCC7,yp,T,T3,Primary tumor category imported from staging table; site-specific definition requires manual review.,No strict table definition was extracted for this site/category. Cancer committee review required.,generic_fallback_v1_6_review_required,,,generated_rule_category_fallback_v1_6
Small Intestine: Other Histologies,AJCC7,any,T,T4,Primary tumor category imported from staging table; site-specific definition requires manual review.,No strict table definition was extracted for this site/category. Cancer committee review required.,generic_fallback_v1_6_review_required,,,generated_rule_category_fallback_v1_6
Small Intestine: Other Histologies,AJCC7,yp,T,T4,Primary tumor category imported from staging table; site-specific definition requires manual review.,No strict table definition was extracted for this site/category. Cancer committee review required.,generic_fallback_v1_6_review_required,,,generated_rule_category_fallback_v1_6
Small Intestine: Other Histologies,AJCC7,any,T,Tis,Carcinoma in situ or site-specific in-situ category; site-specific wording requires manual review.,No strict table definition was extracted for this site/category. Cancer committee review required.,generic_fallback_v1_6_review_required,,,generated_rule_category_fallback_v1_6
Small Intestine: Other Histologies,AJCC7,yp,T,Tis,Carcinoma in situ or site-specific in-situ category; site-specific wording requires manual review.,No strict table definition was extracted for this site/category. Cancer committee review required.,generic_fallback_v1_6_review_required,,,generated_rule_category_fallback_v1_6
Small Intestine: Other Histologies,AJCC7,any,N,N0,No regional lymph node metastasis; site-specific wording requires manual review.,No strict table definition was extracted for this site/category. Cancer committee review required.,generic_fallback_v1_6_review_required,,,generated_rule_category_fallback_v1_6
Small Intestine: Other Histologies,AJCC7,yp,N,N0,No regional lymph node metastasis; site-specific wording requires manual review.,No strict table definition was extracted for this site/category. Cancer committee review required.,generic_fallback_v1_6_review_required,,,generated_rule_category_fallback_v1_6
Small Intestine: Other Histologies,AJCC7,any,N,N1,Regional lymph node category imported from staging table; site-specific definition requires manual review.,No strict table definition was extracted for this site/category. Cancer committee review required.,generic_fallback_v1_6_review_required,,,generated_rule_category_fallback_v1_6
Small Intestine: Other Histologies,AJCC7,yp,N,N1,Regional lymph node category imported from staging table; site-specific definition requires manual review.,No strict table definition was extracted for this site/category. Cancer committee review required.,generic_fallback_v1_6_review_required,,,generated_rule_category_fallback_v1_6
Small Intestine: Other Histologies,AJCC7,any,N,N2,Regional lymph node category imported from staging table; site-specific definition requires manual review.,No strict table definition was extracted for this site/category. Cancer committee review required.,generic_fallback_v1_6_review_required,,,generated_rule_category_fallback_v1_6
Small Intestine: Other Histologies,AJCC7,yp,N,N2,Regional lymph node category imported from staging table; site-specific definition requires manual review.,No strict table definition was extracted for this site/category. Cancer committee review required.,generic_fallback_v1_6_review_required,,,generated_rule_category_fallback_v1_6
Small Intestine: Other Histologies,AJCC7,any,M,M0,No distant metastasis; site-specific wording requires manual review.,No strict table definition was extracted for this site/category. Cancer committee review required.,generic_fallback_v1_6_review_required,,,generated_rule_category_fallback_v1_6
Small Intestine: Other Histologies,AJCC7,yp,M,M0,No distant metastasis; site-specific wording requires manual review.,No strict table definition was extracted for this site/category. Cancer committee review required.,generic_fallback_v1_6_review_required,,,generated_rule_category_fallback_v1_6
Small Intestine: Other Histologies,AJCC7,any,M,M1,Distant metastasis category imported from staging table; site-specific definition requires manual review.,No strict table definition was extracted for this site/category. Cancer committee review required.,generic_fallback_v1_6_review_required,,,generated_rule_category_fallback_v1_6
Small Intestine: Other Histologies,AJCC7,yp,M,M1,Distant metastasis category imported from staging table; site-specific definition requires manual review.,No strict table definition was extracted for this site/category. Cancer committee review required.,generic_fallback_v1_6_review_required,,,generated_rule_category_fallback_v1_6
Small Intestine: Other Histologies,AJCC8,any,T,T1,Primary tumor category imported from staging table; site-specific definition requires manual review.,No strict table definition was extracted for this site/category. Cancer committee review required.,generic_fallback_v1_6_review_required,,,generated_rule_category_fallback_v1_6
Small Intestine: Other Histologies,AJCC8,any,T,T2,Primary tumor category imported from staging table; site-specific definition requires manual review.,No strict table definition was extracted for this site/category. Cancer committee review required.,generic_fallback_v1_6_review_required,,,generated_rule_category_fallback_v1_6
Small Intestine: Other Histologies,AJCC8,any,T,T3,Primary tumor category imported from staging table; site-specific definition requires manual review.,No strict table definition was extracted for this site/category. Cancer committee review required.,generic_fallback_v1_6_review_required,,,generated_rule_category_fallback_v1_6
Small Intestine: Other Histologies,AJCC8,any,T,T4,Primary tumor category imported from staging table; site-specific definition requires manual review.,No strict table definition was extracted for this site/category. Cancer committee review required.,generic_fallback_v1_6_review_required,,,generated_rule_category_fallback_v1_6
Small Intestine: Other Histologies,AJCC8,any,T,Tis,Carcinoma in situ or site-specific in-situ category; site-specific wording requires manual review.,No strict table definition was extracted for this site/category. Cancer committee review required.,generic_fallback_v1_6_review_required,,,generated_rule_category_fallback_v1_6
Small Intestine: Other Histologies,AJCC8,any,N,N0,No regional lymph node metastasis; site-specific wording requires manual review.,No strict table definition was extracted for this site/category. Cancer committee review required.,generic_fallback_v1_6_review_required,,,generated_rule_category_fallback_v1_6
Small Intestine: Other Histologies,AJCC8,any,N,N1,Regional lymph node category imported from staging table; site-specific definition requires manual review.,No strict table definition was extracted for this site/category. Cancer committee review required.,generic_fallback_v1_6_review_required,,,generated_rule_category_fallback_v1_6
Small Intestine: Other Histologies,AJCC8,any,N,N2,Regional lymph node category imported from staging table; site-specific definition requires manual review.,No strict table definition was extracted for this site/category. Cancer committee review required.,generic_fallback_v1_6_review_required,,,generated_rule_category_fallback_v1_6
Small Intestine: Other Histologies,AJCC8,any,M,M0,No distant metastasis; site-specific wording requires manual review.,No strict table definition was extracted for this site/category. Cancer committee review required.,generic_fallback_v1_6_review_required,,,generated_rule_category_fallback_v1_6
Small Intestine: Other Histologies,AJCC8,any,M,M1,Distant metastasis category imported from staging table; site-specific definition requires manual review.,No strict table definition was extracted for this site/category. Cancer committee review required.,generic_fallback_v1_6_review_required,,,generated_rule_category_fallback_v1_6
Small intestine,AJCC7,any,T,T0,No evidence of primary tumor（無原發腫瘤證據）,,checked_v0_7,,protected_curated_gi_definition_from_v0_8_2,protected_known_good_v0_8_2
Small intestine,AJCC7,any,T,T1,Tumor invades lamina propria or submucosa（侵犯固有層或黏膜下層）,,checked_v0_7,,protected_curated_gi_definition_from_v0_8_2,protected_known_good_v0_8_2
Small intestine,AJCC7,any,T,T1a,Tumor invades lamina propria（侵犯固有層）,,checked_v0_7,,protected_curated_gi_definition_from_v0_8_2,protected_known_good_v0_8_2
Small intestine,AJCC7,any,T,T1b,Tumor invades submucosa（侵犯黏膜下層）,,checked_v0_7,,protected_curated_gi_definition_from_v0_8_2,protected_known_good_v0_8_2
Small intestine,AJCC7,any,T,T2,Tumor invades muscularis propria（侵犯固有肌層）,,checked_v0_7,,protected_curated_gi_definition_from_v0_8_2,protected_known_good_v0_8_2
Small intestine,AJCC7,any,T,T3,Tumor invades through muscularis propria into subserosa or nonperitonealized perimuscular tissue without serosal penetration（穿越肌層至漿膜下/非腹膜化周圍組織，未穿透漿膜）,,checked_v0_7,,protected_curated_gi_definition_from_v0_8_2,protected_known_good_v0_8_2
Small intestine,AJCC7,any,T,T4,Tumor perforates visceral peritoneum or directly invades other organs/structures（穿透臟層腹膜或直接侵犯其他器官/構造）,,checked_v0_7,,protected_curated_gi_definition_from_v0_8_2,protected_known_good_v0_8_2
Small intestine,AJCC7,any,T,TX,Primary tumor cannot be assessed（原發腫瘤無法評估）,,checked_v0_7,,protected_curated_gi_definition_from_v0_8_2,protected_known_good_v0_8_2
Small intestine,AJCC7,any,T,Tis,Carcinoma in situ（原位癌）,,checked_v0_7,,protected_curated_gi_definition_from_v0_8_2,protected_known_good_v0_8_2
Small intestine,AJCC7,any,N,N0,No regional lymph node metastasis（無區域淋巴結轉移）,,checked_v0_7,,protected_curated_gi_definition_from_v0_8_2,protected_known_good_v0_8_2
Small intestine,AJCC7,any,N,N1,Metastasis in 1–3 regional lymph nodes（1–3 顆區域淋巴結轉移）,,checked_v0_7,,protected_curated_gi_definition_from_v0_8_2,protected_known_good_v0_8_2
Small intestine,AJCC7,any,N,N2,Metastasis in 4 or more regional lymph nodes（≥4 顆區域淋巴結轉移）,,checked_v0_7,,protected_curated_gi_definition_from_v0_8_2,protected_known_good_v0_8_2
Small intestine,AJCC7,any,N,NX,Regional lymph nodes cannot be assessed（區域淋巴結無法評估）,,checked_v0_7,,protected_curated_gi_definition_from_v0_8_2,protected_known_good_v0_8_2
Small intestine,AJCC7,any,M,M0,No distant metastasis（無遠端轉移）,,checked_v0_7,,protected_curated_gi_definition_from_v0_8_2,protected_known_good_v0_8_2
Small intestine,AJCC7,any,M,M1,Distant metastasis（有遠端轉移）,,checked_v0_7,,protected_curated_gi_definition_from_v0_8_2,protected_known_good_v0_8_2
Small intestine,AJCC8,any,T,T0,No evidence of primary tumor（無原發腫瘤證據）,,checked_v0_7,,protected_curated_gi_definition_from_v0_8_2,protected_known_good_v0_8_2
Small intestine,AJCC8,any,T,T1,Tumor invades lamina propria or submucosa（侵犯固有層或黏膜下層）,,checked_v0_7,,protected_curated_gi_definition_from_v0_8_2,protected_known_good_v0_8_2
Small intestine,AJCC8,any,T,T1a,Tumor invades lamina propria（侵犯固有層）,,checked_v0_7,,protected_curated_gi_definition_from_v0_8_2,protected_known_good_v0_8_2
Small intestine,AJCC8,any,T,T1b,Tumor invades submucosa（侵犯黏膜下層）,,checked_v0_7,,protected_curated_gi_definition_from_v0_8_2,protected_known_good_v0_8_2
Small intestine,AJCC8,any,T,T2,Tumor invades muscularis propria（侵犯固有肌層）,,checked_v0_7,,protected_curated_gi_definition_from_v0_8_2,protected_known_good_v0_8_2
Small intestine,AJCC8,any,T,T3,Tumor invades through muscularis propria into subserosa or nonperitonealized perimuscular tissue without serosal penetration（穿越肌層至漿膜下/非腹膜化周圍組織，未穿透漿膜）,,checked_v0_7,,protected_curated_gi_definition_from_v0_8_2,protected_known_good_v0_8_2
Small intestine,AJCC8,any,T,T4,Tumor perforates visceral peritoneum or directly invades other organs/structures（穿透臟層腹膜或直接侵犯其他器官/構造）,,checked_v0_7,,protected_curated_gi_definition_from_v0_8_2,protected_known_good_v0_8_2
Small intestine,AJCC8,any,T,TX,Primary tumor cannot be assessed（原發腫瘤無法評估）,,checked_v0_7,,protected_curated_gi_definition_from_v0_8_2,protected_known_good_v0_8_2
Small intestine,AJCC8,any,T,Tis,Carcinoma in situ（原位癌）,,checked_v0_7,,protected_curated_gi_definition_from_v0_8_2,protected_known_good_v0_8_2
Small intestine,AJCC8,any,N,N0,No regional lymph node metastasis（無區域淋巴結轉移）,,checked_v0_7,,protected_curated_gi_definition_from_v0_8_2,protected_known_good_v0_8_2
Small intestine,AJCC8,any,N,N1,Metastasis in 1–3 regional lymph nodes（1–3 顆區域淋巴結轉移）,,checked_v0_7,,protected_curated_gi_definition_from_v0_8_2,protected_known_good_v0_8_2
Small intestine,AJCC8,any,N,N2,Metastasis in 4 or more regional lymph nodes（≥4 顆區域淋巴結轉移）,,checked_v0_7,,protected_curated_gi_definition_from_v0_8_2,protected_known_good_v0_8_2
Small intestine,AJCC8,any,N,NX,Regional lymph nodes cannot be assessed（區域淋巴結無法評估）,,checked_v0_7,,protected_curated_gi_definition_from_v0_8_2,protected_known_good_v0_8_2
Small intestine,AJCC8,any,M,M0,No distant metastasis（無遠端轉移）,,checked_v0_7,,protected_curated_gi_definition_from_v0_8_2,protected_known_good_v0_8_2
Small intestine,AJCC8,any,M,M1,Distant metastasis（有遠端轉移）,,checked_v0_7,,protected_curated_gi_definition_from_v0_8_2,protected_known_good_v0_8_2
Soft Tissue Sarcoma of the Abdomen and Thoracic Visceral Organs,AJCC7,any,T,T1a,Primary tumor category imported from staging table; site-specific definition requires manual review.,No strict table definition was extracted for this site/category. Cancer committee review required.,generic_fallback_v1_6_review_required,,,generated_rule_category_fallback_v1_6
Soft Tissue Sarcoma of the Abdomen and Thoracic Visceral Organs,AJCC7,yp,T,T1a,Primary tumor category imported from staging table; site-specific definition requires manual review.,No strict table definition was extracted for this site/category. Cancer committee review required.,generic_fallback_v1_6_review_required,,,generated_rule_category_fallback_v1_6
Soft Tissue Sarcoma of the Abdomen and Thoracic Visceral Organs,AJCC7,any,T,T1b,Primary tumor category imported from staging table; site-specific definition requires manual review.,No strict table definition was extracted for this site/category. Cancer committee review required.,generic_fallback_v1_6_review_required,,,generated_rule_category_fallback_v1_6
Soft Tissue Sarcoma of the Abdomen and Thoracic Visceral Organs,AJCC7,yp,T,T1b,Primary tumor category imported from staging table; site-specific definition requires manual review.,No strict table definition was extracted for this site/category. Cancer committee review required.,generic_fallback_v1_6_review_required,,,generated_rule_category_fallback_v1_6
Soft Tissue Sarcoma of the Abdomen and Thoracic Visceral Organs,AJCC7,any,T,T2a,Primary tumor category imported from staging table; site-specific definition requires manual review.,No strict table definition was extracted for this site/category. Cancer committee review required.,generic_fallback_v1_6_review_required,,,generated_rule_category_fallback_v1_6
Soft Tissue Sarcoma of the Abdomen and Thoracic Visceral Organs,AJCC7,yp,T,T2a,Primary tumor category imported from staging table; site-specific definition requires manual review.,No strict table definition was extracted for this site/category. Cancer committee review required.,generic_fallback_v1_6_review_required,,,generated_rule_category_fallback_v1_6
Soft Tissue Sarcoma of the Abdomen and Thoracic Visceral Organs,AJCC7,any,T,T2b,Primary tumor category imported from staging table; site-specific definition requires manual review.,No strict table definition was extracted for this site/category. Cancer committee review required.,generic_fallback_v1_6_review_required,,,generated_rule_category_fallback_v1_6
Soft Tissue Sarcoma of the Abdomen and Thoracic Visceral Organs,AJCC7,yp,T,T2b,Primary tumor category imported from staging table; site-specific definition requires manual review.,No strict table definition was extracted for this site/category. Cancer committee review required.,generic_fallback_v1_6_review_required,,,generated_rule_category_fallback_v1_6
Soft Tissue Sarcoma of the Abdomen and Thoracic Visceral Organs,AJCC7,any,N,N0,No regional lymph node metastasis; site-specific wording requires manual review.,No strict table definition was extracted for this site/category. Cancer committee review required.,generic_fallback_v1_6_review_required,,,generated_rule_category_fallback_v1_6
Soft Tissue Sarcoma of the Abdomen and Thoracic Visceral Organs,AJCC7,yp,N,N0,No regional lymph node metastasis; site-specific wording requires manual review.,No strict table definition was extracted for this site/category. Cancer committee review required.,generic_fallback_v1_6_review_required,,,generated_rule_category_fallback_v1_6
Soft Tissue Sarcoma of the Abdomen and Thoracic Visceral Organs,AJCC7,any,N,N1,Regional lymph node category imported from staging table; site-specific definition requires manual review.,No strict table definition was extracted for this site/category. Cancer committee review required.,generic_fallback_v1_6_review_required,,,generated_rule_category_fallback_v1_6
Soft Tissue Sarcoma of the Abdomen and Thoracic Visceral Organs,AJCC7,yp,N,N1,Regional lymph node category imported from staging table; site-specific definition requires manual review.,No strict table definition was extracted for this site/category. Cancer committee review required.,generic_fallback_v1_6_review_required,,,generated_rule_category_fallback_v1_6
Soft Tissue Sarcoma of the Abdomen and Thoracic Visceral Organs,AJCC7,any,M,M0,No distant metastasis; site-specific wording requires manual review.,No strict table definition was extracted for this site/category. Cancer committee review required.,generic_fallback_v1_6_review_required,,,generated_rule_category_fallback_v1_6
Soft Tissue Sarcoma of the Abdomen and Thoracic Visceral Organs,AJCC7,yp,M,M0,No distant metastasis; site-specific wording requires manual review.,No strict table definition was extracted for this site/category. Cancer committee review required.,generic_fallback_v1_6_review_required,,,generated_rule_category_fallback_v1_6
Soft Tissue Sarcoma of the Abdomen and Thoracic Visceral Organs,AJCC7,any,M,M1,Distant metastasis category imported from staging table; site-specific definition requires manual review.,No strict table definition was extracted for this site/category. Cancer committee review required.,generic_fallback_v1_6_review_required,,,generated_rule_category_fallback_v1_6
Soft Tissue Sarcoma of the Abdomen and Thoracic Visceral Organs,AJCC7,yp,M,M1,Distant metastasis category imported from staging table; site-specific definition requires manual review.,No strict table definition was extracted for this site/category. Cancer committee review required.,generic_fallback_v1_6_review_required,,,generated_rule_category_fallback_v1_6
Soft Tissue Sarcoma of the Abdomen and Thoracic Visceral Organs,AJCC8,any,T,T1a,Primary tumor category imported from staging table; site-specific definition requires manual review.,No strict table definition was extracted for this site/category. Cancer committee review required. | SURROGATE_AJCC8_DEFINITION_FROM_AJCC7_REVIEW_REQUIRED_v1.7: AJCC8 explicit definition not extractable from uploaded PDF; AJCC7 wording displayed pending cancer committee validation.,fallback_from_AJCC7_for_AJCC8_review_required_v1_7,,,surrogate_definition_from_AJCC7_v1_7
Soft Tissue Sarcoma of the Abdomen and Thoracic Visceral Organs,AJCC8,yp,T,T1a,Primary tumor category imported from staging table; site-specific definition requires manual review.,No strict table definition was extracted for this site/category. Cancer committee review required. | SURROGATE_AJCC8_DEFINITION_FROM_AJCC7_REVIEW_REQUIRED_v1.7: AJCC8 explicit definition not extractable from uploaded PDF; AJCC7 wording displayed pending cancer committee validation.,fallback_from_AJCC7_for_AJCC8_review_required_v1_7,,,surrogate_definition_from_AJCC7_v1_7
Soft Tissue Sarcoma of the Abdomen and Thoracic Visceral Organs,AJCC8,any,T,T1b,Primary tumor category imported from staging table; site-specific definition requires manual review.,No strict table definition was extracted for this site/category. Cancer committee review required. | SURROGATE_AJCC8_DEFINITION_FROM_AJCC7_REVIEW_REQUIRED_v1.7: AJCC8 explicit definition not extractable from uploaded PDF; AJCC7 wording displayed pending cancer committee validation.,fallback_from_AJCC7_for_AJCC8_review_required_v1_7,,,surrogate_definition_from_AJCC7_v1_7
Soft Tissue Sarcoma of the Abdomen and Thoracic Visceral Organs,AJCC8,yp,T,T1b,Primary tumor category imported from staging table; site-specific definition requires manual review.,No strict table definition was extracted for this site/category. Cancer committee review required. | SURROGATE_AJCC8_DEFINITION_FROM_AJCC7_REVIEW_REQUIRED_v1.7: AJCC8 explicit definition not extractable from uploaded PDF; AJCC7 wording displayed pending cancer committee validation.,fallback_from_AJCC7_for_AJCC8_review_required_v1_7,,,surrogate_definition_from_AJCC7_v1_7
Soft Tissue Sarcoma of the Abdomen and Thoracic Visceral Organs,AJCC8,any,T,T2a,Primary tumor category imported from staging table; site-specific definition requires manual review.,No strict table definition was extracted for this site/category. Cancer committee review required. | SURROGATE_AJCC8_DEFINITION_FROM_AJCC7_REVIEW_REQUIRED_v1.7: AJCC8 explicit definition not extractable from uploaded PDF; AJCC7 wording displayed pending cancer committee validation.,fallback_from_AJCC7_for_AJCC8_review_required_v1_7,,,surrogate_definition_from_AJCC7_v1_7
Soft Tissue Sarcoma of the Abdomen and Thoracic Visceral Organs,AJCC8,yp,T,T2a,Primary tumor category imported from staging table; site-specific definition requires manual review.,No strict table definition was extracted for this site/category. Cancer committee review required. | SURROGATE_AJCC8_DEFINITION_FROM_AJCC7_REVIEW_REQUIRED_v1.7: AJCC8 explicit definition not extractable from uploaded PDF; AJCC7 wording displayed pending cancer committee validation.,fallback_from_AJCC7_for_AJCC8_review_required_v1_7,,,surrogate_definition_from_AJCC7_v1_7
Soft Tissue Sarcoma of the Abdomen and Thoracic Visceral Organs,AJCC8,any,T,T2b,Primary tumor category imported from staging table; site-specific definition requires manual review.,No strict table definition was extracted for this site/category. Cancer committee review required. | SURROGATE_AJCC8_DEFINITION_FROM_AJCC7_REVIEW_REQUIRED_v1.7: AJCC8 explicit definition not extractable from uploaded PDF; AJCC7 wording displayed pending cancer committee validation.,fallback_from_AJCC7_for_AJCC8_review_required_v1_7,,,surrogate_definition_from_AJCC7_v1_7
Soft Tissue Sarcoma of the Abdomen and Thoracic Visceral Organs,AJCC8,yp,T,T2b,Primary tumor category imported from staging table; site-specific definition requires manual review.,No strict table definition was extracted for this site/category. Cancer committee review required. | SURROGATE_AJCC8_DEFINITION_FROM_AJCC7_REVIEW_REQUIRED_v1.7: AJCC8 explicit definition not extractable from uploaded PDF; AJCC7 wording displayed pending cancer committee validation.,fallback_from_AJCC7_for_AJCC8_review_required_v1_7,,,surrogate_definition_from_AJCC7_v1_7
Soft Tissue Sarcoma of the Abdomen and Thoracic Visceral Organs,AJCC8,any,N,N0,No regional lymph node metastasis; site-specific wording requires manual review.,No strict table definition was extracted for this site/category. Cancer committee review required. | SURROGATE_AJCC8_DEFINITION_FROM_AJCC7_REVIEW_REQUIRED_v1.7: AJCC8 explicit definition not extractable from uploaded PDF; AJCC7 wording displayed pending cancer committee validation.,fallback_from_AJCC7_for_AJCC8_review_required_v1_7,,,surrogate_definition_from_AJCC7_v1_7
Soft Tissue Sarcoma of the Abdomen and Thoracic Visceral Organs,AJCC8,yp,N,N0,No regional lymph node metastasis; site-specific wording requires manual review.,No strict table definition was extracted for this site/category. Cancer committee review required. | SURROGATE_AJCC8_DEFINITION_FROM_AJCC7_REVIEW_REQUIRED_v1.7: AJCC8 explicit definition not extractable from uploaded PDF; AJCC7 wording displayed pending cancer committee validation.,fallback_from_AJCC7_for_AJCC8_review_required_v1_7,,,surrogate_definition_from_AJCC7_v1_7
Soft Tissue Sarcoma of the Abdomen and Thoracic Visceral Organs,AJCC8,any,N,N1,Regional lymph node category imported from staging table; site-specific definition requires manual review.,No strict table definition was extracted for this site/category. Cancer committee review required. | SURROGATE_AJCC8_DEFINITION_FROM_AJCC7_REVIEW_REQUIRED_v1.7: AJCC8 explicit definition not extractable from uploaded PDF; AJCC7 wording displayed pending cancer committee validation.,fallback_from_AJCC7_for_AJCC8_review_required_v1_7,,,surrogate_definition_from_AJCC7_v1_7
Soft Tissue Sarcoma of the Abdomen and Thoracic Visceral Organs,AJCC8,yp,N,N1,Regional lymph node category imported from staging table; site-specific definition requires manual review.,No strict table definition was extracted for this site/category. Cancer committee review required. | SURROGATE_AJCC8_DEFINITION_FROM_AJCC7_REVIEW_REQUIRED_v1.7: AJCC8 explicit definition not extractable from uploaded PDF; AJCC7 wording displayed pending cancer committee validation.,fallback_from_AJCC7_for_AJCC8_review_required_v1_7,,,surrogate_definition_from_AJCC7_v1_7
Soft Tissue Sarcoma of the Abdomen and Thoracic Visceral Organs,AJCC8,any,M,M0,No distant metastasis; site-specific wording requires manual review.,No strict table definition was extracted for this site/category. Cancer committee review required. | SURROGATE_AJCC8_DEFINITION_FROM_AJCC7_REVIEW_REQUIRED_v1.7: AJCC8 explicit definition not extractable from uploaded PDF; AJCC7 wording displayed pending cancer committee validation.,fallback_from_AJCC7_for_AJCC8_review_required_v1_7,,,surrogate_definition_from_AJCC7_v1_7
Soft Tissue Sarcoma of the Abdomen and Thoracic Visceral Organs,AJCC8,yp,M,M0,No distant metastasis; site-specific wording requires manual review.,No strict table definition was extracted for this site/category. Cancer committee review required. | SURROGATE_AJCC8_DEFINITION_FROM_AJCC7_REVIEW_REQUIRED_v1.7: AJCC8 explicit definition not extractable from uploaded PDF; AJCC7 wording displayed pending cancer committee validation.,fallback_from_AJCC7_for_AJCC8_review_required_v1_7,,,surrogate_definition_from_AJCC7_v1_7
Soft Tissue Sarcoma of the Abdomen and Thoracic Visceral Organs,AJCC8,any,M,M1,Distant metastasis category imported from staging table; site-specific definition requires manual review.,No strict table definition was extracted for this site/category. Cancer committee review required. | SURROGATE_AJCC8_DEFINITION_FROM_AJCC7_REVIEW_REQUIRED_v1.7: AJCC8 explicit definition not extractable from uploaded PDF; AJCC7 wording displayed pending cancer committee validation.,fallback_from_AJCC7_for_AJCC8_review_required_v1_7,,,surrogate_definition_from_AJCC7_v1_7
Soft Tissue Sarcoma of the Abdomen and Thoracic Visceral Organs,AJCC8,yp,M,M1,Distant metastasis category imported from staging table; site-specific definition requires manual review.,No strict table definition was extracted for this site/category. Cancer committee review required. | SURROGATE_AJCC8_DEFINITION_FROM_AJCC7_REVIEW_REQUIRED_v1.7: AJCC8 explicit definition not extractable from uploaded PDF; AJCC7 wording displayed pending cancer committee validation.,fallback_from_AJCC7_for_AJCC8_review_required_v1_7,,,surrogate_definition_from_AJCC7_v1_7
Soft Tissue Sarcoma of the Head and Neck,AJCC7,any,T,T1a,Primary tumor category imported from staging table; site-specific definition requires manual review.,No strict table definition was extracted for this site/category. Cancer committee review required.,generic_fallback_v1_6_review_required,,,generated_rule_category_fallback_v1_6
Soft Tissue Sarcoma of the Head and Neck,AJCC7,yp,T,T1a,Primary tumor category imported from staging table; site-specific definition requires manual review.,No strict table definition was extracted for this site/category. Cancer committee review required.,generic_fallback_v1_6_review_required,,,generated_rule_category_fallback_v1_6
Soft Tissue Sarcoma of the Head and Neck,AJCC7,any,T,T1b,Primary tumor category imported from staging table; site-specific definition requires manual review.,No strict table definition was extracted for this site/category. Cancer committee review required.,generic_fallback_v1_6_review_required,,,generated_rule_category_fallback_v1_6
Soft Tissue Sarcoma of the Head and Neck,AJCC7,yp,T,T1b,Primary tumor category imported from staging table; site-specific definition requires manual review.,No strict table definition was extracted for this site/category. Cancer committee review required.,generic_fallback_v1_6_review_required,,,generated_rule_category_fallback_v1_6
Soft Tissue Sarcoma of the Head and Neck,AJCC7,any,T,T2a,Primary tumor category imported from staging table; site-specific definition requires manual review.,No strict table definition was extracted for this site/category. Cancer committee review required.,generic_fallback_v1_6_review_required,,,generated_rule_category_fallback_v1_6
Soft Tissue Sarcoma of the Head and Neck,AJCC7,yp,T,T2a,Primary tumor category imported from staging table; site-specific definition requires manual review.,No strict table definition was extracted for this site/category. Cancer committee review required.,generic_fallback_v1_6_review_required,,,generated_rule_category_fallback_v1_6
Soft Tissue Sarcoma of the Head and Neck,AJCC7,any,T,T2b,Primary tumor category imported from staging table; site-specific definition requires manual review.,No strict table definition was extracted for this site/category. Cancer committee review required.,generic_fallback_v1_6_review_required,,,generated_rule_category_fallback_v1_6
Soft Tissue Sarcoma of the Head and Neck,AJCC7,yp,T,T2b,Primary tumor category imported from staging table; site-specific definition requires manual review.,No strict table definition was extracted for this site/category. Cancer committee review required.,generic_fallback_v1_6_review_required,,,generated_rule_category_fallback_v1_6
Soft Tissue Sarcoma of the Head and Neck,AJCC7,any,N,N0,No regional lymph node metastasis; site-specific wording requires manual review.,No strict table definition was extracted for this site/category. Cancer committee review required.,generic_fallback_v1_6_review_required,,,generated_rule_category_fallback_v1_6
Soft Tissue Sarcoma of the Head and Neck,AJCC7,yp,N,N0,No regional lymph node metastasis; site-specific wording requires manual review.,No strict table definition was extracted for this site/category. Cancer committee review required.,generic_fallback_v1_6_review_required,,,generated_rule_category_fallback_v1_6
Soft Tissue Sarcoma of the Head and Neck,AJCC7,any,N,N1,Regional lymph node category imported from staging table; site-specific definition requires manual review.,No strict table definition was extracted for this site/category. Cancer committee review required.,generic_fallback_v1_6_review_required,,,generated_rule_category_fallback_v1_6
Soft Tissue Sarcoma of the Head and Neck,AJCC7,yp,N,N1,Regional lymph node category imported from staging table; site-specific definition requires manual review.,No strict table definition was extracted for this site/category. Cancer committee review required.,generic_fallback_v1_6_review_required,,,generated_rule_category_fallback_v1_6
Soft Tissue Sarcoma of the Head and Neck,AJCC7,any,M,M0,No distant metastasis; site-specific wording requires manual review.,No strict table definition was extracted for this site/category. Cancer committee review required.,generic_fallback_v1_6_review_required,,,generated_rule_category_fallback_v1_6
Soft Tissue Sarcoma of the Head and Neck,AJCC7,yp,M,M0,No distant metastasis; site-specific wording requires manual review.,No strict table definition was extracted for this site/category. Cancer committee review required.,generic_fallback_v1_6_review_required,,,generated_rule_category_fallback_v1_6
Soft Tissue Sarcoma of the Head and Neck,AJCC7,any,M,M1,Distant metastasis category imported from staging table; site-specific definition requires manual review.,No strict table definition was extracted for this site/category. Cancer committee review required.,generic_fallback_v1_6_review_required,,,generated_rule_category_fallback_v1_6
Soft Tissue Sarcoma of the Head and Neck,AJCC7,yp,M,M1,Distant metastasis category imported from staging table; site-specific definition requires manual review.,No strict table definition was extracted for this site/category. Cancer committee review required.,generic_fallback_v1_6_review_required,,,generated_rule_category_fallback_v1_6
Soft Tissue Sarcoma of the Head and Neck,AJCC8,any,T,T1a,Primary tumor category imported from staging table; site-specific definition requires manual review.,No strict table definition was extracted for this site/category. Cancer committee review required. | SURROGATE_AJCC8_DEFINITION_FROM_AJCC7_REVIEW_REQUIRED_v1.7: AJCC8 explicit definition not extractable from uploaded PDF; AJCC7 wording displayed pending cancer committee validation.,fallback_from_AJCC7_for_AJCC8_review_required_v1_7,,,surrogate_definition_from_AJCC7_v1_7
Soft Tissue Sarcoma of the Head and Neck,AJCC8,yp,T,T1a,Primary tumor category imported from staging table; site-specific definition requires manual review.,No strict table definition was extracted for this site/category. Cancer committee review required. | SURROGATE_AJCC8_DEFINITION_FROM_AJCC7_REVIEW_REQUIRED_v1.7: AJCC8 explicit definition not extractable from uploaded PDF; AJCC7 wording displayed pending cancer committee validation.,fallback_from_AJCC7_for_AJCC8_review_required_v1_7,,,surrogate_definition_from_AJCC7_v1_7
Soft Tissue Sarcoma of the Head and Neck,AJCC8,any,T,T1b,Primary tumor category imported from staging table; site-specific definition requires manual review.,No strict table definition was extracted for this site/category. Cancer committee review required. | SURROGATE_AJCC8_DEFINITION_FROM_AJCC7_REVIEW_REQUIRED_v1.7: AJCC8 explicit definition not extractable from uploaded PDF; AJCC7 wording displayed pending cancer committee validation.,fallback_from_AJCC7_for_AJCC8_review_required_v1_7,,,surrogate_definition_from_AJCC7_v1_7
Soft Tissue Sarcoma of the Head and Neck,AJCC8,yp,T,T1b,Primary tumor category imported from staging table; site-specific definition requires manual review.,No strict table definition was extracted for this site/category. Cancer committee review required. | SURROGATE_AJCC8_DEFINITION_FROM_AJCC7_REVIEW_REQUIRED_v1.7: AJCC8 explicit definition not extractable from uploaded PDF; AJCC7 wording displayed pending cancer committee validation.,fallback_from_AJCC7_for_AJCC8_review_required_v1_7,,,surrogate_definition_from_AJCC7_v1_7
Soft Tissue Sarcoma of the Head and Neck,AJCC8,any,T,T2a,Primary tumor category imported from staging table; site-specific definition requires manual review.,No strict table definition was extracted for this site/category. Cancer committee review required. | SURROGATE_AJCC8_DEFINITION_FROM_AJCC7_REVIEW_REQUIRED_v1.7: AJCC8 explicit definition not extractable from uploaded PDF; AJCC7 wording displayed pending cancer committee validation.,fallback_from_AJCC7_for_AJCC8_review_required_v1_7,,,surrogate_definition_from_AJCC7_v1_7
Soft Tissue Sarcoma of the Head and Neck,AJCC8,yp,T,T2a,Primary tumor category imported from staging table; site-specific definition requires manual review.,No strict table definition was extracted for this site/category. Cancer committee review required. | SURROGATE_AJCC8_DEFINITION_FROM_AJCC7_REVIEW_REQUIRED_v1.7: AJCC8 explicit definition not extractable from uploaded PDF; AJCC7 wording displayed pending cancer committee validation.,fallback_from_AJCC7_for_AJCC8_review_required_v1_7,,,surrogate_definition_from_AJCC7_v1_7
Soft Tissue Sarcoma of the Head and Neck,AJCC8,any,T,T2b,Primary tumor category imported from staging table; site-specific definition requires manual review.,No strict table definition was extracted for this site/category. Cancer committee review required. | SURROGATE_AJCC8_DEFINITION_FROM_AJCC7_REVIEW_REQUIRED_v1.7: AJCC8 explicit definition not extractable from uploaded PDF; AJCC7 wording displayed pending cancer committee validation.,fallback_from_AJCC7_for_AJCC8_review_required_v1_7,,,surrogate_definition_from_AJCC7_v1_7
Soft Tissue Sarcoma of the Head and Neck,AJCC8,yp,T,T2b,Primary tumor category imported from staging table; site-specific definition requires manual review.,No strict table definition was extracted for this site/category. Cancer committee review required. | SURROGATE_AJCC8_DEFINITION_FROM_AJCC7_REVIEW_REQUIRED_v1.7: AJCC8 explicit definition not extractable from uploaded PDF; AJCC7 wording displayed pending cancer committee validation.,fallback_from_AJCC7_for_AJCC8_review_required_v1_7,,,surrogate_definition_from_AJCC7_v1_7
Soft Tissue Sarcoma of the Head and Neck,AJCC8,any,N,N0,No regional lymph node metastasis; site-specific wording requires manual review.,No strict table definition was extracted for this site/category. Cancer committee review required. | SURROGATE_AJCC8_DEFINITION_FROM_AJCC7_REVIEW_REQUIRED_v1.7: AJCC8 explicit definition not extractable from uploaded PDF; AJCC7 wording displayed pending cancer committee validation.,fallback_from_AJCC7_for_AJCC8_review_required_v1_7,,,surrogate_definition_from_AJCC7_v1_7
Soft Tissue Sarcoma of the Head and Neck,AJCC8,yp,N,N0,No regional lymph node metastasis; site-specific wording requires manual review.,No strict table definition was extracted for this site/category. Cancer committee review required. | SURROGATE_AJCC8_DEFINITION_FROM_AJCC7_REVIEW_REQUIRED_v1.7: AJCC8 explicit definition not extractable from uploaded PDF; AJCC7 wording displayed pending cancer committee validation.,fallback_from_AJCC7_for_AJCC8_review_required_v1_7,,,surrogate_definition_from_AJCC7_v1_7
Soft Tissue Sarcoma of the Head and Neck,AJCC8,any,N,N1,Regional lymph node category imported from staging table; site-specific definition requires manual review.,No strict table definition was extracted for this site/category. Cancer committee review required. | SURROGATE_AJCC8_DEFINITION_FROM_AJCC7_REVIEW_REQUIRED_v1.7: AJCC8 explicit definition not extractable from uploaded PDF; AJCC7 wording displayed pending cancer committee validation.,fallback_from_AJCC7_for_AJCC8_review_required_v1_7,,,surrogate_definition_from_AJCC7_v1_7
Soft Tissue Sarcoma of the Head and Neck,AJCC8,yp,N,N1,Regional lymph node category imported from staging table; site-specific definition requires manual review.,No strict table definition was extracted for this site/category. Cancer committee review required. | SURROGATE_AJCC8_DEFINITION_FROM_AJCC7_REVIEW_REQUIRED_v1.7: AJCC8 explicit definition not extractable from uploaded PDF; AJCC7 wording displayed pending cancer committee validation.,fallback_from_AJCC7_for_AJCC8_review_required_v1_7,,,surrogate_definition_from_AJCC7_v1_7
Soft Tissue Sarcoma of the Head and Neck,AJCC8,any,M,M0,No distant metastasis; site-specific wording requires manual review.,No strict table definition was extracted for this site/category. Cancer committee review required. | SURROGATE_AJCC8_DEFINITION_FROM_AJCC7_REVIEW_REQUIRED_v1.7: AJCC8 explicit definition not extractable from uploaded PDF; AJCC7 wording displayed pending cancer committee validation.,fallback_from_AJCC7_for_AJCC8_review_required_v1_7,,,surrogate_definition_from_AJCC7_v1_7
Soft Tissue Sarcoma of the Head and Neck,AJCC8,yp,M,M0,No distant metastasis; site-specific wording requires manual review.,No strict table definition was extracted for this site/category. Cancer committee review required. | SURROGATE_AJCC8_DEFINITION_FROM_AJCC7_REVIEW_REQUIRED_v1.7: AJCC8 explicit definition not extractable from uploaded PDF; AJCC7 wording displayed pending cancer committee validation.,fallback_from_AJCC7_for_AJCC8_review_required_v1_7,,,surrogate_definition_from_AJCC7_v1_7
Soft Tissue Sarcoma of the Head and Neck,AJCC8,any,M,M1,Distant metastasis category imported from staging table; site-specific definition requires manual review.,No strict table definition was extracted for this site/category. Cancer committee review required. | SURROGATE_AJCC8_DEFINITION_FROM_AJCC7_REVIEW_REQUIRED_v1.7: AJCC8 explicit definition not extractable from uploaded PDF; AJCC7 wording displayed pending cancer committee validation.,fallback_from_AJCC7_for_AJCC8_review_required_v1_7,,,surrogate_definition_from_AJCC7_v1_7
Soft Tissue Sarcoma of the Head and Neck,AJCC8,yp,M,M1,Distant metastasis category imported from staging table; site-specific definition requires manual review.,No strict table definition was extracted for this site/category. Cancer committee review required. | SURROGATE_AJCC8_DEFINITION_FROM_AJCC7_REVIEW_REQUIRED_v1.7: AJCC8 explicit definition not extractable from uploaded PDF; AJCC7 wording displayed pending cancer committee validation.,fallback_from_AJCC7_for_AJCC8_review_required_v1_7,,,surrogate_definition_from_AJCC7_v1_7
Soft Tissue Sarcoma of the Retroperitoneum,AJCC7,any,T,T1a,Primary tumor category imported from staging table; site-specific definition requires manual review.,No strict table definition was extracted for this site/category. Cancer committee review required.,generic_fallback_v1_6_review_required,,,generated_rule_category_fallback_v1_6
Soft Tissue Sarcoma of the Retroperitoneum,AJCC7,yp,T,T1a,Primary tumor category imported from staging table; site-specific definition requires manual review.,No strict table definition was extracted for this site/category. Cancer committee review required.,generic_fallback_v1_6_review_required,,,generated_rule_category_fallback_v1_6
Soft Tissue Sarcoma of the Retroperitoneum,AJCC7,any,T,T1b,Primary tumor category imported from staging table; site-specific definition requires manual review.,No strict table definition was extracted for this site/category. Cancer committee review required.,generic_fallback_v1_6_review_required,,,generated_rule_category_fallback_v1_6
Soft Tissue Sarcoma of the Retroperitoneum,AJCC7,yp,T,T1b,Primary tumor category imported from staging table; site-specific definition requires manual review.,No strict table definition was extracted for this site/category. Cancer committee review required.,generic_fallback_v1_6_review_required,,,generated_rule_category_fallback_v1_6
Soft Tissue Sarcoma of the Retroperitoneum,AJCC7,any,T,T2a,Primary tumor category imported from staging table; site-specific definition requires manual review.,No strict table definition was extracted for this site/category. Cancer committee review required.,generic_fallback_v1_6_review_required,,,generated_rule_category_fallback_v1_6
Soft Tissue Sarcoma of the Retroperitoneum,AJCC7,yp,T,T2a,Primary tumor category imported from staging table; site-specific definition requires manual review.,No strict table definition was extracted for this site/category. Cancer committee review required.,generic_fallback_v1_6_review_required,,,generated_rule_category_fallback_v1_6
Soft Tissue Sarcoma of the Retroperitoneum,AJCC7,any,T,T2b,Primary tumor category imported from staging table; site-specific definition requires manual review.,No strict table definition was extracted for this site/category. Cancer committee review required.,generic_fallback_v1_6_review_required,,,generated_rule_category_fallback_v1_6
Soft Tissue Sarcoma of the Retroperitoneum,AJCC7,yp,T,T2b,Primary tumor category imported from staging table; site-specific definition requires manual review.,No strict table definition was extracted for this site/category. Cancer committee review required.,generic_fallback_v1_6_review_required,,,generated_rule_category_fallback_v1_6
Soft Tissue Sarcoma of the Retroperitoneum,AJCC7,any,N,N0,No regional lymph node metastasis; site-specific wording requires manual review.,No strict table definition was extracted for this site/category. Cancer committee review required.,generic_fallback_v1_6_review_required,,,generated_rule_category_fallback_v1_6
Soft Tissue Sarcoma of the Retroperitoneum,AJCC7,yp,N,N0,No regional lymph node metastasis; site-specific wording requires manual review.,No strict table definition was extracted for this site/category. Cancer committee review required.,generic_fallback_v1_6_review_required,,,generated_rule_category_fallback_v1_6
Soft Tissue Sarcoma of the Retroperitoneum,AJCC7,any,N,N1,Regional lymph node category imported from staging table; site-specific definition requires manual review.,No strict table definition was extracted for this site/category. Cancer committee review required.,generic_fallback_v1_6_review_required,,,generated_rule_category_fallback_v1_6
Soft Tissue Sarcoma of the Retroperitoneum,AJCC7,yp,N,N1,Regional lymph node category imported from staging table; site-specific definition requires manual review.,No strict table definition was extracted for this site/category. Cancer committee review required.,generic_fallback_v1_6_review_required,,,generated_rule_category_fallback_v1_6
Soft Tissue Sarcoma of the Retroperitoneum,AJCC7,any,M,M0,No distant metastasis; site-specific wording requires manual review.,No strict table definition was extracted for this site/category. Cancer committee review required.,generic_fallback_v1_6_review_required,,,generated_rule_category_fallback_v1_6
Soft Tissue Sarcoma of the Retroperitoneum,AJCC7,yp,M,M0,No distant metastasis; site-specific wording requires manual review.,No strict table definition was extracted for this site/category. Cancer committee review required.,generic_fallback_v1_6_review_required,,,generated_rule_category_fallback_v1_6
Soft Tissue Sarcoma of the Retroperitoneum,AJCC7,any,M,M1,Distant metastasis category imported from staging table; site-specific definition requires manual review.,No strict table definition was extracted for this site/category. Cancer committee review required.,generic_fallback_v1_6_review_required,,,generated_rule_category_fallback_v1_6
Soft Tissue Sarcoma of the Retroperitoneum,AJCC7,yp,M,M1,Distant metastasis category imported from staging table; site-specific definition requires manual review.,No strict table definition was extracted for this site/category. Cancer committee review required.,generic_fallback_v1_6_review_required,,,generated_rule_category_fallback_v1_6
Soft Tissue Sarcoma of the Retroperitoneum,AJCC8,any,T,T1a,Primary tumor category imported from staging table; site-specific definition requires manual review.,No strict table definition was extracted for this site/category. Cancer committee review required. | SURROGATE_AJCC8_DEFINITION_FROM_AJCC7_REVIEW_REQUIRED_v1.7: AJCC8 explicit definition not extractable from uploaded PDF; AJCC7 wording displayed pending cancer committee validation.,fallback_from_AJCC7_for_AJCC8_review_required_v1_7,,,surrogate_definition_from_AJCC7_v1_7
Soft Tissue Sarcoma of the Retroperitoneum,AJCC8,yp,T,T1a,Primary tumor category imported from staging table; site-specific definition requires manual review.,No strict table definition was extracted for this site/category. Cancer committee review required. | SURROGATE_AJCC8_DEFINITION_FROM_AJCC7_REVIEW_REQUIRED_v1.7: AJCC8 explicit definition not extractable from uploaded PDF; AJCC7 wording displayed pending cancer committee validation.,fallback_from_AJCC7_for_AJCC8_review_required_v1_7,,,surrogate_definition_from_AJCC7_v1_7
Soft Tissue Sarcoma of the Retroperitoneum,AJCC8,any,T,T1b,Primary tumor category imported from staging table; site-specific definition requires manual review.,No strict table definition was extracted for this site/category. Cancer committee review required. | SURROGATE_AJCC8_DEFINITION_FROM_AJCC7_REVIEW_REQUIRED_v1.7: AJCC8 explicit definition not extractable from uploaded PDF; AJCC7 wording displayed pending cancer committee validation.,fallback_from_AJCC7_for_AJCC8_review_required_v1_7,,,surrogate_definition_from_AJCC7_v1_7
Soft Tissue Sarcoma of the Retroperitoneum,AJCC8,yp,T,T1b,Primary tumor category imported from staging table; site-specific definition requires manual review.,No strict table definition was extracted for this site/category. Cancer committee review required. | SURROGATE_AJCC8_DEFINITION_FROM_AJCC7_REVIEW_REQUIRED_v1.7: AJCC8 explicit definition not extractable from uploaded PDF; AJCC7 wording displayed pending cancer committee validation.,fallback_from_AJCC7_for_AJCC8_review_required_v1_7,,,surrogate_definition_from_AJCC7_v1_7
Soft Tissue Sarcoma of the Retroperitoneum,AJCC8,any,T,T2a,Primary tumor category imported from staging table; site-specific definition requires manual review.,No strict table definition was extracted for this site/category. Cancer committee review required. | SURROGATE_AJCC8_DEFINITION_FROM_AJCC7_REVIEW_REQUIRED_v1.7: AJCC8 explicit definition not extractable from uploaded PDF; AJCC7 wording displayed pending cancer committee validation.,fallback_from_AJCC7_for_AJCC8_review_required_v1_7,,,surrogate_definition_from_AJCC7_v1_7
Soft Tissue Sarcoma of the Retroperitoneum,AJCC8,yp,T,T2a,Primary tumor category imported from staging table; site-specific definition requires manual review.,No strict table definition was extracted for this site/category. Cancer committee review required. | SURROGATE_AJCC8_DEFINITION_FROM_AJCC7_REVIEW_REQUIRED_v1.7: AJCC8 explicit definition not extractable from uploaded PDF; AJCC7 wording displayed pending cancer committee validation.,fallback_from_AJCC7_for_AJCC8_review_required_v1_7,,,surrogate_definition_from_AJCC7_v1_7
Soft Tissue Sarcoma of the Retroperitoneum,AJCC8,any,T,T2b,Primary tumor category imported from staging table; site-specific definition requires manual review.,No strict table definition was extracted for this site/category. Cancer committee review required. | SURROGATE_AJCC8_DEFINITION_FROM_AJCC7_REVIEW_REQUIRED_v1.7: AJCC8 explicit definition not extractable from uploaded PDF; AJCC7 wording displayed pending cancer committee validation.,fallback_from_AJCC7_for_AJCC8_review_required_v1_7,,,surrogate_definition_from_AJCC7_v1_7
Soft Tissue Sarcoma of the Retroperitoneum,AJCC8,yp,T,T2b,Primary tumor category imported from staging table; site-specific definition requires manual review.,No strict table definition was extracted for this site/category. Cancer committee review required. | SURROGATE_AJCC8_DEFINITION_FROM_AJCC7_REVIEW_REQUIRED_v1.7: AJCC8 explicit definition not extractable from uploaded PDF; AJCC7 wording displayed pending cancer committee validation.,fallback_from_AJCC7_for_AJCC8_review_required_v1_7,,,surrogate_definition_from_AJCC7_v1_7
Soft Tissue Sarcoma of the Retroperitoneum,AJCC8,any,N,N0,No regional lymph node metastasis; site-specific wording requires manual review.,No strict table definition was extracted for this site/category. Cancer committee review required. | SURROGATE_AJCC8_DEFINITION_FROM_AJCC7_REVIEW_REQUIRED_v1.7: AJCC8 explicit definition not extractable from uploaded PDF; AJCC7 wording displayed pending cancer committee validation.,fallback_from_AJCC7_for_AJCC8_review_required_v1_7,,,surrogate_definition_from_AJCC7_v1_7
Soft Tissue Sarcoma of the Retroperitoneum,AJCC8,yp,N,N0,No regional lymph node metastasis; site-specific wording requires manual review.,No strict table definition was extracted for this site/category. Cancer committee review required. | SURROGATE_AJCC8_DEFINITION_FROM_AJCC7_REVIEW_REQUIRED_v1.7: AJCC8 explicit definition not extractable from uploaded PDF; AJCC7 wording displayed pending cancer committee validation.,fallback_from_AJCC7_for_AJCC8_review_required_v1_7,,,surrogate_definition_from_AJCC7_v1_7
Soft Tissue Sarcoma of the Retroperitoneum,AJCC8,any,N,N1,Regional lymph node category imported from staging table; site-specific definition requires manual review.,No strict table definition was extracted for this site/category. Cancer committee review required. | SURROGATE_AJCC8_DEFINITION_FROM_AJCC7_REVIEW_REQUIRED_v1.7: AJCC8 explicit definition not extractable from uploaded PDF; AJCC7 wording displayed pending cancer committee validation.,fallback_from_AJCC7_for_AJCC8_review_required_v1_7,,,surrogate_definition_from_AJCC7_v1_7
Soft Tissue Sarcoma of the Retroperitoneum,AJCC8,yp,N,N1,Regional lymph node category imported from staging table; site-specific definition requires manual review.,No strict table definition was extracted for this site/category. Cancer committee review required. | SURROGATE_AJCC8_DEFINITION_FROM_AJCC7_REVIEW_REQUIRED_v1.7: AJCC8 explicit definition not extractable from uploaded PDF; AJCC7 wording displayed pending cancer committee validation.,fallback_from_AJCC7_for_AJCC8_review_required_v1_7,,,surrogate_definition_from_AJCC7_v1_7
Soft Tissue Sarcoma of the Retroperitoneum,AJCC8,any,M,M0,No distant metastasis; site-specific wording requires manual review.,No strict table definition was extracted for this site/category. Cancer committee review required. | SURROGATE_AJCC8_DEFINITION_FROM_AJCC7_REVIEW_REQUIRED_v1.7: AJCC8 explicit definition not extractable from uploaded PDF; AJCC7 wording displayed pending cancer committee validation.,fallback_from_AJCC7_for_AJCC8_review_required_v1_7,,,surrogate_definition_from_AJCC7_v1_7
Soft Tissue Sarcoma of the Retroperitoneum,AJCC8,yp,M,M0,No distant metastasis; site-specific wording requires manual review.,No strict table definition was extracted for this site/category. Cancer committee review required. | SURROGATE_AJCC8_DEFINITION_FROM_AJCC7_REVIEW_REQUIRED_v1.7: AJCC8 explicit definition not extractable from uploaded PDF; AJCC7 wording displayed pending cancer committee validation.,fallback_from_AJCC7_for_AJCC8_review_required_v1_7,,,surrogate_definition_from_AJCC7_v1_7
Soft Tissue Sarcoma of the Retroperitoneum,AJCC8,any,M,M1,Distant metastasis category imported from staging table; site-specific definition requires manual review.,No strict table definition was extracted for this site/category. Cancer committee review required. | SURROGATE_AJCC8_DEFINITION_FROM_AJCC7_REVIEW_REQUIRED_v1.7: AJCC8 explicit definition not extractable from uploaded PDF; AJCC7 wording displayed pending cancer committee validation.,fallback_from_AJCC7_for_AJCC8_review_required_v1_7,,,surrogate_definition_from_AJCC7_v1_7
Soft Tissue Sarcoma of the Retroperitoneum,AJCC8,yp,M,M1,Distant metastasis category imported from staging table; site-specific definition requires manual review.,No strict table definition was extracted for this site/category. Cancer committee review required. | SURROGATE_AJCC8_DEFINITION_FROM_AJCC7_REVIEW_REQUIRED_v1.7: AJCC8 explicit definition not extractable from uploaded PDF; AJCC7 wording displayed pending cancer committee validation.,fallback_from_AJCC7_for_AJCC8_review_required_v1_7,,,surrogate_definition_from_AJCC7_v1_7
Soft Tissue Sarcoma of the Trunk and Extremities,AJCC7,any,T,T1a,Primary tumor category imported from staging table; site-specific definition requires manual review.,No strict table definition was extracted for this site/category. Cancer committee review required.,generic_fallback_v1_6_review_required,,,generated_rule_category_fallback_v1_6
Soft Tissue Sarcoma of the Trunk and Extremities,AJCC7,yp,T,T1a,Primary tumor category imported from staging table; site-specific definition requires manual review.,No strict table definition was extracted for this site/category. Cancer committee review required.,generic_fallback_v1_6_review_required,,,generated_rule_category_fallback_v1_6
Soft Tissue Sarcoma of the Trunk and Extremities,AJCC7,any,T,T1b,Primary tumor category imported from staging table; site-specific definition requires manual review.,No strict table definition was extracted for this site/category. Cancer committee review required.,generic_fallback_v1_6_review_required,,,generated_rule_category_fallback_v1_6
Soft Tissue Sarcoma of the Trunk and Extremities,AJCC7,yp,T,T1b,Primary tumor category imported from staging table; site-specific definition requires manual review.,No strict table definition was extracted for this site/category. Cancer committee review required.,generic_fallback_v1_6_review_required,,,generated_rule_category_fallback_v1_6
Soft Tissue Sarcoma of the Trunk and Extremities,AJCC7,any,T,T2a,Primary tumor category imported from staging table; site-specific definition requires manual review.,No strict table definition was extracted for this site/category. Cancer committee review required.,generic_fallback_v1_6_review_required,,,generated_rule_category_fallback_v1_6
Soft Tissue Sarcoma of the Trunk and Extremities,AJCC7,yp,T,T2a,Primary tumor category imported from staging table; site-specific definition requires manual review.,No strict table definition was extracted for this site/category. Cancer committee review required.,generic_fallback_v1_6_review_required,,,generated_rule_category_fallback_v1_6
Soft Tissue Sarcoma of the Trunk and Extremities,AJCC7,any,T,T2b,Primary tumor category imported from staging table; site-specific definition requires manual review.,No strict table definition was extracted for this site/category. Cancer committee review required.,generic_fallback_v1_6_review_required,,,generated_rule_category_fallback_v1_6
Soft Tissue Sarcoma of the Trunk and Extremities,AJCC7,yp,T,T2b,Primary tumor category imported from staging table; site-specific definition requires manual review.,No strict table definition was extracted for this site/category. Cancer committee review required.,generic_fallback_v1_6_review_required,,,generated_rule_category_fallback_v1_6
Soft Tissue Sarcoma of the Trunk and Extremities,AJCC7,any,N,N0,No regional lymph node metastasis; site-specific wording requires manual review.,No strict table definition was extracted for this site/category. Cancer committee review required.,generic_fallback_v1_6_review_required,,,generated_rule_category_fallback_v1_6
Soft Tissue Sarcoma of the Trunk and Extremities,AJCC7,yp,N,N0,No regional lymph node metastasis; site-specific wording requires manual review.,No strict table definition was extracted for this site/category. Cancer committee review required.,generic_fallback_v1_6_review_required,,,generated_rule_category_fallback_v1_6
Soft Tissue Sarcoma of the Trunk and Extremities,AJCC7,any,N,N1,Regional lymph node category imported from staging table; site-specific definition requires manual review.,No strict table definition was extracted for this site/category. Cancer committee review required.,generic_fallback_v1_6_review_required,,,generated_rule_category_fallback_v1_6
Soft Tissue Sarcoma of the Trunk and Extremities,AJCC7,yp,N,N1,Regional lymph node category imported from staging table; site-specific definition requires manual review.,No strict table definition was extracted for this site/category. Cancer committee review required.,generic_fallback_v1_6_review_required,,,generated_rule_category_fallback_v1_6
Soft Tissue Sarcoma of the Trunk and Extremities,AJCC7,any,M,M0,No distant metastasis; site-specific wording requires manual review.,No strict table definition was extracted for this site/category. Cancer committee review required.,generic_fallback_v1_6_review_required,,,generated_rule_category_fallback_v1_6
Soft Tissue Sarcoma of the Trunk and Extremities,AJCC7,yp,M,M0,No distant metastasis; site-specific wording requires manual review.,No strict table definition was extracted for this site/category. Cancer committee review required.,generic_fallback_v1_6_review_required,,,generated_rule_category_fallback_v1_6
Soft Tissue Sarcoma of the Trunk and Extremities,AJCC7,any,M,M1,Distant metastasis category imported from staging table; site-specific definition requires manual review.,No strict table definition was extracted for this site/category. Cancer committee review required.,generic_fallback_v1_6_review_required,,,generated_rule_category_fallback_v1_6
Soft Tissue Sarcoma of the Trunk and Extremities,AJCC7,yp,M,M1,Distant metastasis category imported from staging table; site-specific definition requires manual review.,No strict table definition was extracted for this site/category. Cancer committee review required.,generic_fallback_v1_6_review_required,,,generated_rule_category_fallback_v1_6
Soft Tissue Sarcoma of the Trunk and Extremities,AJCC8,any,T,T1a,Primary tumor category imported from staging table; site-specific definition requires manual review.,No strict table definition was extracted for this site/category. Cancer committee review required. | SURROGATE_AJCC8_DEFINITION_FROM_AJCC7_REVIEW_REQUIRED_v1.7: AJCC8 explicit definition not extractable from uploaded PDF; AJCC7 wording displayed pending cancer committee validation.,fallback_from_AJCC7_for_AJCC8_review_required_v1_7,,,surrogate_definition_from_AJCC7_v1_7
Soft Tissue Sarcoma of the Trunk and Extremities,AJCC8,yp,T,T1a,Primary tumor category imported from staging table; site-specific definition requires manual review.,No strict table definition was extracted for this site/category. Cancer committee review required. | SURROGATE_AJCC8_DEFINITION_FROM_AJCC7_REVIEW_REQUIRED_v1.7: AJCC8 explicit definition not extractable from uploaded PDF; AJCC7 wording displayed pending cancer committee validation.,fallback_from_AJCC7_for_AJCC8_review_required_v1_7,,,surrogate_definition_from_AJCC7_v1_7
Soft Tissue Sarcoma of the Trunk and Extremities,AJCC8,any,T,T1b,Primary tumor category imported from staging table; site-specific definition requires manual review.,No strict table definition was extracted for this site/category. Cancer committee review required. | SURROGATE_AJCC8_DEFINITION_FROM_AJCC7_REVIEW_REQUIRED_v1.7: AJCC8 explicit definition not extractable from uploaded PDF; AJCC7 wording displayed pending cancer committee validation.,fallback_from_AJCC7_for_AJCC8_review_required_v1_7,,,surrogate_definition_from_AJCC7_v1_7
Soft Tissue Sarcoma of the Trunk and Extremities,AJCC8,yp,T,T1b,Primary tumor category imported from staging table; site-specific definition requires manual review.,No strict table definition was extracted for this site/category. Cancer committee review required. | SURROGATE_AJCC8_DEFINITION_FROM_AJCC7_REVIEW_REQUIRED_v1.7: AJCC8 explicit definition not extractable from uploaded PDF; AJCC7 wording displayed pending cancer committee validation.,fallback_from_AJCC7_for_AJCC8_review_required_v1_7,,,surrogate_definition_from_AJCC7_v1_7
Soft Tissue Sarcoma of the Trunk and Extremities,AJCC8,any,T,T2a,Primary tumor category imported from staging table; site-specific definition requires manual review.,No strict table definition was extracted for this site/category. Cancer committee review required. | SURROGATE_AJCC8_DEFINITION_FROM_AJCC7_REVIEW_REQUIRED_v1.7: AJCC8 explicit definition not extractable from uploaded PDF; AJCC7 wording displayed pending cancer committee validation.,fallback_from_AJCC7_for_AJCC8_review_required_v1_7,,,surrogate_definition_from_AJCC7_v1_7
Soft Tissue Sarcoma of the Trunk and Extremities,AJCC8,yp,T,T2a,Primary tumor category imported from staging table; site-specific definition requires manual review.,No strict table definition was extracted for this site/category. Cancer committee review required. | SURROGATE_AJCC8_DEFINITION_FROM_AJCC7_REVIEW_REQUIRED_v1.7: AJCC8 explicit definition not extractable from uploaded PDF; AJCC7 wording displayed pending cancer committee validation.,fallback_from_AJCC7_for_AJCC8_review_required_v1_7,,,surrogate_definition_from_AJCC7_v1_7
Soft Tissue Sarcoma of the Trunk and Extremities,AJCC8,any,T,T2b,Primary tumor category imported from staging table; site-specific definition requires manual review.,No strict table definition was extracted for this site/category. Cancer committee review required. | SURROGATE_AJCC8_DEFINITION_FROM_AJCC7_REVIEW_REQUIRED_v1.7: AJCC8 explicit definition not extractable from uploaded PDF; AJCC7 wording displayed pending cancer committee validation.,fallback_from_AJCC7_for_AJCC8_review_required_v1_7,,,surrogate_definition_from_AJCC7_v1_7
Soft Tissue Sarcoma of the Trunk and Extremities,AJCC8,yp,T,T2b,Primary tumor category imported from staging table; site-specific definition requires manual review.,No strict table definition was extracted for this site/category. Cancer committee review required. | SURROGATE_AJCC8_DEFINITION_FROM_AJCC7_REVIEW_REQUIRED_v1.7: AJCC8 explicit definition not extractable from uploaded PDF; AJCC7 wording displayed pending cancer committee validation.,fallback_from_AJCC7_for_AJCC8_review_required_v1_7,,,surrogate_definition_from_AJCC7_v1_7
Soft Tissue Sarcoma of the Trunk and Extremities,AJCC8,any,N,N0,No regional lymph node metastasis; site-specific wording requires manual review.,No strict table definition was extracted for this site/category. Cancer committee review required. | SURROGATE_AJCC8_DEFINITION_FROM_AJCC7_REVIEW_REQUIRED_v1.7: AJCC8 explicit definition not extractable from uploaded PDF; AJCC7 wording displayed pending cancer committee validation.,fallback_from_AJCC7_for_AJCC8_review_required_v1_7,,,surrogate_definition_from_AJCC7_v1_7
Soft Tissue Sarcoma of the Trunk and Extremities,AJCC8,yp,N,N0,No regional lymph node metastasis; site-specific wording requires manual review.,No strict table definition was extracted for this site/category. Cancer committee review required. | SURROGATE_AJCC8_DEFINITION_FROM_AJCC7_REVIEW_REQUIRED_v1.7: AJCC8 explicit definition not extractable from uploaded PDF; AJCC7 wording displayed pending cancer committee validation.,fallback_from_AJCC7_for_AJCC8_review_required_v1_7,,,surrogate_definition_from_AJCC7_v1_7
Soft Tissue Sarcoma of the Trunk and Extremities,AJCC8,any,N,N1,Regional lymph node category imported from staging table; site-specific definition requires manual review.,No strict table definition was extracted for this site/category. Cancer committee review required. | SURROGATE_AJCC8_DEFINITION_FROM_AJCC7_REVIEW_REQUIRED_v1.7: AJCC8 explicit definition not extractable from uploaded PDF; AJCC7 wording displayed pending cancer committee validation.,fallback_from_AJCC7_for_AJCC8_review_required_v1_7,,,surrogate_definition_from_AJCC7_v1_7
Soft Tissue Sarcoma of the Trunk and Extremities,AJCC8,yp,N,N1,Regional lymph node category imported from staging table; site-specific definition requires manual review.,No strict table definition was extracted for this site/category. Cancer committee review required. | SURROGATE_AJCC8_DEFINITION_FROM_AJCC7_REVIEW_REQUIRED_v1.7: AJCC8 explicit definition not extractable from uploaded PDF; AJCC7 wording displayed pending cancer committee validation.,fallback_from_AJCC7_for_AJCC8_review_required_v1_7,,,surrogate_definition_from_AJCC7_v1_7
Soft Tissue Sarcoma of the Trunk and Extremities,AJCC8,any,M,M0,No distant metastasis; site-specific wording requires manual review.,No strict table definition was extracted for this site/category. Cancer committee review required. | SURROGATE_AJCC8_DEFINITION_FROM_AJCC7_REVIEW_REQUIRED_v1.7: AJCC8 explicit definition not extractable from uploaded PDF; AJCC7 wording displayed pending cancer committee validation.,fallback_from_AJCC7_for_AJCC8_review_required_v1_7,,,surrogate_definition_from_AJCC7_v1_7
Soft Tissue Sarcoma of the Trunk and Extremities,AJCC8,yp,M,M0,No distant metastasis; site-specific wording requires manual review.,No strict table definition was extracted for this site/category. Cancer committee review required. | SURROGATE_AJCC8_DEFINITION_FROM_AJCC7_REVIEW_REQUIRED_v1.7: AJCC8 explicit definition not extractable from uploaded PDF; AJCC7 wording displayed pending cancer committee validation.,fallback_from_AJCC7_for_AJCC8_review_required_v1_7,,,surrogate_definition_from_AJCC7_v1_7
Soft Tissue Sarcoma of the Trunk and Extremities,AJCC8,any,M,M1,Distant metastasis category imported from staging table; site-specific definition requires manual review.,No strict table definition was extracted for this site/category. Cancer committee review required. | SURROGATE_AJCC8_DEFINITION_FROM_AJCC7_REVIEW_REQUIRED_v1.7: AJCC8 explicit definition not extractable from uploaded PDF; AJCC7 wording displayed pending cancer committee validation.,fallback_from_AJCC7_for_AJCC8_review_required_v1_7,,,surrogate_definition_from_AJCC7_v1_7
Soft Tissue Sarcoma of the Trunk and Extremities,AJCC8,yp,M,M1,Distant metastasis category imported from staging table; site-specific definition requires manual review.,No strict table definition was extracted for this site/category. Cancer committee review required. | SURROGATE_AJCC8_DEFINITION_FROM_AJCC7_REVIEW_REQUIRED_v1.7: AJCC8 explicit definition not extractable from uploaded PDF; AJCC7 wording displayed pending cancer committee validation.,fallback_from_AJCC7_for_AJCC8_review_required_v1_7,,,surrogate_definition_from_AJCC7_v1_7
Soft Tissue Sarcoma – Unusual Histologies and Sites,AJCC7,any,T,T1a,Primary tumor category imported from staging table; site-specific definition requires manual review.,No strict table definition was extracted for this site/category. Cancer committee review required.,generic_fallback_v1_6_review_required,,,generated_rule_category_fallback_v1_6
Soft Tissue Sarcoma – Unusual Histologies and Sites,AJCC7,yp,T,T1a,Primary tumor category imported from staging table; site-specific definition requires manual review.,No strict table definition was extracted for this site/category. Cancer committee review required.,generic_fallback_v1_6_review_required,,,generated_rule_category_fallback_v1_6
Soft Tissue Sarcoma – Unusual Histologies and Sites,AJCC7,any,T,T1b,Primary tumor category imported from staging table; site-specific definition requires manual review.,No strict table definition was extracted for this site/category. Cancer committee review required.,generic_fallback_v1_6_review_required,,,generated_rule_category_fallback_v1_6
Soft Tissue Sarcoma – Unusual Histologies and Sites,AJCC7,yp,T,T1b,Primary tumor category imported from staging table; site-specific definition requires manual review.,No strict table definition was extracted for this site/category. Cancer committee review required.,generic_fallback_v1_6_review_required,,,generated_rule_category_fallback_v1_6
Soft Tissue Sarcoma – Unusual Histologies and Sites,AJCC7,any,T,T2a,Primary tumor category imported from staging table; site-specific definition requires manual review.,No strict table definition was extracted for this site/category. Cancer committee review required.,generic_fallback_v1_6_review_required,,,generated_rule_category_fallback_v1_6
Soft Tissue Sarcoma – Unusual Histologies and Sites,AJCC7,yp,T,T2a,Primary tumor category imported from staging table; site-specific definition requires manual review.,No strict table definition was extracted for this site/category. Cancer committee review required.,generic_fallback_v1_6_review_required,,,generated_rule_category_fallback_v1_6
Soft Tissue Sarcoma – Unusual Histologies and Sites,AJCC7,any,T,T2b,Primary tumor category imported from staging table; site-specific definition requires manual review.,No strict table definition was extracted for this site/category. Cancer committee review required.,generic_fallback_v1_6_review_required,,,generated_rule_category_fallback_v1_6
Soft Tissue Sarcoma – Unusual Histologies and Sites,AJCC7,yp,T,T2b,Primary tumor category imported from staging table; site-specific definition requires manual review.,No strict table definition was extracted for this site/category. Cancer committee review required.,generic_fallback_v1_6_review_required,,,generated_rule_category_fallback_v1_6
Soft Tissue Sarcoma – Unusual Histologies and Sites,AJCC7,any,N,N0,No regional lymph node metastasis; site-specific wording requires manual review.,No strict table definition was extracted for this site/category. Cancer committee review required.,generic_fallback_v1_6_review_required,,,generated_rule_category_fallback_v1_6
Soft Tissue Sarcoma – Unusual Histologies and Sites,AJCC7,yp,N,N0,No regional lymph node metastasis; site-specific wording requires manual review.,No strict table definition was extracted for this site/category. Cancer committee review required.,generic_fallback_v1_6_review_required,,,generated_rule_category_fallback_v1_6
Soft Tissue Sarcoma – Unusual Histologies and Sites,AJCC7,any,N,N1,Regional lymph node category imported from staging table; site-specific definition requires manual review.,No strict table definition was extracted for this site/category. Cancer committee review required.,generic_fallback_v1_6_review_required,,,generated_rule_category_fallback_v1_6
Soft Tissue Sarcoma – Unusual Histologies and Sites,AJCC7,yp,N,N1,Regional lymph node category imported from staging table; site-specific definition requires manual review.,No strict table definition was extracted for this site/category. Cancer committee review required.,generic_fallback_v1_6_review_required,,,generated_rule_category_fallback_v1_6
Soft Tissue Sarcoma – Unusual Histologies and Sites,AJCC7,any,M,M0,No distant metastasis; site-specific wording requires manual review.,No strict table definition was extracted for this site/category. Cancer committee review required.,generic_fallback_v1_6_review_required,,,generated_rule_category_fallback_v1_6
Soft Tissue Sarcoma – Unusual Histologies and Sites,AJCC7,yp,M,M0,No distant metastasis; site-specific wording requires manual review.,No strict table definition was extracted for this site/category. Cancer committee review required.,generic_fallback_v1_6_review_required,,,generated_rule_category_fallback_v1_6
Soft Tissue Sarcoma – Unusual Histologies and Sites,AJCC7,any,M,M1,Distant metastasis category imported from staging table; site-specific definition requires manual review.,No strict table definition was extracted for this site/category. Cancer committee review required.,generic_fallback_v1_6_review_required,,,generated_rule_category_fallback_v1_6
Soft Tissue Sarcoma – Unusual Histologies and Sites,AJCC7,yp,M,M1,Distant metastasis category imported from staging table; site-specific definition requires manual review.,No strict table definition was extracted for this site/category. Cancer committee review required.,generic_fallback_v1_6_review_required,,,generated_rule_category_fallback_v1_6
Soft Tissue Sarcoma – Unusual Histologies and Sites,AJCC8,any,T,T1a,Primary tumor category imported from staging table; site-specific definition requires manual review.,No strict table definition was extracted for this site/category. Cancer committee review required. | SURROGATE_AJCC8_DEFINITION_FROM_AJCC7_REVIEW_REQUIRED_v1.7: AJCC8 explicit definition not extractable from uploaded PDF; AJCC7 wording displayed pending cancer committee validation.,fallback_from_AJCC7_for_AJCC8_review_required_v1_7,,,surrogate_definition_from_AJCC7_v1_7
Soft Tissue Sarcoma – Unusual Histologies and Sites,AJCC8,yp,T,T1a,Primary tumor category imported from staging table; site-specific definition requires manual review.,No strict table definition was extracted for this site/category. Cancer committee review required. | SURROGATE_AJCC8_DEFINITION_FROM_AJCC7_REVIEW_REQUIRED_v1.7: AJCC8 explicit definition not extractable from uploaded PDF; AJCC7 wording displayed pending cancer committee validation.,fallback_from_AJCC7_for_AJCC8_review_required_v1_7,,,surrogate_definition_from_AJCC7_v1_7
Soft Tissue Sarcoma – Unusual Histologies and Sites,AJCC8,any,T,T1b,Primary tumor category imported from staging table; site-specific definition requires manual review.,No strict table definition was extracted for this site/category. Cancer committee review required. | SURROGATE_AJCC8_DEFINITION_FROM_AJCC7_REVIEW_REQUIRED_v1.7: AJCC8 explicit definition not extractable from uploaded PDF; AJCC7 wording displayed pending cancer committee validation.,fallback_from_AJCC7_for_AJCC8_review_required_v1_7,,,surrogate_definition_from_AJCC7_v1_7
Soft Tissue Sarcoma – Unusual Histologies and Sites,AJCC8,yp,T,T1b,Primary tumor category imported from staging table; site-specific definition requires manual review.,No strict table definition was extracted for this site/category. Cancer committee review required. | SURROGATE_AJCC8_DEFINITION_FROM_AJCC7_REVIEW_REQUIRED_v1.7: AJCC8 explicit definition not extractable from uploaded PDF; AJCC7 wording displayed pending cancer committee validation.,fallback_from_AJCC7_for_AJCC8_review_required_v1_7,,,surrogate_definition_from_AJCC7_v1_7
Soft Tissue Sarcoma – Unusual Histologies and Sites,AJCC8,any,T,T2a,Primary tumor category imported from staging table; site-specific definition requires manual review.,No strict table definition was extracted for this site/category. Cancer committee review required. | SURROGATE_AJCC8_DEFINITION_FROM_AJCC7_REVIEW_REQUIRED_v1.7: AJCC8 explicit definition not extractable from uploaded PDF; AJCC7 wording displayed pending cancer committee validation.,fallback_from_AJCC7_for_AJCC8_review_required_v1_7,,,surrogate_definition_from_AJCC7_v1_7
Soft Tissue Sarcoma – Unusual Histologies and Sites,AJCC8,yp,T,T2a,Primary tumor category imported from staging table; site-specific definition requires manual review.,No strict table definition was extracted for this site/category. Cancer committee review required. | SURROGATE_AJCC8_DEFINITION_FROM_AJCC7_REVIEW_REQUIRED_v1.7: AJCC8 explicit definition not extractable from uploaded PDF; AJCC7 wording displayed pending cancer committee validation.,fallback_from_AJCC7_for_AJCC8_review_required_v1_7,,,surrogate_definition_from_AJCC7_v1_7
Soft Tissue Sarcoma – Unusual Histologies and Sites,AJCC8,any,T,T2b,Primary tumor category imported from staging table; site-specific definition requires manual review.,No strict table definition was extracted for this site/category. Cancer committee review required. | SURROGATE_AJCC8_DEFINITION_FROM_AJCC7_REVIEW_REQUIRED_v1.7: AJCC8 explicit definition not extractable from uploaded PDF; AJCC7 wording displayed pending cancer committee validation.,fallback_from_AJCC7_for_AJCC8_review_required_v1_7,,,surrogate_definition_from_AJCC7_v1_7
Soft Tissue Sarcoma – Unusual Histologies and Sites,AJCC8,yp,T,T2b,Primary tumor category imported from staging table; site-specific definition requires manual review.,No strict table definition was extracted for this site/category. Cancer committee review required. | SURROGATE_AJCC8_DEFINITION_FROM_AJCC7_REVIEW_REQUIRED_v1.7: AJCC8 explicit definition not extractable from uploaded PDF; AJCC7 wording displayed pending cancer committee validation.,fallback_from_AJCC7_for_AJCC8_review_required_v1_7,,,surrogate_definition_from_AJCC7_v1_7
Soft Tissue Sarcoma – Unusual Histologies and Sites,AJCC8,any,N,N0,No regional lymph node metastasis; site-specific wording requires manual review.,No strict table definition was extracted for this site/category. Cancer committee review required. | SURROGATE_AJCC8_DEFINITION_FROM_AJCC7_REVIEW_REQUIRED_v1.7: AJCC8 explicit definition not extractable from uploaded PDF; AJCC7 wording displayed pending cancer committee validation.,fallback_from_AJCC7_for_AJCC8_review_required_v1_7,,,surrogate_definition_from_AJCC7_v1_7
Soft Tissue Sarcoma – Unusual Histologies and Sites,AJCC8,yp,N,N0,No regional lymph node metastasis; site-specific wording requires manual review.,No strict table definition was extracted for this site/category. Cancer committee review required. | SURROGATE_AJCC8_DEFINITION_FROM_AJCC7_REVIEW_REQUIRED_v1.7: AJCC8 explicit definition not extractable from uploaded PDF; AJCC7 wording displayed pending cancer committee validation.,fallback_from_AJCC7_for_AJCC8_review_required_v1_7,,,surrogate_definition_from_AJCC7_v1_7
Soft Tissue Sarcoma – Unusual Histologies and Sites,AJCC8,any,N,N1,Regional lymph node category imported from staging table; site-specific definition requires manual review.,No strict table definition was extracted for this site/category. Cancer committee review required. | SURROGATE_AJCC8_DEFINITION_FROM_AJCC7_REVIEW_REQUIRED_v1.7: AJCC8 explicit definition not extractable from uploaded PDF; AJCC7 wording displayed pending cancer committee validation.,fallback_from_AJCC7_for_AJCC8_review_required_v1_7,,,surrogate_definition_from_AJCC7_v1_7
Soft Tissue Sarcoma – Unusual Histologies and Sites,AJCC8,yp,N,N1,Regional lymph node category imported from staging table; site-specific definition requires manual review.,No strict table definition was extracted for this site/category. Cancer committee review required. | SURROGATE_AJCC8_DEFINITION_FROM_AJCC7_REVIEW_REQUIRED_v1.7: AJCC8 explicit definition not extractable from uploaded PDF; AJCC7 wording displayed pending cancer committee validation.,fallback_from_AJCC7_for_AJCC8_review_required_v1_7,,,surrogate_definition_from_AJCC7_v1_7
Soft Tissue Sarcoma – Unusual Histologies and Sites,AJCC8,any,M,M0,No distant metastasis; site-specific wording requires manual review.,No strict table definition was extracted for this site/category. Cancer committee review required. | SURROGATE_AJCC8_DEFINITION_FROM_AJCC7_REVIEW_REQUIRED_v1.7: AJCC8 explicit definition not extractable from uploaded PDF; AJCC7 wording displayed pending cancer committee validation.,fallback_from_AJCC7_for_AJCC8_review_required_v1_7,,,surrogate_definition_from_AJCC7_v1_7
Soft Tissue Sarcoma – Unusual Histologies and Sites,AJCC8,yp,M,M0,No distant metastasis; site-specific wording requires manual review.,No strict table definition was extracted for this site/category. Cancer committee review required. | SURROGATE_AJCC8_DEFINITION_FROM_AJCC7_REVIEW_REQUIRED_v1.7: AJCC8 explicit definition not extractable from uploaded PDF; AJCC7 wording displayed pending cancer committee validation.,fallback_from_AJCC7_for_AJCC8_review_required_v1_7,,,surrogate_definition_from_AJCC7_v1_7
Soft Tissue Sarcoma – Unusual Histologies and Sites,AJCC8,any,M,M1,Distant metastasis category imported from staging table; site-specific definition requires manual review.,No strict table definition was extracted for this site/category. Cancer committee review required. | SURROGATE_AJCC8_DEFINITION_FROM_AJCC7_REVIEW_REQUIRED_v1.7: AJCC8 explicit definition not extractable from uploaded PDF; AJCC7 wording displayed pending cancer committee validation.,fallback_from_AJCC7_for_AJCC8_review_required_v1_7,,,surrogate_definition_from_AJCC7_v1_7
Soft Tissue Sarcoma – Unusual Histologies and Sites,AJCC8,yp,M,M1,Distant metastasis category imported from staging table; site-specific definition requires manual review.,No strict table definition was extracted for this site/category. Cancer committee review required. | SURROGATE_AJCC8_DEFINITION_FROM_AJCC7_REVIEW_REQUIRED_v1.7: AJCC8 explicit definition not extractable from uploaded PDF; AJCC7 wording displayed pending cancer committee validation.,fallback_from_AJCC7_for_AJCC8_review_required_v1_7,,,surrogate_definition_from_AJCC7_v1_7
Stomach,AJCC7,any,T,T0,No evidence of primary tumor（無原發腫瘤證據）,,checked_v0_7,,protected_curated_gi_definition_from_v0_8_2,protected_known_good_v0_8_2
Stomach,AJCC7,any,T,T1,"Tumor invades lamina propria, muscularis mucosae, or submucosa（侵犯固有層、黏膜肌層或黏膜下層）",,checked_v0_7,,protected_curated_gi_definition_from_v0_8_2,protected_known_good_v0_8_2
Stomach,AJCC7,any,T,T1a,Tumor invades lamina propria or muscularis mucosae（侵犯固有層或黏膜肌層）,,checked_v0_7,,protected_curated_gi_definition_from_v0_8_2,protected_known_good_v0_8_2
Stomach,AJCC7,any,T,T1b,Tumor invades submucosa（侵犯黏膜下層）,,checked_v0_7,,protected_curated_gi_definition_from_v0_8_2,protected_known_good_v0_8_2
Stomach,AJCC7,any,T,T2,Tumor invades muscularis propria（侵犯固有肌層）,,checked_v0_7,,protected_curated_gi_definition_from_v0_8_2,protected_known_good_v0_8_2
Stomach,AJCC7,any,T,T3,Tumor penetrates subserosal connective tissue without invasion of visceral peritoneum or adjacent structures（侵犯漿膜下結締組織，未侵犯臟層腹膜或鄰近構造）,,checked_v0_7,,protected_curated_gi_definition_from_v0_8_2,protected_known_good_v0_8_2
Stomach,AJCC7,any,T,T4,Tumor invades serosa/visceral peritoneum or adjacent structures（侵犯漿膜/臟層腹膜或鄰近構造）,,checked_v0_7,,protected_curated_gi_definition_from_v0_8_2,protected_known_good_v0_8_2
Stomach,AJCC7,any,T,T4a,Tumor invades serosa / visceral peritoneum（侵犯漿膜／臟層腹膜）,,checked_v0_7,,protected_curated_gi_definition_from_v0_8_2,protected_known_good_v0_8_2
Stomach,AJCC7,any,T,T4b,Tumor invades adjacent structures（侵犯鄰近構造）,,checked_v0_7,,protected_curated_gi_definition_from_v0_8_2,protected_known_good_v0_8_2
Stomach,AJCC7,any,T,TX,Primary tumor cannot be assessed（原發腫瘤無法評估）,,checked_v0_7,,protected_curated_gi_definition_from_v0_8_2,protected_known_good_v0_8_2
Stomach,AJCC7,any,T,Tis,Carcinoma in situ: intraepithelial tumor without invasion of lamina propria（原位癌；未侵犯固有層）,,checked_v0_7,,protected_curated_gi_definition_from_v0_8_2,protected_known_good_v0_8_2
Stomach,AJCC7,any,N,N0,No regional lymph node metastasis（無區域淋巴結轉移）,,checked_v0_7,,protected_curated_gi_definition_from_v0_8_2,protected_known_good_v0_8_2
Stomach,AJCC7,any,N,N1,Metastasis in 1–2 regional lymph nodes（1–2 顆區域淋巴結轉移）,,checked_v0_7,,protected_curated_gi_definition_from_v0_8_2,protected_known_good_v0_8_2
Stomach,AJCC7,any,N,N2,Metastasis in 3–6 regional lymph nodes（3–6 顆區域淋巴結轉移）,,checked_v0_7,,protected_curated_gi_definition_from_v0_8_2,protected_known_good_v0_8_2
Stomach,AJCC7,any,N,N3,Metastasis in 7 or more regional lymph nodes（≥7 顆區域淋巴結轉移）,,checked_v0_7,,protected_curated_gi_definition_from_v0_8_2,protected_known_good_v0_8_2
Stomach,AJCC7,any,N,N3a,Metastasis in 7–15 regional lymph nodes（7–15 顆區域淋巴結轉移）,,checked_v0_7,,protected_curated_gi_definition_from_v0_8_2,protected_known_good_v0_8_2
Stomach,AJCC7,any,N,N3b,Metastasis in 16 or more regional lymph nodes（≥16 顆區域淋巴結轉移）,,checked_v0_7,,protected_curated_gi_definition_from_v0_8_2,protected_known_good_v0_8_2
Stomach,AJCC7,any,N,NX,Regional lymph nodes cannot be assessed（區域淋巴結無法評估）,,checked_v0_7,,protected_curated_gi_definition_from_v0_8_2,protected_known_good_v0_8_2
Stomach,AJCC7,any,M,M0,No distant metastasis（無遠端轉移）,,checked_v0_7,,protected_curated_gi_definition_from_v0_8_2,protected_known_good_v0_8_2
Stomach,AJCC7,any,M,M1,Distant metastasis（有遠端轉移）,,checked_v0_7,,protected_curated_gi_definition_from_v0_8_2,protected_known_good_v0_8_2
Stomach,AJCC8,any,T,T0,No evidence of primary tumor（無原發腫瘤證據）,,checked_v0_7,,protected_curated_gi_definition_from_v0_8_2,protected_known_good_v0_8_2
Stomach,AJCC8,any,T,T1,"Tumor invades lamina propria, muscularis mucosae, or submucosa（侵犯固有層、黏膜肌層或黏膜下層）",,checked_v0_7,,protected_curated_gi_definition_from_v0_8_2,protected_known_good_v0_8_2
Stomach,AJCC8,any,T,T1a,Tumor invades lamina propria or muscularis mucosae（侵犯固有層或黏膜肌層）,,checked_v0_7,,protected_curated_gi_definition_from_v0_8_2,protected_known_good_v0_8_2
Stomach,AJCC8,any,T,T1b,Tumor invades submucosa（侵犯黏膜下層）,,checked_v0_7,,protected_curated_gi_definition_from_v0_8_2,protected_known_good_v0_8_2
Stomach,AJCC8,any,T,T2,Tumor invades muscularis propria（侵犯固有肌層）,,checked_v0_7,,protected_curated_gi_definition_from_v0_8_2,protected_known_good_v0_8_2
Stomach,AJCC8,any,T,T3,Tumor penetrates subserosal connective tissue without invasion of visceral peritoneum or adjacent structures（侵犯漿膜下結締組織，未侵犯臟層腹膜或鄰近構造）,,checked_v0_7,,protected_curated_gi_definition_from_v0_8_2,protected_known_good_v0_8_2
Stomach,AJCC8,any,T,T4,Tumor invades serosa/visceral peritoneum or adjacent structures（侵犯漿膜/臟層腹膜或鄰近構造）,,checked_v0_7,,protected_curated_gi_definition_from_v0_8_2,protected_known_good_v0_8_2
Stomach,AJCC8,any,T,T4a,Tumor invades serosa / visceral peritoneum（侵犯漿膜／臟層腹膜）,,checked_v0_7,,protected_curated_gi_definition_from_v0_8_2,protected_known_good_v0_8_2
Stomach,AJCC8,any,T,T4b,Tumor invades adjacent structures（侵犯鄰近構造）,,checked_v0_7,,protected_curated_gi_definition_from_v0_8_2,protected_known_good_v0_8_2
Stomach,AJCC8,any,T,TX,Primary tumor cannot be assessed（原發腫瘤無法評估）,,checked_v0_7,,protected_curated_gi_definition_from_v0_8_2,protected_known_good_v0_8_2
Stomach,AJCC8,any,T,Tis,Carcinoma in situ: intraepithelial tumor without invasion of lamina propria（原位癌；未侵犯固有層）,,checked_v0_7,,protected_curated_gi_definition_from_v0_8_2,protected_known_good_v0_8_2
Stomach,AJCC8,any,N,N0,No regional lymph node metastasis（無區域淋巴結轉移）,,checked_v0_7,,protected_curated_gi_definition_from_v0_8_2,protected_known_good_v0_8_2
Stomach,AJCC8,any,N,N1,Metastasis in 1–2 regional lymph nodes（1–2 顆區域淋巴結轉移）,,checked_v0_7,,protected_curated_gi_definition_from_v0_8_2,protected_known_good_v0_8_2
Stomach,AJCC8,any,N,N2,Metastasis in 3–6 regional lymph nodes（3–6 顆區域淋巴結轉移）,,checked_v0_7,,protected_curated_gi_definition_from_v0_8_2,protected_known_good_v0_8_2
Stomach,AJCC8,any,N,N3,Metastasis in 7 or more regional lymph nodes（≥7 顆區域淋巴結轉移）,,checked_v0_7,,protected_curated_gi_definition_from_v0_8_2,protected_known_good_v0_8_2
Stomach,AJCC8,any,N,N3a,Metastasis in 7–15 regional lymph nodes（7–15 顆區域淋巴結轉移）,,checked_v0_7,,protected_curated_gi_definition_from_v0_8_2,protected_known_good_v0_8_2
Stomach,AJCC8,any,N,N3b,Metastasis in 16 or more regional lymph nodes（≥16 顆區域淋巴結轉移）,,checked_v0_7,,protected_curated_gi_definition_from_v0_8_2,protected_known_good_v0_8_2
Stomach,AJCC8,any,N,NX,Regional lymph nodes cannot be assessed（區域淋巴結無法評估）,,checked_v0_7,,protected_curated_gi_definition_from_v0_8_2,protected_known_good_v0_8_2
Stomach,AJCC8,any,M,M0,No distant metastasis（無遠端轉移）,,checked_v0_7,,protected_curated_gi_definition_from_v0_8_2,protected_known_good_v0_8_2
Stomach,AJCC8,any,M,M1,Distant metastasis（有遠端轉移）,,checked_v0_7,,protected_curated_gi_definition_from_v0_8_2,protected_known_good_v0_8_2
Testis,AJCC7,any,T,T1,Primary tumor category imported from staging table; site-specific definition requires manual review.,No strict table definition was extracted for this site/category. Cancer committee review required.,generic_fallback_v1_6_review_required,,,generated_rule_category_fallback_v1_6
Testis,AJCC7,any,T,T2,Primary tumor category imported from staging table; site-specific definition requires manual review.,No strict table definition was extracted for this site/category. Cancer committee review required.,generic_fallback_v1_6_review_required,,,generated_rule_category_fallback_v1_6
Testis,AJCC7,any,T,T3,Primary tumor category imported from staging table; site-specific definition requires manual review.,No strict table definition was extracted for this site/category. Cancer committee review required.,generic_fallback_v1_6_review_required,,,generated_rule_category_fallback_v1_6
Testis,AJCC7,any,T,T4,Primary tumor category imported from staging table; site-specific definition requires manual review.,No strict table definition was extracted for this site/category. Cancer committee review required.,generic_fallback_v1_6_review_required,,,generated_rule_category_fallback_v1_6
Testis,AJCC7,any,T,Tis,Carcinoma in situ or site-specific in-situ category; site-specific wording requires manual review.,No strict table definition was extracted for this site/category. Cancer committee review required.,generic_fallback_v1_6_review_required,,,generated_rule_category_fallback_v1_6
Testis,AJCC7,any,T,Tx,Primary tumor category imported from staging table; site-specific definition requires manual review.,No strict table definition was extracted for this site/category. Cancer committee review required.,generic_fallback_v1_6_review_required,,,generated_rule_category_fallback_v1_6
Testis,AJCC7,any,N,N0,No regional lymph node metastasis; site-specific wording requires manual review.,No strict table definition was extracted for this site/category. Cancer committee review required.,generic_fallback_v1_6_review_required,,,generated_rule_category_fallback_v1_6
Testis,AJCC7,any,N,N1,Regional lymph node category imported from staging table; site-specific definition requires manual review.,No strict table definition was extracted for this site/category. Cancer committee review required.,generic_fallback_v1_6_review_required,,,generated_rule_category_fallback_v1_6
Testis,AJCC7,any,N,N2,Regional lymph node category imported from staging table; site-specific definition requires manual review.,No strict table definition was extracted for this site/category. Cancer committee review required.,generic_fallback_v1_6_review_required,,,generated_rule_category_fallback_v1_6
Testis,AJCC7,any,N,N3,Regional lymph node category imported from staging table; site-specific definition requires manual review.,No strict table definition was extracted for this site/category. Cancer committee review required.,generic_fallback_v1_6_review_required,,,generated_rule_category_fallback_v1_6
Testis,AJCC7,any,M,M0,No distant metastasis; site-specific wording requires manual review.,No strict table definition was extracted for this site/category. Cancer committee review required.,generic_fallback_v1_6_review_required,,,generated_rule_category_fallback_v1_6
Testis,AJCC7,any,M,M1,Distant metastasis category imported from staging table; site-specific definition requires manual review.,No strict table definition was extracted for this site/category. Cancer committee review required.,generic_fallback_v1_6_review_required,,,generated_rule_category_fallback_v1_6
Testis,AJCC7,any,M,M1a,Distant metastasis category imported from staging table; site-specific definition requires manual review.,No strict table definition was extracted for this site/category. Cancer committee review required.,generic_fallback_v1_6_review_required,,,generated_rule_category_fallback_v1_6
Testis,AJCC7,any,M,M1b,Distant metastasis category imported from staging table; site-specific definition requires manual review.,No strict table definition was extracted for this site/category. Cancer committee review required.,generic_fallback_v1_6_review_required,,,generated_rule_category_fallback_v1_6
Testis,AJCC8,any,T,AnypT,AnypT category imported from staging table; site-specific definition requires manual review.,SURROGATE_GENERIC_AJCC8_DEFINITION_REVIEW_REQUIRED_v1.7: no explicit AJCC8/AJCC7 definition was available in extracted data.,generic_fallback_v1_7_review_required,,,generated_rule_category_fallback_v1_7
Testis,AJCC8,clinical,T,T0,No evidence of primary tumor,,strict_table_extracted_v1_6,193,Definition of Regional Lymph Node (N),strict_table_extraction_v1_6
Testis,AJCC8,pathological,T,T0,No evidence of primary tumor,,strict_table_extracted_v1_6,193,Definition of Regional Lymph Node (N),strict_table_extraction_v1_6
Testis,AJCC8,any,T,T1,Primary tumor category imported from staging table; site-specific definition requires manual review.,No strict table definition was extracted for this site/category. Cancer committee review required. | SURROGATE_AJCC8_DEFINITION_FROM_AJCC7_REVIEW_REQUIRED_v1.7: AJCC8 explicit definition not extractable from uploaded PDF; AJCC7 wording displayed pending cancer committee validation.,fallback_from_AJCC7_for_AJCC8_review_required_v1_7,,,surrogate_definition_from_AJCC7_v1_7
Testis,AJCC8,pathological,T,T1,Tumor limited to testis (including rete testis invasion) without lymphovascular invasion,,strict_table_extracted_v1_6,193,Definition of Regional Lymph Node (N),strict_table_extraction_v1_6
Testis,AJCC8,pathological,T,T1a,Tumor smaller than 3 cm in size,,strict_table_extracted_v1_6,193,Definition of Regional Lymph Node (N),strict_table_extraction_v1_6
Testis,AJCC8,pathological,T,T1b,Tumor 3 cm or larger in size,,strict_table_extracted_v1_6,193,Definition of Regional Lymph Node (N),strict_table_extraction_v1_6
Testis,AJCC8,any,T,T2,Primary tumor category imported from staging table; site-specific definition requires manual review.,No strict table definition was extracted for this site/category. Cancer committee review required. | SURROGATE_AJCC8_DEFINITION_FROM_AJCC7_REVIEW_REQUIRED_v1.7: AJCC8 explicit definition not extractable from uploaded PDF; AJCC7 wording displayed pending cancer committee validation.,fallback_from_AJCC7_for_AJCC8_review_required_v1_7,,,surrogate_definition_from_AJCC7_v1_7
Testis,AJCC8,pathological,T,T2,Tumor limited to testis (including rete testis invasion) with lymphovascular invasion OR Tumor invading hilar soft tissue or epididymis or penetrating visceral mesothelial layer covering the external surface of tunica albuginea with or without lymphovascular invasion,,strict_table_extracted_v1_6,193,Definition of Regional Lymph Node (N),strict_table_extraction_v1_6
Testis,AJCC8,any,T,T3,Primary tumor category imported from staging table; site-specific definition requires manual review.,No strict table definition was extracted for this site/category. Cancer committee review required. | SURROGATE_AJCC8_DEFINITION_FROM_AJCC7_REVIEW_REQUIRED_v1.7: AJCC8 explicit definition not extractable from uploaded PDF; AJCC7 wording displayed pending cancer committee validation.,fallback_from_AJCC7_for_AJCC8_review_required_v1_7,,,surrogate_definition_from_AJCC7_v1_7
Testis,AJCC8,pathological,T,T3,Tumor directly invades spermatic cord soft tissue with or without lymphovascular invasion,,strict_table_extracted_v1_6,193,Definition of Regional Lymph Node (N),strict_table_extraction_v1_6
Testis,AJCC8,any,T,T4,Primary tumor category imported from staging table; site-specific definition requires manual review.,No strict table definition was extracted for this site/category. Cancer committee review required. | SURROGATE_AJCC8_DEFINITION_FROM_AJCC7_REVIEW_REQUIRED_v1.7: AJCC8 explicit definition not extractable from uploaded PDF; AJCC7 wording displayed pending cancer committee validation.,fallback_from_AJCC7_for_AJCC8_review_required_v1_7,,,surrogate_definition_from_AJCC7_v1_7
Testis,AJCC8,clinical,T,T4,Tumor invades scrotum with or without vascular/ lymphatic invasion mary tumor is classified by radical orchiectomy. TX may be used for other categories for clinical staging. Clinical N (cN),,strict_table_extracted_v1_6,193,Definition of Regional Lymph Node (N),strict_table_extraction_v1_6
Testis,AJCC8,pathological,T,T4,Tumor invades scrotum with or without lymphovascular invasion *Subclassification of pT1 applies only to pure seminoma.,,strict_table_extracted_v1_6,193,Definition of Regional Lymph Node (N),strict_table_extraction_v1_6
Testis,AJCC8,clinical,T,TX,Primary tumor cannot be assessed,,strict_table_extracted_v1_6,193,Definition of Regional Lymph Node (N),strict_table_extraction_v1_6
Testis,AJCC8,pathological,T,TX,Primary tumor cannot be assessed,,strict_table_extracted_v1_6,193,Definition of Regional Lymph Node (N),strict_table_extraction_v1_6
Testis,AJCC8,any,T,Tis,Carcinoma in situ or site-specific in-situ category; site-specific wording requires manual review.,No strict table definition was extracted for this site/category. Cancer committee review required. | SURROGATE_AJCC8_DEFINITION_FROM_AJCC7_REVIEW_REQUIRED_v1.7: AJCC8 explicit definition not extractable from uploaded PDF; AJCC7 wording displayed pending cancer committee validation.,fallback_from_AJCC7_for_AJCC8_review_required_v1_7,,,surrogate_definition_from_AJCC7_v1_7
Testis,AJCC8,clinical,T,Tis,Germ cell neoplasia in situ,,strict_table_extracted_v1_6,193,Definition of Regional Lymph Node (N),strict_table_extraction_v1_6
Testis,AJCC8,pathological,T,Tis,Germ cell neoplasia in situ,,strict_table_extracted_v1_6,193,Definition of Regional Lymph Node (N),strict_table_extraction_v1_6
Testis,AJCC8,any,T,Tx,Primary tumor category imported from staging table; site-specific definition requires manual review.,No strict table definition was extracted for this site/category. Cancer committee review required. | SURROGATE_AJCC8_DEFINITION_FROM_AJCC7_REVIEW_REQUIRED_v1.7: AJCC8 explicit definition not extractable from uploaded PDF; AJCC7 wording displayed pending cancer committee validation.,fallback_from_AJCC7_for_AJCC8_review_required_v1_7,,,surrogate_definition_from_AJCC7_v1_7
Testis,AJCC8,any,N,N0,No regional lymph node metastasis; site-specific wording requires manual review.,No strict table definition was extracted for this site/category. Cancer committee review required. | SURROGATE_AJCC8_DEFINITION_FROM_AJCC7_REVIEW_REQUIRED_v1.7: AJCC8 explicit definition not extractable from uploaded PDF; AJCC7 wording displayed pending cancer committee validation.,fallback_from_AJCC7_for_AJCC8_review_required_v1_7,,,surrogate_definition_from_AJCC7_v1_7
Testis,AJCC8,clinical,N,N0,No regional lymph node metastasis,,strict_table_extracted_v1_6,193,Definition of Regional Lymph Node (N),strict_table_extraction_v1_6
Testis,AJCC8,any,N,N1,Regional lymph node category imported from staging table; site-specific definition requires manual review.,No strict table definition was extracted for this site/category. Cancer committee review required. | SURROGATE_AJCC8_DEFINITION_FROM_AJCC7_REVIEW_REQUIRED_v1.7: AJCC8 explicit definition not extractable from uploaded PDF; AJCC7 wording displayed pending cancer committee validation.,fallback_from_AJCC7_for_AJCC8_review_required_v1_7,,,surrogate_definition_from_AJCC7_v1_7
Testis,AJCC8,clinical,N,N1,"Metastasis with a lymph node mass 2 cm or smaller in greatest dimension OR Multiple lymph nodes, none larger than 2 cm in greatest dimension",,strict_table_extracted_v1_6,193,Definition of Regional Lymph Node (N),strict_table_extraction_v1_6
Testis,AJCC8,any,N,N2,Regional lymph node category imported from staging table; site-specific definition requires manual review.,No strict table definition was extracted for this site/category. Cancer committee review required. | SURROGATE_AJCC8_DEFINITION_FROM_AJCC7_REVIEW_REQUIRED_v1.7: AJCC8 explicit definition not extractable from uploaded PDF; AJCC7 wording displayed pending cancer committee validation.,fallback_from_AJCC7_for_AJCC8_review_required_v1_7,,,surrogate_definition_from_AJCC7_v1_7
Testis,AJCC8,clinical,N,N2,"Metastasis with a lymph node mass larger than 2 cm but not larger than 5 cm in greatest dimension OR Multiple lymph nodes, any one mass larger than 2 cm but not larger than 5 cm in greatest dimension",,strict_table_extracted_v1_6,193,Definition of Regional Lymph Node (N),strict_table_extraction_v1_6
Testis,AJCC8,any,N,N3,Regional lymph node category imported from staging table; site-specific definition requires manual review.,No strict table definition was extracted for this site/category. Cancer committee review required. | SURROGATE_AJCC8_DEFINITION_FROM_AJCC7_REVIEW_REQUIRED_v1.7: AJCC8 explicit definition not extractable from uploaded PDF; AJCC7 wording displayed pending cancer committee validation.,fallback_from_AJCC7_for_AJCC8_review_required_v1_7,,,surrogate_definition_from_AJCC7_v1_7
Testis,AJCC8,clinical,N,N3,Metastasis with a lymph node mass larger than 5 cm in greatest dimension Pathological T (pT) pT Criteria,,strict_table_extracted_v1_6,193,Definition of Regional Lymph Node (N),strict_table_extraction_v1_6
Testis,AJCC8,clinical,N,NX,Regional lymph nodes cannot be assessed,,strict_table_extracted_v1_6,193,Definition of Regional Lymph Node (N),strict_table_extraction_v1_6
Testis,AJCC8,any,M,M0,No distant metastasis; site-specific wording requires manual review.,No strict table definition was extracted for this site/category. Cancer committee review required. | SURROGATE_AJCC8_DEFINITION_FROM_AJCC7_REVIEW_REQUIRED_v1.7: AJCC8 explicit definition not extractable from uploaded PDF; AJCC7 wording displayed pending cancer committee validation.,fallback_from_AJCC7_for_AJCC8_review_required_v1_7,,,surrogate_definition_from_AJCC7_v1_7
Testis,AJCC8,any,M,M1,Distant metastasis category imported from staging table; site-specific definition requires manual review.,No strict table definition was extracted for this site/category. Cancer committee review required. | SURROGATE_AJCC8_DEFINITION_FROM_AJCC7_REVIEW_REQUIRED_v1.7: AJCC8 explicit definition not extractable from uploaded PDF; AJCC7 wording displayed pending cancer committee validation.,fallback_from_AJCC7_for_AJCC8_review_required_v1_7,,,surrogate_definition_from_AJCC7_v1_7
Testis,AJCC8,any,M,M1a,Distant metastasis category imported from staging table; site-specific definition requires manual review.,No strict table definition was extracted for this site/category. Cancer committee review required. | SURROGATE_AJCC8_DEFINITION_FROM_AJCC7_REVIEW_REQUIRED_v1.7: AJCC8 explicit definition not extractable from uploaded PDF; AJCC7 wording displayed pending cancer committee validation.,fallback_from_AJCC7_for_AJCC8_review_required_v1_7,,,surrogate_definition_from_AJCC7_v1_7
Testis,AJCC8,any,M,M1b,Distant metastasis category imported from staging table; site-specific definition requires manual review.,No strict table definition was extracted for this site/category. Cancer committee review required. | SURROGATE_AJCC8_DEFINITION_FROM_AJCC7_REVIEW_REQUIRED_v1.7: AJCC8 explicit definition not extractable from uploaded PDF; AJCC7 wording displayed pending cancer committee validation.,fallback_from_AJCC7_for_AJCC8_review_required_v1_7,,,surrogate_definition_from_AJCC7_v1_7
Thyroid - Differentiated and Anaplastic Carcinoma,AJCC8,any,T,T0,No evidence of primary tumor,,strict_table_extracted_v1_6,234,Definition of Primary Tumor (T),strict_table_extraction_v1_6
Thyroid - Differentiated and Anaplastic Carcinoma,AJCC8,any,T,T1,Tumor ≤2 cm in greatest dimension limited to the thyroid,,strict_table_extracted_v1_6,234,Definition of Primary Tumor (T),strict_table_extraction_v1_6
Thyroid - Differentiated and Anaplastic Carcinoma,AJCC8,any,T,T1a,Tumor ≤1 cm in greatest dimension limited to the thyroid,,strict_table_extracted_v1_6,234,Definition of Primary Tumor (T),strict_table_extraction_v1_6
Thyroid - Differentiated and Anaplastic Carcinoma,AJCC8,any,T,T1b,Tumor >1 cm but ≤2 cm in greatest dimension limited to the thyroid,,strict_table_extracted_v1_6,234,Definition of Primary Tumor (T),strict_table_extraction_v1_6
Thyroid - Differentiated and Anaplastic Carcinoma,AJCC8,any,T,T2,Tumor >2 cm but ≤4 cm in greatest dimension limited to the thyroid,,strict_table_extracted_v1_6,234,Definition of Primary Tumor (T),strict_table_extraction_v1_6
Thyroid - Differentiated and Anaplastic Carcinoma,AJCC8,any,T,T3,"Tumor >4 cm limited to the thyroid, or gross extrathyroidal extension invading only strap muscles",,strict_table_extracted_v1_6,234,Definition of Primary Tumor (T),strict_table_extraction_v1_6
Thyroid - Differentiated and Anaplastic Carcinoma,AJCC8,any,T,T3a,Tumor >4 cm limited to the thyroid,,strict_table_extracted_v1_6,234,Definition of Primary Tumor (T),strict_table_extraction_v1_6
Thyroid - Differentiated and Anaplastic Carcinoma,AJCC8,any,T,T3b,"Gross extrathyroidal extension invading only strap muscles (sternohyoid, sternothyroid, thyrohyoid, or omohyoid muscles) from a tumor of any size",,strict_table_extracted_v1_6,234,Definition of Primary Tumor (T),strict_table_extraction_v1_6
Thyroid - Differentiated and Anaplastic Carcinoma,AJCC8,any,T,T4,Includes gross extrathyroidal extension beyond the strap muscles,,strict_table_extracted_v1_6,234,Definition of Primary Tumor (T),strict_table_extraction_v1_6
Thyroid - Differentiated and Anaplastic Carcinoma,AJCC8,any,T,T4a,"Gross extrathyroidal extension invading subcutaneous soft tissues, larynx, trachea, esophagus, or recurrent laryngeal nerve from a tumor of any size",,strict_table_extracted_v1_6,234,Definition of Primary Tumor (T),strict_table_extraction_v1_6
Thyroid - Differentiated and Anaplastic Carcinoma,AJCC8,any,T,T4b,Gross extrathyroidal extension invading prevertebral fascia or encasing the carotid artery or mediastinal vessels from a tumor of any size multifocal tumor (the largest tumor determines the classification).,,strict_table_extracted_v1_6,234,Definition of Primary Tumor (T),strict_table_extraction_v1_6
Thyroid - Differentiated and Anaplastic Carcinoma,AJCC8,any,T,TX,Primary tumor cannot be assessed,,strict_table_extracted_v1_6,234,Definition of Primary Tumor (T),strict_table_extraction_v1_6
Thyroid - Differentiated and Anaplastic Carcinoma,AJCC8,clinical,N,N0,No evidence of locoregional lymph node metastasis N0a One or more cytologically or histologically confirmed benign lymph nodes N0b No radiologic or clinical evidence of locoregional lymph node metastasis,,strict_table_extracted_v1_6,234,Definition of Regional Lymph Node (N),strict_table_extraction_v1_6
Thyroid - Differentiated and Anaplastic Carcinoma,AJCC8,clinical,N,N1,Metastasis to regional nodes,,strict_table_extracted_v1_6,234,Definition of Regional Lymph Node (N),strict_table_extraction_v1_6
Thyroid - Differentiated and Anaplastic Carcinoma,AJCC8,clinical,N,N1a,"Metastasis to level VI or VII (pretracheal, paratracheal, or prelaryngeal/Delphian, or upper mediastinal) lymph nodes. This can be unilateral or bilateral disease.",,strict_table_extracted_v1_6,234,Definition of Regional Lymph Node (N),strict_table_extraction_v1_6
Thyroid - Differentiated and Anaplastic Carcinoma,AJCC8,clinical,N,N1b,"Metastasis to unilateral, bilateral, or contralateral lateral neck lymph nodes (levels I, II, III, IV, or V) or retropharyngeal lymph nodes 73 Thyroid-Differentiated and Anaplastic Carcinoma",,strict_table_extracted_v1_6,234,Definition of Regional Lymph Node (N),strict_table_extraction_v1_6
Thyroid - Differentiated and Anaplastic Carcinoma,AJCC8,any,N,NX,Regional lymph nodes cannot be assessed,,strict_table_extracted_v1_6,234,Definition of Regional Lymph Node (N),strict_table_extraction_v1_6
Thyroid - Differentiated and Anaplastic Carcinoma,AJCC8,any,M,M0,No distant metastasis,,strict_table_extracted_v1_6,235,Definition of Distant Metastasis (M),strict_table_extraction_v1_6
Thyroid - Differentiated and Anaplastic Carcinoma,AJCC8,any,M,M1,Distant metastasis,,strict_table_extracted_v1_6,235,Definition of Distant Metastasis (M),strict_table_extraction_v1_6
Thyroid - Medullary,AJCC8,any,T,T0,No evidence of primary tumor,,strict_table_extracted_v1_6,239,Definition of Primary Tumor (T),strict_table_extraction_v1_6
Thyroid - Medullary,AJCC8,any,T,T1,Tumor ≤2 cm in greatest dimension limited to the thyroid,,strict_table_extracted_v1_6,239,Definition of Primary Tumor (T),strict_table_extraction_v1_6
Thyroid - Medullary,AJCC8,any,T,T1a,Tumor ≤1 cm in greatest dimension limited to the thyroid,,strict_table_extracted_v1_6,239,Definition of Primary Tumor (T),strict_table_extraction_v1_6
Thyroid - Medullary,AJCC8,any,T,T1b,Tumor >1 cm but ≤2 cm in greatest dimension limited to the thyroid,,strict_table_extracted_v1_6,239,Definition of Primary Tumor (T),strict_table_extraction_v1_6
Thyroid - Medullary,AJCC8,any,T,T2,Tumor >2 cm but ≤4 cm in greatest dimension limited to the thyroid,,strict_table_extracted_v1_6,239,Definition of Primary Tumor (T),strict_table_extraction_v1_6
Thyroid - Medullary,AJCC8,any,T,T3,Tumor >4 cm or with extrathyroidal extension,,strict_table_extracted_v1_6,239,Definition of Primary Tumor (T),strict_table_extraction_v1_6
Thyroid - Medullary,AJCC8,any,T,T3a,Tumor >4 cm in greatest dimension limited to the thyroid,,strict_table_extracted_v1_6,239,Definition of Primary Tumor (T),strict_table_extraction_v1_6
Thyroid - Medullary,AJCC8,any,T,T3b,"Tumor of any size with gross extrathyroidal extension invading only strap muscles (sternohyoid, sternothyroid, thyrohyoid or omohyoid muscles)",,strict_table_extracted_v1_6,239,Definition of Primary Tumor (T),strict_table_extraction_v1_6
Thyroid - Medullary,AJCC8,any,T,T4,Advanced disease,,strict_table_extracted_v1_6,239,Definition of Primary Tumor (T),strict_table_extraction_v1_6
Thyroid - Medullary,AJCC8,any,T,T4a,"Moderately advanced disease; tumor of any size with gross extrathyroidal extension into the nearby tissues of the neck, including subcutaneous soft tissue, larynx, trachea, esophagus, or recurrent laryngeal nerve",,strict_table_extracted_v1_6,239,Definition of Primary Tumor (T),strict_table_extraction_v1_6
Thyroid - Medullary,AJCC8,any,T,T4b,"Very advanced disease; tumor of any size with extension toward the spine or into nearby large blood vessels, gross extrathyroidal extension invading the prevertebral fascia, or encasing the carotid artery or mediastinal vessels",,strict_table_extracted_v1_6,239,Definition of Primary Tumor (T),strict_table_extraction_v1_6
Thyroid - Medullary,AJCC8,any,T,TX,Primary tumor cannot be assessed,,strict_table_extracted_v1_6,239,Definition of Primary Tumor (T),strict_table_extraction_v1_6
Thyroid - Medullary,AJCC8,clinical,N,N0,No evidence of locoregional lymph node metastasis N0a One or more cytologically or histologically confirmed benign lymph nodes N0b No radiologic or clinical evidence of locoregional lymph node metastasis,,strict_table_extracted_v1_6,239,Definition of Regional Lymph Node (N),strict_table_extraction_v1_6
Thyroid - Medullary,AJCC8,clinical,N,N1,Metastasis to regional nodes,,strict_table_extracted_v1_6,239,Definition of Regional Lymph Node (N),strict_table_extraction_v1_6
Thyroid - Medullary,AJCC8,clinical,N,N1a,"Metastasis to level VI or VII (pretracheal, paratracheal, or prelaryngeal/Delphian, or upper mediastinal) lymph nodes. This can be unilateral or bilateral disease.",,strict_table_extracted_v1_6,239,Definition of Regional Lymph Node (N),strict_table_extraction_v1_6
Thyroid - Medullary,AJCC8,clinical,N,N1b,"Metastasis to unilateral, bilateral, or contralateral lateral neck lymph nodes levels I, II, III, IV, or V) or retropharyngeal lymph nodes",,strict_table_extracted_v1_6,239,Definition of Regional Lymph Node (N),strict_table_extraction_v1_6
Thyroid - Medullary,AJCC8,any,N,NX,Regional lymph nodes cannot be assessed,,strict_table_extracted_v1_6,239,Definition of Regional Lymph Node (N),strict_table_extraction_v1_6
Thyroid - Medullary,AJCC8,any,M,M0,No distant metastasis,,strict_table_extracted_v1_6,239,Definition of Distant Metastasis (M),strict_table_extraction_v1_6
Thyroid - Medullary,AJCC8,any,M,M1,Distant metastasis,,strict_table_extracted_v1_6,239,Definition of Distant Metastasis (M),strict_table_extraction_v1_6
Thyroid – Anaplastic,AJCC7,any,T,T1,Primary tumor category imported from staging table; site-specific definition requires manual review.,No strict table definition was extracted for this site/category. Cancer committee review required.,generic_fallback_v1_6_review_required,,,generated_rule_category_fallback_v1_6
Thyroid – Anaplastic,AJCC7,any,T,T2,Primary tumor category imported from staging table; site-specific definition requires manual review.,No strict table definition was extracted for this site/category. Cancer committee review required.,generic_fallback_v1_6_review_required,,,generated_rule_category_fallback_v1_6
Thyroid – Anaplastic,AJCC7,any,T,T3,Primary tumor category imported from staging table; site-specific definition requires manual review.,No strict table definition was extracted for this site/category. Cancer committee review required.,generic_fallback_v1_6_review_required,,,generated_rule_category_fallback_v1_6
Thyroid – Anaplastic,AJCC7,any,T,T4a,Primary tumor category imported from staging table; site-specific definition requires manual review.,No strict table definition was extracted for this site/category. Cancer committee review required.,generic_fallback_v1_6_review_required,,,generated_rule_category_fallback_v1_6
Thyroid – Anaplastic,AJCC7,any,T,T4b,Primary tumor category imported from staging table; site-specific definition requires manual review.,No strict table definition was extracted for this site/category. Cancer committee review required.,generic_fallback_v1_6_review_required,,,generated_rule_category_fallback_v1_6
Thyroid – Anaplastic,AJCC7,any,N,N0,No regional lymph node metastasis; site-specific wording requires manual review.,No strict table definition was extracted for this site/category. Cancer committee review required.,generic_fallback_v1_6_review_required,,,generated_rule_category_fallback_v1_6
Thyroid – Anaplastic,AJCC7,any,N,N1a,Regional lymph node category imported from staging table; site-specific definition requires manual review.,No strict table definition was extracted for this site/category. Cancer committee review required.,generic_fallback_v1_6_review_required,,,generated_rule_category_fallback_v1_6
Thyroid – Anaplastic,AJCC7,any,N,N1b,Regional lymph node category imported from staging table; site-specific definition requires manual review.,No strict table definition was extracted for this site/category. Cancer committee review required.,generic_fallback_v1_6_review_required,,,generated_rule_category_fallback_v1_6
Thyroid – Anaplastic,AJCC7,any,M,M0,No distant metastasis; site-specific wording requires manual review.,No strict table definition was extracted for this site/category. Cancer committee review required.,generic_fallback_v1_6_review_required,,,generated_rule_category_fallback_v1_6
Thyroid – Anaplastic,AJCC7,any,M,M1,Distant metastasis category imported from staging table; site-specific definition requires manual review.,No strict table definition was extracted for this site/category. Cancer committee review required.,generic_fallback_v1_6_review_required,,,generated_rule_category_fallback_v1_6
Thyroid – Anaplastic,AJCC8,yp,T,T1-T3a,Primary tumor category imported from staging table; site-specific definition requires manual review.,No strict table definition was extracted for this site/category. Cancer committee review required.,generic_fallback_v1_6_review_required,,,generated_rule_category_fallback_v1_6
Thyroid – Anaplastic,AJCC8,yp,T,T3b,Primary tumor category imported from staging table; site-specific definition requires manual review.,No strict table definition was extracted for this site/category. Cancer committee review required.,generic_fallback_v1_6_review_required,,,generated_rule_category_fallback_v1_6
Thyroid – Anaplastic,AJCC8,yp,T,T4,Primary tumor category imported from staging table; site-specific definition requires manual review.,No strict table definition was extracted for this site/category. Cancer committee review required.,generic_fallback_v1_6_review_required,,,generated_rule_category_fallback_v1_6
Thyroid – Anaplastic,AJCC8,yp,N,N0,No regional lymph node metastasis; site-specific wording requires manual review.,No strict table definition was extracted for this site/category. Cancer committee review required.,generic_fallback_v1_6_review_required,,,generated_rule_category_fallback_v1_6
Thyroid – Anaplastic,AJCC8,yp,N,N1,Regional lymph node category imported from staging table; site-specific definition requires manual review.,No strict table definition was extracted for this site/category. Cancer committee review required.,generic_fallback_v1_6_review_required,,,generated_rule_category_fallback_v1_6
Thyroid – Anaplastic,AJCC8,yp,N,NX,Regional lymph nodes cannot be assessed; site-specific wording requires manual review.,No strict table definition was extracted for this site/category. Cancer committee review required.,generic_fallback_v1_6_review_required,,,generated_rule_category_fallback_v1_6
Thyroid – Anaplastic,AJCC8,yp,M,M0,No distant metastasis; site-specific wording requires manual review.,No strict table definition was extracted for this site/category. Cancer committee review required.,generic_fallback_v1_6_review_required,,,generated_rule_category_fallback_v1_6
Thyroid – Anaplastic,AJCC8,yp,M,M1,Distant metastasis category imported from staging table; site-specific definition requires manual review.,No strict table definition was extracted for this site/category. Cancer committee review required.,generic_fallback_v1_6_review_required,,,generated_rule_category_fallback_v1_6
Thyroid – Differentiated,AJCC7,any,T,T1,Primary tumor category imported from staging table; site-specific definition requires manual review.,No strict table definition was extracted for this site/category. Cancer committee review required.,generic_fallback_v1_6_review_required,,,generated_rule_category_fallback_v1_6
Thyroid – Differentiated,AJCC7,any,T,T2,Primary tumor category imported from staging table; site-specific definition requires manual review.,No strict table definition was extracted for this site/category. Cancer committee review required.,generic_fallback_v1_6_review_required,,,generated_rule_category_fallback_v1_6
Thyroid – Differentiated,AJCC7,any,T,T3,Primary tumor category imported from staging table; site-specific definition requires manual review.,No strict table definition was extracted for this site/category. Cancer committee review required.,generic_fallback_v1_6_review_required,,,generated_rule_category_fallback_v1_6
Thyroid – Differentiated,AJCC7,any,T,T4a,Primary tumor category imported from staging table; site-specific definition requires manual review.,No strict table definition was extracted for this site/category. Cancer committee review required.,generic_fallback_v1_6_review_required,,,generated_rule_category_fallback_v1_6
Thyroid – Differentiated,AJCC7,any,T,T4b,Primary tumor category imported from staging table; site-specific definition requires manual review.,No strict table definition was extracted for this site/category. Cancer committee review required.,generic_fallback_v1_6_review_required,,,generated_rule_category_fallback_v1_6
Thyroid – Differentiated,AJCC7,any,N,N0,No regional lymph node metastasis; site-specific wording requires manual review.,No strict table definition was extracted for this site/category. Cancer committee review required.,generic_fallback_v1_6_review_required,,,generated_rule_category_fallback_v1_6
Thyroid – Differentiated,AJCC7,any,N,N1a,Regional lymph node category imported from staging table; site-specific definition requires manual review.,No strict table definition was extracted for this site/category. Cancer committee review required.,generic_fallback_v1_6_review_required,,,generated_rule_category_fallback_v1_6
Thyroid – Differentiated,AJCC7,any,N,N1b,Regional lymph node category imported from staging table; site-specific definition requires manual review.,No strict table definition was extracted for this site/category. Cancer committee review required.,generic_fallback_v1_6_review_required,,,generated_rule_category_fallback_v1_6
Thyroid – Differentiated,AJCC7,any,M,M0,No distant metastasis; site-specific wording requires manual review.,No strict table definition was extracted for this site/category. Cancer committee review required.,generic_fallback_v1_6_review_required,,,generated_rule_category_fallback_v1_6
Thyroid – Differentiated,AJCC7,any,M,M1,Distant metastasis category imported from staging table; site-specific definition requires manual review.,No strict table definition was extracted for this site/category. Cancer committee review required.,generic_fallback_v1_6_review_required,,,generated_rule_category_fallback_v1_6
Thyroid – Differentiated,AJCC8,yp,T,T1-T3a,Primary tumor category imported from staging table; site-specific definition requires manual review.,No strict table definition was extracted for this site/category. Cancer committee review required.,generic_fallback_v1_6_review_required,,,generated_rule_category_fallback_v1_6
Thyroid – Differentiated,AJCC8,yp,T,T3b,Primary tumor category imported from staging table; site-specific definition requires manual review.,No strict table definition was extracted for this site/category. Cancer committee review required.,generic_fallback_v1_6_review_required,,,generated_rule_category_fallback_v1_6
Thyroid – Differentiated,AJCC8,yp,T,T4,Primary tumor category imported from staging table; site-specific definition requires manual review.,No strict table definition was extracted for this site/category. Cancer committee review required.,generic_fallback_v1_6_review_required,,,generated_rule_category_fallback_v1_6
Thyroid – Differentiated,AJCC8,yp,N,N0,No regional lymph node metastasis; site-specific wording requires manual review.,No strict table definition was extracted for this site/category. Cancer committee review required.,generic_fallback_v1_6_review_required,,,generated_rule_category_fallback_v1_6
Thyroid – Differentiated,AJCC8,yp,N,N1,Regional lymph node category imported from staging table; site-specific definition requires manual review.,No strict table definition was extracted for this site/category. Cancer committee review required.,generic_fallback_v1_6_review_required,,,generated_rule_category_fallback_v1_6
Thyroid – Differentiated,AJCC8,yp,N,NX,Regional lymph nodes cannot be assessed; site-specific wording requires manual review.,No strict table definition was extracted for this site/category. Cancer committee review required.,generic_fallback_v1_6_review_required,,,generated_rule_category_fallback_v1_6
Thyroid – Differentiated,AJCC8,yp,M,M0,No distant metastasis; site-specific wording requires manual review.,No strict table definition was extracted for this site/category. Cancer committee review required.,generic_fallback_v1_6_review_required,,,generated_rule_category_fallback_v1_6
Thyroid – Differentiated,AJCC8,yp,M,M1,Distant metastasis category imported from staging table; site-specific definition requires manual review.,No strict table definition was extracted for this site/category. Cancer committee review required.,generic_fallback_v1_6_review_required,,,generated_rule_category_fallback_v1_6
Thyroid – Medullary,AJCC7,any,T,T1,Primary tumor category imported from staging table; site-specific definition requires manual review.,No strict table definition was extracted for this site/category. Cancer committee review required.,generic_fallback_v1_6_review_required,,,generated_rule_category_fallback_v1_6
Thyroid – Medullary,AJCC7,any,T,T2,Primary tumor category imported from staging table; site-specific definition requires manual review.,No strict table definition was extracted for this site/category. Cancer committee review required.,generic_fallback_v1_6_review_required,,,generated_rule_category_fallback_v1_6
Thyroid – Medullary,AJCC7,any,T,T3,Primary tumor category imported from staging table; site-specific definition requires manual review.,No strict table definition was extracted for this site/category. Cancer committee review required.,generic_fallback_v1_6_review_required,,,generated_rule_category_fallback_v1_6
Thyroid – Medullary,AJCC7,any,T,T4a,Primary tumor category imported from staging table; site-specific definition requires manual review.,No strict table definition was extracted for this site/category. Cancer committee review required.,generic_fallback_v1_6_review_required,,,generated_rule_category_fallback_v1_6
Thyroid – Medullary,AJCC7,any,T,T4b,Primary tumor category imported from staging table; site-specific definition requires manual review.,No strict table definition was extracted for this site/category. Cancer committee review required.,generic_fallback_v1_6_review_required,,,generated_rule_category_fallback_v1_6
Thyroid – Medullary,AJCC7,any,N,N0,No regional lymph node metastasis; site-specific wording requires manual review.,No strict table definition was extracted for this site/category. Cancer committee review required.,generic_fallback_v1_6_review_required,,,generated_rule_category_fallback_v1_6
Thyroid – Medullary,AJCC7,any,N,N1a,Regional lymph node category imported from staging table; site-specific definition requires manual review.,No strict table definition was extracted for this site/category. Cancer committee review required.,generic_fallback_v1_6_review_required,,,generated_rule_category_fallback_v1_6
Thyroid – Medullary,AJCC7,any,N,N1b,Regional lymph node category imported from staging table; site-specific definition requires manual review.,No strict table definition was extracted for this site/category. Cancer committee review required.,generic_fallback_v1_6_review_required,,,generated_rule_category_fallback_v1_6
Thyroid – Medullary,AJCC7,any,M,M0,No distant metastasis; site-specific wording requires manual review.,No strict table definition was extracted for this site/category. Cancer committee review required.,generic_fallback_v1_6_review_required,,,generated_rule_category_fallback_v1_6
Thyroid – Medullary,AJCC7,any,M,M1,Distant metastasis category imported from staging table; site-specific definition requires manual review.,No strict table definition was extracted for this site/category. Cancer committee review required.,generic_fallback_v1_6_review_required,,,generated_rule_category_fallback_v1_6
Thyroid – Medullary,AJCC8,any,T,tothethyroid,Primary tumor category imported from staging table; site-specific definition requires manual review.,No strict table definition was extracted for this site/category. Cancer committee review required.,generic_fallback_v1_6_review_required,,,generated_rule_category_fallback_v1_6
Urethra,AJCC8,any,T,T0,No evidence of primary tumor Ta Non-invasive papillary carcinoma,,strict_table_extracted_v1_6,205,Definition of Regional Lymph Node (N),strict_table_extraction_v1_6
Urethra,AJCC8,any,T,T1,Tumor invades urethral subepithelial connective tissue immediately underlying the urothelium,,strict_table_extracted_v1_6,205,Definition of Regional Lymph Node (N),strict_table_extraction_v1_6
Urethra,AJCC8,any,T,T2,Tumor invades the prostatic stroma surrounding ducts either by direct extension from the urothelial surface or by invasion from prostatic ducts,,strict_table_extracted_v1_6,205,Definition of Regional Lymph Node (N),strict_table_extraction_v1_6
Urethra,AJCC8,any,T,T3,"Tumor invades any of the following: corpus cavernosum, anterior vagina",,strict_table_extracted_v1_6,205,Definition of Regional Lymph Node (N),strict_table_extraction_v1_6
Urethra,AJCC8,any,T,T4,"Tumor invades other adjacent organs (e.g., invasion of the bladder wall) Prostatic Urethra T Definition",,strict_table_extracted_v1_6,205,Definition of Regional Lymph Node (N),strict_table_extraction_v1_6
Urethra,AJCC8,any,T,TX,Primary tumor cannot be assessed,,strict_table_extracted_v1_6,205,Definition of Regional Lymph Node (N),strict_table_extraction_v1_6
Urethra,AJCC8,any,T,Tis,Carcinoma in situ involving the prostatic urethra or periurethral or prostatic ducts without stromal invasion,,strict_table_extracted_v1_6,205,Definition of Regional Lymph Node (N),strict_table_extraction_v1_6
Urethra,AJCC8,any,N,N0,No regional lymph node metastasis,,strict_table_extracted_v1_6,205,Definition of Regional Lymph Node (N),strict_table_extraction_v1_6
Urethra,AJCC8,any,N,N1,"Single regional lymph node metastasis in the inguinal region or true pelvis [perivesical, obturator, internal (hypogastric) and external iliac], or presacral lymph node",,strict_table_extracted_v1_6,205,Definition of Regional Lymph Node (N),strict_table_extraction_v1_6
Urethra,AJCC8,any,N,N2,"Multiple regional lymph node metastasis in the inguinal region or true pelvis [perivesical, obturator, internal (hypogastric) and external iliac], or presacral lymph node When T is… And N is… And M is… Then the stage group is…",,strict_table_extracted_v1_6,205,Definition of Regional Lymph Node (N),strict_table_extraction_v1_6
Urethra,AJCC8,any,N,NX,Regional lymph nodes cannot be assessed,,strict_table_extracted_v1_6,205,Definition of Regional Lymph Node (N),strict_table_extraction_v1_6
Urethra,AJCC8,any,M,M0,No distant metastasis,,strict_table_extracted_v1_6,205,Definition of Distant Metastasis (M),strict_table_extraction_v1_6
Urethra,AJCC8,any,M,M1,IV G Definition LG Low grade HG High grade Male Penile Urethra and Female Urethra,,strict_table_extracted_v1_6,205,Definition of Regional Lymph Node (N),strict_table_extraction_v1_6
Urinary Bladder,AJCC8,any,T,T0,No evidence of primary tumor Ta Non-invasive papillary carcinoma,,strict_table_extracted_v1_6,201,Definition of Primary Tumor (T),strict_table_extraction_v1_6
Urinary Bladder,AJCC8,any,T,T1,Tumor invades lamina propria (subepithelial connective tissue),,strict_table_extracted_v1_6,201,Definition of Primary Tumor (T),strict_table_extraction_v1_6
Urinary Bladder,AJCC8,any,T,T2,Tumor invades muscularis propria,,strict_table_extracted_v1_6,201,Definition of Primary Tumor (T),strict_table_extraction_v1_6
Urinary Bladder,AJCC8,pathological,T,T2a,Tumor invades superficial muscularis propria (inner half),,strict_table_extracted_v1_6,201,Definition of Primary Tumor (T),strict_table_extraction_v1_6
Urinary Bladder,AJCC8,pathological,T,T2b,Tumor invades deep muscularis propria (outer half),,strict_table_extracted_v1_6,201,Definition of Primary Tumor (T),strict_table_extraction_v1_6
Urinary Bladder,AJCC8,any,T,T3,Tumor invades perivesical soft tissue,,strict_table_extracted_v1_6,201,Definition of Primary Tumor (T),strict_table_extraction_v1_6
Urinary Bladder,AJCC8,pathological,T,T3a,Microscopically,,strict_table_extracted_v1_6,201,Definition of Primary Tumor (T),strict_table_extraction_v1_6
Urinary Bladder,AJCC8,pathological,T,T3b,Macroscopically (extravesical mass),,strict_table_extracted_v1_6,201,Definition of Primary Tumor (T),strict_table_extraction_v1_6
Urinary Bladder,AJCC8,any,T,T4,"Extravesical tumor directly invades any of the following: prostatic stroma, seminal vesicles, uterus, vagina, pelvic wall, abdominal wall",,strict_table_extracted_v1_6,201,Definition of Primary Tumor (T),strict_table_extraction_v1_6
Urinary Bladder,AJCC8,any,T,T4a,"Extravesical tumor invades directly into prostatic stroma, seminal vesicles, uterus, vagina",,strict_table_extracted_v1_6,201,Definition of Primary Tumor (T),strict_table_extraction_v1_6
Urinary Bladder,AJCC8,any,T,T4b,"Extravesical tumor invades pelvic wall, abdominal wall",,strict_table_extracted_v1_6,201,Definition of Primary Tumor (T),strict_table_extraction_v1_6
Urinary Bladder,AJCC8,any,T,TX,Primary tumor cannot be assessed,,strict_table_extracted_v1_6,201,Definition of Primary Tumor (T),strict_table_extraction_v1_6
Urinary Bladder,AJCC8,any,T,Tis,Urothelial carcinoma in situ: “flat tumor”,,strict_table_extracted_v1_6,201,Definition of Primary Tumor (T),strict_table_extraction_v1_6
Urinary Bladder,AJCC8,any,N,N0,No lymph node metastasis,,strict_table_extracted_v1_6,202,Definition of Regional Lymph Node (N),strict_table_extraction_v1_6
Urinary Bladder,AJCC8,any,N,N1,"Single regional lymph node metastasis in the true pelvis (perivesical, obturator, internal and external iliac, or sacral lymph node)",,strict_table_extracted_v1_6,202,Definition of Regional Lymph Node (N),strict_table_extraction_v1_6
Urinary Bladder,AJCC8,any,N,N2,"Multiple regional lymph node metastasis in the true pelvis (perivesical, obturator, internal and external iliac, or sacral lymph node metastasis)",,strict_table_extracted_v1_6,202,Definition of Regional Lymph Node (N),strict_table_extraction_v1_6
Urinary Bladder,AJCC8,any,N,N3,Lymph node metastasis to the common iliac lymph nodes,,strict_table_extracted_v1_6,202,Definition of Regional Lymph Node (N),strict_table_extraction_v1_6
Urinary Bladder,AJCC8,any,N,NX,Lymph nodes cannot be assessed,,strict_table_extracted_v1_6,202,Definition of Regional Lymph Node (N),strict_table_extraction_v1_6
Urinary Bladder,AJCC8,any,M,M0,No distant metastasis,,strict_table_extracted_v1_6,202,Definition of Distant Metastasis (M),strict_table_extraction_v1_6
Urinary Bladder,AJCC8,any,M,M1,Distant metastasis,,strict_table_extracted_v1_6,202,Definition of Distant Metastasis (M),strict_table_extraction_v1_6
Urinary Bladder,AJCC8,any,M,M1a,Distant metastasis limited to lymph nodes beyond the common iliacs,,strict_table_extracted_v1_6,202,Definition of Distant Metastasis (M),strict_table_extraction_v1_6
Urinary Bladder,AJCC8,any,M,M1b,Non-lymph-node distant metastases,,strict_table_extracted_v1_6,202,Definition of Distant Metastasis (M),strict_table_extraction_v1_6
Urinary Bladder: Squamous Cell Carcinoma and Adenocarcinoma,AJCC7,any,T,T1,Primary tumor category imported from staging table; site-specific definition requires manual review.,No strict table definition was extracted for this site/category. Cancer committee review required.,generic_fallback_v1_6_review_required,,,generated_rule_category_fallback_v1_6
Urinary Bladder: Squamous Cell Carcinoma and Adenocarcinoma,AJCC7,yp,T,T1,Primary tumor category imported from staging table; site-specific definition requires manual review.,No strict table definition was extracted for this site/category. Cancer committee review required.,generic_fallback_v1_6_review_required,,,generated_rule_category_fallback_v1_6
Urinary Bladder: Squamous Cell Carcinoma and Adenocarcinoma,AJCC7,any,T,T2a,Primary tumor category imported from staging table; site-specific definition requires manual review.,No strict table definition was extracted for this site/category. Cancer committee review required.,generic_fallback_v1_6_review_required,,,generated_rule_category_fallback_v1_6
Urinary Bladder: Squamous Cell Carcinoma and Adenocarcinoma,AJCC7,yp,T,T2a,Primary tumor category imported from staging table; site-specific definition requires manual review.,No strict table definition was extracted for this site/category. Cancer committee review required.,generic_fallback_v1_6_review_required,,,generated_rule_category_fallback_v1_6
Urinary Bladder: Squamous Cell Carcinoma and Adenocarcinoma,AJCC7,any,T,T2b,Primary tumor category imported from staging table; site-specific definition requires manual review.,No strict table definition was extracted for this site/category. Cancer committee review required.,generic_fallback_v1_6_review_required,,,generated_rule_category_fallback_v1_6
Urinary Bladder: Squamous Cell Carcinoma and Adenocarcinoma,AJCC7,yp,T,T2b,Primary tumor category imported from staging table; site-specific definition requires manual review.,No strict table definition was extracted for this site/category. Cancer committee review required.,generic_fallback_v1_6_review_required,,,generated_rule_category_fallback_v1_6
Urinary Bladder: Squamous Cell Carcinoma and Adenocarcinoma,AJCC7,any,T,T3a,Primary tumor category imported from staging table; site-specific definition requires manual review.,No strict table definition was extracted for this site/category. Cancer committee review required.,generic_fallback_v1_6_review_required,,,generated_rule_category_fallback_v1_6
Urinary Bladder: Squamous Cell Carcinoma and Adenocarcinoma,AJCC7,yp,T,T3a,Primary tumor category imported from staging table; site-specific definition requires manual review.,No strict table definition was extracted for this site/category. Cancer committee review required.,generic_fallback_v1_6_review_required,,,generated_rule_category_fallback_v1_6
Urinary Bladder: Squamous Cell Carcinoma and Adenocarcinoma,AJCC7,any,T,T3b,Primary tumor category imported from staging table; site-specific definition requires manual review.,No strict table definition was extracted for this site/category. Cancer committee review required.,generic_fallback_v1_6_review_required,,,generated_rule_category_fallback_v1_6
Urinary Bladder: Squamous Cell Carcinoma and Adenocarcinoma,AJCC7,yp,T,T3b,Primary tumor category imported from staging table; site-specific definition requires manual review.,No strict table definition was extracted for this site/category. Cancer committee review required.,generic_fallback_v1_6_review_required,,,generated_rule_category_fallback_v1_6
Urinary Bladder: Squamous Cell Carcinoma and Adenocarcinoma,AJCC7,any,T,T4a,Primary tumor category imported from staging table; site-specific definition requires manual review.,No strict table definition was extracted for this site/category. Cancer committee review required.,generic_fallback_v1_6_review_required,,,generated_rule_category_fallback_v1_6
Urinary Bladder: Squamous Cell Carcinoma and Adenocarcinoma,AJCC7,yp,T,T4a,Primary tumor category imported from staging table; site-specific definition requires manual review.,No strict table definition was extracted for this site/category. Cancer committee review required.,generic_fallback_v1_6_review_required,,,generated_rule_category_fallback_v1_6
Urinary Bladder: Squamous Cell Carcinoma and Adenocarcinoma,AJCC7,any,T,T4b,Primary tumor category imported from staging table; site-specific definition requires manual review.,No strict table definition was extracted for this site/category. Cancer committee review required.,generic_fallback_v1_6_review_required,,,generated_rule_category_fallback_v1_6
Urinary Bladder: Squamous Cell Carcinoma and Adenocarcinoma,AJCC7,yp,T,T4b,Primary tumor category imported from staging table; site-specific definition requires manual review.,No strict table definition was extracted for this site/category. Cancer committee review required.,generic_fallback_v1_6_review_required,,,generated_rule_category_fallback_v1_6
Urinary Bladder: Squamous Cell Carcinoma and Adenocarcinoma,AJCC7,any,T,Ta,Primary tumor category imported from staging table; site-specific definition requires manual review.,No strict table definition was extracted for this site/category. Cancer committee review required.,generic_fallback_v1_6_review_required,,,generated_rule_category_fallback_v1_6
Urinary Bladder: Squamous Cell Carcinoma and Adenocarcinoma,AJCC7,yp,T,Ta,Primary tumor category imported from staging table; site-specific definition requires manual review.,No strict table definition was extracted for this site/category. Cancer committee review required.,generic_fallback_v1_6_review_required,,,generated_rule_category_fallback_v1_6
Urinary Bladder: Squamous Cell Carcinoma and Adenocarcinoma,AJCC7,any,T,Tis,Carcinoma in situ or site-specific in-situ category; site-specific wording requires manual review.,No strict table definition was extracted for this site/category. Cancer committee review required.,generic_fallback_v1_6_review_required,,,generated_rule_category_fallback_v1_6
Urinary Bladder: Squamous Cell Carcinoma and Adenocarcinoma,AJCC7,yp,T,Tis,Carcinoma in situ or site-specific in-situ category; site-specific wording requires manual review.,No strict table definition was extracted for this site/category. Cancer committee review required.,generic_fallback_v1_6_review_required,,,generated_rule_category_fallback_v1_6
Urinary Bladder: Squamous Cell Carcinoma and Adenocarcinoma,AJCC7,any,N,N0,No regional lymph node metastasis; site-specific wording requires manual review.,No strict table definition was extracted for this site/category. Cancer committee review required.,generic_fallback_v1_6_review_required,,,generated_rule_category_fallback_v1_6
Urinary Bladder: Squamous Cell Carcinoma and Adenocarcinoma,AJCC7,yp,N,N0,No regional lymph node metastasis; site-specific wording requires manual review.,No strict table definition was extracted for this site/category. Cancer committee review required.,generic_fallback_v1_6_review_required,,,generated_rule_category_fallback_v1_6
Urinary Bladder: Squamous Cell Carcinoma and Adenocarcinoma,AJCC7,any,N,N1,Regional lymph node category imported from staging table; site-specific definition requires manual review.,No strict table definition was extracted for this site/category. Cancer committee review required.,generic_fallback_v1_6_review_required,,,generated_rule_category_fallback_v1_6
Urinary Bladder: Squamous Cell Carcinoma and Adenocarcinoma,AJCC7,yp,N,N1,Regional lymph node category imported from staging table; site-specific definition requires manual review.,No strict table definition was extracted for this site/category. Cancer committee review required.,generic_fallback_v1_6_review_required,,,generated_rule_category_fallback_v1_6
Urinary Bladder: Squamous Cell Carcinoma and Adenocarcinoma,AJCC7,any,N,N2,Regional lymph node category imported from staging table; site-specific definition requires manual review.,No strict table definition was extracted for this site/category. Cancer committee review required.,generic_fallback_v1_6_review_required,,,generated_rule_category_fallback_v1_6
Urinary Bladder: Squamous Cell Carcinoma and Adenocarcinoma,AJCC7,yp,N,N2,Regional lymph node category imported from staging table; site-specific definition requires manual review.,No strict table definition was extracted for this site/category. Cancer committee review required.,generic_fallback_v1_6_review_required,,,generated_rule_category_fallback_v1_6
Urinary Bladder: Squamous Cell Carcinoma and Adenocarcinoma,AJCC7,any,N,N3,Regional lymph node category imported from staging table; site-specific definition requires manual review.,No strict table definition was extracted for this site/category. Cancer committee review required.,generic_fallback_v1_6_review_required,,,generated_rule_category_fallback_v1_6
Urinary Bladder: Squamous Cell Carcinoma and Adenocarcinoma,AJCC7,yp,N,N3,Regional lymph node category imported from staging table; site-specific definition requires manual review.,No strict table definition was extracted for this site/category. Cancer committee review required.,generic_fallback_v1_6_review_required,,,generated_rule_category_fallback_v1_6
Urinary Bladder: Squamous Cell Carcinoma and Adenocarcinoma,AJCC7,any,M,M0,No distant metastasis; site-specific wording requires manual review.,No strict table definition was extracted for this site/category. Cancer committee review required.,generic_fallback_v1_6_review_required,,,generated_rule_category_fallback_v1_6
Urinary Bladder: Squamous Cell Carcinoma and Adenocarcinoma,AJCC7,yp,M,M0,No distant metastasis; site-specific wording requires manual review.,No strict table definition was extracted for this site/category. Cancer committee review required.,generic_fallback_v1_6_review_required,,,generated_rule_category_fallback_v1_6
Urinary Bladder: Squamous Cell Carcinoma and Adenocarcinoma,AJCC7,any,M,M1,Distant metastasis category imported from staging table; site-specific definition requires manual review.,No strict table definition was extracted for this site/category. Cancer committee review required.,generic_fallback_v1_6_review_required,,,generated_rule_category_fallback_v1_6
Urinary Bladder: Squamous Cell Carcinoma and Adenocarcinoma,AJCC7,yp,M,M1,Distant metastasis category imported from staging table; site-specific definition requires manual review.,No strict table definition was extracted for this site/category. Cancer committee review required.,generic_fallback_v1_6_review_required,,,generated_rule_category_fallback_v1_6
Urinary Bladder: Squamous Cell Carcinoma and Adenocarcinoma,AJCC8,yp,T,T1,Primary tumor category imported from staging table; site-specific definition requires manual review.,No strict table definition was extracted for this site/category. Cancer committee review required.,generic_fallback_v1_6_review_required,,,generated_rule_category_fallback_v1_6
Urinary Bladder: Squamous Cell Carcinoma and Adenocarcinoma,AJCC8,yp,T,T1-T4a,Primary tumor category imported from staging table; site-specific definition requires manual review.,No strict table definition was extracted for this site/category. Cancer committee review required.,generic_fallback_v1_6_review_required,,,generated_rule_category_fallback_v1_6
Urinary Bladder: Squamous Cell Carcinoma and Adenocarcinoma,AJCC8,yp,T,T2a,Primary tumor category imported from staging table; site-specific definition requires manual review.,No strict table definition was extracted for this site/category. Cancer committee review required.,generic_fallback_v1_6_review_required,,,generated_rule_category_fallback_v1_6
Urinary Bladder: Squamous Cell Carcinoma and Adenocarcinoma,AJCC8,yp,T,T2b,Primary tumor category imported from staging table; site-specific definition requires manual review.,No strict table definition was extracted for this site/category. Cancer committee review required.,generic_fallback_v1_6_review_required,,,generated_rule_category_fallback_v1_6
Urinary Bladder: Squamous Cell Carcinoma and Adenocarcinoma,AJCC8,yp,T,T3a,Primary tumor category imported from staging table; site-specific definition requires manual review.,No strict table definition was extracted for this site/category. Cancer committee review required.,generic_fallback_v1_6_review_required,,,generated_rule_category_fallback_v1_6
Urinary Bladder: Squamous Cell Carcinoma and Adenocarcinoma,AJCC8,yp,T,T3b,Primary tumor category imported from staging table; site-specific definition requires manual review.,No strict table definition was extracted for this site/category. Cancer committee review required.,generic_fallback_v1_6_review_required,,,generated_rule_category_fallback_v1_6
Urinary Bladder: Squamous Cell Carcinoma and Adenocarcinoma,AJCC8,yp,T,T4a,Primary tumor category imported from staging table; site-specific definition requires manual review.,No strict table definition was extracted for this site/category. Cancer committee review required.,generic_fallback_v1_6_review_required,,,generated_rule_category_fallback_v1_6
Urinary Bladder: Squamous Cell Carcinoma and Adenocarcinoma,AJCC8,yp,T,T4b,Primary tumor category imported from staging table; site-specific definition requires manual review.,No strict table definition was extracted for this site/category. Cancer committee review required.,generic_fallback_v1_6_review_required,,,generated_rule_category_fallback_v1_6
Urinary Bladder: Squamous Cell Carcinoma and Adenocarcinoma,AJCC8,yp,T,Ta,Primary tumor category imported from staging table; site-specific definition requires manual review.,No strict table definition was extracted for this site/category. Cancer committee review required.,generic_fallback_v1_6_review_required,,,generated_rule_category_fallback_v1_6
Urinary Bladder: Squamous Cell Carcinoma and Adenocarcinoma,AJCC8,yp,T,Tis,Carcinoma in situ or site-specific in-situ category; site-specific wording requires manual review.,No strict table definition was extracted for this site/category. Cancer committee review required.,generic_fallback_v1_6_review_required,,,generated_rule_category_fallback_v1_6
Urinary Bladder: Squamous Cell Carcinoma and Adenocarcinoma,AJCC8,yp,N,N0,No regional lymph node metastasis; site-specific wording requires manual review.,No strict table definition was extracted for this site/category. Cancer committee review required.,generic_fallback_v1_6_review_required,,,generated_rule_category_fallback_v1_6
Urinary Bladder: Squamous Cell Carcinoma and Adenocarcinoma,AJCC8,yp,N,N1,Regional lymph node category imported from staging table; site-specific definition requires manual review.,No strict table definition was extracted for this site/category. Cancer committee review required.,generic_fallback_v1_6_review_required,,,generated_rule_category_fallback_v1_6
Urinary Bladder: Squamous Cell Carcinoma and Adenocarcinoma,AJCC8,yp,N,N2,Regional lymph node category imported from staging table; site-specific definition requires manual review.,No strict table definition was extracted for this site/category. Cancer committee review required.,generic_fallback_v1_6_review_required,,,generated_rule_category_fallback_v1_6
Urinary Bladder: Squamous Cell Carcinoma and Adenocarcinoma,AJCC8,yp,N,N3,Regional lymph node category imported from staging table; site-specific definition requires manual review.,No strict table definition was extracted for this site/category. Cancer committee review required.,generic_fallback_v1_6_review_required,,,generated_rule_category_fallback_v1_6
Urinary Bladder: Squamous Cell Carcinoma and Adenocarcinoma,AJCC8,yp,M,M0,No distant metastasis; site-specific wording requires manual review.,No strict table definition was extracted for this site/category. Cancer committee review required.,generic_fallback_v1_6_review_required,,,generated_rule_category_fallback_v1_6
Urinary Bladder: Squamous Cell Carcinoma and Adenocarcinoma,AJCC8,yp,M,M1a,Distant metastasis category imported from staging table; site-specific definition requires manual review.,No strict table definition was extracted for this site/category. Cancer committee review required.,generic_fallback_v1_6_review_required,,,generated_rule_category_fallback_v1_6
Urinary Bladder: Squamous Cell Carcinoma and Adenocarcinoma,AJCC8,yp,M,M1b,Distant metastasis category imported from staging table; site-specific definition requires manual review.,No strict table definition was extracted for this site/category. Cancer committee review required.,generic_fallback_v1_6_review_required,,,generated_rule_category_fallback_v1_6
Urinary Bladder: Urothelial Carcinomas,AJCC7,any,T,T1,Primary tumor category imported from staging table; site-specific definition requires manual review.,No strict table definition was extracted for this site/category. Cancer committee review required.,generic_fallback_v1_6_review_required,,,generated_rule_category_fallback_v1_6
Urinary Bladder: Urothelial Carcinomas,AJCC7,yp,T,T1,Primary tumor category imported from staging table; site-specific definition requires manual review.,No strict table definition was extracted for this site/category. Cancer committee review required.,generic_fallback_v1_6_review_required,,,generated_rule_category_fallback_v1_6
Urinary Bladder: Urothelial Carcinomas,AJCC7,any,T,T2a,Primary tumor category imported from staging table; site-specific definition requires manual review.,No strict table definition was extracted for this site/category. Cancer committee review required.,generic_fallback_v1_6_review_required,,,generated_rule_category_fallback_v1_6
Urinary Bladder: Urothelial Carcinomas,AJCC7,yp,T,T2a,Primary tumor category imported from staging table; site-specific definition requires manual review.,No strict table definition was extracted for this site/category. Cancer committee review required.,generic_fallback_v1_6_review_required,,,generated_rule_category_fallback_v1_6
Urinary Bladder: Urothelial Carcinomas,AJCC7,any,T,T2b,Primary tumor category imported from staging table; site-specific definition requires manual review.,No strict table definition was extracted for this site/category. Cancer committee review required.,generic_fallback_v1_6_review_required,,,generated_rule_category_fallback_v1_6
Urinary Bladder: Urothelial Carcinomas,AJCC7,yp,T,T2b,Primary tumor category imported from staging table; site-specific definition requires manual review.,No strict table definition was extracted for this site/category. Cancer committee review required.,generic_fallback_v1_6_review_required,,,generated_rule_category_fallback_v1_6
Urinary Bladder: Urothelial Carcinomas,AJCC7,any,T,T3a,Primary tumor category imported from staging table; site-specific definition requires manual review.,No strict table definition was extracted for this site/category. Cancer committee review required.,generic_fallback_v1_6_review_required,,,generated_rule_category_fallback_v1_6
Urinary Bladder: Urothelial Carcinomas,AJCC7,yp,T,T3a,Primary tumor category imported from staging table; site-specific definition requires manual review.,No strict table definition was extracted for this site/category. Cancer committee review required.,generic_fallback_v1_6_review_required,,,generated_rule_category_fallback_v1_6
Urinary Bladder: Urothelial Carcinomas,AJCC7,any,T,T3b,Primary tumor category imported from staging table; site-specific definition requires manual review.,No strict table definition was extracted for this site/category. Cancer committee review required.,generic_fallback_v1_6_review_required,,,generated_rule_category_fallback_v1_6
Urinary Bladder: Urothelial Carcinomas,AJCC7,yp,T,T3b,Primary tumor category imported from staging table; site-specific definition requires manual review.,No strict table definition was extracted for this site/category. Cancer committee review required.,generic_fallback_v1_6_review_required,,,generated_rule_category_fallback_v1_6
Urinary Bladder: Urothelial Carcinomas,AJCC7,any,T,T4a,Primary tumor category imported from staging table; site-specific definition requires manual review.,No strict table definition was extracted for this site/category. Cancer committee review required.,generic_fallback_v1_6_review_required,,,generated_rule_category_fallback_v1_6
Urinary Bladder: Urothelial Carcinomas,AJCC7,yp,T,T4a,Primary tumor category imported from staging table; site-specific definition requires manual review.,No strict table definition was extracted for this site/category. Cancer committee review required.,generic_fallback_v1_6_review_required,,,generated_rule_category_fallback_v1_6
Urinary Bladder: Urothelial Carcinomas,AJCC7,any,T,T4b,Primary tumor category imported from staging table; site-specific definition requires manual review.,No strict table definition was extracted for this site/category. Cancer committee review required.,generic_fallback_v1_6_review_required,,,generated_rule_category_fallback_v1_6
Urinary Bladder: Urothelial Carcinomas,AJCC7,yp,T,T4b,Primary tumor category imported from staging table; site-specific definition requires manual review.,No strict table definition was extracted for this site/category. Cancer committee review required.,generic_fallback_v1_6_review_required,,,generated_rule_category_fallback_v1_6
Urinary Bladder: Urothelial Carcinomas,AJCC7,any,T,Ta,Primary tumor category imported from staging table; site-specific definition requires manual review.,No strict table definition was extracted for this site/category. Cancer committee review required.,generic_fallback_v1_6_review_required,,,generated_rule_category_fallback_v1_6
Urinary Bladder: Urothelial Carcinomas,AJCC7,yp,T,Ta,Primary tumor category imported from staging table; site-specific definition requires manual review.,No strict table definition was extracted for this site/category. Cancer committee review required.,generic_fallback_v1_6_review_required,,,generated_rule_category_fallback_v1_6
Urinary Bladder: Urothelial Carcinomas,AJCC7,any,T,Tis,Carcinoma in situ or site-specific in-situ category; site-specific wording requires manual review.,No strict table definition was extracted for this site/category. Cancer committee review required.,generic_fallback_v1_6_review_required,,,generated_rule_category_fallback_v1_6
Urinary Bladder: Urothelial Carcinomas,AJCC7,yp,T,Tis,Carcinoma in situ or site-specific in-situ category; site-specific wording requires manual review.,No strict table definition was extracted for this site/category. Cancer committee review required.,generic_fallback_v1_6_review_required,,,generated_rule_category_fallback_v1_6
Urinary Bladder: Urothelial Carcinomas,AJCC7,any,N,N0,No regional lymph node metastasis; site-specific wording requires manual review.,No strict table definition was extracted for this site/category. Cancer committee review required.,generic_fallback_v1_6_review_required,,,generated_rule_category_fallback_v1_6
Urinary Bladder: Urothelial Carcinomas,AJCC7,yp,N,N0,No regional lymph node metastasis; site-specific wording requires manual review.,No strict table definition was extracted for this site/category. Cancer committee review required.,generic_fallback_v1_6_review_required,,,generated_rule_category_fallback_v1_6
Urinary Bladder: Urothelial Carcinomas,AJCC7,any,N,N1,Regional lymph node category imported from staging table; site-specific definition requires manual review.,No strict table definition was extracted for this site/category. Cancer committee review required.,generic_fallback_v1_6_review_required,,,generated_rule_category_fallback_v1_6
Urinary Bladder: Urothelial Carcinomas,AJCC7,yp,N,N1,Regional lymph node category imported from staging table; site-specific definition requires manual review.,No strict table definition was extracted for this site/category. Cancer committee review required.,generic_fallback_v1_6_review_required,,,generated_rule_category_fallback_v1_6
Urinary Bladder: Urothelial Carcinomas,AJCC7,any,N,N2,Regional lymph node category imported from staging table; site-specific definition requires manual review.,No strict table definition was extracted for this site/category. Cancer committee review required.,generic_fallback_v1_6_review_required,,,generated_rule_category_fallback_v1_6
Urinary Bladder: Urothelial Carcinomas,AJCC7,yp,N,N2,Regional lymph node category imported from staging table; site-specific definition requires manual review.,No strict table definition was extracted for this site/category. Cancer committee review required.,generic_fallback_v1_6_review_required,,,generated_rule_category_fallback_v1_6
Urinary Bladder: Urothelial Carcinomas,AJCC7,any,N,N3,Regional lymph node category imported from staging table; site-specific definition requires manual review.,No strict table definition was extracted for this site/category. Cancer committee review required.,generic_fallback_v1_6_review_required,,,generated_rule_category_fallback_v1_6
Urinary Bladder: Urothelial Carcinomas,AJCC7,yp,N,N3,Regional lymph node category imported from staging table; site-specific definition requires manual review.,No strict table definition was extracted for this site/category. Cancer committee review required.,generic_fallback_v1_6_review_required,,,generated_rule_category_fallback_v1_6
Urinary Bladder: Urothelial Carcinomas,AJCC7,any,M,M0,No distant metastasis; site-specific wording requires manual review.,No strict table definition was extracted for this site/category. Cancer committee review required.,generic_fallback_v1_6_review_required,,,generated_rule_category_fallback_v1_6
Urinary Bladder: Urothelial Carcinomas,AJCC7,yp,M,M0,No distant metastasis; site-specific wording requires manual review.,No strict table definition was extracted for this site/category. Cancer committee review required.,generic_fallback_v1_6_review_required,,,generated_rule_category_fallback_v1_6
Urinary Bladder: Urothelial Carcinomas,AJCC7,any,M,M1,Distant metastasis category imported from staging table; site-specific definition requires manual review.,No strict table definition was extracted for this site/category. Cancer committee review required.,generic_fallback_v1_6_review_required,,,generated_rule_category_fallback_v1_6
Urinary Bladder: Urothelial Carcinomas,AJCC7,yp,M,M1,Distant metastasis category imported from staging table; site-specific definition requires manual review.,No strict table definition was extracted for this site/category. Cancer committee review required.,generic_fallback_v1_6_review_required,,,generated_rule_category_fallback_v1_6
Urinary Bladder: Urothelial Carcinomas,AJCC8,yp,T,T1,Primary tumor category imported from staging table; site-specific definition requires manual review.,No strict table definition was extracted for this site/category. Cancer committee review required.,generic_fallback_v1_6_review_required,,,generated_rule_category_fallback_v1_6
Urinary Bladder: Urothelial Carcinomas,AJCC8,yp,T,T1-T4a,Primary tumor category imported from staging table; site-specific definition requires manual review.,No strict table definition was extracted for this site/category. Cancer committee review required.,generic_fallback_v1_6_review_required,,,generated_rule_category_fallback_v1_6
Urinary Bladder: Urothelial Carcinomas,AJCC8,yp,T,T2a,Primary tumor category imported from staging table; site-specific definition requires manual review.,No strict table definition was extracted for this site/category. Cancer committee review required.,generic_fallback_v1_6_review_required,,,generated_rule_category_fallback_v1_6
Urinary Bladder: Urothelial Carcinomas,AJCC8,yp,T,T2b,Primary tumor category imported from staging table; site-specific definition requires manual review.,No strict table definition was extracted for this site/category. Cancer committee review required.,generic_fallback_v1_6_review_required,,,generated_rule_category_fallback_v1_6
Urinary Bladder: Urothelial Carcinomas,AJCC8,yp,T,T3a,Primary tumor category imported from staging table; site-specific definition requires manual review.,No strict table definition was extracted for this site/category. Cancer committee review required.,generic_fallback_v1_6_review_required,,,generated_rule_category_fallback_v1_6
Urinary Bladder: Urothelial Carcinomas,AJCC8,yp,T,T3b,Primary tumor category imported from staging table; site-specific definition requires manual review.,No strict table definition was extracted for this site/category. Cancer committee review required.,generic_fallback_v1_6_review_required,,,generated_rule_category_fallback_v1_6
Urinary Bladder: Urothelial Carcinomas,AJCC8,yp,T,T4a,Primary tumor category imported from staging table; site-specific definition requires manual review.,No strict table definition was extracted for this site/category. Cancer committee review required.,generic_fallback_v1_6_review_required,,,generated_rule_category_fallback_v1_6
Urinary Bladder: Urothelial Carcinomas,AJCC8,yp,T,T4b,Primary tumor category imported from staging table; site-specific definition requires manual review.,No strict table definition was extracted for this site/category. Cancer committee review required.,generic_fallback_v1_6_review_required,,,generated_rule_category_fallback_v1_6
Urinary Bladder: Urothelial Carcinomas,AJCC8,yp,T,Ta,Primary tumor category imported from staging table; site-specific definition requires manual review.,No strict table definition was extracted for this site/category. Cancer committee review required.,generic_fallback_v1_6_review_required,,,generated_rule_category_fallback_v1_6
Urinary Bladder: Urothelial Carcinomas,AJCC8,yp,T,Tis,Carcinoma in situ or site-specific in-situ category; site-specific wording requires manual review.,No strict table definition was extracted for this site/category. Cancer committee review required.,generic_fallback_v1_6_review_required,,,generated_rule_category_fallback_v1_6
Urinary Bladder: Urothelial Carcinomas,AJCC8,yp,N,N0,No regional lymph node metastasis; site-specific wording requires manual review.,No strict table definition was extracted for this site/category. Cancer committee review required.,generic_fallback_v1_6_review_required,,,generated_rule_category_fallback_v1_6
Urinary Bladder: Urothelial Carcinomas,AJCC8,yp,N,N1,Regional lymph node category imported from staging table; site-specific definition requires manual review.,No strict table definition was extracted for this site/category. Cancer committee review required.,generic_fallback_v1_6_review_required,,,generated_rule_category_fallback_v1_6
Urinary Bladder: Urothelial Carcinomas,AJCC8,yp,N,N2,Regional lymph node category imported from staging table; site-specific definition requires manual review.,No strict table definition was extracted for this site/category. Cancer committee review required.,generic_fallback_v1_6_review_required,,,generated_rule_category_fallback_v1_6
Urinary Bladder: Urothelial Carcinomas,AJCC8,yp,N,N3,Regional lymph node category imported from staging table; site-specific definition requires manual review.,No strict table definition was extracted for this site/category. Cancer committee review required.,generic_fallback_v1_6_review_required,,,generated_rule_category_fallback_v1_6
Urinary Bladder: Urothelial Carcinomas,AJCC8,yp,M,M0,No distant metastasis; site-specific wording requires manual review.,No strict table definition was extracted for this site/category. Cancer committee review required.,generic_fallback_v1_6_review_required,,,generated_rule_category_fallback_v1_6
Urinary Bladder: Urothelial Carcinomas,AJCC8,yp,M,M1a,Distant metastasis category imported from staging table; site-specific definition requires manual review.,No strict table definition was extracted for this site/category. Cancer committee review required.,generic_fallback_v1_6_review_required,,,generated_rule_category_fallback_v1_6
Urinary Bladder: Urothelial Carcinomas,AJCC8,yp,M,M1b,Distant metastasis category imported from staging table; site-specific definition requires manual review.,No strict table definition was extracted for this site/category. Cancer committee review required.,generic_fallback_v1_6_review_required,,,generated_rule_category_fallback_v1_6
Uveal Melanoma,AJCC8,any,T,T0,No evidence of primary tumor,,strict_table_extracted_v1_6,215,Definition of Primary Tumor (T),strict_table_extraction_v1_6
Uveal Melanoma,AJCC8,any,T,T1,Tumor limited to the iris,,strict_table_extracted_v1_6,215,Definition of Primary Tumor (T),strict_table_extraction_v1_6
Uveal Melanoma,AJCC8,any,T,T1a,Tumor size category 1 without ciliary body involvement and extraocular extension,,strict_table_extracted_v1_6,215,Definition of Primary Tumor (T),strict_table_extraction_v1_6
Uveal Melanoma,AJCC8,any,T,T1b,"Tumor limited to the iris, more than 3 clock hours in size",,strict_table_extracted_v1_6,215,Definition of Primary Tumor (T),strict_table_extraction_v1_6
Uveal Melanoma,AJCC8,any,T,T1c,Tumor size category 1 without ciliary body involvement but with extraocular extension ≤5 mm in largest diameter,,strict_table_extracted_v1_6,215,Definition of Primary Tumor (T),strict_table_extraction_v1_6
Uveal Melanoma,AJCC8,any,T,T1d,Tumor size category 1 with ciliary body involvement and extraocular extension ≤5 mm in largest diameter,,strict_table_extracted_v1_6,215,Definition of Primary Tumor (T),strict_table_extraction_v1_6
Uveal Melanoma,AJCC8,any,T,T2,"Tumor confluent with or extending into the ciliary body, choroid, or both",,strict_table_extracted_v1_6,215,Definition of Primary Tumor (T),strict_table_extraction_v1_6
Uveal Melanoma,AJCC8,any,T,T2a,"Tumor confluent with or extending into the ciliary body, without secondary glaucoma",,strict_table_extracted_v1_6,215,Definition of Primary Tumor (T),strict_table_extraction_v1_6
Uveal Melanoma,AJCC8,any,T,T2b,"Tumor confluent with or extending into the ciliary body and choroid, without secondary glaucoma",,strict_table_extracted_v1_6,215,Definition of Primary Tumor (T),strict_table_extraction_v1_6
Uveal Melanoma,AJCC8,any,T,T2c,Tumor size category 2 without ciliary body involvement but with extraocular extension ≤5 mm in largest diameter T2d Tumor size category 2 with ciliary body involvement and extraocular extension ≤5 mm in largest diameter,,strict_table_extracted_v1_6,215,Definition of Primary Tumor (T),strict_table_extraction_v1_6
Uveal Melanoma,AJCC8,any,T,T3,"Tumor confluent with or extending into the ciliary body, choroid, or both, with scleral extension",,strict_table_extracted_v1_6,215,Definition of Primary Tumor (T),strict_table_extraction_v1_6
Uveal Melanoma,AJCC8,any,T,T3a,Tumor size category 3 without ciliary body involvement and extraocular extension,,strict_table_extracted_v1_6,215,Definition of Primary Tumor (T),strict_table_extraction_v1_6
Uveal Melanoma,AJCC8,any,T,T3b,Tumor size category 3 with ciliary body involvement,,strict_table_extracted_v1_6,215,Definition of Primary Tumor (T),strict_table_extraction_v1_6
Uveal Melanoma,AJCC8,any,T,T3c,Tumor size category 3 without ciliary body involvement but with extraocular extension ≤5 mm in largest diameter,,strict_table_extracted_v1_6,215,Definition of Primary Tumor (T),strict_table_extraction_v1_6
Uveal Melanoma,AJCC8,any,T,T3d,Tumor size category 3 with ciliary body involvement and extraocular extension ≤5 mm in largest diameter,,strict_table_extracted_v1_6,215,Definition of Primary Tumor (T),strict_table_extraction_v1_6
Uveal Melanoma,AJCC8,any,T,T4,Tumor with extrascleral extension,,strict_table_extracted_v1_6,215,Definition of Primary Tumor (T),strict_table_extraction_v1_6
Uveal Melanoma,AJCC8,any,T,T4a,Tumor size category 4 without ciliary body involvement and extraocular extension,,strict_table_extracted_v1_6,215,Definition of Primary Tumor (T),strict_table_extraction_v1_6
Uveal Melanoma,AJCC8,any,T,T4b,"Tumor with extrascleral extension >5 mm in largest diameter this region of the uvea. If less than half the tumor volume is located within the iris, the tumor may have originated in the ciliary body, and consideration should be given to classifying it accordingly. Choroidal and Ciliary Body Melanomas",,strict_table_extracted_v1_6,215,Definition of Primary Tumor (T),strict_table_extraction_v1_6
Uveal Melanoma,AJCC8,any,T,T4c,Tumor size category 4 without ciliary body involvement but with extraocular extension ≤5 mm in largest diameter,,strict_table_extracted_v1_6,215,Definition of Primary Tumor (T),strict_table_extraction_v1_6
Uveal Melanoma,AJCC8,any,T,T4d,Tumor size category 4 with ciliary body involvement and extraocular extension ≤5 mm in largest diameter T4e Any tumor size category with extraocular extension >5 mm in largest diameter,,strict_table_extracted_v1_6,215,Definition of Primary Tumor (T),strict_table_extraction_v1_6
Uveal Melanoma,AJCC8,any,T,TX,Primary tumor cannot be assessed,,strict_table_extracted_v1_6,215,Definition of Primary Tumor (T),strict_table_extraction_v1_6
Uveal Melanoma,AJCC8,any,N,N0,No regional lymph node involvement,,strict_table_extracted_v1_6,216,Definition of Regional Lymph Node (N),strict_table_extraction_v1_6
Uveal Melanoma,AJCC8,any,N,N1,Regional lymph node metastases or discrete tumor deposits in the orbit,,strict_table_extracted_v1_6,216,Definition of Regional Lymph Node (N),strict_table_extraction_v1_6
Uveal Melanoma,AJCC8,any,N,N1a,Metastasis in one or more regional lymph node(s),,strict_table_extracted_v1_6,216,Definition of Regional Lymph Node (N),strict_table_extraction_v1_6
Uveal Melanoma,AJCC8,any,N,N1b,"No regional lymph nodes are positive, but there are discrete tumor deposits in the orbit that are not contiguous to the eye (choroidal and ciliary body).",,strict_table_extracted_v1_6,216,Definition of Regional Lymph Node (N),strict_table_extraction_v1_6
Uveal Melanoma,AJCC8,any,N,NX,Regional lymph nodes cannot be assessed,,strict_table_extracted_v1_6,216,Definition of Regional Lymph Node (N),strict_table_extraction_v1_6
Uveal Melanoma,AJCC8,clinical,M,M0,No distant metastasis by clinical classification,,strict_table_extracted_v1_6,216,Definition of Distant Metastasis (M),strict_table_extraction_v1_6
Uveal Melanoma,AJCC8,clinical,M,M1,Distant metastasis,,strict_table_extracted_v1_6,216,Definition of Distant Metastasis (M),strict_table_extraction_v1_6
Uveal Melanoma,AJCC8,clinical,M,M1a,Largest diameter of the largest metastasis ≤3.0 cm,,strict_table_extracted_v1_6,216,Definition of Distant Metastasis (M),strict_table_extraction_v1_6
Uveal Melanoma,AJCC8,clinical,M,M1b,Largest diameter of the largest metastasis 3.1-8.0 cm,,strict_table_extracted_v1_6,216,Definition of Distant Metastasis (M),strict_table_extraction_v1_6
Uveal Melanoma,AJCC8,clinical,M,M1c,Largest diameter of the largest metastasis ≥8.1 cm,,strict_table_extracted_v1_6,216,Definition of Distant Metastasis (M),strict_table_extraction_v1_6
Uveal Melanoma – Choroidal and Ciliary Body Melanoma,AJCC7,any,T,T1a,Primary tumor category imported from staging table; site-specific definition requires manual review.,No strict table definition was extracted for this site/category. Cancer committee review required.,generic_fallback_v1_6_review_required,,,generated_rule_category_fallback_v1_6
Uveal Melanoma – Choroidal and Ciliary Body Melanoma,AJCC7,yp,T,T1a,Primary tumor category imported from staging table; site-specific definition requires manual review.,No strict table definition was extracted for this site/category. Cancer committee review required.,generic_fallback_v1_6_review_required,,,generated_rule_category_fallback_v1_6
Uveal Melanoma – Choroidal and Ciliary Body Melanoma,AJCC7,any,T,T1b-d,Primary tumor category imported from staging table; site-specific definition requires manual review.,No strict table definition was extracted for this site/category. Cancer committee review required.,generic_fallback_v1_6_review_required,,,generated_rule_category_fallback_v1_6
Uveal Melanoma – Choroidal and Ciliary Body Melanoma,AJCC7,yp,T,T1b-d,Primary tumor category imported from staging table; site-specific definition requires manual review.,No strict table definition was extracted for this site/category. Cancer committee review required.,generic_fallback_v1_6_review_required,,,generated_rule_category_fallback_v1_6
Uveal Melanoma – Choroidal and Ciliary Body Melanoma,AJCC7,any,T,T2a,Primary tumor category imported from staging table; site-specific definition requires manual review.,No strict table definition was extracted for this site/category. Cancer committee review required.,generic_fallback_v1_6_review_required,,,generated_rule_category_fallback_v1_6
Uveal Melanoma – Choroidal and Ciliary Body Melanoma,AJCC7,yp,T,T2a,Primary tumor category imported from staging table; site-specific definition requires manual review.,No strict table definition was extracted for this site/category. Cancer committee review required.,generic_fallback_v1_6_review_required,,,generated_rule_category_fallback_v1_6
Uveal Melanoma – Choroidal and Ciliary Body Melanoma,AJCC7,any,T,T2b,Primary tumor category imported from staging table; site-specific definition requires manual review.,No strict table definition was extracted for this site/category. Cancer committee review required.,generic_fallback_v1_6_review_required,,,generated_rule_category_fallback_v1_6
Uveal Melanoma – Choroidal and Ciliary Body Melanoma,AJCC7,yp,T,T2b,Primary tumor category imported from staging table; site-specific definition requires manual review.,No strict table definition was extracted for this site/category. Cancer committee review required.,generic_fallback_v1_6_review_required,,,generated_rule_category_fallback_v1_6
Uveal Melanoma – Choroidal and Ciliary Body Melanoma,AJCC7,any,T,T2c-d,Primary tumor category imported from staging table; site-specific definition requires manual review.,No strict table definition was extracted for this site/category. Cancer committee review required.,generic_fallback_v1_6_review_required,,,generated_rule_category_fallback_v1_6
Uveal Melanoma – Choroidal and Ciliary Body Melanoma,AJCC7,yp,T,T2c-d,Primary tumor category imported from staging table; site-specific definition requires manual review.,No strict table definition was extracted for this site/category. Cancer committee review required.,generic_fallback_v1_6_review_required,,,generated_rule_category_fallback_v1_6
Uveal Melanoma – Choroidal and Ciliary Body Melanoma,AJCC7,any,T,T3a,Primary tumor category imported from staging table; site-specific definition requires manual review.,No strict table definition was extracted for this site/category. Cancer committee review required.,generic_fallback_v1_6_review_required,,,generated_rule_category_fallback_v1_6
Uveal Melanoma – Choroidal and Ciliary Body Melanoma,AJCC7,yp,T,T3a,Primary tumor category imported from staging table; site-specific definition requires manual review.,No strict table definition was extracted for this site/category. Cancer committee review required.,generic_fallback_v1_6_review_required,,,generated_rule_category_fallback_v1_6
Uveal Melanoma – Choroidal and Ciliary Body Melanoma,AJCC7,any,T,T3b,Primary tumor category imported from staging table; site-specific definition requires manual review.,No strict table definition was extracted for this site/category. Cancer committee review required.,generic_fallback_v1_6_review_required,,,generated_rule_category_fallback_v1_6
Uveal Melanoma – Choroidal and Ciliary Body Melanoma,AJCC7,yp,T,T3b,Primary tumor category imported from staging table; site-specific definition requires manual review.,No strict table definition was extracted for this site/category. Cancer committee review required.,generic_fallback_v1_6_review_required,,,generated_rule_category_fallback_v1_6
Uveal Melanoma – Choroidal and Ciliary Body Melanoma,AJCC7,any,T,T3c,Primary tumor category imported from staging table; site-specific definition requires manual review.,No strict table definition was extracted for this site/category. Cancer committee review required.,generic_fallback_v1_6_review_required,,,generated_rule_category_fallback_v1_6
Uveal Melanoma – Choroidal and Ciliary Body Melanoma,AJCC7,yp,T,T3c,Primary tumor category imported from staging table; site-specific definition requires manual review.,No strict table definition was extracted for this site/category. Cancer committee review required.,generic_fallback_v1_6_review_required,,,generated_rule_category_fallback_v1_6
Uveal Melanoma – Choroidal and Ciliary Body Melanoma,AJCC7,any,T,T3d,Primary tumor category imported from staging table; site-specific definition requires manual review.,No strict table definition was extracted for this site/category. Cancer committee review required.,generic_fallback_v1_6_review_required,,,generated_rule_category_fallback_v1_6
Uveal Melanoma – Choroidal and Ciliary Body Melanoma,AJCC7,yp,T,T3d,Primary tumor category imported from staging table; site-specific definition requires manual review.,No strict table definition was extracted for this site/category. Cancer committee review required.,generic_fallback_v1_6_review_required,,,generated_rule_category_fallback_v1_6
Uveal Melanoma – Choroidal and Ciliary Body Melanoma,AJCC7,any,T,T4a,Primary tumor category imported from staging table; site-specific definition requires manual review.,No strict table definition was extracted for this site/category. Cancer committee review required.,generic_fallback_v1_6_review_required,,,generated_rule_category_fallback_v1_6
Uveal Melanoma – Choroidal and Ciliary Body Melanoma,AJCC7,yp,T,T4a,Primary tumor category imported from staging table; site-specific definition requires manual review.,No strict table definition was extracted for this site/category. Cancer committee review required.,generic_fallback_v1_6_review_required,,,generated_rule_category_fallback_v1_6
Uveal Melanoma – Choroidal and Ciliary Body Melanoma,AJCC7,any,T,T4b,Primary tumor category imported from staging table; site-specific definition requires manual review.,No strict table definition was extracted for this site/category. Cancer committee review required.,generic_fallback_v1_6_review_required,,,generated_rule_category_fallback_v1_6
Uveal Melanoma – Choroidal and Ciliary Body Melanoma,AJCC7,yp,T,T4b,Primary tumor category imported from staging table; site-specific definition requires manual review.,No strict table definition was extracted for this site/category. Cancer committee review required.,generic_fallback_v1_6_review_required,,,generated_rule_category_fallback_v1_6
Uveal Melanoma – Choroidal and Ciliary Body Melanoma,AJCC7,any,T,T4c,Primary tumor category imported from staging table; site-specific definition requires manual review.,No strict table definition was extracted for this site/category. Cancer committee review required.,generic_fallback_v1_6_review_required,,,generated_rule_category_fallback_v1_6
Uveal Melanoma – Choroidal and Ciliary Body Melanoma,AJCC7,yp,T,T4c,Primary tumor category imported from staging table; site-specific definition requires manual review.,No strict table definition was extracted for this site/category. Cancer committee review required.,generic_fallback_v1_6_review_required,,,generated_rule_category_fallback_v1_6
Uveal Melanoma – Choroidal and Ciliary Body Melanoma,AJCC7,any,T,T4d-e,Primary tumor category imported from staging table; site-specific definition requires manual review.,No strict table definition was extracted for this site/category. Cancer committee review required.,generic_fallback_v1_6_review_required,,,generated_rule_category_fallback_v1_6
Uveal Melanoma – Choroidal and Ciliary Body Melanoma,AJCC7,yp,T,T4d-e,Primary tumor category imported from staging table; site-specific definition requires manual review.,No strict table definition was extracted for this site/category. Cancer committee review required.,generic_fallback_v1_6_review_required,,,generated_rule_category_fallback_v1_6
Uveal Melanoma – Choroidal and Ciliary Body Melanoma,AJCC7,any,N,N0,No regional lymph node metastasis; site-specific wording requires manual review.,No strict table definition was extracted for this site/category. Cancer committee review required.,generic_fallback_v1_6_review_required,,,generated_rule_category_fallback_v1_6
Uveal Melanoma – Choroidal and Ciliary Body Melanoma,AJCC7,yp,N,N0,No regional lymph node metastasis; site-specific wording requires manual review.,No strict table definition was extracted for this site/category. Cancer committee review required.,generic_fallback_v1_6_review_required,,,generated_rule_category_fallback_v1_6
Uveal Melanoma – Choroidal and Ciliary Body Melanoma,AJCC7,any,N,N1,Regional lymph node category imported from staging table; site-specific definition requires manual review.,No strict table definition was extracted for this site/category. Cancer committee review required.,generic_fallback_v1_6_review_required,,,generated_rule_category_fallback_v1_6
Uveal Melanoma – Choroidal and Ciliary Body Melanoma,AJCC7,yp,N,N1,Regional lymph node category imported from staging table; site-specific definition requires manual review.,No strict table definition was extracted for this site/category. Cancer committee review required.,generic_fallback_v1_6_review_required,,,generated_rule_category_fallback_v1_6
Uveal Melanoma – Choroidal and Ciliary Body Melanoma,AJCC7,any,M,M0,No distant metastasis; site-specific wording requires manual review.,No strict table definition was extracted for this site/category. Cancer committee review required.,generic_fallback_v1_6_review_required,,,generated_rule_category_fallback_v1_6
Uveal Melanoma – Choroidal and Ciliary Body Melanoma,AJCC7,yp,M,M0,No distant metastasis; site-specific wording requires manual review.,No strict table definition was extracted for this site/category. Cancer committee review required.,generic_fallback_v1_6_review_required,,,generated_rule_category_fallback_v1_6
Uveal Melanoma – Choroidal and Ciliary Body Melanoma,AJCC7,any,M,M1a,Distant metastasis category imported from staging table; site-specific definition requires manual review.,No strict table definition was extracted for this site/category. Cancer committee review required.,generic_fallback_v1_6_review_required,,,generated_rule_category_fallback_v1_6
Uveal Melanoma – Choroidal and Ciliary Body Melanoma,AJCC7,yp,M,M1a,Distant metastasis category imported from staging table; site-specific definition requires manual review.,No strict table definition was extracted for this site/category. Cancer committee review required.,generic_fallback_v1_6_review_required,,,generated_rule_category_fallback_v1_6
Uveal Melanoma – Choroidal and Ciliary Body Melanoma,AJCC7,any,M,M1b,Distant metastasis category imported from staging table; site-specific definition requires manual review.,No strict table definition was extracted for this site/category. Cancer committee review required.,generic_fallback_v1_6_review_required,,,generated_rule_category_fallback_v1_6
Uveal Melanoma – Choroidal and Ciliary Body Melanoma,AJCC7,yp,M,M1b,Distant metastasis category imported from staging table; site-specific definition requires manual review.,No strict table definition was extracted for this site/category. Cancer committee review required.,generic_fallback_v1_6_review_required,,,generated_rule_category_fallback_v1_6
Uveal Melanoma – Choroidal and Ciliary Body Melanoma,AJCC7,any,M,M1c,Distant metastasis category imported from staging table; site-specific definition requires manual review.,No strict table definition was extracted for this site/category. Cancer committee review required.,generic_fallback_v1_6_review_required,,,generated_rule_category_fallback_v1_6
Uveal Melanoma – Choroidal and Ciliary Body Melanoma,AJCC7,yp,M,M1c,Distant metastasis category imported from staging table; site-specific definition requires manual review.,No strict table definition was extracted for this site/category. Cancer committee review required.,generic_fallback_v1_6_review_required,,,generated_rule_category_fallback_v1_6
Uveal Melanoma – Choroidal and Ciliary Body Melanoma,AJCC8,yp,T,T1a,Primary tumor category imported from staging table; site-specific definition requires manual review.,No strict table definition was extracted for this site/category. Cancer committee review required.,generic_fallback_v1_6_review_required,,,generated_rule_category_fallback_v1_6
Uveal Melanoma – Choroidal and Ciliary Body Melanoma,AJCC8,any,T,T1b-d,Primary tumor category imported from staging table; site-specific definition requires manual review.,No strict table definition was extracted for this site/category. Cancer committee review required.,generic_fallback_v1_6_review_required,,,generated_rule_category_fallback_v1_6
Uveal Melanoma – Choroidal and Ciliary Body Melanoma,AJCC8,any,T,T2a,Primary tumor category imported from staging table; site-specific definition requires manual review.,No strict table definition was extracted for this site/category. Cancer committee review required.,generic_fallback_v1_6_review_required,,,generated_rule_category_fallback_v1_6
Uveal Melanoma – Choroidal and Ciliary Body Melanoma,AJCC8,any,T,T2b,Primary tumor category imported from staging table; site-specific definition requires manual review.,No strict table definition was extracted for this site/category. Cancer committee review required.,generic_fallback_v1_6_review_required,,,generated_rule_category_fallback_v1_6
Uveal Melanoma – Choroidal and Ciliary Body Melanoma,AJCC8,yp,T,T2c-d,Primary tumor category imported from staging table; site-specific definition requires manual review.,No strict table definition was extracted for this site/category. Cancer committee review required.,generic_fallback_v1_6_review_required,,,generated_rule_category_fallback_v1_6
Uveal Melanoma – Choroidal and Ciliary Body Melanoma,AJCC8,yp,T,T3a,Primary tumor category imported from staging table; site-specific definition requires manual review.,No strict table definition was extracted for this site/category. Cancer committee review required.,generic_fallback_v1_6_review_required,,,generated_rule_category_fallback_v1_6
Uveal Melanoma – Choroidal and Ciliary Body Melanoma,AJCC8,yp,T,T3b,Primary tumor category imported from staging table; site-specific definition requires manual review.,No strict table definition was extracted for this site/category. Cancer committee review required.,generic_fallback_v1_6_review_required,,,generated_rule_category_fallback_v1_6
Uveal Melanoma – Choroidal and Ciliary Body Melanoma,AJCC8,yp,T,T3c,Primary tumor category imported from staging table; site-specific definition requires manual review.,No strict table definition was extracted for this site/category. Cancer committee review required.,generic_fallback_v1_6_review_required,,,generated_rule_category_fallback_v1_6
Uveal Melanoma – Choroidal and Ciliary Body Melanoma,AJCC8,yp,T,T3d,Primary tumor category imported from staging table; site-specific definition requires manual review.,No strict table definition was extracted for this site/category. Cancer committee review required.,generic_fallback_v1_6_review_required,,,generated_rule_category_fallback_v1_6
Uveal Melanoma – Choroidal and Ciliary Body Melanoma,AJCC8,yp,T,T4a,Primary tumor category imported from staging table; site-specific definition requires manual review.,No strict table definition was extracted for this site/category. Cancer committee review required.,generic_fallback_v1_6_review_required,,,generated_rule_category_fallback_v1_6
Uveal Melanoma – Choroidal and Ciliary Body Melanoma,AJCC8,yp,T,T4b,Primary tumor category imported from staging table; site-specific definition requires manual review.,No strict table definition was extracted for this site/category. Cancer committee review required.,generic_fallback_v1_6_review_required,,,generated_rule_category_fallback_v1_6
Uveal Melanoma – Choroidal and Ciliary Body Melanoma,AJCC8,yp,T,T4c,Primary tumor category imported from staging table; site-specific definition requires manual review.,No strict table definition was extracted for this site/category. Cancer committee review required.,generic_fallback_v1_6_review_required,,,generated_rule_category_fallback_v1_6
Uveal Melanoma – Choroidal and Ciliary Body Melanoma,AJCC8,yp,T,T4d-e,Primary tumor category imported from staging table; site-specific definition requires manual review.,No strict table definition was extracted for this site/category. Cancer committee review required.,generic_fallback_v1_6_review_required,,,generated_rule_category_fallback_v1_6
Uveal Melanoma – Choroidal and Ciliary Body Melanoma,AJCC8,any,N,N0,No regional lymph node metastasis; site-specific wording requires manual review.,No strict table definition was extracted for this site/category. Cancer committee review required.,generic_fallback_v1_6_review_required,,,generated_rule_category_fallback_v1_6
Uveal Melanoma – Choroidal and Ciliary Body Melanoma,AJCC8,yp,N,N0,No regional lymph node metastasis; site-specific wording requires manual review.,No strict table definition was extracted for this site/category. Cancer committee review required.,generic_fallback_v1_6_review_required,,,generated_rule_category_fallback_v1_6
Uveal Melanoma – Choroidal and Ciliary Body Melanoma,AJCC8,yp,N,N1,Regional lymph node category imported from staging table; site-specific definition requires manual review.,No strict table definition was extracted for this site/category. Cancer committee review required.,generic_fallback_v1_6_review_required,,,generated_rule_category_fallback_v1_6
Uveal Melanoma – Choroidal and Ciliary Body Melanoma,AJCC8,any,M,M0,No distant metastasis; site-specific wording requires manual review.,No strict table definition was extracted for this site/category. Cancer committee review required.,generic_fallback_v1_6_review_required,,,generated_rule_category_fallback_v1_6
Uveal Melanoma – Choroidal and Ciliary Body Melanoma,AJCC8,yp,M,M0,No distant metastasis; site-specific wording requires manual review.,No strict table definition was extracted for this site/category. Cancer committee review required.,generic_fallback_v1_6_review_required,,,generated_rule_category_fallback_v1_6
Uveal Melanoma – Choroidal and Ciliary Body Melanoma,AJCC8,yp,M,M1a,Distant metastasis category imported from staging table; site-specific definition requires manual review.,No strict table definition was extracted for this site/category. Cancer committee review required.,generic_fallback_v1_6_review_required,,,generated_rule_category_fallback_v1_6
Uveal Melanoma – Choroidal and Ciliary Body Melanoma,AJCC8,yp,M,M1b,Distant metastasis category imported from staging table; site-specific definition requires manual review.,No strict table definition was extracted for this site/category. Cancer committee review required.,generic_fallback_v1_6_review_required,,,generated_rule_category_fallback_v1_6
Uveal Melanoma – Choroidal and Ciliary Body Melanoma,AJCC8,yp,M,M1c,Distant metastasis category imported from staging table; site-specific definition requires manual review.,No strict table definition was extracted for this site/category. Cancer committee review required.,generic_fallback_v1_6_review_required,,,generated_rule_category_fallback_v1_6
Uveal Melanoma – Iris Melanoma,AJCC7,any,T,T1a,Primary tumor category imported from staging table; site-specific definition requires manual review.,No strict table definition was extracted for this site/category. Cancer committee review required.,generic_fallback_v1_6_review_required,,,generated_rule_category_fallback_v1_6
Uveal Melanoma – Iris Melanoma,AJCC7,yp,T,T1a,Primary tumor category imported from staging table; site-specific definition requires manual review.,No strict table definition was extracted for this site/category. Cancer committee review required.,generic_fallback_v1_6_review_required,,,generated_rule_category_fallback_v1_6
Uveal Melanoma – Iris Melanoma,AJCC7,any,T,T1b-d,Primary tumor category imported from staging table; site-specific definition requires manual review.,No strict table definition was extracted for this site/category. Cancer committee review required.,generic_fallback_v1_6_review_required,,,generated_rule_category_fallback_v1_6
Uveal Melanoma – Iris Melanoma,AJCC7,yp,T,T1b-d,Primary tumor category imported from staging table; site-specific definition requires manual review.,No strict table definition was extracted for this site/category. Cancer committee review required.,generic_fallback_v1_6_review_required,,,generated_rule_category_fallback_v1_6
Uveal Melanoma – Iris Melanoma,AJCC7,any,T,T2a,Primary tumor category imported from staging table; site-specific definition requires manual review.,No strict table definition was extracted for this site/category. Cancer committee review required.,generic_fallback_v1_6_review_required,,,generated_rule_category_fallback_v1_6
Uveal Melanoma – Iris Melanoma,AJCC7,yp,T,T2a,Primary tumor category imported from staging table; site-specific definition requires manual review.,No strict table definition was extracted for this site/category. Cancer committee review required.,generic_fallback_v1_6_review_required,,,generated_rule_category_fallback_v1_6
Uveal Melanoma – Iris Melanoma,AJCC7,any,T,T2b,Primary tumor category imported from staging table; site-specific definition requires manual review.,No strict table definition was extracted for this site/category. Cancer committee review required.,generic_fallback_v1_6_review_required,,,generated_rule_category_fallback_v1_6
Uveal Melanoma – Iris Melanoma,AJCC7,yp,T,T2b,Primary tumor category imported from staging table; site-specific definition requires manual review.,No strict table definition was extracted for this site/category. Cancer committee review required.,generic_fallback_v1_6_review_required,,,generated_rule_category_fallback_v1_6
Uveal Melanoma – Iris Melanoma,AJCC7,any,T,T2c-d,Primary tumor category imported from staging table; site-specific definition requires manual review.,No strict table definition was extracted for this site/category. Cancer committee review required.,generic_fallback_v1_6_review_required,,,generated_rule_category_fallback_v1_6
Uveal Melanoma – Iris Melanoma,AJCC7,yp,T,T2c-d,Primary tumor category imported from staging table; site-specific definition requires manual review.,No strict table definition was extracted for this site/category. Cancer committee review required.,generic_fallback_v1_6_review_required,,,generated_rule_category_fallback_v1_6
Uveal Melanoma – Iris Melanoma,AJCC7,any,T,T3a,Primary tumor category imported from staging table; site-specific definition requires manual review.,No strict table definition was extracted for this site/category. Cancer committee review required.,generic_fallback_v1_6_review_required,,,generated_rule_category_fallback_v1_6
Uveal Melanoma – Iris Melanoma,AJCC7,yp,T,T3a,Primary tumor category imported from staging table; site-specific definition requires manual review.,No strict table definition was extracted for this site/category. Cancer committee review required.,generic_fallback_v1_6_review_required,,,generated_rule_category_fallback_v1_6
Uveal Melanoma – Iris Melanoma,AJCC7,any,T,T3b,Primary tumor category imported from staging table; site-specific definition requires manual review.,No strict table definition was extracted for this site/category. Cancer committee review required.,generic_fallback_v1_6_review_required,,,generated_rule_category_fallback_v1_6
Uveal Melanoma – Iris Melanoma,AJCC7,yp,T,T3b,Primary tumor category imported from staging table; site-specific definition requires manual review.,No strict table definition was extracted for this site/category. Cancer committee review required.,generic_fallback_v1_6_review_required,,,generated_rule_category_fallback_v1_6
Uveal Melanoma – Iris Melanoma,AJCC7,any,T,T3c,Primary tumor category imported from staging table; site-specific definition requires manual review.,No strict table definition was extracted for this site/category. Cancer committee review required.,generic_fallback_v1_6_review_required,,,generated_rule_category_fallback_v1_6
Uveal Melanoma – Iris Melanoma,AJCC7,yp,T,T3c,Primary tumor category imported from staging table; site-specific definition requires manual review.,No strict table definition was extracted for this site/category. Cancer committee review required.,generic_fallback_v1_6_review_required,,,generated_rule_category_fallback_v1_6
Uveal Melanoma – Iris Melanoma,AJCC7,any,T,T3d,Primary tumor category imported from staging table; site-specific definition requires manual review.,No strict table definition was extracted for this site/category. Cancer committee review required.,generic_fallback_v1_6_review_required,,,generated_rule_category_fallback_v1_6
Uveal Melanoma – Iris Melanoma,AJCC7,yp,T,T3d,Primary tumor category imported from staging table; site-specific definition requires manual review.,No strict table definition was extracted for this site/category. Cancer committee review required.,generic_fallback_v1_6_review_required,,,generated_rule_category_fallback_v1_6
Uveal Melanoma – Iris Melanoma,AJCC7,any,T,T4a,Primary tumor category imported from staging table; site-specific definition requires manual review.,No strict table definition was extracted for this site/category. Cancer committee review required.,generic_fallback_v1_6_review_required,,,generated_rule_category_fallback_v1_6
Uveal Melanoma – Iris Melanoma,AJCC7,yp,T,T4a,Primary tumor category imported from staging table; site-specific definition requires manual review.,No strict table definition was extracted for this site/category. Cancer committee review required.,generic_fallback_v1_6_review_required,,,generated_rule_category_fallback_v1_6
Uveal Melanoma – Iris Melanoma,AJCC7,any,T,T4b,Primary tumor category imported from staging table; site-specific definition requires manual review.,No strict table definition was extracted for this site/category. Cancer committee review required.,generic_fallback_v1_6_review_required,,,generated_rule_category_fallback_v1_6
Uveal Melanoma – Iris Melanoma,AJCC7,yp,T,T4b,Primary tumor category imported from staging table; site-specific definition requires manual review.,No strict table definition was extracted for this site/category. Cancer committee review required.,generic_fallback_v1_6_review_required,,,generated_rule_category_fallback_v1_6
Uveal Melanoma – Iris Melanoma,AJCC7,any,T,T4c,Primary tumor category imported from staging table; site-specific definition requires manual review.,No strict table definition was extracted for this site/category. Cancer committee review required.,generic_fallback_v1_6_review_required,,,generated_rule_category_fallback_v1_6
Uveal Melanoma – Iris Melanoma,AJCC7,yp,T,T4c,Primary tumor category imported from staging table; site-specific definition requires manual review.,No strict table definition was extracted for this site/category. Cancer committee review required.,generic_fallback_v1_6_review_required,,,generated_rule_category_fallback_v1_6
Uveal Melanoma – Iris Melanoma,AJCC7,any,T,T4d-e,Primary tumor category imported from staging table; site-specific definition requires manual review.,No strict table definition was extracted for this site/category. Cancer committee review required.,generic_fallback_v1_6_review_required,,,generated_rule_category_fallback_v1_6
Uveal Melanoma – Iris Melanoma,AJCC7,yp,T,T4d-e,Primary tumor category imported from staging table; site-specific definition requires manual review.,No strict table definition was extracted for this site/category. Cancer committee review required.,generic_fallback_v1_6_review_required,,,generated_rule_category_fallback_v1_6
Uveal Melanoma – Iris Melanoma,AJCC7,any,N,N0,No regional lymph node metastasis; site-specific wording requires manual review.,No strict table definition was extracted for this site/category. Cancer committee review required.,generic_fallback_v1_6_review_required,,,generated_rule_category_fallback_v1_6
Uveal Melanoma – Iris Melanoma,AJCC7,yp,N,N0,No regional lymph node metastasis; site-specific wording requires manual review.,No strict table definition was extracted for this site/category. Cancer committee review required.,generic_fallback_v1_6_review_required,,,generated_rule_category_fallback_v1_6
Uveal Melanoma – Iris Melanoma,AJCC7,any,N,N1,Regional lymph node category imported from staging table; site-specific definition requires manual review.,No strict table definition was extracted for this site/category. Cancer committee review required.,generic_fallback_v1_6_review_required,,,generated_rule_category_fallback_v1_6
Uveal Melanoma – Iris Melanoma,AJCC7,yp,N,N1,Regional lymph node category imported from staging table; site-specific definition requires manual review.,No strict table definition was extracted for this site/category. Cancer committee review required.,generic_fallback_v1_6_review_required,,,generated_rule_category_fallback_v1_6
Uveal Melanoma – Iris Melanoma,AJCC7,any,M,M0,No distant metastasis; site-specific wording requires manual review.,No strict table definition was extracted for this site/category. Cancer committee review required.,generic_fallback_v1_6_review_required,,,generated_rule_category_fallback_v1_6
Uveal Melanoma – Iris Melanoma,AJCC7,yp,M,M0,No distant metastasis; site-specific wording requires manual review.,No strict table definition was extracted for this site/category. Cancer committee review required.,generic_fallback_v1_6_review_required,,,generated_rule_category_fallback_v1_6
Uveal Melanoma – Iris Melanoma,AJCC7,any,M,M1a,Distant metastasis category imported from staging table; site-specific definition requires manual review.,No strict table definition was extracted for this site/category. Cancer committee review required.,generic_fallback_v1_6_review_required,,,generated_rule_category_fallback_v1_6
Uveal Melanoma – Iris Melanoma,AJCC7,yp,M,M1a,Distant metastasis category imported from staging table; site-specific definition requires manual review.,No strict table definition was extracted for this site/category. Cancer committee review required.,generic_fallback_v1_6_review_required,,,generated_rule_category_fallback_v1_6
Uveal Melanoma – Iris Melanoma,AJCC7,any,M,M1b,Distant metastasis category imported from staging table; site-specific definition requires manual review.,No strict table definition was extracted for this site/category. Cancer committee review required.,generic_fallback_v1_6_review_required,,,generated_rule_category_fallback_v1_6
Uveal Melanoma – Iris Melanoma,AJCC7,yp,M,M1b,Distant metastasis category imported from staging table; site-specific definition requires manual review.,No strict table definition was extracted for this site/category. Cancer committee review required.,generic_fallback_v1_6_review_required,,,generated_rule_category_fallback_v1_6
Uveal Melanoma – Iris Melanoma,AJCC7,any,M,M1c,Distant metastasis category imported from staging table; site-specific definition requires manual review.,No strict table definition was extracted for this site/category. Cancer committee review required.,generic_fallback_v1_6_review_required,,,generated_rule_category_fallback_v1_6
Uveal Melanoma – Iris Melanoma,AJCC7,yp,M,M1c,Distant metastasis category imported from staging table; site-specific definition requires manual review.,No strict table definition was extracted for this site/category. Cancer committee review required.,generic_fallback_v1_6_review_required,,,generated_rule_category_fallback_v1_6
Uveal Melanoma – Iris Melanoma,AJCC8,yp,T,T1a,Primary tumor category imported from staging table; site-specific definition requires manual review.,No strict table definition was extracted for this site/category. Cancer committee review required.,generic_fallback_v1_6_review_required,,,generated_rule_category_fallback_v1_6
Uveal Melanoma – Iris Melanoma,AJCC8,any,T,T1b-d,Primary tumor category imported from staging table; site-specific definition requires manual review.,No strict table definition was extracted for this site/category. Cancer committee review required.,generic_fallback_v1_6_review_required,,,generated_rule_category_fallback_v1_6
Uveal Melanoma – Iris Melanoma,AJCC8,any,T,T2a,Primary tumor category imported from staging table; site-specific definition requires manual review.,No strict table definition was extracted for this site/category. Cancer committee review required.,generic_fallback_v1_6_review_required,,,generated_rule_category_fallback_v1_6
Uveal Melanoma – Iris Melanoma,AJCC8,any,T,T2b,Primary tumor category imported from staging table; site-specific definition requires manual review.,No strict table definition was extracted for this site/category. Cancer committee review required.,generic_fallback_v1_6_review_required,,,generated_rule_category_fallback_v1_6
Uveal Melanoma – Iris Melanoma,AJCC8,yp,T,T2c-d,Primary tumor category imported from staging table; site-specific definition requires manual review.,No strict table definition was extracted for this site/category. Cancer committee review required.,generic_fallback_v1_6_review_required,,,generated_rule_category_fallback_v1_6
Uveal Melanoma – Iris Melanoma,AJCC8,yp,T,T3a,Primary tumor category imported from staging table; site-specific definition requires manual review.,No strict table definition was extracted for this site/category. Cancer committee review required.,generic_fallback_v1_6_review_required,,,generated_rule_category_fallback_v1_6
Uveal Melanoma – Iris Melanoma,AJCC8,yp,T,T3b,Primary tumor category imported from staging table; site-specific definition requires manual review.,No strict table definition was extracted for this site/category. Cancer committee review required.,generic_fallback_v1_6_review_required,,,generated_rule_category_fallback_v1_6
Uveal Melanoma – Iris Melanoma,AJCC8,yp,T,T3c,Primary tumor category imported from staging table; site-specific definition requires manual review.,No strict table definition was extracted for this site/category. Cancer committee review required.,generic_fallback_v1_6_review_required,,,generated_rule_category_fallback_v1_6
Uveal Melanoma – Iris Melanoma,AJCC8,yp,T,T3d,Primary tumor category imported from staging table; site-specific definition requires manual review.,No strict table definition was extracted for this site/category. Cancer committee review required.,generic_fallback_v1_6_review_required,,,generated_rule_category_fallback_v1_6
Uveal Melanoma – Iris Melanoma,AJCC8,yp,T,T4a,Primary tumor category imported from staging table; site-specific definition requires manual review.,No strict table definition was extracted for this site/category. Cancer committee review required.,generic_fallback_v1_6_review_required,,,generated_rule_category_fallback_v1_6
Uveal Melanoma – Iris Melanoma,AJCC8,yp,T,T4b,Primary tumor category imported from staging table; site-specific definition requires manual review.,No strict table definition was extracted for this site/category. Cancer committee review required.,generic_fallback_v1_6_review_required,,,generated_rule_category_fallback_v1_6
Uveal Melanoma – Iris Melanoma,AJCC8,yp,T,T4c,Primary tumor category imported from staging table; site-specific definition requires manual review.,No strict table definition was extracted for this site/category. Cancer committee review required.,generic_fallback_v1_6_review_required,,,generated_rule_category_fallback_v1_6
Uveal Melanoma – Iris Melanoma,AJCC8,yp,T,T4d-e,Primary tumor category imported from staging table; site-specific definition requires manual review.,No strict table definition was extracted for this site/category. Cancer committee review required.,generic_fallback_v1_6_review_required,,,generated_rule_category_fallback_v1_6
Uveal Melanoma – Iris Melanoma,AJCC8,any,N,N0,No regional lymph node metastasis; site-specific wording requires manual review.,No strict table definition was extracted for this site/category. Cancer committee review required.,generic_fallback_v1_6_review_required,,,generated_rule_category_fallback_v1_6
Uveal Melanoma – Iris Melanoma,AJCC8,yp,N,N0,No regional lymph node metastasis; site-specific wording requires manual review.,No strict table definition was extracted for this site/category. Cancer committee review required.,generic_fallback_v1_6_review_required,,,generated_rule_category_fallback_v1_6
Uveal Melanoma – Iris Melanoma,AJCC8,yp,N,N1,Regional lymph node category imported from staging table; site-specific definition requires manual review.,No strict table definition was extracted for this site/category. Cancer committee review required.,generic_fallback_v1_6_review_required,,,generated_rule_category_fallback_v1_6
Uveal Melanoma – Iris Melanoma,AJCC8,any,M,M0,No distant metastasis; site-specific wording requires manual review.,No strict table definition was extracted for this site/category. Cancer committee review required.,generic_fallback_v1_6_review_required,,,generated_rule_category_fallback_v1_6
Uveal Melanoma – Iris Melanoma,AJCC8,yp,M,M0,No distant metastasis; site-specific wording requires manual review.,No strict table definition was extracted for this site/category. Cancer committee review required.,generic_fallback_v1_6_review_required,,,generated_rule_category_fallback_v1_6
Uveal Melanoma – Iris Melanoma,AJCC8,yp,M,M1a,Distant metastasis category imported from staging table; site-specific definition requires manual review.,No strict table definition was extracted for this site/category. Cancer committee review required.,generic_fallback_v1_6_review_required,,,generated_rule_category_fallback_v1_6
Uveal Melanoma – Iris Melanoma,AJCC8,yp,M,M1b,Distant metastasis category imported from staging table; site-specific definition requires manual review.,No strict table definition was extracted for this site/category. Cancer committee review required.,generic_fallback_v1_6_review_required,,,generated_rule_category_fallback_v1_6
Uveal Melanoma – Iris Melanoma,AJCC8,yp,M,M1c,Distant metastasis category imported from staging table; site-specific definition requires manual review.,No strict table definition was extracted for this site/category. Cancer committee review required.,generic_fallback_v1_6_review_required,,,generated_rule_category_fallback_v1_6
Vagina,AJCC7,any,T,T1,Primary tumor category imported from staging table; site-specific definition requires manual review.,No strict table definition was extracted for this site/category. Cancer committee review required.,generic_fallback_v1_6_review_required,,,generated_rule_category_fallback_v1_6
Vagina,AJCC7,any,T,T1-T3,Primary tumor category imported from staging table; site-specific definition requires manual review.,No strict table definition was extracted for this site/category. Cancer committee review required.,generic_fallback_v1_6_review_required,,,generated_rule_category_fallback_v1_6
Vagina,AJCC7,any,T,T2,Primary tumor category imported from staging table; site-specific definition requires manual review.,No strict table definition was extracted for this site/category. Cancer committee review required.,generic_fallback_v1_6_review_required,,,generated_rule_category_fallback_v1_6
Vagina,AJCC7,any,T,T3,Primary tumor category imported from staging table; site-specific definition requires manual review.,No strict table definition was extracted for this site/category. Cancer committee review required.,generic_fallback_v1_6_review_required,,,generated_rule_category_fallback_v1_6
Vagina,AJCC7,any,T,T4,Primary tumor category imported from staging table; site-specific definition requires manual review.,No strict table definition was extracted for this site/category. Cancer committee review required.,generic_fallback_v1_6_review_required,,,generated_rule_category_fallback_v1_6
Vagina,AJCC7,any,T,Tis,Carcinoma in situ or site-specific in-situ category; site-specific wording requires manual review.,No strict table definition was extracted for this site/category. Cancer committee review required.,generic_fallback_v1_6_review_required,,,generated_rule_category_fallback_v1_6
Vagina,AJCC7,any,N,N0,No regional lymph node metastasis; site-specific wording requires manual review.,No strict table definition was extracted for this site/category. Cancer committee review required.,generic_fallback_v1_6_review_required,,,generated_rule_category_fallback_v1_6
Vagina,AJCC7,any,N,N1,Regional lymph node category imported from staging table; site-specific definition requires manual review.,No strict table definition was extracted for this site/category. Cancer committee review required.,generic_fallback_v1_6_review_required,,,generated_rule_category_fallback_v1_6
Vagina,AJCC7,any,M,M0,No distant metastasis; site-specific wording requires manual review.,No strict table definition was extracted for this site/category. Cancer committee review required.,generic_fallback_v1_6_review_required,,,generated_rule_category_fallback_v1_6
Vagina,AJCC7,any,M,M1,Distant metastasis category imported from staging table; site-specific definition requires manual review.,No strict table definition was extracted for this site/category. Cancer committee review required.,generic_fallback_v1_6_review_required,,,generated_rule_category_fallback_v1_6
Vagina,AJCC8,any,T,T0,No evidence of primary tumor,,strict_table_extracted_v1_6,173,Definition of Primary Tumor (T),strict_table_extraction_v1_6
Vagina,AJCC8,any,T,T1,Tumor confined to the vagina,,strict_table_extracted_v1_6,173,Definition of Primary Tumor (T),strict_table_extraction_v1_6
Vagina,AJCC8,any,T,T1-T3,Primary tumor category imported from staging table; site-specific definition requires manual review.,No strict table definition was extracted for this site/category. Cancer committee review required. | SURROGATE_AJCC8_DEFINITION_FROM_AJCC7_REVIEW_REQUIRED_v1.7: AJCC8 explicit definition not extractable from uploaded PDF; AJCC7 wording displayed pending cancer committee validation.,fallback_from_AJCC7_for_AJCC8_review_required_v1_7,,,surrogate_definition_from_AJCC7_v1_7
Vagina,AJCC8,any,T,T1a,"Tumor confined to the vagina, measuring ≤2.0 cm",,strict_table_extracted_v1_6,173,Definition of Primary Tumor (T),strict_table_extraction_v1_6
Vagina,AJCC8,any,T,T1b,"Tumor confined to the vagina, measuring >2.0 cm",,strict_table_extracted_v1_6,173,Definition of Primary Tumor (T),strict_table_extraction_v1_6
Vagina,AJCC8,any,T,T2,II Tumor invading paravaginal tissues but not to pelvic sidewall,,strict_table_extracted_v1_6,173,Definition of Primary Tumor (T),strict_table_extraction_v1_6
Vagina,AJCC8,any,T,T2a,"II Tumor invading paravaginal tissues but not to pelvic wall, measuring ≤2.0 cm",,strict_table_extracted_v1_6,173,Definition of Primary Tumor (T),strict_table_extraction_v1_6
Vagina,AJCC8,any,T,T2b,"II Tumor invading paravaginal tissues but not to pelvic wall, measuring >2.0 cm",,strict_table_extracted_v1_6,173,Definition of Primary Tumor (T),strict_table_extraction_v1_6
Vagina,AJCC8,any,T,T3,III Tumor extending to the pelvic sidewall* and/or causing hydronephrosis or nonfunctioning kidney,,strict_table_extracted_v1_6,173,Definition of Primary Tumor (T),strict_table_extraction_v1_6
Vagina,AJCC8,any,T,T4,"IVA Tumor invading the mucosa of the bladder or rectum and/or extending beyond the true pelvis (bullous edema is not sufficient evidence to classify a tumor as T4) *Pelvic sidewall is defined as the muscle, fascia, neurovascular struc- tures, or skeletal portions of the bony pelvis. On rectal examination, there is no cancer-free space between the tumor and pelvic sidewall.",,strict_table_extracted_v1_6,173,Definition of Primary Tumor (T),strict_table_extraction_v1_6
Vagina,AJCC8,any,T,TX,Primary tumor cannot be assessed,,strict_table_extracted_v1_6,173,Definition of Primary Tumor (T),strict_table_extraction_v1_6
Vagina,AJCC8,any,T,Tis,Carcinoma in situ or site-specific in-situ category; site-specific wording requires manual review.,No strict table definition was extracted for this site/category. Cancer committee review required. | SURROGATE_AJCC8_DEFINITION_FROM_AJCC7_REVIEW_REQUIRED_v1.7: AJCC8 explicit definition not extractable from uploaded PDF; AJCC7 wording displayed pending cancer committee validation.,fallback_from_AJCC7_for_AJCC8_review_required_v1_7,,,surrogate_definition_from_AJCC7_v1_7
Vagina,AJCC8,any,N,N0,No regional lymph node metastasis,,strict_table_extracted_v1_6,173,Definition of Regional Lymph Node (N),strict_table_extraction_v1_6
Vagina,AJCC8,any,N,N0(i+),Isolated tumor cells in regional lymph node(s) no greater than 0.2 mm,,strict_table_extracted_v1_6,173,Definition of Regional Lymph Node (N),strict_table_extraction_v1_6
Vagina,AJCC8,any,N,N1,III Pelvic or inguinal lymph node metastasis,,strict_table_extracted_v1_6,173,Definition of Regional Lymph Node (N),strict_table_extraction_v1_6
Vagina,AJCC8,any,N,NX,Regional lymph nodes cannot be assessed,,strict_table_extracted_v1_6,173,Definition of Regional Lymph Node (N),strict_table_extraction_v1_6
Vagina,AJCC8,any,M,M0,No distant metastasis,,strict_table_extracted_v1_6,173,Definition of Distant Metastasis (M),strict_table_extraction_v1_6
Vagina,AJCC8,any,M,M1,IVB Distant metastasis,,strict_table_extracted_v1_6,173,Definition of Distant Metastasis (M),strict_table_extraction_v1_6
Vulva,AJCC7,any,T,T1,Primary tumor category imported from staging table; site-specific definition requires manual review.,No strict table definition was extracted for this site/category. Cancer committee review required.,generic_fallback_v1_6_review_required,,,generated_rule_category_fallback_v1_6
Vulva,AJCC7,yp,T,T1,Primary tumor category imported from staging table; site-specific definition requires manual review.,No strict table definition was extracted for this site/category. Cancer committee review required.,generic_fallback_v1_6_review_required,,,generated_rule_category_fallback_v1_6
Vulva,AJCC7,any,T,T1a,Primary tumor category imported from staging table; site-specific definition requires manual review.,No strict table definition was extracted for this site/category. Cancer committee review required.,generic_fallback_v1_6_review_required,,,generated_rule_category_fallback_v1_6
Vulva,AJCC7,yp,T,T1a,Primary tumor category imported from staging table; site-specific definition requires manual review.,No strict table definition was extracted for this site/category. Cancer committee review required.,generic_fallback_v1_6_review_required,,,generated_rule_category_fallback_v1_6
Vulva,AJCC7,any,T,T1b,Primary tumor category imported from staging table; site-specific definition requires manual review.,No strict table definition was extracted for this site/category. Cancer committee review required.,generic_fallback_v1_6_review_required,,,generated_rule_category_fallback_v1_6
Vulva,AJCC7,yp,T,T1b,Primary tumor category imported from staging table; site-specific definition requires manual review.,No strict table definition was extracted for this site/category. Cancer committee review required.,generic_fallback_v1_6_review_required,,,generated_rule_category_fallback_v1_6
Vulva,AJCC7,any,T,T2,Primary tumor category imported from staging table; site-specific definition requires manual review.,No strict table definition was extracted for this site/category. Cancer committee review required.,generic_fallback_v1_6_review_required,,,generated_rule_category_fallback_v1_6
Vulva,AJCC7,yp,T,T2,Primary tumor category imported from staging table; site-specific definition requires manual review.,No strict table definition was extracted for this site/category. Cancer committee review required.,generic_fallback_v1_6_review_required,,,generated_rule_category_fallback_v1_6
Vulva,AJCC7,any,T,T3,Primary tumor category imported from staging table; site-specific definition requires manual review.,No strict table definition was extracted for this site/category. Cancer committee review required.,generic_fallback_v1_6_review_required,,,generated_rule_category_fallback_v1_6
Vulva,AJCC7,yp,T,T3,Primary tumor category imported from staging table; site-specific definition requires manual review.,No strict table definition was extracted for this site/category. Cancer committee review required.,generic_fallback_v1_6_review_required,,,generated_rule_category_fallback_v1_6
Vulva,AJCC7,any,T,Tis,Carcinoma in situ or site-specific in-situ category; site-specific wording requires manual review.,No strict table definition was extracted for this site/category. Cancer committee review required.,generic_fallback_v1_6_review_required,,,generated_rule_category_fallback_v1_6
Vulva,AJCC7,yp,T,Tis,Carcinoma in situ or site-specific in-situ category; site-specific wording requires manual review.,No strict table definition was extracted for this site/category. Cancer committee review required.,generic_fallback_v1_6_review_required,,,generated_rule_category_fallback_v1_6
Vulva,AJCC7,any,N,N0,No regional lymph node metastasis; site-specific wording requires manual review.,No strict table definition was extracted for this site/category. Cancer committee review required.,generic_fallback_v1_6_review_required,,,generated_rule_category_fallback_v1_6
Vulva,AJCC7,yp,N,N0,No regional lymph node metastasis; site-specific wording requires manual review.,No strict table definition was extracted for this site/category. Cancer committee review required.,generic_fallback_v1_6_review_required,,,generated_rule_category_fallback_v1_6
Vulva,AJCC7,any,N,N1a,Regional lymph node category imported from staging table; site-specific definition requires manual review.,No strict table definition was extracted for this site/category. Cancer committee review required.,generic_fallback_v1_6_review_required,,,generated_rule_category_fallback_v1_6
Vulva,AJCC7,yp,N,N1a,Regional lymph node category imported from staging table; site-specific definition requires manual review.,No strict table definition was extracted for this site/category. Cancer committee review required.,generic_fallback_v1_6_review_required,,,generated_rule_category_fallback_v1_6
Vulva,AJCC7,any,N,N1b,Regional lymph node category imported from staging table; site-specific definition requires manual review.,No strict table definition was extracted for this site/category. Cancer committee review required.,generic_fallback_v1_6_review_required,,,generated_rule_category_fallback_v1_6
Vulva,AJCC7,yp,N,N1b,Regional lymph node category imported from staging table; site-specific definition requires manual review.,No strict table definition was extracted for this site/category. Cancer committee review required.,generic_fallback_v1_6_review_required,,,generated_rule_category_fallback_v1_6
Vulva,AJCC7,any,N,N2a,Regional lymph node category imported from staging table; site-specific definition requires manual review.,No strict table definition was extracted for this site/category. Cancer committee review required.,generic_fallback_v1_6_review_required,,,generated_rule_category_fallback_v1_6
Vulva,AJCC7,yp,N,N2a,Regional lymph node category imported from staging table; site-specific definition requires manual review.,No strict table definition was extracted for this site/category. Cancer committee review required.,generic_fallback_v1_6_review_required,,,generated_rule_category_fallback_v1_6
Vulva,AJCC7,any,N,N2b,Regional lymph node category imported from staging table; site-specific definition requires manual review.,No strict table definition was extracted for this site/category. Cancer committee review required.,generic_fallback_v1_6_review_required,,,generated_rule_category_fallback_v1_6
Vulva,AJCC7,yp,N,N2b,Regional lymph node category imported from staging table; site-specific definition requires manual review.,No strict table definition was extracted for this site/category. Cancer committee review required.,generic_fallback_v1_6_review_required,,,generated_rule_category_fallback_v1_6
Vulva,AJCC7,any,N,N2c,Regional lymph node category imported from staging table; site-specific definition requires manual review.,No strict table definition was extracted for this site/category. Cancer committee review required.,generic_fallback_v1_6_review_required,,,generated_rule_category_fallback_v1_6
Vulva,AJCC7,yp,N,N2c,Regional lymph node category imported from staging table; site-specific definition requires manual review.,No strict table definition was extracted for this site/category. Cancer committee review required.,generic_fallback_v1_6_review_required,,,generated_rule_category_fallback_v1_6
Vulva,AJCC7,any,N,N3,Regional lymph node category imported from staging table; site-specific definition requires manual review.,No strict table definition was extracted for this site/category. Cancer committee review required.,generic_fallback_v1_6_review_required,,,generated_rule_category_fallback_v1_6
Vulva,AJCC7,yp,N,N3,Regional lymph node category imported from staging table; site-specific definition requires manual review.,No strict table definition was extracted for this site/category. Cancer committee review required.,generic_fallback_v1_6_review_required,,,generated_rule_category_fallback_v1_6
Vulva,AJCC7,any,M,M0,No distant metastasis; site-specific wording requires manual review.,No strict table definition was extracted for this site/category. Cancer committee review required.,generic_fallback_v1_6_review_required,,,generated_rule_category_fallback_v1_6
Vulva,AJCC7,yp,M,M0,No distant metastasis; site-specific wording requires manual review.,No strict table definition was extracted for this site/category. Cancer committee review required.,generic_fallback_v1_6_review_required,,,generated_rule_category_fallback_v1_6
Vulva,AJCC7,any,M,M1,Distant metastasis category imported from staging table; site-specific definition requires manual review.,No strict table definition was extracted for this site/category. Cancer committee review required.,generic_fallback_v1_6_review_required,,,generated_rule_category_fallback_v1_6
Vulva,AJCC7,yp,M,M1,Distant metastasis category imported from staging table; site-specific definition requires manual review.,No strict table definition was extracted for this site/category. Cancer committee review required.,generic_fallback_v1_6_review_required,,,generated_rule_category_fallback_v1_6
Vulva,AJCC7,any,M,MO,Distant metastasis category imported from staging table; site-specific definition requires manual review.,No strict table definition was extracted for this site/category. Cancer committee review required.,generic_fallback_v1_6_review_required,,,generated_rule_category_fallback_v1_6
Vulva,AJCC8,any,T,T1-T2,Primary tumor category imported from staging table; site-specific definition requires manual review.,No strict table definition was extracted for this site/category. Cancer committee review required.,generic_fallback_v1_6_review_required,,,generated_rule_category_fallback_v1_6
Vulva,AJCC8,any,N,N0,No regional lymph node metastasis,,strict_table_extracted_v1_6,170,Definition of Regional Lymph Node (N),strict_table_extraction_v1_6
Vulva,AJCC8,any,N,N0(i+),Isolated tumor cells in regional lymph node(s) no greater than 0.2 mm,,strict_table_extracted_v1_6,170,Definition of Regional Lymph Node (N),strict_table_extraction_v1_6
Vulva,AJCC8,any,N,N1,"III Regional lymph node metastasis with one or two lymph node metastases each less than 5 mm, or one lymph node metastasis greater than or equal to 5 mm",,strict_table_extracted_v1_6,170,Definition of Regional Lymph Node (N),strict_table_extraction_v1_6
Vulva,AJCC8,any,N,N1a,IIIA One or two lymph node metastases each less than 5 mm,,strict_table_extracted_v1_6,170,Definition of Regional Lymph Node (N),strict_table_extraction_v1_6
Vulva,AJCC8,any,N,N1b,IIIA One lymph node metastasis greater than or equal to 5 mm,,strict_table_extracted_v1_6,170,Definition of Regional Lymph Node (N),strict_table_extraction_v1_6
Vulva,AJCC8,any,N,N2,"Regional lymph node metastasis with three or more lymph node metastases each less than 5 mm, or two or more lymph node metastases greater than or equal to 5 mm, or lymph node(s) with extranodal extension",,strict_table_extracted_v1_6,170,Definition of Regional Lymph Node (N),strict_table_extraction_v1_6
Vulva,AJCC8,any,N,N2a,IIIB Three or more lymph node metastases each less than 5 mm,,strict_table_extracted_v1_6,170,Definition of Regional Lymph Node (N),strict_table_extraction_v1_6
Vulva,AJCC8,any,N,N2b,IIIB Two or more lymph node metastases greater than or equal to 5 mm,,strict_table_extracted_v1_6,170,Definition of Regional Lymph Node (N),strict_table_extraction_v1_6
Vulva,AJCC8,any,N,N2c,IIIC Lymph node(s) with extranodal extension,,strict_table_extracted_v1_6,170,Definition of Regional Lymph Node (N),strict_table_extraction_v1_6
Vulva,AJCC8,any,N,N3,"IVA Fixed or ulcerated regional lymph node metastasis *Includes micrometastasis, N1mi and N2mi. be recorded.",,strict_table_extracted_v1_6,170,Definition of Regional Lymph Node (N),strict_table_extraction_v1_6
Vulva,AJCC8,any,N,NX,Regional lymph nodes cannot be assessed,,strict_table_extracted_v1_6,170,Definition of Regional Lymph Node (N),strict_table_extraction_v1_6
Vulva,AJCC8,any,M,M0,No distant metastasis; site-specific wording requires manual review.,No strict table definition was extracted for this site/category. Cancer committee review required.,generic_fallback_v1_6_review_required,,,generated_rule_category_fallback_v1_6
Vulva,AJCC8,clinical,M,M0,No distant metastasis (no pathological M0; use clinical M to complete stage group),,strict_table_extracted_v1_6,170,Definition of Distant Metastasis (M),strict_table_extraction_v1_6
Vulva,AJCC8,clinical,M,M1,IVB Distant metastasis (including pelvic lymph node metastasis),,strict_table_extracted_v1_6,170,Definition of Distant Metastasis (M),strict_table_extraction_v1_6
